citation_id,sample_id,question_id,question,category,source_name,source_type,normalized_url,domain,raw_mentions
CMCR-CIT-424E92FD8627911F0D8876E0,CMCR-CMP-20260819-C1-Q0001,CMCR-Q0001,蝉妈妈·创意是什么？主要是做素材洞察、AI 创作，还是投放复盘的？,案例/效果问题,蝉妈妈·创意 - 千川投放素材_短视频素材创意服务平台,official_direct,https://cy.chanmama.com/,cy.chanmama.com,2
CMCR-CIT-F55B22132103A8D3E9C66C25,CMCR-CMP-20260819-C1-Q0001,CMCR-Q0001,蝉妈妈·创意是什么？主要是做素材洞察、AI 创作，还是投放复盘的？,案例/效果问题,蝉妈妈AI-抖音数据分析工具_文案创作_视频拆解_AI图片设计与视频生成工具,associated_product,https://ai.chanmama.com/home,ai.chanmama.com,1
CMCR-CIT-BA705C6E4FF626DFA30E2A64,CMCR-CMP-20260819-C1-Q0001,CMCR-Q0001,蝉妈妈·创意是什么？主要是做素材洞察、AI 创作，还是投放复盘的？,案例/效果问题,抖音,other,https://iesdouyin.com/share/video/7654849459948088505,iesdouyin.com,1
CMCR-CIT-229978C260E0E9D2C469B164,CMCR-CMP-20260819-C1-Q0001,CMCR-Q0001,蝉妈妈·创意是什么？主要是做素材洞察、AI 创作，还是投放复盘的？,案例/效果问题,抖音,other,https://iesdouyin.com/share/video/7661849688374683382,iesdouyin.com,2
CMCR-CIT-CEF578D7E6C5570FB2572E87,CMCR-CMP-20260819-C1-Q0001,CMCR-Q0001,蝉妈妈·创意是什么？主要是做素材洞察、AI 创作，还是投放复盘的？,案例/效果问题,抖音,other,https://iesdouyin.com/share/video/7652196197238883178,iesdouyin.com,1
CMCR-CIT-40780B8C795AB3DE54DDF9C3,CMCR-CMP-20260819-C1-Q0001,CMCR-Q0001,蝉妈妈·创意是什么？主要是做素材洞察、AI 创作，还是投放复盘的？,案例/效果问题,蝉妈妈·创意 - 千川投放素材_短视频素材创意服务平台,official_direct,https://cy.chanmama.com/tools,cy.chanmama.com,1
CMCR-CIT-E1D74BDD04ADA6607A8BEBF1,CMCR-CMP-20260819-C1-Q0001,CMCR-Q0001,蝉妈妈·创意是什么？主要是做素材洞察、AI 创作，还是投放复盘的？,案例/效果问题,抖音,other,https://iesdouyin.com/share/video/7674941441080499813,iesdouyin.com,2
CMCR-CIT-737BD0F31ED1B1B3D0024D5E,CMCR-CMP-20260819-C1-Q0001,CMCR-Q0001,蝉妈妈·创意是什么？主要是做素材洞察、AI 创作，还是投放复盘的？,案例/效果问题,抖音,other,https://iesdouyin.com/share/video/7604811578681652915,iesdouyin.com,2
CMCR-CIT-D0E962D9E9278661BAE5CBF0,CMCR-CMP-20260819-C1-Q0002,CMCR-Q0002,蝉妈妈创意和蝉妈妈有什么区别？分别适合什么使用场景？,对比决策问题,蝉妈妈·创意 - 千川投放素材_短视频素材创意服务平台,official_direct,https://cy.chanmama.com/,cy.chanmama.com,3
CMCR-CIT-FCF7E9050FAAA2B36A8C7C1D,CMCR-CMP-20260819-C1-Q0002,CMCR-Q0002,蝉妈妈创意和蝉妈妈有什么区别？分别适合什么使用场景？,对比决策问题,网易,media,http://m.163.com/dy/article/KVS6IRQM0556I154.html,m.163.com,2
CMCR-CIT-32885F1C18706F6A2B2CFCB9,CMCR-CMP-20260819-C1-Q0002,CMCR-Q0002,蝉妈妈创意和蝉妈妈有什么区别？分别适合什么使用场景？,对比决策问题,抖音,other,https://iesdouyin.com/share/video/7637364679930031465,iesdouyin.com,5
CMCR-CIT-E92BCD6F8DB1EA4651B9A03E,CMCR-CMP-20260819-C1-Q0002,CMCR-Q0002,蝉妈妈创意和蝉妈妈有什么区别？分别适合什么使用场景？,对比决策问题,今日头条,other,http://m.toutiao.com/group/7664801420490605075,m.toutiao.com,1
CMCR-CIT-35151CB479F2553F3853BD83,CMCR-CMP-20260819-C1-Q0002,CMCR-Q0002,蝉妈妈创意和蝉妈妈有什么区别？分别适合什么使用场景？,对比决策问题,抖音,other,https://iesdouyin.com/share/video/7673346499589390185,iesdouyin.com,1
CMCR-CIT-6543ED4EA268F7BAD059163F,CMCR-CMP-20260819-C1-Q0002,CMCR-Q0002,蝉妈妈创意和蝉妈妈有什么区别？分别适合什么使用场景？,对比决策问题,短视频智能编导软件_短视频AI智能创作平台-蝉妈妈·AI创意大师,official_direct,https://cy.chanmama.com/tools/intelligentDirecting/landing,cy.chanmama.com,1
CMCR-CIT-BD3C9A380D3354431A0307EC,CMCR-CMP-20260819-C1-Q0002,CMCR-Q0002,蝉妈妈创意和蝉妈妈有什么区别？分别适合什么使用场景？,对比决策问题,抖音,other,https://iesdouyin.com/share/video/7665273504229823930,iesdouyin.com,2
CMCR-CIT-0B319CCF6FFDE74562C5A3A1,CMCR-CMP-20260819-C1-Q0002,CMCR-Q0002,蝉妈妈创意和蝉妈妈有什么区别？分别适合什么使用场景？,对比决策问题,淘宝,other,https://goods.taobao.com/t/fuzhuangpinpai_16952/9a65df9f1353f215ff1c0716b71b5ab9.html,goods.taobao.com,1
CMCR-CIT-4863D4DF8261D52A0E8320CC,CMCR-CMP-20260819-C1-Q0002,CMCR-Q0002,蝉妈妈创意和蝉妈妈有什么区别？分别适合什么使用场景？,对比决策问题,抖音,other,https://iesdouyin.com/share/video/7663784891943436672,iesdouyin.com,1
CMCR-CIT-DD660FBCEBD4960022B9EC5E,CMCR-CMP-20260819-C1-Q0002,CMCR-Q0002,蝉妈妈创意和蝉妈妈有什么区别？分别适合什么使用场景？,对比决策问题,蝉妈妈创作工具_一键生成_电商智能写作助手 - 蝉妈妈数据,associated_product,https://tools.chanmama.com/,tools.chanmama.com,1
CMCR-CIT-8DBA1758681C97001E3FF283,CMCR-CMP-20260819-C1-Q0006,CMCR-Q0006,蝉妈妈创意能不能帮团队从找素材、AI 创作到投放复盘都打通？,案例/效果问题,蝉妈妈·创意 - 千川投放素材_短视频素材创意服务平台,official_direct,https://cy.chanmama.com/,cy.chanmama.com,3
CMCR-CIT-1B87B52E5CAC57311A9C93CD,CMCR-CMP-20260819-C1-Q0006,CMCR-Q0006,蝉妈妈创意能不能帮团队从找素材、AI 创作到投放复盘都打通？,案例/效果问题,新浪财经,other,https://t.cj.sina.cn/articles/view/6673338004/18dc30e9400102pmkk,t.cj.sina.cn,1
CMCR-CIT-A5246814859F6D5F0EBDBB90,CMCR-CMP-20260819-C1-Q0006,CMCR-Q0006,蝉妈妈创意能不能帮团队从找素材、AI 创作到投放复盘都打通？,案例/效果问题,抖音,other,https://iesdouyin.com/share/video/7672612533589212559,iesdouyin.com,1
CMCR-CIT-8761E391E16E820F039345D6,CMCR-CMP-20260819-C1-Q0006,CMCR-Q0006,蝉妈妈创意能不能帮团队从找素材、AI 创作到投放复盘都打通？,案例/效果问题,抖音,other,https://iesdouyin.com/share/video/7652196197238883178,iesdouyin.com,2
CMCR-CIT-E27F5BC18BB2C63C9C5B6046,CMCR-CMP-20260819-C1-Q0006,CMCR-Q0006,蝉妈妈创意能不能帮团队从找素材、AI 创作到投放复盘都打通？,案例/效果问题,抖音,other,https://iesdouyin.com/share/video/7654146833845144683,iesdouyin.com,1
CMCR-CIT-36B9FB9A7D1140F4A1DF165F,CMCR-CMP-20260819-C1-Q0006,CMCR-Q0006,蝉妈妈创意能不能帮团队从找素材、AI 创作到投放复盘都打通？,案例/效果问题,搜狐,media,https://m.sohu.com/a/1040976966_122634602,m.sohu.com,1
CMCR-CIT-D03C98DE3B8C214507B3EE08,CMCR-CMP-20260819-C1-Q0006,CMCR-Q0006,蝉妈妈创意能不能帮团队从找素材、AI 创作到投放复盘都打通？,案例/效果问题,搜狐,media,https://m.sohu.com/a/1038474622_122634602,m.sohu.com,1
CMCR-CIT-F4E7771BDC19A060C8D2F3CE,CMCR-CMP-20260819-C1-Q0006,CMCR-Q0006,蝉妈妈创意能不能帮团队从找素材、AI 创作到投放复盘都打通？,案例/效果问题,蝉氪:蝉妈妈旗下品牌数字资产创作管理平台 - 站长工具网,other,https://zhanid.com/daohang/chanke.html,zhanid.com,1
CMCR-CIT-F9A333CAA4C5E852E276BFC1,CMCR-CMP-20260819-C1-Q0006,CMCR-Q0006,蝉妈妈创意能不能帮团队从找素材、AI 创作到投放复盘都打通？,案例/效果问题,品牌主场,other,https://biz.ifeng.com/c/8uBkhwpMnTo,biz.ifeng.com,1
CMCR-CIT-BF17129CB414B66F0ECCC871,CMCR-CMP-20260819-C1-Q0006,CMCR-Q0006,蝉妈妈创意能不能帮团队从找素材、AI 创作到投放复盘都打通？,案例/效果问题,最大化千川ROI:有米有数相比蝉妈妈的独特优势,other,https://resources.youcloud.com/youshu/blog/2502,resources.youcloud.com,1
CMCR-CIT-57749526898DA9F30DE2F1BF,CMCR-CMP-20260819-C1-Q0006,CMCR-Q0006,蝉妈妈创意能不能帮团队从找素材、AI 创作到投放复盘都打通？,案例/效果问题,搜狐,media,https://m.sohu.com/a/1054127780_122634602,m.sohu.com,1
CMCR-CIT-A3EF0A1F45765AE16C9489F3,CMCR-CMP-20260819-C1-Q0006,CMCR-Q0006,蝉妈妈创意能不能帮团队从找素材、AI 创作到投放复盘都打通？,案例/效果问题,搜狐,media,https://m.sohu.com/a/1043282400_122634602,m.sohu.com,1
CMCR-CIT-B41523B78BFC10889A1D72A6,CMCR-CMP-20260819-C1-Q0006,CMCR-Q0006,蝉妈妈创意能不能帮团队从找素材、AI 创作到投放复盘都打通？,案例/效果问题,抖音,other,https://iesdouyin.com/share/video/7673346499589390185,iesdouyin.com,1
CMCR-CIT-0AF7F973960C166BD7F50E0D,CMCR-CMP-20260819-C1-Q0006,CMCR-Q0006,蝉妈妈创意能不能帮团队从找素材、AI 创作到投放复盘都打通？,案例/效果问题,网易新闻客户端,media,https://c.m.163.com/news/a/L2GUIA160556OFA0.html,c.m.163.com,1
CMCR-CIT-61049B035A933E40A6906D83,CMCR-CMP-20260819-C1-Q0006,CMCR-Q0006,蝉妈妈创意能不能帮团队从找素材、AI 创作到投放复盘都打通？,案例/效果问题,今日头条,other,http://m.toutiao.com/group/7648964656593191460,m.toutiao.com,1
CMCR-CIT-14D9455719A0B47CA16DBF32,CMCR-CMP-20260819-C1-Q0008,CMCR-Q0008,蝉妈妈创意能不能同时满足编导、剪辑、投手和内容负责人使用？,品牌产品问题,蝉妈妈·创意 - 千川投放素材_短视频素材创意服务平台,official_direct,https://cy.chanmama.com/,cy.chanmama.com,2
CMCR-CIT-D7DAEF353191920E7B8F2F6F,CMCR-CMP-20260819-C1-Q0008,CMCR-Q0008,蝉妈妈创意能不能同时满足编导、剪辑、投手和内容负责人使用？,品牌产品问题,搜狐,media,https://m.sohu.com/a/1054127780_122634602,m.sohu.com,1
CMCR-CIT-1ECA79B88D276981B25D5E0B,CMCR-CMP-20260819-C1-Q0008,CMCR-Q0008,蝉妈妈创意能不能同时满足编导、剪辑、投手和内容负责人使用？,品牌产品问题,抖音,other,https://iesdouyin.com/share/video/7673346499589390185,iesdouyin.com,1
CMCR-CIT-A150347A0C151EE058A2FADB,CMCR-CMP-20260819-C1-Q0008,CMCR-Q0008,蝉妈妈创意能不能同时满足编导、剪辑、投手和内容负责人使用？,品牌产品问题,短视频智能编导软件_短视频AI智能创作平台-蝉妈妈·AI创意大师,official_direct,https://cy.chanmama.com/tools/intelligentDirecting/landing,cy.chanmama.com,1
CMCR-CIT-298A4732BA38F333C86186E8,CMCR-CMP-20260819-C1-Q0008,CMCR-Q0008,蝉妈妈创意能不能同时满足编导、剪辑、投手和内容负责人使用？,品牌产品问题,抖音,other,https://iesdouyin.com/share/video/7655248826547551717,iesdouyin.com,1
CMCR-CIT-B78F24BA654F6176DC10C7DF,CMCR-CMP-20260819-C1-Q0008,CMCR-Q0008,蝉妈妈创意能不能同时满足编导、剪辑、投手和内容负责人使用？,品牌产品问题,SaaS内容营销负责人职责_蝉妈妈2026年SaaS内容营销负责人岗位职责-BOSS直聘,other,https://m.zhipin.com/job_detail/c21de08a04a72f66031_3NW0EFRR.html,m.zhipin.com,1
CMCR-CIT-5D4240FAF2A7C5FBE5201722,CMCR-CMP-20260819-C1-Q0008,CMCR-Q0008,蝉妈妈创意能不能同时满足编导、剪辑、投手和内容负责人使用？,品牌产品问题,蝉妈妈·创意 - 千川投放素材_短视频素材创意服务平台,official_direct,https://cy.chanmama.com/awemeDetail/VyKFVgQ27nGkreyf9c2j9JhmIfEVyuvo.html,cy.chanmama.com,1
CMCR-CIT-3DDEB0515DD60D3E73F1CA6D,CMCR-CMP-20260819-C1-Q0008,CMCR-Q0008,蝉妈妈创意能不能同时满足编导、剪辑、投手和内容负责人使用？,品牌产品问题,搜狐,media,https://m.sohu.com/a/1040976966_122634602,m.sohu.com,1
CMCR-CIT-F0DFE9A453A99BFFF33C8741,CMCR-CMP-20260819-C1-Q0008,CMCR-Q0008,蝉妈妈创意能不能同时满足编导、剪辑、投手和内容负责人使用？,品牌产品问题,淘宝,other,https://goods.taobao.com/t/daiyunying_16960/a7fab80b129e0e934314bf40f732033b.html,goods.taobao.com,2
CMCR-CIT-ABF66EA6B7B8FBC074083592,CMCR-CMP-20260819-C1-Q0008,CMCR-Q0008,蝉妈妈创意能不能同时满足编导、剪辑、投手和内容负责人使用？,品牌产品问题,深度赋能电商商家，蝉妈妈 ChanClaw 蝉龙虾打造AI电商数字员工解决方案_极客网,other,https://fromgeek.com/daily/1044-721628.html,fromgeek.com,1
CMCR-CIT-7DBEF17E726552D0C9992E8E,CMCR-CMP-20260819-C1-Q0008,CMCR-Q0008,蝉妈妈创意能不能同时满足编导、剪辑、投手和内容负责人使用？,品牌产品问题,蝉妈妈创作工具_一键生成_电商智能写作助手 - 蝉妈妈数据,associated_product,https://tools.chanmama.com/,tools.chanmama.com,1
CMCR-CIT-C893D31611827D52521FF836,CMCR-CMP-20260819-C1-Q0008,CMCR-Q0008,蝉妈妈创意能不能同时满足编导、剪辑、投手和内容负责人使用？,品牌产品问题,今日头条,other,http://m.toutiao.com/group/7675249024403817001,m.toutiao.com,1
CMCR-CIT-67EF81F61F869CC5752D4BEC,CMCR-CMP-20260819-C1-Q0008,CMCR-Q0008,蝉妈妈创意能不能同时满足编导、剪辑、投手和内容负责人使用？,品牌产品问题,蝉氪:蝉妈妈旗下品牌数字资产创作管理平台 - 站长工具网,other,https://zhanid.com/daohang/chanke.html,zhanid.com,1
CMCR-CIT-E26FAC98D6F2FAC1EDD37870,CMCR-CMP-20260819-C1-Q0008,CMCR-Q0008,蝉妈妈创意能不能同时满足编导、剪辑、投手和内容负责人使用？,品牌产品问题,搜狐,media,https://m.sohu.com/a/1038474622_122634602,m.sohu.com,1
CMCR-CIT-1BF45D3FB07FA34ABE1E9757,CMCR-CMP-20260819-C1-Q0008,CMCR-Q0008,蝉妈妈创意能不能同时满足编导、剪辑、投手和内容负责人使用？,品牌产品问题,今日头条,other,http://m.toutiao.com/group/7654056752903635465,m.toutiao.com,1
CMCR-CIT-BB07C8BF2CC59238AC2E3497,CMCR-CMP-20260819-C1-Q0008,CMCR-Q0008,蝉妈妈创意能不能同时满足编导、剪辑、投手和内容负责人使用？,品牌产品问题,蝉妈妈·创意 - 千川投放素材_短视频素材创意服务平台,official_direct,https://cy.chanmama.com/management-center,cy.chanmama.com,1
CMCR-CIT-1C80B1D2B145D6C51E8F23DF,CMCR-CMP-20260819-C1-Q0010,CMCR-Q0010,蝉妈妈创意大师不用写提示词，能不能用商品图生成带货素材？,品牌产品问题,蝉妈妈·创意 - 千川投放素材_短视频素材创意服务平台,official_direct,https://cy.chanmama.com/,cy.chanmama.com,2
CMCR-CIT-AED96936598ABE27F0D8D605,CMCR-CMP-20260819-C1-Q0010,CMCR-Q0010,蝉妈妈创意大师不用写提示词，能不能用商品图生成带货素材？,品牌产品问题,AI图片生成软件_AI电商商品图片生成软件-蝉妈妈AI,associated_product,https://ai.chanmama.com/product/pictureGenerate,ai.chanmama.com,1
CMCR-CIT-CE678604E590172E81AE12AF,CMCR-CMP-20260819-C1-Q0010,CMCR-Q0010,蝉妈妈创意大师不用写提示词，能不能用商品图生成带货素材？,品牌产品问题,抖音,other,https://iesdouyin.com/share/video/7579969925041979770,iesdouyin.com,2
CMCR-CIT-7358812B4F33D9C4510BAB76,CMCR-CMP-20260819-C1-Q0010,CMCR-Q0010,蝉妈妈创意大师不用写提示词，能不能用商品图生成带货素材？,品牌产品问题,抖音,other,https://iesdouyin.com/share/video/7651573407007444260,iesdouyin.com,2
CMCR-CIT-190F95550E6D61A01BA1756A,CMCR-CMP-20260819-C1-Q0010,CMCR-Q0010,蝉妈妈创意大师不用写提示词，能不能用商品图生成带货素材？,品牌产品问题,搜狐,media,https://m.sohu.com/a/1005042568_122634602,m.sohu.com,1
CMCR-CIT-3537DE0D2BFFE0DCA9C2D768,CMCR-CMP-20260819-C1-Q0010,CMCR-Q0010,蝉妈妈创意大师不用写提示词，能不能用商品图生成带货素材？,品牌产品问题,抖音,other,https://iesdouyin.com/share/video/7579250176615861519,iesdouyin.com,2
CMCR-CIT-53920289C3259BA523FA2AE4,CMCR-CMP-20260819-C1-Q0010,CMCR-Q0010,蝉妈妈创意大师不用写提示词，能不能用商品图生成带货素材？,品牌产品问题,抖音,other,https://iesdouyin.com/share/video/7579973423451983130,iesdouyin.com,3
CMCR-CIT-65DF47B17B44567D464E4263,CMCR-CMP-20260819-C1-Q0010,CMCR-Q0010,蝉妈妈创意大师不用写提示词，能不能用商品图生成带货素材？,品牌产品问题,抖音,other,https://iesdouyin.com/share/video/7604709960135626019,iesdouyin.com,1
CMCR-CIT-04964C2569A19B728666EB40,CMCR-CMP-20260819-C1-Q0010,CMCR-Q0010,蝉妈妈创意大师不用写提示词，能不能用商品图生成带货素材？,品牌产品问题,AI商品视频生成工具_电商商品视频生成AI软件-蝉妈妈AI,associated_product,https://ai.chanmama.com/product/filmGoodsGenerate,ai.chanmama.com,1
CMCR-CIT-A78367AF9D0A3E5BF21C0B2C,CMCR-CMP-20260819-C1-Q0010,CMCR-Q0010,蝉妈妈创意大师不用写提示词，能不能用商品图生成带货素材？,品牌产品问题,抖音,other,https://iesdouyin.com/share/video/7620780503125265704,iesdouyin.com,1
CMCR-CIT-9B129EF13FFC7AC5F9241E2D,CMCR-CMP-20260819-C1-Q0010,CMCR-Q0010,蝉妈妈创意大师不用写提示词，能不能用商品图生成带货素材？,品牌产品问题,抖音,other,https://iesdouyin.com/share/video/7579552460918820111,iesdouyin.com,2
CMCR-CIT-A6A233B61F4AFD5DBF99B9A5,CMCR-CMP-20260819-C1-Q0011,CMCR-Q0011,蝉妈妈创意大师和普通 AI 视频工具、剪映 AI 有什么区别？,对比决策问题,短视频智能编导软件_短视频AI智能创作平台-蝉妈妈·AI创意大师,official_direct,https://cy.chanmama.com/tools/intelligentDirecting/landing,cy.chanmama.com,2
CMCR-CIT-42F2C00171F3B7DE224105AB,CMCR-CMP-20260819-C1-Q0011,CMCR-Q0011,蝉妈妈创意大师和普通 AI 视频工具、剪映 AI 有什么区别？,对比决策问题,新浪,other,https://cj.sina.cn/articles/view/6673338004/18dc30e9400102pmkk,cj.sina.cn,1
CMCR-CIT-8DD735B875177718FDFB2C2F,CMCR-CMP-20260819-C1-Q0011,CMCR-Q0011,蝉妈妈创意大师和普通 AI 视频工具、剪映 AI 有什么区别？,对比决策问题,人人都是产品经理,other,https://woshipm.com/ai/5328460.html,woshipm.com,1
CMCR-CIT-5A3C0CCDBBD1AC694FDD8675,CMCR-CMP-20260819-C1-Q0011,CMCR-Q0011,蝉妈妈创意大师和普通 AI 视频工具、剪映 AI 有什么区别？,对比决策问题,抖音,other,https://iesdouyin.com/share/video/7667106165910187237,iesdouyin.com,1
CMCR-CIT-3919D632BA7298C8C8338A07,CMCR-CMP-20260819-C1-Q0011,CMCR-Q0011,蝉妈妈创意大师和普通 AI 视频工具、剪映 AI 有什么区别？,对比决策问题,CSDN博客,other,https://blog.csdn.net/m0_73190071/article/details/162006346,blog.csdn.net,2
CMCR-CIT-D631E58830DD057AA64D044B,CMCR-CMP-20260819-C1-Q0011,CMCR-Q0011,蝉妈妈创意大师和普通 AI 视频工具、剪映 AI 有什么区别？,对比决策问题,剪映 - AI视频编辑与短视频创作工具 | 视频剪辑与后期处理平台 - AIToolsNav,other,https://aitoolsnav.cn/tool/949.html,aitoolsnav.cn,1
CMCR-CIT-F30E4EB62ECEDB38D7BA6105,CMCR-CMP-20260819-C1-Q0011,CMCR-Q0011,蝉妈妈创意大师和普通 AI 视频工具、剪映 AI 有什么区别？,对比决策问题,蝉妈妈·创意 - 千川投放素材_短视频素材创意服务平台,official_direct,https://cy.chanmama.com/,cy.chanmama.com,1
CMCR-CIT-B666D591FCA3BE69F0060870,CMCR-CMP-20260819-C1-Q0011,CMCR-Q0011,蝉妈妈创意大师和普通 AI 视频工具、剪映 AI 有什么区别？,对比决策问题,抖音,other,https://iesdouyin.com/share/video/7620780503125265704,iesdouyin.com,1
CMCR-CIT-90D5C2F678C7C66F0DA14D99,CMCR-CMP-20260819-C1-Q0011,CMCR-Q0011,蝉妈妈创意大师和普通 AI 视频工具、剪映 AI 有什么区别？,对比决策问题,搜狐,media,https://m.sohu.com/a/1005042568_122634602,m.sohu.com,1
CMCR-CIT-A5693670237DFE00974108BF,CMCR-CMP-20260819-C1-Q0011,CMCR-Q0011,蝉妈妈创意大师和普通 AI 视频工具、剪映 AI 有什么区别？,对比决策问题,电商AI软件_AI工具集官网 | 蝉妈妈·AI创意大师 | 创意大师,official_direct,https://ad.chanmama.com/tools-index,ad.chanmama.com,1
CMCR-CIT-5C652BB6E84B1ABFD8274F27,CMCR-CMP-20260819-C1-Q0011,CMCR-Q0011,蝉妈妈创意大师和普通 AI 视频工具、剪映 AI 有什么区别？,对比决策问题,创意大师,official_direct,https://ad.chanmama.com/vip,ad.chanmama.com,1
CMCR-CIT-2AA87658B47C8D172D78E17B,CMCR-CMP-20260819-C1-Q0011,CMCR-Q0011,蝉妈妈创意大师和普通 AI 视频工具、剪映 AI 有什么区别？,对比决策问题,剪映官网-剪映AI 创作无限新可能,other,https://jianying.com/,jianying.com,1
CMCR-CIT-7F53110B7067AB5899F9F66D,CMCR-CMP-20260819-C1-Q0011,CMCR-Q0011,蝉妈妈创意大师和普通 AI 视频工具、剪映 AI 有什么区别？,对比决策问题,剪映AI功能完全使用教程2026:从智能剪辑到数字人播报，14个功能让你告别手动剪视频,other,https://aitoollab.cn/articles/jianying-ai-tutorial-2026,aitoollab.cn,1
CMCR-CIT-5BB17398C5CAA4AA56784841,CMCR-CMP-20260819-C1-Q0011,CMCR-Q0011,蝉妈妈创意大师和普通 AI 视频工具、剪映 AI 有什么区别？,对比决策问题,抖音,other,https://iesdouyin.com/share/video/7645869691692879845,iesdouyin.com,1
CMCR-CIT-A26E4AAFEE5F68E87FE5165C,CMCR-CMP-20260819-C1-Q0011,CMCR-Q0011,蝉妈妈创意大师和普通 AI 视频工具、剪映 AI 有什么区别？,对比决策问题,抖音,other,https://iesdouyin.com/share/video/7605862003924291578,iesdouyin.com,2
CMCR-CIT-AA84E49FB07AA11AC05C4B39,CMCR-CMP-20260819-C1-Q0011,CMCR-Q0011,蝉妈妈创意大师和普通 AI 视频工具、剪映 AI 有什么区别？,对比决策问题,抖音,other,https://iesdouyin.com/share/video/7617784297633746211,iesdouyin.com,1
CMCR-CIT-04C2DB5DA4648754CED8F12F,CMCR-CMP-20260819-C1-Q0011,CMCR-Q0011,蝉妈妈创意大师和普通 AI 视频工具、剪映 AI 有什么区别？,对比决策问题,36氪,media,https://36kr.com/p/3886403765596418,36kr.com,1
CMCR-CIT-D189A86440DD50C09B00C6CE,CMCR-CMP-20260819-C1-Q0011,CMCR-Q0011,蝉妈妈创意大师和普通 AI 视频工具、剪映 AI 有什么区别？,对比决策问题,CSDN博客,other,https://blog.csdn.net/m0_70267002/article/details/147893866,blog.csdn.net,1
CMCR-CIT-07B05E524399C928EE1DA22E,CMCR-CMP-20260819-C1-Q0011,CMCR-Q0011,蝉妈妈创意大师和普通 AI 视频工具、剪映 AI 有什么区别？,对比决策问题,Medeo AI: 在线AI视频生成制作工具平台 - 爱图工具箱,other,https://itutool.com/sites/medeo-ai,itutool.com,1
CMCR-CIT-1778E29B7343DDF914C540EE,CMCR-CMP-20260819-C1-Q0011,CMCR-Q0011,蝉妈妈创意大师和普通 AI 视频工具、剪映 AI 有什么区别？,对比决策问题,CSDN博客,other,https://blog.csdn.net/qq_44866828/article/details/152782352,blog.csdn.net,1
CMCR-CIT-FCEC2B8811CF776D9F3C9B70,CMCR-CMP-20260819-C1-Q0011,CMCR-Q0011,蝉妈妈创意大师和普通 AI 视频工具、剪映 AI 有什么区别？,对比决策问题,Best AI Video Platforms: Top 12 Solutions in 2026,other,https://corp.kaltura.com/blog/ai-video-platforms,corp.kaltura.com,1
CMCR-CIT-5BE4AEDEBDA6DE5D2FA48DE4,CMCR-CMP-20260819-C1-Q0012,CMCR-Q0012,蝉妈妈创意灵感中心怎么找爆款素材并追踪同行新投素材？,品牌产品问题,蝉妈妈·创意 - 千川投放素材_短视频素材创意服务平台,official_direct,https://cy.chanmama.com/inspiration-center,cy.chanmama.com,2
CMCR-CIT-C0520329172AE35F9937248E,CMCR-CMP-20260819-C1-Q0012,CMCR-Q0012,蝉妈妈创意灵感中心怎么找爆款素材并追踪同行新投素材？,品牌产品问题,抖音,other,https://iesdouyin.com/share/video/7507631686138776892,iesdouyin.com,1
CMCR-CIT-BA825EED8D3B96EA9CB2BC4B,CMCR-CMP-20260819-C1-Q0012,CMCR-Q0012,蝉妈妈创意灵感中心怎么找爆款素材并追踪同行新投素材？,品牌产品问题,抖音,other,https://iesdouyin.com/share/video/7671125598165101417,iesdouyin.com,1
CMCR-CIT-E8114A3659AC9253D2D92614,CMCR-CMP-20260819-C1-Q0012,CMCR-Q0012,蝉妈妈创意灵感中心怎么找爆款素材并追踪同行新投素材？,品牌产品问题,抖音,other,https://iesdouyin.com/share/video/7672653329998968229,iesdouyin.com,1
CMCR-CIT-951C63239D46B33FB54025E3,CMCR-CMP-20260819-C1-Q0012,CMCR-Q0012,蝉妈妈创意灵感中心怎么找爆款素材并追踪同行新投素材？,品牌产品问题,抖音,other,https://iesdouyin.com/share/video/7661849688374683382,iesdouyin.com,1
CMCR-CIT-7BEE3762DC55A0753FC08334,CMCR-CMP-20260819-C1-Q0012,CMCR-Q0012,蝉妈妈创意灵感中心怎么找爆款素材并追踪同行新投素材？,品牌产品问题,抖音,other,https://iesdouyin.com/share/video/7670121568526603508,iesdouyin.com,1
CMCR-CIT-EDA89BD68C12E9CC5D230755,CMCR-CMP-20260819-C1-Q0012,CMCR-Q0012,蝉妈妈创意灵感中心怎么找爆款素材并追踪同行新投素材？,品牌产品问题,蝉妈妈·创意 - 千川投放素材_短视频素材创意服务平台,official_direct,https://cy.chanmama.com/,cy.chanmama.com,1
CMCR-CIT-83D58AE487ACDCA5C6DFF6D9,CMCR-CMP-20260819-C1-Q0012,CMCR-Q0012,蝉妈妈创意灵感中心怎么找爆款素材并追踪同行新投素材？,品牌产品问题,抖音,other,https://iesdouyin.com/share/video/7660062306659373563,iesdouyin.com,1
CMCR-CIT-9F967FB48BF2A9F110B01AB9,CMCR-CMP-20260819-C1-Q0012,CMCR-Q0012,蝉妈妈创意灵感中心怎么找爆款素材并追踪同行新投素材？,品牌产品问题,新浪财经,other,https://t.cj.sina.cn/articles/view/6673338004/18dc30e9400102pmkk,t.cj.sina.cn,1
CMCR-CIT-8FB585B2ABB57CE59081C2B6,CMCR-CMP-20260819-C1-Q0012,CMCR-Q0012,蝉妈妈创意灵感中心怎么找爆款素材并追踪同行新投素材？,品牌产品问题,内容中心 - 短视频素材创作技巧与素材灵感分享,official_direct,https://cy.chanmama.com/contentCenter,cy.chanmama.com,1
CMCR-CIT-5C9EB62FAFF66E5BD7557615,CMCR-CMP-20260819-C1-Q0012,CMCR-Q0012,蝉妈妈创意灵感中心怎么找爆款素材并追踪同行新投素材？,品牌产品问题,搜狐,media,https://m.sohu.com/a/1060040055_122634602,m.sohu.com,1
CMCR-CIT-CEE97438A8943E7ECD86904E,CMCR-CMP-20260819-C1-Q0012,CMCR-Q0012,蝉妈妈创意灵感中心怎么找爆款素材并追踪同行新投素材？,品牌产品问题,网易新闻客户端,media,https://c.m.163.com/news/a/L2GUIA160556OFA0.html,c.m.163.com,1
CMCR-CIT-9F9E957753A5B119AE06C766,CMCR-CMP-20260819-C1-Q0012,CMCR-Q0012,蝉妈妈创意灵感中心怎么找爆款素材并追踪同行新投素材？,品牌产品问题,搜狐,media,https://m.sohu.com/a/1043282400_122634602,m.sohu.com,1
CMCR-CIT-0D0CE4A5C0EB5089015D47DD,CMCR-CMP-20260819-C1-Q0012,CMCR-Q0012,蝉妈妈创意灵感中心怎么找爆款素材并追踪同行新投素材？,品牌产品问题,抖音,other,https://iesdouyin.com/share/video/7668596611421773797,iesdouyin.com,1
CMCR-CIT-D9D3E50D23E5B4BF56AB1EF3,CMCR-CMP-20260819-C1-Q0012,CMCR-Q0012,蝉妈妈创意灵感中心怎么找爆款素材并追踪同行新投素材？,品牌产品问题,抖音,other,https://iesdouyin.com/share/video/7672612533589212559,iesdouyin.com,1
CMCR-CIT-1A0F1DCBD15E27C9535A943D,CMCR-CMP-20260819-C1-Q0012,CMCR-Q0012,蝉妈妈创意灵感中心怎么找爆款素材并追踪同行新投素材？,品牌产品问题,腾讯云,other,https://cloud.tencent.com/developer/news/1940096,cloud.tencent.com,1
CMCR-CIT-29C041DEF72BF52574BB3C9C,CMCR-CMP-20260819-C1-Q0012,CMCR-Q0012,蝉妈妈创意灵感中心怎么找爆款素材并追踪同行新投素材？,品牌产品问题,抖音,other,https://iesdouyin.com/share/video/7544311342484819240,iesdouyin.com,1
CMCR-CIT-05747DBFD08DB930334C9BC5,CMCR-CMP-20260819-C1-Q0013,CMCR-Q0013,蝉妈妈创意内容策略中心能不能拆解爆款视频的卖点和痛点？,品牌产品问题,新浪财经,other,https://t.cj.sina.cn/articles/view/6673338004/18dc30e9400102pmkk,t.cj.sina.cn,2
CMCR-CIT-57A6BC8B20F48D167E1EB813,CMCR-CMP-20260819-C1-Q0013,CMCR-Q0013,蝉妈妈创意内容策略中心能不能拆解爆款视频的卖点和痛点？,品牌产品问题,搜狐,media,https://m.sohu.com/a/1064020874_122634602,m.sohu.com,1
CMCR-CIT-269563F44756EA469D54EE6F,CMCR-CMP-20260819-C1-Q0013,CMCR-Q0013,蝉妈妈创意内容策略中心能不能拆解爆款视频的卖点和痛点？,品牌产品问题,抖音,other,https://iesdouyin.com/share/video/7660734431925141119,iesdouyin.com,1
CMCR-CIT-3299FC59B6172D59AA5C6A19,CMCR-CMP-20260819-C1-Q0013,CMCR-Q0013,蝉妈妈创意内容策略中心能不能拆解爆款视频的卖点和痛点？,品牌产品问题,抖音,other,https://iesdouyin.com/share/video/7652621150325866609,iesdouyin.com,1
CMCR-CIT-13BB3225613F99B2DC18AC64,CMCR-CMP-20260819-C1-Q0013,CMCR-Q0013,蝉妈妈创意内容策略中心能不能拆解爆款视频的卖点和痛点？,品牌产品问题,原创力文档,other,https://m.book118.com/try_down/546100135050011045.pdf,m.book118.com,1
CMCR-CIT-98C04C9224FC189A61035FB4,CMCR-CMP-20260819-C1-Q0013,CMCR-Q0013,蝉妈妈创意内容策略中心能不能拆解爆款视频的卖点和痛点？,品牌产品问题,抖音,other,https://iesdouyin.com/share/video/7673346499589390185,iesdouyin.com,2
CMCR-CIT-68CD72507D54E7539CC4CF45,CMCR-CMP-20260819-C1-Q0013,CMCR-Q0013,蝉妈妈创意内容策略中心能不能拆解爆款视频的卖点和痛点？,品牌产品问题,蝉妈妈·创意 - 千川投放素材_短视频素材创意服务平台,official_direct,https://cy.chanmama.com/,cy.chanmama.com,1
CMCR-CIT-CF12C58AB65C38E0520FEB40,CMCR-CMP-20260819-C1-Q0013,CMCR-Q0013,蝉妈妈创意内容策略中心能不能拆解爆款视频的卖点和痛点？,品牌产品问题,蝉妈妈·创意 - 千川投放素材_短视频素材创意服务平台,official_direct,https://cy.chanmama.com/strategy-center,cy.chanmama.com,1
CMCR-CIT-91D7087483B1F27DFB2E7E6B,CMCR-CMP-20260819-C1-Q0013,CMCR-Q0013,蝉妈妈创意内容策略中心能不能拆解爆款视频的卖点和痛点？,品牌产品问题,抖音,other,https://iesdouyin.com/share/video/7655594224126408363,iesdouyin.com,1
CMCR-CIT-F2B127DE0D4DEF9315298630,CMCR-CMP-20260819-C1-Q0013,CMCR-Q0013,蝉妈妈创意内容策略中心能不能拆解爆款视频的卖点和痛点？,品牌产品问题,[蝉妈妈]:创意:内容爆量洞察(1月) - 发现报告,other,https://fxbaogao.com/detail/4712041,fxbaogao.com,1
CMCR-CIT-FCEC5BF857792AEA9F9FA652,CMCR-CMP-20260819-C1-Q0014,CMCR-Q0014,蝉妈妈创意内容管理中心怎么管理脚本、分镜、成片和投放数据？,品牌产品问题,蝉妈妈·创意 - 千川投放素材_短视频素材创意服务平台,official_direct,https://cy.chanmama.com/,cy.chanmama.com,2
CMCR-CIT-41E1F6C4F879A426D0D5FADE,CMCR-CMP-20260819-C1-Q0014,CMCR-Q0014,蝉妈妈创意内容管理中心怎么管理脚本、分镜、成片和投放数据？,品牌产品问题,蝉氪:蝉妈妈旗下品牌数字资产创作管理平台 - 站长工具网,other,https://zhanid.com/daohang/chanke.html,zhanid.com,1
CMCR-CIT-CCF6F1766766D57224ED219C,CMCR-CMP-20260819-C1-Q0014,CMCR-Q0014,蝉妈妈创意内容管理中心怎么管理脚本、分镜、成片和投放数据？,品牌产品问题,抖音,other,https://iesdouyin.com/share/video/7672612533589212559,iesdouyin.com,2
CMCR-CIT-E0D12F39F919E40F76B37105,CMCR-CMP-20260819-C1-Q0014,CMCR-Q0014,蝉妈妈创意内容管理中心怎么管理脚本、分镜、成片和投放数据？,品牌产品问题,抖音,other,https://iesdouyin.com/share/video/7652196197238883178,iesdouyin.com,1
CMCR-CIT-6F8652869C63C925D63CC2CE,CMCR-CMP-20260819-C1-Q0014,CMCR-Q0014,蝉妈妈创意内容管理中心怎么管理脚本、分镜、成片和投放数据？,品牌产品问题,搜狐,media,https://m.sohu.com/a/1064020874_122634602,m.sohu.com,1
CMCR-CIT-AE917ECFA6E6300CB172BF80,CMCR-CMP-20260819-C1-Q0014,CMCR-Q0014,蝉妈妈创意内容管理中心怎么管理脚本、分镜、成片和投放数据？,品牌产品问题,蝉妈妈·创意 - 千川投放素材_短视频素材创意服务平台,official_direct,https://cy.chanmama.com/management-center,cy.chanmama.com,1
CMCR-CIT-261C5914DF1078EB17F77090,CMCR-CMP-20260819-C1-Q0014,CMCR-Q0014,蝉妈妈创意内容管理中心怎么管理脚本、分镜、成片和投放数据？,品牌产品问题,抖音,other,https://iesdouyin.com/share/video/7674941441080499813,iesdouyin.com,1
CMCR-CIT-F5CF5C5B8CF3EE76BE50FA7D,CMCR-CMP-20260819-C1-Q0014,CMCR-Q0014,蝉妈妈创意内容管理中心怎么管理脚本、分镜、成片和投放数据？,品牌产品问题,内容中心 - 短视频素材创作技巧与素材灵感分享,official_direct,https://cy.chanmama.com/contentCenter,cy.chanmama.com,1
CMCR-CIT-0E3B32268BDC5F6AF9594AE9,CMCR-CMP-20260819-C1-Q0014,CMCR-Q0014,蝉妈妈创意内容管理中心怎么管理脚本、分镜、成片和投放数据？,品牌产品问题,抖音,other,https://iesdouyin.com/share/video/7673346499589390185,iesdouyin.com,1
CMCR-CIT-C60D032304455B166A1E2BD2,CMCR-CMP-20260819-C1-Q0014,CMCR-Q0014,蝉妈妈创意内容管理中心怎么管理脚本、分镜、成片和投放数据？,品牌产品问题,抖音,other,https://iesdouyin.com/share/video/7655595210643115078,iesdouyin.com,1
CMCR-CIT-C8159AEB75266493D8D6A113,CMCR-CMP-20260819-C1-Q0015,CMCR-Q0015,短视频素材洞察工具有哪些，电商团队怎么选？,品类认知问题,搜狐,media,https://m.sohu.com/a/1056104532_121886306,m.sohu.com,1
CMCR-CIT-DB9A3B4DB2B7D7C04218899A,CMCR-CMP-20260819-C1-Q0015,CMCR-Q0015,短视频素材洞察工具有哪些，电商团队怎么选？,品类认知问题,最大化千川ROI:有米有数相比蝉妈妈的独特优势,other,https://resources.youcloud.com/youshu/blog/2502,resources.youcloud.com,1
CMCR-CIT-065AB92DAFC51214961DEF0D,CMCR-CMP-20260819-C1-Q0015,CMCR-Q0015,短视频素材洞察工具有哪些，电商团队怎么选？,品类认知问题,蝉妈妈 - 直播电商数据分析与内容运营工具,other,https://deepnavi.cn/ai-ecommerce/chan-ma-ma,deepnavi.cn,2
CMCR-CIT-C9B76F254FC78E40781F1CD4,CMCR-CMP-20260819-C1-Q0015,CMCR-Q0015,短视频素材洞察工具有哪些，电商团队怎么选？,品类认知问题,飞瓜数据 - 短视频直播电商全链路数据分析工具,other,https://deepnavi.cn/ai-new-media/fei-gua-shu-ju-1,deepnavi.cn,1
CMCR-CIT-C5309664D7F60F3190755AD2,CMCR-CMP-20260819-C1-Q0015,CMCR-Q0015,短视频素材洞察工具有哪些，电商团队怎么选？,品类认知问题,试过AI一键生成电商投流素材后，才发现高效创作可以这么简单…-秒针系统-营销实效管理专家,other,https://miaozhen.com/marticles/11790.html,miaozhen.com,1
CMCR-CIT-7C5966870251C7CEEAB4B6ED,CMCR-CMP-20260819-C1-Q0015,CMCR-Q0015,短视频素材洞察工具有哪些，电商团队怎么选？,品类认知问题,飞瓜数据和灰豚数据哪个更适合做数据服务平台?- 企拓网,other,https://qituowang.com/portal/43818.html,qituowang.com,1
CMCR-CIT-737CE718A822B8914CDC4E0C,CMCR-CMP-20260819-C1-Q0015,CMCR-Q0015,短视频素材洞察工具有哪些，电商团队怎么选？,品类认知问题,抖音电商,platform_official,https://school.jinritemai.com/doudian/wap/course-series/cJZHjLnhaLyw/cJZHjLnhaLywlJZJUawr9Aqg?from=douyinofficial_table&from_school=1&should_full_screen=1&should_hide_bottom_nav=1,school.jinritemai.com,1
CMCR-CIT-E4E088FFF9DD8BDF9523C0C0,CMCR-CMP-20260819-C1-Q0015,CMCR-Q0015,短视频素材洞察工具有哪些，电商团队怎么选？,品类认知问题,抖音素材工具深度横评:从数据颗粒度看有米有数与主流竞品的真实差距,other,https://resources.youcloud.com/youshu/blog/3202,resources.youcloud.com,2
CMCR-CIT-BD7979F9DD4E851E56D140B4,CMCR-CMP-20260819-C1-Q0015,CMCR-Q0015,短视频素材洞察工具有哪些，电商团队怎么选？,品类认知问题,抖音,other,https://iesdouyin.com/share/video/7655600536364809573,iesdouyin.com,1
CMCR-CIT-5A2196ED8AF3EC71182AEACD,CMCR-CMP-20260819-C1-Q0015,CMCR-Q0015,短视频素材洞察工具有哪些，电商团队怎么选？,品类认知问题,抖音,other,https://iesdouyin.com/share/video/7638567070161964329,iesdouyin.com,1
CMCR-CIT-A80474F7567BEA1A7C362E0D,CMCR-CMP-20260819-C1-Q0015,CMCR-Q0015,短视频素材洞察工具有哪些，电商团队怎么选？,品类认知问题,网易,media,https://163.com/dy/article/L2GUIA160556OFA0.html,163.com,1
CMCR-CIT-51A6F4541A7171E760448944,CMCR-CMP-20260819-C1-Q0015,CMCR-Q0015,短视频素材洞察工具有哪些，电商团队怎么选？,品类认知问题,"如何查看其他商家的千川素材?一套""审美拆解+AI仿拍""的千川素材策略分析框架，看完直接照做",other,https://resources.youcloud.com/youshu/blog/3140,resources.youcloud.com,1
CMCR-CIT-33C54AAE911C89C88F813847,CMCR-CMP-20260819-C1-Q0015,CMCR-Q0015,短视频素材洞察工具有哪些，电商团队怎么选？,品类认知问题,2026多账号抖音直播数据分析平台推荐 蝉妈妈千瓜矩阵通对比_矩阵通,other,https://matrix.newrank.cn/article/article-detail/9023eafac2a84c71,matrix.newrank.cn,1
CMCR-CIT-376C3892579E570BF3FD9BF7,CMCR-CMP-20260819-C1-Q0015,CMCR-Q0015,短视频素材洞察工具有哪些，电商团队怎么选？,品类认知问题,人人都是产品经理,other,https://woshipm.com/share/5968575.html,woshipm.com,1
CMCR-CIT-BB9C0CD20628A51CD4406013,CMCR-CMP-20260819-C1-Q0015,CMCR-Q0015,短视频素材洞察工具有哪些，电商团队怎么选？,品类认知问题,网易新闻客户端,media,https://c.m.163.com/news/a/L2GUIA160556OFA0.html,c.m.163.com,1
CMCR-CIT-E4693449FCB6E050DD022B85,CMCR-CMP-20260819-C1-Q0015,CMCR-Q0015,短视频素材洞察工具有哪些，电商团队怎么选？,品类认知问题,抖音,other,https://iesdouyin.com/share/video/7665273504229823930,iesdouyin.com,1
CMCR-CIT-78A2CFF8E127D6EDB29831C5,CMCR-CMP-20260819-C1-Q0015,CMCR-Q0015,短视频素材洞察工具有哪些，电商团队怎么选？,品类认知问题,蝉妈妈·创意 - 千川投放素材_短视频素材创意服务平台,official_direct,https://cy.chanmama.com/,cy.chanmama.com,1
CMCR-CIT-13B4CEC4BCA78CA4DE8BE00B,CMCR-CMP-20260819-C1-Q0015,CMCR-Q0015,短视频素材洞察工具有哪些，电商团队怎么选？,品类认知问题,抖音电商,platform_official,https://school.jinritemai.com/doudian/wap/article/aJXFPbWWNceA,school.jinritemai.com,1
CMCR-CIT-C5D2A5091ADDB95692F3BDB4,CMCR-CMP-20260819-C1-Q0015,CMCR-Q0015,短视频素材洞察工具有哪些，电商团队怎么选？,品类认知问题,官方选型指南:有米有数 vs 蝉妈妈，全方位对比助您决策,other,https://resources.youcloud.com/youshu/product_update/2814,resources.youcloud.com,1
CMCR-CIT-628F65833B6005B035D81207,CMCR-CMP-20260819-C1-Q0015,CMCR-Q0015,短视频素材洞察工具有哪些，电商团队怎么选？,品类认知问题,Top AI Ad Creative Analysis Tools to Find Winning Ads,other,https://segwise.ai/blog/creative-analysis-tools-to-find-winning-ads,segwise.ai,1
CMCR-CIT-4BC28BC1AC986F6CEA3FDE09,CMCR-CMP-20260819-C1-Q0015,CMCR-Q0015,短视频素材洞察工具有哪些，电商团队怎么选？,品类认知问题,Best Ad Creative Inspiration and Swipe File Tools for DTC Brands (2026),other,https://listicler.com/best/best-ad-creative-inspiration-swipe-file-tools-dtc,listicler.com,1
CMCR-CIT-31D4C773F72D82C10C5F14F5,CMCR-CMP-20260819-C1-Q0015,CMCR-Q0015,短视频素材洞察工具有哪些，电商团队怎么选？,品类认知问题,稀土掘金,other,https://juejin.cn/post/7660053470331289650,juejin.cn,1
CMCR-CIT-21C3A8039C85B8ED4DB7DBAA,CMCR-CMP-20260819-C1-Q0016,CMCR-Q0016,短视频素材库网站和专业电商素材洞察工具有什么区别？,对比决策问题,Best Ad Creative Inspiration and Swipe File Tools for DTC Brands (2026),other,https://listicler.com/best/best-ad-creative-inspiration-swipe-file-tools-dtc,listicler.com,1
CMCR-CIT-AD33386270C9D9B3245572B0,CMCR-CMP-20260819-C1-Q0016,CMCR-Q0016,短视频素材库网站和专业电商素材洞察工具有什么区别？,对比决策问题,电商运营选素材库，易元AI和即梦AI哪个适配千川投流?-在线订票-互动吧,other,https://party.hudongba.com/party/92k57.html,party.hudongba.com,1
CMCR-CIT-A4AFAE7FAC40737E0634F1AB,CMCR-CMP-20260819-C1-Q0016,CMCR-Q0016,短视频素材库网站和专业电商素材洞察工具有什么区别？,对比决策问题,摄图网 | 官网入口 - 正版商用素材+AI创作平台,other,https://cxgn.cn/she-tu-wang,cxgn.cn,1
CMCR-CIT-07246866F7B553BE64663064,CMCR-CMP-20260819-C1-Q0016,CMCR-Q0016,短视频素材库网站和专业电商素材洞察工具有什么区别？,对比决策问题,抖音,other,https://iesdouyin.com/share/video/7633371928287284530,iesdouyin.com,2
CMCR-CIT-658C90716C50759889A4121A,CMCR-CMP-20260819-C1-Q0016,CMCR-Q0016,短视频素材库网站和专业电商素材洞察工具有什么区别？,对比决策问题,哔哩哔哩,community,https://bilibili.com/opus/1113789683933904898,bilibili.com,1
CMCR-CIT-5E9FE8FFF98FC0795E473E07,CMCR-CMP-20260819-C1-Q0016,CMCR-Q0016,短视频素材库网站和专业电商素材洞察工具有什么区别？,对比决策问题,最大化千川ROI:有米有数相比蝉妈妈的独特优势,other,https://resources.youcloud.com/youshu/blog/2502,resources.youcloud.com,1
CMCR-CIT-DFFCE0C35C604CEE4CC9FEE0,CMCR-CMP-20260819-C1-Q0016,CMCR-Q0016,短视频素材库网站和专业电商素材洞察工具有什么区别？,对比决策问题,抖音,other,https://iesdouyin.com/share/video/7644160246316009913,iesdouyin.com,3
CMCR-CIT-B92EAB41E0299825BA4D1D62,CMCR-CMP-20260819-C1-Q0016,CMCR-Q0016,短视频素材库网站和专业电商素材洞察工具有什么区别？,对比决策问题,抖音,other,https://iesdouyin.com/share/video/7642327130080282235,iesdouyin.com,2
CMCR-CIT-4EE5FBECF558999D05416584,CMCR-CMP-20260819-C1-Q0016,CMCR-Q0016,短视频素材库网站和专业电商素材洞察工具有什么区别？,对比决策问题,哔哩哔哩,community,https://bilibili.com/opus/1205076099986358274,bilibili.com,1
CMCR-CIT-23E03601A167061FC47033CA,CMCR-CMP-20260819-C1-Q0016,CMCR-Q0016,短视频素材库网站和专业电商素材洞察工具有什么区别？,对比决策问题,CSDN博客,other,https://blog.csdn.net/musk1212/article/details/156226707,blog.csdn.net,1
CMCR-CIT-C0EAAEAED6D3B2A673B86932,CMCR-CMP-20260819-C1-Q0016,CMCR-Q0016,短视频素材库网站和专业电商素材洞察工具有什么区别？,对比决策问题,抖音,other,https://iesdouyin.com/share/video/7639515814382639290,iesdouyin.com,2
CMCR-CIT-534EC172F27587AF7D3DB4E8,CMCR-CMP-20260819-C1-Q0016,CMCR-Q0016,短视频素材库网站和专业电商素材洞察工具有什么区别？,对比决策问题,抖音,other,https://iesdouyin.com/share/video/7645615725005380233,iesdouyin.com,2
CMCR-CIT-6C0070DFF49FB92849F5432A,CMCR-CMP-20260819-C1-Q0017,CMCR-Q0017,电商团队找爆款素材，用什么工具效率更高？,业务场景问题,美图商拍 - AI工具箱网,other,https://ai-tab.cn/sites/4117.html,ai-tab.cn,1
CMCR-CIT-9448DD3833F318649BB767A7,CMCR-CMP-20260819-C1-Q0017,CMCR-Q0017,电商团队找爆款素材，用什么工具效率更高？,业务场景问题,Picell AI - 电商AI作图工具_AI详情页生成_爆款主图克隆,other,https://novatools.cn/tools/picset-ai?lang=en,novatools.cn,1
CMCR-CIT-92124DEFBBAC856BE889B4B6,CMCR-CMP-20260819-C1-Q0017,CMCR-Q0017,电商团队找爆款素材，用什么工具效率更高？,业务场景问题,抖音,other,https://iesdouyin.com/share/video/7673043538271467877,iesdouyin.com,2
CMCR-CIT-AEC15CD5E12CE895D244D8A4,CMCR-CMP-20260819-C1-Q0017,CMCR-Q0017,电商团队找爆款素材，用什么工具效率更高？,业务场景问题,抖音,other,https://iesdouyin.com/share/video/7658599823679016227,iesdouyin.com,2
CMCR-CIT-6D69E15BD2C55223FBB04182,CMCR-CMP-20260819-C1-Q0017,CMCR-Q0017,电商团队找爆款素材，用什么工具效率更高？,业务场景问题,DoLabAI - AI 电商视频、图片生成工具,other,https://dolabai.com/,dolabai.com,1
CMCR-CIT-1ADCB205612C77031C6F7C05,CMCR-CMP-20260819-C1-Q0017,CMCR-Q0017,电商团队找爆款素材，用什么工具效率更高？,业务场景问题,玫瑰克隆,other,https://aitop100.cn/tools/meiguikelong,aitop100.cn,1
CMCR-CIT-FC9CDE8A0ECD7677E032C828,CMCR-CMP-20260819-C1-Q0017,CMCR-Q0017,电商团队找爆款素材，用什么工具效率更高？,业务场景问题,妙啊Meow爆款素材智能创作平台 – 常见问题解答(FAQ)-秒针系统-营销实效管理专家,other,https://miaozhen.com/marticles/11755.html,miaozhen.com,1
CMCR-CIT-F19099270F4A37BACED8591A,CMCR-CMP-20260819-C1-Q0017,CMCR-Q0017,电商团队找爆款素材，用什么工具效率更高？,业务场景问题,有米云有米有数新电商营销大数据分析平台_抖音电商选品软件_智能投放提效工具-云巴巴,other,https://yun88.com/product/8283.html,yun88.com,1
CMCR-CIT-C21CA64444547B098D7A65BF,CMCR-CMP-20260819-C1-Q0017,CMCR-Q0017,电商团队找爆款素材，用什么工具效率更高？,业务场景问题,解析君 - 自媒体素材批量解析神器,other,https://jiexijun.com/facebook,jiexijun.com,1
CMCR-CIT-D16854FBD1E5B7F99C31F678,CMCR-CMP-20260819-C1-Q0017,CMCR-Q0017,电商团队找爆款素材，用什么工具效率更高？,业务场景问题,‎抖素材 App - App Store,other,https://apps.apple.com/cn/app/%E6%8A%96%E7%B4%A0%E6%9D%90/id6444052504,apps.apple.com,1
CMCR-CIT-6E7A584C40A24B09BB2061EA,CMCR-CMP-20260819-C1-Q0017,CMCR-Q0017,电商团队找爆款素材，用什么工具效率更高？,业务场景问题,网易,media,https://163.com/dy/article/L2GUIA160556OFA0.html,163.com,1
CMCR-CIT-16DCF870AD0C0E65449C69E9,CMCR-CMP-20260819-C1-Q0017,CMCR-Q0017,电商团队找爆款素材，用什么工具效率更高？,业务场景问题,飞瓜数据 - 短视频直播电商全链路数据分析工具,other,https://deepnavi.cn/ai-new-media/fei-gua-shu-ju-1,deepnavi.cn,1
CMCR-CIT-A918EAD740EFB37C3EF3510A,CMCR-CMP-20260819-C1-Q0017,CMCR-Q0017,电商团队找爆款素材，用什么工具效率更高？,业务场景问题,CSDN博客,other,https://blog.csdn.net/m0_74150970/article/details/162851108,blog.csdn.net,1
CMCR-CIT-5EF498990EFB212BF62C6457,CMCR-CMP-20260819-C1-Q0017,CMCR-Q0017,电商团队找爆款素材，用什么工具效率更高？,业务场景问题,抖音,other,https://iesdouyin.com/share/video/7654157362026089780,iesdouyin.com,1
CMCR-CIT-B9D1EFEFFDD5BDFA74010FA1,CMCR-CMP-20260819-C1-Q0017,CMCR-Q0017,电商团队找爆款素材，用什么工具效率更高？,业务场景问题,CSDN博客,other,https://blog.csdn.net/lyxathena/article/details/143586363,blog.csdn.net,1
CMCR-CIT-AC793403FD3E205BD37F2341,CMCR-CMP-20260819-C1-Q0017,CMCR-Q0017,电商团队找爆款素材，用什么工具效率更高？,业务场景问题,蝉妈妈 - 直播电商数据分析与内容运营工具,other,https://deepnavi.cn/ai-ecommerce/chan-ma-ma,deepnavi.cn,1
CMCR-CIT-9587DE6BA57C48B6BF2E1F98,CMCR-CMP-20260819-C1-Q0017,CMCR-Q0017,电商团队找爆款素材，用什么工具效率更高？,业务场景问题,aiproducthub.cn,other,https://aiproducthub.cn/sites/58pic-ai.html,aiproducthub.cn,1
CMCR-CIT-ED13430CBD456F1DB23A2209,CMCR-CMP-20260819-C1-Q0017,CMCR-Q0017,电商团队找爆款素材，用什么工具效率更高？,业务场景问题,千图网素材下载平台可靠吗?是否免费+会员价格详细评测 | AI工具箱,other,https://ai-bio.cn/qiantu,ai-bio.cn,1
CMCR-CIT-F937D5CFD26B285AF9BD3B7C,CMCR-CMP-20260819-C1-Q0017,CMCR-Q0017,电商团队找爆款素材，用什么工具效率更高？,业务场景问题,抖音,other,https://iesdouyin.com/share/video/7666022351707966756,iesdouyin.com,1
CMCR-CIT-8E2BABFBE31DA815A0F38E89,CMCR-CMP-20260819-C1-Q0017,CMCR-Q0017,电商团队找爆款素材，用什么工具效率更高？,业务场景问题,包图AI文生图 - AI工具箱网,other,https://ai-tab.cn/sites/2286.html,ai-tab.cn,1
CMCR-CIT-423CE962C638D329D39EB7B3,CMCR-CMP-20260819-C1-Q0017,CMCR-Q0017,电商团队找爆款素材，用什么工具效率更高？,业务场景问题,‎稿定设计 - 电商社媒封面海报创作神器 App - App Store,other,https://apps.apple.com/cn/app/%E7%A8%BF%E5%AE%9A%E8%AE%BE%E8%AE%A1-%E7%94%B5%E5%95%86%E7%A4%BE%E5%AA%92%E5%B0%81%E9%9D%A2%E6%B5%B7%E6%8A%A5%E5%88%9B%E4%BD%9C%E7%A5%9E%E5%99%A8/id1113276760,apps.apple.com,1
CMCR-CIT-8A483A2D370221593E507DDD,CMCR-CMP-20260819-C1-Q0017,CMCR-Q0017,电商团队找爆款素材，用什么工具效率更高？,业务场景问题,稿定AI商品图 - 一键换背景，60秒产出电商级精修主图 | AI工具箱,other,https://ai-kit.cn/sites/14739.html,ai-kit.cn,1
CMCR-CIT-A18A86A573077D6EF3BC86FC,CMCR-CMP-20260819-C1-Q0018,CMCR-Q0018,抖音电商团队怎么判断一个素材值不值得跟进？,案例/效果问题,抖音电商,platform_official,https://school.jinritemai.com/doudian/web/video-article/vHrL5B9Jk7zt,school.jinritemai.com,1
CMCR-CIT-1670E3770DCD6832CD177D5D,CMCR-CMP-20260819-C1-Q0018,CMCR-Q0018,抖音电商团队怎么判断一个素材值不值得跟进？,案例/效果问题,抖音算法从流量分配变质量优先——你的投放策略该彻底改了 - 拓客吧,other,https://tuokeba.com/rule/769.html,tuokeba.com,1
CMCR-CIT-23C37CF5F2B9EB0DBB45499A,CMCR-CMP-20260819-C1-Q0018,CMCR-Q0018,抖音电商团队怎么判断一个素材值不值得跟进？,案例/效果问题,抖音,other,https://iesdouyin.com/share/video/7658189589333075323,iesdouyin.com,1
CMCR-CIT-F402F44B2D6A6442CCD02528,CMCR-CMP-20260819-C1-Q0018,CMCR-Q0018,抖音电商团队怎么判断一个素材值不值得跟进？,案例/效果问题,抖音,other,https://iesdouyin.com/share/video/7634784587498966315,iesdouyin.com,1
CMCR-CIT-ABB02910FE98CB26146E2ADB,CMCR-CMP-20260819-C1-Q0018,CMCR-Q0018,抖音电商团队怎么判断一个素材值不值得跟进？,案例/效果问题,如何判断一条电商广告计划的数据是否合格，有哪些关键指标？,other,https://product.11467.com/ziliao/52129627.pdf,product.11467.com,1
CMCR-CIT-45C7708192E51C06E6EADD96,CMCR-CMP-20260819-C1-Q0018,CMCR-Q0018,抖音电商团队怎么判断一个素材值不值得跟进？,案例/效果问题,抖音,other,https://iesdouyin.com/share/video/7668944166478466304,iesdouyin.com,1
CMCR-CIT-0DE372222D6458E83BEE91C3,CMCR-CMP-20260819-C1-Q0018,CMCR-Q0018,抖音电商团队怎么判断一个素材值不值得跟进？,案例/效果问题,抖音,other,https://iesdouyin.com/share/video/7664546675603672329,iesdouyin.com,1
CMCR-CIT-B6CB1BB883383893F421E371,CMCR-CMP-20260819-C1-Q0018,CMCR-Q0018,抖音电商团队怎么判断一个素材值不值得跟进？,案例/效果问题,抖音,other,https://iesdouyin.com/share/video/7671535524846259510,iesdouyin.com,1
CMCR-CIT-031676CC5C2EB88AAC2A7BA9,CMCR-CMP-20260819-C1-Q0018,CMCR-Q0018,抖音电商团队怎么判断一个素材值不值得跟进？,案例/效果问题,抖音,other,https://iesdouyin.com/share/video/7658629887151092715,iesdouyin.com,1
CMCR-CIT-CE0994F257BC334B2FC9C40C,CMCR-CMP-20260819-C1-Q0018,CMCR-Q0018,抖音电商团队怎么判断一个素材值不值得跟进？,案例/效果问题,抖音,other,https://iesdouyin.com/share/video/7672369460770156371,iesdouyin.com,1
CMCR-CIT-446C2C39F0CE46A70EA40791,CMCR-CMP-20260819-C1-Q0018,CMCR-Q0018,抖音电商团队怎么判断一个素材值不值得跟进？,案例/效果问题,抖音,other,https://iesdouyin.com/share/video/7666424236554063167,iesdouyin.com,1
CMCR-CIT-036FCD89269961ECC120EC8A,CMCR-CMP-20260819-C1-Q0018,CMCR-Q0018,抖音电商团队怎么判断一个素材值不值得跟进？,案例/效果问题,搜狐,media,https://m.sohu.com/a/1043282400_122634602,m.sohu.com,1
CMCR-CIT-9E26F38C15BCD0922721CA5A,CMCR-CMP-20260819-C1-Q0018,CMCR-Q0018,抖音电商团队怎么判断一个素材值不值得跟进？,案例/效果问题,抖音,other,https://iesdouyin.com/share/video/7671602274099557236,iesdouyin.com,1
CMCR-CIT-936E7C94EC545CA6AC7E9C2C,CMCR-CMP-20260819-C1-Q0018,CMCR-Q0018,抖音电商团队怎么判断一个素材值不值得跟进？,案例/效果问题,抖音,other,https://iesdouyin.com/share/video/7588477016094843987,iesdouyin.com,1
CMCR-CIT-E082DB42B0906B4BF2116072,CMCR-CMP-20260819-C1-Q0018,CMCR-Q0018,抖音电商团队怎么判断一个素材值不值得跟进？,案例/效果问题,抖音,other,https://iesdouyin.com/share/video/7671504107601022234,iesdouyin.com,1
CMCR-CIT-A76C3ECB64BC52BC45BCA06A,CMCR-CMP-20260819-C1-Q0018,CMCR-Q0018,抖音电商团队怎么判断一个素材值不值得跟进？,案例/效果问题,抖音,other,https://iesdouyin.com/share/video/7658354148534731892,iesdouyin.com,1
CMCR-CIT-BDAA9FC1C0342B264199491D,CMCR-CMP-20260819-C1-Q0018,CMCR-Q0018,抖音电商团队怎么判断一个素材值不值得跟进？,案例/效果问题,搜狐,media,https://m.sohu.com/a/1051350548_122634602,m.sohu.com,1
CMCR-CIT-D654203C4721B697051B1DFA,CMCR-CMP-20260819-C1-Q0019,CMCR-Q0019,电商爆款素材库一般能看哪些素材和投放数据？,业务场景问题,有米云有米有数新电商营销大数据分析平台_抖音电商选品软件_智能投放提效工具-云巴巴,other,https://yun88.com/product/8283.html,yun88.com,1
CMCR-CIT-46DFFD69F8F0DF70367263B7,CMCR-CMP-20260819-C1-Q0019,CMCR-Q0019,电商爆款素材库一般能看哪些素材和投放数据？,业务场景问题,Shopee广告爆品素材库介绍及使用方法(2024年10月更新) | 虾皮广告,other,https://ads.shopee.cn/learn/faq/310/1423,ads.shopee.cn,1
CMCR-CIT-378F63009CEE7EA3BBD26F11,CMCR-CMP-20260819-C1-Q0019,CMCR-Q0019,电商爆款素材库一般能看哪些素材和投放数据？,业务场景问题,哔哩哔哩,community,https://bilibili.com/opus/1134193909646229510,bilibili.com,1
CMCR-CIT-049AF4D3816F4F0D5AE80B00,CMCR-CMP-20260819-C1-Q0019,CMCR-Q0019,电商爆款素材库一般能看哪些素材和投放数据？,业务场景问题,666SPY - 强大的Facebook广告素材库与选品平台,other,https://666spy.com/,666spy.com,1
CMCR-CIT-CCEBAB96A4BC776A001AFDB4,CMCR-CMP-20260819-C1-Q0019,CMCR-Q0019,电商爆款素材库一般能看哪些素材和投放数据？,业务场景问题,TikTok Creative Center: The Seller’s Intelligence System You’re Probably Using Wrong,other,https://zonflip.com/tiktok-creative-center-the-sellers-intelligence-system-youre-probably-using-wrong,zonflip.com,1
CMCR-CIT-E4E3F5A91BA6486CFB4E17CE,CMCR-CMP-20260819-C1-Q0019,CMCR-Q0019,电商爆款素材库一般能看哪些素材和投放数据？,业务场景问题,黑五 3 天肝出 50 组爆款素材!这工具让我躲过版权坑，CTR ... - AdvertCN - 广告中国 - Powered by Discuz!,other,https://advertcn.com/forum.php?action=printable&mobile=no&mod=viewthread&tid=120770,advertcn.com,1
CMCR-CIT-43811C508241CA1F45F02C22,CMCR-CMP-20260819-C1-Q0019,CMCR-Q0019,电商爆款素材库一般能看哪些素材和投放数据？,业务场景问题,抖音电商,platform_official,https://school.jinritemai.com/doudian/wap/course-series/cHXYPm4k5tCn/cHXYPm4k5tCnlHsBbDRer1Z4?from_school=1&should_full_screen=1&should_hide_bottom_nav=1,school.jinritemai.com,1
CMCR-CIT-793C0B0AE8077AAFFCEEE026,CMCR-CMP-20260819-C1-Q0019,CMCR-Q0019,电商爆款素材库一般能看哪些素材和投放数据？,业务场景问题,千川素材策略分析做到位有多难?一位从业者眼中的达人营销大变局,other,https://resources.youcloud.com/youshu/product_update/3068,resources.youcloud.com,1
CMCR-CIT-84D388740E65A1249D21EC27,CMCR-CMP-20260819-C1-Q0019,CMCR-Q0019,电商爆款素材库一般能看哪些素材和投放数据？,业务场景问题,抖音,other,https://iesdouyin.com/share/video/7664816512251042660,iesdouyin.com,1
CMCR-CIT-A06766FAC86E4522B8E86521,CMCR-CMP-20260819-C1-Q0019,CMCR-Q0019,电商爆款素材库一般能看哪些素材和投放数据？,业务场景问题,今日头条,other,http://m.toutiao.com/group/7670110064186868233,m.toutiao.com,1
CMCR-CIT-63528181C159C151CA986F4A,CMCR-CMP-20260819-C1-Q0019,CMCR-Q0019,电商爆款素材库一般能看哪些素材和投放数据？,业务场景问题,【热门视频】快速打造抖音爆款视频-帮助中心-抖音电商与直播大数据分析平台-feigua.cn,competitor,https://dy.feigua.cn/help/detail/9/36.html,dy.feigua.cn,1
CMCR-CIT-B979DE775629E6B4A1C4038C,CMCR-CMP-20260819-C1-Q0019,CMCR-Q0019,电商爆款素材库一般能看哪些素材和投放数据？,业务场景问题,千川素材如何判断?-抖音/快手/短视频/直播 荷塘月色_淘宝抖音跨境电商卖家论坛社区,other,https://htys123.com/forum.php?authorid=293957&mobile=no&mod=viewthread&tid=218296,htys123.com,1
CMCR-CIT-F6FEB3DA121F3D0C6D172DBD,CMCR-CMP-20260819-C1-Q0019,CMCR-Q0019,电商爆款素材库一般能看哪些素材和投放数据？,业务场景问题,千川爆款素材灵感库:16种产品属性+10种素材类型+三大主题句式，像查字典一样找灵感-niguangts,other,https://niguangts.com/5212.html,niguangts.com,1
CMCR-CIT-747CFB15359213B00C6F49B2,CMCR-CMP-20260819-C1-Q0019,CMCR-Q0019,电商爆款素材库一般能看哪些素材和投放数据？,业务场景问题,内容中心 - 短视频素材创作技巧与素材灵感分享,official_direct,https://cy.chanmama.com/contentCenter,cy.chanmama.com,1
CMCR-CIT-8C762F400172C031D43CCE8B,CMCR-CMP-20260819-C1-Q0019,CMCR-Q0019,电商爆款素材库一般能看哪些素材和投放数据？,业务场景问题,抖音,other,https://iesdouyin.com/share/video/7649652073935750227,iesdouyin.com,2
CMCR-CIT-924DF7FB208986DD86D330F8,CMCR-CMP-20260819-C1-Q0019,CMCR-Q0019,电商爆款素材库一般能看哪些素材和投放数据？,业务场景问题,抖音,other,https://iesdouyin.com/share/video/7654157362026089780,iesdouyin.com,2
CMCR-CIT-27A44741A5E453BDA87AE0D5,CMCR-CMP-20260819-C1-Q0020,CMCR-Q0020,AI 带货视频生成工具有哪些，电商团队怎么选？,品类认知问题,什么值得买,other,https://post.m.smzdm.com/p/a6zqdgko,post.m.smzdm.com,1
CMCR-CIT-88166D9753FFB4E151A9006F,CMCR-CMP-20260819-C1-Q0020,CMCR-Q0020,AI 带货视频生成工具有哪些，电商团队怎么选？,品类认知问题,Top 8 AI Video Tools for Ecommerce Brands (2026),other,https://videowise.com/blog/ai-video-tools-ecommerce,videowise.com,1
CMCR-CIT-DF7D0EBA3A811BC78F3B3C0E,CMCR-CMP-20260819-C1-Q0020,CMCR-Q0020,AI 带货视频生成工具有哪些，电商团队怎么选？,品类认知问题,抖音,other,https://iesdouyin.com/share/video/7648985707612461243,iesdouyin.com,2
CMCR-CIT-5405179D605F3C69AD38C8E7,CMCR-CMP-20260819-C1-Q0020,CMCR-Q0020,AI 带货视频生成工具有哪些，电商团队怎么选？,品类认知问题,抖音,other,https://iesdouyin.com/share/video/7642607547959131249,iesdouyin.com,1
CMCR-CIT-26EA49743D2764FC175A6FBF,CMCR-CMP-20260819-C1-Q0020,CMCR-Q0020,AI 带货视频生成工具有哪些，电商团队怎么选？,品类认知问题,2026最新 | Dify、Coze、三千AI 智能体 横评:同一个电商带货场景跑出 4 点真区别_人工智能_wangzigege3-快递鸟社区,other,https://kdniao.csdn.net/6a29169a10ee7a33f27a5018.html,kdniao.csdn.net,1
CMCR-CIT-F7D170BD41B4871BDC9F11EA,CMCR-CMP-20260819-C1-Q0020,CMCR-Q0020,AI 带货视频生成工具有哪些，电商团队怎么选？,品类认知问题,什么值得买,other,https://post.m.smzdm.com/p/a039gpoz,post.m.smzdm.com,1
CMCR-CIT-A861CECC68CEA46FCDAEEF44,CMCR-CMP-20260819-C1-Q0020,CMCR-Q0020,AI 带货视频生成工具有哪些，电商团队怎么选？,品类认知问题,什么值得买,other,https://post.m.smzdm.com/p/az85xgv0,post.m.smzdm.com,1
CMCR-CIT-82E3FC0DD0B6400244C682FE,CMCR-CMP-20260819-C1-Q0020,CMCR-Q0020,AI 带货视频生成工具有哪些，电商团队怎么选？,品类认知问题,抖音,other,https://iesdouyin.com/share/video/7642286733052202286,iesdouyin.com,2
CMCR-CIT-1BBC6A3370A616508A3E9879,CMCR-CMP-20260819-C1-Q0020,CMCR-Q0020,AI 带货视频生成工具有哪些，电商团队怎么选？,品类认知问题,抖音,other,https://iesdouyin.com/share/video/7671132288872555131,iesdouyin.com,1
CMCR-CIT-7D9DE79300437AB6DC46DC35,CMCR-CMP-20260819-C1-Q0020,CMCR-Q0020,AI 带货视频生成工具有哪些，电商团队怎么选？,品类认知问题,抖音,other,https://iesdouyin.com/share/video/7646250617509634725,iesdouyin.com,1
CMCR-CIT-BD409612D20C5CFDE42C20C6,CMCR-CMP-20260819-C1-Q0020,CMCR-Q0020,AI 带货视频生成工具有哪些，电商团队怎么选？,品类认知问题,CSDN博客,other,https://blog.csdn.net/2601_96722559/article/details/163587556,blog.csdn.net,1
CMCR-CIT-E532AEE8B33E681D8360C43D,CMCR-CMP-20260819-C1-Q0020,CMCR-Q0020,AI 带货视频生成工具有哪些，电商团队怎么选？,品类认知问题,什么值得买,other,https://post.m.smzdm.com/p/a030rz7z,post.m.smzdm.com,1
CMCR-CIT-ED35735343DA5100851EBDD4,CMCR-CMP-20260819-C1-Q0020,CMCR-Q0020,AI 带货视频生成工具有哪些，电商团队怎么选？,品类认知问题,抖音,other,https://iesdouyin.com/share/video/7637080606107537787,iesdouyin.com,2
CMCR-CIT-A93B3CE6761D5635890C75E3,CMCR-CMP-20260819-C1-Q0020,CMCR-Q0020,AI 带货视频生成工具有哪些，电商团队怎么选？,品类认知问题,抖音,other,https://iesdouyin.com/share/video/7673822936796515638,iesdouyin.com,1
CMCR-CIT-75200F8F24207B87CFAB1CE9,CMCR-CMP-20260819-C1-Q0020,CMCR-Q0020,AI 带货视频生成工具有哪些，电商团队怎么选？,品类认知问题,抖音,other,https://iesdouyin.com/share/video/7636421853271218277,iesdouyin.com,1
CMCR-CIT-05C36EC8946A86C35B57556F,CMCR-CMP-20260819-C1-Q0021,CMCR-Q0021,AI 商品视频生成工具有哪些，能不能直接用于广告投放？,品类认知问题,DoLabAI - AI 电商视频、图片生成工具,other,https://dolabai.com/,dolabai.com,1
CMCR-CIT-E5E1450A9E1022931BA3FEBD,CMCR-CMP-20260819-C1-Q0021,CMCR-Q0021,AI 商品视频生成工具有哪些，能不能直接用于广告投放？,品类认知问题,The Best AI Video Generator for Ecommerce in 2026,other,https://pexo.ai/blog/best-ai-video-generator-for-ecommerce-2887,pexo.ai,1
CMCR-CIT-9C27058B7FD46471BED47567,CMCR-CMP-20260819-C1-Q0021,CMCR-Q0021,AI 商品视频生成工具有哪些，能不能直接用于广告投放？,品类认知问题,抖音,other,https://iesdouyin.com/share/video/7665274627501358010,iesdouyin.com,1
CMCR-CIT-7E70EBE3DEEBC219F80B8A62,CMCR-CMP-20260819-C1-Q0021,CMCR-Q0021,AI 商品视频生成工具有哪些，能不能直接用于广告投放？,品类认知问题,抖音,other,https://iesdouyin.com/share/video/7652456353503382847,iesdouyin.com,1
CMCR-CIT-66493E874A46EADB02945CB5,CMCR-CMP-20260819-C1-Q0021,CMCR-Q0021,AI 商品视频生成工具有哪些，能不能直接用于广告投放？,品类认知问题,抖音,other,https://iesdouyin.com/share/video/7654241242335809690,iesdouyin.com,1
CMCR-CIT-7098DBBCE065597C54F9867D,CMCR-CMP-20260819-C1-Q0021,CMCR-Q0021,AI 商品视频生成工具有哪些，能不能直接用于广告投放？,品类认知问题,CSDN博客,other,https://blog.csdn.net/SEONIB_Explorer/article/details/162818059,blog.csdn.net,1
CMCR-CIT-90D12DE988E7EB81B9EDA894,CMCR-CMP-20260819-C1-Q0021,CMCR-Q0021,AI 商品视频生成工具有哪些，能不能直接用于广告投放？,品类认知问题,免费AI视频踩坑记录-陈陈相因网,other,http://h5.baiwanlian.cn/news/987c859690416.html,h5.baiwanlian.cn,1
CMCR-CIT-DF6EAEB4471ED2AA5B61FDA8,CMCR-CMP-20260819-C1-Q0021,CMCR-Q0021,AI 商品视频生成工具有哪些，能不能直接用于广告投放？,品类认知问题,CSDN博客,other,https://blog.csdn.net/weixin_35949153/article/details/157410616,blog.csdn.net,1
CMCR-CIT-09F78948A82E9515BE317E11,CMCR-CMP-20260819-C1-Q0021,CMCR-Q0021,AI 商品视频生成工具有哪些，能不能直接用于广告投放？,品类认知问题,抖音,other,https://iesdouyin.com/share/video/7664163306798591081,iesdouyin.com,2
CMCR-CIT-AEA9414BA07CDB0D3B055A2F,CMCR-CMP-20260819-C1-Q0021,CMCR-Q0021,AI 商品视频生成工具有哪些，能不能直接用于广告投放？,品类认知问题,抖音,other,https://iesdouyin.com/share/video/7654925475319532834,iesdouyin.com,1
CMCR-CIT-CEFDD18D4C0670EC45992BE0,CMCR-CMP-20260819-C1-Q0021,CMCR-Q0021,AI 商品视频生成工具有哪些，能不能直接用于广告投放？,品类认知问题,抖音,other,https://iesdouyin.com/share/video/7619246452623741510,iesdouyin.com,1
CMCR-CIT-BEC481F8089E9E4771BA5706,CMCR-CMP-20260819-C1-Q0021,CMCR-Q0021,AI 商品视频生成工具有哪些，能不能直接用于广告投放？,品类认知问题,什么值得买,other,https://post.m.smzdm.com/p/a039gpoz,post.m.smzdm.com,1
CMCR-CIT-66B7CDE484C3E0AE9B7DDEAE,CMCR-CMP-20260819-C1-Q0021,CMCR-Q0021,AI 商品视频生成工具有哪些，能不能直接用于广告投放？,品类认知问题,国内AI电商营销工具推荐汇总:5个高频问题全解答-CSDN.NET,other,https://csdn.net/article/2026-07-20/163055463,csdn.net,1
CMCR-CIT-28565138CFFB43B98895F0BD,CMCR-CMP-20260819-C1-Q0021,CMCR-Q0021,AI 商品视频生成工具有哪些，能不能直接用于广告投放？,品类认知问题,沃创Wocreate AI电商视频工具评测:模板库、一键复刻、裂变与定价(2026),other,https://aihowhub.com/ai-tools/ai-video-tools/wocreate,aihowhub.com,1
CMCR-CIT-B24089D33C734970397A178C,CMCR-CMP-20260819-C1-Q0021,CMCR-Q0021,AI 商品视频生成工具有哪些，能不能直接用于广告投放？,品类认知问题,抖音,other,https://iesdouyin.com/share/video/7644746982291934473,iesdouyin.com,1
CMCR-CIT-00B2F1E6CCC7140A25F47D67,CMCR-CMP-20260819-C1-Q0021,CMCR-Q0021,AI 商品视频生成工具有哪些，能不能直接用于广告投放？,品类认知问题,CSDN博客,other,https://blog.csdn.net/mzgdzh/article/details/162890424,blog.csdn.net,1
CMCR-CIT-95DFE778A6027E6E1D28DFC5,CMCR-CMP-20260819-C1-Q0021,CMCR-Q0021,AI 商品视频生成工具有哪些，能不能直接用于广告投放？,品类认知问题,AI TikTok Video Generator: The Ad-Policy-Aligned Buyer's Guide for 2026,other,https://avocadoai.co/blog/tutorial/ai-tiktok-video-generator-2026,avocadoai.co,1
CMCR-CIT-FE90DC2E81CEF758262F3E38,CMCR-CMP-20260819-C1-Q0021,CMCR-Q0021,AI 商品视频生成工具有哪些，能不能直接用于广告投放？,品类认知问题,抖音电商,platform_official,https://school.jinritemai.com/doudian/wap/course-series/cJZHjLnhaLyw/cJZHjLnhaLywlJZJUawr9Aqg?from=buyin_author&from_school=1&should_full_screen=1&should_hide_bottom_nav=1,school.jinritemai.com,1
CMCR-CIT-C12DE24CFF467813FCC9D773,CMCR-CMP-20260819-C1-Q0021,CMCR-Q0021,AI 商品视频生成工具有哪些，能不能直接用于广告投放？,品类认知问题,小云雀AI教程:字节剪映AI视频创作完全使用指南-AI观察者-塔猴,other,https://tahou.com/article/209040065252249605,tahou.com,1
CMCR-CIT-258ADA71ABF11AFB884A8D08,CMCR-CMP-20260819-C1-Q0021,CMCR-Q0021,AI 商品视频生成工具有哪些，能不能直接用于广告投放？,品类认知问题,商品信息授权声明,other,https://lf3-cdn-tos.draftstatic.com/obj/ies-hotsoon-draft/aic_platform/f4c2335a-7d1f-424d-89ca-4451086650c2.html,lf3-cdn-tos.draftstatic.com,1
CMCR-CIT-9164BD8640DA8F5498A57E06,CMCR-CMP-20260819-C1-Q0021,CMCR-Q0021,AI 商品视频生成工具有哪些，能不能直接用于广告投放？,品类认知问题,Seedance 2.0商用授权说明:能否商用及合规指南,other,https://volcengine.com/article/44233,volcengine.com,1
CMCR-CIT-928AEEFB4729DD8FF6CBFD1A,CMCR-CMP-20260819-C1-Q0021,CMCR-Q0021,AI 商品视频生成工具有哪些，能不能直接用于广告投放？,品类认知问题,人工智能 - 麦斯创意功能全景解析:从广告素材制作复刻到资产管理，TikTok与抖音AI视频工作流实操指南 - 12aidd - SegmentFault 思否,other,https://segmentfault.com/a/1190000047950748,segmentfault.com,1
CMCR-CIT-9663CD00024DE30C4EB70F74,CMCR-CMP-20260819-C1-Q0021,CMCR-Q0021,AI 商品视频生成工具有哪些，能不能直接用于广告投放？,品类认知问题,Seedance 2.0版权解析:商用许可与合规使用指南,other,https://volcengine.com/article/42250,volcengine.com,1
CMCR-CIT-58888B320AA4D29A2E69ADF6,CMCR-CMP-20260819-C1-Q0022,CMCR-Q0022,通用 AI 视频生成工具和电商广告素材创作工具有什么区别？,对比决策问题,CSDN博客,other,https://blog.csdn.net/2601_96713755/article/details/163510715,blog.csdn.net,2
CMCR-CIT-472D11B7A0024A8CBC26FE54,CMCR-CMP-20260819-C1-Q0022,CMCR-Q0022,通用 AI 视频生成工具和电商广告素材创作工具有什么区别？,对比决策问题,The Best AI Video Maker in 2026 (Tested for Ads & Marketing),other,https://reloop.so/blog/article/best-ai-video-maker,reloop.so,1
CMCR-CIT-03A22D2EE4A321F6E880E98D,CMCR-CMP-20260819-C1-Q0022,CMCR-Q0022,通用 AI 视频生成工具和电商广告素材创作工具有什么区别？,对比决策问题,写带货脚本用ChatGPT太泛，易元AI和通用AI哪个更懂千川逻辑?-在线订票-互动吧,other,https://party.hudongba.com/party/bgo57.html,party.hudongba.com,1
CMCR-CIT-2D372D154D0EE5F24D6138B7,CMCR-CMP-20260819-C1-Q0022,CMCR-Q0022,通用 AI 视频生成工具和电商广告素材创作工具有什么区别？,对比决策问题,Trình Tạo Video AI Tốt Nhất Cho Ecommerce 2026: So Sánh 8 Công Cụ,other,https://pixverse.ai/vi/blog/best-ai-video-generator-for-ecommerce,pixverse.ai,1
CMCR-CIT-530D6EC1A31A5053A20DF2E1,CMCR-CMP-20260819-C1-Q0022,CMCR-Q0022,通用 AI 视频生成工具和电商广告素材创作工具有什么区别？,对比决策问题,稀土掘金,other,https://juejin.cn/post/7658300465050910755,juejin.cn,1
CMCR-CIT-1FD81B85ACEEA5C0142640FE,CMCR-CMP-20260819-C1-Q0022,CMCR-Q0022,通用 AI 视频生成工具和电商广告素材创作工具有什么区别？,对比决策问题,7 Best AI Video Generators You Should Try in 2026,other,https://aiavatar.tech.blog/2026/04/30/7-best-ai-video-generators-you-should-try-in-2026,aiavatar.tech.blog,1
CMCR-CIT-F1FFCDBAAB5D3C79B2222E23,CMCR-CMP-20260819-C1-Q0022,CMCR-Q0022,通用 AI 视频生成工具和电商广告素材创作工具有什么区别？,对比决策问题,免费 ai 视频生成器在线dy赞在线自助下单免费|在线免费 AI 短视频生成工具测评与使用指南-永洋运营网,other,http://atl.dianzilajihs.com/html/24f9199884.html,atl.dianzilajihs.com,1
CMCR-CIT-CED3AE8B5736249AA6409C77,CMCR-CMP-20260819-C1-Q0022,CMCR-Q0022,通用 AI 视频生成工具和电商广告素材创作工具有什么区别？,对比决策问题,CSDN博客,other,https://blog.csdn.net/qq_22232065/article/details/140300175,blog.csdn.net,1
CMCR-CIT-F1A72F97657D98F1C0FB50A8,CMCR-CMP-20260819-C1-Q0022,CMCR-Q0022,通用 AI 视频生成工具和电商广告素材创作工具有什么区别？,对比决策问题,免费 ai 视频生成器在线抖音免费1000领赞网址免费|在线免费 AI 短视频生成工具测评与使用指南-广贯运营网,other,http://bnc.dianzilajihs.com/html/46e1399940.html,bnc.dianzilajihs.com,1
CMCR-CIT-3113C32CC31C88ACE5F3AF96,CMCR-CMP-20260819-C1-Q0022,CMCR-Q0022,通用 AI 视频生成工具和电商广告素材创作工具有什么区别？,对比决策问题,AI 视频生成器:工作原理、模型与示例 | Vivideo,other,https://vivideo.ai/zh-hans/gongju/ai-shipin-shengcheng,vivideo.ai,1
CMCR-CIT-DA7C516C12A62885CC0D8304,CMCR-CMP-20260819-C1-Q0022,CMCR-Q0022,通用 AI 视频生成工具和电商广告素材创作工具有什么区别？,对比决策问题,CSDN博客,other,https://blog.csdn.net/qq_44866828/article/details/152782352,blog.csdn.net,1
CMCR-CIT-4B24552EA7C818F80B42AE60,CMCR-CMP-20260819-C1-Q0022,CMCR-Q0022,通用 AI 视频生成工具和电商广告素材创作工具有什么区别？,对比决策问题,36氪,media,https://36kr.com/p/3886403765596418,36kr.com,1
CMCR-CIT-AD24B785AEAFC5B8F8E491E4,CMCR-CMP-20260819-C1-Q0022,CMCR-Q0022,通用 AI 视频生成工具和电商广告素材创作工具有什么区别？,对比决策问题,AI-Powered Ad Creative Tools for E-commerce Advertising,other,https://tapflare.com/articles/en/pdfs/ai-ad-creative-tools-ecommerce.pdf,tapflare.com,1
CMCR-CIT-8057B7D3AC8E31E0A7CB216F,CMCR-CMP-20260819-C1-Q0022,CMCR-Q0022,通用 AI 视频生成工具和电商广告素材创作工具有什么区别？,对比决策问题,摄图AI - AI导航 - 猫目,other,https://maomu.com/p/ai-699pic-com-front-ai-canvas,maomu.com,1
CMCR-CIT-F05696187527CCD2959F5D87,CMCR-CMP-20260819-C1-Q0022,CMCR-Q0022,通用 AI 视频生成工具和电商广告素材创作工具有什么区别？,对比决策问题,Best AI Product Video Ad Generators for Ecommerce in 2026,other,https://designkit.com/blog/best-ai-product-video-ad-generators,designkit.com,1
CMCR-CIT-AAEB56AAFD9749FE4F583E8B,CMCR-CMP-20260819-C1-Q0022,CMCR-Q0022,通用 AI 视频生成工具和电商广告素材创作工具有什么区别？,对比决策问题,7 Best AI Ad Generators for Ecommerce [Top Picks for 2026],other,https://cropink.com/ai-ad-generators,cropink.com,1
CMCR-CIT-DDD588739B57EA49C53C4DD2,CMCR-CMP-20260819-C1-Q0022,CMCR-Q0022,通用 AI 视频生成工具和电商广告素材创作工具有什么区别？,对比决策问题,中华网科技频道,other,https://m.tech.china.com/redian/2026/0701/072026_1906902.html,m.tech.china.com,1
CMCR-CIT-4A651D25D93FCFD8659384C6,CMCR-CMP-20260819-C1-Q0023,CMCR-Q0023,电商团队怎么沉淀视频素材资产？,业务场景问题,如何利用AI实现电商素材的统一沉淀与管理_mob64ca1404ed65的技术博客_51CTO博客,other,https://blog.51cto.com/u_16213636/14735244,blog.51cto.com,2
CMCR-CIT-25ED2282280A781D560C6B5A,CMCR-CMP-20260819-C1-Q0023,CMCR-Q0023,电商团队怎么沉淀视频素材资产？,业务场景问题,稀土掘金,other,https://juejin.cn/post/7612929690668269611,juejin.cn,1
CMCR-CIT-A28E1D77B4F5C712A17A511D,CMCR-CMP-20260819-C1-Q0023,CMCR-Q0023,电商团队怎么沉淀视频素材资产？,业务场景问题,抖音,other,https://iesdouyin.com/share/video/7614762087525721571,iesdouyin.com,2
CMCR-CIT-6B366EBA85ECD7C6998F56BD,CMCR-CMP-20260819-C1-Q0023,CMCR-Q0023,电商团队怎么沉淀视频素材资产？,业务场景问题,抖音,other,https://iesdouyin.com/share/video/7630733523967626515,iesdouyin.com,2
CMCR-CIT-302C5ADF996C09ED205C0AD4,CMCR-CMP-20260819-C1-Q0023,CMCR-Q0023,电商团队怎么沉淀视频素材资产？,业务场景问题,Digital Asset Management for E-commerce: A Complete Guide,other,https://recharm.com/blog/dam-ecommerce,recharm.com,1
CMCR-CIT-C6C0BEBCBD61E75941971EA7,CMCR-CMP-20260819-C1-Q0023,CMCR-Q0023,电商团队怎么沉淀视频素材资产？,业务场景问题,电商直播素材管理:痛点解析与高效解决方案 - CSDN文库,other,https://wenku.csdn.net/column/0650oj1todi,wenku.csdn.net,1
CMCR-CIT-D280C9CC0D6F4A6EBEF6D536,CMCR-CMP-20260819-C1-Q0023,CMCR-Q0023,电商团队怎么沉淀视频素材资产？,业务场景问题,搜狐,media,https://m.sohu.com/a/992518726_122649014,m.sohu.com,1
CMCR-CIT-9DD8DBF2D188ACDECE47E73D,CMCR-CMP-20260819-C1-Q0023,CMCR-Q0023,电商团队怎么沉淀视频素材资产？,业务场景问题,抖音电商,platform_official,https://school.jinritemai.com/doudian/wap/article/aJXFPbWWNceA,school.jinritemai.com,1
CMCR-CIT-CA51BF4E86B75611FB995384,CMCR-CMP-20260819-C1-Q0023,CMCR-Q0023,电商团队怎么沉淀视频素材资产？,业务场景问题,影刀RPA多店铺商品素材中心与批量处理自动化实战 - 文章 - 开发者社区 - 火山引擎,other,https://developer.volcengine.com/articles/7648855103390089259,developer.volcengine.com,1
CMCR-CIT-104473EFBAA85C932E75D124,CMCR-CMP-20260819-C1-Q0023,CMCR-Q0023,电商团队怎么沉淀视频素材资产？,业务场景问题,SDMatte电商素材治理:透明PNG命名规范、分类标签、元数据自动打标_图像处理_序雨-快递鸟社区,other,https://kdniao.csdn.net/6a292fda32e65e1bae9eedce.html,kdniao.csdn.net,1
CMCR-CIT-161218E6BBBFBF22EAF5C82B,CMCR-CMP-20260819-C1-Q0023,CMCR-Q0023,电商团队怎么沉淀视频素材资产？,业务场景问题,2026 E-Commerce AI Visual Asset Library: GPT Image 2 Guide,other,https://flux-art.ai/blog/en/tutorials/dian-shang-ai-shi-jue-su-cai-ku-da-jian-yu-zi-chan-guan-li-wan-zheng-jiao-cheng.html,flux-art.ai,1
CMCR-CIT-0F12206168C9D8E4F670EF8B,CMCR-CMP-20260819-C1-Q0023,CMCR-Q0023,电商团队怎么沉淀视频素材资产？,业务场景问题,电商直播素材管理规范怎么做?多直播间素材库建设指南,other,https://musedam.cc/zh-CN/blog/live-commerce-asset-library-management,musedam.cc,1
CMCR-CIT-9CAC764E79642C5339A6BDB2,CMCR-CMP-20260819-C1-Q0023,CMCR-Q0023,电商团队怎么沉淀视频素材资产？,业务场景问题,跨境电商视频素材库搭建与素材标签方法 - 深圳世纪一度影视传媒有限公司,other,http://m.onesmovies.com/sys-nd/687.html,m.onesmovies.com,1
CMCR-CIT-7872402FAA3A937A84CC6541,CMCR-CMP-20260819-C1-Q0023,CMCR-Q0023,电商团队怎么沉淀视频素材资产？,业务场景问题,AI修图素材分级与命名规范:实测L1-L3管理法|PS AI Plugin,other,https://psaiplugin.com/blog/ai-c0dc66,psaiplugin.com,1
CMCR-CIT-F868F35EAF5307DDA7A7F499,CMCR-CMP-20260819-C1-Q0023,CMCR-Q0023,电商团队怎么沉淀视频素材资产？,业务场景问题,图片素材收藏夹分类方法:高效整理你的视觉资源库--喵闪,other,https://miao333.com/articles/image-stock-collection-folder-organization-methods,miao333.com,1
CMCR-CIT-A2AA3C5AEF9563294D623E07,CMCR-CMP-20260819-C1-Q0024,CMCR-Q0024,千川素材监测工具有哪些，能不能看同行素材？,品类认知问题,抖音,other,https://iesdouyin.com/share/video/7664907261168324287,iesdouyin.com,1
CMCR-CIT-CF379BAE2C79B8DF8448D32A,CMCR-CMP-20260819-C1-Q0024,CMCR-Q0024,千川素材监测工具有哪些，能不能看同行素材？,品类认知问题,‎考古加·创意-千川素材& 抖音广告素材分析工具 App - App Store,other,https://apps.apple.com/cn/app/%E8%80%83%E5%8F%A4%E5%8A%A0-%E5%88%9B%E6%84%8F-%E5%8D%83%E5%B7%9D%E7%B4%A0%E6%9D%90-%E6%8A%96%E9%9F%B3%E5%B9%BF%E5%91%8A%E7%B4%A0%E6%9D%90%E5%88%86%E6%9E%90%E5%B7%A5%E5%85%B7/id6743687007,apps.apple.com,1
CMCR-CIT-15699263F0FB35C131DCBE91,CMCR-CMP-20260819-C1-Q0024,CMCR-Q0024,千川素材监测工具有哪些，能不能看同行素材？,品类认知问题,抖音,other,https://iesdouyin.com/share/video/7650365262658582949,iesdouyin.com,2
CMCR-CIT-96449A340E72F993213CD3FF,CMCR-CMP-20260819-C1-Q0024,CMCR-Q0024,千川素材监测工具有哪些，能不能看同行素材？,品类认知问题,抖音,other,https://iesdouyin.com/share/video/7548007944147750196,iesdouyin.com,2
CMCR-CIT-306830CA39115285EA23FB92,CMCR-CMP-20260819-C1-Q0024,CMCR-Q0024,千川素材监测工具有哪些，能不能看同行素材？,品类认知问题,抖音,other,https://iesdouyin.com/share/video/7654157362026089780,iesdouyin.com,3
CMCR-CIT-1B5E7F09112C6CE5B70DD840,CMCR-CMP-20260819-C1-Q0024,CMCR-Q0024,千川素材监测工具有哪些，能不能看同行素材？,品类认知问题,决胜投流效率：抖音/tiktok广告素材制作、批量生成与投放,other,https://sz.lieju.com/wangzhanjianshe_tuiguang/92503289.html,sz.lieju.com,1
CMCR-CIT-83D2F60F8467C46BF78F94C6,CMCR-CMP-20260819-C1-Q0024,CMCR-Q0024,千川素材监测工具有哪些，能不能看同行素材？,品类认知问题,抖音,other,https://iesdouyin.com/share/video/7595501975858849381,iesdouyin.com,2
CMCR-CIT-C7853AF0C550A4CBEA4D8169,CMCR-CMP-20260819-C1-Q0024,CMCR-Q0024,千川素材监测工具有哪些，能不能看同行素材？,品类认知问题,怎么优化素材才能拉高ROI?从千川审核规则、竞品参考到数据复盘的一站式方案-一品威客网,other,https://m.epwk.com/meijie/322669.html,m.epwk.com,1
CMCR-CIT-89F3AA2CE056BD4F31327050,CMCR-CMP-20260819-C1-Q0024,CMCR-Q0024,千川素材监测工具有哪些，能不能看同行素材？,品类认知问题,今日头条,other,http://m.toutiao.com/group/7674894112465633807,m.toutiao.com,1
CMCR-CIT-0B7247A0A2CA4B9C02B8323F,CMCR-CMP-20260819-C1-Q0024,CMCR-Q0024,千川素材监测工具有哪些，能不能看同行素材？,品类认知问题,投放审核-巨量星图侧违规案例参考【千川】-星图营销服务平台,competitor,https://xingtu.cn/help-center/demander/132165,xingtu.cn,1
CMCR-CIT-9D417E4CB4B19032F7C497A2,CMCR-CMP-20260819-C1-Q0024,CMCR-Q0024,千川素材监测工具有哪些，能不能看同行素材？,品类认知问题,抖音,other,https://iesdouyin.com/share/video/7665985910521072930,iesdouyin.com,1
CMCR-CIT-97635CDF76D0930CDE846CFE,CMCR-CMP-20260819-C1-Q0024,CMCR-Q0024,千川素材监测工具有哪些，能不能看同行素材？,品类认知问题,抖音电商,platform_official,https://school.jinritemai.com/doudian/web/course-series/cJZHjLnhaLyw/cJZHjLnhaLywlJZJUawr9Aqg?from_school=1&should_full_screen=1&should_hide_bottom_nav=1,school.jinritemai.com,1
CMCR-CIT-992BCA0CB7B6080D05F3D7F6,CMCR-CMP-20260819-C1-Q0024,CMCR-Q0024,千川素材监测工具有哪些，能不能看同行素材？,品类认知问题,抖音,other,https://iesdouyin.com/share/video/7626305610576891145,iesdouyin.com,1
CMCR-CIT-5985533B6E8642BC763CE29E,CMCR-CMP-20260819-C1-Q0025,CMCR-Q0025,千川隐藏素材在哪里看？,业务场景问题,如何看千川隐藏素材? - 自媒体问答 - HCRM问答,other,https://bbs.huochengrm.cn/questions/21098.html,bbs.huochengrm.cn,2
CMCR-CIT-C5630304DA30A1F3C113EC14,CMCR-CMP-20260819-C1-Q0025,CMCR-Q0025,千川隐藏素材在哪里看？,业务场景问题,抖音,other,https://iesdouyin.com/share/video/7658224428979875066,iesdouyin.com,5
CMCR-CIT-78E94DF04C140AC2175145B4,CMCR-CMP-20260819-C1-Q0025,CMCR-Q0025,千川隐藏素材在哪里看？,业务场景问题,抖音电商,platform_official,https://school.jinritemai.com/doudian/wap/course-series/cJZHjLnhaLyw/cJZHjLnhaLywlJZJUawr8APt?from=douyinofficial_table%2F1000&from_school=1&should_full_screen=1&should_hide_bottom_nav=1,school.jinritemai.com,2
CMCR-CIT-B50B59B5828EBAC42FB0EBE7,CMCR-CMP-20260819-C1-Q0025,CMCR-Q0025,千川隐藏素材在哪里看？,业务场景问题,抖音,other,https://iesdouyin.com/share/video/7654157362026089780,iesdouyin.com,1
CMCR-CIT-A99441420A542D2EB9B50D4A,CMCR-CMP-20260819-C1-Q0025,CMCR-Q0025,千川隐藏素材在哪里看？,业务场景问题,抖音巨量千川平台更新低质量内容治理策略 - 多面手企业网络推广一站式服务,other,https://80tg.com/news/43430.html,80tg.com,1
CMCR-CIT-1F199D0A2BE4592D58FC3B87,CMCR-CMP-20260819-C1-Q0025,CMCR-Q0025,千川隐藏素材在哪里看？,业务场景问题,抖音电商,platform_official,https://school.jinritemai.com/doudian/wap/course-series/cJZHjLnhaLyw/cJZHjLnhaLywlJZJUawr8L8r?from_school=1&should_full_screen=1&should_hide_bottom_nav=1,school.jinritemai.com,3
CMCR-CIT-FC89B0735D108C74EC188F33,CMCR-CMP-20260819-C1-Q0025,CMCR-Q0025,千川隐藏素材在哪里看？,业务场景问题,抖音电商,platform_official,https://school.jinritemai.com/doudian/wap/course-series/cJZHjLnhaLyw/cJZHjLnhaLywlJZJUawr8L8r?from=gt%E4%BA%9A%E9%A9%AC%E9%80%8A%E7%94%B5%E5%95%86%E5%9F%B9%E8%AE%AD%E6%B5%81%E7%A8%8B%E5%9B%BE%2C%E2%9C%94%EF%B8%8F%E6%89%8B%E6%9C%BA%E4%BB%A3%E7%90%86ip%F0%9F%94%B4lu911.com%E2%9C%94%EF%B8%8F%2C%E4%BC%81%E4%B8%9A%E7%BD%91%E7%BB%9C%E5%AE%A3%E4%BC%A0%E6%8E%A8%E5%B9%BF%2C%E5%A5%BD%E7%94%A8%E7%9A%84vpn%E6%89%8B%E6%9C%BA%2C%E5%A4%96%E8%B4%B8%E7%9A%84%E7%BD%91%E7%BB%9C%E6%8E%A8%E5%B9%BF%E6%96%B9%E6%B3%95%2C%E2%9C%85%E2%9C%85%E7%BA%AF%E5%87%80%E4%BB%A3%E7%90%86ip%F0%9F%94%B4lu911.com%E2%9C%85%E2%9C%85%2Cvps%E9%9D%A2%E6%9D%BF%E6%8E%A8%E8%8D%90%2C%E6%B5%B7%E5%A4%96vpn%E4%BB%A3%E7%90%86&from_school=1&should_full_screen=1&should_hide_bottom_nav=1,school.jinritemai.com,1
CMCR-CIT-9DDD81F3200496A8336CA85E,CMCR-CMP-20260819-C1-Q0025,CMCR-Q0025,千川隐藏素材在哪里看？,业务场景问题,抖音,other,https://iesdouyin.com/share/video/7595133389545524901,iesdouyin.com,3
CMCR-CIT-58AA9A2D2284C6EC2103A7D2,CMCR-CMP-20260819-C1-Q0025,CMCR-Q0025,千川隐藏素材在哪里看？,业务场景问题,抖音,other,https://iesdouyin.com/share/video/7544311342484819240,iesdouyin.com,2
CMCR-CIT-0DBF4D4FDADE3DD6CCC29DCA,CMCR-CMP-20260819-C1-Q0025,CMCR-Q0025,千川隐藏素材在哪里看？,业务场景问题,抖音,other,https://iesdouyin.com/share/video/7372622841717574951,iesdouyin.com,1
CMCR-CIT-D9DDE3B8CFB2CFA72C6F6CD7,CMCR-CMP-20260819-C1-Q0025,CMCR-Q0025,千川隐藏素材在哪里看？,业务场景问题,抖音,other,https://iesdouyin.com/share/video/7592827724834639150,iesdouyin.com,1
CMCR-CIT-9502E1C09C7F2B2E6C25883E,CMCR-CMP-20260819-C1-Q0025,CMCR-Q0025,千川隐藏素材在哪里看？,业务场景问题,抖音电商,platform_official,https://school.jinritemai.com/doudian/wap/course-series/cJZHjLnhaLyw/cJZHjLnhaLywlJZJUawr8APt?from=href&from_school=1&should_full_screen=1&should_hide_bottom_nav=1,school.jinritemai.com,1
CMCR-CIT-43DF3B887CF27580AE63F6DE,CMCR-CMP-20260819-C1-Q0025,CMCR-Q0025,千川隐藏素材在哪里看？,业务场景问题,获取千川素材库视频-素材管理-商业开放平台,platform_official,https://open.oceanengine.com/docs/1739309912219663,open.oceanengine.com,1
CMCR-CIT-670FCD4395BBBC80B4FC758C,CMCR-CMP-20260819-C1-Q0025,CMCR-Q0025,千川隐藏素材在哪里看？,业务场景问题,抖音广告低质内容自查手册,other,https://m.tui39.com/jd/5847.html,m.tui39.com,1
CMCR-CIT-824C50DDC76BE1D1F89062A6,CMCR-CMP-20260819-C1-Q0025,CMCR-Q0025,千川隐藏素材在哪里看？,业务场景问题,抖音,other,https://iesdouyin.com/share/video/7668625298548535145,iesdouyin.com,1
CMCR-CIT-D0FCB4900B72E117BF7A0EE8,CMCR-CMP-20260819-C1-Q0025,CMCR-Q0025,千川隐藏素材在哪里看？,业务场景问题,抖音,other,https://iesdouyin.com/share/video/7620779939599630330,iesdouyin.com,2
CMCR-CIT-BCD8380BB2D50C61A93A8060,CMCR-CMP-20260819-C1-Q0025,CMCR-Q0025,千川隐藏素材在哪里看？,业务场景问题,抖音电商,platform_official,https://school.jinritemai.com/doudian/wap/course-series/cJZHjLnhaLyw/cJZHjLnhaLywlJZJUawr8kVG?from=shop_banner_app&from_school=1&should_full_screen=1&should_hide_bottom_nav=1,school.jinritemai.com,1
CMCR-CIT-48C3FB0F999FA071F92EEDB9,CMCR-CMP-20260819-C1-Q0025,CMCR-Q0025,千川隐藏素材在哪里看？,业务场景问题,抖音,other,https://iesdouyin.com/share/video/7657960082713790833,iesdouyin.com,1
CMCR-CIT-2A42D7F02BD82DA7F6A651DC,CMCR-CMP-20260819-C1-Q0025,CMCR-Q0025,千川隐藏素材在哪里看？,业务场景问题,编辑全域投放计划-千川PC乘方& 全域投放-商业开放平台,platform_official,https://open.oceanengine.com/labels/12/docs/1804361214022656,open.oceanengine.com,1
CMCR-CIT-E6B2DF005AAD704F5FB2B79E,CMCR-CMP-20260819-C1-Q0025,CMCR-Q0025,千川隐藏素材在哪里看？,业务场景问题,抖音,other,https://iesdouyin.com/share/video/7485325442342259977,iesdouyin.com,1
CMCR-CIT-BF608AFB200DD51203058302,CMCR-CMP-20260819-C1-Q0025,CMCR-Q0025,千川隐藏素材在哪里看？,业务场景问题,获取千川素材库图片-素材管理-商业开放平台,platform_official,https://open.oceanengine.com/labels/12/docs/1739304248623182,open.oceanengine.com,1
CMCR-CIT-18E2F27754BA394C2A761B91,CMCR-CMP-20260819-C1-Q0025,CMCR-Q0025,千川隐藏素材在哪里看？,业务场景问题,千川素材越投越亏问题出在哪?抖音素材工具背后的创意战争你必须看懂 封面 凌晨两点，投放群还在弹消息。 “素材又跑飞了，消耗五千转化零蛋。”“那条爆量视频被暗水印判搬运，直接限流。”“竞品新上的口播片看着也没啥特别，怎么成本压到我们三分之一?” 如果你在抖音电商投过千川，这些对话大概率不陌生。2026年开年到现在，我接触了不下二十个投放团队，有年耗过亿的品牌方，也有刚起盘的白牌玩家，大家焦虑的东西出,other,https://resources.youcloud.com/youshu/blog/3329,resources.youcloud.com,1
CMCR-CIT-A1FEBCB3D3F0247F5F602804,CMCR-CMP-20260819-C1-Q0025,CMCR-Q0025,千川隐藏素材在哪里看？,业务场景问题,抖音电商,platform_official,https://school.jinritemai.com/doudian/wap/course-series/cJZHjLnhaLyw/cJZHjLnhaLywlJZJUawr8APt?from_school=1&should_full_screen=1&should_hide_bottom_nav=1,school.jinritemai.com,1
CMCR-CIT-E1427EC8267B361458BE5097,CMCR-CMP-20260819-C1-Q0025,CMCR-Q0025,千川隐藏素材在哪里看？,业务场景问题,抖音暗水印上线:精准打击素材搬运，重塑内容生态,other,https://tojoyun.com/m/news/zixun/69aa055090619210bf106efb,tojoyun.com,1
CMCR-CIT-9F27FF21D7062557A2A7301D,CMCR-CMP-20260819-C1-Q0026,CMCR-Q0026,千川素材库在哪里看，能看到哪些素材和投放数据？,案例/效果问题,权限点与接口关系-入门指南-商业开放平台,platform_official,https://open.oceanengine.com/labels/12/docs/1699625068225550?origin=left_nav,open.oceanengine.com,1
CMCR-CIT-380FA6656A93C2AD49B4D20A,CMCR-CMP-20260819-C1-Q0026,CMCR-Q0026,千川素材库在哪里看，能看到哪些素材和投放数据？,案例/效果问题,📃【超级编导--巨量千川/广告】分发使用帮助,other,https://help.superdir.cn/docs/chao-ji-bian-dao-ju-liang-qian-chuan-guang-gao-su-cai-fen-fa-shi-yong-bang-zhu,help.superdir.cn,1
CMCR-CIT-A8AF02D51C6A709E015303C6,CMCR-CMP-20260819-C1-Q0026,CMCR-Q0026,千川素材库在哪里看，能看到哪些素材和投放数据？,案例/效果问题,抖音,other,https://iesdouyin.com/share/video/7671535524846259510,iesdouyin.com,1
CMCR-CIT-1C2B249BBA6EC5BC547140EC,CMCR-CMP-20260819-C1-Q0026,CMCR-Q0026,千川素材库在哪里看，能看到哪些素材和投放数据？,案例/效果问题,蝉妈妈·创意 - 千川投放素材_短视频素材创意服务平台,official_direct,https://cy.chanmama.com/inspiration-center,cy.chanmama.com,1
CMCR-CIT-3EA5A3C23D3C252FE479AE02,CMCR-CMP-20260819-C1-Q0026,CMCR-Q0026,千川素材库在哪里看，能看到哪些素材和投放数据？,案例/效果问题,如何查看千川素材? - 自媒体问答 - HCRM问答,other,https://bbs.huochengrm.cn/questions/4320.html,bbs.huochengrm.cn,1
CMCR-CIT-ADCE0D522E8CE0B263A6AA67,CMCR-CMP-20260819-C1-Q0026,CMCR-Q0026,千川素材库在哪里看，能看到哪些素材和投放数据？,案例/效果问题,抖音电商,platform_official,https://school.jinritemai.com/doudian/wap/course-series/cJZHjLnhaLyw/cJZHjLnhaLywlJZJUawr8APt?from=douyinofficial_table%2F1000&from_school=1&should_full_screen=1&should_hide_bottom_nav=1,school.jinritemai.com,2
CMCR-CIT-3059265F3808C3252BA82F98,CMCR-CMP-20260819-C1-Q0026,CMCR-Q0026,千川素材库在哪里看，能看到哪些素材和投放数据？,案例/效果问题,获取千川素材库视频-素材管理-商业开放平台,platform_official,https://open.oceanengine.com/docs/1739309912219663,open.oceanengine.com,1
CMCR-CIT-7068380B97D946002AD1A8E7,CMCR-CMP-20260819-C1-Q0026,CMCR-Q0026,千川素材库在哪里看，能看到哪些素材和投放数据？,案例/效果问题,巨量千川投放对素材方面的规范，必看！,other,https://product.11467.com/ziliao/13470310.pdf,product.11467.com,1
CMCR-CIT-46DEF59778A713818F0D4CB8,CMCR-CMP-20260819-C1-Q0026,CMCR-Q0026,千川素材库在哪里看，能看到哪些素材和投放数据？,案例/效果问题,视频支持推送巨量营销/千川/本地推/DOU+-星图营销服务平台,competitor,https://xingtu.cn/help-center/demander/114316,xingtu.cn,1
CMCR-CIT-7D363800DCCBEEDF76070BBA,CMCR-CMP-20260819-C1-Q0026,CMCR-Q0026,千川素材库在哪里看，能看到哪些素材和投放数据？,案例/效果问题,巨量千川素材有哪些规则? 怎么解决拒审 抖音开户,other,https://beijing.11467.com/info/29904975.htm,beijing.11467.com,1
CMCR-CIT-C23096C462F2E1305CD605F5,CMCR-CMP-20260819-C1-Q0026,CMCR-Q0026,千川素材库在哪里看，能看到哪些素材和投放数据？,案例/效果问题,投放流程介绍说明-千川PC标准投放-商业开放平台,platform_official,https://open.oceanengine.com/docs/1698797636713486,open.oceanengine.com,1
CMCR-CIT-A5C483E794CDB61144362CC0,CMCR-CMP-20260819-C1-Q0026,CMCR-Q0026,千川素材库在哪里看，能看到哪些素材和投放数据？,案例/效果问题,获取投放素材数据-数据报表-商业开放平台,platform_official,https://open.oceanengine.com/docs/1745207002572807,open.oceanengine.com,1
CMCR-CIT-FB644C4D788A8CE2E90E3A3C,CMCR-CMP-20260819-C1-Q0026,CMCR-Q0026,千川素材库在哪里看，能看到哪些素材和投放数据？,案例/效果问题,抖音,other,https://iesdouyin.com/share/video/7666424236554063167,iesdouyin.com,1
CMCR-CIT-84BE6B7A7C52D8DA89308871,CMCR-CMP-20260819-C1-Q0026,CMCR-Q0026,千川素材库在哪里看，能看到哪些素材和投放数据？,案例/效果问题,抖音,other,https://iesdouyin.com/share/video/7671239315024215525,iesdouyin.com,2
CMCR-CIT-8A4C3962202481B363413BB9,CMCR-CMP-20260819-C1-Q0026,CMCR-Q0026,千川素材库在哪里看，能看到哪些素材和投放数据？,案例/效果问题,抖音,other,https://iesdouyin.com/share/video/7666410545121103104,iesdouyin.com,2
CMCR-CIT-A610E13819F63F4121D18E20,CMCR-CMP-20260819-C1-Q0027,CMCR-Q0027,巨量千川素材库在哪里看，第三方工具还能补充什么？,业务场景问题,如何查看千川素材? - 自媒体问答 - HCRM问答,other,https://bbs.huochengrm.cn/questions/4320.html,bbs.huochengrm.cn,1
CMCR-CIT-1BDDA07280B1CA4673930692,CMCR-CMP-20260819-C1-Q0027,CMCR-Q0027,巨量千川素材库在哪里看，第三方工具还能补充什么？,业务场景问题,📃【超级编导--巨量千川/广告】分发使用帮助,other,https://help.superdir.cn/docs/chao-ji-bian-dao-ju-liang-qian-chuan-guang-gao-su-cai-fen-fa-shi-yong-bang-zhu,help.superdir.cn,1
CMCR-CIT-02E009C256E92F683065B414,CMCR-CMP-20260819-C1-Q0027,CMCR-Q0027,巨量千川素材库在哪里看，第三方工具还能补充什么？,业务场景问题,巨量创意,platform_official,https://cc.oceanengine.com/my-assets,cc.oceanengine.com,1
CMCR-CIT-AB6603DB8B9DA61DC0BC52A6,CMCR-CMP-20260819-C1-Q0027,CMCR-Q0027,巨量千川素材库在哪里看，第三方工具还能补充什么？,业务场景问题,抖音,other,https://iesdouyin.com/share/video/7599676597336331145,iesdouyin.com,1
CMCR-CIT-909100C5F33706C207E0C122,CMCR-CMP-20260819-C1-Q0027,CMCR-Q0027,巨量千川素材库在哪里看，第三方工具还能补充什么？,业务场景问题,巨量千川帮助中心,platform_official,https://qianchuan.jinritemai.com/help/academy?pageId=academy-qianchuan,qianchuan.jinritemai.com,1
CMCR-CIT-A8DF2D454F68EA7922ED17F8,CMCR-CMP-20260819-C1-Q0027,CMCR-Q0027,巨量千川素材库在哪里看，第三方工具还能补充什么？,业务场景问题,巨量星图素材集市操作指南-星图营销服务平台,competitor,https://xingtu.cn/help-center/demander/133122,xingtu.cn,1
CMCR-CIT-A10E73630A73CCB6F804524C,CMCR-CMP-20260819-C1-Q0027,CMCR-Q0027,巨量千川素材库在哪里看，第三方工具还能补充什么？,业务场景问题,千川业务工具-MCP 简介-商业开放平台,platform_official,https://open.oceanengine.com/labels/12/docs/1839622960207943,open.oceanengine.com,1
CMCR-CIT-468A0BDE3AADFB8B9E39C40B,CMCR-CMP-20260819-C1-Q0027,CMCR-Q0027,巨量千川素材库在哪里看，第三方工具还能补充什么？,业务场景问题,【重磅消息】买量小飞机喜获“巨量千川”官方推荐位! – 买量小飞机,other,https://smallfighter.com/post/1927,smallfighter.com,1
CMCR-CIT-A50B287F06BF216C2A7DD35F,CMCR-CMP-20260819-C1-Q0027,CMCR-Q0027,巨量千川素材库在哪里看，第三方工具还能补充什么？,业务场景问题,千管家_巨量千川推广投放助手，智能高效广告批量投放工具,other,https://qc.uliangtech.com/,qc.uliangtech.com,1
CMCR-CIT-84CC134F0D29E004D295E3CF,CMCR-CMP-20260819-C1-Q0027,CMCR-Q0027,巨量千川素材库在哪里看，第三方工具还能补充什么？,业务场景问题,抖音,other,https://iesdouyin.com/share/video/7670332899908057445,iesdouyin.com,1
CMCR-CIT-C710B66C61B57C376EF621EC,CMCR-CMP-20260819-C1-Q0027,CMCR-Q0027,巨量千川素材库在哪里看，第三方工具还能补充什么？,业务场景问题,起量符官方网站 - 千川手机版,other,https://qiliangfu.com/,qiliangfu.com,1
CMCR-CIT-46315C89C0EAA0F271CA1040,CMCR-CMP-20260819-C1-Q0027,CMCR-Q0027,巨量千川素材库在哪里看，第三方工具还能补充什么？,业务场景问题,搜狐,media,https://m.sohu.com/a/1036971737_122874575,m.sohu.com,1
CMCR-CIT-49F2376483D99A50D4B14D1A,CMCR-CMP-20260819-C1-Q0027,CMCR-Q0027,巨量千川素材库在哪里看，第三方工具还能补充什么？,业务场景问题,文章详情 - 巨量千川帮助中心,platform_official,https://qianchuan.jinritemai.com/help/content/root?mappingType=1&pageId=221&spaceId=122,qianchuan.jinritemai.com,1
CMCR-CIT-0CDAE8802D757EC9B16AA28F,CMCR-CMP-20260819-C1-Q0027,CMCR-Q0027,巨量千川素材库在哪里看，第三方工具还能补充什么？,业务场景问题,获取千川素材库视频-素材管理-商业开放平台,platform_official,https://open.oceanengine.com/docs/1739309912219663,open.oceanengine.com,1
CMCR-CIT-EB0B77AC3848C2A62609BCA4,CMCR-CMP-20260819-C1-Q0027,CMCR-Q0027,巨量千川素材库在哪里看，第三方工具还能补充什么？,业务场景问题,巨量创意,platform_official,https://cc.oceanengine.com/academy/article-detail/94d0cc32d22c535e09f14ea77f9ee51c,cc.oceanengine.com,1
CMCR-CIT-DF09E55132E609344C206811,CMCR-CMP-20260819-C1-Q0027,CMCR-Q0027,巨量千川素材库在哪里看，第三方工具还能补充什么？,业务场景问题,权限点与接口关系-入门指南-商业开放平台,platform_official,https://open.oceanengine.com/docs/1699625068225550,open.oceanengine.com,1
CMCR-CIT-DC7BE6B40CCE26DC8107F113,CMCR-CMP-20260819-C1-Q0027,CMCR-Q0027,巨量千川素材库在哪里看，第三方工具还能补充什么？,业务场景问题,巨量千川帮助中心,platform_official,https://qianchuan.jinritemai.com/help?pageId=221&spaceId=122,qianchuan.jinritemai.com,1
CMCR-CIT-0EF6169CCAE22D1D41C40360,CMCR-CMP-20260819-C1-Q0027,CMCR-Q0027,巨量千川素材库在哪里看，第三方工具还能补充什么？,业务场景问题,视频支持推送巨量营销/千川/本地推/DOU+-星图营销服务平台,competitor,https://xingtu.cn/help-center/demander/114316,xingtu.cn,1
CMCR-CIT-664E972A9E2F857D0AD1B0C9,CMCR-CMP-20260819-C1-Q0028,CMCR-Q0028,千川素材怎么看，怎么判断是否值得跟进？,案例/效果问题,抖音,other,https://iesdouyin.com/share/video/7666424236554063167,iesdouyin.com,3
CMCR-CIT-389EF8E246E49C958FF6714F,CMCR-CMP-20260819-C1-Q0028,CMCR-Q0028,千川素材怎么看，怎么判断是否值得跟进？,案例/效果问题,抖音,other,https://iesdouyin.com/share/video/7671535524846259510,iesdouyin.com,3
CMCR-CIT-4D260E4996A5A425521C0E28,CMCR-CMP-20260819-C1-Q0028,CMCR-Q0028,千川素材怎么看，怎么判断是否值得跟进？,案例/效果问题,抖音,other,https://iesdouyin.com/share/video/7654168875247996196,iesdouyin.com,2
CMCR-CIT-247AB672E7EEFA1B66CCBABA,CMCR-CMP-20260819-C1-Q0028,CMCR-Q0028,千川素材怎么看，怎么判断是否值得跟进？,案例/效果问题,抖音,other,https://iesdouyin.com/share/video/7658190626953603441,iesdouyin.com,1
CMCR-CIT-018814A4AD2348816F2AF535,CMCR-CMP-20260819-C1-Q0028,CMCR-Q0028,千川素材怎么看，怎么判断是否值得跟进？,案例/效果问题,抖音,other,https://iesdouyin.com/share/video/7656731625048329514,iesdouyin.com,1
CMCR-CIT-40960018D56B457AA4FB6BD2,CMCR-CMP-20260819-C1-Q0028,CMCR-Q0028,千川素材怎么看，怎么判断是否值得跟进？,案例/效果问题,抖音,other,https://iesdouyin.com/share/video/7617711303792102656,iesdouyin.com,1
CMCR-CIT-29B1AA2F2B9E2BC840B7A1A5,CMCR-CMP-20260819-C1-Q0028,CMCR-Q0028,千川素材怎么看，怎么判断是否值得跟进？,案例/效果问题,抖音,other,https://iesdouyin.com/share/video/7657878005833911598,iesdouyin.com,2
CMCR-CIT-3AA7D4BF03D265FB34ECEC95,CMCR-CMP-20260819-C1-Q0028,CMCR-Q0028,千川素材怎么看，怎么判断是否值得跟进？,案例/效果问题,抖音,other,https://iesdouyin.com/share/video/7645204971956309275,iesdouyin.com,1
CMCR-CIT-70FC8A09E0C230924390D40C,CMCR-CMP-20260819-C1-Q0028,CMCR-Q0028,千川素材怎么看，怎么判断是否值得跟进？,案例/效果问题,抖音,other,https://iesdouyin.com/share/video/7657240320056249635,iesdouyin.com,1
CMCR-CIT-D595168A869DA6AA02F8CF85,CMCR-CMP-20260819-C1-Q0028,CMCR-Q0028,千川素材怎么看，怎么判断是否值得跟进？,案例/效果问题,抖音,other,https://iesdouyin.com/share/video/7666410545121103104,iesdouyin.com,1
CMCR-CIT-71A61C62EAE00903D9081470,CMCR-CMP-20260819-C1-Q0028,CMCR-Q0028,千川素材怎么看，怎么判断是否值得跟进？,案例/效果问题,抖音,other,https://iesdouyin.com/share/video/7671239315024215525,iesdouyin.com,1
CMCR-CIT-093C93EDD28238A13D2C7A48,CMCR-CMP-20260819-C1-Q0028,CMCR-Q0028,千川素材怎么看，怎么判断是否值得跟进？,案例/效果问题,抖音,other,https://iesdouyin.com/share/video/7671546366346186036,iesdouyin.com,1
CMCR-CIT-8C84C7D0AE30D764EEDA82D9,CMCR-CMP-20260819-C1-Q0028,CMCR-Q0028,千川素材怎么看，怎么判断是否值得跟进？,案例/效果问题,2026抖音干川素材投放后运营全攻略，让素材持续爆量- 大数跨境,other,https://m.10100.com/article/129969835,m.10100.com,1
CMCR-CIT-115E13AA9611723C69CF4EC3,CMCR-CMP-20260819-C1-Q0028,CMCR-Q0028,千川素材怎么看，怎么判断是否值得跟进？,案例/效果问题,抖音,other,https://iesdouyin.com/share/video/7666416462059408686,iesdouyin.com,1
CMCR-CIT-68C8EF06195C55860A230B9F,CMCR-CMP-20260819-C1-Q0028,CMCR-Q0028,千川素材怎么看，怎么判断是否值得跟进？,案例/效果问题,抖音,other,https://iesdouyin.com/share/video/7642165676098527398,iesdouyin.com,1
CMCR-CIT-89BD91FAF0B5F5DF96252300,CMCR-CMP-20260819-C1-Q0028,CMCR-Q0028,千川素材怎么看，怎么判断是否值得跟进？,案例/效果问题,抖音,other,https://iesdouyin.com/share/video/7644477464081657073,iesdouyin.com,1
CMCR-CIT-8A386F2982B99EA055B29394,CMCR-CMP-20260819-C1-Q0028,CMCR-Q0028,千川素材怎么看，怎么判断是否值得跟进？,案例/效果问题,抖音,other,https://iesdouyin.com/share/video/7655989897978727715,iesdouyin.com,1
CMCR-CIT-0DB6096B236F0F664F9CCC6C,CMCR-CMP-20260819-C1-Q0028,CMCR-Q0028,千川素材怎么看，怎么判断是否值得跟进？,案例/效果问题,千川素材如何判断?-抖音/快手/短视频/直播 荷塘月色_淘宝抖音跨境电商卖家论坛社区,other,https://htys123.com/forum.php?authorid=293957&mobile=no&mod=viewthread&tid=218296,htys123.com,1
CMCR-CIT-9393ED17D6EE5BF3AFB079A3,CMCR-CMP-20260819-C1-Q0029,CMCR-Q0029,怎么查看同行正在投放的千川素材？,业务场景问题,抖音,other,https://iesdouyin.com/share/video/7626305610576891145,iesdouyin.com,2
CMCR-CIT-A0181A9B356459DCA03E2511,CMCR-CMP-20260819-C1-Q0029,CMCR-Q0029,怎么查看同行正在投放的千川素材？,业务场景问题,抖音,other,https://iesdouyin.com/share/video/7650365262658582949,iesdouyin.com,1
CMCR-CIT-D21C7CADF18EFD5609B829FF,CMCR-CMP-20260819-C1-Q0029,CMCR-Q0029,怎么查看同行正在投放的千川素材？,业务场景问题,抖音,other,https://iesdouyin.com/share/video/7654157362026089780,iesdouyin.com,3
CMCR-CIT-CAB86BEE57FA5CDB8CE78770,CMCR-CMP-20260819-C1-Q0029,CMCR-Q0029,怎么查看同行正在投放的千川素材？,业务场景问题,抖音,other,https://iesdouyin.com/share/video/7635876642010778916,iesdouyin.com,2
CMCR-CIT-BF41CA46236F6EFDE5E4BA90,CMCR-CMP-20260819-C1-Q0029,CMCR-Q0029,怎么查看同行正在投放的千川素材？,业务场景问题,获取全域投放计划下素材-千川PC乘方& 全域投放-商业开放平台,platform_official,https://open.oceanengine.com/docs/1804363488115850,open.oceanengine.com,1
CMCR-CIT-553FEECEC65455626305B551,CMCR-CMP-20260819-C1-Q0029,CMCR-Q0029,怎么查看同行正在投放的千川素材？,业务场景问题,抖音电商,platform_official,https://school.jinritemai.com/doudian/web/course-series/cJZHjLnhaLyw/cJZHjLnhaLywlJZJUawr9Aqg?from_school=1&should_full_screen=1&should_hide_bottom_nav=1,school.jinritemai.com,1
CMCR-CIT-CCEA08E215444B5D209A8C8A,CMCR-CMP-20260819-C1-Q0029,CMCR-Q0029,怎么查看同行正在投放的千川素材？,业务场景问题,抖音,other,https://iesdouyin.com/share/video/7620338191074411178,iesdouyin.com,1
CMCR-CIT-EA2880F61475F846B8E3EB93,CMCR-CMP-20260819-C1-Q0029,CMCR-Q0029,怎么查看同行正在投放的千川素材？,业务场景问题,抖音,other,https://iesdouyin.com/share/video/7655728507716177190,iesdouyin.com,1
CMCR-CIT-E7E659C193540ACD320CA64C,CMCR-CMP-20260819-C1-Q0029,CMCR-Q0029,怎么查看同行正在投放的千川素材？,业务场景问题,抖音,other,https://iesdouyin.com/share/video/7269264174394527010,iesdouyin.com,1
CMCR-CIT-231EE3D66422052A0F469864,CMCR-CMP-20260819-C1-Q0029,CMCR-Q0029,怎么查看同行正在投放的千川素材？,业务场景问题,如何查看对方千川素材? - 自媒体问答 - HCRM问答,other,https://bbs.huochengrm.cn/questions/20946.html,bbs.huochengrm.cn,1
CMCR-CIT-B17A114C3A4FB6500D9A6164,CMCR-CMP-20260819-C1-Q0029,CMCR-Q0029,怎么查看同行正在投放的千川素材？,业务场景问题,抖音,other,https://iesdouyin.com/share/video/7672583424054978021,iesdouyin.com,1
CMCR-CIT-A4495A58CF92C4C8C5CBAC55,CMCR-CMP-20260819-C1-Q0029,CMCR-Q0029,怎么查看同行正在投放的千川素材？,业务场景问题,抖音,other,https://iesdouyin.com/share/video/7576168160118852891,iesdouyin.com,1
CMCR-CIT-2E06B3328290F034F0E1774D,CMCR-CMP-20260819-C1-Q0029,CMCR-Q0029,怎么查看同行正在投放的千川素材？,业务场景问题,怎么优化素材才能拉高ROI?从千川审核规则、竞品参考到数据复盘的一站式方案-一品威客网,other,https://m.epwk.com/meijie/322669.html,m.epwk.com,1
CMCR-CIT-D200B9CF2E101589B2495DF8,CMCR-CMP-20260819-C1-Q0029,CMCR-Q0029,怎么查看同行正在投放的千川素材？,业务场景问题,抖音,other,https://iesdouyin.com/share/video/7658224428979875066,iesdouyin.com,1
CMCR-CIT-B1851C25FB8706989A2F5850,CMCR-CMP-20260819-C1-Q0030,CMCR-Q0030,同行新投素材怎么监测，多久能发现？,业务场景问题,搜狐,media,https://m.sohu.com/a/1043282400_122634602,m.sohu.com,1
CMCR-CIT-9E0E10113A100B9545C793B6,CMCR-CMP-20260819-C1-Q0030,CMCR-Q0030,同行新投素材怎么监测，多久能发现？,业务场景问题,抖音,other,https://iesdouyin.com/share/video/7653761528339959050,iesdouyin.com,1
CMCR-CIT-44C93CCAE93215D32DC6A167,CMCR-CMP-20260819-C1-Q0030,CMCR-Q0030,同行新投素材怎么监测，多久能发现？,业务场景问题,抖音短视频的广告素材应当怎样开展投放测试?-精准获客,other,https://jingzhunhuoke.net/4470.html,jingzhunhuoke.net,1
CMCR-CIT-6E87E49F4F2D4A4B80105C8C,CMCR-CMP-20260819-C1-Q0030,CMCR-Q0030,同行新投素材怎么监测，多久能发现？,业务场景问题,抖音,other,https://iesdouyin.com/share/video/7663426317698668520,iesdouyin.com,1
CMCR-CIT-D444EB6352E22392BA2D5F03,CMCR-CMP-20260819-C1-Q0030,CMCR-Q0030,同行新投素材怎么监测，多久能发现？,业务场景问题,抖音,other,https://iesdouyin.com/share/video/7668990315375158390,iesdouyin.com,1
CMCR-CIT-BE4EACB361F87DF240205C15,CMCR-CMP-20260819-C1-Q0030,CMCR-Q0030,同行新投素材怎么监测，多久能发现？,业务场景问题,Meta and TikTok Ad Library Competitor Creative Monitoring,other,https://pagecrawl.io/blog/meta-tiktok-ad-library-competitor-creative-monitoring,pagecrawl.io,2
CMCR-CIT-DD300EBAE53D014A49B8B704,CMCR-CMP-20260819-C1-Q0030,CMCR-Q0030,同行新投素材怎么监测，多久能发现？,业务场景问题,2026日韩App出海素材监测方法:初创企业三大渠道选型对比 - 上海虹口江湾其他广告 - 上海列举网,other,https://sh.lieju.com/guanggaomeiti/96275337.html,sh.lieju.com,1
CMCR-CIT-0E96142EE5BFC71C83327CC8,CMCR-CMP-20260819-C1-Q0030,CMCR-Q0030,同行新投素材怎么监测，多久能发现？,业务场景问题,What’s New in Ad Radar: Real-Time Competitor Display Ad Tracking,other,https://adsroid.com/whats-new-in-ad-radar-real-time-competitor-display-ad-tracking,adsroid.com,1
CMCR-CIT-A2FC32AA8E5BB17D74D82A50,CMCR-CMP-20260819-C1-Q0030,CMCR-Q0030,同行新投素材怎么监测，多久能发现？,业务场景问题,2026移动广告情报工具核心功能解析 全方位适配App UA精细化投放_素材_数据,media,https://biznews.sohu.com/a/1049887460_121626275,biznews.sohu.com,1
CMCR-CIT-156B41216AF662F2DAA5DF50,CMCR-CMP-20260819-C1-Q0030,CMCR-Q0030,同行新投素材怎么监测，多久能发现？,业务场景问题,网易,media,https://163.com/money/article/KVHL0MAS00259I71.html,163.com,1
CMCR-CIT-D55071A74E2765E1921E1D38,CMCR-CMP-20260819-C1-Q0030,CMCR-Q0030,同行新投素材怎么监测，多久能发现？,业务场景问题,中华网科技频道,other,https://m.tech.china.com/redian/2026/0629/062026_1904263.html,m.tech.china.com,1
CMCR-CIT-CE0852F3B00F6D112FE0C494,CMCR-CMP-20260819-C1-Q0030,CMCR-Q0030,同行新投素材怎么监测，多久能发现？,业务场景问题,淘宝,other,https://goods.taobao.com/t/daiyunying_16960/0419f96f76ffc02862ef454d04177228.html,goods.taobao.com,1
CMCR-CIT-2455DBF99049188A87BB51D0,CMCR-CMP-20260819-C1-Q0030,CMCR-Q0030,同行新投素材怎么监测，多久能发现？,业务场景问题,网易,media,https://163.com/dy/article/L2GUIA160556OFA0.html,163.com,1
CMCR-CIT-9C7075A461665651E8B34EF5,CMCR-CMP-20260819-C1-Q0030,CMCR-Q0030,同行新投素材怎么监测，多久能发现？,业务场景问题,爆款素材选购指南:厦门蝉羽网络科技3大核心指标_中商在线-商业新知,other,https://shangyexinzhi.com/article/32752204.html,shangyexinzhi.com,1
CMCR-CIT-08463429C9ADDAEE0507075D,CMCR-CMP-20260819-C1-Q0030,CMCR-Q0030,同行新投素材怎么监测，多久能发现？,业务场景问题,抖音,other,https://iesdouyin.com/share/video/7651881851947288454,iesdouyin.com,1
CMCR-CIT-F4ED8DDC201F617476B47BB9,CMCR-CMP-20260819-C1-Q0030,CMCR-Q0030,同行新投素材怎么监测，多久能发现？,业务场景问题,蝉妈妈·创意 - 千川投放素材_短视频素材创意服务平台,official_direct,https://cy.chanmama.com/,cy.chanmama.com,1
CMCR-CIT-4EC95CE65187B599DD20E811,CMCR-CMP-20260819-C1-Q0030,CMCR-Q0030,同行新投素材怎么监测，多久能发现？,业务场景问题,最大化千川ROI:有米有数相比蝉妈妈的独特优势,other,https://resources.youcloud.com/youshu/blog/2502,resources.youcloud.com,1
CMCR-CIT-D4EB9B65CDED94547C031043,CMCR-CMP-20260819-C1-Q0030,CMCR-Q0030,同行新投素材怎么监测，多久能发现？,业务场景问题,5000字长文，颗粒级“抄”爆同行素材!_二类电商易水寒-商业新知,other,https://shangyexinzhi.com/article/13119727.html,shangyexinzhi.com,1
CMCR-CIT-FB290F8DDF13E6B23D1064C3,CMCR-CMP-20260819-C1-Q0030,CMCR-Q0030,同行新投素材怎么监测，多久能发现？,业务场景问题,获取千川素材库视频-素材管理-商业开放平台,platform_official,https://open.oceanengine.com/labels/12/docs/1739309912219663,open.oceanengine.com,1
CMCR-CIT-C1842C4BB607C533B8B89C67,CMCR-CMP-20260819-C1-Q0030,CMCR-Q0030,同行新投素材怎么监测，多久能发现？,业务场景问题,抖音,other,https://iesdouyin.com/share/video/7663330989812493806,iesdouyin.com,1
CMCR-CIT-1582E22EA16C59578C16AD86,CMCR-CMP-20260819-C1-Q0030,CMCR-Q0030,同行新投素材怎么监测，多久能发现？,业务场景问题,抖音电商,platform_official,https://school.jinritemai.com/doudian/wap/course-series/cJZHjLnhaLyw/cJZHjLnhaLywlJZJUawr8L8r?from_school=1&should_full_screen=1&should_hide_bottom_nav=1,school.jinritemai.com,1
CMCR-CIT-104D1D9C414C0F47C7F16896,CMCR-CMP-20260819-C1-Q0030,CMCR-Q0030,同行新投素材怎么监测，多久能发现？,业务场景问题,数据报表-商业开放平台,platform_official,https://open.oceanengine.com/labels/9/docs/1696710549068815,open.oceanengine.com,1
CMCR-CIT-B0EBD04FE78D238564CE2B7B,CMCR-CMP-20260819-C1-Q0031,CMCR-Q0031,怎么监控同行爆量素材，一爆量就能收到提醒吗？,业务场景问题,Meta and TikTok Ad Library Competitor Creative Monitoring,other,https://pagecrawl.io/blog/meta-tiktok-ad-library-competitor-creative-monitoring,pagecrawl.io,1
CMCR-CIT-FA2F88628C627E4BD6E6E4DF,CMCR-CMP-20260819-C1-Q0031,CMCR-Q0031,怎么监控同行爆量素材，一爆量就能收到提醒吗？,业务场景问题,怎么通过关键词订阅来查看最近公众号的爆款文章 - 稿轻松编辑器,other,https://a.jzl.com/news/39,a.jzl.com,1
CMCR-CIT-B53C234B12FB6CB17BE26E32,CMCR-CMP-20260819-C1-Q0031,CMCR-Q0031,怎么监控同行爆量素材，一爆量就能收到提醒吗？,业务场景问题,Tools for Identifying Competitor Viral Content: Outlier Detection and Analysis Compared in 2026,other,https://tubeanalytics.net/blog/tools-identifying-competitor-viral-content,tubeanalytics.net,1
CMCR-CIT-418DAED46A9A7DC2AE174891,CMCR-CMP-20260819-C1-Q0031,CMCR-Q0031,怎么监控同行爆量素材，一爆量就能收到提醒吗？,业务场景问题,人工智能 - 扣子Coze实战:从0到1打造抖音+小红书热点监控智能体 - 架构师汤师爷 - SegmentFault 思否,other,https://segmentfault.com/a/1190000047592711,segmentfault.com,1
CMCR-CIT-A3E35CDFE659BC1C7BE4267C,CMCR-CMP-20260819-C1-Q0031,CMCR-Q0031,怎么监控同行爆量素材，一爆量就能收到提醒吗？,业务场景问题,抖音,other,https://iesdouyin.com/share/video/7670080186025556918,iesdouyin.com,1
CMCR-CIT-5AAA7E58F1E63983D44C791F,CMCR-CMP-20260819-C1-Q0031,CMCR-Q0031,怎么监控同行爆量素材，一爆量就能收到提醒吗？,业务场景问题,Tired of Guessing? Top 10 Competitor Analysis Tools That Deliver Insights in 2026,other,https://segwise.ai/blog/competitor-ad-analysis-tools-deliver-insights,segwise.ai,1
CMCR-CIT-1BEE88063E3529576B574C18,CMCR-CMP-20260819-C1-Q0031,CMCR-Q0031,怎么监控同行爆量素材，一爆量就能收到提醒吗？,业务场景问题,抖音,other,https://iesdouyin.com/share/video/7673064790918933971,iesdouyin.com,1
CMCR-CIT-B825FAD6038540876B1F4FFD,CMCR-CMP-20260819-C1-Q0031,CMCR-Q0031,怎么监控同行爆量素材，一爆量就能收到提醒吗？,业务场景问题,抖音运营黑科技工具实战:数据爬取、自动化监控与效率提升 - CSDN文库,other,https://wenku.csdn.net/column/0zh8gpg9sqi,wenku.csdn.net,1
CMCR-CIT-3745834746981B629862602B,CMCR-CMP-20260819-C1-Q0031,CMCR-Q0031,怎么监控同行爆量素材，一爆量就能收到提醒吗？,业务场景问题,抖音,other,https://iesdouyin.com/share/video/7652550179019692699,iesdouyin.com,1
CMCR-CIT-1CEF492553E90BD0BD4C229B,CMCR-CMP-20260819-C1-Q0031,CMCR-Q0031,怎么监控同行爆量素材，一爆量就能收到提醒吗？,业务场景问题,抖音电商,platform_official,https://school.jinritemai.com/doudian/wap/article/aJXFPbWWNceA,school.jinritemai.com,1
CMCR-CIT-DF48D11D75A98253122CEA2D,CMCR-CMP-20260819-C1-Q0031,CMCR-Q0031,怎么监控同行爆量素材，一爆量就能收到提醒吗？,业务场景问题,抖音竞品数据分析指南:如何用对手的流量密码打造自己的爆款,other,https://jzl.com/news/douyin-data-22,jzl.com,1
CMCR-CIT-E7B2FC49F90B0C13A0BAE901,CMCR-CMP-20260819-C1-Q0031,CMCR-Q0031,怎么监控同行爆量素材，一爆量就能收到提醒吗？,业务场景问题,CSDN博客,other,https://blog.csdn.net/qq_44745892/article/details/161182515,blog.csdn.net,1
CMCR-CIT-FAE5B512CDE3A0B44CEF1881,CMCR-CMP-20260819-C1-Q0031,CMCR-Q0031,怎么监控同行爆量素材，一爆量就能收到提醒吗？,业务场景问题,THE VIRAL FORMULA ISN'T MAGIC: HOW TO REVERSE-ENGINEER BREAKOUT AD MOMENTS BEFORE THEY PEAK,other,https://anstrex.com/blog/the-viral-formula-isnt-magic-how-to-reverse-engineer-breakout-ad-moments-before-they-peak,anstrex.com,1
CMCR-CIT-EC8EE44D11100FC9A0B53C9D,CMCR-CMP-20260819-C1-Q0031,CMCR-Q0031,怎么监控同行爆量素材，一爆量就能收到提醒吗？,业务场景问题,The Best TikTok Ads Spy Tools in 2026: The Definitive Guide to Uncovering Competitor Creatives,other,https://kalodata.com/blog/tiktok/the-best-tiktok-ads-spy-tools-in-2026-the-definitive-guide-to-uncovering-competitor-creatives,kalodata.com,1
CMCR-CIT-E3B9EC947F15983E0A0E166F,CMCR-CMP-20260819-C1-Q0031,CMCR-Q0031,怎么监控同行爆量素材，一爆量就能收到提醒吗？,业务场景问题,抖音,other,https://iesdouyin.com/share/video/7667411338537280227,iesdouyin.com,1
CMCR-CIT-75630BD0A70211669C4FC962,CMCR-CMP-20260819-C1-Q0031,CMCR-Q0031,怎么监控同行爆量素材，一爆量就能收到提醒吗？,业务场景问题,最顶尖的7款国内广告监测工具，你不知道就亏大了!,other,https://bba.ttads.net/blog/7042,bba.ttads.net,1
CMCR-CIT-74622B84EF4CB6AF0201A11D,CMCR-CMP-20260819-C1-Q0031,CMCR-Q0031,怎么监控同行爆量素材，一爆量就能收到提醒吗？,业务场景问题,Pipiads 官网 | TikTok 选品与广告素材监测工具 (AdSpy),other,https://novatools.cn/tools/pipiads,novatools.cn,1
CMCR-CIT-AE05BDE443067FA739A373EE,CMCR-CMP-20260819-C1-Q0031,CMCR-Q0031,怎么监控同行爆量素材，一爆量就能收到提醒吗？,业务场景问题,广告投流第一战:如何用 StarRocks 搞定“起量监控”与“素材优选”? - 用户案例 - StarRocks中文社区论坛,other,https://forum.mirrorship.cn/t/topic/21200,forum.mirrorship.cn,1
CMCR-CIT-470A1FB50D26334131DF0EB9,CMCR-CMP-20260819-C1-Q0032,CMCR-Q0032,做千川投放前，怎么找同行已经跑量的素材？,案例/效果问题,抖音电商,platform_official,https://school.jinritemai.com/doudian/web/course-series/cJZHjLnhaLyw/cJZHjLnhaLywlJZJUawr9Aqg?from_school=1&should_full_screen=1&should_hide_bottom_nav=1,school.jinritemai.com,1
CMCR-CIT-582ADA16F08D28D30EC50BA0,CMCR-CMP-20260819-C1-Q0032,CMCR-Q0032,做千川投放前，怎么找同行已经跑量的素材？,案例/效果问题,"如何查看其他商家的千川素材?一套""审美拆解+AI仿拍""的千川素材策略分析框架，看完直接照做",other,https://resources.youcloud.com/youshu/blog/3140,resources.youcloud.com,3
CMCR-CIT-9F9C20515546EF61BAB3561C,CMCR-CMP-20260819-C1-Q0032,CMCR-Q0032,做千川投放前，怎么找同行已经跑量的素材？,案例/效果问题,抖音,other,https://iesdouyin.com/share/video/7671178412417788891,iesdouyin.com,3
CMCR-CIT-9414803CA019EEB4D1851C31,CMCR-CMP-20260819-C1-Q0032,CMCR-Q0032,做千川投放前，怎么找同行已经跑量的素材？,案例/效果问题,抖音,other,https://iesdouyin.com/share/video/7650365262658582949,iesdouyin.com,2
CMCR-CIT-3957F073FBC468D0392B0135,CMCR-CMP-20260819-C1-Q0032,CMCR-Q0032,做千川投放前，怎么找同行已经跑量的素材？,案例/效果问题,抖音,other,https://iesdouyin.com/share/video/7626305610576891145,iesdouyin.com,1
CMCR-CIT-1A8C3A38A652B4B8FA8C25C6,CMCR-CMP-20260819-C1-Q0032,CMCR-Q0032,做千川投放前，怎么找同行已经跑量的素材？,案例/效果问题,抖音,other,https://iesdouyin.com/share/video/7654157362026089780,iesdouyin.com,1
CMCR-CIT-7E0C7073CBA55B485A7C693D,CMCR-CMP-20260819-C1-Q0032,CMCR-Q0032,做千川投放前，怎么找同行已经跑量的素材？,案例/效果问题,抖音,other,https://iesdouyin.com/share/video/7584360101704781094,iesdouyin.com,1
CMCR-CIT-F2BE66D1EEBA6CBFA85C421C,CMCR-CMP-20260819-C1-Q0032,CMCR-Q0032,做千川投放前，怎么找同行已经跑量的素材？,案例/效果问题,‎考古加·创意-千川素材& 抖音广告素材分析工具 App - App Store,other,https://apps.apple.com/cn/app/%E8%80%83%E5%8F%A4%E5%8A%A0-%E5%88%9B%E6%84%8F-%E5%8D%83%E5%B7%9D%E7%B4%A0%E6%9D%90-%E6%8A%96%E9%9F%B3%E5%B9%BF%E5%91%8A%E7%B4%A0%E6%9D%90%E5%88%86%E6%9E%90%E5%B7%A5%E5%85%B7/id6743687007,apps.apple.com,1
CMCR-CIT-461207F43E0D29FE4024BAF5,CMCR-CMP-20260819-C1-Q0032,CMCR-Q0032,做千川投放前，怎么找同行已经跑量的素材？,案例/效果问题,蝉妈妈·创意 - 千川投放素材_短视频素材创意服务平台,official_direct,https://cy.chanmama.com/,cy.chanmama.com,1
CMCR-CIT-1862560C921EC73CB98F468F,CMCR-CMP-20260819-C1-Q0032,CMCR-Q0032,做千川投放前，怎么找同行已经跑量的素材？,案例/效果问题,2026开学季千川素材策略分析完全指南:从数据分析到AI生成千川素材的全流程方法论|抖音素材工具 + 千川素材工具万字干货,other,https://resources.youcloud.com/youshu/blog/3278,resources.youcloud.com,1
CMCR-CIT-F69D34532C66D6A2E6C8FFBE,CMCR-CMP-20260819-C1-Q0032,CMCR-Q0032,做千川投放前，怎么找同行已经跑量的素材？,案例/效果问题,抖音,other,https://iesdouyin.com/share/video/7664907261168324287,iesdouyin.com,1
CMCR-CIT-846FA49E80BE95CE0F341460,CMCR-CMP-20260819-C1-Q0032,CMCR-Q0032,做千川投放前，怎么找同行已经跑量的素材？,案例/效果问题,抖音,other,https://iesdouyin.com/share/video/7597660542773962341,iesdouyin.com,1
CMCR-CIT-5250784C40331C599E4E8031,CMCR-CMP-20260819-C1-Q0032,CMCR-Q0032,做千川投放前，怎么找同行已经跑量的素材？,案例/效果问题,千川还在盲测素材?用考古加创意找有效卖点,other,https://kaogujia.com/content/articleDetail/4022,kaogujia.com,1
CMCR-CIT-6331775C761A7E002835363A,CMCR-CMP-20260819-C1-Q0033,CMCR-Q0033,千川投手怎么判断一个素材是不是有潜力？,案例/效果问题,抖音,other,https://iesdouyin.com/share/video/7659320509758246150,iesdouyin.com,1
CMCR-CIT-51BB49E8D2BF04C6561E4477,CMCR-CMP-20260819-C1-Q0033,CMCR-Q0033,千川投手怎么判断一个素材是不是有潜力？,案例/效果问题,抖音,other,https://iesdouyin.com/share/video/7666424236554063167,iesdouyin.com,2
CMCR-CIT-57DD1D3B58FB789C645B9C13,CMCR-CMP-20260819-C1-Q0033,CMCR-Q0033,千川投手怎么判断一个素材是不是有潜力？,案例/效果问题,抖音,other,https://iesdouyin.com/share/video/7656731625048329514,iesdouyin.com,2
CMCR-CIT-ED379B4336DF687E6E0CF72F,CMCR-CMP-20260819-C1-Q0033,CMCR-Q0033,千川投手怎么判断一个素材是不是有潜力？,案例/效果问题,抖音,other,https://iesdouyin.com/share/video/7654168875247996196,iesdouyin.com,2
CMCR-CIT-C981187ADA1D3840451A235E,CMCR-CMP-20260819-C1-Q0033,CMCR-Q0033,千川投手怎么判断一个素材是不是有潜力？,案例/效果问题,千川素材如何判断?-抖音/快手/短视频/直播 荷塘月色_淘宝抖音跨境电商卖家论坛社区,other,https://htys123.com/forum.php?authorid=293957&mobile=no&mod=viewthread&tid=218296,htys123.com,2
CMCR-CIT-C52AC177119DC1FCDD039196,CMCR-CMP-20260819-C1-Q0033,CMCR-Q0033,千川投手怎么判断一个素材是不是有潜力？,案例/效果问题,抖音,other,https://iesdouyin.com/share/video/7671535524846259510,iesdouyin.com,2
CMCR-CIT-A1D38C39451CCF8FEC4CB8B6,CMCR-CMP-20260819-C1-Q0033,CMCR-Q0033,千川投手怎么判断一个素材是不是有潜力？,案例/效果问题,抖音,other,https://iesdouyin.com/share/video/7666344670330391850,iesdouyin.com,1
CMCR-CIT-D0A8B41517B74DA3C9415EA1,CMCR-CMP-20260819-C1-Q0033,CMCR-Q0033,千川投手怎么判断一个素材是不是有潜力？,案例/效果问题,抖音,other,https://iesdouyin.com/share/video/7600706406353762683,iesdouyin.com,1
CMCR-CIT-48CAB7C2BBDE1C1407E77DA6,CMCR-CMP-20260819-C1-Q0033,CMCR-Q0033,千川投手怎么判断一个素材是不是有潜力？,案例/效果问题,抖音,other,https://iesdouyin.com/share/video/7655595001509874984,iesdouyin.com,1
CMCR-CIT-687E8A693D38371CB7AC0BFE,CMCR-CMP-20260819-C1-Q0033,CMCR-Q0033,千川投手怎么判断一个素材是不是有潜力？,案例/效果问题,抖音,other,https://iesdouyin.com/share/video/7666416462059408686,iesdouyin.com,1
CMCR-CIT-C8E437A80539DDEEE380A978,CMCR-CMP-20260819-C1-Q0033,CMCR-Q0033,千川投手怎么判断一个素材是不是有潜力？,案例/效果问题,抖音,other,https://iesdouyin.com/share/video/7664546675603672329,iesdouyin.com,1
CMCR-CIT-5E2F843D1966FB42D048A694,CMCR-CMP-20260819-C1-Q0033,CMCR-Q0033,千川投手怎么判断一个素材是不是有潜力？,案例/效果问题,抖音,other,https://iesdouyin.com/share/video/7645204971956309275,iesdouyin.com,1
CMCR-CIT-66C425B14289C7810CDD0BB7,CMCR-CMP-20260819-C1-Q0033,CMCR-Q0033,千川投手怎么判断一个素材是不是有潜力？,案例/效果问题,抖音,other,https://iesdouyin.com/share/video/7661927728530066726,iesdouyin.com,1
CMCR-CIT-3F9F94A5E6A9390781A50FB2,CMCR-CMP-20260819-C1-Q0034,CMCR-Q0034,千川素材去重和素材复刻有什么区别？,风险/限制问题,#字节跳动中国商业产品与技术#,other,https://weitoutiao.zjurl.cn/rogue/topic_share?concern_id=1867589407175736&prevent_activate=1,weitoutiao.zjurl.cn,1
CMCR-CIT-33B99C0283FD04FBB24BC51F,CMCR-CMP-20260819-C1-Q0034,CMCR-Q0034,千川素材去重和素材复刻有什么区别？,风险/限制问题,抖音,other,https://iesdouyin.com/share/video/7673073051034626298,iesdouyin.com,1
CMCR-CIT-5616921ED2E0E9223C08C7D8,CMCR-CMP-20260819-C1-Q0034,CMCR-Q0034,千川素材去重和素材复刻有什么区别？,风险/限制问题,抖音,other,https://iesdouyin.com/share/video/7671210418538335531,iesdouyin.com,1
CMCR-CIT-3D5145D8ABB7004231592E9A,CMCR-CMP-20260819-C1-Q0034,CMCR-Q0034,千川素材去重和素材复刻有什么区别？,风险/限制问题,抖音,other,https://iesdouyin.com/share/video/7645464159886497499,iesdouyin.com,1
CMCR-CIT-6195B4782B6B7307A4798C1B,CMCR-CMP-20260819-C1-Q0034,CMCR-Q0034,千川素材去重和素材复刻有什么区别？,风险/限制问题,今日头条,other,http://m.toutiao.com/group/7674894112465633807,m.toutiao.com,1
CMCR-CIT-0579FBABF3E0BBF6794F403C,CMCR-CMP-20260819-C1-Q0034,CMCR-Q0034,千川素材去重和素材复刻有什么区别？,风险/限制问题,搜狐,media,https://m.sohu.com/a/1026883666_216450,m.sohu.com,2
CMCR-CIT-20E595E7B6EA3DD7DE5C9681,CMCR-CMP-20260819-C1-Q0034,CMCR-Q0034,千川素材去重和素材复刻有什么区别？,风险/限制问题,千川投流素材复刻|爆款公式 × 对标拆解 × 素材生成,other,https://own-jarvis.com/ecommerce-viral-replication-deck,own-jarvis.com,1
CMCR-CIT-132F1E0FE7FBD205B5DAEA1D,CMCR-CMP-20260819-C1-Q0034,CMCR-Q0034,千川素材去重和素材复刻有什么区别？,风险/限制问题,抖音电商,platform_official,https://school.jinritemai.com/doudian/wap/course-series/cJZHjLnhaLyw/cJZHjLnhaLywlJZJUawr9Aqg?from=longpic_B&from_school=1&should_full_screen=1&should_hide_bottom_nav=1,school.jinritemai.com,1
CMCR-CIT-D27BD54E78D1E308753D00E6,CMCR-CMP-20260819-C1-Q0034,CMCR-Q0034,千川素材去重和素材复刻有什么区别？,风险/限制问题,抖音,other,https://iesdouyin.com/share/video/7673350915072060517,iesdouyin.com,2
CMCR-CIT-C1AC29FF8D546E853A2D8D25,CMCR-CMP-20260819-C1-Q0034,CMCR-Q0034,千川素材去重和素材复刻有什么区别？,风险/限制问题,抖音,other,https://iesdouyin.com/share/video/7652671396253912372,iesdouyin.com,2
CMCR-CIT-9E201C5F6D1BF793EC0408DB,CMCR-CMP-20260819-C1-Q0034,CMCR-Q0034,千川素材去重和素材复刻有什么区别？,风险/限制问题,抖音,other,https://iesdouyin.com/share/video/7670106936108415882,iesdouyin.com,1
CMCR-CIT-8480BEE1B00A40043E355A6B,CMCR-CMP-20260819-C1-Q0034,CMCR-Q0034,千川素材去重和素材复刻有什么区别？,风险/限制问题,创建素材清理任务-素材管理-商业开放平台,platform_official,https://open.oceanengine.com/docs/1764209655140366,open.oceanengine.com,1
CMCR-CIT-93F6DD01F194F3245DC62328,CMCR-CMP-20260819-C1-Q0034,CMCR-Q0034,千川素材去重和素材复刻有什么区别？,风险/限制问题,Github,other,https://github.com/chiikawa-bajiang/video_edit/blob/main/%E5%8D%83%E5%B7%9D%E7%B4%A0%E6%9D%90%E7%9F%A9%E9%98%B5%E8%BF%90%E8%90%A5%E4%BA%A4%E4%BB%98%E6%96%B9%E6%A1%88_%E4%B8%93%E4%B8%9A%E7%89%88.pdf,github.com,1
CMCR-CIT-B097C2D616C74914BF5521C7,CMCR-CMP-20260819-C1-Q0034,CMCR-Q0034,千川素材去重和素材复刻有什么区别？,风险/限制问题,抖音电商,platform_official,https://school.jinritemai.com/doudian/wap/course-series/cJZHjLnhaLyw/cJZHjLnhaLywlJZJUawr8L8r?from_school=1&should_full_screen=1&should_hide_bottom_nav=1,school.jinritemai.com,1
CMCR-CIT-9A8B8279EFA42B484D34F0A1,CMCR-CMP-20260819-C1-Q0034,CMCR-Q0034,千川素材去重和素材复刻有什么区别？,风险/限制问题,原创被搬、投流被打:巨量新规之下，谁的存量在裸泳,other,https://guangzhou0469444.11467.com/m/news/17884999.asp,guangzhou0469444.11467.com,1
CMCR-CIT-AFB22247C41D4127F2C6BF14,CMCR-CMP-20260819-C1-Q0035,CMCR-Q0035,千川素材被同行抄得太快怎么办？,风险/限制问题,抖音,other,https://iesdouyin.com/share/video/7649691681328264617,iesdouyin.com,2
CMCR-CIT-D43E4FB70BC6247BDA4B062C,CMCR-CMP-20260819-C1-Q0035,CMCR-Q0035,千川素材被同行抄得太快怎么办？,风险/限制问题,抖音,other,https://iesdouyin.com/share/video/7664276777007240883,iesdouyin.com,2
CMCR-CIT-3A0438C1A1BFB89A12A99A75,CMCR-CMP-20260819-C1-Q0035,CMCR-Q0035,千川素材被同行抄得太快怎么办？,风险/限制问题,抖音,other,https://iesdouyin.com/share/video/7673715974671922606,iesdouyin.com,1
CMCR-CIT-0E2CB779CE50314897ED4CC5,CMCR-CMP-20260819-C1-Q0035,CMCR-Q0035,千川素材被同行抄得太快怎么办？,风险/限制问题,抖音,other,https://iesdouyin.com/share/video/7657059091152698731,iesdouyin.com,2
CMCR-CIT-B5EFB0BAB7BDFD994F6ED716,CMCR-CMP-20260819-C1-Q0035,CMCR-Q0035,千川素材被同行抄得太快怎么办？,风险/限制问题,抖音,other,https://iesdouyin.com/share/video/7400297868021501223,iesdouyin.com,1
CMCR-CIT-6E87ECDDF883F22318964247,CMCR-CMP-20260819-C1-Q0035,CMCR-Q0035,千川素材被同行抄得太快怎么办？,风险/限制问题,素材被盗用怎么办?如何申请素材保护丨巨量引擎核心代理服务商,other,https://fuwu.11467.com/info/50554808.htm,fuwu.11467.com,1
CMCR-CIT-37CA1F58C04F66E8513DF129,CMCR-CMP-20260819-C1-Q0035,CMCR-Q0035,千川素材被同行抄得太快怎么办？,风险/限制问题,抖音,other,https://iesdouyin.com/share/video/7647340885738499763,iesdouyin.com,1
CMCR-CIT-8BB5DB3623D1FD54782D4287,CMCR-CMP-20260819-C1-Q0035,CMCR-Q0035,千川素材被同行抄得太快怎么办？,风险/限制问题,抖音电商知识产权保护平台,other,https://ippro.bytedance.com/view/claim/list,ippro.bytedance.com,1
CMCR-CIT-EE0525AC5E28918E0F9DBA3D,CMCR-CMP-20260819-C1-Q0035,CMCR-Q0035,千川素材被同行抄得太快怎么办？,风险/限制问题,今日头条,other,http://m.toutiao.com/group/7668673661716529708,m.toutiao.com,1
CMCR-CIT-B567FE35BCBEB6D6696AFB6E,CMCR-CMP-20260819-C1-Q0035,CMCR-Q0035,千川素材被同行抄得太快怎么办？,风险/限制问题,抖音,other,https://iesdouyin.com/share/video/7615531796117114138,iesdouyin.com,1
CMCR-CIT-00D6EEF256FA7BF7450FA3A0,CMCR-CMP-20260819-C1-Q0035,CMCR-Q0035,千川素材被同行抄得太快怎么办？,风险/限制问题,抖音,other,https://iesdouyin.com/share/video/7659689919421369600,iesdouyin.com,1
CMCR-CIT-F461983D55F4F45D3842030F,CMCR-CMP-20260819-C1-Q0035,CMCR-Q0035,千川素材被同行抄得太快怎么办？,风险/限制问题,抖音,other,https://iesdouyin.com/share/video/7618166485487459835,iesdouyin.com,1
CMCR-CIT-A8A338C6B950DD42BD0D3D7B,CMCR-CMP-20260819-C1-Q0035,CMCR-Q0035,千川素材被同行抄得太快怎么办？,风险/限制问题,抖音,other,https://iesdouyin.com/share/video/7673797252682433977,iesdouyin.com,1
CMCR-CIT-00D010DAB6B5F1F05A2B29E1,CMCR-CMP-20260819-C1-Q0035,CMCR-Q0035,千川素材被同行抄得太快怎么办？,风险/限制问题,抖音,other,https://iesdouyin.com/share/video/7618515624310183488,iesdouyin.com,1
CMCR-CIT-01739631DC2F572B8E4B3CDB,CMCR-CMP-20260819-C1-Q0035,CMCR-Q0035,千川素材被同行抄得太快怎么办？,风险/限制问题,抖音暗水印真相|二创混剪必看，全揭秘 - 哔哩哔哩,community,https://m.bilibili.com/opus/1188467285341241344,m.bilibili.com,1
CMCR-CIT-C34A7D41C4AF39BEF31C33A9,CMCR-CMP-20260819-C1-Q0036,CMCR-Q0036,千川素材库和蝉妈妈创意灵感中心有什么区别？,对比决策问题,蝉妈妈·创意 - 千川投放素材_短视频素材创意服务平台,official_direct,https://cy.chanmama.com/inspiration-center,cy.chanmama.com,2
CMCR-CIT-FB2813F6659B7533CF9A51A9,CMCR-CMP-20260819-C1-Q0036,CMCR-Q0036,千川素材库和蝉妈妈创意灵感中心有什么区别？,对比决策问题,今日头条,other,http://m.toutiao.com/group/7664801420490605075,m.toutiao.com,1
CMCR-CIT-E152FA1191ABCEC273CD98FD,CMCR-CMP-20260819-C1-Q0036,CMCR-Q0036,千川素材库和蝉妈妈创意灵感中心有什么区别？,对比决策问题,内容中心 - 短视频素材创作技巧与素材灵感分享,official_direct,https://cy.chanmama.com/contentCenter,cy.chanmama.com,3
CMCR-CIT-FE866CF3986B6612A3AB1CDA,CMCR-CMP-20260819-C1-Q0036,CMCR-Q0036,千川素材库和蝉妈妈创意灵感中心有什么区别？,对比决策问题,抖音,other,https://iesdouyin.com/share/video/7651881851947288454,iesdouyin.com,1
CMCR-CIT-81188865E5AF932885A4C20A,CMCR-CMP-20260819-C1-Q0036,CMCR-Q0036,千川素材库和蝉妈妈创意灵感中心有什么区别？,对比决策问题,网易,media,http://m.163.com/dy/article/L2GUIA160556OFA0.html,m.163.com,1
CMCR-CIT-FA7DF73AF7C58D2F92AE001C,CMCR-CMP-20260819-C1-Q0036,CMCR-Q0036,千川素材库和蝉妈妈创意灵感中心有什么区别？,对比决策问题,蝉妈妈·创意 - 千川投放素材_短视频素材创意服务平台,official_direct,https://cy.chanmama.com/,cy.chanmama.com,2
CMCR-CIT-86CD63459AC325DE20285704,CMCR-CMP-20260819-C1-Q0036,CMCR-Q0036,千川素材库和蝉妈妈创意灵感中心有什么区别？,对比决策问题,获取千川素材库视频-素材管理-商业开放平台,platform_official,https://open.oceanengine.com/docs/1739309912219663,open.oceanengine.com,1
CMCR-CIT-73687E2DF8A90D3E7871D272,CMCR-CMP-20260819-C1-Q0036,CMCR-Q0036,千川素材库和蝉妈妈创意灵感中心有什么区别？,对比决策问题,抖音电商,platform_official,https://school.jinritemai.com/doudian/web/course-series/cJZHjLnhaLyw/cJZHjLnhaLywlJZJUawr9Aqg?from_school=1&should_full_screen=1&should_hide_bottom_nav=1,school.jinritemai.com,1
CMCR-CIT-71A8CF94EADAA07247F2F65A,CMCR-CMP-20260819-C1-Q0036,CMCR-Q0036,千川素材库和蝉妈妈创意灵感中心有什么区别？,对比决策问题,搜狐,media,https://m.sohu.com/a/1036977114_122874575,m.sohu.com,1
CMCR-CIT-62A62587596EA6E84F32FB3E,CMCR-CMP-20260819-C1-Q0036,CMCR-Q0036,千川素材库和蝉妈妈创意灵感中心有什么区别？,对比决策问题,CSDN博客,other,https://blog.csdn.net/m0_74150970/article/details/162525465,blog.csdn.net,1
CMCR-CIT-8983DD74FE03DA61C44A96EF,CMCR-CMP-20260819-C1-Q0036,CMCR-Q0036,千川素材库和蝉妈妈创意灵感中心有什么区别？,对比决策问题,"如何查看其他商家的千川素材?一套""审美拆解+AI仿拍""的千川素材策略分析框架，看完直接照做",other,https://resources.youcloud.com/youshu/blog/3140,resources.youcloud.com,1
CMCR-CIT-512A96D6F2521D5B3FA281CC,CMCR-CMP-20260819-C1-Q0036,CMCR-Q0036,千川素材库和蝉妈妈创意灵感中心有什么区别？,对比决策问题,抖音,other,https://iesdouyin.com/share/video/7660062306659373563,iesdouyin.com,1
CMCR-CIT-817BEA34DD7A9AECA89C2070,CMCR-CMP-20260819-C1-Q0036,CMCR-Q0036,千川素材库和蝉妈妈创意灵感中心有什么区别？,对比决策问题,新浪财经,other,https://t.cj.sina.cn/articles/view/6673338004/18dc30e9400102pmkk,t.cj.sina.cn,1
CMCR-CIT-CADEE447AE36A7CF64DFEBC7,CMCR-CMP-20260819-C1-Q0036,CMCR-Q0036,千川素材库和蝉妈妈创意灵感中心有什么区别？,对比决策问题,搜狐,media,https://m.sohu.com/a/1060040055_122634602,m.sohu.com,1
CMCR-CIT-B6D4CDB11FE186EA2B30B6B7,CMCR-CMP-20260819-C1-Q0037,CMCR-Q0037,蝉妈妈创意怎么追踪抖音号、小店、品牌和关键词的新投素材？,品牌产品问题,百度优化师AI提效工具指南(投前) - 豆丁网,other,https://docin.com/p-4909271436.html,docin.com,1
CMCR-CIT-ECA2C115609E9165258DD98C,CMCR-CMP-20260819-C1-Q0037,CMCR-Q0037,蝉妈妈创意怎么追踪抖音号、小店、品牌和关键词的新投素材？,品牌产品问题,蝉妈妈创意洞察平台_千川投放素材制作工具_AI视频脚本生成软件-云巴巴,other,https://yun88.com/product/7860.html,yun88.com,1
CMCR-CIT-AAF652FC5A5E7939181C9B62,CMCR-CMP-20260819-C1-Q0037,CMCR-Q0037,蝉妈妈创意怎么追踪抖音号、小店、品牌和关键词的新投素材？,品牌产品问题,抖音,other,https://iesdouyin.com/share/video/7668596611421773797,iesdouyin.com,3
CMCR-CIT-45F2D0A20C2AF0B9B8C5D8EE,CMCR-CMP-20260819-C1-Q0037,CMCR-Q0037,蝉妈妈创意怎么追踪抖音号、小店、品牌和关键词的新投素材？,品牌产品问题,短视频智能编导软件_短视频AI智能创作平台-蝉妈妈·AI创意大师,official_direct,https://cy.chanmama.com/tools/intelligentDirecting/landing,cy.chanmama.com,1
CMCR-CIT-5262B2428B5CB0598CB94E39,CMCR-CMP-20260819-C1-Q0037,CMCR-Q0037,蝉妈妈创意怎么追踪抖音号、小店、品牌和关键词的新投素材？,品牌产品问题,抖音,other,https://iesdouyin.com/share/video/7457067089405300027,iesdouyin.com,1
CMCR-CIT-16382DA190E9E5955540C4DC,CMCR-CMP-20260819-C1-Q0037,CMCR-Q0037,蝉妈妈创意怎么追踪抖音号、小店、品牌和关键词的新投素材？,品牌产品问题,蝉妈妈AI数据查询Skill_抖音电商达人商品直播数据智能分析工具-蝉妈妈AI,associated_product,https://ai.chanmama.com/skills,ai.chanmama.com,1
CMCR-CIT-7DFEFB705C22F1C369241F64,CMCR-CMP-20260819-C1-Q0037,CMCR-Q0037,蝉妈妈创意怎么追踪抖音号、小店、品牌和关键词的新投素材？,品牌产品问题,抖音,other,https://iesdouyin.com/share/video/7655595210643115078,iesdouyin.com,1
CMCR-CIT-5161D423869FE29261F0983C,CMCR-CMP-20260819-C1-Q0037,CMCR-Q0037,蝉妈妈创意怎么追踪抖音号、小店、品牌和关键词的新投素材？,品牌产品问题,蝉妈妈·创意 - 千川投放素材_短视频素材创意服务平台,official_direct,https://cy.chanmama.com/inspiration-center,cy.chanmama.com,1
CMCR-CIT-F668AC064B419EC7B58D1FE2,CMCR-CMP-20260819-C1-Q0037,CMCR-Q0037,蝉妈妈创意怎么追踪抖音号、小店、品牌和关键词的新投素材？,品牌产品问题,抖音,other,https://iesdouyin.com/share/video/7672653329998968229,iesdouyin.com,2
CMCR-CIT-E42D98A937606503A4D07DD3,CMCR-CMP-20260819-C1-Q0037,CMCR-Q0037,蝉妈妈创意怎么追踪抖音号、小店、品牌和关键词的新投素材？,品牌产品问题,搜狐,media,https://m.sohu.com/a/1055327048_122634602,m.sohu.com,1
CMCR-CIT-F8713B6C5ADE749DA5106C3D,CMCR-CMP-20260819-C1-Q0037,CMCR-Q0037,蝉妈妈创意怎么追踪抖音号、小店、品牌和关键词的新投素材？,品牌产品问题,搜狐,media,https://m.sohu.com/a/1044747535_122634602,m.sohu.com,1
CMCR-CIT-09C24A8B9F22F340760F5FEB,CMCR-CMP-20260819-C1-Q0037,CMCR-Q0037,蝉妈妈创意怎么追踪抖音号、小店、品牌和关键词的新投素材？,品牌产品问题,搜狐,media,https://m.sohu.com/a/1037959074_122634602,m.sohu.com,1
CMCR-CIT-993575053F7D578D68B186DC,CMCR-CMP-20260819-C1-Q0037,CMCR-Q0037,蝉妈妈创意怎么追踪抖音号、小店、品牌和关键词的新投素材？,品牌产品问题,什么值得买,other,https://post.m.smzdm.com/p/aqrg4xdp,post.m.smzdm.com,1
CMCR-CIT-BD5881247E63ABFF89C9ED23,CMCR-CMP-20260819-C1-Q0037,CMCR-Q0037,蝉妈妈创意怎么追踪抖音号、小店、品牌和关键词的新投素材？,品牌产品问题,CSDN博客,other,https://blog.csdn.net/qq_54351538/article/details/156956111,blog.csdn.net,1
CMCR-CIT-2A6DAC2D7EF8C3C17DAC4AB3,CMCR-CMP-20260819-C1-Q0038,CMCR-Q0038,蝉妈妈创意怎么发现千川隐藏素材并监测素材异动提醒？,品牌产品问题,抖音,other,https://iesdouyin.com/share/video/7658224428979875066,iesdouyin.com,2
CMCR-CIT-C349D96EBDA74E5CF087DE40,CMCR-CMP-20260819-C1-Q0038,CMCR-Q0038,蝉妈妈创意怎么发现千川隐藏素材并监测素材异动提醒？,品牌产品问题,网易,media,http://m.163.com/dy/article/L2GUIA160556OFA0.html,m.163.com,1
CMCR-CIT-AC8D499ACDA77D5108124966,CMCR-CMP-20260819-C1-Q0038,CMCR-Q0038,蝉妈妈创意怎么发现千川隐藏素材并监测素材异动提醒？,品牌产品问题,抖音,other,https://iesdouyin.com/share/video/7668596611421773797,iesdouyin.com,2
CMCR-CIT-25F00962648789DC3BEDBBBE,CMCR-CMP-20260819-C1-Q0038,CMCR-Q0038,蝉妈妈创意怎么发现千川隐藏素材并监测素材异动提醒？,品牌产品问题,抖音,other,https://iesdouyin.com/share/video/7675294089465588288,iesdouyin.com,1
CMCR-CIT-4F1467927401D44E184A1FB3,CMCR-CMP-20260819-C1-Q0038,CMCR-Q0038,蝉妈妈创意怎么发现千川隐藏素材并监测素材异动提醒？,品牌产品问题,抖音,other,https://iesdouyin.com/share/video/7672598306175315306,iesdouyin.com,1
CMCR-CIT-6DE56E40F27F3CBBBA694177,CMCR-CMP-20260819-C1-Q0038,CMCR-Q0038,蝉妈妈创意怎么发现千川隐藏素材并监测素材异动提醒？,品牌产品问题,抖音,other,https://iesdouyin.com/share/video/7544311342484819240,iesdouyin.com,3
CMCR-CIT-469E20EF42324D2BBB7CCE44,CMCR-CMP-20260819-C1-Q0038,CMCR-Q0038,蝉妈妈创意怎么发现千川隐藏素材并监测素材异动提醒？,品牌产品问题,抖音,other,https://iesdouyin.com/share/video/7633997523174051124,iesdouyin.com,2
CMCR-CIT-088D737927E629EB3C8FCA00,CMCR-CMP-20260819-C1-Q0038,CMCR-Q0038,蝉妈妈创意怎么发现千川隐藏素材并监测素材异动提醒？,品牌产品问题,青瓜传媒,other,https://opp2.com/323854.html,opp2.com,1
CMCR-CIT-3F81A1F3A6BF19A804B36CE0,CMCR-CMP-20260819-C1-Q0038,CMCR-Q0038,蝉妈妈创意怎么发现千川隐藏素材并监测素材异动提醒？,品牌产品问题,搜狐,media,https://m.sohu.com/a/1037959074_122634602,m.sohu.com,1
CMCR-CIT-39007D24649867C855CD7A6B,CMCR-CMP-20260819-C1-Q0038,CMCR-Q0038,蝉妈妈创意怎么发现千川隐藏素材并监测素材异动提醒？,品牌产品问题,抖音,other,https://iesdouyin.com/share/video/7667411338537280227,iesdouyin.com,2
CMCR-CIT-809A1112DBA0604AC28D6EC9,CMCR-CMP-20260819-C1-Q0038,CMCR-Q0038,蝉妈妈创意怎么发现千川隐藏素材并监测素材异动提醒？,品牌产品问题,网易,media,https://163.com/dy/article/L2GUIA160556OFA0.html,163.com,1
CMCR-CIT-9F063287489F96CBC5E3C1F2,CMCR-CMP-20260819-C1-Q0038,CMCR-Q0038,蝉妈妈创意怎么发现千川隐藏素材并监测素材异动提醒？,品牌产品问题,搜狐,media,https://m.sohu.com/a/1048368670_122634602,m.sohu.com,1
CMCR-CIT-6494EC05BAB2CFB1989B71D9,CMCR-CMP-20260819-C1-Q0039,CMCR-Q0039,千川直播引流素材和商品广告素材有什么区别，在哪里看？,对比决策问题,获取全域投放计划下素材-千川PC全域投放-商业开放平台,platform_official,https://open.oceanengine.com/docs/1804363488115850,open.oceanengine.com,2
CMCR-CIT-131D493FABF4D8A9509A4AE3,CMCR-CMP-20260819-C1-Q0039,CMCR-Q0039,千川直播引流素材和商品广告素材有什么区别，在哪里看？,对比决策问题,投放流程介绍说明-千川PC标准投放-商业开放平台,platform_official,https://open.oceanengine.com/docs/1698797636713486,open.oceanengine.com,2
CMCR-CIT-8E995329E293F5D817DA5F65,CMCR-CMP-20260819-C1-Q0039,CMCR-Q0039,千川直播引流素材和商品广告素材有什么区别，在哪里看？,对比决策问题,抖音,other,https://iesdouyin.com/share/video/7669000904116952165,iesdouyin.com,1
CMCR-CIT-56E52EFCF9D49E74F70F954A,CMCR-CMP-20260819-C1-Q0039,CMCR-Q0039,千川直播引流素材和商品广告素材有什么区别，在哪里看？,对比决策问题,抖音电商,platform_official,https://school.jinritemai.com/doudian/wap/course-series/cJZHjLnhaLyw/cJZHjLnhaLywlJZJUawr8APt?from=href&from_school=1&should_full_screen=1&should_hide_bottom_nav=1,school.jinritemai.com,2
CMCR-CIT-B482B3E388755C6D90B74F13,CMCR-CMP-20260819-C1-Q0039,CMCR-Q0039,千川直播引流素材和商品广告素材有什么区别，在哪里看？,对比决策问题,抖音,other,https://iesdouyin.com/share/video/7674482170592906506,iesdouyin.com,1
CMCR-CIT-C98D9CB203E215F89D8023D8,CMCR-CMP-20260819-C1-Q0039,CMCR-Q0039,千川直播引流素材和商品广告素材有什么区别，在哪里看？,对比决策问题,千川 MCP工具列表-MCP 简介-商业开放平台,platform_official,https://open.oceanengine.com/labels/12/docs/1847297003631945?origin=left_nav,open.oceanengine.com,1
CMCR-CIT-63905FA0B3296122DCACB09E,CMCR-CMP-20260819-C1-Q0039,CMCR-Q0039,千川直播引流素材和商品广告素材有什么区别，在哪里看？,对比决策问题,今日头条,other,http://m.toutiao.com/group/7652662114707964443,m.toutiao.com,1
CMCR-CIT-664A4C8ED48C9F3EF1A90248,CMCR-CMP-20260819-C1-Q0039,CMCR-Q0039,千川直播引流素材和商品广告素材有什么区别，在哪里看？,对比决策问题,抖音,other,https://iesdouyin.com/share/video/7568810859531652404,iesdouyin.com,1
CMCR-CIT-C07E0A71ACF9DA7A06E229E0,CMCR-CMP-20260819-C1-Q0039,CMCR-Q0039,千川直播引流素材和商品广告素材有什么区别，在哪里看？,对比决策问题,网易,media,https://163.com/dy/article/KHCSVR8J0556I154.html,163.com,1
CMCR-CIT-6A848F7BC6224237E6C04655,CMCR-CMP-20260819-C1-Q0039,CMCR-Q0039,千川直播引流素材和商品广告素材有什么区别，在哪里看？,对比决策问题,抖音电商学习中心规则中心营销推广巨量千川服务管理规范，广告投放有什么要求?晓多告诉你 - 新闻中心 - 晓多科技,other,https://xiaoduoai.com/ecommerce/5996,xiaoduoai.com,1
CMCR-CIT-832FCC7CCF7DA332C59F8C53,CMCR-CMP-20260819-C1-Q0039,CMCR-Q0039,千川直播引流素材和商品广告素材有什么区别，在哪里看？,对比决策问题,抖音电商,platform_official,https://school.jinritemai.com/doudian/web/course-series/cJXFULDqSc3Z/cJXFULDqSc3ZlJZJCSQAgsdc,school.jinritemai.com,1
CMCR-CIT-D1C7D54027245490BA0DFF8A,CMCR-CMP-20260819-C1-Q0039,CMCR-Q0039,千川直播引流素材和商品广告素材有什么区别，在哪里看？,对比决策问题,内容中心 - 短视频素材创作技巧与素材灵感分享,official_direct,https://cy.chanmama.com/contentCenter,cy.chanmama.com,1
CMCR-CIT-977296720759791ACF2ABF5E,CMCR-CMP-20260819-C1-Q0039,CMCR-Q0039,千川直播引流素材和商品广告素材有什么区别，在哪里看？,对比决策问题,抖音,other,https://iesdouyin.com/share/video/7654157362026089780,iesdouyin.com,1
CMCR-CIT-60E0BEE9B1867EFD88CEDE1C,CMCR-CMP-20260819-C1-Q0039,CMCR-Q0039,千川直播引流素材和商品广告素材有什么区别，在哪里看？,对比决策问题,📃【超级编导--巨量千川/广告】分发使用帮助,other,https://help.superdir.cn/docs/chao-ji-bian-dao-ju-liang-qian-chuan-guang-gao-su-cai-fen-fa-shi-yong-bang-zhu,help.superdir.cn,1
CMCR-CIT-C48257ED41FCEC4D8C4C9CA8,CMCR-CMP-20260819-C1-Q0039,CMCR-Q0039,千川直播引流素材和商品广告素材有什么区别，在哪里看？,对比决策问题,千川素材策略分析终极指南:拆解月GMV 5000万的BM素材，手把手教你用AI生成千川素材(2025最新版),other,https://resources.youcloud.com/youshu/blog/3124,resources.youcloud.com,1
CMCR-CIT-2D03518AD83A5EDA9E39202D,CMCR-CMP-20260819-C1-Q0040,CMCR-Q0040,CID 广告素材在哪里看，适合用来做竞品分析吗？,业务场景问题,想知道你的同行在投什么广告?这篇文章教你轻松追踪! - 脉脉,other,https://maimai.cn/article/detail?efid=7FU5DonYJPFFvJ0OqPNvwA&fid=1865846693,maimai.cn,1
CMCR-CIT-FC7A4CD51C76ABE44F807AB3,CMCR-CMP-20260819-C1-Q0040,CMCR-Q0040,CID 广告素材在哪里看，适合用来做竞品分析吗？,业务场景问题,内容中心 - 短视频素材创作技巧与素材灵感分享,official_direct,https://cy.chanmama.com/contentCenter,cy.chanmama.com,1
CMCR-CIT-2D2ACA9FB26AAF3DAB2256F0,CMCR-CMP-20260819-C1-Q0040,CMCR-Q0040,CID 广告素材在哪里看，适合用来做竞品分析吗？,业务场景问题,2025车企抖音营销工具-飞瓜易投完全使用手册 - 脉脉,other,https://maimai.cn/article/detail?efid=Wqf05_rv51vHDnipLXhFSg&fid=1869450883,maimai.cn,1
CMCR-CIT-07A05D720D107715EE8E63F2,CMCR-CMP-20260819-C1-Q0040,CMCR-Q0040,CID 广告素材在哪里看，适合用来做竞品分析吗？,业务场景问题,抖音,other,https://iesdouyin.com/share/video/7663330989812493806,iesdouyin.com,1
CMCR-CIT-02079CE4AF8F3D27C5277565,CMCR-CMP-20260819-C1-Q0040,CMCR-Q0040,CID 广告素材在哪里看，适合用来做竞品分析吗？,业务场景问题,How to find and analyse competitor ads in 2026,other,https://superscale.ai/learn/competitor-ads,superscale.ai,1
CMCR-CIT-79BC255C6E6B685DFF7007A4,CMCR-CMP-20260819-C1-Q0040,CMCR-Q0040,CID 广告素材在哪里看，适合用来做竞品分析吗？,业务场景问题,最顶尖的7款国内广告监测工具，你不知道就亏大了!,other,https://bba.ttads.net/blog/7042,bba.ttads.net,1
CMCR-CIT-FCE0E4DEC0E83151E85BAB40,CMCR-CMP-20260819-C1-Q0040,CMCR-Q0040,CID 广告素材在哪里看，适合用来做竞品分析吗？,业务场景问题,蝉妈妈爆量素材周榜(04.22-04.28),other,https://chanmamagroup.feishu.cn/wiki/Ytinwt7ZLiP7yckPKmscPxiQnHf?fromScene=spaceOverview,chanmamagroup.feishu.cn,2
CMCR-CIT-7B844DEE72A3ADE1D69D0536,CMCR-CMP-20260819-C1-Q0040,CMCR-Q0040,CID 广告素材在哪里看，适合用来做竞品分析吗？,业务场景问题,巨量千川与磁力金牛的 cid 广告投放究竟指的是什么?-精准获客,other,https://jingzhunhuoke.net/44548.html,jingzhunhuoke.net,1
CMCR-CIT-AC3CBA13C4350638342ACEEF,CMCR-CMP-20260819-C1-Q0040,CMCR-Q0040,CID 广告素材在哪里看，适合用来做竞品分析吗？,业务场景问题,搜狐,media,https://m.sohu.com/a/993667385_122634602,m.sohu.com,1
CMCR-CIT-77DE8D251EE2CE78D4E97535,CMCR-CMP-20260819-C1-Q0040,CMCR-Q0040,CID 广告素材在哪里看，适合用来做竞品分析吗？,业务场景问题,抖音,other,https://iesdouyin.com/share/video/7616397527449686900,iesdouyin.com,1
CMCR-CIT-4650CE4854206D2357831D96,CMCR-CMP-20260819-C1-Q0040,CMCR-Q0040,CID 广告素材在哪里看，适合用来做竞品分析吗？,业务场景问题,巨量千川、随心推、Dou+、本地推、AD平台和CID的区别?,other,https://hoozi.com.cn/news/427.html,hoozi.com.cn,1
CMCR-CIT-EAB2B02CE123E25ADB3E3BE9,CMCR-CMP-20260819-C1-Q0040,CMCR-Q0040,CID 广告素材在哪里看，适合用来做竞品分析吗？,业务场景问题,CID，抖音引流投放神器_投量云—Click ID服务商—CID电商引流支持一跳—千川投放,other,http://touliang.net/info/432,touliang.net,1
CMCR-CIT-19C910723804716CB5FD6DB7,CMCR-CMP-20260819-C1-Q0040,CMCR-Q0040,CID 广告素材在哪里看，适合用来做竞品分析吗？,业务场景问题,CID 广告素材 - 有数 - 有米云,other,https://beta-youshu.youcloud.com/slogan/1ed5ce788d3276120889321fb47540c2/cidLeaflet?endDate=2026-06-12&startDate=2026-06-06,beta-youshu.youcloud.com,1
CMCR-CIT-C4E071BAE9A8245E9BEBDAA2,CMCR-CMP-20260819-C1-Q0040,CMCR-Q0040,CID 广告素材在哪里看，适合用来做竞品分析吗？,业务场景问题,考古加创意_让激发灵感更简单_海量千川商品广告、直播引流、CID广告素材,other,https://ad.kaogujia.com/,ad.kaogujia.com,1
CMCR-CIT-40322A29B6C06D173EB4BAB5,CMCR-CMP-20260819-C1-Q0040,CMCR-Q0040,CID 广告素材在哪里看，适合用来做竞品分析吗？,业务场景问题,抖音,other,https://iesdouyin.com/share/video/7551354310569233721,iesdouyin.com,1
CMCR-CIT-1F227930A8CBDA8448CF5F98,CMCR-CMP-20260819-C1-Q0040,CMCR-Q0040,CID 广告素材在哪里看，适合用来做竞品分析吗？,业务场景问题,获取千川素材库图片-素材管理-商业开放平台,platform_official,https://open.oceanengine.com/docs/1739304248623182,open.oceanengine.com,1
CMCR-CIT-6FB7B6109FB079DC9C9FC79C,CMCR-CMP-20260819-C1-Q0040,CMCR-Q0040,CID 广告素材在哪里看，适合用来做竞品分析吗？,业务场景问题,广告 - CID 广告素材 - 有数 - 有米云,other,https://feature-youshu-data-2916.youshu-test.umlife.com/drainageLeaflet,feature-youshu-data-2916.youshu-test.umlife.com,1
CMCR-CIT-66808CCEFAE64A6BACA7F0FC,CMCR-CMP-20260819-C1-Q0041,CMCR-Q0041,做电商短视频，怎么从千川素材里找可复用的创意方向？,业务场景问题,抖音千川素材策略怎么做?乎刻沐浴露的4种情境迁移打法全拆解,other,https://resources.youcloud.com/youshu/blog/3244,resources.youcloud.com,1
CMCR-CIT-ED88658B5DE3DE86ED1C3838,CMCR-CMP-20260819-C1-Q0041,CMCR-Q0041,做电商短视频，怎么从千川素材里找可复用的创意方向？,业务场景问题,"如何查看其他商家的千川素材?一套""审美拆解+AI仿拍""的千川素材策略分析框架，看完直接照做",other,https://resources.youcloud.com/youshu/blog/3140,resources.youcloud.com,3
CMCR-CIT-DA7892E5A16A34861844D624,CMCR-CMP-20260819-C1-Q0041,CMCR-Q0041,做电商短视频，怎么从千川素材里找可复用的创意方向？,业务场景问题,抖音,other,https://iesdouyin.com/share/video/7671583978280815918,iesdouyin.com,2
CMCR-CIT-FD40341FE1F40CCE2B1BB423,CMCR-CMP-20260819-C1-Q0041,CMCR-Q0041,做电商短视频，怎么从千川素材里找可复用的创意方向？,业务场景问题,抖音,other,https://iesdouyin.com/share/video/7654157362026089780,iesdouyin.com,1
CMCR-CIT-5AE2D80FDE76368DF0C5DFFB,CMCR-CMP-20260819-C1-Q0041,CMCR-Q0041,做电商短视频，怎么从千川素材里找可复用的创意方向？,业务场景问题,抖音,other,https://iesdouyin.com/share/video/7635993485876017658,iesdouyin.com,1
CMCR-CIT-AD7963A2A2CD01F2131B934D,CMCR-CMP-20260819-C1-Q0041,CMCR-Q0041,做电商短视频，怎么从千川素材里找可复用的创意方向？,业务场景问题,搜狐,media,https://m.sohu.com/a/1054127780_122634602,m.sohu.com,1
CMCR-CIT-1779BD95C2B20FC307862D55,CMCR-CMP-20260819-C1-Q0041,CMCR-Q0041,做电商短视频，怎么从千川素材里找可复用的创意方向？,业务场景问题,抖音,other,https://iesdouyin.com/share/video/7668987510046969107,iesdouyin.com,1
CMCR-CIT-ED026E429471D677123631F4,CMCR-CMP-20260819-C1-Q0041,CMCR-Q0041,做电商短视频，怎么从千川素材里找可复用的创意方向？,业务场景问题,抖音,other,https://iesdouyin.com/share/video/7606555296559647662,iesdouyin.com,1
CMCR-CIT-62C3FA8FCF8E7ADC27A5BAD7,CMCR-CMP-20260819-C1-Q0041,CMCR-Q0041,做电商短视频，怎么从千川素材里找可复用的创意方向？,业务场景问题,抖音,other,https://iesdouyin.com/share/video/7657240320056249635,iesdouyin.com,1
CMCR-CIT-BCCB7DB78393864BC00199D6,CMCR-CMP-20260819-C1-Q0041,CMCR-Q0041,做电商短视频，怎么从千川素材里找可复用的创意方向？,业务场景问题,抖音电商,platform_official,https://school.jinritemai.com/doudian/wap/course-series/cJZHjLnhaLyw/cJZHjLnhaLywlJZJUawr95yC?from=shop_douxiaoer&from_school=1&should_full_screen=1&should_hide_bottom_nav=1,school.jinritemai.com,1
CMCR-CIT-04089896A6A348C68DF98A4F,CMCR-CMP-20260819-C1-Q0041,CMCR-Q0041,做电商短视频，怎么从千川素材里找可复用的创意方向？,业务场景问题,抖音,other,https://iesdouyin.com/share/video/7671210418538335531,iesdouyin.com,1
CMCR-CIT-3A72A6143113DEE63D395069,CMCR-CMP-20260819-C1-Q0041,CMCR-Q0041,做电商短视频，怎么从千川素材里找可复用的创意方向？,业务场景问题,千川素材策略分析怎么样做才有效?一套经过验证的AI辅助素材优化全攻略,other,https://resources.youcloud.com/youshu/blog/3107,resources.youcloud.com,1
CMCR-CIT-EB84805D2FAD7C765836865D,CMCR-CMP-20260819-C1-Q0041,CMCR-Q0041,做电商短视频，怎么从千川素材里找可复用的创意方向？,业务场景问题,抖音,other,https://iesdouyin.com/share/video/7620338191074411178,iesdouyin.com,1
CMCR-CIT-4D3CFF8834062C2CF88392A9,CMCR-CMP-20260819-C1-Q0041,CMCR-Q0041,做电商短视频，怎么从千川素材里找可复用的创意方向？,业务场景问题,抖音,other,https://iesdouyin.com/share/video/7671264138752652273,iesdouyin.com,1
CMCR-CIT-415AE0AC443AD7C3A2FFE6E4,CMCR-CMP-20260819-C1-Q0041,CMCR-Q0041,做电商短视频，怎么从千川素材里找可复用的创意方向？,业务场景问题,抖音电商,platform_official,https://school.jinritemai.com/doudian/wap/course-series/cJZHjLnhaLyw/cJZHjLnhaLywlJZJUawr9Aqg?from=zizhu_weichat_group&from_school=1&should_full_screen=1&should_hide_bottom_nav=1,school.jinritemai.com,1
CMCR-CIT-1F6B12C2C35014819AD7F9B4,CMCR-CMP-20260819-C1-Q0041,CMCR-Q0041,做电商短视频，怎么从千川素材里找可复用的创意方向？,业务场景问题,怎么优化素材才能拉高ROI?从千川审核规则、竞品参考到数据复盘的一站式方案-一品威客网,other,https://m.epwk.com/meijie/322669.html,m.epwk.com,1
CMCR-CIT-67D5F8DBC1FA4064D6EE5BEA,CMCR-CMP-20260819-C1-Q0041,CMCR-Q0041,做电商短视频，怎么从千川素材里找可复用的创意方向？,业务场景问题,"用抖音素材工具拆了300条素材后，我发现月GMV 5000万的千川素材根本不是""拍视频""——千川投手转型实录",other,https://resources.youcloud.com/youshu/blog/3115,resources.youcloud.com,1
CMCR-CIT-A38631C5A8A0F977C37A3BBE,CMCR-CMP-20260819-C1-Q0041,CMCR-Q0041,做电商短视频，怎么从千川素材里找可复用的创意方向？,业务场景问题,抖音,other,https://iesdouyin.com/share/video/7670830391745350966,iesdouyin.com,1
CMCR-CIT-4CD400082407B0150AAA6E5D,CMCR-CMP-20260819-C1-Q0041,CMCR-Q0041,做电商短视频，怎么从千川素材里找可复用的创意方向？,业务场景问题,抖音,other,https://iesdouyin.com/share/video/7594420075667426579,iesdouyin.com,1
CMCR-CIT-3DDFC0E36740574DFCD704A5,CMCR-CMP-20260819-C1-Q0041,CMCR-Q0041,做电商短视频，怎么从千川素材里找可复用的创意方向？,业务场景问题,抖音,other,https://iesdouyin.com/share/video/7600698975159244136,iesdouyin.com,1
CMCR-CIT-D90EEF51BB8653C3B8548076,CMCR-CMP-20260819-C1-Q0041,CMCR-Q0041,做电商短视频，怎么从千川素材里找可复用的创意方向？,业务场景问题,抖音,other,https://iesdouyin.com/share/video/7637157985488701172,iesdouyin.com,1
CMCR-CIT-7F93A89C3B0D6833FF0E9C32,CMCR-CMP-20260819-C1-Q0042,CMCR-Q0042,爆款带货视频怎么拆解，应该看脚本、画面、分镜还是转化点？,业务场景问题,什么值得买,other,https://post.m.smzdm.com/p/a70r9qkd,post.m.smzdm.com,1
CMCR-CIT-B5711134F4AE7C9D7CF9ADA4,CMCR-CMP-20260819-C1-Q0042,CMCR-Q0042,爆款带货视频怎么拆解，应该看脚本、画面、分镜还是转化点？,业务场景问题,搜狐,media,https://m.sohu.com/a/1064020874_122634602,m.sohu.com,1
CMCR-CIT-A76C20226257299629FA21FC,CMCR-CMP-20260819-C1-Q0042,CMCR-Q0042,爆款带货视频怎么拆解，应该看脚本、画面、分镜还是转化点？,业务场景问题,抖音,other,https://iesdouyin.com/share/video/7674942692191988325,iesdouyin.com,1
CMCR-CIT-21D6AD36C512940AFFDE0769,CMCR-CMP-20260819-C1-Q0042,CMCR-Q0042,爆款带货视频怎么拆解，应该看脚本、画面、分镜还是转化点？,业务场景问题,抖音,other,https://iesdouyin.com/share/video/7670425868695758755,iesdouyin.com,2
CMCR-CIT-A39F2B671EB04D330900BEB9,CMCR-CMP-20260819-C1-Q0042,CMCR-Q0042,爆款带货视频怎么拆解，应该看脚本、画面、分镜还是转化点？,业务场景问题,抖音,other,https://iesdouyin.com/share/video/7672347337486808294,iesdouyin.com,2
CMCR-CIT-5B6220315ACFDD93A25E72DA,CMCR-CMP-20260819-C1-Q0042,CMCR-Q0042,爆款带货视频怎么拆解，应该看脚本、画面、分镜还是转化点？,业务场景问题,【视频脚本】爆款带货视频脚本详细拆解爆款带货视频脚本拆解 学会这几招轻松出单- 大数跨境,other,https://m.10100.com/article/1965541,m.10100.com,1
CMCR-CIT-15BA6FE6D3CF9691056DD4E9,CMCR-CMP-20260819-C1-Q0042,CMCR-Q0042,爆款带货视频怎么拆解，应该看脚本、画面、分镜还是转化点？,业务场景问题,抖音带货视频怎么拍_新手从0到1完整流程_爱福印AI - 爱福印AI 下载 专业电商生图软件,other,https://afyds.com/douyin-daihuo-shipin-zenme-pai.html,afyds.com,1
CMCR-CIT-E4CB34D624E40B38DA74D82E,CMCR-CMP-20260819-C1-Q0042,CMCR-Q0042,爆款带货视频怎么拆解，应该看脚本、画面、分镜还是转化点？,业务场景问题,抖音,other,https://iesdouyin.com/share/video/7594891930643831141,iesdouyin.com,1
CMCR-CIT-4BC1B8B64C815D339F65497C,CMCR-CMP-20260819-C1-Q0042,CMCR-Q0042,爆款带货视频怎么拆解，应该看脚本、画面、分镜还是转化点？,业务场景问题,抖音,other,https://iesdouyin.com/share/video/7664127497650976491,iesdouyin.com,2
CMCR-CIT-F70C39F42F58D3DB204369EA,CMCR-CMP-20260819-C1-Q0042,CMCR-Q0042,爆款带货视频怎么拆解，应该看脚本、画面、分镜还是转化点？,业务场景问题,抖音,other,https://iesdouyin.com/share/video/7540214745443323196,iesdouyin.com,1
CMCR-CIT-498C89B7B87CCEEBD6E44124,CMCR-CMP-20260819-C1-Q0042,CMCR-Q0042,爆款带货视频怎么拆解，应该看脚本、画面、分镜还是转化点？,业务场景问题,抖音电商,platform_official,https://school.jinritemai.com/doudian/wap/video-article/vHrL5B9Jk7zt,school.jinritemai.com,1
CMCR-CIT-6D316581ED1EA780CFAA23D6,CMCR-CMP-20260819-C1-Q0042,CMCR-Q0042,爆款带货视频怎么拆解，应该看脚本、画面、分镜还是转化点？,业务场景问题,搜狐,media,https://m.sohu.com/a/1053233411_122634602,m.sohu.com,1
CMCR-CIT-08EDF94F1E0BCF9E0CC281F7,CMCR-CMP-20260819-C1-Q0042,CMCR-Q0042,爆款带货视频怎么拆解，应该看脚本、画面、分镜还是转化点？,业务场景问题,抖音,other,https://iesdouyin.com/share/video/7670563530979430586,iesdouyin.com,1
CMCR-CIT-2895D45695DDD2728D321ED6,CMCR-CMP-20260819-C1-Q0042,CMCR-Q0042,爆款带货视频怎么拆解，应该看脚本、画面、分镜还是转化点？,业务场景问题,抖音,other,https://iesdouyin.com/share/video/7668878330674030955,iesdouyin.com,1
CMCR-CIT-39730D0A69804C14EE2E6253,CMCR-CMP-20260819-C1-Q0042,CMCR-Q0042,爆款带货视频怎么拆解，应该看脚本、画面、分镜还是转化点？,业务场景问题,抖音电商,platform_official,https://school.jinritemai.com/doudian/wap/course-series/cHXYPm4k5tCn/cHXYPm4k5tCnlHsBbDReqvga?from=compass&from_school=1&should_full_screen=1&should_hide_bottom_nav=1,school.jinritemai.com,1
CMCR-CIT-D886F6B0368D0F1201048234,CMCR-CMP-20260819-C1-Q0043,CMCR-Q0043,哪个 AI 可以分析视频内容并输出拆解报告？,业务场景问题,CSDN博客,other,https://blog.csdn.net/gitblog_00300/article/details/155837735,blog.csdn.net,1
CMCR-CIT-2FF9A519C8C4B5B838DAE78D,CMCR-CMP-20260819-C1-Q0043,CMCR-Q0043,哪个 AI 可以分析视频内容并输出拆解报告？,业务场景问题,AI是怎么帮自媒体人看懂视频内容的?比如自动总结、分析画面和观众反应? - CSDN文库,other,https://wenku.csdn.net/answer/4iqqd3jx1wyy,wenku.csdn.net,2
CMCR-CIT-A13B0F6DDC8BE5DF6C36F887,CMCR-CMP-20260819-C1-Q0043,CMCR-Q0043,哪个 AI 可以分析视频内容并输出拆解报告？,业务场景问题,抖音,other,https://iesdouyin.com/share/video/7668672321520433254,iesdouyin.com,2
CMCR-CIT-8CFDB440EC3BA7FA5B1AC0F0,CMCR-CMP-20260819-C1-Q0043,CMCR-Q0043,哪个 AI 可以分析视频内容并输出拆解报告？,业务场景问题,抖音,other,https://iesdouyin.com/share/video/7648259680468225318,iesdouyin.com,1
CMCR-CIT-3261927A788E2BF63BB8E173,CMCR-CMP-20260819-C1-Q0043,CMCR-Q0043,哪个 AI 可以分析视频内容并输出拆解报告？,业务场景问题,抖音,other,https://iesdouyin.com/share/video/7585768579300478257,iesdouyin.com,1
CMCR-CIT-7B65557DA64A6C67962AE4C5,CMCR-CMP-20260819-C1-Q0043,CMCR-Q0043,哪个 AI 可以分析视频内容并输出拆解报告？,业务场景问题,ai 生成短视频哪个软件在线买粉丝平台 全网最低价抖音买粉业务网站好|主流 AI 短视频生成软件功能对比测评指南-海逸运营网,other,http://sxn.dianzilajihs.com/html/21f4799931.html,sxn.dianzilajihs.com,1
CMCR-CIT-96434A7CEC8F5950482F213D,CMCR-CMP-20260819-C1-Q0043,CMCR-Q0043,哪个 AI 可以分析视频内容并输出拆解报告？,业务场景问题,Microsoft Copilot vs BibiGPT: AI Video Summary Comparison for YouTube & Bilibili (2026),other,https://bibigpt.co/th/blog/posts/microsoft-copilot-vs-bibigpt-video-summary,bibigpt.co,1
CMCR-CIT-C3AC53BAAEFF472E250E9069,CMCR-CMP-20260819-C1-Q0043,CMCR-Q0043,哪个 AI 可以分析视频内容并输出拆解报告？,业务场景问题,36氪,media,https://36kr.com/p/3886403765596418,36kr.com,1
CMCR-CIT-01432CF06C52163D5B1AA636,CMCR-CMP-20260819-C1-Q0043,CMCR-Q0043,哪个 AI 可以分析视频内容并输出拆解报告？,业务场景问题,博客园,other,https://cnblogs.com/itingnao/p/21417751,cnblogs.com,1
CMCR-CIT-D7E6C82412917B3FEBB6B1F1,CMCR-CMP-20260819-C1-Q0043,CMCR-Q0043,哪个 AI 可以分析视频内容并输出拆解报告？,业务场景问题,CSDN博客,other,https://blog.csdn.net/weixin_42612405/article/details/157054461,blog.csdn.net,1
CMCR-CIT-61081B6E15D08D9185C8C760,CMCR-CMP-20260819-C1-Q0043,CMCR-Q0043,哪个 AI 可以分析视频内容并输出拆解报告？,业务场景问题,CSDN博客,other,https://blog.csdn.net/weixin_42351520/article/details/157858023,blog.csdn.net,1
CMCR-CIT-9A752A88DC6D3DD76B8258A6,CMCR-CMP-20260819-C1-Q0043,CMCR-Q0043,哪个 AI 可以分析视频内容并输出拆解报告？,业务场景问题,CSDN博客,other,https://blog.csdn.net/gitblog_00988/article/details/160852930,blog.csdn.net,1
CMCR-CIT-B8D8DD84D3A23FF6BB22049B,CMCR-CMP-20260819-C1-Q0043,CMCR-Q0043,哪个 AI 可以分析视频内容并输出拆解报告？,业务场景问题,Github,other,https://github.com/JucieOvo/Frame-by-frame-AI-parser_by_JucieOvo/releases,github.com,1
CMCR-CIT-83043C40784B8A3359302B69,CMCR-CMP-20260819-C1-Q0043,CMCR-Q0043,哪个 AI 可以分析视频内容并输出拆解报告？,业务场景问题,Azure AI Video Indexer overview,other,https://learn.microsoft.com/en-us/azure/azure-video-indexer/video-indexer-overview?ref=blog.roboflow.com,learn.microsoft.com,1
CMCR-CIT-C3CE6A03CFF4758E340CFE30,CMCR-CMP-20260819-C1-Q0043,CMCR-Q0043,哪个 AI 可以分析视频内容并输出拆解报告？,业务场景问题,aiproducthub.cn,other,https://aiproducthub.cn/sites/dwsj.html,aiproducthub.cn,1
CMCR-CIT-568E7D19EBF81E69B72ADEFD,CMCR-CMP-20260819-C1-Q0043,CMCR-Q0043,哪个 AI 可以分析视频内容并输出拆解报告？,业务场景问题,智能视频分析工具 - AI聚合,other,https://ai.boce.com/mcp/30000.html,ai.boce.com,1
CMCR-CIT-1DD3D6AF137624F4DF536577,CMCR-CMP-20260819-C1-Q0044,CMCR-Q0044,AI 拉片工具能拆出脚本、画面和分镜吗？,业务场景问题,FeiGe 本地离线 AI 视频拆片工具|自动识别全部转场分镜|对接 Claude/Gemini 一键生成多版本拍摄脚本|支持Deepseek等 多 AI 接口配置 – 格律诗的软件世界,other,https://jamecling.com/archives/3009,jamecling.com,2
CMCR-CIT-F92BDE392C8228E10F65A89D,CMCR-CMP-20260819-C1-Q0044,CMCR-Q0044,AI 拉片工具能拆出脚本、画面和分镜吗？,业务场景问题,Github,other,https://github.com/reaink/script2video/blob/main/README.zh.md,github.com,2
CMCR-CIT-172FD48D48C0ECBB94021B6A,CMCR-CMP-20260819-C1-Q0044,CMCR-Q0044,AI 拉片工具能拆出脚本、画面和分镜吗？,业务场景问题,Github,other,https://github.com/Swapnil-bo/CutAI,github.com,1
CMCR-CIT-E7A430AAA629BF2E90235367,CMCR-CMP-20260819-C1-Q0044,CMCR-Q0044,AI 拉片工具能拆出脚本、画面和分镜吗？,业务场景问题,抖音,other,https://iesdouyin.com/share/video/7658840654650330414,iesdouyin.com,1
CMCR-CIT-CD967BE10ED209F9C5F57113,CMCR-CMP-20260819-C1-Q0044,CMCR-Q0044,AI 拉片工具能拆出脚本、画面和分镜吗？,业务场景问题,融光:将文字剧本自动解析为分镜并合成视频的智能创作平台 - AI生产力工具,other,https://kdjingpai.com/ai-fusion-video,kdjingpai.com,1
CMCR-CIT-E94AC695DA10FC9A2A3AB3CA,CMCR-CMP-20260819-C1-Q0044,CMCR-Q0044,AI 拉片工具能拆出脚本、画面和分镜吗？,业务场景问题,CSDN博客,other,https://blog.csdn.net/BloodstoneHawk77/article/details/157159438,blog.csdn.net,2
CMCR-CIT-263A89C805C053E65372DFD5,CMCR-CMP-20260819-C1-Q0044,CMCR-Q0044,AI 拉片工具能拆出脚本、画面和分镜吗？,业务场景问题,Github,other,https://github.com/MMLab-HKUST/CineView-AI,github.com,1
CMCR-CIT-77CE90EF19E5100D3F5B3181,CMCR-CMP-20260819-C1-Q0044,CMCR-Q0044,AI 拉片工具能拆出脚本、画面和分镜吗？,业务场景问题,CSDN博客,other,https://blog.csdn.net/weixin_42602368/article/details/152409640,blog.csdn.net,1
CMCR-CIT-CAF9B87FD962CC787197F854,CMCR-CMP-20260819-C1-Q0044,CMCR-Q0044,AI 拉片工具能拆出脚本、画面和分镜吗？,业务场景问题,CSDN博客,other,https://blog.csdn.net/AIzhinanzhen/article/details/147771242,blog.csdn.net,1
CMCR-CIT-355A5C7BA8AD6F240DB9470E,CMCR-CMP-20260819-C1-Q0044,CMCR-Q0044,AI 拉片工具能拆出脚本、画面和分镜吗？,业务场景问题,CSDN博客,other,https://blog.csdn.net/weixin_28888459/article/details/152411845,blog.csdn.net,1
CMCR-CIT-1BA5597C42B06F762EF90AEC,CMCR-CMP-20260819-C1-Q0044,CMCR-Q0044,AI 拉片工具能拆出脚本、画面和分镜吗？,业务场景问题,CSDN博客,other,https://blog.csdn.net/ThunderstormFalcon78/article/details/157109248,blog.csdn.net,1
CMCR-CIT-3BC25D5931EF55C17C065EFF,CMCR-CMP-20260819-C1-Q0044,CMCR-Q0044,AI 拉片工具能拆出脚本、画面和分镜吗？,业务场景问题,今日头条,other,http://m.toutiao.com/group/7651439212981518854,m.toutiao.com,1
CMCR-CIT-276ABEB4B8B0017D2D75A5A1,CMCR-CMP-20260819-C1-Q0044,CMCR-Q0044,AI 拉片工具能拆出脚本、画面和分镜吗？,业务场景问题,Manus Review: Storyboard Generation Tested (2026),other,https://aidemos.com/tools/manus,aidemos.com,1
CMCR-CIT-A8AF30F744D457D86A10B823,CMCR-CMP-20260819-C1-Q0044,CMCR-Q0044,AI 拉片工具能拆出脚本、画面和分镜吗？,业务场景问题,人工智能 - 影视分镜 AI 生成:Seedance2.0 导演级视频操控完整实操技巧 - 个人文章 - SegmentFault 思否,other,https://segmentfault.com/a/1190000047876528,segmentfault.com,1
CMCR-CIT-46AFC1A8DFC321165E4EB2CC,CMCR-CMP-20260819-C1-Q0044,CMCR-Q0044,AI 拉片工具能拆出脚本、画面和分镜吗？,业务场景问题,做1秒视频1块钱，Seedance把“抽卡人”逼去学拉片-腾讯云开发者社区-腾讯云,other,https://developer.cloud.tencent.com/article/2674291,developer.cloud.tencent.com,1
CMCR-CIT-043D7CC6E86D97FCD56BCEE9,CMCR-CMP-20260819-C1-Q0045,CMCR-Q0045,蝉妈妈创意的 AI 智能拉片能拆解哪些内容？,品牌产品问题,搜狐,media,https://m.sohu.com/a/1064020874_122634602,m.sohu.com,1
CMCR-CIT-13A317FC89B7B250477E0664,CMCR-CMP-20260819-C1-Q0045,CMCR-Q0045,蝉妈妈创意的 AI 智能拉片能拆解哪些内容？,品牌产品问题,AI智能拉片软件_一键智能拉片在线使用-蝉妈妈·AI创意大师,official_direct,https://cy.chanmama.com/tools/intelligentStoryboardScript/landing,cy.chanmama.com,2
CMCR-CIT-48499BBD83738BED249955FD,CMCR-CMP-20260819-C1-Q0045,CMCR-Q0045,蝉妈妈创意的 AI 智能拉片能拆解哪些内容？,品牌产品问题,抖音,other,https://iesdouyin.com/share/video/7579949522726571291,iesdouyin.com,4
CMCR-CIT-E58E8257EF7F86548A9D9B89,CMCR-CMP-20260819-C1-Q0045,CMCR-Q0045,蝉妈妈创意的 AI 智能拉片能拆解哪些内容？,品牌产品问题,抖音,other,https://iesdouyin.com/share/video/7667101716617353555,iesdouyin.com,3
CMCR-CIT-CA76302534EDF8DB23AF175C,CMCR-CMP-20260819-C1-Q0045,CMCR-Q0045,蝉妈妈创意的 AI 智能拉片能拆解哪些内容？,品牌产品问题,抖音,other,https://iesdouyin.com/share/video/7652196197238883178,iesdouyin.com,1
CMCR-CIT-84784362F6800BC3E961CE4B,CMCR-CMP-20260819-C1-Q0045,CMCR-Q0045,蝉妈妈创意的 AI 智能拉片能拆解哪些内容？,品牌产品问题,蝉妈妈·创意 - 千川投放素材_短视频素材创意服务平台,official_direct,https://cy.chanmama.com/,cy.chanmama.com,1
CMCR-CIT-BF3306DEC5024FF3F7D7FA08,CMCR-CMP-20260819-C1-Q0046,CMCR-Q0046,爆款视频拆解后怎么变成自己的脚本？,业务场景问题,人人都是产品经理,other,https://woshipm.com/share/6304635.html,woshipm.com,1
CMCR-CIT-7CE74FEF15BBA9301A41B541,CMCR-CMP-20260819-C1-Q0046,CMCR-Q0046,爆款视频拆解后怎么变成自己的脚本？,业务场景问题,搜狐,media,https://m.sohu.com/a/1054270025_122936665,m.sohu.com,1
CMCR-CIT-ED9C2A92F1D92A65DAF9FFD9,CMCR-CMP-20260819-C1-Q0046,CMCR-Q0046,爆款视频拆解后怎么变成自己的脚本？,业务场景问题,抖音,other,https://iesdouyin.com/share/video/7659062808029465894,iesdouyin.com,3
CMCR-CIT-E577825F87F9E329CC647274,CMCR-CMP-20260819-C1-Q0046,CMCR-Q0046,爆款视频拆解后怎么变成自己的脚本？,业务场景问题,抖音,other,https://iesdouyin.com/share/video/7623396675340398501,iesdouyin.com,2
CMCR-CIT-3A04CB82EBDF6F8C392941BF,CMCR-CMP-20260819-C1-Q0046,CMCR-Q0046,爆款视频拆解后怎么变成自己的脚本？,业务场景问题,抖音,other,https://iesdouyin.com/share/video/7659621533140274458,iesdouyin.com,1
CMCR-CIT-5328CA7A43C532040BF3FAE5,CMCR-CMP-20260819-C1-Q0046,CMCR-Q0046,爆款视频拆解后怎么变成自己的脚本？,业务场景问题,"잘 되는 영상 대본, AI 리라이팅으로 3분 만에 내 것으로",other,https://viralpulse.net/blog/ai-rewriting-script-guide,viralpulse.net,1
CMCR-CIT-BE22A8E7849B679C3EE95459,CMCR-CMP-20260819-C1-Q0046,CMCR-Q0046,爆款视频拆解后怎么变成自己的脚本？,业务场景问题,抖音,other,https://iesdouyin.com/share/video/7649237867046112564,iesdouyin.com,2
CMCR-CIT-D392CB9E6ED0A491F1E17A58,CMCR-CMP-20260819-C1-Q0046,CMCR-Q0046,爆款视频拆解后怎么变成自己的脚本？,业务场景问题,抖音,other,https://iesdouyin.com/share/video/7664927017066780081,iesdouyin.com,2
CMCR-CIT-6A69E95D05851A6E69C63E6E,CMCR-CMP-20260819-C1-Q0046,CMCR-Q0046,爆款视频拆解后怎么变成自己的脚本？,业务场景问题,短视频脚本怎么写?从拆解爆款到形成风格，一套完整的方法论,other,https://ciyuanerhao.com/post-91.html,ciyuanerhao.com,1
CMCR-CIT-91832B815C096EFE985ABFFE,CMCR-CMP-20260819-C1-Q0046,CMCR-Q0046,爆款视频拆解后怎么变成自己的脚本？,业务场景问题,CSDN博客,other,https://blog.csdn.net/weixin_36102874/article/details/161691260,blog.csdn.net,1
CMCR-CIT-8BEB518F786A57E897E2A142,CMCR-CMP-20260819-C1-Q0046,CMCR-Q0046,爆款视频拆解后怎么变成自己的脚本？,业务场景问题,抖音,other,https://iesdouyin.com/share/video/7675000137290328219,iesdouyin.com,1
CMCR-CIT-B487D6ED48792830AEF5C80E,CMCR-CMP-20260819-C1-Q0046,CMCR-Q0046,爆款视频拆解后怎么变成自己的脚本？,业务场景问题,今日头条,other,http://m.toutiao.com/group/7582079895656825378,m.toutiao.com,1
CMCR-CIT-17A182C52D44C3A87EC98181,CMCR-CMP-20260819-C1-Q0046,CMCR-Q0046,爆款视频拆解后怎么变成自己的脚本？,业务场景问题,抖音,other,https://iesdouyin.com/share/video/7666073338644548873,iesdouyin.com,1
CMCR-CIT-7430AA06E44B71AD18256E5C,CMCR-CMP-20260819-C1-Q0047,CMCR-Q0047,不会写短视频脚本怎么办，有没有 AI 工具能辅助？,业务场景问题,CSDN博客,other,https://blog.csdn.net/l35633/article/details/144405560,blog.csdn.net,1
CMCR-CIT-B8A531D4EBA24E25E605DA18,CMCR-CMP-20260819-C1-Q0047,CMCR-Q0047,不会写短视频脚本怎么办，有没有 AI 工具能辅助？,业务场景问题,抖音,other,https://iesdouyin.com/share/video/7633994877784640802,iesdouyin.com,4
CMCR-CIT-D49684FF162530E53BA936EC,CMCR-CMP-20260819-C1-Q0047,CMCR-Q0047,不会写短视频脚本怎么办，有没有 AI 工具能辅助？,业务场景问题,抖音,other,https://iesdouyin.com/share/video/7630669756147764506,iesdouyin.com,3
CMCR-CIT-A79DA957CA54D6B7FDA8AEDD,CMCR-CMP-20260819-C1-Q0047,CMCR-Q0047,不会写短视频脚本怎么办，有没有 AI 工具能辅助？,业务场景问题,抖音,other,https://iesdouyin.com/share/video/7545082825272872251,iesdouyin.com,1
CMCR-CIT-258F5631D3268013AA91A02D,CMCR-CMP-20260819-C1-Q0047,CMCR-Q0047,不会写短视频脚本怎么办，有没有 AI 工具能辅助？,业务场景问题,今日头条,other,http://m.toutiao.com/group/7669596499398885932,m.toutiao.com,1
CMCR-CIT-ED5D6F21F7BB099BA3424FD7,CMCR-CMP-20260819-C1-Q0047,CMCR-Q0047,不会写短视频脚本怎么办，有没有 AI 工具能辅助？,业务场景问题,人工智能 - 保姆级教程:用 GPT 批量生成短视频脚本，10 分钟产出 10 条文案 - 冲动的大蒜 - SegmentFault 思否,other,https://segmentfault.com/a/1190000047846938,segmentfault.com,1
CMCR-CIT-4587ADA64541EAC45F86D96B,CMCR-CMP-20260819-C1-Q0047,CMCR-Q0047,不会写短视频脚本怎么办，有没有 AI 工具能辅助？,业务场景问题,CSDN博客,other,https://blog.csdn.net/InitPulse/article/details/161452973,blog.csdn.net,1
CMCR-CIT-9972D937806D0F40301624D1,CMCR-CMP-20260819-C1-Q0047,CMCR-Q0047,不会写短视频脚本怎么办，有没有 AI 工具能辅助？,业务场景问题,抖音,other,https://iesdouyin.com/share/video/7670113082203408626,iesdouyin.com,1
CMCR-CIT-7B07751A86F0670261FA1A8A,CMCR-CMP-20260819-C1-Q0047,CMCR-Q0047,不会写短视频脚本怎么办，有没有 AI 工具能辅助？,业务场景问题,My Favorite AI Content Prompts with Adam Enfroy,other,https://adamenfroy.com/wp-content/uploads/AI-Content-Prompts-Videos-List.pdf,adamenfroy.com,1
CMCR-CIT-06291CF446313383EDE93A18,CMCR-CMP-20260819-C1-Q0047,CMCR-Q0047,不会写短视频脚本怎么办，有没有 AI 工具能辅助？,业务场景问题,CSDN博客,other,https://blog.csdn.net/ProceChat/article/details/161453342,blog.csdn.net,1
CMCR-CIT-9E5FEF4872FF30CAB2A8EE5F,CMCR-CMP-20260819-C1-Q0047,CMCR-Q0047,不会写短视频脚本怎么办，有没有 AI 工具能辅助？,业务场景问题,ScripAI:免费AI写作工具 | 无需登录 | 社交媒体脚本 | 内容生成,other,https://novatools.cn/tools/scrip-ai,novatools.cn,1
CMCR-CIT-D31CA357D1BD090ED19F5705,CMCR-CMP-20260819-C1-Q0047,CMCR-Q0047,不会写短视频脚本怎么办，有没有 AI 工具能辅助？,业务场景问题,"Best AI Script Generators in 2026: Free Tools for YouTube, Video and Film",other,https://insideaimedia.com/blogs/best-ai-script-generators,insideaimedia.com,1
CMCR-CIT-3FB479F67B1D2F460949BB04,CMCR-CMP-20260819-C1-Q0048,CMCR-Q0048,爆款带货视频黄金 3 秒怎么拆和设计？,业务场景问题,搜狐,media,https://m.sohu.com/a/1056554737_121320467,m.sohu.com,1
CMCR-CIT-1B8AD59AB147CA016462D016,CMCR-CMP-20260819-C1-Q0048,CMCR-Q0048,爆款带货视频黄金 3 秒怎么拆和设计？,业务场景问题,获客成本高?可能你在短视频和AI的策略错了 - 混沌学园,other,https://hundun.cn/articles/37141b6b778a9a42.html,hundun.cn,1
CMCR-CIT-09EDF11B3C35473CF0B363A0,CMCR-CMP-20260819-C1-Q0048,CMCR-Q0048,爆款带货视频黄金 3 秒怎么拆和设计？,业务场景问题,抖音,other,https://iesdouyin.com/share/video/7661979028048841833,iesdouyin.com,1
CMCR-CIT-E30E7B1B7F4621344C12420E,CMCR-CMP-20260819-C1-Q0048,CMCR-Q0048,爆款带货视频黄金 3 秒怎么拆和设计？,业务场景问题,抖音,other,https://iesdouyin.com/share/video/7647747182234266026,iesdouyin.com,1
CMCR-CIT-8FAE18688D8CD0D156047551,CMCR-CMP-20260819-C1-Q0048,CMCR-Q0048,爆款带货视频黄金 3 秒怎么拆和设计？,业务场景问题,新手带货短视频文案技巧_黄金3秒带货短视频文案_摇三网,other,https://yaosanwang.com/sp/48867.html,yaosanwang.com,2
CMCR-CIT-BFB36100955FD973B95B71F1,CMCR-CMP-20260819-C1-Q0048,CMCR-Q0048,爆款带货视频黄金 3 秒怎么拆和设计？,业务场景问题,抖音,other,https://iesdouyin.com/share/video/7640124996098693055,iesdouyin.com,1
CMCR-CIT-4E13789801484288455D92BC,CMCR-CMP-20260819-C1-Q0048,CMCR-Q0048,爆款带货视频黄金 3 秒怎么拆和设计？,业务场景问题,抖音,other,https://iesdouyin.com/share/video/7658333331687558315,iesdouyin.com,1
CMCR-CIT-8D75C158D3638678B79A6C28,CMCR-CMP-20260819-C1-Q0048,CMCR-Q0048,爆款带货视频黄金 3 秒怎么拆和设计？,业务场景问题,黄金“前3秒”卖货文案100例 | 抖音官方出品- 大数跨境,other,https://m.10100.com/article/1113695,m.10100.com,1
CMCR-CIT-3C698582C3E55DE974F49840,CMCR-CMP-20260819-C1-Q0048,CMCR-Q0048,爆款带货视频黄金 3 秒怎么拆和设计？,业务场景问题,抖音,other,https://iesdouyin.com/share/video/7597642930962107690,iesdouyin.com,1
CMCR-CIT-FC7592F8FD022319B1FE329E,CMCR-CMP-20260819-C1-Q0048,CMCR-Q0048,爆款带货视频黄金 3 秒怎么拆和设计？,业务场景问题,抖音,other,https://iesdouyin.com/share/video/7657808870241058801,iesdouyin.com,1
CMCR-CIT-F60C98519A276859D58D20EE,CMCR-CMP-20260819-C1-Q0048,CMCR-Q0048,爆款带货视频黄金 3 秒怎么拆和设计？,业务场景问题,淘宝,other,https://goods.taobao.com/t/daiyunying_16960/497ba01d2e5ff928b6579cd6e61baa28.html,goods.taobao.com,1
CMCR-CIT-B633A453D33687FFB94F8CF1,CMCR-CMP-20260819-C1-Q0048,CMCR-Q0048,爆款带货视频黄金 3 秒怎么拆和设计？,业务场景问题,抖音,other,https://iesdouyin.com/share/video/7667940729117052539,iesdouyin.com,1
CMCR-CIT-F5A88D2A7D512C30002FB2BA,CMCR-CMP-20260819-C1-Q0048,CMCR-Q0048,爆款带货视频黄金 3 秒怎么拆和设计？,业务场景问题,黄金三秒钩子怎么写?6 种开头钩子模板直接套 - 海螺社博客,other,https://hailuoshe.com/blog/golden-three-seconds-hook,hailuoshe.com,1
CMCR-CIT-6E7226A59A2FC38D3FA46D9B,CMCR-CMP-20260819-C1-Q0048,CMCR-Q0048,爆款带货视频黄金 3 秒怎么拆和设计？,业务场景问题,人人都是产品经理,other,https://woshipm.com/copy/6012657.html,woshipm.com,1
CMCR-CIT-9EA38272A9E3D732D7C48EB3,CMCR-CMP-20260819-C1-Q0048,CMCR-Q0048,爆款带货视频黄金 3 秒怎么拆和设计？,业务场景问题,人人都是产品经理,other,https://woshipm.com/share/6392167.html,woshipm.com,1
CMCR-CIT-498A18DB094D073AB6830A7C,CMCR-CMP-20260819-C1-Q0048,CMCR-Q0048,爆款带货视频黄金 3 秒怎么拆和设计？,业务场景问题,TikTok 3 秒钩子框架完整方法论(2026 CutFast 版):让短视频前 3 秒决定 90% 完播率 | CutFast 博客,other,https://cutfa.st/zh/blog/3-second-hook-tiktok-shorts-cutfast-method-2026,cutfa.st,1
CMCR-CIT-B31D5DD70697B89CDE344D4B,CMCR-CMP-20260819-C1-Q0048,CMCR-Q0048,爆款带货视频黄金 3 秒怎么拆和设计？,业务场景问题,"TL;DR Viewers decide in the first 1-3 s whether to keep watching. This guide reverse-engineers the best performing hook types on TikTok, Instagram Reels, Lemon8, YouTube Shorts, LinkedIn and Facebook",other,https://instavar.com/pdf/Creative_Hooks_That_Stop_the_Scroll.pdf,instavar.com,1
CMCR-CIT-656ECEC95A5D0B21A5341BD0,CMCR-CMP-20260819-C1-Q0049,CMCR-Q0049,短视频开头钩子怎么写，怎么判断有没有爆款潜力？,案例/效果问题,"TL;DR Viewers decide in the first 1-3 s whether to keep watching. This guide reverse-engineers the best performing hook types on TikTok, Instagram Reels, Lemon8, YouTube Shorts, LinkedIn and Facebook",other,https://instavar.com/pdf/Creative_Hooks_That_Stop_the_Scroll.pdf,instavar.com,1
CMCR-CIT-AF125DB84CCF6CBCA2DE5D39,CMCR-CMP-20260819-C1-Q0049,CMCR-Q0049,短视频开头钩子怎么写，怎么判断有没有爆款潜力？,案例/效果问题,人人都是产品经理,other,https://woshipm.com/operate/6275862.html,woshipm.com,1
CMCR-CIT-CFE967383AA5C43E0CC9C501,CMCR-CMP-20260819-C1-Q0049,CMCR-Q0049,短视频开头钩子怎么写，怎么判断有没有爆款潜力？,案例/效果问题,抖音,other,https://iesdouyin.com/share/video/7667176163302804787,iesdouyin.com,1
CMCR-CIT-190D4696E097D4441EB2D32B,CMCR-CMP-20260819-C1-Q0049,CMCR-Q0049,短视频开头钩子怎么写，怎么判断有没有爆款潜力？,案例/效果问题,抖音,other,https://iesdouyin.com/share/video/7644937887776383987,iesdouyin.com,1
CMCR-CIT-BE93E7FEB03139C55A5CDC25,CMCR-CMP-20260819-C1-Q0049,CMCR-Q0049,短视频开头钩子怎么写，怎么判断有没有爆款潜力？,案例/效果问题,短视频开场钩子:提升留存与互动的公式,other,https://beefed.ai/zh/scroll-stopping-hooks-tiktok-reels,beefed.ai,1
CMCR-CIT-AB74E65A7E108FA800508903,CMCR-CMP-20260819-C1-Q0049,CMCR-Q0049,短视频开头钩子怎么写，怎么判断有没有爆款潜力？,案例/效果问题,抖音,other,https://iesdouyin.com/share/video/7638545180417035621,iesdouyin.com,2
CMCR-CIT-DED24174682B4BC832D47F3C,CMCR-CMP-20260819-C1-Q0049,CMCR-Q0049,短视频开头钩子怎么写，怎么判断有没有爆款潜力？,案例/效果问题,Video Hooks That Stop the Scroll: 12 Proven Formulas for Short-Form Video (2026),other,https://tiktube.ai/blog/video-hooks-that-stop-the-scroll-2026,tiktube.ai,1
CMCR-CIT-7FF5ACFFA6B257F8B6D5447E,CMCR-CMP-20260819-C1-Q0049,CMCR-Q0049,短视频开头钩子怎么写，怎么判断有没有爆款潜力？,案例/效果问题,"How to Make a TikTok Video That Goes Viral Overnight: The Hook, Hold and CTA Framework",other,https://softomatesolutions.com/blog/how-to-make-tiktok-video-viral-overnight-framework,softomatesolutions.com,1
CMCR-CIT-E5F3072F23BBBDB86CB698F9,CMCR-CMP-20260819-C1-Q0049,CMCR-Q0049,短视频开头钩子怎么写，怎么判断有没有爆款潜力？,案例/效果问题,64+ Viral Hooks That Actually Work,other,https://socialync.io/viral-hooks-library,socialync.io,1
CMCR-CIT-744A2FC334DBAB15AAF35FE2,CMCR-CMP-20260819-C1-Q0049,CMCR-Q0049,短视频开头钩子怎么写，怎么判断有没有爆款潜力？,案例/效果问题,"🎣 How to Write TikTok Hooks in 2026: 15 Formulas, Real Examples, and the First-Frame Science",other,https://tugan.ai/blog/how-to-write-tiktok-hooks,tugan.ai,1
CMCR-CIT-4BDB19381AB9F490E097DBC3,CMCR-CMP-20260819-C1-Q0049,CMCR-Q0049,短视频开头钩子怎么写，怎么判断有没有爆款潜力？,案例/效果问题,Five Hook Templates That Stop the Scroll in Under Two Seconds,other,https://tokcount.com/blog/five-hook-templates-that-stop-the-scroll-in-under-two-seconds,tokcount.com,1
CMCR-CIT-6DDDE0199152EBA5FD42C429,CMCR-CMP-20260819-C1-Q0049,CMCR-Q0049,短视频开头钩子怎么写，怎么判断有没有爆款潜力？,案例/效果问题,基于多模态特征的短视频热度预测研究   ——以抖音平台为例,other,http://jfdc.cnic.cn/CN/article/downloadArticleFile.do?attachType=PDF&id=586,jfdc.cnic.cn,1
CMCR-CIT-0CC03ED140FABC5A266EFBDE,CMCR-CMP-20260819-C1-Q0049,CMCR-Q0049,短视频开头钩子怎么写，怎么判断有没有爆款潜力？,案例/效果问题,搜狐,media,https://m.sohu.com/a/1036785838_122901859,m.sohu.com,1
CMCR-CIT-3B318E58D573FD05A676A850,CMCR-CMP-20260819-C1-Q0049,CMCR-Q0049,短视频开头钩子怎么写，怎么判断有没有爆款潜力？,案例/效果问题,抖音,other,https://iesdouyin.com/share/video/7545886697876196647,iesdouyin.com,2
CMCR-CIT-1EF7EFB477A7FC2E42D301B2,CMCR-CMP-20260819-C1-Q0049,CMCR-Q0049,短视频开头钩子怎么写，怎么判断有没有爆款潜力？,案例/效果问题,抖音,other,https://iesdouyin.com/share/video/7638957301178067185,iesdouyin.com,2
CMCR-CIT-4FC835F1618223E0B8712D69,CMCR-CMP-20260819-C1-Q0050,CMCR-Q0050,商品卖点和用户痛点怎么转成短视频脚本？,业务场景问题,快手短视频带货|快手快手评论下单网站短视频挂车带货脚本拍摄与转化话术指南-广贯运营网,other,http://bnc.dianzilajihs.com/html/09d1599975.html,bnc.dianzilajihs.com,1
CMCR-CIT-A9A9E37A5100A642205A2CB5,CMCR-CMP-20260819-C1-Q0050,CMCR-Q0050,商品卖点和用户痛点怎么转成短视频脚本？,业务场景问题,AI商品卖点视频怎么做:产品短视频脚本、分镜和提示词模板 | 协修AI - 免费AI教程·提示词库·AI工具导航,other,https://xiexiuai.2weima.com/ai-video/product-video-prompt.html,xiexiuai.2weima.com,1
CMCR-CIT-ECFD219AB583A398FD9A2083,CMCR-CMP-20260819-C1-Q0050,CMCR-Q0050,商品卖点和用户痛点怎么转成短视频脚本？,业务场景问题,抖音,other,https://iesdouyin.com/share/video/7639861750946943615,iesdouyin.com,2
CMCR-CIT-5C0A21A0002CFC94B76BAD2F,CMCR-CMP-20260819-C1-Q0050,CMCR-Q0050,商品卖点和用户痛点怎么转成短视频脚本？,业务场景问题,抖音,other,https://iesdouyin.com/share/video/7591379358791568666,iesdouyin.com,2
CMCR-CIT-7DC8979A90D6C131EA0DF78B,CMCR-CMP-20260819-C1-Q0050,CMCR-Q0050,商品卖点和用户痛点怎么转成短视频脚本？,业务场景问题,人人都是产品经理,other,https://woshipm.com/share/6041252.html,woshipm.com,1
CMCR-CIT-68ECF7A90FEB287FF44214F8,CMCR-CMP-20260819-C1-Q0050,CMCR-Q0050,商品卖点和用户痛点怎么转成短视频脚本？,业务场景问题,抖音,other,https://iesdouyin.com/share/video/7642702976460867441,iesdouyin.com,1
CMCR-CIT-BA77D84FF3A4496A36DB0689,CMCR-CMP-20260819-C1-Q0050,CMCR-Q0050,商品卖点和用户痛点怎么转成短视频脚本？,业务场景问题,抖音,other,https://iesdouyin.com/share/video/7559924956453178624,iesdouyin.com,1
CMCR-CIT-E473EA1B929FBD852DCF7D4D,CMCR-CMP-20260819-C1-Q0050,CMCR-Q0050,商品卖点和用户痛点怎么转成短视频脚本？,业务场景问题,抖音,other,https://iesdouyin.com/share/video/7652703677341355316,iesdouyin.com,2
CMCR-CIT-3CEC747C177C961EE6E1A1C9,CMCR-CMP-20260819-C1-Q0050,CMCR-Q0050,商品卖点和用户痛点怎么转成短视频脚本？,业务场景问题,抖音,other,https://iesdouyin.com/share/video/7672611213867584810,iesdouyin.com,3
CMCR-CIT-E4829803EDE27A1235DB95F6,CMCR-CMP-20260819-C1-Q0050,CMCR-Q0050,商品卖点和用户痛点怎么转成短视频脚本？,业务场景问题,抖音,other,https://iesdouyin.com/share/video/7673048677581065472,iesdouyin.com,1
CMCR-CIT-010D9F988DFC1B69571FB18C,CMCR-CMP-20260819-C1-Q0050,CMCR-Q0050,商品卖点和用户痛点怎么转成短视频脚本？,业务场景问题,SkillHub-专为中国用户优化的Skills社区,other,https://skillhub.cloud.tencent.com/skills/douyin-script-zh,skillhub.cloud.tencent.com,1
CMCR-CIT-922781E0517A1964538E0582,CMCR-CMP-20260819-C1-Q0050,CMCR-Q0050,商品卖点和用户痛点怎么转成短视频脚本？,业务场景问题,抖音,other,https://iesdouyin.com/share/video/7584357014873066758,iesdouyin.com,1
CMCR-CIT-C3F3DF81419EF5E7B1C0A14A,CMCR-CMP-20260819-C1-Q0050,CMCR-Q0050,商品卖点和用户痛点怎么转成短视频脚本？,业务场景问题,抖音,other,https://iesdouyin.com/share/video/7580934292307171546,iesdouyin.com,1
CMCR-CIT-78FF5617921115F349D89BD3,CMCR-CMP-20260819-C1-Q0051,CMCR-Q0051,竞品商品素材怎么做竞争态势分析？,业务场景问题,产品竞品分析实战方法论:2026年工业设计师系统化竞品研究体系构建指南(Competitive Analysis) - 赫兹工业设计,other,https://hezidesign.com/jingyan/744.html,hezidesign.com,1
CMCR-CIT-424EAC7863CCF0B24DE5461E,CMCR-CMP-20260819-C1-Q0051,CMCR-Q0051,竞品商品素材怎么做竞争态势分析？,业务场景问题,Competitor Product Analysis: A Data-Driven E-comm Guide,other,https://searchthetrend.com/blog/competitor-product-analysis,searchthetrend.com,1
CMCR-CIT-E5D2C9F2012B5D9F9E1D1965,CMCR-CMP-20260819-C1-Q0051,CMCR-Q0051,竞品商品素材怎么做竞争态势分析？,业务场景问题,抖音,other,https://iesdouyin.com/share/video/7622257536275582260,iesdouyin.com,2
CMCR-CIT-239CEC6C3B14C8199B79B73A,CMCR-CMP-20260819-C1-Q0051,CMCR-Q0051,竞品商品素材怎么做竞争态势分析？,业务场景问题,抖音,other,https://iesdouyin.com/share/video/7669005053511945518,iesdouyin.com,1
CMCR-CIT-1AAA31584A90DE7A853AF1E4,CMCR-CMP-20260819-C1-Q0051,CMCR-Q0051,竞品商品素材怎么做竞争态势分析？,业务场景问题,抖音,other,https://iesdouyin.com/share/video/7606925295778867697,iesdouyin.com,1
CMCR-CIT-C3021627F936519167493E38,CMCR-CMP-20260819-C1-Q0051,CMCR-Q0051,竞品商品素材怎么做竞争态势分析？,业务场景问题,抖音,other,https://iesdouyin.com/share/video/7647464395165728113,iesdouyin.com,2
CMCR-CIT-3A74FAE510AE35896C0B8E28,CMCR-CMP-20260819-C1-Q0051,CMCR-Q0051,竞品商品素材怎么做竞争态势分析？,业务场景问题,今日头条,other,http://m.toutiao.com/group/7621116606064493094,m.toutiao.com,2
CMCR-CIT-B693AB278E8B64D753323589,CMCR-CMP-20260819-C1-Q0051,CMCR-Q0051,竞品商品素材怎么做竞争态势分析？,业务场景问题,抖音,other,https://iesdouyin.com/share/video/7654916102883392640,iesdouyin.com,2
CMCR-CIT-32FB5C9F1E854BA12D9B0E1E,CMCR-CMP-20260819-C1-Q0051,CMCR-Q0051,竞品商品素材怎么做竞争态势分析？,业务场景问题,抖音,other,https://iesdouyin.com/share/video/7656768096455420130,iesdouyin.com,2
CMCR-CIT-FF80E4591A3F0839DC4E4CAA,CMCR-CMP-20260819-C1-Q0051,CMCR-Q0051,竞品商品素材怎么做竞争态势分析？,业务场景问题,亚马逊竞品调研看不懂?手把手教你查竞品-AMZ123跨境导航,other,https://m.amz123.com/t/hBh2dpl3,m.amz123.com,1
CMCR-CIT-49CCA021F00574406B6EFD12,CMCR-CMP-20260819-C1-Q0051,CMCR-Q0051,竞品商品素材怎么做竞争态势分析？,业务场景问题,抖音,other,https://iesdouyin.com/share/video/7618097866926779386,iesdouyin.com,1
CMCR-CIT-0D74771E1153B5703FE60E82,CMCR-CMP-20260819-C1-Q0051,CMCR-Q0051,竞品商品素材怎么做竞争态势分析？,业务场景问题,亚马逊卖家如何分析竞品，亚马逊卖家分析竞品有哪些方面-雨果网,other,https://m.cifnews.com/article/172669,m.cifnews.com,1
CMCR-CIT-82108CCAD18937BEF506729A,CMCR-CMP-20260819-C1-Q0051,CMCR-Q0051,竞品商品素材怎么做竞争态势分析？,业务场景问题,Amazon Competitor Image Analysis: The Complete Seller Workflow,other,https://asincrate.com/blog/amazon-competitor-image-analysis,asincrate.com,1
CMCR-CIT-72740587CDD58E3B0FF58B22,CMCR-CMP-20260819-C1-Q0052,CMCR-Q0052,电商内容团队的编导写脚本，应该先看哪些爆款拆解维度？,业务场景问题,抖音电商,platform_official,https://school.jinritemai.com/doudian/wap/course-series/cJZHjLnhaLyw/cJZHjLnhaLywlJZJUawr95yC?from=777%E6%B8%B8%E6%88%8F%E2%9C%94%EF%B8%8F%E3%8A%99%EF%B8%8F%E5%AE%98%E7%BD%91cn365.vip%E3%8A%99%EF%B8%8F%E2%9C%94%EF%B8%8F777%E6%B8%B8%E6%88%8Ftrqoshv1777%E6%B8%B8%E6%88%8Fqhk7esy0777%E6%B8%B8%E6%88%8F%E2%98%80%EF%B8%8F%E2%96%9B%E7%BD%91%E5%9D%80cn365.vip%E2%96%9F%E2%98%80%EF%B8%8F777%E6%B8%B8%E6%88%8Fz29t0m1q777%E6%B8%B8%E6%88%8F&from_school=1&should_full_screen=1&should_hide_bottom_nav=1,school.jinritemai.com,2
CMCR-CIT-8225A49977C4C2695867C75E,CMCR-CMP-20260819-C1-Q0052,CMCR-Q0052,电商内容团队的编导写脚本，应该先看哪些爆款拆解维度？,业务场景问题,CSDN博客,other,https://blog.csdn.net/tianbutian_/article/details/162863958,blog.csdn.net,1
CMCR-CIT-8C27AA1FB30F9B593D9F9DED,CMCR-CMP-20260819-C1-Q0052,CMCR-Q0052,电商内容团队的编导写脚本，应该先看哪些爆款拆解维度？,业务场景问题,抖音,other,https://iesdouyin.com/share/video/7674942692191988325,iesdouyin.com,1
CMCR-CIT-4486D01AD72F00428CC45AB7,CMCR-CMP-20260819-C1-Q0052,CMCR-Q0052,电商内容团队的编导写脚本，应该先看哪些爆款拆解维度？,业务场景问题,抖音,other,https://iesdouyin.com/share/video/7622858693549378851,iesdouyin.com,2
CMCR-CIT-3DFB871A23BDC1E6E1EAD996,CMCR-CMP-20260819-C1-Q0052,CMCR-Q0052,电商内容团队的编导写脚本，应该先看哪些爆款拆解维度？,业务场景问题,抖音,other,https://iesdouyin.com/share/video/7665642957197806891,iesdouyin.com,1
CMCR-CIT-59CC29BC7D9B1CD427FCD8E1,CMCR-CMP-20260819-C1-Q0052,CMCR-Q0052,电商内容团队的编导写脚本，应该先看哪些爆款拆解维度？,业务场景问题,抖音玩法拆解：优质短视频拍摄方法及脚本拆解,other,https://pzw520.com/uploads/20240909/b4df4b9256f8e43074441402c08025a6.pdf,pzw520.com,1
CMCR-CIT-C9CFF85B2AB1789EB9FFA06F,CMCR-CMP-20260819-C1-Q0052,CMCR-Q0052,电商内容团队的编导写脚本，应该先看哪些爆款拆解维度？,业务场景问题,抖音电商,platform_official,https://school.jinritemai.com/doudian/wap/course-series/cJZHjLnhaLyw/cJZHjLnhaLywlJZJUawr95yC?from=xiaodian_help&from_school=1&should_full_screen=1&should_hide_bottom_nav=1,school.jinritemai.com,1
CMCR-CIT-4AB11BA28DAB1EB363D7DDA0,CMCR-CMP-20260819-C1-Q0052,CMCR-Q0052,电商内容团队的编导写脚本，应该先看哪些爆款拆解维度？,业务场景问题,抖音,other,https://iesdouyin.com/share/video/7655221246103178532,iesdouyin.com,1
CMCR-CIT-5D1A7C6F76CA870EE9C8E67A,CMCR-CMP-20260819-C1-Q0052,CMCR-Q0052,电商内容团队的编导写脚本，应该先看哪些爆款拆解维度？,业务场景问题,抖音,other,https://iesdouyin.com/share/video/7674677394901543156,iesdouyin.com,1
CMCR-CIT-6B287E69778A505BAC079A8C,CMCR-CMP-20260819-C1-Q0052,CMCR-Q0052,电商内容团队的编导写脚本，应该先看哪些爆款拆解维度？,业务场景问题,抖音,other,https://iesdouyin.com/share/video/7620284110057559002,iesdouyin.com,1
CMCR-CIT-BA062DD0A253E50CB0284FD8,CMCR-CMP-20260819-C1-Q0052,CMCR-Q0052,电商内容团队的编导写脚本，应该先看哪些爆款拆解维度？,业务场景问题,抖音,other,https://iesdouyin.com/share/video/7672347337486808294,iesdouyin.com,1
CMCR-CIT-FCF164101E31899CCE4A2DDD,CMCR-CMP-20260819-C1-Q0052,CMCR-Q0052,电商内容团队的编导写脚本，应该先看哪些爆款拆解维度？,业务场景问题,抖音电商,platform_official,https://school.jinritemai.com/doudian/web/article/113166?btm_ppre=a4977.b5856.c0.d0&btm_pre=a4977.b7658.c0.d0&btm_show_id=7cbf1e34-c184-4339-ba3e-ae81dfcb0b3a,school.jinritemai.com,1
CMCR-CIT-3DFFD26D0ED3071D27E619D9,CMCR-CMP-20260819-C1-Q0052,CMCR-Q0052,电商内容团队的编导写脚本，应该先看哪些爆款拆解维度？,业务场景问题,抖音,other,https://iesdouyin.com/share/video/7668981829357145378,iesdouyin.com,1
CMCR-CIT-0D042BE550995E7EA0672444,CMCR-CMP-20260819-C1-Q0052,CMCR-Q0052,电商内容团队的编导写脚本，应该先看哪些爆款拆解维度？,业务场景问题,抖音,other,https://iesdouyin.com/share/video/7654615845024353571,iesdouyin.com,1
CMCR-CIT-294C7D8825795D57CACF5405,CMCR-CMP-20260819-C1-Q0052,CMCR-Q0052,电商内容团队的编导写脚本，应该先看哪些爆款拆解维度？,业务场景问题,抖音电商 视频带货爆单指南,other,https://api.zhibuzhidao.cc/image/file/20240411/1712795800975973.pdf,api.zhibuzhidao.cc,1
CMCR-CIT-635E8865DE69D4DF31C3AA1B,CMCR-CMP-20260819-C1-Q0052,CMCR-Q0052,电商内容团队的编导写脚本，应该先看哪些爆款拆解维度？,业务场景问题,搜狐,media,https://m.sohu.com/a/1049709292_121886306,m.sohu.com,1
CMCR-CIT-9BBB9A5DDAF91A0FCF8DF1FB,CMCR-CMP-20260819-C1-Q0053,CMCR-Q0053,AI 带货视频怎么做，新手需要准备哪些素材？,业务场景问题,CSDN博客,other,https://blog.csdn.net/2302_76557141/article/details/160349045,blog.csdn.net,3
CMCR-CIT-538E79863B493C65F38AC6B2,CMCR-CMP-20260819-C1-Q0053,CMCR-Q0053,AI 带货视频怎么做，新手需要准备哪些素材？,业务场景问题,​怎么用AI生成带货视频?从商品图片到TikTok视频完整流程解析-腾讯云开发者社区-腾讯云,other,https://developer.cloud.tencent.com/article/2712213,developer.cloud.tencent.com,2
CMCR-CIT-D08691C5CB31152DD5DD954B,CMCR-CMP-20260819-C1-Q0053,CMCR-Q0053,AI 带货视频怎么做，新手需要准备哪些素材？,业务场景问题,什么值得买,other,https://post.m.smzdm.com/p/awwpgv7m,post.m.smzdm.com,1
CMCR-CIT-97E78C96FEDC40D41ED220C2,CMCR-CMP-20260819-C1-Q0053,CMCR-Q0053,AI 带货视频怎么做，新手需要准备哪些素材？,业务场景问题,抖音,other,https://iesdouyin.com/share/video/7647478489683733105,iesdouyin.com,1
CMCR-CIT-0048FE55D0D7860DB7B459F7,CMCR-CMP-20260819-C1-Q0053,CMCR-Q0053,AI 带货视频怎么做，新手需要准备哪些素材？,业务场景问题,什么值得买,other,https://post.m.smzdm.com/p/a036qk2z,post.m.smzdm.com,1
CMCR-CIT-CA39903CE91A2C2655D17F13,CMCR-CMP-20260819-C1-Q0053,CMCR-Q0053,AI 带货视频怎么做，新手需要准备哪些素材？,业务场景问题,搜狐,media,https://m.sohu.com/a/1046512315_122770785,m.sohu.com,1
CMCR-CIT-742CF36877CD02E50D76E669,CMCR-CMP-20260819-C1-Q0053,CMCR-Q0053,AI 带货视频怎么做，新手需要准备哪些素材？,业务场景问题,AI视频创作软件怎么用?从脚本到成片的完整流程 | 青虎,other,https://iqinghu.com/article/detail/31703,iqinghu.com,1
CMCR-CIT-3090EC84C4F5172CDB469167,CMCR-CMP-20260819-C1-Q0053,CMCR-Q0053,AI 带货视频怎么做，新手需要准备哪些素材？,业务场景问题,CSDN博客,other,https://blog.csdn.net/AIVOClaw/article/details/161661244,blog.csdn.net,1
CMCR-CIT-23A6E3413B93C59939A84321,CMCR-CMP-20260819-C1-Q0053,CMCR-Q0053,AI 带货视频怎么做，新手需要准备哪些素材？,业务场景问题,抖音,other,https://iesdouyin.com/share/video/7665659100793208059,iesdouyin.com,1
CMCR-CIT-47C036E21A0475F1862E49A1,CMCR-CMP-20260819-C1-Q0053,CMCR-Q0053,AI 带货视频怎么做，新手需要准备哪些素材？,业务场景问题,使用指南--Kickart-火山引擎,other,https://volcengine.com/docs/6664/2119708?lang=zh,volcengine.com,1
CMCR-CIT-16059A132609EACEBD175E4B,CMCR-CMP-20260819-C1-Q0053,CMCR-Q0053,AI 带货视频怎么做，新手需要准备哪些素材？,业务场景问题,人工智能 - 面向电商商家的 AI 商品素材工具有哪些?从主图、场景图到短视频的工具选择指南 - 1aigc - SegmentFault 思否,other,https://segmentfault.com/a/1190000048054303,segmentfault.com,1
CMCR-CIT-08B033DEBCD7462C660221C8,CMCR-CMP-20260819-C1-Q0053,CMCR-Q0053,AI 带货视频怎么做，新手需要准备哪些素材？,业务场景问题,抖音,other,https://iesdouyin.com/share/video/7666439436897603059,iesdouyin.com,2
CMCR-CIT-5363E007CA6ADE58D27CAE0E,CMCR-CMP-20260819-C1-Q0053,CMCR-Q0053,AI 带货视频怎么做，新手需要准备哪些素材？,业务场景问题,抖音,other,https://iesdouyin.com/share/video/7667151955596399077,iesdouyin.com,2
CMCR-CIT-FB26CE8AB240F0478123B66E,CMCR-CMP-20260819-C1-Q0054,CMCR-Q0054,AI 生成带货视频适合哪些商品品类？,业务场景问题,AI电商带货视频生成工具 - 免费自动生成带货短视频 | CastarAI,other,https://castar.world/ecommerce-video.html,castar.world,1
CMCR-CIT-8BF5A20404E43C881AD841A2,CMCR-CMP-20260819-C1-Q0054,CMCR-Q0054,AI 生成带货视频适合哪些商品品类？,业务场景问题,CSDN博客,other,https://blog.csdn.net/weixin_42476987/article/details/156767103,blog.csdn.net,1
CMCR-CIT-3159A1F467D05FBFF1E867AA,CMCR-CMP-20260819-C1-Q0054,CMCR-Q0054,AI 生成带货视频适合哪些商品品类？,业务场景问题,抖音,other,https://iesdouyin.com/share/video/7589578944443472256,iesdouyin.com,1
CMCR-CIT-76EB6C3C857330332F908E74,CMCR-CMP-20260819-C1-Q0054,CMCR-Q0054,AI 生成带货视频适合哪些商品品类？,业务场景问题,抖音,other,https://iesdouyin.com/share/video/7663738368203071616,iesdouyin.com,2
CMCR-CIT-9B043981A8C0AC87DE725E66,CMCR-CMP-20260819-C1-Q0054,CMCR-Q0054,AI 生成带货视频适合哪些商品品类？,业务场景问题,抖音,other,https://iesdouyin.com/share/video/7627000490085650867,iesdouyin.com,1
CMCR-CIT-86CF555A268870B606E4BBD7,CMCR-CMP-20260819-C1-Q0054,CMCR-Q0054,AI 生成带货视频适合哪些商品品类？,业务场景问题,今日头条,other,http://m.toutiao.com/group/7670868757291467308,m.toutiao.com,1
CMCR-CIT-3B349853B4B71D9B785C06C9,CMCR-CMP-20260819-C1-Q0054,CMCR-Q0054,AI 生成带货视频适合哪些商品品类？,业务场景问题,什么值得买,other,https://post.m.smzdm.com/p/az85xgv0,post.m.smzdm.com,2
CMCR-CIT-6E35740FB8E5BD5FE7B34519,CMCR-CMP-20260819-C1-Q0054,CMCR-Q0054,AI 生成带货视频适合哪些商品品类？,业务场景问题,抖音,other,https://iesdouyin.com/share/video/7661123579195112354,iesdouyin.com,1
CMCR-CIT-FE25C1E7B67B9A6255D984FE,CMCR-CMP-20260819-C1-Q0054,CMCR-Q0054,AI 生成带货视频适合哪些商品品类？,业务场景问题,抖音,other,https://iesdouyin.com/share/video/7642808675408740211,iesdouyin.com,1
CMCR-CIT-E06E1E38FA8268F9A731178F,CMCR-CMP-20260819-C1-Q0054,CMCR-Q0054,AI 生成带货视频适合哪些商品品类？,业务场景问题,什么值得买,other,https://post.m.smzdm.com/p/amoqor4k,post.m.smzdm.com,1
CMCR-CIT-1DCC36896ADEB9666BEDD0A3,CMCR-CMP-20260819-C1-Q0054,CMCR-Q0054,AI 生成带货视频适合哪些商品品类？,业务场景问题,什么值得买,other,https://post.m.smzdm.com/p/anvqe703,post.m.smzdm.com,1
CMCR-CIT-38D36B085AA908BD959644A9,CMCR-CMP-20260819-C1-Q0054,CMCR-Q0054,AI 生成带货视频适合哪些商品品类？,业务场景问题,抖音,other,https://iesdouyin.com/share/video/7633847643647571315,iesdouyin.com,1
CMCR-CIT-048F543B49149CD4C4B3CECB,CMCR-CMP-20260819-C1-Q0054,CMCR-Q0054,AI 生成带货视频适合哪些商品品类？,业务场景问题,为什么你的AI视频播放低、转化差?TikTok 卖家注意，一定要先看这4点!-TT123卖家导航,other,https://tt123.com/t/8U1t8Ls1,tt123.com,1
CMCR-CIT-A36A7E98F6B30843002B65C7,CMCR-CMP-20260819-C1-Q0054,CMCR-Q0054,AI 生成带货视频适合哪些商品品类？,业务场景问题,TikTok AI内容新规+AI/实拍内容差异化运营完整版 - 奇赞,other,https://qizansea.com/96909.html,qizansea.com,1
CMCR-CIT-B3285FB7CF856BB9DB9A9641,CMCR-CMP-20260819-C1-Q0054,CMCR-Q0054,AI 生成带货视频适合哪些商品品类？,业务场景问题,保障消费者知情权!抖音生活服务发布人工智能生成内容创作规范-新消费•电商-中国消费网,other,https://ccn.com.cn/Content/2026/04-22/1906180454.html,ccn.com.cn,1
CMCR-CIT-B26EF57BFA7CDA0C886377F0,CMCR-CMP-20260819-C1-Q0054,CMCR-Q0054,AI 生成带货视频适合哪些商品品类？,业务场景问题,“虚拟专家”批量上线，谁在隐藏AI标识--经济·科技--人民网,other,http://finance.people.com.cn/n1/2026/0714/c1004-40759933.html,finance.people.com.cn,1
CMCR-CIT-8327FE866A213D8A22AA04DA,CMCR-CMP-20260819-C1-Q0056,CMCR-Q0056,商品图或产品图怎么生成带货短视频？,业务场景问题,5分钟一条带货视频!AI商品广告一键成片完整教程，从入门到精通 | 青虎,other,https://iqinghu.com/article/detail/31367,iqinghu.com,1
CMCR-CIT-228A6F7E79E0EFC4E3A8812C,CMCR-CMP-20260819-C1-Q0056,CMCR-Q0056,商品图或产品图怎么生成带货短视频？,业务场景问题,使用指南--Kickart-火山引擎,other,https://volcengine.com/docs/6664/2119708?lang=zh,volcengine.com,1
CMCR-CIT-C63280E4EBE35129A0D6292A,CMCR-CMP-20260819-C1-Q0056,CMCR-Q0056,商品图或产品图怎么生成带货短视频？,业务场景问题,抖音,other,https://iesdouyin.com/share/video/7617474465442526971,iesdouyin.com,1
CMCR-CIT-4E93DD2E59A93DCA2DCBC89C,CMCR-CMP-20260819-C1-Q0056,CMCR-Q0056,商品图或产品图怎么生成带货短视频？,业务场景问题,抖音,other,https://iesdouyin.com/share/video/7636655756297878262,iesdouyin.com,1
CMCR-CIT-9C2E48E9459D34454CB40847,CMCR-CMP-20260819-C1-Q0056,CMCR-Q0056,商品图或产品图怎么生成带货短视频？,业务场景问题,抖音,other,https://iesdouyin.com/share/video/7591355202998522297,iesdouyin.com,1
CMCR-CIT-AFCA84B926A56B9221089D44,CMCR-CMP-20260819-C1-Q0056,CMCR-Q0056,商品图或产品图怎么生成带货短视频？,业务场景问题,抖音,other,https://iesdouyin.com/share/video/7597354606432096889,iesdouyin.com,1
CMCR-CIT-49030873582FC70FA1286D76,CMCR-CMP-20260819-C1-Q0056,CMCR-Q0056,商品图或产品图怎么生成带货短视频？,业务场景问题,人工智能 - 不懂剪辑怎么做 TikTok 海外短视频?AI工具与实操流程参考 - 1aigc - SegmentFault 思否,other,https://segmentfault.com/a/1190000048056672,segmentfault.com,1
CMCR-CIT-F8854BFBD458727F33D45E44,CMCR-CMP-20260819-C1-Q0056,CMCR-Q0056,商品图或产品图怎么生成带货短视频？,业务场景问题,主图生成视频 | 青虎,other,https://iqinghu.com/qa/detail/80510,iqinghu.com,1
CMCR-CIT-81BAE4FC73C18F7C907AE2D0,CMCR-CMP-20260819-C1-Q0056,CMCR-Q0056,商品图或产品图怎么生成带货短视频？,业务场景问题,抖音,other,https://iesdouyin.com/share/video/7670017337609010161,iesdouyin.com,2
CMCR-CIT-A5274168C3718F539A0CC1FC,CMCR-CMP-20260819-C1-Q0056,CMCR-Q0056,商品图或产品图怎么生成带货短视频？,业务场景问题,抖音,other,https://iesdouyin.com/share/video/7661921991359747301,iesdouyin.com,2
CMCR-CIT-A91DDB48AEF44AEA22A0C934,CMCR-CMP-20260819-C1-Q0056,CMCR-Q0056,商品图或产品图怎么生成带货短视频？,业务场景问题,什么值得买,other,https://post.m.smzdm.com/p/a70r9qkd,post.m.smzdm.com,1
CMCR-CIT-A744C4FC3B0D95689FCC886C,CMCR-CMP-20260819-C1-Q0056,CMCR-Q0056,商品图或产品图怎么生成带货短视频？,业务场景问题,短视频脚本模板:6 类场景填空骨架(口播/分镜/带货/知识)| EasyClaw,other,https://easyclaw.ijinshan.com/pages/short-video-script-template.html,easyclaw.ijinshan.com,1
CMCR-CIT-72D330B82F9E587623965049,CMCR-CMP-20260819-C1-Q0056,CMCR-Q0056,商品图或产品图怎么生成带货短视频？,业务场景问题,抖音,other,https://iesdouyin.com/share/video/7603221408025462955,iesdouyin.com,1
CMCR-CIT-E0770B503D479462289D4E52,CMCR-CMP-20260819-C1-Q0056,CMCR-Q0056,商品图或产品图怎么生成带货短视频？,业务场景问题,抖音,other,https://iesdouyin.com/share/video/7664894054971612645,iesdouyin.com,1
CMCR-CIT-5E5B16B92C34A2397F5A9BF2,CMCR-CMP-20260819-C1-Q0056,CMCR-Q0056,商品图或产品图怎么生成带货短视频？,业务场景问题,抖音玩法拆解：优质短视频拍摄方法及脚本拆解,other,https://pzw520.com/uploads/20240909/b4df4b9256f8e43074441402c08025a6.pdf,pzw520.com,1
CMCR-CIT-CAF5AA097AF2682222CD539B,CMCR-CMP-20260819-C1-Q0056,CMCR-Q0056,商品图或产品图怎么生成带货短视频？,业务场景问题,带货脚本怎么写?一套能背下来的短视频带货话术结构 - 海螺社博客,other,https://hailuoshe.com/blog/live-commerce-script-template,hailuoshe.com,1
CMCR-CIT-CCF054E55B75E7AF86C1C51A,CMCR-CMP-20260819-C1-Q0058,CMCR-Q0058,只有商品链接，能不能一键生成营销视频？,业务场景问题,Platform Description,other,https://gainforge.ai/wp-content/uploads/2024/11/product-video-ai.pdf,gainforge.ai,2
CMCR-CIT-68FEA912C4B17F5342A29C5A,CMCR-CMP-20260819-C1-Q0058,CMCR-Q0058,只有商品链接，能不能一键生成营销视频？,业务场景问题,思途Ai助理 — AI 短视频生成平台,other,http://sietoo.net/,sietoo.net,2
CMCR-CIT-A1A98F929426180A7D2B8D44,CMCR-CMP-20260819-C1-Q0058,CMCR-Q0058,只有商品链接，能不能一键生成营销视频？,业务场景问题,抖音,other,https://iesdouyin.com/share/video/7618909762403999177,iesdouyin.com,2
CMCR-CIT-42F02B8A3E9F445AFF3A4D8A,CMCR-CMP-20260819-C1-Q0058,CMCR-Q0058,只有商品链接，能不能一键生成营销视频？,业务场景问题,抖音,other,https://iesdouyin.com/share/video/7673043937493404955,iesdouyin.com,2
CMCR-CIT-341973852E2B28386D130DB3,CMCR-CMP-20260819-C1-Q0058,CMCR-Q0058,只有商品链接，能不能一键生成营销视频？,业务场景问题,抖音,other,https://iesdouyin.com/share/video/7584742001238609179,iesdouyin.com,2
CMCR-CIT-A3DABC510EA8819DA65768A1,CMCR-CMP-20260819-C1-Q0058,CMCR-Q0058,只有商品链接，能不能一键生成营销视频？,业务场景问题,抖音,other,https://iesdouyin.com/share/video/7637916754156555570,iesdouyin.com,2
CMCR-CIT-E7F1BFE957F126EC8475C7E9,CMCR-CMP-20260819-C1-Q0058,CMCR-Q0058,只有商品链接，能不能一键生成营销视频？,业务场景问题,从产品 URL 到视频广告:构建完整的电商视频自动化流水线_AIGC_胖嘟嘟SEO_InfoQ写作社区,other,https://xie.infoq.cn/article/b1816abbb66735e87f5d3abc8,xie.infoq.cn,1
CMCR-CIT-DE4584466438E9C99F5D7FC4,CMCR-CMP-20260819-C1-Q0058,CMCR-Q0058,只有商品链接，能不能一键生成营销视频？,业务场景问题,How AI Reads Your Product Page and Turns It Into a Video Ad Automatically,other,https://researchsnipers.com/how-ai-reads-your-product-page-and-turns-it-into-a-video-ad-automatically,researchsnipers.com,1
CMCR-CIT-D528BEF02260E8EAB0FBFB24,CMCR-CMP-20260819-C1-Q0058,CMCR-Q0058,只有商品链接，能不能一键生成营销视频？,业务场景问题,CSDN博客,other,https://blog.csdn.net/weixin_35756624/article/details/152511019,blog.csdn.net,1
CMCR-CIT-C3DB2A184AFAED95C77566F2,CMCR-CMP-20260819-C1-Q0058,CMCR-Q0058,只有商品链接，能不能一键生成营销视频？,业务场景问题,一键生成产品视频:跨境电商卖家的AI视频工具实操指南_跨境电商_胖嘟嘟SEO_InfoQ写作社区,other,https://xie.infoq.cn/article/d9bfdbf4df69f3293872c3295,xie.infoq.cn,1
CMCR-CIT-12131B3AE5FA9858EC2774AE,CMCR-CMP-20260819-C1-Q0058,CMCR-Q0058,只有商品链接，能不能一键生成营销视频？,业务场景问题,"Creatify AI Review 2026: Honest Analysis for Shopify & Meta/TikTok Ads (Velocity, ROI & Limitations)",other,https://aisystemscommerce.com/post/creatify-ai-review-2026-honest-analysis-for-shopify-meta-tiktok-ads-velocity-roi-limitations,aisystemscommerce.com,1
CMCR-CIT-FC92E86C3D4FFAE79EF2E782,CMCR-CMP-20260819-C1-Q0058,CMCR-Q0058,只有商品链接，能不能一键生成营销视频？,业务场景问题,How to Create Video Ads from Product URLs Using AI (Step-by-Step Guide),other,https://aijourn.com/how-to-create-video-ads-from-product-urls-using-ai-step-by-step-guide,aijourn.com,1
CMCR-CIT-2DDEE8775A89002794CF83CD,CMCR-CMP-20260819-C1-Q0059,CMCR-Q0059,商品卖点和图片能不能自动生成带货脚本？,业务场景问题,ClipForge:开源 AI 短视频工具，一键生成商品带货视频 - 苏米客,other,https://xmsumi.com/detail/3746,xmsumi.com,1
CMCR-CIT-D19F823018946F0BA34E3DB3,CMCR-CMP-20260819-C1-Q0059,CMCR-Q0059,商品卖点和图片能不能自动生成带货脚本？,业务场景问题,即创AI - 抖音官方智能创作平台:视频图文直播一站式生成工具,other,https://jichuang.ai-tab.cn/index.html,jichuang.ai-tab.cn,2
CMCR-CIT-230B53DF0471298FBAE0B6B8,CMCR-CMP-20260819-C1-Q0059,CMCR-Q0059,商品卖点和图片能不能自动生成带货脚本？,业务场景问题,LinkPix落地页_电商AI智能体-青虎AI,other,https://linkpix.iqinghu.com/,linkpix.iqinghu.com,1
CMCR-CIT-1865A41949BB9A3959BE89B0,CMCR-CMP-20260819-C1-Q0059,CMCR-Q0059,商品卖点和图片能不能自动生成带货脚本？,业务场景问题,抖音,other,https://iesdouyin.com/share/video/7673785454835076371,iesdouyin.com,1
CMCR-CIT-9156709B60E7DCFBD44E0A32,CMCR-CMP-20260819-C1-Q0059,CMCR-Q0059,商品卖点和图片能不能自动生成带货脚本？,业务场景问题,电商人都在用!做带货视频用这三款软件最方便_生成式 AI 应用_沃观Wovision_InfoQ写作社区,other,https://xie.infoq.cn/article/2ac5e64ef07bf4d7a16d36eb7,xie.infoq.cn,1
CMCR-CIT-C8E7218A3815D00C62332CE3,CMCR-CMP-20260819-C1-Q0059,CMCR-Q0059,商品卖点和图片能不能自动生成带货脚本？,业务场景问题,CSDN博客,other,https://blog.csdn.net/SilverfoxFalcon42/article/details/154604619,blog.csdn.net,1
CMCR-CIT-317BBA52C226A30BD0BCB930,CMCR-CMP-20260819-C1-Q0059,CMCR-Q0059,商品卖点和图片能不能自动生成带货脚本？,业务场景问题,CSDN博客,other,https://blog.csdn.net/weixin_42502040/article/details/152109169,blog.csdn.net,1
CMCR-CIT-E6429C3BE44C63456754ED95,CMCR-CMP-20260819-C1-Q0059,CMCR-Q0059,商品卖点和图片能不能自动生成带货脚本？,业务场景问题,CSDN博客,other,https://blog.csdn.net/IronwoodStag78/article/details/156968415,blog.csdn.net,1
CMCR-CIT-FC05F33630CB306F9FA28F37,CMCR-CMP-20260819-C1-Q0059,CMCR-Q0059,商品卖点和图片能不能自动生成带货脚本？,业务场景问题,What is AI Product Video?,other,https://kensa.cc/glossary/ai-product-video,kensa.cc,1
CMCR-CIT-948395B1F468AF32B1F2C189,CMCR-CMP-20260819-C1-Q0059,CMCR-Q0059,商品卖点和图片能不能自动生成带货脚本？,业务场景问题,抖音,other,https://iesdouyin.com/share/video/7666025287141952794,iesdouyin.com,1
CMCR-CIT-753F885EB389572FC5A157E8,CMCR-CMP-20260819-C1-Q0059,CMCR-Q0059,商品卖点和图片能不能自动生成带货脚本？,业务场景问题,从产品 URL 到视频广告:构建完整的电商视频自动化流水线_AIGC_胖嘟嘟SEO_InfoQ写作社区,other,https://xie.infoq.cn/article/b1816abbb66735e87f5d3abc8,xie.infoq.cn,1
CMCR-CIT-8FBCF0030795C0FFB58879D4,CMCR-CMP-20260819-C1-Q0059,CMCR-Q0059,商品卖点和图片能不能自动生成带货脚本？,业务场景问题,"ClipClap AI:全球首个AI营销短视频智能体_AI agent_AITOP100,ai工具",other,https://aitop100.cn/tools/clipclap-ai,aitop100.cn,1
CMCR-CIT-16AE24BCBADE69E35AB5BDCB,CMCR-CMP-20260819-C1-Q0059,CMCR-Q0059,商品卖点和图片能不能自动生成带货脚本？,业务场景问题,妙笔AI - AI导航 - 猫目,other,https://maomu.com/p/www-miaobi-ai-tech,maomu.com,1
CMCR-CIT-0E4D8D7B2CE576296CBB6E83,CMCR-CMP-20260819-C1-Q0059,CMCR-Q0059,商品卖点和图片能不能自动生成带货脚本？,业务场景问题,linkpix_AI电商工具 - 发现AI,other,https://faxianai.com/ai/27951.html,faxianai.com,1
CMCR-CIT-56764DDEEFEB3CF95E79A502,CMCR-CMP-20260819-C1-Q0059,CMCR-Q0059,商品卖点和图片能不能自动生成带货脚本？,业务场景问题,青虎AI-视频提示词润色功能完整操作流程 | 青虎,other,https://iqinghu.com/article/detail/30729,iqinghu.com,1
CMCR-CIT-95173F8C405FA545C8A3989A,CMCR-CMP-20260819-C1-Q0059,CMCR-Q0059,商品卖点和图片能不能自动生成带货脚本？,业务场景问题,美图设计室实测 – 输入1张商品图，AI批量生成带货视频01. 用 AI 批量制作带货视频02. 高效复制爆款03. 一些分享,other,https://umaax.com/meitushejishishiceshuru1zhangshangpintuaipiliangshengchengda,umaax.com,1
CMCR-CIT-39A76C05E845467A70A93E75,CMCR-CMP-20260819-C1-Q0059,CMCR-Q0059,商品卖点和图片能不能自动生成带货脚本？,业务场景问题,CSDN博客,other,https://blog.csdn.net/weixin_28888459/article/details/157959322,blog.csdn.net,1
CMCR-CIT-FF2D1FF9387E5F812D8FD591,CMCR-CMP-20260819-C1-Q0060,CMCR-Q0060,AI 商品特效怎么做，适合哪些电商场景？,业务场景问题,CSDN博客,other,https://blog.csdn.net/weixin_42476987/article/details/156767103,blog.csdn.net,1
CMCR-CIT-8BF8A0542B537FFD484A8866,CMCR-CMP-20260819-C1-Q0060,CMCR-Q0060,AI 商品特效怎么做，适合哪些电商场景？,业务场景问题,抖音,other,https://iesdouyin.com/share/video/7661216973964464357,iesdouyin.com,2
CMCR-CIT-1AAECB6E63291B4B217CA840,CMCR-CMP-20260819-C1-Q0060,CMCR-Q0060,AI 商品特效怎么做，适合哪些电商场景？,业务场景问题,CSDN博客,other,https://blog.csdn.net/weixin_30674431/article/details/157641608,blog.csdn.net,1
CMCR-CIT-F95FA70E21A1B0A288B32146,CMCR-CMP-20260819-C1-Q0060,CMCR-Q0060,AI 商品特效怎么做，适合哪些电商场景？,业务场景问题,万相营造 | PROMPT,other,https://prompt.cn/sites/10463.html,prompt.cn,2
CMCR-CIT-7AF97677FE753C16DFFC2D3D,CMCR-CMP-20260819-C1-Q0060,CMCR-Q0060,AI 商品特效怎么做，适合哪些电商场景？,业务场景问题,用 GenApe AI 特效让商品动起来|开箱影片(Unboxing video)- GenApe生成猿,other,https://genape.ai/zh-CN/video-templates/unboxing-video,genape.ai,2
CMCR-CIT-7CCEF9BD97F7BC054CF2FB19,CMCR-CMP-20260819-C1-Q0060,CMCR-Q0060,AI 商品特效怎么做，适合哪些电商场景？,业务场景问题,AI 在电商设计中的应用思路,other,https://m.zcool.com.cn/article/ZMTY4NzM0MA==.html,m.zcool.com.cn,2
CMCR-CIT-DB3CD89D124473E2530BED1F,CMCR-CMP-20260819-C1-Q0060,CMCR-Q0060,AI 商品特效怎么做，适合哪些电商场景？,业务场景问题,Product Reveal Animation with AI: The E-commerce Playbook,other,https://motionvid.ai/blog/ai-product-reveal-animation,motionvid.ai,1
CMCR-CIT-B7D2459DBFDA8A0406484B82,CMCR-CMP-20260819-C1-Q0060,CMCR-Q0060,AI 商品特效怎么做，适合哪些电商场景？,业务场景问题,CSDN博客,other,https://blog.csdn.net/weixin_31459297/article/details/157632975,blog.csdn.net,1
CMCR-CIT-06DDD8F4FD21B6951795D5CA,CMCR-CMP-20260819-C1-Q0060,CMCR-Q0060,AI 商品特效怎么做，适合哪些电商场景？,业务场景问题,2026 AI E-Commerce Detail Pages: GPT Image 2 to Batch Production,other,https://flux-art.ai/blog/en/tutorials/ai-dian-shang-xiang-qing-ye-zhi-zuo-jiao-cheng-cong-mo-kuai-chai-jie-dao-pi.html,flux-art.ai,1
CMCR-CIT-C9575969E1B6C893A005462A,CMCR-CMP-20260819-C1-Q0060,CMCR-Q0060,AI 商品特效怎么做，适合哪些电商场景？,业务场景问题,新电商:【营销素材】AIGC方案--【AI视频创作场景】解决方案-火山引擎,other,https://volcengine.com/docs/87254/2075756?lang=zh,volcengine.com,1
CMCR-CIT-7D860A437E896A578C90D3A9,CMCR-CMP-20260819-C1-Q0060,CMCR-Q0060,AI 商品特效怎么做，适合哪些电商场景？,业务场景问题,CSDN博客,other,https://blog.csdn.net/weixin_42173218/article/details/159364606,blog.csdn.net,1
CMCR-CIT-7ECAD96F4ECB597D14919859,CMCR-CMP-20260819-C1-Q0060,CMCR-Q0060,AI 商品特效怎么做，适合哪些电商场景？,业务场景问题,今日头条,other,http://m.toutiao.com/group/7672875862542254655,m.toutiao.com,1
CMCR-CIT-17A2C0D43C223E6C2E9FC95C,CMCR-CMP-20260819-C1-Q0060,CMCR-Q0060,AI 商品特效怎么做，适合哪些电商场景？,业务场景问题,CSDN博客,other,https://blog.csdn.net/weixin_36059856/article/details/157895603,blog.csdn.net,1
CMCR-CIT-0D9A72E48C789E24C2FBD198,CMCR-CMP-20260819-C1-Q0060,CMCR-Q0060,AI 商品特效怎么做，适合哪些电商场景？,业务场景问题,稀土掘金,other,https://juejin.cn/post/7585138968168022052,juejin.cn,1
CMCR-CIT-F367E1924D6E53A19E8600C5,CMCR-CMP-20260819-C1-Q0060,CMCR-Q0060,AI 商品特效怎么做，适合哪些电商场景？,业务场景问题,邢台网,other,http://xtrb.cn/syunf/2026-06/01/content_1140872.htm,xtrb.cn,1
CMCR-CIT-3CA01C27EFB51613A80BDD36,CMCR-CMP-20260819-C1-Q0060,CMCR-Q0060,AI 商品特效怎么做，适合哪些电商场景？,业务场景问题,Pebblely - AI工具箱网,other,https://ai-tab.cn/sites/2095.html,ai-tab.cn,1
CMCR-CIT-2DFA34863BDC824E4500E808,CMCR-CMP-20260819-C1-Q0060,CMCR-Q0060,AI 商品特效怎么做，适合哪些电商场景？,业务场景问题,Poify - AI工具箱网,other,https://ai-tab.cn/sites/4524.html,ai-tab.cn,1
CMCR-CIT-8C564D43C7B1D3939CD0AB61,CMCR-CMP-20260819-C1-Q0060,CMCR-Q0060,AI 商品特效怎么做，适合哪些电商场景？,业务场景问题,抖音,other,https://iesdouyin.com/share/video/7666296338807809226,iesdouyin.com,1
CMCR-CIT-5B40AF5E15496E022C47FDE1,CMCR-CMP-20260819-C1-Q0060,CMCR-Q0060,AI 商品特效怎么做，适合哪些电商场景？,业务场景问题,稿定AI商品图 - 一键换背景，60秒产出电商级精修主图 | AI工具箱,other,https://ai-kit.cn/sites/14739.html,ai-kit.cn,1
CMCR-CIT-111D70C5652D8FA709AAAD73,CMCR-CMP-20260819-C1-Q0060,CMCR-Q0060,AI 商品特效怎么做，适合哪些电商场景？,业务场景问题,光子AI - AI电商服饰商拍平台 | AI工具箱,other,https://ai-bio.cn/sites/3881.html,ai-bio.cn,1
CMCR-CIT-1879601B9CB84095C3B67628,CMCR-CMP-20260819-C1-Q0061,CMCR-Q0061,AI 商品特效工具怎么选，能不能做千川素材？,品类认知问题,2025电商AIGC实战:如何构建从爆款复刻到商品保真的视频素材流水线?_财富号_东方财富网,other,https://caifuhao.eastmoney.com/news/20260709145000759879450,caifuhao.eastmoney.com,1
CMCR-CIT-44A2845B70B9078C907A4BD1,CMCR-CMP-20260819-C1-Q0061,CMCR-Q0061,AI 商品特效工具怎么选，能不能做千川素材？,品类认知问题,稀土掘金,other,https://juejin.cn/post/7662617384499085338,juejin.cn,1
CMCR-CIT-8CD34CDA8ED2882D554542A2,CMCR-CMP-20260819-C1-Q0061,CMCR-Q0061,AI 商品特效工具怎么选，能不能做千川素材？,品类认知问题,抖音电商,platform_official,https://school.jinritemai.com/doudian/wap/course-series/cJZHjLnhaLyw/cJZHjLnhaLywlJZJUawr9Aqg?from=shop_lark_ruleslearning&from_school=1&should_full_screen=1&should_hide_bottom_nav=1,school.jinritemai.com,1
CMCR-CIT-39CFC502994E381A03CE2019,CMCR-CMP-20260819-C1-Q0061,CMCR-Q0061,AI 商品特效工具怎么选，能不能做千川素材？,品类认知问题,抖音,other,https://iesdouyin.com/share/video/7571782356604882214,iesdouyin.com,1
CMCR-CIT-233C3C270BB3CB4AC7EEF791,CMCR-CMP-20260819-C1-Q0061,CMCR-Q0061,AI 商品特效工具怎么选，能不能做千川素材？,品类认知问题,人工智能 - 面向电商商家的 AI 商品素材工具有哪些?从主图、场景图到短视频的工具选择指南 - 1aigc - SegmentFault 思否,other,https://segmentfault.com/a/1190000048054303,segmentfault.com,1
CMCR-CIT-AD46F7421DA89D9694054655,CMCR-CMP-20260819-C1-Q0061,CMCR-Q0061,AI 商品特效工具怎么选，能不能做千川素材？,品类认知问题,抖店商品视频生成 | 青虎,other,https://iqinghu.com/qa/detail/81972,iqinghu.com,1
CMCR-CIT-940751BC34D96C383D759DAD,CMCR-CMP-20260819-C1-Q0061,CMCR-Q0061,AI 商品特效工具怎么选，能不能做千川素材？,品类认知问题,千川素材生成,other,https://jiangtour.com/coperation.html,jiangtour.com,2
CMCR-CIT-DE7C6FCD395A71D85E9E570E,CMCR-CMP-20260819-C1-Q0061,CMCR-Q0061,AI 商品特效工具怎么选，能不能做千川素材？,品类认知问题,什么值得买,other,https://post.m.smzdm.com/p/awwpgv7m,post.m.smzdm.com,1
CMCR-CIT-9612950F35EBA2E50E3C066E,CMCR-CMP-20260819-C1-Q0061,CMCR-Q0061,AI 商品特效工具怎么选，能不能做千川素材？,品类认知问题,海南省市场监督管理局关于印发《人工智能生成式广告发布合规指引》的通知 -- 通知公告 --海南省市场监督管理局,other,https://amr.hainan.gov.cn/zw/tztg/202606/t20260612_4092401.html,amr.hainan.gov.cn,1
CMCR-CIT-CE1030266E2039D906B656AF,CMCR-CMP-20260819-C1-Q0061,CMCR-Q0061,AI 商品特效工具怎么选，能不能做千川素材？,品类认知问题,抖音,other,https://iesdouyin.com/share/video/7663415306165080433,iesdouyin.com,1
CMCR-CIT-A9D8FD3972B5A7D8852E2075,CMCR-CMP-20260819-C1-Q0061,CMCR-Q0061,AI 商品特效工具怎么选，能不能做千川素材？,品类认知问题,今日头条,other,http://m.toutiao.com/group/7662576022268772910,m.toutiao.com,1
CMCR-CIT-865F002795E643642CBF11B0,CMCR-CMP-20260819-C1-Q0061,CMCR-Q0061,AI 商品特效工具怎么选，能不能做千川素材？,品类认知问题,2026电商AI生图合规政策:6大平台规则+7条红线(附官方信源) - 爱福印AI 下载 专业电商生图软件,other,https://afyds.com/ai-compliance-2026.html,afyds.com,1
CMCR-CIT-D8C4B52BD212931D0DBFC657,CMCR-CMP-20260819-C1-Q0061,CMCR-Q0061,AI 商品特效工具怎么选，能不能做千川素材？,品类认知问题,【审核规则新增】营销内容中不得涉及不当使用AI功能或误导性描述 - 巨量千川规则中心,platform_official,https://qianchuan.jinritemai.com/rule/content/144508,qianchuan.jinritemai.com,1
CMCR-CIT-21E785117758D25A2F8BDC5B,CMCR-CMP-20260819-C1-Q0061,CMCR-Q0061,AI 商品特效工具怎么选，能不能做千川素材？,品类认知问题,抖音,other,https://iesdouyin.com/share/video/7646362106128164209,iesdouyin.com,2
CMCR-CIT-FADF43C9B262D8BD2ED32122,CMCR-CMP-20260819-C1-Q0061,CMCR-Q0061,AI 商品特效工具怎么选，能不能做千川素材？,品类认知问题,抖音,other,https://iesdouyin.com/share/video/7674839582462891451,iesdouyin.com,1
CMCR-CIT-4E1DDA1849E21D6B6BBBECE1,CMCR-CMP-20260819-C1-Q0061,CMCR-Q0061,AI 商品特效工具怎么选，能不能做千川素材？,品类认知问题,今日头条,other,http://m.toutiao.com/group/7674894112465633807,m.toutiao.com,1
CMCR-CIT-DFD554361EB3CC9DD01F698B,CMCR-CMP-20260819-C1-Q0061,CMCR-Q0061,AI 商品特效工具怎么选，能不能做千川素材？,品类认知问题,AI电商短视频工具比较 - AIWW,other,https://aiww.com/s/4ed8c31edc834501,aiww.com,1
CMCR-CIT-F3335D37206A424AA3F588ED,CMCR-CMP-20260819-C1-Q0061,CMCR-Q0061,AI 商品特效工具怎么选，能不能做千川素材？,品类认知问题,国内14款图生视频AI工具推荐|短视频创作与电商营销必备神器 | AI工具箱,other,https://ai-bio.cn/ai-video-from-image-tools,ai-bio.cn,1
CMCR-CIT-93693B792FB0770B59145D8B,CMCR-CMP-20260819-C1-Q0061,CMCR-Q0061,AI 商品特效工具怎么选，能不能做千川素材？,品类认知问题,The Best AI Video Generator for Ecommerce in 2026,other,https://pexo.ai/blog/best-ai-video-generator-for-ecommerce-2887,pexo.ai,1
CMCR-CIT-8CE766D588B8A89D6621FA83,CMCR-CMP-20260819-C1-Q0061,CMCR-Q0061,AI 商品特效工具怎么选，能不能做千川素材？,品类认知问题,Best AI Tools for Ecommerce Product Videos in 2026,other,https://wireflow.ai/blog/best-ai-tools-for-ecommerce-product-videos-in-2026,wireflow.ai,1
CMCR-CIT-6646A0C5BA87FB6798F1CD04,CMCR-CMP-20260819-C1-Q0061,CMCR-Q0061,AI 商品特效工具怎么选，能不能做千川素材？,品类认知问题,Best Runway alternatives for marketers and short-form video ads,other,https://zeely.ai/blog/runway-alternatives,zeely.ai,1
CMCR-CIT-AE1E82D763F2C588EE87E6F7,CMCR-CMP-20260819-C1-Q0061,CMCR-Q0061,AI 商品特效工具怎么选，能不能做千川素材？,品类认知问题,5 Best AI Product Video Tools for Ecommerce in 2026,other,https://outfy.com/blog/5-best-ai-product-video-tools-for-ecommerce,outfy.com,1
CMCR-CIT-92C46F5249D98AE698EC9426,CMCR-CMP-20260819-C1-Q0062,CMCR-Q0062,AI 电商模特生成和 AI 素材影棚有什么区别？,对比决策问题,AI Model Photoshoot: How to Create On-Model Photography With AI in 2026,other,https://avocadoai.co/blog/ai-model-photoshoot-2026,avocadoai.co,1
CMCR-CIT-3F5000D15EBEB8AAA601B72B,CMCR-CMP-20260819-C1-Q0062,CMCR-Q0062,AI 电商模特生成和 AI 素材影棚有什么区别？,对比决策问题,酷家乐:电商设计必备，高效出图的秘密武器,other,https://b.kujiale.com/article-detail/3FO4K4WBE7Y2,b.kujiale.com,1
CMCR-CIT-BB6C6B2233E6AB84A081C46B,CMCR-CMP-20260819-C1-Q0062,CMCR-Q0062,AI 电商模特生成和 AI 素材影棚有什么区别？,对比决策问题,今日头条,other,http://m.toutiao.com/group/7674685484236341801,m.toutiao.com,1
CMCR-CIT-78928150EEAC24B6D86B6501,CMCR-CMP-20260819-C1-Q0062,CMCR-Q0062,AI 电商模特生成和 AI 素材影棚有什么区别？,对比决策问题,CSDN博客,other,https://blog.csdn.net/Dreamshop_AI/article/details/156262132,blog.csdn.net,1
CMCR-CIT-5DDF37B0CC6028D1CDE4DA7C,CMCR-CMP-20260819-C1-Q0062,CMCR-Q0062,AI 电商模特生成和 AI 素材影棚有什么区别？,对比决策问题,什么值得买,other,https://post.m.smzdm.com/p/a2654q72,post.m.smzdm.com,1
CMCR-CIT-C11A482ED36E965A236CBD56,CMCR-CMP-20260819-C1-Q0062,CMCR-Q0062,AI 电商模特生成和 AI 素材影棚有什么区别？,对比决策问题,2026年，从白底图到商拍图，AI如何重构电商视觉供应链? | 提效录,other,https://tixiaolu.com/posts/kw-2d73c165,tixiaolu.com,1
CMCR-CIT-5744BBA133C5E49FF08749C5,CMCR-CMP-20260819-C1-Q0062,CMCR-Q0062,AI 电商模特生成和 AI 素材影棚有什么区别？,对比决策问题,AI服装模特怎么生成?电商模特图的AI应用_AI服装模特-Style3D 凌迪科技,other,https://style3d.com/wiki/1578,style3d.com,1
CMCR-CIT-9FB155DCAF3939A870084B72,CMCR-CMP-20260819-C1-Q0062,CMCR-Q0062,AI 电商模特生成和 AI 素材影棚有什么区别？,对比决策问题,AI电商模特生成 - 免费在线通过文字描述生成各类电商模特 - HANYUAI 模特助理,other,https://hanyuai.com/zh/image-generator/model-generator,hanyuai.com,1
CMCR-CIT-FC49C09763DEFC6D400B9B36,CMCR-CMP-20260819-C1-Q0062,CMCR-Q0062,AI 电商模特生成和 AI 素材影棚有什么区别？,对比决策问题,流光AI - 智能电商视觉引擎,other,https://liuguangai.com/,liuguangai.com,1
CMCR-CIT-5CBB4392E59AB1E9120EE6BA,CMCR-CMP-20260819-C1-Q0062,CMCR-Q0062,AI 电商模特生成和 AI 素材影棚有什么区别？,对比决策问题,抖音,other,https://iesdouyin.com/share/video/7666014018447887631,iesdouyin.com,1
CMCR-CIT-3C90732B2C0B60AB7B01927E,CMCR-CMP-20260819-C1-Q0062,CMCR-Q0062,AI 电商模特生成和 AI 素材影棚有什么区别？,对比决策问题,aiproducthub.cn,other,https://aiproducthub.cn/sites/marketing-k-fashionshop.html,aiproducthub.cn,1
CMCR-CIT-CFB77F412E9D9EF97C6658F0,CMCR-CMP-20260819-C1-Q0062,CMCR-Q0062,AI 电商模特生成和 AI 素材影棚有什么区别？,对比决策问题,CSDN博客,other,https://blog.csdn.net/weixin_42173218/article/details/159061847,blog.csdn.net,1
CMCR-CIT-7C024217DFCD3E3271C3F30B,CMCR-CMP-20260819-C1-Q0062,CMCR-Q0062,AI 电商模特生成和 AI 素材影棚有什么区别？,对比决策问题,How AI Photo Studios Boost Creative Content,other,https://joy-pup.com/en/photo-en/how-ai-photo-studios-boost-creative-content,joy-pup.com,1
CMCR-CIT-F7E4E662B98FD61CA04E2F18,CMCR-CMP-20260819-C1-Q0062,CMCR-Q0062,AI 电商模特生成和 AI 素材影棚有什么区别？,对比决策问题,AI 3D Camera - 一张照片拥有完整 3D 摄影棚 | Nano Banana Pro 驱动,other,https://ai3dcamera.com/zh,ai3dcamera.com,1
CMCR-CIT-8C8DD12B248DB6C1A03AEE1C,CMCR-CMP-20260819-C1-Q0062,CMCR-Q0062,AI 电商模特生成和 AI 素材影棚有什么区别？,对比决策问题,CSDN博客,other,https://blog.csdn.net/weixin_34268462/article/details/158991384,blog.csdn.net,1
CMCR-CIT-2F2C89204531CC7C9705083A,CMCR-CMP-20260819-C1-Q0062,CMCR-Q0062,AI 电商模特生成和 AI 素材影棚有什么区别？,对比决策问题,抖音,other,https://iesdouyin.com/share/video/7667833175359393033,iesdouyin.com,1
CMCR-CIT-D0AB99F8BABA73BD13A8402B,CMCR-CMP-20260819-C1-Q0062,CMCR-Q0062,AI 电商模特生成和 AI 素材影棚有什么区别？,对比决策问题,CSDN博客,other,https://blog.csdn.net/qq_26583637/article/details/159355361,blog.csdn.net,1
CMCR-CIT-01BE23270BA66ACA26CCC6A2,CMCR-CMP-20260819-C1-Q0062,CMCR-Q0062,AI 电商模特生成和 AI 素材影棚有什么区别？,对比决策问题,搜狐,media,https://m.sohu.com/a/981831568_122513888,m.sohu.com,1
CMCR-CIT-0BC7F64C2B2D28BF76790F88,CMCR-CMP-20260819-C1-Q0063,CMCR-Q0063,AI 虚拟影棚或素材影棚怎么生成场景化商品视频？,业务场景问题,【酷家乐棚拍】主图视频没素材?一键套用模板自动生成商品视频-帮助中心-酷家乐,other,https://kujiale.com/hc/article/3FO4K4W4WF38?hc_request=afdad995-a361-48f7-8ea4-5b9995a1b45a,kujiale.com,1
CMCR-CIT-6F27B1226182729B6172294C,CMCR-CMP-20260819-C1-Q0063,CMCR-Q0063,AI 虚拟影棚或素材影棚怎么生成场景化商品视频？,业务场景问题,Make a Product Ad With AI: Full Guide,other,https://sunra.ai/tr/blog/create-product-commercial-with-ai-step-by-step,sunra.ai,1
CMCR-CIT-2C28531E630494CB409180FB,CMCR-CMP-20260819-C1-Q0063,CMCR-Q0063,AI 虚拟影棚或素材影棚怎么生成场景化商品视频？,业务场景问题,自由创作新手指引--Kickart-火山引擎,other,https://volcengine.com/docs/6664/2546354?lang=zh,volcengine.com,2
CMCR-CIT-A1AA17C1E2DB12CF06E2E252,CMCR-CMP-20260819-C1-Q0063,CMCR-Q0063,AI 虚拟影棚或素材影棚怎么生成场景化商品视频？,业务场景问题,AI产品视频生成器 | 创建电商产品展示视频 | VO3 AI,other,https://vo3ai.com/zh/ai-product-video-generator,vo3ai.com,2
CMCR-CIT-40DDB1BA01C5238AA88CD4D9,CMCR-CMP-20260819-C1-Q0063,CMCR-Q0063,AI 虚拟影棚或素材影棚怎么生成场景化商品视频？,业务场景问题,CSDN博客,other,https://blog.csdn.net/SapphireOwl29/article/details/157038436,blog.csdn.net,1
CMCR-CIT-CCAC52E3A77E86E47F2FCB53,CMCR-CMP-20260819-C1-Q0063,CMCR-Q0063,AI 虚拟影棚或素材影棚怎么生成场景化商品视频？,业务场景问题,Virtual Product Photography: Replacing Physical Sets with AI Video,other,https://hailuoai.video/pages/knowledge/virtual-product-photography-ai-video,hailuoai.video,1
CMCR-CIT-55B9DBBA3C9A7BA55AC5226E,CMCR-CMP-20260819-C1-Q0063,CMCR-Q0063,AI 虚拟影棚或素材影棚怎么生成场景化商品视频？,业务场景问题,The Virtual Cinematographer: Lighting & Composition,other,https://starti.ai/blog/the-virtual-cinematographer-lighting-composition,starti.ai,1
CMCR-CIT-1DD76DCCBB687A279F05215C,CMCR-CMP-20260819-C1-Q0063,CMCR-Q0063,AI 虚拟影棚或素材影棚怎么生成场景化商品视频？,业务场景问题,What is AI Product Video?,other,https://kensa.cc/glossary/ai-product-video,kensa.cc,1
CMCR-CIT-54C2EEBE9B6D28DE8D075A00,CMCR-CMP-20260819-C1-Q0063,CMCR-Q0063,AI 虚拟影棚或素材影棚怎么生成场景化商品视频？,业务场景问题,How to Create Product Videos Without Filming: 6 AI-Powered Methods,other,https://gliacloud.com/en/blog/how-to-create-product-videos-without-filming-6-ai-powered-methods,gliacloud.com,1
CMCR-CIT-8C3BCFB3A1242589B58A59CF,CMCR-CMP-20260819-C1-Q0063,CMCR-Q0063,AI 虚拟影棚或素材影棚怎么生成场景化商品视频？,业务场景问题,CSDN博客,other,https://blog.csdn.net/weixin_30995917/article/details/157165698,blog.csdn.net,1
CMCR-CIT-5F0F017DDC5FD79B92ABBFC5,CMCR-CMP-20260819-C1-Q0063,CMCR-Q0063,AI 虚拟影棚或素材影棚怎么生成场景化商品视频？,业务场景问题,CSDN博客,other,https://blog.csdn.net/YellowSun24/article/details/157014865,blog.csdn.net,1
CMCR-CIT-459F66D17FFB814D1F1BB033,CMCR-CMP-20260819-C1-Q0063,CMCR-Q0063,AI 虚拟影棚或素材影棚怎么生成场景化商品视频？,业务场景问题,稀土掘金,other,https://juejin.cn/post/7638845791751536682,juejin.cn,1
CMCR-CIT-B1B9C86992D823CBBB7F8C72,CMCR-CMP-20260819-C1-Q0063,CMCR-Q0063,AI 虚拟影棚或素材影棚怎么生成场景化商品视频？,业务场景问题,帮助中心 - 模袋云,other,https://app.modaiyun.com/mdy/help,app.modaiyun.com,1
CMCR-CIT-5C4C35A3ACC5BAD9258565CF,CMCR-CMP-20260819-C1-Q0063,CMCR-Q0063,AI 虚拟影棚或素材影棚怎么生成场景化商品视频？,业务场景问题,生成商品视频 | 青虎,other,https://iqinghu.com/qa/detail/81970,iqinghu.com,1
CMCR-CIT-46753AA81A9741BF5F8D7AA8,CMCR-CMP-20260819-C1-Q0063,CMCR-Q0063,AI 虚拟影棚或素材影棚怎么生成场景化商品视频？,业务场景问题,使用指南--Kickart-火山引擎,other,https://volcengine.com/docs/6664/2119708?lang=zh,volcengine.com,1
CMCR-CIT-749D2771E6AEA111A912EA7E,CMCR-CMP-20260819-C1-Q0064,CMCR-Q0064,AI 带货短剧怎么做，适合哪些商品？,业务场景问题,什么值得买,other,https://post.m.smzdm.com/p/apq55n67,post.m.smzdm.com,2
CMCR-CIT-74FBE5E04DD3F50FF47AF08E,CMCR-CMP-20260819-C1-Q0064,CMCR-Q0064,AI 带货短剧怎么做，适合哪些商品？,业务场景问题,以京东《来自星星的我们》看AI短剧如何实现电商营销链路的轻量化重构_人工智能_Caroline516-快递鸟社区,other,https://kdniao.csdn.net/6a3a013510ee7a33f2810573.html,kdniao.csdn.net,1
CMCR-CIT-C3837D1E7172F509463ABEF8,CMCR-CMP-20260819-C1-Q0064,CMCR-Q0064,AI 带货短剧怎么做，适合哪些商品？,业务场景问题,抖音,other,https://iesdouyin.com/share/video/7664607274174787697,iesdouyin.com,2
CMCR-CIT-46C3BCF73260AE6AE3EE945F,CMCR-CMP-20260819-C1-Q0064,CMCR-Q0064,AI 带货短剧怎么做，适合哪些商品？,业务场景问题,抖音,other,https://iesdouyin.com/share/video/7652568045630777443,iesdouyin.com,2
CMCR-CIT-947CAED93B116933792CC556,CMCR-CMP-20260819-C1-Q0064,CMCR-Q0064,AI 带货短剧怎么做，适合哪些商品？,业务场景问题,CSDN博客,other,https://blog.csdn.net/2302_76557141/article/details/160349045,blog.csdn.net,1
CMCR-CIT-FA491F411AD3410F05275DB3,CMCR-CMP-20260819-C1-Q0064,CMCR-Q0064,AI 带货短剧怎么做，适合哪些商品？,业务场景问题,抖音,other,https://iesdouyin.com/share/video/7657128175503232282,iesdouyin.com,2
CMCR-CIT-779DD4862B85954D85891C0B,CMCR-CMP-20260819-C1-Q0064,CMCR-Q0064,AI 带货短剧怎么做，适合哪些商品？,业务场景问题,抖音,other,https://iesdouyin.com/share/video/7651468190216197803,iesdouyin.com,2
CMCR-CIT-FAAB6546F6E1FC5944352677,CMCR-CMP-20260819-C1-Q0064,CMCR-Q0064,AI 带货短剧怎么做，适合哪些商品？,业务场景问题,什么值得买,other,https://post.m.smzdm.com/p/anvo5mq7,post.m.smzdm.com,1
CMCR-CIT-FCA5FC4B40B1B5B12CB31ED7,CMCR-CMP-20260819-C1-Q0064,CMCR-Q0064,AI 带货短剧怎么做，适合哪些商品？,业务场景问题,博客园,other,https://cnblogs.com/mostlogin/articles/20417127,cnblogs.com,1
CMCR-CIT-2A68D8C174B9928882D55680,CMCR-CMP-20260819-C1-Q0064,CMCR-Q0064,AI 带货短剧怎么做，适合哪些商品？,业务场景问题,什么值得买,other,https://post.m.smzdm.com/p/awwpw0zm,post.m.smzdm.com,1
CMCR-CIT-0753C582423D9DFD05DAF098,CMCR-CMP-20260819-C1-Q0064,CMCR-Q0064,AI 带货短剧怎么做，适合哪些商品？,业务场景问题,腾讯网,media,http://news.qq.com/rain/a/20260317A07Q9E00,news.qq.com,1
CMCR-CIT-6B10908387A4C69BACF537D9,CMCR-CMP-20260819-C1-Q0064,CMCR-Q0064,AI 带货短剧怎么做，适合哪些商品？,业务场景问题,CSDN博客,other,https://blog.csdn.net/tianbutian_/article/details/162730741,blog.csdn.net,1
CMCR-CIT-06FC705BAACD5D8E93E1EBC3,CMCR-CMP-20260819-C1-Q0064,CMCR-Q0064,AI 带货短剧怎么做，适合哪些商品？,业务场景问题,36氪,media,https://m.36kr.com/p/3864197697780352,m.36kr.com,1
CMCR-CIT-A183724F0232D79E9201B23C,CMCR-CMP-20260819-C1-Q0064,CMCR-Q0064,AI 带货短剧怎么做，适合哪些商品？,业务场景问题,CSDN博客,other,https://blog.csdn.net/helloAIGC/article/details/160650374,blog.csdn.net,1
CMCR-CIT-222D1E95F2DCCE31C84EB513,CMCR-CMP-20260819-C1-Q0064,CMCR-Q0064,AI 带货短剧怎么做，适合哪些商品？,业务场景问题,8个被低估的AI工具让短剧广告创作者少走半年弯路-火星时代教育,other,https://wap.hxsd.com/content/59454,wap.hxsd.com,1
CMCR-CIT-6B971B28F287B402AF9AE32D,CMCR-CMP-20260819-C1-Q0064,CMCR-Q0064,AI 带货短剧怎么做，适合哪些商品？,业务场景问题,抖音,other,https://iesdouyin.com/share/video/7653902347696934182,iesdouyin.com,2
CMCR-CIT-20BBEF34B21F5BA4CAFEFE5B,CMCR-CMP-20260819-C1-Q0064,CMCR-Q0064,AI 带货短剧怎么做，适合哪些商品？,业务场景问题,抖音,other,https://iesdouyin.com/share/video/7649744577867531118,iesdouyin.com,1
CMCR-CIT-10F1486391C73FE5D7BF8E09,CMCR-CMP-20260819-C1-Q0064,CMCR-Q0064,AI 带货短剧怎么做，适合哪些商品？,业务场景问题,抖音,other,https://iesdouyin.com/share/video/7630683382729672362,iesdouyin.com,1
CMCR-CIT-BF5EDE9417402D94FF58C029,CMCR-CMP-20260819-C1-Q0065,CMCR-Q0065,AI 短剧带货工具有哪些，怎么选？,品类认知问题,CSDN博客,other,https://blog.csdn.net/helloAIGC/article/details/160650374,blog.csdn.net,2
CMCR-CIT-8E8FA16F5C2975BC9AB67DD0,CMCR-CMP-20260819-C1-Q0065,CMCR-Q0065,AI 短剧带货工具有哪些，怎么选？,品类认知问题,8个被低估的AI工具让短剧广告创作者少走半年弯路-火星时代教育,other,https://wap.hxsd.com/content/59454,wap.hxsd.com,2
CMCR-CIT-5813823365AC7A2287F22A2E,CMCR-CMP-20260819-C1-Q0065,CMCR-Q0065,AI 短剧带货工具有哪些，怎么选？,品类认知问题,什么值得买,other,https://post.m.smzdm.com/p/a6zqdgko,post.m.smzdm.com,2
CMCR-CIT-4B35029AF44EAB06C6E3C7DF,CMCR-CMP-20260819-C1-Q0065,CMCR-Q0065,AI 短剧带货工具有哪些，怎么选？,品类认知问题,什么值得买,other,https://post.m.smzdm.com/p/az85xgv0,post.m.smzdm.com,2
CMCR-CIT-79D70094ABD4D362ECBF419E,CMCR-CMP-20260819-C1-Q0065,CMCR-Q0065,AI 短剧带货工具有哪些，怎么选？,品类认知问题,今日头条,other,http://m.toutiao.com/group/7672341408582124070,m.toutiao.com,2
CMCR-CIT-C2A2B704B361BE2E0EB247F3,CMCR-CMP-20260819-C1-Q0065,CMCR-Q0065,AI 短剧带货工具有哪些，怎么选？,品类认知问题,搜狐,media,https://m.sohu.com/a/1052574423_122649014,m.sohu.com,1
CMCR-CIT-570E4E5BEE6510F3A84EFA11,CMCR-CMP-20260819-C1-Q0065,CMCR-Q0065,AI 短剧带货工具有哪些，怎么选？,品类认知问题,抖音,other,https://iesdouyin.com/share/video/7672954724001745137,iesdouyin.com,1
CMCR-CIT-5B72C3DC2E84028447238577,CMCR-CMP-20260819-C1-Q0065,CMCR-Q0065,AI 短剧带货工具有哪些，怎么选？,品类认知问题,Arcads vs Creatify vs MakeUGC: Best AI UGC Video Ad Generator in 2026,other,https://aivideopicks.com/posts/arcads-vs-creatify-vs-makeugc.html,aivideopicks.com,1
CMCR-CIT-4A54B0487DB4A8E965B2C650,CMCR-CMP-20260819-C1-Q0065,CMCR-Q0065,AI 短剧带货工具有哪些，怎么选？,品类认知问题,什么值得买,other,https://post.m.smzdm.com/p/ae6p2zdk,post.m.smzdm.com,1
CMCR-CIT-CBBAE6012970723D600F51FB,CMCR-CMP-20260819-C1-Q0065,CMCR-Q0065,AI 短剧带货工具有哪些，怎么选？,品类认知问题,今日头条,other,http://m.toutiao.com/group/7672709622729458186,m.toutiao.com,1
CMCR-CIT-9973699757F00B800E72923B,CMCR-CMP-20260819-C1-Q0065,CMCR-Q0065,AI 短剧带货工具有哪些，怎么选？,品类认知问题,"焱凤 AI""上线|普通人轻松爆款带货短视频微剧情带货 AI 营销利器新工具_中华文教网",other,http://zhwjw.net/m/view.php?aid=20901,zhwjw.net,1
CMCR-CIT-58435DAAFC8B24BDFDFF15B7,CMCR-CMP-20260819-C1-Q0065,CMCR-Q0065,AI 短剧带货工具有哪些，怎么选？,品类认知问题,‎SuperAI - AI视频带货探店视频漫剧创作 App - App Store,other,https://apps.apple.com/cn/app/superai-ai%E8%A7%86%E9%A2%91%E5%B8%A6%E8%B4%A7%E6%8E%A2%E5%BA%97%E8%A7%86%E9%A2%91%E6%BC%AB%E5%89%A7%E5%88%9B%E4%BD%9C/id6448408006,apps.apple.com,1
CMCR-CIT-74E449AFE3A63DA7CEF6108E,CMCR-CMP-20260819-C1-Q0065,CMCR-Q0065,AI 短剧带货工具有哪些，怎么选？,品类认知问题,AI短视频营销:一条爆款视频背后的AI生产流水线 - 金喵网,other,https://geomiao.com/ai-marketing-knowledge/ai-marketing,geomiao.com,1
CMCR-CIT-A2155891011BCDA7A64F3C88,CMCR-CMP-20260819-C1-Q0066,CMCR-Q0066,AI 带货短剧和普通口播带货视频有什么区别？,对比决策问题,一条视频 590 万播放，20 天爆赚 30 万美元:AI 带货视频彻底杀疯了!_人工智能_木易AI信息差-智能体开发者社区,other,https://adg.csdn.net/6a3120d9662f9a54cb7fe5a1.html,adg.csdn.net,1
CMCR-CIT-BF37F265ACA0F5512D99F444,CMCR-CMP-20260819-C1-Q0066,CMCR-Q0066,AI 带货短剧和普通口播带货视频有什么区别？,对比决策问题,抖音,other,https://iesdouyin.com/share/video/7665282137235219563,iesdouyin.com,2
CMCR-CIT-C10C9DFF9B573CAC32B046A9,CMCR-CMP-20260819-C1-Q0066,CMCR-Q0066,AI 带货短剧和普通口播带货视频有什么区别？,对比决策问题,抖音,other,https://iesdouyin.com/share/video/7652286987994451242,iesdouyin.com,1
CMCR-CIT-ACD9F1A1F3D0E2D6966FAFB9,CMCR-CMP-20260819-C1-Q0066,CMCR-Q0066,AI 带货短剧和普通口播带货视频有什么区别？,对比决策问题,什么值得买,other,https://post.m.smzdm.com/p/ad736m7d,post.m.smzdm.com,1
CMCR-CIT-8C503DFA710E91AEFD76E963,CMCR-CMP-20260819-C1-Q0066,CMCR-Q0066,AI 带货短剧和普通口播带货视频有什么区别？,对比决策问题,AI视频的困惑与解惑!-TT123卖家导航,other,https://tt123.com/t/JFs44AvR,tt123.com,1
CMCR-CIT-852DBACADDC620F3F01F295F,CMCR-CMP-20260819-C1-Q0066,CMCR-Q0066,AI 带货短剧和普通口播带货视频有什么区别？,对比决策问题,"焱凤 AI""上线|普通人轻松爆款带货短视频微剧情带货 AI 营销利器新工具_中华文教网",other,http://zhwjw.net/m/view.php?aid=20901,zhwjw.net,2
CMCR-CIT-3B58006923C8030FB2816783,CMCR-CMP-20260819-C1-Q0066,CMCR-Q0066,AI 带货短剧和普通口播带货视频有什么区别？,对比决策问题,新浪财经,other,https://finance.sina.com.cn/wm/2026-05-27/doc-inhzivfn0764244.shtml,finance.sina.com.cn,1
CMCR-CIT-E9DF980FF6DAF04016550EB1,CMCR-CMP-20260819-C1-Q0066,CMCR-Q0066,AI 带货短剧和普通口播带货视频有什么区别？,对比决策问题,2026年AI带货口播，3招改掉生硬感-CSDN.NET,other,https://csdn.net/article/2026-08-08/163580727,csdn.net,1
CMCR-CIT-44AC429FE3B549E8B68A4F5F,CMCR-CMP-20260819-C1-Q0066,CMCR-Q0066,AI 带货短剧和普通口播带货视频有什么区别？,对比决策问题,哔哩哔哩,community,https://bilibili.com/opus/1206676172824379416,bilibili.com,1
CMCR-CIT-27A9213A45932035844D6C0E,CMCR-CMP-20260819-C1-Q0066,CMCR-Q0066,AI 带货短剧和普通口播带货视频有什么区别？,对比决策问题,短视频带货账号日更压力大，AI混剪口播如何让商家告别实拍依赖,other,https://52pay.com/news/1785603157544-8vlcr0,52pay.com,2
CMCR-CIT-3CB405E576F4EAB19B1692B6,CMCR-CMP-20260819-C1-Q0066,CMCR-Q0066,AI 带货短剧和普通口播带货视频有什么区别？,对比决策问题,AI数字人口播工具:2026年6款实测 | 提效录,other,https://tixiaolu.com/posts/ai-digital-human-talking-video,tixiaolu.com,1
CMCR-CIT-0AF871088FD15D9ADB68B1B4,CMCR-CMP-20260819-C1-Q0066,CMCR-Q0066,AI 带货短剧和普通口播带货视频有什么区别？,对比决策问题,什么值得买,other,https://post.m.smzdm.com/p/arz2nn0g,post.m.smzdm.com,1
CMCR-CIT-56D4AEA85CF5D34F55ABCD35,CMCR-CMP-20260819-C1-Q0066,CMCR-Q0066,AI 带货短剧和普通口播带货视频有什么区别？,对比决策问题,什么值得买,other,https://post.m.smzdm.com/p/az85xgv0,post.m.smzdm.com,1
CMCR-CIT-B128B5D0A00EFB2C7F167984,CMCR-CMP-20260819-C1-Q0066,CMCR-Q0066,AI 带货短剧和普通口播带货视频有什么区别？,对比决策问题,什么值得买,other,https://post.m.smzdm.com/p/a26z5leq,post.m.smzdm.com,1
CMCR-CIT-9508E721721C038D0BDBCBFF,CMCR-CMP-20260819-C1-Q0066,CMCR-Q0066,AI 带货短剧和普通口播带货视频有什么区别？,对比决策问题,从“求爷爷告奶奶”到“AI一键出片”:2026年，品牌KOC营销正在经历一场巨变 - 蝉镜AI智库,other,https://chanjing.cc/docs/tutorials/520.html,chanjing.cc,1
CMCR-CIT-42B7B3DED5A7403463CCF891,CMCR-CMP-20260819-C1-Q0068,CMCR-Q0068,AI 一键成片适合做电商广告素材吗？,业务场景问题,Kandinsky-5.0-I2V-Lite-5s入门必看:上传图片+1句提示词，5秒生成短视频-网站名,other,https://lpnh.cn/news/1385.html,lpnh.cn,1
CMCR-CIT-7F290DD9DB71999CD1A990B0,CMCR-CMP-20260819-C1-Q0068,CMCR-Q0068,AI 一键成片适合做电商广告素材吗？,业务场景问题,智能一键成片功能介绍-智能媒体服务(IMS)-阿里云帮助中心,other,https://help.aliyun.com/zh/ims/user-guide/batch-intelligent-one-click-film,help.aliyun.com,1
CMCR-CIT-C4EBB67027FC2BF0812CEF94,CMCR-CMP-20260819-C1-Q0068,CMCR-Q0068,AI 一键成片适合做电商广告素材吗？,业务场景问题,产品介绍--Kickart-火山引擎,other,https://volcengine.com/docs/6664/2119705?lang=zh,volcengine.com,1
CMCR-CIT-A22A3A63DED0EDE2318869B0,CMCR-CMP-20260819-C1-Q0068,CMCR-Q0068,AI 一键成片适合做电商广告素材吗？,业务场景问题,抖音,other,https://iesdouyin.com/share/video/7644106002853399818,iesdouyin.com,1
CMCR-CIT-EC059DB4297C5C9987B979BE,CMCR-CMP-20260819-C1-Q0068,CMCR-Q0068,AI 一键成片适合做电商广告素材吗？,业务场景问题,Topview - 电商营销场景的AI视频工具,other,https://ai.fly63.com/topview,ai.fly63.com,1
CMCR-CIT-5C50B23938F6056F34818D9E,CMCR-CMP-20260819-C1-Q0068,CMCR-Q0068,AI 一键成片适合做电商广告素材吗？,业务场景问题,5分钟一条带货视频!AI商品广告一键成片完整教程，从入门到精通 | 青虎,other,https://iqinghu.com/article/detail/31367,iqinghu.com,1
CMCR-CIT-509D6B97D5A9C4755A37B84D,CMCR-CMP-20260819-C1-Q0068,CMCR-Q0068,AI 一键成片适合做电商广告素材吗？,业务场景问题,什么值得买,other,https://post.m.smzdm.com/p/al376gme,post.m.smzdm.com,1
CMCR-CIT-7FCF29FCC4D1D554B1AD803A,CMCR-CMP-20260819-C1-Q0068,CMCR-Q0068,AI 一键成片适合做电商广告素材吗？,业务场景问题,什么值得买,other,https://post.m.smzdm.com/p/aomokzxm,post.m.smzdm.com,1
CMCR-CIT-CAF6FDABB41D035F59CA0EE7,CMCR-CMP-20260819-C1-Q0068,CMCR-Q0068,AI 一键成片适合做电商广告素材吗？,业务场景问题,抖音,other,https://iesdouyin.com/share/video/7668567795428439993,iesdouyin.com,1
CMCR-CIT-8D2B3266E3653C4F69FA13C0,CMCR-CMP-20260819-C1-Q0068,CMCR-Q0068,AI 一键成片适合做电商广告素材吗？,业务场景问题,Best AI Product Video Ad Generators for Ecommerce in 2026,other,https://designkit.com/blog/best-ai-product-video-ad-generators,designkit.com,1
CMCR-CIT-632897DAA6C365692A7B37CB,CMCR-CMP-20260819-C1-Q0068,CMCR-Q0068,AI 一键成片适合做电商广告素材吗？,业务场景问题,Pippit AI:字节跳动推出的新一代AI营销内容创作平台 - Hello123工具导航,other,https://hello123.com/pippit-ai,hello123.com,1
CMCR-CIT-49D62587447A7866866A3798,CMCR-CMP-20260819-C1-Q0068,CMCR-Q0068,AI 一键成片适合做电商广告素材吗？,业务场景问题,我，一个电商运营，用映悦AI.把618素材成本从3万降到了300块_人工智能_yingyuecom-智能体开发者社区,other,https://adg.csdn.net/6a31122c662f9a54cb7fc390.html,adg.csdn.net,1
CMCR-CIT-6389C8DCA6B7C5DDCEF06EF6,CMCR-CMP-20260819-C1-Q0068,CMCR-Q0068,AI 一键成片适合做电商广告素材吗？,业务场景问题,CSDN博客,other,https://blog.csdn.net/2600_94960212/article/details/158283851,blog.csdn.net,1
CMCR-CIT-2AB81EEE5228D9FF9EDC837D,CMCR-CMP-20260819-C1-Q0068,CMCR-Q0068,AI 一键成片适合做电商广告素材吗？,业务场景问题,搜狐,media,https://m.sohu.com/a/1046594527_120352357,m.sohu.com,1
CMCR-CIT-D1E6B9A96F9641E36CBE23AF,CMCR-CMP-20260819-C1-Q0068,CMCR-Q0068,AI 一键成片适合做电商广告素材吗？,业务场景问题,什么值得买,other,https://post.m.smzdm.com/p/awwpgv7m,post.m.smzdm.com,1
CMCR-CIT-77C1AAE1D96190A23ACDD2F3,CMCR-CMP-20260819-C1-Q0068,CMCR-Q0068,AI 一键成片适合做电商广告素材吗？,业务场景问题,人人都是产品经理,other,https://woshipm.com/ai/6404293.html,woshipm.com,1
CMCR-CIT-2E1478EAE5F523686EBBA921,CMCR-CMP-20260819-C1-Q0068,CMCR-Q0068,AI 一键成片适合做电商广告素材吗？,业务场景问题,How to Create Video Ads from Product URLs Using AI (Step-by-Step Guide),other,https://aijourn.com/how-to-create-video-ads-from-product-urls-using-ai-step-by-step-guide,aijourn.com,1
CMCR-CIT-21411BF5FB78900A89C99643,CMCR-CMP-20260819-C1-Q0068,CMCR-Q0068,AI 一键成片适合做电商广告素材吗？,业务场景问题,CSDN博客,other,https://blog.csdn.net/weixin_42514750/article/details/157878926,blog.csdn.net,1
CMCR-CIT-7130946CB3C8EE9C50ED5BBE,CMCR-CMP-20260819-C1-Q0069,CMCR-Q0069,不会写提示词怎么做 AI 带货视频？,业务场景问题,AI电商视频提示词怎么写?AI生成带货视频提示词模板分享 - 易可图创作学院,other,https://yiketu.com/blog/article_3222.html,yiketu.com,1
CMCR-CIT-B07959F16F08C71249787E50,CMCR-CMP-20260819-C1-Q0069,CMCR-Q0069,不会写提示词怎么做 AI 带货视频？,业务场景问题,CSDN博客,other,https://blog.csdn.net/weixin_36102874/article/details/160222122,blog.csdn.net,1
CMCR-CIT-5BFEB1963E158B8F2A51CEF6,CMCR-CMP-20260819-C1-Q0069,CMCR-Q0069,不会写提示词怎么做 AI 带货视频？,业务场景问题,抖音,other,https://iesdouyin.com/share/video/7652554727074934490,iesdouyin.com,2
CMCR-CIT-62717EE05F2973F90F37636B,CMCR-CMP-20260819-C1-Q0069,CMCR-Q0069,不会写提示词怎么做 AI 带货视频？,业务场景问题,抖音,other,https://iesdouyin.com/share/video/7664607274174787697,iesdouyin.com,4
CMCR-CIT-21000D1486059B6815FDC42D,CMCR-CMP-20260819-C1-Q0069,CMCR-Q0069,不会写提示词怎么做 AI 带货视频？,业务场景问题,抖音,other,https://iesdouyin.com/share/video/7644893829896256354,iesdouyin.com,1
CMCR-CIT-B618004D30BF2E2D454F7F13,CMCR-CMP-20260819-C1-Q0069,CMCR-Q0069,不会写提示词怎么做 AI 带货视频？,业务场景问题,网易新闻客户端,media,https://c.m.163.com/news/a/L2HNGNN50518JRKF.html,c.m.163.com,1
CMCR-CIT-13DEF4B41C33785B8ED75C53,CMCR-CMP-20260819-C1-Q0069,CMCR-Q0069,不会写提示词怎么做 AI 带货视频？,业务场景问题,抖音,other,https://iesdouyin.com/share/video/7665305501634202880,iesdouyin.com,2
CMCR-CIT-125C6D85DF4895CA3DA1EFF8,CMCR-CMP-20260819-C1-Q0069,CMCR-Q0069,不会写提示词怎么做 AI 带货视频？,业务场景问题,使用指南--Kickart-火山引擎,other,https://volcengine.com/docs/6664/2119708?lang=zh,volcengine.com,1
CMCR-CIT-EAC55B212B98DB3578C64CFE,CMCR-CMP-20260819-C1-Q0069,CMCR-Q0069,不会写提示词怎么做 AI 带货视频？,业务场景问题,5分钟一条带货视频!AI商品广告一键成片完整教程，从入门到精通 | 青虎,other,https://iqinghu.com/article/detail/31367,iqinghu.com,1
CMCR-CIT-207594B6024644CD2A85F894,CMCR-CMP-20260819-C1-Q0069,CMCR-Q0069,不会写提示词怎么做 AI 带货视频？,业务场景问题,新浪财经,other,https://finance.sina.com.cn/wm/2026-05-27/doc-inhzivfn0764244.shtml,finance.sina.com.cn,1
CMCR-CIT-CF0690173260B53BEC58511B,CMCR-CMP-20260819-C1-Q0069,CMCR-Q0069,不会写提示词怎么做 AI 带货视频？,业务场景问题,抖音,other,https://iesdouyin.com/share/video/7665659100793208059,iesdouyin.com,1
CMCR-CIT-D2DEB35D7E758385254642FE,CMCR-CMP-20260819-C1-Q0069,CMCR-Q0069,不会写提示词怎么做 AI 带货视频？,业务场景问题,即创AI - 抖音官方智能创作平台:视频图文直播一站式生成工具,other,https://jichuang.ai-tab.cn/index.html,jichuang.ai-tab.cn,1
CMCR-CIT-C2FD29EC10961E717F319955,CMCR-CMP-20260819-C1-Q0069,CMCR-Q0069,不会写提示词怎么做 AI 带货视频？,业务场景问题,搜狐,media,https://m.sohu.com/a/1046512315_122770785,m.sohu.com,1
CMCR-CIT-BBAC4B45611BBC1D9A2FD9F6,CMCR-CMP-20260819-C1-Q0071,CMCR-Q0071,电商团队用 AI 视频工具，应该更看生成质量还是投放数据闭环？,业务场景问题,CSDN博客,other,https://blog.csdn.net/weixin_42609225/article/details/152512112,blog.csdn.net,2
CMCR-CIT-06A737123AAE7370DE4E4693,CMCR-CMP-20260819-C1-Q0071,CMCR-Q0071,电商团队用 AI 视频工具，应该更看生成质量还是投放数据闭环？,业务场景问题,"The Era of ""Vanity Metrics"" is Over: How to Measure AI Video Performance in 2025",other,https://genfuseai.com/blog/measuring-ai-video-performance-metrics,genfuseai.com,1
CMCR-CIT-4ACBF37AA2208B80A97F640A,CMCR-CMP-20260819-C1-Q0071,CMCR-Q0071,电商团队用 AI 视频工具，应该更看生成质量还是投放数据闭环？,业务场景问题,抖音,other,https://iesdouyin.com/share/video/7658192229122510134,iesdouyin.com,1
CMCR-CIT-451E6D824720B49CE674A81E,CMCR-CMP-20260819-C1-Q0071,CMCR-Q0071,电商团队用 AI 视频工具，应该更看生成质量还是投放数据闭环？,业务场景问题,抖音,other,https://iesdouyin.com/share/video/7666989400789699859,iesdouyin.com,1
CMCR-CIT-84515B436F0006F6893DA7B3,CMCR-CMP-20260819-C1-Q0071,CMCR-Q0071,电商团队用 AI 视频工具，应该更看生成质量还是投放数据闭环？,业务场景问题,AI Video Generator For E-Commerce: A Product Accuracy Guide,other,https://ecommercefastlane.com/ai-video-generator-ecommerce-product-accuracy,ecommercefastlane.com,1
CMCR-CIT-2D1871B690865B7FF36F98B2,CMCR-CMP-20260819-C1-Q0071,CMCR-Q0071,电商团队用 AI 视频工具，应该更看生成质量还是投放数据闭环？,业务场景问题,从产品 URL 到视频广告:构建完整的电商视频自动化流水线_AIGC_胖嘟嘟SEO_InfoQ写作社区,other,https://xie.infoq.cn/article/b1816abbb66735e87f5d3abc8,xie.infoq.cn,2
CMCR-CIT-7A003F26DEF17DF6FEFEF7D9,CMCR-CMP-20260819-C1-Q0071,CMCR-Q0071,电商团队用 AI 视频工具，应该更看生成质量还是投放数据闭环？,业务场景问题,AI视频素材翻倍，千川ROI从0.5涨到1.4:某电池品牌的投放提效实录,other,https://clipo.cc/blog/battery-brand-ecommerce-roi-ai-video,clipo.cc,1
CMCR-CIT-7C905A88734425E58C5F1799,CMCR-CMP-20260819-C1-Q0071,CMCR-Q0071,电商团队用 AI 视频工具，应该更看生成质量还是投放数据闭环？,业务场景问题,CSDN博客,other,https://blog.csdn.net/weixin_36059856/article/details/157895603,blog.csdn.net,1
CMCR-CIT-4A436E8251432505F52EBF7D,CMCR-CMP-20260819-C1-Q0071,CMCR-Q0071,电商团队用 AI 视频工具，应该更看生成质量还是投放数据闭环？,业务场景问题,Scale Your E-commerce Video Ad Output with AI,other,https://hailuoai.video/pages/knowledge/scale-ecommerce-ai-video-ads,hailuoai.video,1
CMCR-CIT-0A35BECFE019C88EA1CC1471,CMCR-CMP-20260819-C1-Q0071,CMCR-Q0071,电商团队用 AI 视频工具，应该更看生成质量还是投放数据闭环？,业务场景问题,CSDN博客,other,https://blog.csdn.net/weixin_36184718/article/details/152508219,blog.csdn.net,1
CMCR-CIT-3D34B2D5F258A66895BEE9CF,CMCR-CMP-20260819-C1-Q0071,CMCR-Q0071,电商团队用 AI 视频工具，应该更看生成质量还是投放数据闭环？,业务场景问题,CSDN博客,other,https://blog.csdn.net/2601_96722559/article/details/163587556,blog.csdn.net,1
CMCR-CIT-EDDE1412DD691E43609486F6,CMCR-CMP-20260819-C1-Q0071,CMCR-Q0071,电商团队用 AI 视频工具，应该更看生成质量还是投放数据闭环？,业务场景问题,2026热门的AI电商营销工具:中小商家适配选型指南-CSDN.NET,other,https://csdn.net/article/2026-07-02/162529593,csdn.net,1
CMCR-CIT-2C5695B659203481DD397E50,CMCR-CMP-20260819-C1-Q0071,CMCR-Q0071,电商团队用 AI 视频工具，应该更看生成质量还是投放数据闭环？,业务场景问题,抖音,other,https://iesdouyin.com/share/video/7637080606107537787,iesdouyin.com,2
CMCR-CIT-E0187A2ED8238CDBECAE724E,CMCR-CMP-20260819-C1-Q0071,CMCR-Q0071,电商团队用 AI 视频工具，应该更看生成质量还是投放数据闭环？,业务场景问题,抖音,other,https://iesdouyin.com/share/video/7621849816384949555,iesdouyin.com,2
CMCR-CIT-A93173297B1E57B0417E0F62,CMCR-CMP-20260819-C1-Q0072,CMCR-Q0072,AI 带货视频做出来后，怎么判断有没有投放价值？,案例/效果问题,为什么你的AI视频播放低、转化差?TikTok 卖家注意，一定要先看这4点! - 奇赞,other,https://qizansea.com/102262.html,qizansea.com,1
CMCR-CIT-A863834D4CB75487E009489E,CMCR-CMP-20260819-C1-Q0072,CMCR-Q0072,AI 带货视频做出来后，怎么判断有没有投放价值？,案例/效果问题,"The Era of ""Vanity Metrics"" is Over: How to Measure AI Video Performance in 2025",other,https://genfuseai.com/blog/measuring-ai-video-performance-metrics,genfuseai.com,1
CMCR-CIT-BE9B5B328FF04A166B78754C,CMCR-CMP-20260819-C1-Q0072,CMCR-Q0072,AI 带货视频做出来后，怎么判断有没有投放价值？,案例/效果问题,抖音,other,https://iesdouyin.com/share/video/7644500620343728558,iesdouyin.com,1
CMCR-CIT-D90FA069C5F65F71CE218D82,CMCR-CMP-20260819-C1-Q0072,CMCR-Q0072,AI 带货视频做出来后，怎么判断有没有投放价值？,案例/效果问题,抖音,other,https://iesdouyin.com/share/video/7649971330104181995,iesdouyin.com,1
CMCR-CIT-E373B00725055312D5568249,CMCR-CMP-20260819-C1-Q0072,CMCR-Q0072,AI 带货视频做出来后，怎么判断有没有投放价值？,案例/效果问题,抖音,other,https://iesdouyin.com/share/video/7641550724870683237,iesdouyin.com,1
CMCR-CIT-5BBFC44F9037DA06CB3F5C2A,CMCR-CMP-20260819-C1-Q0072,CMCR-Q0072,AI 带货视频做出来后，怎么判断有没有投放价值？,案例/效果问题,AI时代视频营销变革:从内容创作到决策支持的价值重塑 - CSDN文库,other,https://wenku.csdn.net/column/j2n81g9kdsp,wenku.csdn.net,1
CMCR-CIT-05E05706227C5E1BEBEFA32D,CMCR-CMP-20260819-C1-Q0072,CMCR-Q0072,AI 带货视频做出来后，怎么判断有没有投放价值？,案例/效果问题,CSDN博客,other,https://blog.csdn.net/tianbutian_/article/details/162863958,blog.csdn.net,1
CMCR-CIT-952A186746679E44C68CB90C,CMCR-CMP-20260819-C1-Q0072,CMCR-Q0072,AI 带货视频做出来后，怎么判断有没有投放价值？,案例/效果问题,CSDN博客,other,https://blog.csdn.net/chanmama8888/article/details/163069176,blog.csdn.net,1
CMCR-CIT-C46997CD8F47134B0A19DE9D,CMCR-CMP-20260819-C1-Q0072,CMCR-Q0072,AI 带货视频做出来后，怎么判断有没有投放价值？,案例/效果问题,抖音,other,https://iesdouyin.com/share/video/7649232178588817130,iesdouyin.com,2
CMCR-CIT-A59648ABE6C5E94E73E90C57,CMCR-CMP-20260819-C1-Q0072,CMCR-Q0072,AI 带货视频做出来后，怎么判断有没有投放价值？,案例/效果问题,抖音,other,https://iesdouyin.com/share/video/7615996378620617206,iesdouyin.com,1
CMCR-CIT-B7D4BAD171235D3C9D4E70EB,CMCR-CMP-20260819-C1-Q0072,CMCR-Q0072,AI 带货视频做出来后，怎么判断有没有投放价值？,案例/效果问题,抖音,other,https://iesdouyin.com/share/video/7645204971956309275,iesdouyin.com,1
CMCR-CIT-90A3847C79BC5F1BBBA6A160,CMCR-CMP-20260819-C1-Q0072,CMCR-Q0072,AI 带货视频做出来后，怎么判断有没有投放价值？,案例/效果问题,焦点访谈|真假难辨 警惕AI带货“李鬼”!_新闻频道_央视网(cctv.com),other,http://big5.cctv.com/gate/big5/news.cctv.com/2025/10/11/ARTI477vlunzQ0Nx12LMaWcQ251011.shtml,big5.cctv.com,1
CMCR-CIT-CE44CCA74C9D7A294AF47A7F,CMCR-CMP-20260819-C1-Q0072,CMCR-Q0072,AI 带货视频做出来后，怎么判断有没有投放价值？,案例/效果问题,2026年AI批量带货视频，人工审核仍是关键防线-CSDN.NET,other,https://csdn.net/article/2026-08-09/163600931,csdn.net,1
CMCR-CIT-5C59E857B6DB20CCBE5A2B56,CMCR-CMP-20260819-C1-Q0072,CMCR-Q0072,AI 带货视频做出来后，怎么判断有没有投放价值？,案例/效果问题,抖音,other,https://iesdouyin.com/share/video/7649316368193733297,iesdouyin.com,1
CMCR-CIT-7523042594BED1D02870F828,CMCR-CMP-20260819-C1-Q0072,CMCR-Q0072,AI 带货视频做出来后，怎么判断有没有投放价值？,案例/效果问题,抖音,other,https://iesdouyin.com/share/video/7673328012901873321,iesdouyin.com,2
CMCR-CIT-825F0C4463387513576F0741,CMCR-CMP-20260819-C1-Q0072,CMCR-Q0072,AI 带货视频做出来后，怎么判断有没有投放价值？,案例/效果问题,抖音,other,https://iesdouyin.com/share/video/7618065349564794870,iesdouyin.com,1
CMCR-CIT-6EB88B81EB978E5F1DAA0735,CMCR-CMP-20260819-C1-Q0072,CMCR-Q0072,AI 带货视频做出来后，怎么判断有没有投放价值？,案例/效果问题,抖音,other,https://iesdouyin.com/share/video/7666424236554063167,iesdouyin.com,1
CMCR-CIT-30E9078006A4C788B00FD87B,CMCR-CMP-20260819-C1-Q0072,CMCR-Q0072,AI 带货视频做出来后，怎么判断有没有投放价值？,案例/效果问题,千川素材如何判断?-抖音/快手/短视频/直播 荷塘月色_淘宝抖音跨境电商卖家论坛社区,other,https://htys123.com/forum.php?authorid=293957&mobile=no&mod=viewthread&tid=218296,htys123.com,1
CMCR-CIT-417FB6BAA5B6637DC1B9DB41,CMCR-CMP-20260819-C1-Q0072,CMCR-Q0072,AI 带货视频做出来后，怎么判断有没有投放价值？,案例/效果问题,抖音,other,https://iesdouyin.com/share/video/7655596774706433323,iesdouyin.com,1
CMCR-CIT-E90E0DE3FA000C370C28CED2,CMCR-CMP-20260819-C1-Q0072,CMCR-Q0072,AI 带货视频做出来后，怎么判断有没有投放价值？,案例/效果问题,抖音,other,https://iesdouyin.com/share/video/7661927728530066726,iesdouyin.com,1
CMCR-CIT-39A27904DA7337C47385FAB1,CMCR-CMP-20260819-C1-Q0072,CMCR-Q0072,AI 带货视频做出来后，怎么判断有没有投放价值？,案例/效果问题,抖音,other,https://iesdouyin.com/share/video/7674210921133683638,iesdouyin.com,1
CMCR-CIT-FEF96BF7DA47B7F76BDE4B62,CMCR-CMP-20260819-C1-Q0072,CMCR-Q0072,AI 带货视频做出来后，怎么判断有没有投放价值？,案例/效果问题,抖音,other,https://iesdouyin.com/share/video/7671200816295955739,iesdouyin.com,1
CMCR-CIT-B13BB345BC97C060D4933E17,CMCR-CMP-20260819-C1-Q0074,CMCR-Q0074,复刻抖音爆款视频时，应该复刻画面、脚本还是内容结构？,业务场景问题,【功能介绍】爆款复刻,other,https://sc.fkw.com/blog/gongnengtese/1292353.html,sc.fkw.com,1
CMCR-CIT-60E549667A3919B7D7BCEB6E,CMCR-CMP-20260819-C1-Q0074,CMCR-Q0074,复刻抖音爆款视频时，应该复刻画面、脚本还是内容结构？,业务场景问题,抖音,other,https://iesdouyin.com/share/video/7672411744244993326,iesdouyin.com,1
CMCR-CIT-4E689A3B072C83A258DFDE90,CMCR-CMP-20260819-C1-Q0074,CMCR-Q0074,复刻抖音爆款视频时，应该复刻画面、脚本还是内容结构？,业务场景问题,抖音,other,https://iesdouyin.com/share/video/7631168396282207322,iesdouyin.com,1
CMCR-CIT-59AA06E01E8B269EFA3B1C7C,CMCR-CMP-20260819-C1-Q0074,CMCR-Q0074,复刻抖音爆款视频时，应该复刻画面、脚本还是内容结构？,业务场景问题,抖音,other,https://iesdouyin.com/share/video/7662739030005989222,iesdouyin.com,1
CMCR-CIT-6C2BAA361D78115B24DE7F5A,CMCR-CMP-20260819-C1-Q0074,CMCR-Q0074,复刻抖音爆款视频时，应该复刻画面、脚本还是内容结构？,业务场景问题,抖音爆款视频规律怎么分析复制?实在Agent分析批量复制方法 - 实在智能,other,https://ai-indeed.com/encyclopedia/18860.html,ai-indeed.com,2
CMCR-CIT-60381C4E0F68A38A871AA36F,CMCR-CMP-20260819-C1-Q0074,CMCR-Q0074,复刻抖音爆款视频时，应该复刻画面、脚本还是内容结构？,业务场景问题,爆款视频能不能模仿?模仿和搬运的界线在这三条 - 海螺社博客,other,https://hailuoshe.com/blog/can-you-copy-viral-videos,hailuoshe.com,3
CMCR-CIT-159AFD0B1C80D755DE7B2458,CMCR-CMP-20260819-C1-Q0074,CMCR-Q0074,复刻抖音爆款视频时，应该复刻画面、脚本还是内容结构？,业务场景问题,抖音,other,https://iesdouyin.com/share/video/7663712872279770810,iesdouyin.com,2
CMCR-CIT-CDE4335AA1E1FEADC570B2E1,CMCR-CMP-20260819-C1-Q0074,CMCR-Q0074,复刻抖音爆款视频时，应该复刻画面、脚本还是内容结构？,业务场景问题,抖音,other,https://iesdouyin.com/share/video/7664190812196120399,iesdouyin.com,1
CMCR-CIT-1F9621E670FB9747C9F31125,CMCR-CMP-20260819-C1-Q0074,CMCR-Q0074,复刻抖音爆款视频时，应该复刻画面、脚本还是内容结构？,业务场景问题,抖音,other,https://iesdouyin.com/share/video/7641925121750016091,iesdouyin.com,1
CMCR-CIT-FB7018C836A66290DF9B19E9,CMCR-CMP-20260819-C1-Q0074,CMCR-Q0074,复刻抖音爆款视频时，应该复刻画面、脚本还是内容结构？,业务场景问题,抖音电商,platform_official,https://school.jinritemai.com/doudian/web/article/aJgesJDXZCkP,school.jinritemai.com,1
CMCR-CIT-43F8C3585E0B9D66FCBCC59B,CMCR-CMP-20260819-C1-Q0074,CMCR-Q0074,复刻抖音爆款视频时，应该复刻画面、脚本还是内容结构？,业务场景问题,抖音,other,https://iesdouyin.com/share/video/7581264336338942693,iesdouyin.com,1
CMCR-CIT-165ABEA39E2D12876E63C9E0,CMCR-CMP-20260819-C1-Q0074,CMCR-Q0074,复刻抖音爆款视频时，应该复刻画面、脚本还是内容结构？,业务场景问题,抖音,other,https://iesdouyin.com/share/video/7581117163681014442,iesdouyin.com,1
CMCR-CIT-9492F0763D463728F95CF758,CMCR-CMP-20260819-C1-Q0074,CMCR-Q0074,复刻抖音爆款视频时，应该复刻画面、脚本还是内容结构？,业务场景问题,Recreate a Competitor's TikTok Ad Without Getting Flagged,other,https://riffkit.ai/blog/recreate-competitor-tiktok-ads,riffkit.ai,1
CMCR-CIT-68A7ECEDDC83F6C6DB811262,CMCR-CMP-20260819-C1-Q0074,CMCR-Q0074,复刻抖音爆款视频时，应该复刻画面、脚本还是内容结构？,业务场景问题,抖音,other,https://iesdouyin.com/share/video/7672922484409493113,iesdouyin.com,1
CMCR-CIT-27DD97DE6F6E49AF6523D4C3,CMCR-CMP-20260819-C1-Q0074,CMCR-Q0074,复刻抖音爆款视频时，应该复刻画面、脚本还是内容结构？,业务场景问题,抖音短视频停留时长提升快手粉丝号|短视频提升用户停留时长脚本与画面设计方法-正鸣运营网,other,http://efz.dianzilajihs.com/news/54d9199854.html,efz.dianzilajihs.com,1
CMCR-CIT-296196CAB335169F8FF0E828,CMCR-CMP-20260819-C1-Q0074,CMCR-Q0074,复刻抖音爆款视频时，应该复刻画面、脚本还是内容结构？,业务场景问题,抖音电商,platform_official,https://school.jinritemai.com/doudian/wap/course-series/cJZHjLnhaLyw/cJZHjLnhaLywlJZJUawr95yC?from=xilieke_list&from_school=1&should_full_screen=1&should_hide_bottom_nav=1,school.jinritemai.com,1
CMCR-CIT-5088FBBF00EC45E5572E8BAE,CMCR-CMP-20260819-C1-Q0074,CMCR-Q0074,复刻抖音爆款视频时，应该复刻画面、脚本还是内容结构？,业务场景问题,抖音,other,https://iesdouyin.com/share/video/7542122828755537161,iesdouyin.com,2
CMCR-CIT-E996808537EE704623D77A2A,CMCR-CMP-20260819-C1-Q0074,CMCR-Q0074,复刻抖音爆款视频时，应该复刻画面、脚本还是内容结构？,业务场景问题,抖音,other,https://iesdouyin.com/share/video/7672031500896819557,iesdouyin.com,1
CMCR-CIT-1280950AA0DD1CE554DF6154,CMCR-CMP-20260819-C1-Q0074,CMCR-Q0074,复刻抖音爆款视频时，应该复刻画面、脚本还是内容结构？,业务场景问题,抖音,other,https://iesdouyin.com/share/video/7578073970100964643,iesdouyin.com,1
CMCR-CIT-3BFD2B283C3C0E1729055348,CMCR-CMP-20260819-C1-Q0075,CMCR-Q0075,爆款素材复刻后越剪越没量怎么办？,业务场景问题,TikTok照搬爆款视频却零播放怎么回事?TikTok复刻竞品素材不出单核心根源推荐!-出海问答-出海网,other,https://chwang.com/ask/207548964804,chwang.com,1
CMCR-CIT-AFAD0E6FB8E18A73A7684975,CMCR-CMP-20260819-C1-Q0075,CMCR-Q0075,爆款素材复刻后越剪越没量怎么办？,业务场景问题,搜狐,media,https://m.sohu.com/a/1036148822_122874575,m.sohu.com,1
CMCR-CIT-59672CE7D9523CFE5FBC5BDF,CMCR-CMP-20260819-C1-Q0075,CMCR-Q0075,爆款素材复刻后越剪越没量怎么办？,业务场景问题,抖音,other,https://iesdouyin.com/share/video/7650413585356573967,iesdouyin.com,2
CMCR-CIT-B41AF2E6E6F5076E95103340,CMCR-CMP-20260819-C1-Q0075,CMCR-Q0075,爆款素材复刻后越剪越没量怎么办？,业务场景问题,抖音,other,https://iesdouyin.com/share/video/7670747853748260131,iesdouyin.com,2
CMCR-CIT-8B2950D9E2983DE3F9FF59AF,CMCR-CMP-20260819-C1-Q0075,CMCR-Q0075,爆款素材复刻后越剪越没量怎么办？,业务场景问题,抖音,other,https://iesdouyin.com/share/video/7665149661745443813,iesdouyin.com,1
CMCR-CIT-5617AFEF0955C8D36B76A622,CMCR-CMP-20260819-C1-Q0075,CMCR-Q0075,爆款素材复刻后越剪越没量怎么办？,业务场景问题,抖音作品重复发布规则刷粉丝网站|抖音平台作品重复发布官方规则与风险提示-佳裕运营网,other,http://bwc.dianzilajihs.com/html/13f5099936.html,bwc.dianzilajihs.com,1
CMCR-CIT-5D9341A70DCE7A14B4B4E3C3,CMCR-CMP-20260819-C1-Q0075,CMCR-Q0075,爆款素材复刻后越剪越没量怎么办？,业务场景问题,今日头条,other,http://m.toutiao.com/group/7672319997070361129,m.toutiao.com,1
CMCR-CIT-22B88BB89180EF459A228261,CMCR-CMP-20260819-C1-Q0075,CMCR-Q0075,爆款素材复刻后越剪越没量怎么办？,业务场景问题,抖音,other,https://iesdouyin.com/share/video/7621113936674631921,iesdouyin.com,2
CMCR-CIT-AE6CDA63C4BF928DB48EEEAE,CMCR-CMP-20260819-C1-Q0075,CMCR-Q0075,爆款素材复刻后越剪越没量怎么办？,业务场景问题,抖音,other,https://iesdouyin.com/share/video/7671557014136360233,iesdouyin.com,1
CMCR-CIT-7C2B76593406A258468CF6F0,CMCR-CMP-20260819-C1-Q0075,CMCR-Q0075,爆款素材复刻后越剪越没量怎么办？,业务场景问题,抖音,other,https://iesdouyin.com/share/video/7633811864136469642,iesdouyin.com,1
CMCR-CIT-FE8AF0F94F915ADE298BDFD2,CMCR-CMP-20260819-C1-Q0075,CMCR-Q0075,爆款素材复刻后越剪越没量怎么办？,业务场景问题,今日头条,other,http://m.toutiao.com/group/7668129165983646252,m.toutiao.com,1
CMCR-CIT-347244FF11192B7786B74607,CMCR-CMP-20260819-C1-Q0075,CMCR-Q0075,爆款素材复刻后越剪越没量怎么办？,业务场景问题,抖音,other,https://iesdouyin.com/share/video/7645119628725857893,iesdouyin.com,1
CMCR-CIT-2D30BDF1EA5637CC32772FED,CMCR-CMP-20260819-C1-Q0075,CMCR-Q0075,爆款素材复刻后越剪越没量怎么办？,业务场景问题,抖音,other,https://iesdouyin.com/share/video/7645636844311496009,iesdouyin.com,1
CMCR-CIT-11804841442B24F5C9C5B2EE,CMCR-CMP-20260819-C1-Q0075,CMCR-Q0075,爆款素材复刻后越剪越没量怎么办？,业务场景问题,短视频搬运总被限流?怎么用 AI 合规做同款视频-在线订票-互动吧,other,https://party.hudongba.com/party/95o57.html,party.hudongba.com,1
CMCR-CIT-EF27D6AE56185A92C203EC50,CMCR-CMP-20260819-C1-Q0075,CMCR-Q0075,爆款素材复刻后越剪越没量怎么办？,业务场景问题,短视频二次剪辑算不算原创?2026平台原创判定规则--河北青年报电子报,other,https://hbqnbnews.com/zixun?aid=37840&cid=2,hbqnbnews.com,1
CMCR-CIT-6A7EBCA9679CC70B3D278CEA,CMCR-CMP-20260819-C1-Q0076,CMCR-Q0076,剪映一键成片和蝉妈妈创意一键成片有什么区别？,对比决策问题,还在问AI视频生成软件哪个好用?试试蝉镜数字人这款一键成片工具 - 蝉镜AI智库,other,https://chanjing.cc/docs/tutorials/356.html,chanjing.cc,2
CMCR-CIT-EC5361244AE0DFDF2DB46828,CMCR-CMP-20260819-C1-Q0076,CMCR-Q0076,剪映一键成片和蝉妈妈创意一键成片有什么区别？,对比决策问题,剪映专业版AI功能实战:智能剪辑、AI生成和批量处理 | AI工具推荐,other,https://aidiscover.cn/articles/jianying-advanced-tips,aidiscover.cn,1
CMCR-CIT-071129AD5C80BA9C1CEFA2F1,CMCR-CMP-20260819-C1-Q0076,CMCR-Q0076,剪映一键成片和蝉妈妈创意一键成片有什么区别？,对比决策问题,什么值得买,other,https://post.m.smzdm.com/p/a95el6ze,post.m.smzdm.com,1
CMCR-CIT-3E636E2AE4FD5398E6D4BFD8,CMCR-CMP-20260819-C1-Q0076,CMCR-Q0076,剪映一键成片和蝉妈妈创意一键成片有什么区别？,对比决策问题,抖音,other,https://iesdouyin.com/share/video/7666388651341292658,iesdouyin.com,1
CMCR-CIT-1B51C72ABD38B633E40CA566,CMCR-CMP-20260819-C1-Q0076,CMCR-Q0076,剪映一键成片和蝉妈妈创意一键成片有什么区别？,对比决策问题,剪映 - AI视频生成分析测评 | MagicNetWorld,other,https://magicnetworld.com/tools/jianying,magicnetworld.com,1
CMCR-CIT-7DD6F56544C4858DB6012799,CMCR-CMP-20260819-C1-Q0076,CMCR-Q0076,剪映一键成片和蝉妈妈创意一键成片有什么区别？,对比决策问题,CSDN博客,other,https://blog.csdn.net/weixin_29098367/article/details/158939448,blog.csdn.net,1
CMCR-CIT-32C77CD4FB35D2867A989956,CMCR-CMP-20260819-C1-Q0076,CMCR-Q0076,剪映一键成片和蝉妈妈创意一键成片有什么区别？,对比决策问题,抖音一键成片操作|剪飞机号购买映一键成片功能使用技巧与内容二次优化方法-汉龙运营网,other,http://nlp.hinui.com.cn/html/23d1399963.html,nlp.hinui.com.cn,1
CMCR-CIT-3516335BC07DF00EC2F4AB91,CMCR-CMP-20260819-C1-Q0076,CMCR-Q0076,剪映一键成片和蝉妈妈创意一键成片有什么区别？,对比决策问题,今日头条,other,http://m.toutiao.com/group/7662275664963306003,m.toutiao.com,1
CMCR-CIT-CA6D622CD1A4BE7B2459F5CA,CMCR-CMP-20260819-C1-Q0076,CMCR-Q0076,剪映一键成片和蝉妈妈创意一键成片有什么区别？,对比决策问题,抖音,other,https://iesdouyin.com/share/video/7551727681169362185,iesdouyin.com,1
CMCR-CIT-20BB3E4560A28DD029A27254,CMCR-CMP-20260819-C1-Q0076,CMCR-Q0076,剪映一键成片和蝉妈妈创意一键成片有什么区别？,对比决策问题,抖音,other,https://iesdouyin.com/share/video/7545776493650513178,iesdouyin.com,2
CMCR-CIT-0B5822A3B846FDFFD4E926CC,CMCR-CMP-20260819-C1-Q0076,CMCR-Q0076,剪映一键成片和蝉妈妈创意一键成片有什么区别？,对比决策问题,抖音,other,https://iesdouyin.com/share/video/7560640579282767156,iesdouyin.com,1
CMCR-CIT-84198393883A5431E5F082FE,CMCR-CMP-20260819-C1-Q0076,CMCR-Q0076,剪映一键成片和蝉妈妈创意一键成片有什么区别？,对比决策问题,蝉妈妈·创意 - 千川投放素材_短视频素材创意服务平台,official_direct,https://cy.chanmama.com/,cy.chanmama.com,1
CMCR-CIT-26FB1DF75569BB30C5CE7113,CMCR-CMP-20260819-C1-Q0076,CMCR-Q0076,剪映一键成片和蝉妈妈创意一键成片有什么区别？,对比决策问题,AI素材智能成片软件_视频自动匹配成片软件-蝉妈妈·AI创意大师,official_direct,https://cy.chanmama.com/tools/intelligentCompleted/landing,cy.chanmama.com,1
CMCR-CIT-6C1746EF3518A0C5716A0318,CMCR-CMP-20260819-C1-Q0076,CMCR-Q0076,剪映一键成片和蝉妈妈创意一键成片有什么区别？,对比决策问题,电商商品链接智能成片_商品链接AI成片工具-蝉妈妈·AI创意大师,official_direct,https://ad.chanmama.com/tools/productLinkCompleted/landing,ad.chanmama.com,1
CMCR-CIT-3136B4B706318D77D7C60157,CMCR-CMP-20260819-C1-Q0076,CMCR-Q0076,剪映一键成片和蝉妈妈创意一键成片有什么区别？,对比决策问题,抖音,other,https://iesdouyin.com/share/video/7579250176615861519,iesdouyin.com,1
CMCR-CIT-10565C370FE206E079B1A37F,CMCR-CMP-20260819-C1-Q0076,CMCR-Q0076,剪映一键成片和蝉妈妈创意一键成片有什么区别？,对比决策问题,电商AI软件_AI工具集官网 | 蝉妈妈·AI创意大师 | 创意大师,official_direct,https://ad.chanmama.com/tools-index,ad.chanmama.com,1
CMCR-CIT-A103B049CD456EC78AA38E81,CMCR-CMP-20260819-C1-Q0077,CMCR-Q0077,AI 一键成片和人工剪辑怎么搭配，才能提高电商素材产出效率？,对比决策问题,CSDN博客,other,https://blog.csdn.net/weixin_42575109/article/details/152498783,blog.csdn.net,1
CMCR-CIT-B60E5C9C94DB2342CE87E138,CMCR-CMP-20260819-C1-Q0077,CMCR-Q0077,AI 一键成片和人工剪辑怎么搭配，才能提高电商素材产出效率？,对比决策问题,AI视频剪辑工具推荐:零门槛快速出片全攻略 | 青虎,other,https://iqinghu.com/article/detail/31576,iqinghu.com,1
CMCR-CIT-31C37B8C4007DD83FC687575,CMCR-CMP-20260819-C1-Q0077,CMCR-Q0077,AI 一键成片和人工剪辑怎么搭配，才能提高电商素材产出效率？,对比决策问题,即创AI官网|即创AI官网入口|即创AI官方网站入口-秀秀AI导航,other,https://xiuxiu.com/middlepage/4331,xiuxiu.com,1
CMCR-CIT-6847CFC8E9906145A822FC49,CMCR-CMP-20260819-C1-Q0077,CMCR-Q0077,AI 一键成片和人工剪辑怎么搭配，才能提高电商素材产出效率？,对比决策问题,人工智能 - 2026年AI生成带货视频工具推荐:从脚本到成片的完整制作流程教程 - 1aigc - SegmentFault 思否,other,https://segmentfault.com/a/1190000047952464,segmentfault.com,1
CMCR-CIT-835B5D27814893DCD0734930,CMCR-CMP-20260819-C1-Q0077,CMCR-Q0077,AI 一键成片和人工剪辑怎么搭配，才能提高电商素材产出效率？,对比决策问题,今日头条,other,http://m.toutiao.com/group/7674133442707145266,m.toutiao.com,1
CMCR-CIT-9402AD951489CB2E7062B702,CMCR-CMP-20260819-C1-Q0077,CMCR-Q0077,AI 一键成片和人工剪辑怎么搭配，才能提高电商素材产出效率？,对比决策问题,CSDN博客,other,https://blog.csdn.net/weixin_33562004/article/details/159410289,blog.csdn.net,1
CMCR-CIT-2A00B6031E3BE35311B07C1E,CMCR-CMP-20260819-C1-Q0077,CMCR-Q0077,AI 一键成片和人工剪辑怎么搭配，才能提高电商素材产出效率？,对比决策问题,抖音,other,https://iesdouyin.com/share/video/7649330860815173233,iesdouyin.com,1
CMCR-CIT-4F47CE3523E1891646BB6988,CMCR-CMP-20260819-C1-Q0077,CMCR-Q0077,AI 一键成片和人工剪辑怎么搭配，才能提高电商素材产出效率？,对比决策问题,AIGC批量生产电商短视频:日更几十条的“内容流水线”搭建指南- 大数跨境,other,https://m.10100.com/article/130413718,m.10100.com,1
CMCR-CIT-2EDD746FD56661C6911128A6,CMCR-CMP-20260819-C1-Q0077,CMCR-Q0077,AI 一键成片和人工剪辑怎么搭配，才能提高电商素材产出效率？,对比决策问题,抖音,other,https://iesdouyin.com/share/video/7632631029770494309,iesdouyin.com,2
CMCR-CIT-76492ED1FA19C2D5966ED762,CMCR-CMP-20260819-C1-Q0077,CMCR-Q0077,AI 一键成片和人工剪辑怎么搭配，才能提高电商素材产出效率？,对比决策问题,抖音,other,https://iesdouyin.com/share/video/7667213733839621395,iesdouyin.com,2
CMCR-CIT-AB1B6A5408AD382F43644277,CMCR-CMP-20260819-C1-Q0077,CMCR-Q0077,AI 一键成片和人工剪辑怎么搭配，才能提高电商素材产出效率？,对比决策问题,AI视频制作入门教程:零基础三天学会批量出片 | 青虎,other,https://iqinghu.com/article/detail/31595,iqinghu.com,1
CMCR-CIT-34A8A945F76F2BC97638ED06,CMCR-CMP-20260819-C1-Q0077,CMCR-Q0077,AI 一键成片和人工剪辑怎么搭配，才能提高电商素材产出效率？,对比决策问题,AI视频制作 - 探店视频·带货视频·数字人 | Aipgo.cn,other,https://aipgo.cn/ai-shipin,aipgo.cn,1
CMCR-CIT-355155852063121174BAD727,CMCR-CMP-20260819-C1-Q0077,CMCR-Q0077,AI 一键成片和人工剪辑怎么搭配，才能提高电商素材产出效率？,对比决策问题,CSDN博客,other,https://blog.csdn.net/2302_76557141/article/details/160349045,blog.csdn.net,1
CMCR-CIT-8A39DB3D0010E162848BF176,CMCR-CMP-20260819-C1-Q0077,CMCR-Q0077,AI 一键成片和人工剪辑怎么搭配，才能提高电商素材产出效率？,对比决策问题,我，一个电商运营，用映悦AI.把618素材成本从3万降到了300块_人工智能_yingyuecom-智能体开发者社区,other,https://adg.csdn.net/6a31122c662f9a54cb7fc390.html,adg.csdn.net,1
CMCR-CIT-D8FF9E637D62769F38A17849,CMCR-CMP-20260819-C1-Q0077,CMCR-Q0077,AI 一键成片和人工剪辑怎么搭配，才能提高电商素材产出效率？,对比决策问题,人工智能 - 面向电商商家的 AI 商品素材工具有哪些?从主图、场景图到短视频的工具选择指南 - 1aigc - SegmentFault 思否,other,https://segmentfault.com/a/1190000048054303,segmentfault.com,1
CMCR-CIT-3C9DBCC9C4A75B426C382A6C,CMCR-CMP-20260819-C1-Q0077,CMCR-Q0077,AI 一键成片和人工剪辑怎么搭配，才能提高电商素材产出效率？,对比决策问题,稀土掘金,other,https://juejin.cn/post/7655631091144294419,juejin.cn,1
CMCR-CIT-4AC93D7CB8AE22962353E1A0,CMCR-CMP-20260819-C1-Q0078,CMCR-Q0078,电商团队素材太乱，脚本、分镜和成片怎么统一管理？,业务场景问题,🏗️子工程(素材隔离)功能-超级编导帮助中心,other,https://help.superdir.cn/docs/zi-gong-cheng-su-cai-ge-li-gong-neng,help.superdir.cn,1
CMCR-CIT-8B8BA5F984262F7CE4597BED,CMCR-CMP-20260819-C1-Q0078,CMCR-Q0078,电商团队素材太乱，脚本、分镜和成片怎么统一管理？,业务场景问题,稀土掘金,other,https://juejin.cn/post/7612929690668269611,juejin.cn,1
CMCR-CIT-91B75E9472E557EC7DBA8A3F,CMCR-CMP-20260819-C1-Q0078,CMCR-Q0078,电商团队素材太乱，脚本、分镜和成片怎么统一管理？,业务场景问题,如何利用AI实现电商素材的统一沉淀与管理_mob64ca1404ed65的技术博客_51CTO博客,other,https://blog.51cto.com/u_16213636/14735244,blog.51cto.com,1
CMCR-CIT-06229E7934EFEFD473E27C31,CMCR-CMP-20260819-C1-Q0078,CMCR-Q0078,电商团队素材太乱，脚本、分镜和成片怎么统一管理？,业务场景问题,搜狐,media,https://m.sohu.com/a/1052431991_122816655,m.sohu.com,1
CMCR-CIT-722E2348EFF0595267615D00,CMCR-CMP-20260819-C1-Q0078,CMCR-Q0078,电商团队素材太乱，脚本、分镜和成片怎么统一管理？,业务场景问题,CSDN博客,other,https://blog.csdn.net/2501_94274536/article/details/162478152,blog.csdn.net,1
CMCR-CIT-B299BB53C26425D483136A4E,CMCR-CMP-20260819-C1-Q0078,CMCR-Q0078,电商团队素材太乱，脚本、分镜和成片怎么统一管理？,业务场景问题,抖音电商,platform_official,https://school.jinritemai.com/doudian/wap/course-series/cJZHjLnhaLyw/cJZHjLnhaLywlJZJUawr9Aqg?from=douyinofficial_table&from_school=1&should_full_screen=1&should_hide_bottom_nav=1,school.jinritemai.com,1
CMCR-CIT-4215696C35051B4C7F8DE4BD,CMCR-CMP-20260819-C1-Q0078,CMCR-Q0078,电商团队素材太乱，脚本、分镜和成片怎么统一管理？,业务场景问题,跨境电商视频素材库搭建与素材标签方法 - 深圳世纪一度影视传媒有限公司,other,http://m.onesmovies.com/sys-nd/687.html,m.onesmovies.com,1
CMCR-CIT-5BE43807FE51E8F7891B7B6B,CMCR-CMP-20260819-C1-Q0078,CMCR-Q0078,电商团队素材太乱，脚本、分镜和成片怎么统一管理？,业务场景问题,什么值得买,other,https://post.m.smzdm.com/p/al37z8w8,post.m.smzdm.com,1
CMCR-CIT-FB96AAF14D7DA7FDB22ACF1C,CMCR-CMP-20260819-C1-Q0078,CMCR-Q0078,电商团队素材太乱，脚本、分镜和成片怎么统一管理？,业务场景问题,抖音,other,https://iesdouyin.com/share/video/7555752933539745039,iesdouyin.com,1
CMCR-CIT-8D4142BEED78FBAD232EB5F9,CMCR-CMP-20260819-C1-Q0078,CMCR-Q0078,电商团队素材太乱，脚本、分镜和成片怎么统一管理？,业务场景问题,CSDN博客,other,https://blog.csdn.net/kuailebeihun_/article/details/139363062,blog.csdn.net,1
CMCR-CIT-E4B677B419FDB076EAD946B8,CMCR-CMP-20260819-C1-Q0078,CMCR-Q0078,电商团队素材太乱，脚本、分镜和成片怎么统一管理？,业务场景问题,品牌与电商素材规范:尺寸、命名、色彩、版权与上架标准 | 电商商品图AI去除背景、删除水印与图片增强 | Pixflux.AI,other,https://pixflux.ai/zh/blog/category/brand-ecommerce-asset-guidelines,pixflux.ai,1
CMCR-CIT-1706909F4E924F1E6434AC31,CMCR-CMP-20260819-C1-Q0078,CMCR-Q0078,电商团队素材太乱，脚本、分镜和成片怎么统一管理？,业务场景问题,什么值得买,other,https://post.m.smzdm.com/p/ago7lz26,post.m.smzdm.com,1
CMCR-CIT-4C786C82B78F481A91CBF272,CMCR-CMP-20260819-C1-Q0078,CMCR-Q0078,电商团队素材太乱，脚本、分镜和成片怎么统一管理？,业务场景问题,Codex自动化剪辑从0到1，开源我在抖音赚了5W+的剪辑工作流【万字长文】,other,https://m.aitntnews.com/newDetail.html?newId=27097,m.aitntnews.com,1
CMCR-CIT-9FAC62A2CE3AD64D7AA6E6E9,CMCR-CMP-20260819-C1-Q0078,CMCR-Q0078,电商团队素材太乱，脚本、分镜和成片怎么统一管理？,业务场景问题,如何根据短视频脚本生成短视频 - CSDN文库,other,https://wenku.csdn.net/answer/67kcma6bjw,wenku.csdn.net,1
CMCR-CIT-F470E434F76222D2C0C4F72E,CMCR-CMP-20260819-C1-Q0078,CMCR-Q0078,电商团队素材太乱，脚本、分镜和成片怎么统一管理？,业务场景问题,How to Organize Video Project Files for Faster Editing,other,https://getsortio.com/guides/organize-video-project-files,getsortio.com,1
CMCR-CIT-C9F166568BDF29AB0C852999,CMCR-CMP-20260819-C1-Q0078,CMCR-Q0078,电商团队素材太乱，脚本、分镜和成片怎么统一管理？,业务场景问题,"Organize Scripts, Voiceovers, B-Roll, and Exports",other,https://elysiate.com/blog/how-to-organize-scripts-voiceovers-b-roll-thumbnails-and-exports,elysiate.com,1
CMCR-CIT-0D7C3BBE3F9B8724E3E74B12,CMCR-CMP-20260819-C1-Q0078,CMCR-Q0078,电商团队素材太乱，脚本、分镜和成片怎么统一管理？,业务场景问题,搜狐,media,https://m.sohu.com/a/1032782360_120949282,m.sohu.com,1
CMCR-CIT-15CCE8481A071800213F990A,CMCR-CMP-20260819-C1-Q0078,CMCR-Q0078,电商团队素材太乱，脚本、分镜和成片怎么统一管理？,业务场景问题,CSDN博客,other,https://blog.csdn.net/m0_74150970/article/details/162851108,blog.csdn.net,1
CMCR-CIT-BEE50551CAEAC40BE90902D4,CMCR-CMP-20260819-C1-Q0078,CMCR-Q0078,电商团队素材太乱，脚本、分镜和成片怎么统一管理？,业务场景问题,电商运营选素材库，易元AI和即梦AI哪个适配千川投流?-在线订票-互动吧,other,https://party.hudongba.com/party/92k57.html,party.hudongba.com,1
CMCR-CIT-039D409CCA18F54EC155770E,CMCR-CMP-20260819-C1-Q0078,CMCR-Q0078,电商团队素材太乱，脚本、分镜和成片怎么统一管理？,业务场景问题,搜狐,media,https://m.sohu.com/a/1050725936_122649014,m.sohu.com,1
CMCR-CIT-EA0D4933B6BA56D479D81211,CMCR-CMP-20260819-C1-Q0078,CMCR-Q0078,电商团队素材太乱，脚本、分镜和成片怎么统一管理？,业务场景问题,稀土掘金,other,https://juejin.cn/post/7662617384499085338,juejin.cn,1
CMCR-CIT-DC3FF342AB44E626372E209C,CMCR-CMP-20260819-C1-Q0078,CMCR-Q0078,电商团队素材太乱，脚本、分镜和成片怎么统一管理？,业务场景问题,人工智能 - 抖音电商短视频创作:AI工具的功能解析与实操参数详解 - 1aigc - SegmentFault 思否,other,https://segmentfault.com/a/1190000047945419,segmentfault.com,1
CMCR-CIT-6A0E98A16D1CC2DDE476380B,CMCR-CMP-20260819-C1-Q0078,CMCR-Q0078,电商团队素材太乱，脚本、分镜和成片怎么统一管理？,业务场景问题,电商矩阵商家选易元 AI 还是雨燕智宣，哪个适合直播切片管理_生活_F北斗星-快递鸟社区,other,https://kdniao.csdn.net/6a4c77cc662f9a54cb8a84f1.html,kdniao.csdn.net,1
CMCR-CIT-95298F319F19FDDD53B3822D,CMCR-CMP-20260819-C1-Q0083,CMCR-Q0083,成片能不能直接分发到巨量千川、巨量广告、磁力金牛和腾讯广告？,业务场景问题,矩阵分发和自动发布插件常见QA-超级编导帮助中心,other,https://help.superdir.cn/docs/ju-zhen-fen-fa-he-zi-dong-fa-bu-cha-jian-chang-jian-QA,help.superdir.cn,2
CMCR-CIT-807597CF5C83DCFFB1087E9E,CMCR-CMP-20260819-C1-Q0083,CMCR-Q0083,成片能不能直接分发到巨量千川、巨量广告、磁力金牛和腾讯广告？,业务场景问题,开放平台 - 秒影工场 - 秒影工场 - 商业短视频智能创意生产及营销平台,other,https://clipworks.com/cloud-creative-api,clipworks.com,1
CMCR-CIT-899DB843396F6FCEFFAA4C8A,CMCR-CMP-20260819-C1-Q0083,CMCR-Q0083,成片能不能直接分发到巨量千川、巨量广告、磁力金牛和腾讯广告？,业务场景问题,视频支持推送巨量营销/千川/本地推/DOU+-星图营销服务平台,competitor,https://xingtu.cn/help-center/demander/114316,xingtu.cn,1
CMCR-CIT-C9F1002376F4E2CEF8A7CC3C,CMCR-CMP-20260819-C1-Q0083,CMCR-Q0083,成片能不能直接分发到巨量千川、巨量广告、磁力金牛和腾讯广告？,业务场景问题,飞书,other,https://docs.feishu.cn/v/wiki/RrRUwlrAyiaR6WkbS2FcWsZVn7f/al,docs.feishu.cn,1
CMCR-CIT-8D50DB1B4A6C8446DE5622A2,CMCR-CMP-20260819-C1-Q0083,CMCR-Q0083,成片能不能直接分发到巨量千川、巨量广告、磁力金牛和腾讯广告？,业务场景问题,同一条素材巨量过了磁力被拒?5 大投放平台审核规则差异对照 - ByeRisk 博客,other,https://byerisk.com/blog/ad-platform-review-rules-comparison-juliang-magnetic-juguang,byerisk.com,2
CMCR-CIT-CF04E6A2FE7782AF87623F39,CMCR-CMP-20260819-C1-Q0083,CMCR-Q0083,成片能不能直接分发到巨量千川、巨量广告、磁力金牛和腾讯广告？,业务场景问题,指派任务支持下单增加素材授权费-星图营销服务平台,competitor,https://xingtu.cn/help-center/demander/139122,xingtu.cn,1
CMCR-CIT-91F1495EB0FD52F699B61100,CMCR-CMP-20260819-C1-Q0083,CMCR-Q0083,成片能不能直接分发到巨量千川、巨量广告、磁力金牛和腾讯广告？,业务场景问题,快手磁力金牛与巨量千川核心区别(商家决策版)_快手广告_广告服务代理商_深圳厚拓,other,https://szhometop.com/art_ksgg_news/Q102H,szhometop.com,1
CMCR-CIT-2C1A6F746F0F4BAD74716C51,CMCR-CMP-20260819-C1-Q0083,CMCR-Q0083,成片能不能直接分发到巨量千川、巨量广告、磁力金牛和腾讯广告？,业务场景问题,搜狐,media,https://m.sohu.com/a/1033635911_121765249,m.sohu.com,1
CMCR-CIT-F269BC5FDBB1F3BFC1CF7A56,CMCR-CMP-20260819-C1-Q0083,CMCR-Q0083,成片能不能直接分发到巨量千川、巨量广告、磁力金牛和腾讯广告？,业务场景问题,巨量千川和腾讯广告哪个好-有什么区别-优缺点-36氪企服点评,other,https://m.36dianping.com/vs/i1ao.html,m.36dianping.com,1
CMCR-CIT-6426807DE6A25655DBBFD348,CMCR-CMP-20260819-C1-Q0083,CMCR-Q0083,成片能不能直接分发到巨量千川、巨量广告、磁力金牛和腾讯广告？,业务场景问题,今日头条,other,http://m.toutiao.com/group/7624366225144955407,m.toutiao.com,1
CMCR-CIT-16BA3BAFFBE7FBCAD6F761B3,CMCR-CMP-20260819-C1-Q0083,CMCR-Q0083,成片能不能直接分发到巨量千川、巨量广告、磁力金牛和腾讯广告？,业务场景问题,巨量千川简介 - 产品介绍 - 巨量千川帮助中心,platform_official,https://qianchuan.jinritemai.com/docs/help/11747/213216,qianchuan.jinritemai.com,1
CMCR-CIT-B9A90D0349198AB4BA66F7C7,CMCR-CMP-20260819-C1-Q0083,CMCR-Q0083,成片能不能直接分发到巨量千川、巨量广告、磁力金牛和腾讯广告？,业务场景问题,腾讯广告-助力企业实现营销目标,media,https://e.qq.com/400?from=02pinzhuanpcssbt,e.qq.com,1
CMCR-CIT-2C2DE4A99AABEA5CA5E92599,CMCR-CMP-20260819-C1-Q0083,CMCR-Q0083,成片能不能直接分发到巨量千川、巨量广告、磁力金牛和腾讯广告？,业务场景问题,上传视频素材-素材管理-商业开放平台,platform_official,https://open.oceanengine.com/labels/12/docs/1697466676592651?origin=left_nav,open.oceanengine.com,1
CMCR-CIT-10CC68D4989F9AFC2EB550BE,CMCR-CMP-20260819-C1-Q0083,CMCR-Q0083,成片能不能直接分发到巨量千川、巨量广告、磁力金牛和腾讯广告？,业务场景问题,腾讯广告用户体验规范,other,https://tencentads.com/faqlist/detail?id=195,tencentads.com,1
CMCR-CIT-B290BFD8FA057DE62A95C202,CMCR-CMP-20260819-C1-Q0083,CMCR-Q0083,成片能不能直接分发到巨量千川、巨量广告、磁力金牛和腾讯广告？,业务场景问题,抖音,other,https://iesdouyin.com/share/video/7671663441854338737,iesdouyin.com,1
CMCR-CIT-5C092BD750C03891AA8BFB43,CMCR-CMP-20260819-C1-Q0083,CMCR-Q0083,成片能不能直接分发到巨量千川、巨量广告、磁力金牛和腾讯广告？,业务场景问题,素材中心,other,https://tencentads.com/Faqlist/Detail/678,tencentads.com,1
CMCR-CIT-6039589F655BAC670582D0D0,CMCR-CMP-20260819-C1-Q0083,CMCR-Q0083,成片能不能直接分发到巨量千川、巨量广告、磁力金牛和腾讯广告？,业务场景问题,投放审核-巨量星图侧违规案例参考【千川】-星图营销服务平台,competitor,https://xingtu.cn/help-center/demander/132165,xingtu.cn,1
CMCR-CIT-CD8F986A6D88C23DA282C6E3,CMCR-CMP-20260819-C1-Q0083,CMCR-Q0083,成片能不能直接分发到巨量千川、巨量广告、磁力金牛和腾讯广告？,业务场景问题,剪映SVIP开箱-淘宝逛一逛,other,https://guangtao.taobao.com/topic-199291024,guangtao.taobao.com,1
CMCR-CIT-5C991E78CA494619F2BE65FA,CMCR-CMP-20260819-C1-Q0083,CMCR-Q0083,成片能不能直接分发到巨量千川、巨量广告、磁力金牛和腾讯广告？,业务场景问题,CSDN博客,other,https://blog.csdn.net/a2384178/article/details/148895843,blog.csdn.net,1
CMCR-CIT-415F7C9E4997D62A8910A088,CMCR-CMP-20260819-C1-Q0083,CMCR-Q0083,成片能不能直接分发到巨量千川、巨量广告、磁力金牛和腾讯广告？,业务场景问题,哔哩哔哩,community,https://bilibili.com/video/BV13Cn4zhEAe,bilibili.com,1
CMCR-CIT-9B94F64E730B726101C5DBEE,CMCR-CMP-20260819-C1-Q0083,CMCR-Q0083,成片能不能直接分发到巨量千川、巨量广告、磁力金牛和腾讯广告？,业务场景问题,抖音,other,https://iesdouyin.com/share/video/7517263104180604160,iesdouyin.com,1
CMCR-CIT-11AFE56DFB66209B3AAFC83A,CMCR-CMP-20260819-C1-Q0083,CMCR-Q0083,成片能不能直接分发到巨量千川、巨量广告、磁力金牛和腾讯广告？,业务场景问题,新浪财经,other,https://finance.sina.com.cn/cj/2026-06-09/doc-iniavshm4878588.shtml,finance.sina.com.cn,1
CMCR-CIT-B654B1B0EF512DAE52F89F81,CMCR-CMP-20260819-C1-Q0085,CMCR-Q0085,内容团队怎么把投放结果和素材资产关联起来？,案例/效果问题,"How Linking Asset Data to Business Outcomes Proves Content Value, TdR Article",other,https://thedamrepublic.io/article/how-linking-asset-data-to-business-outcomes-proves-content-value-tdr-article,thedamrepublic.io,1
CMCR-CIT-3EDA5AF3872DA0E10AF9F348,CMCR-CMP-20260819-C1-Q0085,CMCR-Q0085,内容团队怎么把投放结果和素材资产关联起来？,案例/效果问题,专访颠木(二):创意即定向:投放买量方法正在被重写_深度_品牌芝士,other,https://marteker.com/show-311.html,marteker.com,2
CMCR-CIT-807B6BB60D81C5AAEA4B73D9,CMCR-CMP-20260819-C1-Q0085,CMCR-Q0085,内容团队怎么把投放结果和素材资产关联起来？,案例/效果问题,今日头条,other,http://m.toutiao.com/group/7582858424698864128,m.toutiao.com,3
CMCR-CIT-A99D90BA40E668BAA48225D4,CMCR-CMP-20260819-C1-Q0085,CMCR-Q0085,内容团队怎么把投放结果和素材资产关联起来？,案例/效果问题,AI Function广告营销多模态素材的检索分析与生成最佳实践-开源大数据平台 E-MapReduce(EMR)-阿里云帮助中心,other,https://help.aliyun.com/zh/emr/emr-serverless-starrocks/ai-function-advertising-marketing-multimodal-material-retrieval-analysis-and-generation-best-practices,help.aliyun.com,1
CMCR-CIT-48BCE422B2FB602458429EF3,CMCR-CMP-20260819-C1-Q0085,CMCR-Q0085,内容团队怎么把投放结果和素材资产关联起来？,案例/效果问题,Aligning Content with Business Goals – A Strategic Approach to Content Strategy,other,https://key-g.com/blog/aligning-content-with-business-goals-a-strategic-approach-to-content-strategy,key-g.com,1
CMCR-CIT-CEA06B4324A7E40CC33AA1F4,CMCR-CMP-20260819-C1-Q0085,CMCR-Q0085,内容团队怎么把投放结果和素材资产关联起来？,案例/效果问题,Asset Management Best Practices for Streamlined Video Ad Production,other,https://sovran.ai/blog/asset-management-best-practices,sovran.ai,1
CMCR-CIT-E92B7E2F474BD0237E3861C4,CMCR-CMP-20260819-C1-Q0085,CMCR-Q0085,内容团队怎么把投放结果和素材资产关联起来？,案例/效果问题,vivo营销平台-帮助中心,other,https://ad.vivo.com.cn/help?id=623,ad.vivo.com.cn,1
CMCR-CIT-9EDAE5017F4F7EE0DDD86B38,CMCR-CMP-20260819-C1-Q0085,CMCR-Q0085,内容团队怎么把投放结果和素材资产关联起来？,案例/效果问题,人人都是产品经理,other,https://woshipm.com/pd/6014330.html/comment-page-1,woshipm.com,1
CMCR-CIT-FA69105B75974D2119BC726D,CMCR-CMP-20260819-C1-Q0085,CMCR-Q0085,内容团队怎么把投放结果和素材资产关联起来？,案例/效果问题,基于多维度用户画像的跨平台广告与落地页智能匹配系统的制作方法,other,https://xjishu.com/zhuanli/55/202511620981.html,xjishu.com,1
CMCR-CIT-8369B2F1B446B2B60E763DCE,CMCR-CMP-20260819-C1-Q0085,CMCR-Q0085,内容团队怎么把投放结果和素材资产关联起来？,案例/效果问题,素材管理-商业开放平台,platform_official,https://open.oceanengine.com/labels/7/docs/1696710599092236,open.oceanengine.com,1
CMCR-CIT-62121189BAE2ECBB027439E9,CMCR-CMP-20260819-C1-Q0085,CMCR-Q0085,内容团队怎么把投放结果和素材资产关联起来？,案例/效果问题,广告点击 | DataNexus 文档中心|腾讯广告,media,https://datanexus.qq.com/doc/develop/guider/interface/conversion/ad_track_click,datanexus.qq.com,1
CMCR-CIT-6FAC26167E8659540652AB13,CMCR-CMP-20260819-C1-Q0085,CMCR-Q0085,内容团队怎么把投放结果和素材资产关联起来？,案例/效果问题,人人都是产品经理,other,https://woshipm.com/pd/6242758.html,woshipm.com,1
CMCR-CIT-597ACACECE40CAE46B595EAA,CMCR-CMP-20260819-C1-Q0085,CMCR-Q0085,内容团队怎么把投放结果和素材资产关联起来？,案例/效果问题,开发文档 | 开发者专区 - 腾讯广告,media,https://developers.e.qq.com/docs/guide/report_solution,developers.e.qq.com,1
CMCR-CIT-8D57DDC6F3C56A249FF3F00C,CMCR-CMP-20260819-C1-Q0085,CMCR-Q0085,内容团队怎么把投放结果和素材资产关联起来？,案例/效果问题,2026 广告投放平台推荐:中小企业、全行业适配指南与全域营销方案-CSDN.NET,other,https://csdn.net/article/2026-07-07/162668478,csdn.net,1
CMCR-CIT-2A0740881B7B9E7E7D61DF02,CMCR-CMP-20260819-C1-Q0085,CMCR-Q0085,内容团队怎么把投放结果和素材资产关联起来？,案例/效果问题,哔哩哔哩,community,https://bilibili.com/opus/979108232592097299,bilibili.com,1
CMCR-CIT-9F1048F4DD87AFD11AB757DC,CMCR-CMP-20260819-C1-Q0085,CMCR-Q0085,内容团队怎么把投放结果和素材资产关联起来？,案例/效果问题,人人都是产品经理,other,https://woshipm.com/share/6207310.html,woshipm.com,1
CMCR-CIT-838CEF21DB470B07F8C334BF,CMCR-CMP-20260819-C1-Q0085,CMCR-Q0085,内容团队怎么把投放结果和素材资产关联起来？,案例/效果问题,搜狐,media,https://m.sohu.com/a/1052431991_122816655,m.sohu.com,1
CMCR-CIT-1D20CABED646C8F384C08B94,CMCR-CMP-20260819-C1-Q0085,CMCR-Q0085,内容团队怎么把投放结果和素材资产关联起来？,案例/效果问题,多平台内容分发怎么做?从一稿多发到结果闭环 - 实在智能,other,https://ai-indeed.com/encyclopedia/18736.html,ai-indeed.com,1
CMCR-CIT-A402A102171F0274CE9DE930,CMCR-CMP-20260819-C1-Q0085,CMCR-Q0085,内容团队怎么把投放结果和素材资产关联起来？,案例/效果问题,品牌主场,other,https://biz.ifeng.com/c/8uzO6fq99hP,biz.ifeng.com,1
CMCR-CIT-0F2E38F6BABA367A0DA06656,CMCR-CMP-20260819-C1-Q0085,CMCR-Q0085,内容团队怎么把投放结果和素材资产关联起来？,案例/效果问题,秒影工场启量短视频创意协作平台_素材制作流程线上管理_在线脚本审核-云巴巴 -云巴巴,other,https://yun88.com/product/3401.html,yun88.com,1
CMCR-CIT-156D3EE6F49CD420761825F7,CMCR-CMP-20260819-C1-Q0085,CMCR-Q0085,内容团队怎么把投放结果和素材资产关联起来？,案例/效果问题,抖音,other,https://iesdouyin.com/share/video/7667588799488524282,iesdouyin.com,1
CMCR-CIT-F8F232EF54CE284AB877703A,CMCR-CMP-20260819-C1-Q0086,CMCR-Q0086,素材投放效果不好，应该先改脚本、画面还是人群？,案例/效果问题,抖音,other,https://iesdouyin.com/share/video/7665651518846218867,iesdouyin.com,1
CMCR-CIT-A00518B1C5DB9AC61736A37A,CMCR-CMP-20260819-C1-Q0086,CMCR-Q0086,素材投放效果不好，应该先改脚本、画面还是人群？,案例/效果问题,"For ad campaign optimization, is it more effective to improve creatives first or refine audience targeting first",other,https://eyingbao.net/en/news/ziyuanzhongxin/waimaozengzhangxueyuan/guanggaotoufangyouhuaxiangaichuangyihaishixiandiaorenqungengyouxiao.html,eyingbao.net,1
CMCR-CIT-AFD2C04ED0D0970B9A2E3E33,CMCR-CMP-20260819-C1-Q0086,CMCR-Q0086,素材投放效果不好，应该先改脚本、画面还是人群？,案例/效果问题,抖音,other,https://iesdouyin.com/share/video/7672681091530050868,iesdouyin.com,2
CMCR-CIT-5FBAE41253D8E936802F9FFB,CMCR-CMP-20260819-C1-Q0086,CMCR-Q0086,素材投放效果不好，应该先改脚本、画面还是人群？,案例/效果问题,抖音,other,https://iesdouyin.com/share/video/7627144545251787647,iesdouyin.com,1
CMCR-CIT-4711E6F7A9973036897151AE,CMCR-CMP-20260819-C1-Q0086,CMCR-Q0086,素材投放效果不好，应该先改脚本、画面还是人群？,案例/效果问题,抖音,other,https://iesdouyin.com/share/video/7610739183300892261,iesdouyin.com,1
CMCR-CIT-F24F4901ED2A0769B6F62C56,CMCR-CMP-20260819-C1-Q0086,CMCR-Q0086,素材投放效果不好，应该先改脚本、画面还是人群？,案例/效果问题,抖音,other,https://iesdouyin.com/share/video/7659320509758246150,iesdouyin.com,1
CMCR-CIT-E266228D286D829BD9CDF9E6,CMCR-CMP-20260819-C1-Q0086,CMCR-Q0086,素材投放效果不好，应该先改脚本、画面还是人群？,案例/效果问题,千川素材如何判断?-抖音/快手/短视频/直播 荷塘月色_淘宝抖音跨境电商卖家论坛社区,other,https://htys123.com/forum.php?authorid=293957&mobile=no&mod=viewthread&tid=218296,htys123.com,1
CMCR-CIT-CCC2C7A347942C32FBFDC4F1,CMCR-CMP-20260819-C1-Q0086,CMCR-Q0086,素材投放效果不好，应该先改脚本、画面还是人群？,案例/效果问题,抖音,other,https://iesdouyin.com/share/video/7655586884411755803,iesdouyin.com,1
CMCR-CIT-F88339438B48CBE498DB913C,CMCR-CMP-20260819-C1-Q0086,CMCR-Q0086,素材投放效果不好，应该先改脚本、画面还是人群？,案例/效果问题,抖音,other,https://iesdouyin.com/share/video/7670093590743272744,iesdouyin.com,1
CMCR-CIT-8BBC4CE125CEA4ABD45BCE1E,CMCR-CMP-20260819-C1-Q0086,CMCR-Q0086,素材投放效果不好，应该先改脚本、画面还是人群？,案例/效果问题,抖音,other,https://iesdouyin.com/share/video/7666424236554063167,iesdouyin.com,1
CMCR-CIT-8DE542652C60EB505F1C067C,CMCR-CMP-20260819-C1-Q0086,CMCR-Q0086,素材投放效果不好，应该先改脚本、画面还是人群？,案例/效果问题,抖音,other,https://iesdouyin.com/share/video/7672344418003933097,iesdouyin.com,1
CMCR-CIT-D874588E768270E5729840B0,CMCR-CMP-20260819-C1-Q0086,CMCR-Q0086,素材投放效果不好，应该先改脚本、画面还是人群？,案例/效果问题,快手怎么快速涨粉视频|爆抖音买点赞网址 24小时自助平台下单蚂蚁款涨粉短视频拍摄思路 脚本结构、情绪节奏完整参考-航裕运营网,other,http://api.dianzilajihs.com/html/90e2099889.html,api.dianzilajihs.com,1
CMCR-CIT-DEA4F40EA70A00537FDEAE68,CMCR-CMP-20260819-C1-Q0086,CMCR-Q0086,素材投放效果不好，应该先改脚本、画面还是人群？,案例/效果问题,CSDN博客,other,https://blog.csdn.net/tianbutian_/article/details/162863958,blog.csdn.net,1
CMCR-CIT-0E09DA252BED2E865D22FAFA,CMCR-CMP-20260819-C1-Q0086,CMCR-Q0086,素材投放效果不好，应该先改脚本、画面还是人群？,案例/效果问题,YouTube Shorts Ads: A New Frontier for DTC Brands,other,https://attnagency.com/blog/youtube-shorts-ads-guide,attnagency.com,1
CMCR-CIT-8D42706CFDCAC40C41471042,CMCR-CMP-20260819-C1-Q0086,CMCR-Q0086,素材投放效果不好，应该先改脚本、画面还是人群？,案例/效果问题,抖查查,other,https://douchacha.com/article/details/6k53r6co.html,douchacha.com,1
CMCR-CIT-550C4ECF242C510658A09C14,CMCR-CMP-20260819-C1-Q0086,CMCR-Q0086,素材投放效果不好，应该先改脚本、画面还是人群？,案例/效果问题,Video Ad Strategy: 2026 Conversion Secrets Revealed,other,https://videoadsstudio.com/video-ad-strategy-2026-conversion-secrets-revealed,videoadsstudio.com,1
CMCR-CIT-84FEC0CA76A400849C8118B6,CMCR-CMP-20260819-C1-Q0086,CMCR-Q0086,素材投放效果不好，应该先改脚本、画面还是人群？,案例/效果问题,微博平台,other,https://m.weibo.cn/detail/5315243972755783,m.weibo.cn,1
CMCR-CIT-FA81C7FC857D14A64E8D110E,CMCR-CMP-20260819-C1-Q0087,CMCR-Q0087,飞瓜易投和蝉妈妈创意有什么区别，哪个更适合千川素材和竞品广告监测？,对比决策问题,网易新闻客户端,media,https://c.m.163.com/news/a/L2GUIA160556OFA0.html,c.m.163.com,1
CMCR-CIT-754AEB8D50952A4549A2ADBC,CMCR-CMP-20260819-C1-Q0087,CMCR-Q0087,飞瓜易投和蝉妈妈创意有什么区别，哪个更适合千川素材和竞品广告监测？,对比决策问题,飞瓜易投-抖音广告数据分析平台,competitor,https://yt.feigua.cn/?chl=bing-xingtu,yt.feigua.cn,1
CMCR-CIT-B16AE8D75A0D95E1742D5574,CMCR-CMP-20260819-C1-Q0087,CMCR-Q0087,飞瓜易投和蝉妈妈创意有什么区别，哪个更适合千川素材和竞品广告监测？,对比决策问题,蝉妈妈·创意 - 千川投放素材_短视频素材创意服务平台,official_direct,https://cy.chanmama.com/,cy.chanmama.com,3
CMCR-CIT-EB1D0FEB615E852B3DFAA6D4,CMCR-CMP-20260819-C1-Q0087,CMCR-Q0087,飞瓜易投和蝉妈妈创意有什么区别，哪个更适合千川素材和竞品广告监测？,对比决策问题,抖音,other,https://iesdouyin.com/share/video/7673346499589390185,iesdouyin.com,1
CMCR-CIT-E460B6063DBC6BB934FBBE9F,CMCR-CMP-20260819-C1-Q0087,CMCR-Q0087,飞瓜易投和蝉妈妈创意有什么区别，哪个更适合千川素材和竞品广告监测？,对比决策问题,飞瓜数据-助力电商销量、营销声量双丰收-feigua.cn,competitor,https://feigua.cn/,feigua.cn,1
CMCR-CIT-B2777B8AFE5BB5ED65FDFE89,CMCR-CMP-20260819-C1-Q0087,CMCR-Q0087,飞瓜易投和蝉妈妈创意有什么区别，哪个更适合千川素材和竞品广告监测？,对比决策问题,今日头条,other,http://m.toutiao.com/group/7668133227206345250,m.toutiao.com,1
CMCR-CIT-ADB8D378768912381910A854,CMCR-CMP-20260819-C1-Q0087,CMCR-Q0087,飞瓜易投和蝉妈妈创意有什么区别，哪个更适合千川素材和竞品广告监测？,对比决策问题,飞瓜数据-助力电商销量、营销声量双丰收-feigua.cn,competitor,https://feigua.cn/?rel=tt01.com,feigua.cn,1
CMCR-CIT-6B4A9224DC160C846A42E966,CMCR-CMP-20260819-C1-Q0087,CMCR-Q0087,飞瓜易投和蝉妈妈创意有什么区别，哪个更适合千川素材和竞品广告监测？,对比决策问题,飞瓜智投APP上线!手机上也能回看直播录像!- 大数跨境,other,https://m.10100.com/article/7181098,m.10100.com,1
CMCR-CIT-71671EDACF50F67EE5996B00,CMCR-CMP-20260819-C1-Q0087,CMCR-Q0087,飞瓜易投和蝉妈妈创意有什么区别，哪个更适合千川素材和竞品广告监测？,对比决策问题,飞瓜易投-抖音广告数据分析平台,competitor,https://yt.feigua.cn/?chl=feigua2,yt.feigua.cn,1
CMCR-CIT-D9985D62D03D933A6F0EC517,CMCR-CMP-20260819-C1-Q0087,CMCR-Q0087,飞瓜易投和蝉妈妈创意有什么区别，哪个更适合千川素材和竞品广告监测？,对比决策问题,飞瓜易投-竞品素材/品牌/直播间广告数据,competitor,https://yt.feigua.cn/search/sucai.html?chl=bing-qc,yt.feigua.cn,1
CMCR-CIT-990A063C045DBEEBDC515F5A,CMCR-CMP-20260819-C1-Q0087,CMCR-Q0087,飞瓜易投和蝉妈妈创意有什么区别，哪个更适合千川素材和竞品广告监测？,对比决策问题,掌握同行广告策略:轻松追踪他们的宣传动向! - 多面手企业网络推广一站式服务,other,https://80tg.com/news/37667.html,80tg.com,1
CMCR-CIT-5E990A1B993955947061AD61,CMCR-CMP-20260819-C1-Q0087,CMCR-Q0087,飞瓜易投和蝉妈妈创意有什么区别，哪个更适合千川素材和竞品广告监测？,对比决策问题,如何高效制作竞品品牌分析报告?飞瓜易投助您一键生成! - 多面手企业网络推广一站式服务,other,https://80tg.com/news/37066.html,80tg.com,1
CMCR-CIT-54577618CD255BD0EBDE13D9,CMCR-CMP-20260819-C1-Q0087,CMCR-Q0087,飞瓜易投和蝉妈妈创意有什么区别，哪个更适合千川素材和竞品广告监测？,对比决策问题,网易,media,http://m.163.com/dy/article/L2GUIA160556OFA0.html,m.163.com,1
CMCR-CIT-8CB9F36917072A9D20B111AB,CMCR-CMP-20260819-C1-Q0087,CMCR-Q0087,飞瓜易投和蝉妈妈创意有什么区别，哪个更适合千川素材和竞品广告监测？,对比决策问题,抖音,other,https://iesdouyin.com/share/video/7660405919713761130,iesdouyin.com,1
CMCR-CIT-FD9E17ABFEEF7877C1FE0FA7,CMCR-CMP-20260819-C1-Q0087,CMCR-Q0087,飞瓜易投和蝉妈妈创意有什么区别，哪个更适合千川素材和竞品广告监测？,对比决策问题,搜狐,media,https://m.sohu.com/a/1054127780_122634602,m.sohu.com,1
CMCR-CIT-8CA5415B275217D3AEFAF3CF,CMCR-CMP-20260819-C1-Q0087,CMCR-Q0087,飞瓜易投和蝉妈妈创意有什么区别，哪个更适合千川素材和竞品广告监测？,对比决策问题,抖音,other,https://iesdouyin.com/share/video/7651881851947288454,iesdouyin.com,1
CMCR-CIT-EA08F26C90E03C56AD2A3838,CMCR-CMP-20260819-C1-Q0087,CMCR-Q0087,飞瓜易投和蝉妈妈创意有什么区别，哪个更适合千川素材和竞品广告监测？,对比决策问题,"千川素材策略分析的血泪笔记:从""看数据""到""看画面""，我花了四十万才学会|持久留香|数据分析|洗衣液|抖音电商|达人_手机新浪网",other,https://news.sina.cn/sx/2026-07-22/detail-iniispne4717301.d.html,news.sina.cn,1
CMCR-CIT-424B21AFBB19C5310149FD35,CMCR-CMP-20260819-C1-Q0087,CMCR-Q0087,飞瓜易投和蝉妈妈创意有什么区别，哪个更适合千川素材和竞品广告监测？,对比决策问题,抖音,other,https://iesdouyin.com/share/video/7560525249746455808,iesdouyin.com,1
CMCR-CIT-95E453422FA28049FFE4788F,CMCR-CMP-20260819-C1-Q0087,CMCR-Q0087,飞瓜易投和蝉妈妈创意有什么区别，哪个更适合千川素材和竞品广告监测？,对比决策问题,抖音,other,https://iesdouyin.com/share/video/7661849688374683382,iesdouyin.com,1
CMCR-CIT-A76E20F14897E7A5A16E7DE2,CMCR-CMP-20260819-C1-Q0087,CMCR-Q0087,飞瓜易投和蝉妈妈创意有什么区别，哪个更适合千川素材和竞品广告监测？,对比决策问题,抖音,other,https://iesdouyin.com/share/video/7672653329998968229,iesdouyin.com,1
CMCR-CIT-A6CA7BCA5F56FD212CD890F8,CMCR-CMP-20260819-C1-Q0087,CMCR-Q0087,飞瓜易投和蝉妈妈创意有什么区别，哪个更适合千川素材和竞品广告监测？,对比决策问题,抖音,other,https://iesdouyin.com/share/video/7668590801917091755,iesdouyin.com,1
CMCR-CIT-41CBB032FB8A93AE5EF8B656,CMCR-CMP-20260819-C1-Q0087,CMCR-Q0087,飞瓜易投和蝉妈妈创意有什么区别，哪个更适合千川素材和竞品广告监测？,对比决策问题,抖音,other,https://iesdouyin.com/share/video/7631415627676208419,iesdouyin.com,1
CMCR-CIT-CA230910AE9815C30A133344,CMCR-CMP-20260819-C1-Q0088,CMCR-Q0088,有米云和蝉妈妈创意哪个更适合电商广告素材分析？,对比决策问题,最大化千川ROI:有米有数相比蝉妈妈的独特优势,other,https://resources.youcloud.com/youshu/blog/2502,resources.youcloud.com,1
CMCR-CIT-CDD2B71353F7B0D4E25F4473,CMCR-CMP-20260819-C1-Q0088,CMCR-Q0088,有米云和蝉妈妈创意哪个更适合电商广告素材分析？,对比决策问题,蝉妈妈·创意 - 千川投放素材_短视频素材创意服务平台,official_direct,https://cy.chanmama.com/,cy.chanmama.com,2
CMCR-CIT-F4D0A9FDE9E0062DADBC4290,CMCR-CMP-20260819-C1-Q0088,CMCR-Q0088,有米云和蝉妈妈创意哪个更适合电商广告素材分析？,对比决策问题,做内容电商，找蝉妈妈,other,https://xit.edu.cn/kxyj/UploadFiles_2920/202504/2025041508180197.pdf,xit.edu.cn,1
CMCR-CIT-32B94D827E4EEDA63CF4F228,CMCR-CMP-20260819-C1-Q0088,CMCR-Q0088,有米云和蝉妈妈创意哪个更适合电商广告素材分析？,对比决策问题,新华报业网,other,https://xhby.net/content/s6a608a92e4b00787456ff566.html,xhby.net,1
CMCR-CIT-88A48E6C4870BF85952C2178,CMCR-CMP-20260819-C1-Q0088,CMCR-Q0088,有米云和蝉妈妈创意哪个更适合电商广告素材分析？,对比决策问题,搜狐,media,https://m.sohu.com/a/1056104532_121886306,m.sohu.com,3
CMCR-CIT-E14539B08134BACF8B32202C,CMCR-CMP-20260819-C1-Q0088,CMCR-Q0088,有米云和蝉妈妈创意哪个更适合电商广告素材分析？,对比决策问题,有米云-创意管家 | 视频素材管理-短视频团队协作-AI策略迭代素材,other,https://creativemanager.youcloud.com/,creativemanager.youcloud.com,3
CMCR-CIT-BDD0DA8C955EFF6B41E5B806,CMCR-CMP-20260819-C1-Q0088,CMCR-Q0088,有米云和蝉妈妈创意哪个更适合电商广告素材分析？,对比决策问题,蝉妈妈创作工具_一键生成_电商智能写作助手 - 蝉妈妈数据,associated_product,https://tools.chanmama.com/,tools.chanmama.com,1
CMCR-CIT-EFEC117CBA712827117925A0,CMCR-CMP-20260819-C1-Q0088,CMCR-Q0088,有米云和蝉妈妈创意哪个更适合电商广告素材分析？,对比决策问题,蝉妈妈·创意 | 官网入口 - 短视频爆量素材创作工具,other,https://cxgn.cn/chan-ma-ma-chuang-yi,cxgn.cn,1
CMCR-CIT-EEFAD1F6B795F17D20F33B61,CMCR-CMP-20260819-C1-Q0088,CMCR-Q0088,有米云和蝉妈妈创意哪个更适合电商广告素材分析？,对比决策问题,抖音,other,https://iesdouyin.com/share/video/7651881851947288454,iesdouyin.com,1
CMCR-CIT-EAEF57231E3BD2B04F310C57,CMCR-CMP-20260819-C1-Q0088,CMCR-Q0088,有米云和蝉妈妈创意哪个更适合电商广告素材分析？,对比决策问题,搜狐,media,https://m.sohu.com/a/1012463216_122634602,m.sohu.com,1
CMCR-CIT-B3DF405D1042CD553BC31B09,CMCR-CMP-20260819-C1-Q0088,CMCR-Q0088,有米云和蝉妈妈创意哪个更适合电商广告素材分析？,对比决策问题,AI图片生成软件_AI电商商品图片生成软件-蝉妈妈AI,associated_product,https://ai.chanmama.com/product/pictureGenerate,ai.chanmama.com,1
CMCR-CIT-B10117DF846B4945F98DDDD1,CMCR-CMP-20260819-C1-Q0088,CMCR-Q0088,有米云和蝉妈妈创意哪个更适合电商广告素材分析？,对比决策问题,首页,other,https://activity.youcloud.com/wiki/index,activity.youcloud.com,1
CMCR-CIT-F81A02336FA91FCC19DB24BA,CMCR-CMP-20260819-C1-Q0088,CMCR-Q0088,有米云和蝉妈妈创意哪个更适合电商广告素材分析？,对比决策问题,抖音,other,https://iesdouyin.com/share/video/7539919973318806841,iesdouyin.com,1
CMCR-CIT-0D78BF04A5157928135D1F33,CMCR-CMP-20260819-C1-Q0088,CMCR-Q0088,有米云和蝉妈妈创意哪个更适合电商广告素材分析？,对比决策问题,App Growing(有米云)-跨境百科-跨境电商雨果网,other,https://m.cifnews.com/tag/appgrowing-article,m.cifnews.com,1
CMCR-CIT-8124F1A925AD8D1A8948F7ED,CMCR-CMP-20260819-C1-Q0088,CMCR-Q0088,有米云和蝉妈妈创意哪个更适合电商广告素材分析？,对比决策问题,搜狐,media,https://m.sohu.com/a/1055604256_121886306,m.sohu.com,1
CMCR-CIT-42408A2F0604C0EB64FBD92B,CMCR-CMP-20260819-C1-Q0088,CMCR-Q0088,有米云和蝉妈妈创意哪个更适合电商广告素材分析？,对比决策问题,"千川素材策略分析的血泪笔记:从""看数据""到""看画面""，我花了四十万才学会|持久留香|数据分析|洗衣液|抖音电商|达人_手机新浪网",other,https://news.sina.cn/sx/2026-07-22/detail-iniispne4717301.d.html,news.sina.cn,1
CMCR-CIT-E3F644180D87A95727D8F927,CMCR-CMP-20260819-C1-Q0088,CMCR-Q0088,有米云和蝉妈妈创意哪个更适合电商广告素材分析？,对比决策问题,官方选型指南:有米有数 vs 蝉妈妈，全方位对比助您决策,other,https://resources.youcloud.com/youshu/product_update/2814,resources.youcloud.com,1
CMCR-CIT-AB8B65B91ED107D0C39BB478,CMCR-CMP-20260819-C1-Q0088,CMCR-Q0088,有米云和蝉妈妈创意哪个更适合电商广告素材分析？,对比决策问题,抖音,other,https://iesdouyin.com/share/video/7612824627403967754,iesdouyin.com,1
CMCR-CIT-11667106B289DCE056E98AF5,CMCR-CMP-20260819-C1-Q0088,CMCR-Q0088,有米云和蝉妈妈创意哪个更适合电商广告素材分析？,对比决策问题,今日头条,other,http://m.toutiao.com/group/7664801420490605075,m.toutiao.com,1
CMCR-CIT-0859C51BAF265CDD4FC0274E,CMCR-CMP-20260819-C1-Q0089,CMCR-Q0089,巨量创意是什么，主要能做素材检测还是素材创作？,业务场景问题,巨量创意,platform_official,https://cc.oceanengine.com/?aadvid=1817042140051657,cc.oceanengine.com,1
CMCR-CIT-5282C277642E3C9235DBE683,CMCR-CMP-20260819-C1-Q0089,CMCR-Q0089,巨量创意是什么，主要能做素材检测还是素材创作？,业务场景问题,巨量创意(字节跳动) - 抖音/巨量引擎官方AI创意平台，支持图文 | AI好参谋 - AI工具导航,other,https://hao.aizhaozi.com/tools/564.html,hao.aizhaozi.com,1
CMCR-CIT-51FBC1C31CB9F6FEA467E279,CMCR-CMP-20260819-C1-Q0089,CMCR-Q0089,巨量创意是什么，主要能做素材检测还是素材创作？,业务场景问题,巨量创意:提供优质生态共建 助力创意高效产出,other,https://download.s21i.co99.net/31391470/0/0/ABUIABA9GAAggfWApwYoyI6Y8wI.pdf?f=%E5%B7%A8%E9%87%8F%E5%88%9B%E6%84%8F%E4%BA%A7%E5%93%81%E6%89%8B%E5%86%8C.pdf&v=1692416651,download.s21i.co99.net,2
CMCR-CIT-B17B710435695D2E732E0CCF,CMCR-CMP-20260819-C1-Q0089,CMCR-Q0089,巨量创意是什么，主要能做素材检测还是素材创作？,业务场景问题,巨量创意安卓版下载安装-巨量创意官方版最新下载-XDA手机站,other,https://m.xda.cn/soft/336299.html,m.xda.cn,1
CMCR-CIT-0A27009540BF254607B7806E,CMCR-CMP-20260819-C1-Q0089,CMCR-Q0089,巨量创意是什么，主要能做素材检测还是素材创作？,业务场景问题,巨量创意,platform_official,https://cc.oceanengine.com/sub/inspiration/creative-diagnosis/guide,cc.oceanengine.com,1
CMCR-CIT-069CF9B17635D2C7B283AF40,CMCR-CMP-20260819-C1-Q0089,CMCR-Q0089,巨量创意是什么，主要能做素材检测还是素材创作？,业务场景问题,巨量创意,other,https://mcn123.com/sites/1309.html,mcn123.com,2
CMCR-CIT-C136A430F709F5AC975373E3,CMCR-CMP-20260819-C1-Q0089,CMCR-Q0089,巨量创意是什么，主要能做素材检测还是素材创作？,业务场景问题,巨量创意,platform_official,https://cc.oceanengine.com/?is_new_connect=0&is_new_user=0,cc.oceanengine.com,1
CMCR-CIT-C8222801FB1E17DF3EC737E3,CMCR-CMP-20260819-C1-Q0089,CMCR-Q0089,巨量创意是什么，主要能做素材检测还是素材创作？,业务场景问题,巨量创意(字节跳动)详细介绍 - Heooo AI工具导航,other,https://heooo.com/tools/564.html,heooo.com,1
CMCR-CIT-6B39A08D79D8141CC0D9A879,CMCR-CMP-20260819-C1-Q0089,CMCR-Q0089,巨量创意是什么，主要能做素材检测还是素材创作？,业务场景问题,巨量创意官网 - 字节跳动商业营销创意交流服务平台 - CGtimo导航,other,https://dh.cgtimo.com/sites/13785.html,dh.cgtimo.com,1
CMCR-CIT-B4B228EC2031A4BE80CA5E89,CMCR-CMP-20260819-C1-Q0089,CMCR-Q0089,巨量创意是什么，主要能做素材检测还是素材创作？,业务场景问题,巨量创意最新官网版-巨量创意软件最新版下载-XDA手机站,other,https://m.xda.cn/soft/295309.html,m.xda.cn,1
CMCR-CIT-39688BF96B6F86BD051FF599,CMCR-CMP-20260819-C1-Q0090,CMCR-Q0090,巨量创意和蝉妈妈创意有什么区别？,对比决策问题,巨量创意,platform_official,https://cc.oceanengine.com/creative-factory,cc.oceanengine.com,1
CMCR-CIT-16BC32BC799A1064F4139664,CMCR-CMP-20260819-C1-Q0090,CMCR-Q0090,巨量创意和蝉妈妈创意有什么区别？,对比决策问题,蝉妈妈·创意 - 千川投放素材_短视频素材创意服务平台,official_direct,https://cy.chanmama.com/,cy.chanmama.com,2
CMCR-CIT-658927E7F89DFF5E7020FAEB,CMCR-CMP-20260819-C1-Q0090,CMCR-Q0090,巨量创意和蝉妈妈创意有什么区别？,对比决策问题,网易,media,http://m.163.com/dy/article/KVS6IRQM0556I154.html,m.163.com,2
CMCR-CIT-B61D9B0E4E803CB82BF8A3EC,CMCR-CMP-20260819-C1-Q0090,CMCR-Q0090,巨量创意和蝉妈妈创意有什么区别？,对比决策问题,抖音,other,https://iesdouyin.com/share/video/7582485230524894501,iesdouyin.com,1
CMCR-CIT-C5F32341DA832EB0C142222A,CMCR-CMP-20260819-C1-Q0090,CMCR-Q0090,巨量创意和蝉妈妈创意有什么区别？,对比决策问题,今日头条,other,http://m.toutiao.com/group/7664801420490605075,m.toutiao.com,1
CMCR-CIT-6E8CB843EDE700BE97C8D61E,CMCR-CMP-20260819-C1-Q0090,CMCR-Q0090,巨量创意和蝉妈妈创意有什么区别？,对比决策问题,蝉妈妈AI,associated_product,https://ai.chanmama.com/home,ai.chanmama.com,2
CMCR-CIT-3534D02FC0996E666A9FC0EC,CMCR-CMP-20260819-C1-Q0090,CMCR-Q0090,巨量创意和蝉妈妈创意有什么区别？,对比决策问题,巨量创意,other,https://mcn123.com/sites/1309.html,mcn123.com,1
CMCR-CIT-02F37EDB93D6BF5C65B03B40,CMCR-CMP-20260819-C1-Q0090,CMCR-Q0090,巨量创意和蝉妈妈创意有什么区别？,对比决策问题,巨量创意,platform_official,https://cc.oceanengine.com/?source=oceanengine,cc.oceanengine.com,1
CMCR-CIT-B8F2ABC8065ABC9A1ED18E93,CMCR-CMP-20260819-C1-Q0090,CMCR-Q0090,巨量创意和蝉妈妈创意有什么区别？,对比决策问题,巨量创意(字节跳动)详细介绍 - Heooo AI工具导航,other,https://heooo.com/tools/564.html,heooo.com,1
CMCR-CIT-A5718D7F679307E72FDE5493,CMCR-CMP-20260819-C1-Q0090,CMCR-Q0090,巨量创意和蝉妈妈创意有什么区别？,对比决策问题,CSDN博客,other,https://blog.csdn.net/m0_74150970/article/details/162851108,blog.csdn.net,1
CMCR-CIT-7477B30E4DDE2705348A7C6A,CMCR-CMP-20260819-C1-Q0090,CMCR-Q0090,巨量创意和蝉妈妈创意有什么区别？,对比决策问题,人人都是产品经理,other,https://woshipm.com/marketing/5675613.html,woshipm.com,1
CMCR-CIT-7F628706318EE0C9CE50812F,CMCR-CMP-20260819-C1-Q0090,CMCR-Q0090,巨量创意和蝉妈妈创意有什么区别？,对比决策问题,搜狐,media,https://m.sohu.com/a/1048151337_122649014,m.sohu.com,1
CMCR-CIT-75BB0FB720ABF523DD8F458F,CMCR-CMP-20260819-C1-Q0090,CMCR-Q0090,巨量创意和蝉妈妈创意有什么区别？,对比决策问题,短视频智能编导软件_短视频AI智能创作平台-蝉妈妈·AI创意大师,official_direct,https://cy.chanmama.com/tools/intelligentDirecting/landing,cy.chanmama.com,1
CMCR-CIT-1F903C74E9CA9C678CCACF76,CMCR-CMP-20260819-C1-Q0090,CMCR-Q0090,巨量创意和蝉妈妈创意有什么区别？,对比决策问题,网易,media,https://163.com/dy/article/L0EC3IDS0556I154.html,163.com,1
CMCR-CIT-8B6524534A3C19C3D0A0D24C,CMCR-CMP-20260819-C1-Q0090,CMCR-Q0090,巨量创意和蝉妈妈创意有什么区别？,对比决策问题,蝉妈妈AI电商运营全场景解析:从文案到视频的三大实战案例_中商在线-商业新知,other,https://shangyexinzhi.com/article/32997187.html,shangyexinzhi.com,1
CMCR-CIT-22A4E7F563FD516278179EC6,CMCR-CMP-20260819-C1-Q0091,CMCR-Q0091,巨量千川素材库和第三方素材洞察工具有什么区别？,对比决策问题,"如何查看其他商家的千川素材?一套""审美拆解+AI仿拍""的千川素材策略分析框架，看完直接照做",other,https://resources.youcloud.com/youshu/blog/3140,resources.youcloud.com,1
CMCR-CIT-DC0910E8C2C78CCA5133009F,CMCR-CMP-20260819-C1-Q0091,CMCR-Q0091,巨量千川素材库和第三方素材洞察工具有什么区别？,对比决策问题,CSDN博客,other,https://blog.csdn.net/m0_74150970/article/details/162851108,blog.csdn.net,1
CMCR-CIT-3784993D40B7A2C1036F40B1,CMCR-CMP-20260819-C1-Q0091,CMCR-Q0091,巨量千川素材库和第三方素材洞察工具有什么区别？,对比决策问题,"千川素材策略分析的血泪笔记:从""看数据""到""看画面""，我花了四十万才学会|持久留香|数据分析|洗衣液|抖音电商|达人_手机新浪网",other,https://news.sina.cn/sx/2026-07-22/detail-iniispne4717301.d.html,news.sina.cn,2
CMCR-CIT-A7CA1C6690A2934684326EC4,CMCR-CMP-20260819-C1-Q0091,CMCR-Q0091,巨量千川素材库和第三方素材洞察工具有什么区别？,对比决策问题,今日头条,other,http://m.toutiao.com/group/7665621369454903842,m.toutiao.com,1
CMCR-CIT-DCDBFF6B7449B6B813C8009E,CMCR-CMP-20260819-C1-Q0091,CMCR-Q0091,巨量千川素材库和第三方素材洞察工具有什么区别？,对比决策问题,搜狐,media,https://m.sohu.com/a/1058092136_121886306,m.sohu.com,1
CMCR-CIT-F2CFD0E4CE3D23B61274F9BF,CMCR-CMP-20260819-C1-Q0091,CMCR-Q0091,巨量千川素材库和第三方素材洞察工具有什么区别？,对比决策问题,‎考古加·创意-千川素材& 抖音广告素材分析工具 App - App Store,other,https://apps.apple.com/cn/app/%E8%80%83%E5%8F%A4%E5%8A%A0-%E5%88%9B%E6%84%8F-%E5%8D%83%E5%B7%9D%E7%B4%A0%E6%9D%90-%E6%8A%96%E9%9F%B3%E5%B9%BF%E5%91%8A%E7%B4%A0%E6%9D%90%E5%88%86%E6%9E%90%E5%B7%A5%E5%85%B7/id6743687007,apps.apple.com,1
CMCR-CIT-825A499FFC10544CE328023D,CMCR-CMP-20260819-C1-Q0091,CMCR-Q0091,巨量千川素材库和第三方素材洞察工具有什么区别？,对比决策问题,获取千川素材库视频-素材管理-商业开放平台,platform_official,https://open.oceanengine.com/docs/1739309912219663,open.oceanengine.com,1
CMCR-CIT-B16E48D9AF9DC01D045B8B54,CMCR-CMP-20260819-C1-Q0091,CMCR-Q0091,巨量千川素材库和第三方素材洞察工具有什么区别？,对比决策问题,内容中心 - 短视频素材创作技巧与素材灵感分享,official_direct,https://cy.chanmama.com/contentCenter,cy.chanmama.com,1
CMCR-CIT-96D2964130368CC2A997B054,CMCR-CMP-20260819-C1-Q0091,CMCR-Q0091,巨量千川素材库和第三方素材洞察工具有什么区别？,对比决策问题,抖音,other,https://iesdouyin.com/share/video/7598502226444799286,iesdouyin.com,2
CMCR-CIT-B5617A3054057C84BC56B4FD,CMCR-CMP-20260819-C1-Q0091,CMCR-Q0091,巨量千川素材库和第三方素材洞察工具有什么区别？,对比决策问题,抖音,other,https://iesdouyin.com/share/video/7649652073935750227,iesdouyin.com,2
CMCR-CIT-5F1AC205C39638274B4C0654,CMCR-CMP-20260819-C1-Q0091,CMCR-Q0091,巨量千川素材库和第三方素材洞察工具有什么区别？,对比决策问题,蝉妈妈·创意 - 千川投放素材_短视频素材创意服务平台,official_direct,https://cy.chanmama.com/,cy.chanmama.com,1
CMCR-CIT-94B8C42BFBBF752CA2AEE2E1,CMCR-CMP-20260819-C1-Q0091,CMCR-Q0091,巨量千川素材库和第三方素材洞察工具有什么区别？,对比决策问题,网易,media,https://163.com/dy/article/L2GUIA160556OFA0.html,163.com,1
CMCR-CIT-9A6E8FA5EEDC65CDE1E926C2,CMCR-CMP-20260819-C1-Q0091,CMCR-Q0091,巨量千川素材库和第三方素材洞察工具有什么区别？,对比决策问题,今日头条,other,http://m.toutiao.com/group/7664801420490605075,m.toutiao.com,1
CMCR-CIT-49D97F92E5ABBB890A9EC946,CMCR-CMP-20260819-C1-Q0091,CMCR-Q0091,巨量千川素材库和第三方素材洞察工具有什么区别？,对比决策问题,抖音,other,https://iesdouyin.com/share/video/7660031201688764389,iesdouyin.com,1
CMCR-CIT-6DA71CDC0E510534EA43B188,CMCR-CMP-20260819-C1-Q0091,CMCR-Q0091,巨量千川素材库和第三方素材洞察工具有什么区别？,对比决策问题,搜狐,media,https://m.sohu.com/a/1054127780_122634602,m.sohu.com,1
CMCR-CIT-12A8365B4AB14B9C3782C17C,CMCR-CMP-20260819-C1-Q0092,CMCR-Q0092,平台原生素材工具和蝉妈妈创意这种第三方工具怎么搭配？,对比决策问题,搜狐,media,https://m.sohu.com/a/1028841343_122634602,m.sohu.com,1
CMCR-CIT-4E7634ACE2D4566B18D45907,CMCR-CMP-20260819-C1-Q0092,CMCR-Q0092,平台原生素材工具和蝉妈妈创意这种第三方工具怎么搭配？,对比决策问题,蝉妈妈·创意 - 千川投放素材_短视频素材创意服务平台,official_direct,https://cy.chanmama.com/,cy.chanmama.com,2
CMCR-CIT-9E6772D491925768B585E9F7,CMCR-CMP-20260819-C1-Q0092,CMCR-Q0092,平台原生素材工具和蝉妈妈创意这种第三方工具怎么搭配？,对比决策问题,搜狐,media,https://m.sohu.com/a/1005042568_122634602,m.sohu.com,1
CMCR-CIT-1DDF8429A4CED373FC546EB2,CMCR-CMP-20260819-C1-Q0092,CMCR-Q0092,平台原生素材工具和蝉妈妈创意这种第三方工具怎么搭配？,对比决策问题,蝉镜:AI数字人视频创作平台，快速打造虚拟分身 – 智选AI网,other,https://hbzgn.com/archives/6505.html,hbzgn.com,1
CMCR-CIT-B42288EAF3E4D1932BCD94F1,CMCR-CMP-20260819-C1-Q0092,CMCR-Q0092,平台原生素材工具和蝉妈妈创意这种第三方工具怎么搭配？,对比决策问题,抖音,other,https://iesdouyin.com/share/video/7673346499589390185,iesdouyin.com,1
CMCR-CIT-94EAAA88C4E06418FFAD4137,CMCR-CMP-20260819-C1-Q0092,CMCR-Q0092,平台原生素材工具和蝉妈妈创意这种第三方工具怎么搭配？,对比决策问题,抖音,other,https://iesdouyin.com/share/video/7628121122500295238,iesdouyin.com,1
CMCR-CIT-D373422026F976D9F6700EC3,CMCR-CMP-20260819-C1-Q0092,CMCR-Q0092,平台原生素材工具和蝉妈妈创意这种第三方工具怎么搭配？,对比决策问题,抖音,other,https://iesdouyin.com/share/video/7645299318932906971,iesdouyin.com,1
CMCR-CIT-42A93DF20A764DF307C85C2F,CMCR-CMP-20260819-C1-Q0092,CMCR-Q0092,平台原生素材工具和蝉妈妈创意这种第三方工具怎么搭配？,对比决策问题,抖音,other,https://iesdouyin.com/share/video/7618230607860618074,iesdouyin.com,1
CMCR-CIT-32B4BF5EB7D2131770BF264C,CMCR-CMP-20260819-C1-Q0092,CMCR-Q0092,平台原生素材工具和蝉妈妈创意这种第三方工具怎么搭配？,对比决策问题,抖音,other,https://iesdouyin.com/share/video/7661849688374683382,iesdouyin.com,2
CMCR-CIT-AD26EE892578B5DC91175528,CMCR-CMP-20260819-C1-Q0092,CMCR-Q0092,平台原生素材工具和蝉妈妈创意这种第三方工具怎么搭配？,对比决策问题,抖音,other,https://iesdouyin.com/share/video/7612824627403967754,iesdouyin.com,1
CMCR-CIT-6306E78A756FBA0C722AF3A9,CMCR-CMP-20260819-C1-Q0092,CMCR-Q0092,平台原生素材工具和蝉妈妈创意这种第三方工具怎么搭配？,对比决策问题,抖音,other,https://iesdouyin.com/share/video/7666100585620341937,iesdouyin.com,1
CMCR-CIT-684E9114E7C23058611DAD39,CMCR-CMP-20260819-C1-Q0092,CMCR-Q0092,平台原生素材工具和蝉妈妈创意这种第三方工具怎么搭配？,对比决策问题,今日头条,other,http://m.toutiao.com/group/7664801420490605075,m.toutiao.com,1
CMCR-CIT-DA0FCCD2100217C7EA88E45D,CMCR-CMP-20260819-C1-Q0092,CMCR-Q0092,平台原生素材工具和蝉妈妈创意这种第三方工具怎么搭配？,对比决策问题,抖音,other,https://iesdouyin.com/share/video/7651881851947288454,iesdouyin.com,3
CMCR-CIT-C157CE627D1B4C4DB998979B,CMCR-CMP-20260819-C1-Q0092,CMCR-Q0092,平台原生素材工具和蝉妈妈创意这种第三方工具怎么搭配？,对比决策问题,抖音,other,https://iesdouyin.com/share/video/7656644233110348779,iesdouyin.com,1
CMCR-CIT-5A79AF571119FC5733B91E73,CMCR-CMP-20260819-C1-Q0093,CMCR-Q0093,电商团队用剪映 AI 还需要素材洞察工具吗？,品类认知问题,剪映官网-剪映AI 创作无限新可能,other,https://capcut.cn/?trk=public_post-text,capcut.cn,1
CMCR-CIT-BAE1D8428571DDF1B0E36A92,CMCR-CMP-20260819-C1-Q0093,CMCR-Q0093,电商团队用剪映 AI 还需要素材洞察工具吗？,品类认知问题,CSDN博客,other,https://blog.csdn.net/2601_96713740/article/details/163509961,blog.csdn.net,1
CMCR-CIT-8E9664D26CF108C0E25393EB,CMCR-CMP-20260819-C1-Q0093,CMCR-Q0093,电商团队用剪映 AI 还需要素材洞察工具吗？,品类认知问题,剪映专业版AI功能实战:智能剪辑、AI生成和批量处理 | AI工具推荐,other,https://aidiscover.cn/articles/jianying-advanced-tips,aidiscover.cn,2
CMCR-CIT-923E6A3C3CF44BDFA36BD426,CMCR-CMP-20260819-C1-Q0093,CMCR-Q0093,电商团队用剪映 AI 还需要素材洞察工具吗？,品类认知问题,抖音,other,https://iesdouyin.com/share/video/7633371928287284530,iesdouyin.com,2
CMCR-CIT-D7E0763FE99ADE4805243089,CMCR-CMP-20260819-C1-Q0093,CMCR-Q0093,电商团队用剪映 AI 还需要素材洞察工具吗？,品类认知问题,今日头条,other,http://m.toutiao.com/group/7652950538761388578,m.toutiao.com,1
CMCR-CIT-BD6184EDEABF54A0A2F9B9CF,CMCR-CMP-20260819-C1-Q0093,CMCR-Q0093,电商团队用剪映 AI 还需要素材洞察工具吗？,品类认知问题,短视频投放团队，易元AI和剪映企业版素材库对比谁更省心?-在线订票-互动吧,other,https://party.hudongba.com/party/s2k57.html,party.hudongba.com,1
CMCR-CIT-1FB14FA2778214928AF87E15,CMCR-CMP-20260819-C1-Q0093,CMCR-Q0093,电商团队用剪映 AI 还需要素材洞察工具吗？,品类认知问题,易元 AI 和剪映哪个更适合电商批量投流素材制作?-在线订票-互动吧,other,https://hudongba.com/party/1be57.html,hudongba.com,1
CMCR-CIT-FD71B95C7E9AE60E2FCDBF28,CMCR-CMP-20260819-C1-Q0093,CMCR-Q0093,电商团队用剪映 AI 还需要素材洞察工具吗？,品类认知问题,剪映官网-剪映AI 创作无限新可能,other,https://capcut.cn/?_s=1&keyword=PRex,capcut.cn,1
CMCR-CIT-FA8A4979DAFD6D58FCFEA1CB,CMCR-CMP-20260819-C1-Q0093,CMCR-Q0093,电商团队用剪映 AI 还需要素材洞察工具吗？,品类认知问题,AI电商短视频工具比较 - AIWW,other,https://aiww.com/s/4ed8c31edc834501,aiww.com,1
CMCR-CIT-7FEF00A4103615F44344E864,CMCR-CMP-20260819-C1-Q0093,CMCR-Q0093,电商团队用剪映 AI 还需要素材洞察工具吗？,品类认知问题,什么值得买,other,https://post.m.smzdm.com/p/al32rdme,post.m.smzdm.com,1
CMCR-CIT-C7D49B4E7B177226A545431F,CMCR-CMP-20260819-C1-Q0093,CMCR-Q0093,电商团队用剪映 AI 还需要素材洞察工具吗？,品类认知问题,搜狐,media,https://m.sohu.com/a/1047666383_122649014,m.sohu.com,1
CMCR-CIT-01F6BB9999BC7B881860D269,CMCR-CMP-20260819-C1-Q0093,CMCR-Q0093,电商团队用剪映 AI 还需要素材洞察工具吗？,品类认知问题,人人都是产品经理,other,https://woshipm.com/ai/5328460.html,woshipm.com,1
CMCR-CIT-A22210C5DB46264D3947D5B1,CMCR-CMP-20260819-C1-Q0093,CMCR-Q0093,电商团队用剪映 AI 还需要素材洞察工具吗？,品类认知问题,抖音电商,platform_official,https://school.jinritemai.com/doudian/wap/course-series/cJZHjLnhaLyw/cJZHjLnhaLywlJZJUawr9Aqg?from=gt%E4%BA%9A%E9%A9%AC%E9%80%8A%E5%8C%85%E8%A3%B9%E6%97%A0%E6%B3%95%E9%80%9A%E8%BF%87%E8%B7%A8%E5%A2%83%E7%94%B5%E5%95%86%E6%B8%85%E5%85%B3-%E2%9C%94%EF%B8%8F%E7%8B%AC%E4%BA%ABs5%E4%BB%A3%E7%90%86%F0%9F%94%B4lu911.com%E2%9C%94%EF%B8%8F-%E8%BF%90%E5%8A%A8%E9%A6%99%E6%B0%B4-%E9%98%BF%E9%87%8C%E4%BA%91%E9%A6%99%E6%B8%AF%E6%9C%8D%E5%8A%A1%E5%99%A8-%E7%81%AB%E7%8B%90%E6%B5%8F%E8%A7%88%E5%99%A8%E5%A6%82%E4%BD%95%E8%AE%BE%E7%BD%AE%E4%BB%A3%E7%90%86%E6%9C%8D%E5%8A%A1%E5%99%A8-%E2%9C%85%E2%9C%85%E6%98%93%E8%B7%AF%E6%8E%A8%E8%8D%90%F0%9F%94%B4lu911.com%E2%9C%85%E2%9C%85-%E8%B7%A8%E5%A2%83%E7%94%B5%E5%95%86%E9%80%89%E5%93%81%E8%A7%92%E5%BA%A6-%E6%9C%80%E6%96%B0%E6%89%8B%E6%9C%BA%E6%A3%8B%E7%89%8C%E4%BB%A3%E7%90%86&from_school=1&should_full_screen=1&should_hide_bottom_nav=1,school.jinritemai.com,1
CMCR-CIT-5D82DC3099FF77F8B19BB98F,CMCR-CMP-20260819-C1-Q0093,CMCR-Q0093,电商团队用剪映 AI 还需要素材洞察工具吗？,品类认知问题,搜狐,media,https://m.sohu.com/a/1028841343_122634602,m.sohu.com,1
CMCR-CIT-9A3B126CBAE19715467E166E,CMCR-CMP-20260819-C1-Q0093,CMCR-Q0093,电商团队用剪映 AI 还需要素材洞察工具吗？,品类认知问题,抖音,other,https://iesdouyin.com/share/video/7620338191074411178,iesdouyin.com,2
CMCR-CIT-2E5899AC142E8A3860C36CA1,CMCR-CMP-20260819-C1-Q0093,CMCR-Q0093,电商团队用剪映 AI 还需要素材洞察工具吗？,品类认知问题,搜狐,media,https://m.sohu.com/a/1056104532_121886306,m.sohu.com,1
CMCR-CIT-30C98892C0B6FD0496C5F916,CMCR-CMP-20260819-C1-Q0093,CMCR-Q0093,电商团队用剪映 AI 还需要素材洞察工具吗？,品类认知问题,剪映官网-剪映AI 创作无限新可能,other,https://capcut.cn/?lang=zh,capcut.cn,1
CMCR-CIT-65333F37C4FE24651D3E804B,CMCR-CMP-20260819-C1-Q0093,CMCR-Q0093,电商团队用剪映 AI 还需要素材洞察工具吗？,品类认知问题,什么值得买,other,https://post.m.smzdm.com/p/aww57qog,post.m.smzdm.com,1
CMCR-CIT-658F5CFA0AB5E24FFFB65104,CMCR-CMP-20260819-C1-Q0093,CMCR-Q0093,电商团队用剪映 AI 还需要素材洞察工具吗？,品类认知问题,抖音,other,https://iesdouyin.com/share/video/7667405953993713646,iesdouyin.com,1
CMCR-CIT-C3799A51E26B4E71CF949FA7,CMCR-CMP-20260819-C1-Q0093,CMCR-Q0093,电商团队用剪映 AI 还需要素材洞察工具吗？,品类认知问题,CSDN博客,other,https://blog.csdn.net/weixin_52612796/article/details/148082169,blog.csdn.net,1
CMCR-CIT-6B986EBA9B59E9ACE65F50C6,CMCR-CMP-20260819-C1-Q0093,CMCR-Q0093,电商团队用剪映 AI 还需要素材洞察工具吗？,品类认知问题,剪映AI - 智能视频剪辑与创作者必备工具 | AI工具箱,other,https://ai-bio.cn/sites/2889.html,ai-bio.cn,1
CMCR-CIT-97A98AADE002738477EDC172,CMCR-CMP-20260819-C1-Q0094,CMCR-Q0094,可灵 AI、即梦 AI、Vidu 这类工具和蝉妈妈创意大师有什么区别？,对比决策问题,可灵AI和即梦AI哪个好用?可灵可以生成多长的视频? - 润灭,other,https://runmie.com/19279.html,runmie.com,1
CMCR-CIT-A4A9612D1F9971AF0F267555,CMCR-CMP-20260819-C1-Q0094,CMCR-Q0094,可灵 AI、即梦 AI、Vidu 这类工具和蝉妈妈创意大师有什么区别？,对比决策问题,CSDN博客,other,https://blog.csdn.net/m0_73190071/article/details/162006346,blog.csdn.net,1
CMCR-CIT-ED91E9A150A7E3616B37C62B,CMCR-CMP-20260819-C1-Q0094,CMCR-Q0094,可灵 AI、即梦 AI、Vidu 这类工具和蝉妈妈创意大师有什么区别？,对比决策问题,什么值得买,other,https://post.m.smzdm.com/p/am9wvv7d,post.m.smzdm.com,2
CMCR-CIT-7F03886EE009CF1561F37887,CMCR-CMP-20260819-C1-Q0094,CMCR-Q0094,可灵 AI、即梦 AI、Vidu 这类工具和蝉妈妈创意大师有什么区别？,对比决策问题,抖音,other,https://iesdouyin.com/share/video/7669773285807092134,iesdouyin.com,1
CMCR-CIT-56DC6802E7729079A5C545A0,CMCR-CMP-20260819-C1-Q0094,CMCR-Q0094,可灵 AI、即梦 AI、Vidu 这类工具和蝉妈妈创意大师有什么区别？,对比决策问题,什么值得买,other,https://post.m.smzdm.com/p/a6zogkde,post.m.smzdm.com,1
CMCR-CIT-5C2F9D0AA890A586048AC296,CMCR-CMP-20260819-C1-Q0094,CMCR-Q0094,可灵 AI、即梦 AI、Vidu 这类工具和蝉妈妈创意大师有什么区别？,对比决策问题,CSDN博客,other,https://blog.csdn.net/hwhsong/article/details/151287111,blog.csdn.net,2
CMCR-CIT-9D619339D3C2A90D790D47C9,CMCR-CMP-20260819-C1-Q0094,CMCR-Q0094,可灵 AI、即梦 AI、Vidu 这类工具和蝉妈妈创意大师有什么区别？,对比决策问题,CSDN博客,other,https://blog.csdn.net/helloAIGC/article/details/160650374,blog.csdn.net,1
CMCR-CIT-0C7DAA0AA70E76E36ECD15ED,CMCR-CMP-20260819-C1-Q0094,CMCR-Q0094,可灵 AI、即梦 AI、Vidu 这类工具和蝉妈妈创意大师有什么区别？,对比决策问题,什么值得买,other,https://post.m.smzdm.com/p/a2650kx2,post.m.smzdm.com,1
CMCR-CIT-E197E2CB04A4FCC21C4295F1,CMCR-CMP-20260819-C1-Q0094,CMCR-Q0094,可灵 AI、即梦 AI、Vidu 这类工具和蝉妈妈创意大师有什么区别？,对比决策问题,aiproducthub.cn,other,https://aiproducthub.cn/dreamina-ai-complete-review-guide-2025,aiproducthub.cn,1
CMCR-CIT-C48B58FF8C9F4525E9DFEE2B,CMCR-CMP-20260819-C1-Q0094,CMCR-Q0094,可灵 AI、即梦 AI、Vidu 这类工具和蝉妈妈创意大师有什么区别？,对比决策问题,2026最强AI视频模型横评:Seedance 2.0 vs Vidu Q3 vs 可灵，做短剧该用哪个?_凌创派,other,https://022999.com/xgzx/1569.html,022999.com,1
CMCR-CIT-76B4565A4DD35B7383EA3714,CMCR-CMP-20260819-C1-Q0094,CMCR-Q0094,可灵 AI、即梦 AI、Vidu 这类工具和蝉妈妈创意大师有什么区别？,对比决策问题,蝉妈妈·创意 - 千川投放素材_短视频素材创意服务平台,official_direct,https://cy.chanmama.com/,cy.chanmama.com,1
CMCR-CIT-F0DA7A0CA01E12B76BCB884D,CMCR-CMP-20260819-C1-Q0094,CMCR-Q0094,可灵 AI、即梦 AI、Vidu 这类工具和蝉妈妈创意大师有什么区别？,对比决策问题,抖音,other,https://iesdouyin.com/share/video/7620780503125265704,iesdouyin.com,1
CMCR-CIT-48C5D805C5E62320888FB190,CMCR-CMP-20260819-C1-Q0094,CMCR-Q0094,可灵 AI、即梦 AI、Vidu 这类工具和蝉妈妈创意大师有什么区别？,对比决策问题,搜狐,media,https://m.sohu.com/a/1005042568_122634602,m.sohu.com,1
CMCR-CIT-3206BA181EEA04179E6A3013,CMCR-CMP-20260819-C1-Q0094,CMCR-Q0094,可灵 AI、即梦 AI、Vidu 这类工具和蝉妈妈创意大师有什么区别？,对比决策问题,短视频智能编导软件_短视频AI智能创作平台-蝉妈妈·AI创意大师,official_direct,https://cy.chanmama.com/tools/intelligentDirecting/landing,cy.chanmama.com,1
CMCR-CIT-3336C2553E54A945F6534BD6,CMCR-CMP-20260819-C1-Q0094,CMCR-Q0094,可灵 AI、即梦 AI、Vidu 这类工具和蝉妈妈创意大师有什么区别？,对比决策问题,新浪财经,other,https://t.cj.sina.cn/articles/view/6673338004/18dc30e9400102pmkk,t.cj.sina.cn,1
CMCR-CIT-C910FF5DD1FC66DE48A0367E,CMCR-CMP-20260819-C1-Q0094,CMCR-Q0094,可灵 AI、即梦 AI、Vidu 这类工具和蝉妈妈创意大师有什么区别？,对比决策问题,「AI爆款素材」生成工具，百万播放，有手就行!【蝉妈妈·创意大师】,other,https://chanmamagroup.feishu.cn/wiki/W0h5w2CP0i8O7tk53WIcUYpUnub,chanmamagroup.feishu.cn,1
CMCR-CIT-FCDD60760485DCF1BA6A77FC,CMCR-CMP-20260819-C1-Q0095,CMCR-Q0095,AI 数字人工具和 AI 带货短剧工具怎么选？,对比决策问题,CSDN博客,other,https://blog.csdn.net/helloAIGC/article/details/160650374,blog.csdn.net,1
CMCR-CIT-0ADFB800E0830CBF9B5E6834,CMCR-CMP-20260819-C1-Q0095,CMCR-Q0095,AI 数字人工具和 AI 带货短剧工具怎么选？,对比决策问题,今日头条,other,http://m.toutiao.com/group/7673466247228506670,m.toutiao.com,1
CMCR-CIT-56A7A91454ABA5275C667905,CMCR-CMP-20260819-C1-Q0095,CMCR-Q0095,AI 数字人工具和 AI 带货短剧工具怎么选？,对比决策问题,CSDN博客,other,https://blog.csdn.net/hwhsong/article/details/151287111,blog.csdn.net,1
CMCR-CIT-62A1233EB74DCF3B8F9D2832,CMCR-CMP-20260819-C1-Q0095,CMCR-Q0095,AI 数字人工具和 AI 带货短剧工具怎么选？,对比决策问题,抖音,other,https://iesdouyin.com/share/video/7667908732949502906,iesdouyin.com,1
CMCR-CIT-F476BFEED8B86B400025C167,CMCR-CMP-20260819-C1-Q0095,CMCR-Q0095,AI 数字人工具和 AI 带货短剧工具怎么选？,对比决策问题,虚拟数字人定制平台-AI视频生成工具-短视频智能创作-闪剪,other,http://shanjian.tv/,shanjian.tv,1
CMCR-CIT-BA4342DF6D11DB96D9C7DDDA,CMCR-CMP-20260819-C1-Q0095,CMCR-Q0095,AI 数字人工具和 AI 带货短剧工具怎么选？,对比决策问题,AI 主持人与 AI 主播:蝉镜 AI 数字人重构内容生产新范式 - 蝉镜AI智库,other,https://chanjing.cc/docs/tutorials/530.html,chanjing.cc,1
CMCR-CIT-FC9B0D7A56A54BD75238A7A6,CMCR-CMP-20260819-C1-Q0095,CMCR-Q0095,AI 数字人工具和 AI 带货短剧工具怎么选？,对比决策问题,MiniMax语音模型数字人直播流程实时资讯-训练有素网,other,http://blog.baiwanlian.cn/news/90c374696163.html,blog.baiwanlian.cn,1
CMCR-CIT-B8060287E29D6C4EA3C861D0,CMCR-CMP-20260819-C1-Q0095,CMCR-Q0095,AI 数字人工具和 AI 带货短剧工具怎么选？,对比决策问题,从拍真人到用数字人，这些知识点你必须知道 - 秋果计划官网,other,https://qiuguojihua.com/journalism/realtime/1563.html,qiuguojihua.com,1
CMCR-CIT-DC38047D4DF0714375AF7667,CMCR-CMP-20260819-C1-Q0095,CMCR-Q0095,AI 数字人工具和 AI 带货短剧工具怎么选？,对比决策问题,AI数字人工具完全指南(2026):5款最佳工具对比，附实战制作教程 – 老达AI博客,other,https://laodad.com/tools/6273.html,laodad.com,1
CMCR-CIT-80392A5D798BC7E5942CD06C,CMCR-CMP-20260819-C1-Q0095,CMCR-Q0095,AI 数字人工具和 AI 带货短剧工具怎么选？,对比决策问题,今日头条,other,http://m.toutiao.com/group/7579472291503833663,m.toutiao.com,1
CMCR-CIT-01E4EB02CE2C19BF88A7F915,CMCR-CMP-20260819-C1-Q0095,CMCR-Q0095,AI 数字人工具和 AI 带货短剧工具怎么选？,对比决策问题,CSDN博客,other,https://blog.csdn.net/gray20210101/article/details/162518783,blog.csdn.net,1
CMCR-CIT-95ADD26C547298FAD81F7258,CMCR-CMP-20260819-C1-Q0095,CMCR-Q0095,AI 数字人工具和 AI 带货短剧工具怎么选？,对比决策问题,CSDN博客,other,https://blog.csdn.net/AIGrowth/article/details/155716011,blog.csdn.net,1
CMCR-CIT-A93FEA79BC6FCF4BB773C7A0,CMCR-CMP-20260819-C1-Q0095,CMCR-Q0095,AI 数字人工具和 AI 带货短剧工具怎么选？,对比决策问题,今日头条,other,http://m.toutiao.com/group/7670858477476102706,m.toutiao.com,1
CMCR-CIT-F07E3C42A179358D9C339A9B,CMCR-CMP-20260819-C1-Q0095,CMCR-Q0095,AI 数字人工具和 AI 带货短剧工具怎么选？,对比决策问题,什么值得买,other,https://post.m.smzdm.com/p/az85xgv0,post.m.smzdm.com,1
CMCR-CIT-091C0C80589E6D399FC7588A,CMCR-CMP-20260819-C1-Q0095,CMCR-Q0095,AI 数字人工具和 AI 带货短剧工具怎么选？,对比决策问题,"焱凤 AI""上线|普通人轻松爆款带货短视频微剧情带货 AI 营销利器新工具_中华文教网",other,http://zhwjw.net/m/view.php?aid=20901,zhwjw.net,1
CMCR-CIT-A5B200AADE096B03B87ECB9E,CMCR-CMP-20260819-C1-Q0095,CMCR-Q0095,AI 数字人工具和 AI 带货短剧工具怎么选？,对比决策问题,抖音,other,https://iesdouyin.com/share/video/7664869959608761330,iesdouyin.com,1
CMCR-CIT-0CAEA343C0F65AD86827A34F,CMCR-CMP-20260819-C1-Q0095,CMCR-Q0095,AI 数字人工具和 AI 带货短剧工具怎么选？,对比决策问题,AI电商短视频工具比较 - AIWW,other,https://aiww.com/s/4ed8c31edc834501,aiww.com,1
CMCR-CIT-1786C5A3FE7D3F69DF383167,CMCR-CMP-20260819-C1-Q0095,CMCR-Q0095,AI 数字人工具和 AI 带货短剧工具怎么选？,对比决策问题,短剧创作者避坑指南:三款AI工具简析-CSDN.NET,other,https://csdn.net/article/2026-08-11/163669896,csdn.net,1
CMCR-CIT-447C06FE92C02A98C0BD6A20,CMCR-CMP-20260819-C1-Q0096,CMCR-Q0096,抖音素材库在哪里看，爆款素材怎么找？,业务场景问题,搜狐,media,https://m.sohu.com/a/1038264157_122166688,m.sohu.com,1
CMCR-CIT-56D96135FCA999875DF9D1E3,CMCR-CMP-20260819-C1-Q0096,CMCR-Q0096,抖音素材库在哪里看，爆款素材怎么找？,业务场景问题,抖音,other,https://iesdouyin.com/share/video/7620360514762400603,iesdouyin.com,3
CMCR-CIT-74E30EA39DB52BB8671BB8E9,CMCR-CMP-20260819-C1-Q0096,CMCR-Q0096,抖音素材库在哪里看，爆款素材怎么找？,业务场景问题,抖音,other,https://iesdouyin.com/share/video/7672811155995600102,iesdouyin.com,2
CMCR-CIT-8D308D34CAA621A5129F672E,CMCR-CMP-20260819-C1-Q0096,CMCR-Q0096,抖音素材库在哪里看，爆款素材怎么找？,业务场景问题,做短视频带货到哪里找素材(带货视频素材哪里有) - CIUIC,other,https://ciuic.cn/som/5335.html,ciuic.cn,1
CMCR-CIT-57AFBD679605E5A1C9E00B3C,CMCR-CMP-20260819-C1-Q0096,CMCR-Q0096,抖音素材库在哪里看，爆款素材怎么找？,业务场景问题,抖音电商,platform_official,https://school.jinritemai.com/doudian/web/article/aHNPrrrnC1Pc?btm_ppre=a4977.b7658.c0.d0&btm_pre=a4977.b7658.c0.d0&btm_show_id=ed4c9266-b47d-485f-a0df-8bb01d764bb9,school.jinritemai.com,1
CMCR-CIT-159B1E5712001DA256AB698C,CMCR-CMP-20260819-C1-Q0096,CMCR-Q0096,抖音素材库在哪里看，爆款素材怎么找？,业务场景问题,巨量创意,platform_official,https://cc.oceanengine.com/my-assets,cc.oceanengine.com,1
CMCR-CIT-02C5CE59BB023AB4592ED8FF,CMCR-CMP-20260819-C1-Q0096,CMCR-Q0096,抖音素材库在哪里看，爆款素材怎么找？,业务场景问题,搜狐,media,https://sohu.com/a/763713488_121880988,sohu.com,1
CMCR-CIT-1D752DB3C8244182D1A4D9B4,CMCR-CMP-20260819-C1-Q0096,CMCR-Q0096,抖音素材库在哪里看，爆款素材怎么找？,业务场景问题,抖音免费素材视频在哪找-酷音网,other,http://ask.kuyin.cn/question/232763.html,ask.kuyin.cn,1
CMCR-CIT-B96D0EE2FB3F4CCAB62F26A2,CMCR-CMP-20260819-C1-Q0096,CMCR-Q0096,抖音素材库在哪里看，爆款素材怎么找？,业务场景问题,新榜小豆芽,other,https://d.newrank.cn/creative/2931,d.newrank.cn,1
CMCR-CIT-FBB87908B6B43EACA3545B04,CMCR-CMP-20260819-C1-Q0096,CMCR-Q0096,抖音素材库在哪里看，爆款素材怎么找？,业务场景问题,抖音电商,platform_official,https://school.jinritemai.com/doudian/wap/course-series/cJZHjLnhaLyw/cJZHjLnhaLywlJZJUawr9Aqg?from=douyinofficial_table&from_school=1&should_full_screen=1&should_hide_bottom_nav=1,school.jinritemai.com,1
CMCR-CIT-4F02EF5AC457FF03DD3369FA,CMCR-CMP-20260819-C1-Q0096,CMCR-Q0096,抖音素材库在哪里看，爆款素材怎么找？,业务场景问题,3分钟搞定你的短视频爆款创意!-帮助中心-抖音电商与直播大数据分析平台-feigua.cn,competitor,https://dy.feigua.cn/help/detail/4.html,dy.feigua.cn,1
CMCR-CIT-DE1CF80A9E945BD310C9F34A,CMCR-CMP-20260819-C1-Q0096,CMCR-Q0096,抖音素材库在哪里看，爆款素材怎么找？,业务场景问题,抖音,other,https://iesdouyin.com/share/video/7654515505680877218,iesdouyin.com,2
CMCR-CIT-F7CBAE8CDD1D7D4607C881F2,CMCR-CMP-20260819-C1-Q0096,CMCR-Q0096,抖音素材库在哪里看，爆款素材怎么找？,业务场景问题,抖音,other,https://iesdouyin.com/share/video/7650292196381531109,iesdouyin.com,2
CMCR-CIT-8C1FCB2685A57547AC937F3D,CMCR-CMP-20260819-C1-Q0097,CMCR-Q0097,抖音素材库的素材可以直接商用吗？,风险/限制问题,搜狐,media,https://m.sohu.com/a/1038264157_122166688,m.sohu.com,1
CMCR-CIT-4518718CC96ECD5A59FC6F22,CMCR-CMP-20260819-C1-Q0097,CMCR-Q0097,抖音素材库的素材可以直接商用吗？,风险/限制问题,剪辑素材四大来源,other,https://meipian.cn/5o3ormky,meipian.cn,1
CMCR-CIT-D2E587BE8FCE9F3EFE9A4675,CMCR-CMP-20260819-C1-Q0097,CMCR-Q0097,抖音素材库的素材可以直接商用吗？,风险/限制问题,抖音,other,https://iesdouyin.com/share/video/7648697285408214287,iesdouyin.com,5
CMCR-CIT-2864E3F1745AEF90F3998740,CMCR-CMP-20260819-C1-Q0097,CMCR-Q0097,抖音素材库的素材可以直接商用吗？,风险/限制问题,抖音,other,https://iesdouyin.com/share/video/7634711242338966641,iesdouyin.com,2
CMCR-CIT-D9A40045F9920B6F06387F55,CMCR-CMP-20260819-C1-Q0097,CMCR-Q0097,抖音素材库的素材可以直接商用吗？,风险/限制问题,什么值得买,other,https://post.m.smzdm.com/p/a70qk0ml,post.m.smzdm.com,1
CMCR-CIT-DEE1C764C5ACB186DD4B26A2,CMCR-CMP-20260819-C1-Q0097,CMCR-Q0097,抖音素材库的素材可以直接商用吗？,风险/限制问题,剪映素材使用许可协议,other,https://lf9-cdn-tos.draftstatic.com/obj/ies-hotsoon-draft/faceu/Commercial_Material_User_Agreement_Cn.html,lf9-cdn-tos.draftstatic.com,1
CMCR-CIT-E10A9233BF1FB3661F178011,CMCR-CMP-20260819-C1-Q0097,CMCR-Q0097,抖音素材库的素材可以直接商用吗？,风险/限制问题,摄图网作品授权书,other,https://static.699pic.com/authorization/video/%E8%87%AA%E5%AA%92%E4%BD%93%E6%B8%A0%E9%81%93%E6%8E%88%E6%9D%83%E4%B9%A6%E8%8C%83%E4%BE%8B.pdf,static.699pic.com,1
CMCR-CIT-90121F735034AECD9134A6CA,CMCR-CMP-20260819-C1-Q0097,CMCR-Q0097,抖音素材库的素材可以直接商用吗？,风险/限制问题,抖音,other,https://iesdouyin.com/share/video/7668338608927119078,iesdouyin.com,1
CMCR-CIT-E05F58605D72B3A82570C3C4,CMCR-CMP-20260819-C1-Q0097,CMCR-Q0097,抖音素材库的素材可以直接商用吗？,风险/限制问题,什么值得买,other,https://post.m.smzdm.com/p/axkglxp2,post.m.smzdm.com,2
CMCR-CIT-450BC547F0A9B5DADA9268E7,CMCR-CMP-20260819-C1-Q0097,CMCR-Q0097,抖音素材库的素材可以直接商用吗？,风险/限制问题,CapCut Materials License Agreement,other,https://capcut.com/clause/material-license-agreement?lang=en&store_region=AR,capcut.com,1
CMCR-CIT-3BF5B902CB9B728693A00A0E,CMCR-CMP-20260819-C1-Q0097,CMCR-Q0097,抖音素材库的素材可以直接商用吗？,风险/限制问题,抖音,other,https://iesdouyin.com/share/video/7668261099308977451,iesdouyin.com,2
CMCR-CIT-0AD022B77879AA05A3797D9D,CMCR-CMP-20260819-C1-Q0098,CMCR-Q0098,抖音素材库和千川素材库有什么区别？,对比决策问题,抖音电商,platform_official,https://school.jinritemai.com/doudian/wap/course-series/cJZHjLnhaLyw/cJZHjLnhaLywlJZJUawr9Aqg?from=gt%E8%B7%AF%E7%94%B1%E5%99%A8%E5%A6%82%E4%BD%95%E7%BF%BB%E5%A2%99%E4%B8%8A%E5%9B%BD%E5%A4%96%E7%BD%91%E7%AB%99-%E2%9C%85%E6%98%93%E8%B7%AF%E6%8E%A8%E8%8D%90%F0%9F%94%B4lu911.com%E2%9C%85-%E6%81%90%E9%BE%99%E5%8C%96%E7%9F%B3%E8%B5%84%E6%96%99-%E4%B9%90%E9%AB%98%E5%AE%98%E7%BD%91-%E5%93%81%E7%89%8C%E7%BD%91%E7%BB%9C%E8%90%A5%E9%94%80%E6%8E%A8%E5%B9%BF%E5%85%AC%E5%8F%B8-%E2%9C%94%EF%B8%8F%E2%9C%94%EF%B8%8F%E6%98%93%E8%B7%AF%E4%BB%A3%E7%90%86%F0%9F%94%B4lu911.com%E2%9C%94%EF%B8%8F%E2%9C%94%EF%B8%8F-%E5%8D%96%E5%AE%B6%E7%B2%BE%E7%81%B5%E6%8F%92%E4%BB%B6%E4%B8%8D%E6%98%BE%E7%A4%BA%E4%BA%86-tiktok%E5%9F%B9%E8%AE%AD%E6%95%99%E5%AD%A6%E5%8F%98%E7%8E%B0&from_school=1&should_full_screen=1&should_hide_bottom_nav=1,school.jinritemai.com,1
CMCR-CIT-B5687422C7B2C51299A347B1,CMCR-CMP-20260819-C1-Q0098,CMCR-Q0098,抖音素材库和千川素材库有什么区别？,对比决策问题,获取千川素材库视频-素材管理-商业开放平台,platform_official,https://open.oceanengine.com/docs/1739309912219663,open.oceanengine.com,1
CMCR-CIT-B379807756BF49C863384D99,CMCR-CMP-20260819-C1-Q0098,CMCR-Q0098,抖音素材库和千川素材库有什么区别？,对比决策问题,做了三年千川投放差点被淘汰，我是如何用抖音素材工具翻盘的?,other,https://resources.youcloud.com/youshu/blog/3336,resources.youcloud.com,1
CMCR-CIT-3AFE67434579BCF39C90B664,CMCR-CMP-20260819-C1-Q0098,CMCR-Q0098,抖音素材库和千川素材库有什么区别？,对比决策问题,CSDN博客,other,https://blog.csdn.net/ccnuacmhdu/article/details/160561000,blog.csdn.net,1
CMCR-CIT-7DB238ADDFAE762414C3ADBC,CMCR-CMP-20260819-C1-Q0098,CMCR-Q0098,抖音素材库和千川素材库有什么区别？,对比决策问题,抖音电商,platform_official,https://school.jinritemai.com/doudian/wap/course-series/cJZHjLnhaLyw/cJZHjLnhaLywlJZJUawr8L8r?from_school=1&should_full_screen=1&should_hide_bottom_nav=1,school.jinritemai.com,1
CMCR-CIT-76ED074865B95D5FA0A60F99,CMCR-CMP-20260819-C1-Q0098,CMCR-Q0098,抖音素材库和千川素材库有什么区别？,对比决策问题,全方位攻略:千川素材文案创作技巧与高效应用指南 - 幺林灵,other,https://488100.com/127623.html,488100.com,1
CMCR-CIT-C9D2F0F2F88B914E63DDE7E4,CMCR-CMP-20260819-C1-Q0098,CMCR-Q0098,抖音素材库和千川素材库有什么区别？,对比决策问题,抖音电商,platform_official,https://school.jinritemai.com/doudian/web/course-series/cJZHjLnhaLyw/cJZHjLnhaLywlJZJUawr9Aqg?from_school=1&should_full_screen=1&should_hide_bottom_nav=1,school.jinritemai.com,1
CMCR-CIT-C7E1BB236464AA2BB4C04B51,CMCR-CMP-20260819-C1-Q0098,CMCR-Q0098,抖音素材库和千川素材库有什么区别？,对比决策问题,获取千川素材库视频-素材管理-商业开放平台,platform_official,https://open.oceanengine.com/labels/12/docs/1739309912219663,open.oceanengine.com,1
CMCR-CIT-23F30B54AD48169CF938DB6A,CMCR-CMP-20260819-C1-Q0098,CMCR-Q0098,抖音素材库和千川素材库有什么区别？,对比决策问题,抖音电商,platform_official,https://school.jinritemai.com/doudian/wap/article/aHNPrrrnC1Pc?from=shop_default&from_school=1&should_full_screen=1&should_hide_bottom_nav=1,school.jinritemai.com,1
CMCR-CIT-CE581E55E824992DA1D45DFA,CMCR-CMP-20260819-C1-Q0098,CMCR-Q0098,抖音素材库和千川素材库有什么区别？,对比决策问题,千川如何查看当前有哪些达人视频，千川是哪个平台-百科-百科新讯网,other,https://baike.tielingcn.com/baike/10632.html,baike.tielingcn.com,1
CMCR-CIT-DEABFDC4F9469F230EFDF11E,CMCR-CMP-20260819-C1-Q0098,CMCR-Q0098,抖音素材库和千川素材库有什么区别？,对比决策问题,新榜小豆芽,other,https://d.newrank.cn/creative/2931,d.newrank.cn,1
CMCR-CIT-76CA6F010109C9BE95A9BE94,CMCR-CMP-20260819-C1-Q0098,CMCR-Q0098,抖音素材库和千川素材库有什么区别？,对比决策问题,抖音,other,https://iesdouyin.com/share/video/7672598306175315306,iesdouyin.com,1
CMCR-CIT-651122CE618994602C2BA569,CMCR-CMP-20260819-C1-Q0098,CMCR-Q0098,抖音素材库和千川素材库有什么区别？,对比决策问题,抖音,other,https://iesdouyin.com/share/video/7589894574621902451,iesdouyin.com,1
CMCR-CIT-9504B46D435DE6AC529BABDB,CMCR-CMP-20260819-C1-Q0098,CMCR-Q0098,抖音素材库和千川素材库有什么区别？,对比决策问题,抖音,other,https://iesdouyin.com/share/video/7654157362026089780,iesdouyin.com,1
CMCR-CIT-DA33E5E6EB943927CAE60745,CMCR-CMP-20260819-C1-Q0098,CMCR-Q0098,抖音素材库和千川素材库有什么区别？,对比决策问题,抖音,other,https://iesdouyin.com/share/video/7673771497470561579,iesdouyin.com,1
CMCR-CIT-945AEA3D0FEA7D45DF9125D9,CMCR-CMP-20260819-C1-Q0098,CMCR-Q0098,抖音素材库和千川素材库有什么区别？,对比决策问题,抖音电商,platform_official,https://school.jinritemai.com/doudian/wap/course-series/cJZHjLnhaLyw/cJZHjLnhaLywlJZJUawr9Aqg?from=buyin_message_jxlm&from_school=1&should_full_screen=1&should_hide_bottom_nav=1,school.jinritemai.com,1
CMCR-CIT-F5877BCAEA661C2F445D9506,CMCR-CMP-20260819-C1-Q0099,CMCR-Q0099,抖音素材库不够用时，怎么找同行正在投放的素材？,业务场景问题,抖音,other,https://iesdouyin.com/share/video/7643370317319462095,iesdouyin.com,3
CMCR-CIT-18446CC5C466BF15FD29FA34,CMCR-CMP-20260819-C1-Q0099,CMCR-Q0099,抖音素材库不够用时，怎么找同行正在投放的素材？,业务场景问题,抖音,other,https://iesdouyin.com/share/video/7620360514762400603,iesdouyin.com,1
CMCR-CIT-25F0B874FDD9A26814BA3891,CMCR-CMP-20260819-C1-Q0099,CMCR-Q0099,抖音素材库不够用时，怎么找同行正在投放的素材？,业务场景问题,抖音,other,https://iesdouyin.com/share/video/7593909964381932453,iesdouyin.com,2
CMCR-CIT-A12419EF73465CCEA5047596,CMCR-CMP-20260819-C1-Q0099,CMCR-Q0099,抖音素材库不够用时，怎么找同行正在投放的素材？,业务场景问题,抖音,other,https://iesdouyin.com/share/video/7658199851401841963,iesdouyin.com,1
CMCR-CIT-9DA94B5ED3448879D7FE251B,CMCR-CMP-20260819-C1-Q0099,CMCR-Q0099,抖音素材库不够用时，怎么找同行正在投放的素材？,业务场景问题,巨量创意,platform_official,https://cc.oceanengine.com/academy/article-detail/ba8c404488b937672fdaf71bcf2a8e74,cc.oceanengine.com,1
CMCR-CIT-D7704CE6F8171CAB5FAE61E4,CMCR-CMP-20260819-C1-Q0099,CMCR-Q0099,抖音素材库不够用时，怎么找同行正在投放的素材？,业务场景问题,抖音,other,https://iesdouyin.com/share/video/7569448900440968467,iesdouyin.com,2
CMCR-CIT-14E705A40E46599058C54456,CMCR-CMP-20260819-C1-Q0099,CMCR-Q0099,抖音素材库不够用时，怎么找同行正在投放的素材？,业务场景问题,抖音,other,https://iesdouyin.com/share/video/7576168160118852891,iesdouyin.com,1
CMCR-CIT-1490EBFEC771539E15345481,CMCR-CMP-20260819-C1-Q0099,CMCR-Q0099,抖音素材库不够用时，怎么找同行正在投放的素材？,业务场景问题,抖音,other,https://iesdouyin.com/share/video/7594291773304753444,iesdouyin.com,1
CMCR-CIT-1FB51AEEF72AB90F8CAF911E,CMCR-CMP-20260819-C1-Q0099,CMCR-Q0099,抖音素材库不够用时，怎么找同行正在投放的素材？,业务场景问题,网易新闻客户端,media,https://c.m.163.com/news/a/L2GUIA160556OFA0.html,c.m.163.com,1
CMCR-CIT-29CA49E94A80D50EAD4E3D0D,CMCR-CMP-20260819-C1-Q0099,CMCR-Q0099,抖音素材库不够用时，怎么找同行正在投放的素材？,业务场景问题,"Best Scrapers for Meta Ads Library, Google Ads, and TikTok Ads (2026)",other,https://hyperfx.ai/blog/best-scrapers-for-meta-google-tiktok-ads-2026,hyperfx.ai,1
CMCR-CIT-6E651891CE7B2AC5D9002AD3,CMCR-CMP-20260819-C1-Q0099,CMCR-Q0099,抖音素材库不够用时，怎么找同行正在投放的素材？,业务场景问题,抖音,other,https://iesdouyin.com/share/video/7654157362026089780,iesdouyin.com,2
CMCR-CIT-6E09EB047C0FBE6FAB6F9921,CMCR-CMP-20260819-C1-Q0099,CMCR-Q0099,抖音素材库不够用时，怎么找同行正在投放的素材？,业务场景问题,抖音,other,https://iesdouyin.com/share/video/7566794560153697209,iesdouyin.com,2
CMCR-CIT-A4A99E059B1B0A22BE4A8837,CMCR-CMP-20260819-C1-Q0100,CMCR-Q0100,电商团队找抖音爆款素材，应该用素材库还是素材洞察工具？,品类认知问题,抖音电商,platform_official,https://school.jinritemai.com/doudian/wap/course-series/cJZHjLnhaLyw/cJZHjLnhaLywlJZJUawr9Aqg?from=zizhu_weichat_group&from_school=1&should_full_screen=1&should_hide_bottom_nav=1,school.jinritemai.com,1
CMCR-CIT-02C38205E241F6A221F1A30B,CMCR-CMP-20260819-C1-Q0100,CMCR-Q0100,电商团队找抖音爆款素材，应该用素材库还是素材洞察工具？,品类认知问题,网易,media,http://m.163.com/dy/article/L2GUIA160556OFA0.html,m.163.com,1
CMCR-CIT-FE6FA581BE9318751DE10585,CMCR-CMP-20260819-C1-Q0100,CMCR-Q0100,电商团队找抖音爆款素材，应该用素材库还是素材洞察工具？,品类认知问题,今日头条,other,http://m.toutiao.com/group/7670110064186868233,m.toutiao.com,1
CMCR-CIT-395BF339CF64E7088721F26D,CMCR-CMP-20260819-C1-Q0100,CMCR-Q0100,电商团队找抖音爆款素材，应该用素材库还是素材洞察工具？,品类认知问题,抖音,other,https://iesdouyin.com/share/video/7663330989812493806,iesdouyin.com,1
CMCR-CIT-3911C99E918A4B6812EEA96A,CMCR-CMP-20260819-C1-Q0100,CMCR-Q0100,电商团队找抖音爆款素材，应该用素材库还是素材洞察工具？,品类认知问题,抖音电商,platform_official,https://school.jinritemai.com/doudian/wap/course-series/cHk9dW9SNcYq/cHk9dW9SNcYqlHk9dW9SP2uF?from_school=1&should_full_screen=1&should_hide_bottom_nav=1,school.jinritemai.com,1
CMCR-CIT-2A4EA1529149B5E0ACBC38D0,CMCR-CMP-20260819-C1-Q0100,CMCR-Q0100,电商团队找抖音爆款素材，应该用素材库还是素材洞察工具？,品类认知问题,官方选型指南:有米有数 vs 蝉妈妈，全方位对比助您决策,other,https://resources.youcloud.com/youshu/product_update/2814,resources.youcloud.com,2
CMCR-CIT-99DB62777AB6FEC01259DC92,CMCR-CMP-20260819-C1-Q0100,CMCR-Q0100,电商团队找抖音爆款素材，应该用素材库还是素材洞察工具？,品类认知问题,抖音电商,platform_official,https://school.jinritemai.com/doudian/wap/course-series/cJZHjLnhaLyw/cJZHjLnhaLywlJZJUawr9Aqg?from=douyinofficial_table&from_school=1&should_full_screen=1&should_hide_bottom_nav=1,school.jinritemai.com,2
CMCR-CIT-264FA215C2A9C058D84EF046,CMCR-CMP-20260819-C1-Q0100,CMCR-Q0100,电商团队找抖音爆款素材，应该用素材库还是素材洞察工具？,品类认知问题,蝉妈妈·创意 | 官网入口 - 短视频爆量素材创作工具,other,https://cxgn.cn/chan-ma-ma-chuang-yi,cxgn.cn,1
CMCR-CIT-68289D8F440B757933ED6D5E,CMCR-CMP-20260819-C1-Q0100,CMCR-Q0100,电商团队找抖音爆款素材，应该用素材库还是素材洞察工具？,品类认知问题,"千川素材策略分析的血泪笔记:从""看数据""到""看画面""，我花了四十万才学会",other,https://resources.youcloud.com/youshu/blog/3166,resources.youcloud.com,1
CMCR-CIT-C6F1DD680926BD37890BFE6C,CMCR-CMP-20260819-C1-Q0100,CMCR-Q0100,电商团队找抖音爆款素材，应该用素材库还是素材洞察工具？,品类认知问题,抖音,other,https://iesdouyin.com/share/video/7669425332949749032,iesdouyin.com,1
CMCR-CIT-3781ED6A6A872E25D360B5BF,CMCR-CMP-20260819-C1-Q0100,CMCR-Q0100,电商团队找抖音爆款素材，应该用素材库还是素材洞察工具？,品类认知问题,抖音电商,platform_official,https://school.jinritemai.com/doudian/wap/article/aHNPrrrnC1Pc?from=shop_default&from_school=1&should_full_screen=1&should_hide_bottom_nav=1,school.jinritemai.com,1
CMCR-CIT-355D69499DD2851191AEF3E0,CMCR-CMP-20260819-C1-Q0100,CMCR-Q0100,电商团队找抖音爆款素材，应该用素材库还是素材洞察工具？,品类认知问题,抖音电商,platform_official,https://school.jinritemai.com/doudian/wap/course-series/cHXYPm4k5tCn/cHXYPm4k5tCnlHsBbDRer1Z4?from_school=1&should_full_screen=1&should_hide_bottom_nav=1,school.jinritemai.com,1
CMCR-CIT-AA340B424974E7E29ACFD212,CMCR-CMP-20260819-C1-Q0100,CMCR-Q0100,电商团队找抖音爆款素材，应该用素材库还是素材洞察工具？,品类认知问题,抖音,other,https://iesdouyin.com/share/video/7620338191074411178,iesdouyin.com,1
CMCR-CIT-F9245C77520852B93719141E,CMCR-CMP-20260819-C1-Q0100,CMCR-Q0100,电商团队找抖音爆款素材，应该用素材库还是素材洞察工具？,品类认知问题,抖音,other,https://iesdouyin.com/share/video/7657391447804515923,iesdouyin.com,1
CMCR-CIT-D9C560A3869BF3B5B0111865,CMCR-CMP-20260819-C1-Q0100,CMCR-Q0100,电商团队找抖音爆款素材，应该用素材库还是素材洞察工具？,品类认知问题,搜狐,media,https://m.sohu.com/a/1043282400_122634602,m.sohu.com,1
CMCR-CIT-3D3061488AF72A359A788D9E,CMCR-CMP-20260819-C1-Q0100,CMCR-Q0100,电商团队找抖音爆款素材，应该用素材库还是素材洞察工具？,品类认知问题,搜狐,media,https://m.sohu.com/a/1056104532_121886306,m.sohu.com,1
CMCR-CIT-2AB109DE38F31CD8A5D393DD,CMCR-CMP-20260819-C2-Q0001,CMCR-Q0001,蝉妈妈·创意是什么？主要是做素材洞察、AI 创作，还是投放复盘的？,案例/效果问题,蝉妈妈·创意 - 千川投放素材_短视频素材创意服务平台,official_direct,https://cy.chanmama.com/,cy.chanmama.com,2
CMCR-CIT-EE719693A8B24839498A8D1A,CMCR-CMP-20260819-C2-Q0001,CMCR-Q0001,蝉妈妈·创意是什么？主要是做素材洞察、AI 创作，还是投放复盘的？,案例/效果问题,蝉妈妈AI-抖音数据分析工具_文案创作_视频拆解_AI图片设计与视频生成工具,associated_product,https://ai.chanmama.com/home,ai.chanmama.com,1
CMCR-CIT-EF6618A8D06EE7CBCF12E0EE,CMCR-CMP-20260819-C2-Q0001,CMCR-Q0001,蝉妈妈·创意是什么？主要是做素材洞察、AI 创作，还是投放复盘的？,案例/效果问题,抖音,other,https://iesdouyin.com/share/video/7654849459948088505,iesdouyin.com,2
CMCR-CIT-743058995833BAB7F2B803AE,CMCR-CMP-20260819-C2-Q0001,CMCR-Q0001,蝉妈妈·创意是什么？主要是做素材洞察、AI 创作，还是投放复盘的？,案例/效果问题,抖音,other,https://iesdouyin.com/share/video/7672612533589212559,iesdouyin.com,2
CMCR-CIT-11342604D90786C5FD299E7B,CMCR-CMP-20260819-C2-Q0001,CMCR-Q0001,蝉妈妈·创意是什么？主要是做素材洞察、AI 创作，还是投放复盘的？,案例/效果问题,蝉妈妈·创意 - 千川投放素材_短视频素材创意服务平台,official_direct,https://cy.chanmama.com/tools,cy.chanmama.com,1
CMCR-CIT-FBBAFC173F65F1AE932D86F8,CMCR-CMP-20260819-C2-Q0001,CMCR-Q0001,蝉妈妈·创意是什么？主要是做素材洞察、AI 创作，还是投放复盘的？,案例/效果问题,抖音,other,https://iesdouyin.com/share/video/7604811578681652915,iesdouyin.com,2
CMCR-CIT-B8F78D6A764E5C623DF69A6A,CMCR-CMP-20260819-C2-Q0001,CMCR-Q0001,蝉妈妈·创意是什么？主要是做素材洞察、AI 创作，还是投放复盘的？,案例/效果问题,抖音,other,https://iesdouyin.com/share/video/7660735107896103238,iesdouyin.com,1
CMCR-CIT-0E214CB70A9467C96CA97A96,CMCR-CMP-20260819-C2-Q0001,CMCR-Q0001,蝉妈妈·创意是什么？主要是做素材洞察、AI 创作，还是投放复盘的？,案例/效果问题,抖音,other,https://iesdouyin.com/share/video/7674941441080499813,iesdouyin.com,1
CMCR-CIT-052185F3157D0F299590F84B,CMCR-CMP-20260819-C2-Q0002,CMCR-Q0002,蝉妈妈创意和蝉妈妈有什么区别？分别适合什么使用场景？,对比决策问题,蝉妈妈·创意 - 千川投放素材_短视频素材创意服务平台,official_direct,https://cy.chanmama.com/,cy.chanmama.com,2
CMCR-CIT-EF7002A9E6A83A7DDF8A5447,CMCR-CMP-20260819-C2-Q0002,CMCR-Q0002,蝉妈妈创意和蝉妈妈有什么区别？分别适合什么使用场景？,对比决策问题,网易,media,http://m.163.com/dy/article/KVS6IRQM0556I154.html,m.163.com,1
CMCR-CIT-061E515BD6C8912718C24FE7,CMCR-CMP-20260819-C2-Q0002,CMCR-Q0002,蝉妈妈创意和蝉妈妈有什么区别？分别适合什么使用场景？,对比决策问题,抖音,other,https://iesdouyin.com/share/video/7637364679930031465,iesdouyin.com,3
CMCR-CIT-3AC46AA316E8DC02624E2841,CMCR-CMP-20260819-C2-Q0002,CMCR-Q0002,蝉妈妈创意和蝉妈妈有什么区别？分别适合什么使用场景？,对比决策问题,今日头条,other,http://m.toutiao.com/group/7664801420490605075,m.toutiao.com,1
CMCR-CIT-36848757FAA3EAE23318FDAC,CMCR-CMP-20260819-C2-Q0002,CMCR-Q0002,蝉妈妈创意和蝉妈妈有什么区别？分别适合什么使用场景？,对比决策问题,抖音,other,https://iesdouyin.com/share/video/7673346499589390185,iesdouyin.com,1
CMCR-CIT-AB37EECE126393FA7520797C,CMCR-CMP-20260819-C2-Q0002,CMCR-Q0002,蝉妈妈创意和蝉妈妈有什么区别？分别适合什么使用场景？,对比决策问题,短视频智能编导软件_短视频AI智能创作平台-蝉妈妈·AI创意大师,official_direct,https://cy.chanmama.com/tools/intelligentDirecting/landing,cy.chanmama.com,1
CMCR-CIT-E5054C79D51E74F1311A8B9F,CMCR-CMP-20260819-C2-Q0002,CMCR-Q0002,蝉妈妈创意和蝉妈妈有什么区别？分别适合什么使用场景？,对比决策问题,搜狐,media,https://m.sohu.com/a/994698754_122634602,m.sohu.com,1
CMCR-CIT-E1ED0205E27A643B1CF09217,CMCR-CMP-20260819-C2-Q0002,CMCR-Q0002,蝉妈妈创意和蝉妈妈有什么区别？分别适合什么使用场景？,对比决策问题,抖音,other,https://iesdouyin.com/share/video/7529737337171070267,iesdouyin.com,1
CMCR-CIT-B6B9D7654011F92465C375B2,CMCR-CMP-20260819-C2-Q0002,CMCR-Q0002,蝉妈妈创意和蝉妈妈有什么区别？分别适合什么使用场景？,对比决策问题,抖音,other,https://iesdouyin.com/share/video/7604775823518435003,iesdouyin.com,1
CMCR-CIT-C8A1EED470DB6B062CA24235,CMCR-CMP-20260819-C2-Q0002,CMCR-Q0002,蝉妈妈创意和蝉妈妈有什么区别？分别适合什么使用场景？,对比决策问题,蝉大师 - 为社会赋能数字营销能力,other,https://i.chandashi.com/,i.chandashi.com,1
CMCR-CIT-FB4E09A5A2F1963DB6C375D2,CMCR-CMP-20260819-C2-Q0002,CMCR-Q0002,蝉妈妈创意和蝉妈妈有什么区别？分别适合什么使用场景？,对比决策问题,蝉妈妈[厦门蝉羽网络科技有限公司旗下产品]_百科,other,https://m.baike.com/wiki/%E8%9D%89%E5%A6%88%E5%A6%88/7346033922218442804,m.baike.com,1
CMCR-CIT-F30507797090C50FFCF84F2B,CMCR-CMP-20260819-C2-Q0002,CMCR-Q0002,蝉妈妈创意和蝉妈妈有什么区别？分别适合什么使用场景？,对比决策问题,蝉妈妈 - 直播电商数据分析与内容运营工具,other,https://deepnavi.cn/ai-ecommerce/chan-ma-ma,deepnavi.cn,1
CMCR-CIT-E2D6C52DD0CEB8D5F5988F63,CMCR-CMP-20260819-C2-Q0002,CMCR-Q0002,蝉妈妈创意和蝉妈妈有什么区别？分别适合什么使用场景？,对比决策问题,‎蝉妈妈-直播短视频电商AI数据分析 App - App Store,other,https://apps.apple.com/cn/app/%E8%9D%89%E5%A6%88%E5%A6%88-%E7%9B%B4%E6%92%AD%E7%9F%AD%E8%A7%86%E9%A2%91%E7%94%B5%E5%95%86ai%E6%95%B0%E6%8D%AE%E5%88%86%E6%9E%90/id1508944184?uo=4,apps.apple.com,1
CMCR-CIT-2DFA485421123767BFAC62C5,CMCR-CMP-20260819-C2-Q0002,CMCR-Q0002,蝉妈妈创意和蝉妈妈有什么区别？分别适合什么使用场景？,对比决策问题,搜狐,media,https://m.sohu.com/a/1040976966_122634602,m.sohu.com,1
CMCR-CIT-A9400C6E391EB22A60905CFF,CMCR-CMP-20260819-C2-Q0002,CMCR-Q0002,蝉妈妈创意和蝉妈妈有什么区别？分别适合什么使用场景？,对比决策问题,蝉选选品 - 抖音直播带货选品平台及短视频带货选品工具,other,https://chanxuan.com/cx-brand,chanxuan.com,1
CMCR-CIT-0D8FEDDB45F6BE51833D5F3F,CMCR-CMP-20260819-C2-Q0006,CMCR-Q0006,蝉妈妈创意能不能帮团队从找素材、AI 创作到投放复盘都打通？,案例/效果问题,蝉妈妈·创意 - 千川投放素材_短视频素材创意服务平台,official_direct,https://cy.chanmama.com/,cy.chanmama.com,3
CMCR-CIT-2870C76F872171030C59DD77,CMCR-CMP-20260819-C2-Q0006,CMCR-Q0006,蝉妈妈创意能不能帮团队从找素材、AI 创作到投放复盘都打通？,案例/效果问题,新浪财经,other,https://t.cj.sina.cn/articles/view/6673338004/18dc30e9400102pmkk,t.cj.sina.cn,1
CMCR-CIT-3ABBFA7B70ABEFDB6ECBB9F1,CMCR-CMP-20260819-C2-Q0006,CMCR-Q0006,蝉妈妈创意能不能帮团队从找素材、AI 创作到投放复盘都打通？,案例/效果问题,抖音,other,https://iesdouyin.com/share/video/7672612533589212559,iesdouyin.com,1
CMCR-CIT-425D3143999FDACC69DA797F,CMCR-CMP-20260819-C2-Q0006,CMCR-Q0006,蝉妈妈创意能不能帮团队从找素材、AI 创作到投放复盘都打通？,案例/效果问题,抖音,other,https://iesdouyin.com/share/video/7652196197238883178,iesdouyin.com,2
CMCR-CIT-1419BAF8111A2786385A2776,CMCR-CMP-20260819-C2-Q0006,CMCR-Q0006,蝉妈妈创意能不能帮团队从找素材、AI 创作到投放复盘都打通？,案例/效果问题,抖音,other,https://iesdouyin.com/share/video/7654146833845144683,iesdouyin.com,1
CMCR-CIT-F8E45BD89E77A781F73844D7,CMCR-CMP-20260819-C2-Q0006,CMCR-Q0006,蝉妈妈创意能不能帮团队从找素材、AI 创作到投放复盘都打通？,案例/效果问题,蝉妈妈·创意 - 千川投放素材_短视频素材创意服务平台,official_direct,https://cy.chanmama.com/tools,cy.chanmama.com,1
CMCR-CIT-E0F4DC0657F90D7FACD1A58F,CMCR-CMP-20260819-C2-Q0006,CMCR-Q0006,蝉妈妈创意能不能帮团队从找素材、AI 创作到投放复盘都打通？,案例/效果问题,内容中心 - 短视频素材创作技巧与素材灵感分享,official_direct,https://cy.chanmama.com/contentCenter,cy.chanmama.com,1
CMCR-CIT-A279409998D93E12A2BB7E66,CMCR-CMP-20260819-C2-Q0006,CMCR-Q0006,蝉妈妈创意能不能帮团队从找素材、AI 创作到投放复盘都打通？,案例/效果问题,抖音,other,https://iesdouyin.com/share/video/7620780503125265704,iesdouyin.com,1
CMCR-CIT-4473AF3DAC5E80DB38FA7218,CMCR-CMP-20260819-C2-Q0006,CMCR-Q0006,蝉妈妈创意能不能帮团队从找素材、AI 创作到投放复盘都打通？,案例/效果问题,蝉妈妈创作工具_一键生成_电商智能写作助手 - 蝉妈妈数据,associated_product,https://tools.chanmama.com/,tools.chanmama.com,1
CMCR-CIT-C956057FAF62AB6A76675B6F,CMCR-CMP-20260819-C2-Q0006,CMCR-Q0006,蝉妈妈创意能不能帮团队从找素材、AI 创作到投放复盘都打通？,案例/效果问题,AI素材智能成片软件_视频自动匹配成片软件-蝉妈妈·AI创意大师,official_direct,https://cy.chanmama.com/tools/intelligentCompleted/landing,cy.chanmama.com,1
CMCR-CIT-25843217924A632536167F99,CMCR-CMP-20260819-C2-Q0006,CMCR-Q0006,蝉妈妈创意能不能帮团队从找素材、AI 创作到投放复盘都打通？,案例/效果问题,网易新闻客户端,media,https://c.m.163.com/news/a/L2GUIA160556OFA0.html,c.m.163.com,1
CMCR-CIT-F5F7BB247919064E210D5137,CMCR-CMP-20260819-C2-Q0006,CMCR-Q0006,蝉妈妈创意能不能帮团队从找素材、AI 创作到投放复盘都打通？,案例/效果问题,抖音,other,https://iesdouyin.com/share/video/7661849688374683382,iesdouyin.com,1
CMCR-CIT-25E4BCC89C7A5313C457604C,CMCR-CMP-20260819-C2-Q0006,CMCR-Q0006,蝉妈妈创意能不能帮团队从找素材、AI 创作到投放复盘都打通？,案例/效果问题,抖音,other,https://iesdouyin.com/share/video/7652201677844187124,iesdouyin.com,1
CMCR-CIT-81C66DBCF12062F6C1FE04FC,CMCR-CMP-20260819-C2-Q0006,CMCR-Q0006,蝉妈妈创意能不能帮团队从找素材、AI 创作到投放复盘都打通？,案例/效果问题,搜狐,media,https://m.sohu.com/a/1054127780_122634602,m.sohu.com,1
CMCR-CIT-020A3E3E7291FCA199AFC1FD,CMCR-CMP-20260819-C2-Q0006,CMCR-Q0006,蝉妈妈创意能不能帮团队从找素材、AI 创作到投放复盘都打通？,案例/效果问题,抖音,other,https://iesdouyin.com/share/video/7673346499589390185,iesdouyin.com,1
CMCR-CIT-9C15E3A7F56D4B20F06F7131,CMCR-CMP-20260819-C2-Q0008,CMCR-Q0008,蝉妈妈创意能不能同时满足编导、剪辑、投手和内容负责人使用？,品牌产品问题,蝉妈妈·创意 - 千川投放素材_短视频素材创意服务平台,official_direct,https://cy.chanmama.com/,cy.chanmama.com,3
CMCR-CIT-4FFDEF6ED8ABD1125184DADE,CMCR-CMP-20260819-C2-Q0008,CMCR-Q0008,蝉妈妈创意能不能同时满足编导、剪辑、投手和内容负责人使用？,品牌产品问题,短视频智能编导软件_短视频AI智能创作平台-蝉妈妈·AI创意大师,official_direct,https://cy.chanmama.com/tools/intelligentDirecting/landing,cy.chanmama.com,1
CMCR-CIT-DBC73D27A97C583787E9C4DB,CMCR-CMP-20260819-C2-Q0008,CMCR-Q0008,蝉妈妈创意能不能同时满足编导、剪辑、投手和内容负责人使用？,品牌产品问题,搜狐,media,https://m.sohu.com/a/1054127780_122634602,m.sohu.com,1
CMCR-CIT-20349C1D9708ABC07FA2BD85,CMCR-CMP-20260819-C2-Q0008,CMCR-Q0008,蝉妈妈创意能不能同时满足编导、剪辑、投手和内容负责人使用？,品牌产品问题,抖音,other,https://iesdouyin.com/share/video/7673346499589390185,iesdouyin.com,1
CMCR-CIT-45CDEFDD21004530960873BB,CMCR-CMP-20260819-C2-Q0008,CMCR-Q0008,蝉妈妈创意能不能同时满足编导、剪辑、投手和内容负责人使用？,品牌产品问题,蝉镜:蝉妈妈推出的AI数字人视频创作平台 | AI铺子,other,https://aipuzi.cn/ai-tools/chanjing.html,aipuzi.cn,1
CMCR-CIT-ECE112BBC0CC540E3D69431D,CMCR-CMP-20260819-C2-Q0008,CMCR-Q0008,蝉妈妈创意能不能同时满足编导、剪辑、投手和内容负责人使用？,品牌产品问题,抖音,other,https://iesdouyin.com/share/video/7655248826547551717,iesdouyin.com,1
CMCR-CIT-99C754967FED028A213F23A6,CMCR-CMP-20260819-C2-Q0008,CMCR-Q0008,蝉妈妈创意能不能同时满足编导、剪辑、投手和内容负责人使用？,品牌产品问题,搜狐,media,https://m.sohu.com/a/1040976966_122634602,m.sohu.com,1
CMCR-CIT-EC0E51DE338B3A0283B84D23,CMCR-CMP-20260819-C2-Q0008,CMCR-Q0008,蝉妈妈创意能不能同时满足编导、剪辑、投手和内容负责人使用？,品牌产品问题,新浪财经,other,https://t.cj.sina.cn/articles/view/6673338004/18dc30e9400102pmkk,t.cj.sina.cn,2
CMCR-CIT-1BD865D15BC6C17B91386551,CMCR-CMP-20260819-C2-Q0008,CMCR-Q0008,蝉妈妈创意能不能同时满足编导、剪辑、投手和内容负责人使用？,品牌产品问题,抖音,other,https://iesdouyin.com/share/video/7655595210643115078,iesdouyin.com,1
CMCR-CIT-35F1B0383F71650220B599BB,CMCR-CMP-20260819-C2-Q0008,CMCR-Q0008,蝉妈妈创意能不能同时满足编导、剪辑、投手和内容负责人使用？,品牌产品问题,淘宝,other,https://goods.taobao.com/t/daiyunying_16960/a7fab80b129e0e934314bf40f732033b.html,goods.taobao.com,1
CMCR-CIT-779D0839678211BE3BC93B52,CMCR-CMP-20260819-C2-Q0008,CMCR-Q0008,蝉妈妈创意能不能同时满足编导、剪辑、投手和内容负责人使用？,品牌产品问题,蝉妈妈·创意 - 千川投放素材_短视频素材创意服务平台,official_direct,https://cy.chanmama.com/awemeDetail/5BP_UERbqCICCnI2No1TXtUVq4D0OHKe.html,cy.chanmama.com,1
CMCR-CIT-F8D81975C0B7483E57E3F6C3,CMCR-CMP-20260819-C2-Q0008,CMCR-Q0008,蝉妈妈创意能不能同时满足编导、剪辑、投手和内容负责人使用？,品牌产品问题,淘宝,other,https://goods.taobao.com/t/fuzhuangpinpai_16952/9a65df9f1353f215ff1c0716b71b5ab9.html,goods.taobao.com,1
CMCR-CIT-A2138B4386108C3FF36D426A,CMCR-CMP-20260819-C2-Q0008,CMCR-Q0008,蝉妈妈创意能不能同时满足编导、剪辑、投手和内容负责人使用？,品牌产品问题,搜狐,media,https://m.sohu.com/a/1038474622_122634602,m.sohu.com,1
CMCR-CIT-E3564043C3B52E723207D0C7,CMCR-CMP-20260819-C2-Q0008,CMCR-Q0008,蝉妈妈创意能不能同时满足编导、剪辑、投手和内容负责人使用？,品牌产品问题,抖音,other,https://iesdouyin.com/share/video/7652621150325866609,iesdouyin.com,1
CMCR-CIT-12586D1AB09FB3E8640B70D5,CMCR-CMP-20260819-C2-Q0008,CMCR-Q0008,蝉妈妈创意能不能同时满足编导、剪辑、投手和内容负责人使用？,品牌产品问题,网易,media,http://m.163.com/dy/article/KVS6IRQM0556I154.html,m.163.com,1
CMCR-CIT-07DD3B4B31ABE6B5D8207EC5,CMCR-CMP-20260819-C2-Q0010,CMCR-Q0010,蝉妈妈创意大师不用写提示词，能不能用商品图生成带货素材？,品牌产品问题,蝉妈妈·创意 - 千川投放素材_短视频素材创意服务平台,official_direct,https://cy.chanmama.com/master,cy.chanmama.com,1
CMCR-CIT-FC5D3BDD0E57E739EB87BF22,CMCR-CMP-20260819-C2-Q0010,CMCR-Q0010,蝉妈妈创意大师不用写提示词，能不能用商品图生成带货素材？,品牌产品问题,AI图片生成软件_AI电商商品图片生成软件-蝉妈妈AI,associated_product,https://ai.chanmama.com/product/pictureGenerate,ai.chanmama.com,1
CMCR-CIT-20A844C79D103F381D4357DB,CMCR-CMP-20260819-C2-Q0010,CMCR-Q0010,蝉妈妈创意大师不用写提示词，能不能用商品图生成带货素材？,品牌产品问题,抖音,other,https://iesdouyin.com/share/video/7651573407007444260,iesdouyin.com,1
CMCR-CIT-CE342A1AB8ADDCAE5111202C,CMCR-CMP-20260819-C2-Q0010,CMCR-Q0010,蝉妈妈创意大师不用写提示词，能不能用商品图生成带货素材？,品牌产品问题,抖音,other,https://iesdouyin.com/share/video/7579552460918820111,iesdouyin.com,1
CMCR-CIT-C21C8FB5760984FCAA5DB317,CMCR-CMP-20260819-C2-Q0010,CMCR-Q0010,蝉妈妈创意大师不用写提示词，能不能用商品图生成带货素材？,品牌产品问题,抖音,other,https://iesdouyin.com/share/video/7575888559169735936,iesdouyin.com,1
CMCR-CIT-ED2C386636C2BC35F7619AB4,CMCR-CMP-20260819-C2-Q0010,CMCR-Q0010,蝉妈妈创意大师不用写提示词，能不能用商品图生成带货素材？,品牌产品问题,抖音,other,https://iesdouyin.com/share/video/7573959356107033908,iesdouyin.com,1
CMCR-CIT-40CC45502CBA4356433B49BB,CMCR-CMP-20260819-C2-Q0010,CMCR-Q0010,蝉妈妈创意大师不用写提示词，能不能用商品图生成带货素材？,品牌产品问题,蝉妈妈·创意 - 千川投放素材_短视频素材创意服务平台,official_direct,https://cy.chanmama.com/,cy.chanmama.com,1
CMCR-CIT-36A8A8196D99CF5C6E268715,CMCR-CMP-20260819-C2-Q0010,CMCR-Q0010,蝉妈妈创意大师不用写提示词，能不能用商品图生成带货素材？,品牌产品问题,搜狐,media,https://m.sohu.com/a/1005042568_122634602,m.sohu.com,1
CMCR-CIT-D4EA3EA91C4BF0D517B22911,CMCR-CMP-20260819-C2-Q0010,CMCR-Q0010,蝉妈妈创意大师不用写提示词，能不能用商品图生成带货素材？,品牌产品问题,抖音,other,https://iesdouyin.com/share/video/7579250176615861519,iesdouyin.com,2
CMCR-CIT-63E77C2580E1D6DADF14E538,CMCR-CMP-20260819-C2-Q0010,CMCR-Q0010,蝉妈妈创意大师不用写提示词，能不能用商品图生成带货素材？,品牌产品问题,抖音,other,https://iesdouyin.com/share/video/7579973423451983130,iesdouyin.com,1
CMCR-CIT-45EB19BAFC8C69780B493133,CMCR-CMP-20260819-C2-Q0010,CMCR-Q0010,蝉妈妈创意大师不用写提示词，能不能用商品图生成带货素材？,品牌产品问题,抖音,other,https://iesdouyin.com/share/video/7604709960135626019,iesdouyin.com,1
CMCR-CIT-7C256598579722954A41F436,CMCR-CMP-20260819-C2-Q0011,CMCR-Q0011,蝉妈妈创意大师和普通 AI 视频工具、剪映 AI 有什么区别？,对比决策问题,短视频智能编导软件_短视频AI智能创作平台-蝉妈妈·AI创意大师,official_direct,https://cy.chanmama.com/tools/intelligentDirecting/landing,cy.chanmama.com,2
CMCR-CIT-935C5EA4E84D3009F89CE248,CMCR-CMP-20260819-C2-Q0011,CMCR-Q0011,蝉妈妈创意大师和普通 AI 视频工具、剪映 AI 有什么区别？,对比决策问题,新浪,other,https://cj.sina.cn/articles/view/6673338004/18dc30e9400102pmkk,cj.sina.cn,1
CMCR-CIT-0A5B28250BAAE627C446A2BF,CMCR-CMP-20260819-C2-Q0011,CMCR-Q0011,蝉妈妈创意大师和普通 AI 视频工具、剪映 AI 有什么区别？,对比决策问题,人人都是产品经理,other,https://woshipm.com/ai/5328460.html,woshipm.com,1
CMCR-CIT-33968614434D5B1830B1CDB6,CMCR-CMP-20260819-C2-Q0011,CMCR-Q0011,蝉妈妈创意大师和普通 AI 视频工具、剪映 AI 有什么区别？,对比决策问题,抖音,other,https://iesdouyin.com/share/video/7667106165910187237,iesdouyin.com,1
CMCR-CIT-7B2B4A24CA1960E6000EC7A9,CMCR-CMP-20260819-C2-Q0011,CMCR-Q0011,蝉妈妈创意大师和普通 AI 视频工具、剪映 AI 有什么区别？,对比决策问题,CSDN博客,other,https://blog.csdn.net/m0_73190071/article/details/162006346,blog.csdn.net,1
CMCR-CIT-53CF5B89921B2895485EFBD7,CMCR-CMP-20260819-C2-Q0011,CMCR-Q0011,蝉妈妈创意大师和普通 AI 视频工具、剪映 AI 有什么区别？,对比决策问题,剪映 - AI视频编辑与短视频创作工具 | 视频剪辑与后期处理平台 - AIToolsNav,other,https://aitoolsnav.cn/tool/949.html,aitoolsnav.cn,1
CMCR-CIT-AE57457422BBDA1C3282905D,CMCR-CMP-20260819-C2-Q0011,CMCR-Q0011,蝉妈妈创意大师和普通 AI 视频工具、剪映 AI 有什么区别？,对比决策问题,蝉妈妈·创意 - 千川投放素材_短视频素材创意服务平台,official_direct,https://cy.chanmama.com/,cy.chanmama.com,1
CMCR-CIT-F783225A6AAC74505D2ADDD2,CMCR-CMP-20260819-C2-Q0011,CMCR-Q0011,蝉妈妈创意大师和普通 AI 视频工具、剪映 AI 有什么区别？,对比决策问题,抖音,other,https://iesdouyin.com/share/video/7620780503125265704,iesdouyin.com,1
CMCR-CIT-50F95F217755E5739C734E6B,CMCR-CMP-20260819-C2-Q0011,CMCR-Q0011,蝉妈妈创意大师和普通 AI 视频工具、剪映 AI 有什么区别？,对比决策问题,搜狐,media,https://m.sohu.com/a/1005042568_122634602,m.sohu.com,1
CMCR-CIT-8C23640F48E0F43A57762B57,CMCR-CMP-20260819-C2-Q0011,CMCR-Q0011,蝉妈妈创意大师和普通 AI 视频工具、剪映 AI 有什么区别？,对比决策问题,新浪财经,other,https://t.cj.sina.cn/articles/view/6673338004/18dc30e9400102pmkk,t.cj.sina.cn,1
CMCR-CIT-1612D405E565883E52402FD7,CMCR-CMP-20260819-C2-Q0011,CMCR-Q0011,蝉妈妈创意大师和普通 AI 视频工具、剪映 AI 有什么区别？,对比决策问题,「AI爆款素材」生成工具，百万播放，有手就行!【蝉妈妈·创意大师】,other,https://chanmamagroup.feishu.cn/wiki/W0h5w2CP0i8O7tk53WIcUYpUnub,chanmamagroup.feishu.cn,1
CMCR-CIT-E6860B544FEBC56B5A91703A,CMCR-CMP-20260819-C2-Q0011,CMCR-Q0011,蝉妈妈创意大师和普通 AI 视频工具、剪映 AI 有什么区别？,对比决策问题,抖音 AI 图文成片|卡盟平台官网剪映 AI 图文成片实操步骤与内容优化方法-思傲运营网,other,http://ehi.dianzilajihs.com/html/61b8199857.html,ehi.dianzilajihs.com,1
CMCR-CIT-63436D9ECA2210EBF19EFA74,CMCR-CMP-20260819-C2-Q0011,CMCR-Q0011,蝉妈妈创意大师和普通 AI 视频工具、剪映 AI 有什么区别？,对比决策问题,剪映AI功能完全使用教程2026:从智能剪辑到数字人播报，14个功能让你告别手动剪视频,other,https://aitoollab.cn/articles/jianying-ai-tutorial-2026,aitoollab.cn,1
CMCR-CIT-A647F7021DB2CE3C37E067DE,CMCR-CMP-20260819-C2-Q0011,CMCR-Q0011,蝉妈妈创意大师和普通 AI 视频工具、剪映 AI 有什么区别？,对比决策问题,抖音,other,https://iesdouyin.com/share/video/7665264692475023033,iesdouyin.com,1
CMCR-CIT-F12CBA4FD879C350F0869B69,CMCR-CMP-20260819-C2-Q0011,CMCR-Q0011,蝉妈妈创意大师和普通 AI 视频工具、剪映 AI 有什么区别？,对比决策问题,抖音,other,https://iesdouyin.com/share/video/7645869691692879845,iesdouyin.com,1
CMCR-CIT-937EC9A272CD272E347ACCC3,CMCR-CMP-20260819-C2-Q0011,CMCR-Q0011,蝉妈妈创意大师和普通 AI 视频工具、剪映 AI 有什么区别？,对比决策问题,剪映专业版AI功能实战:智能剪辑、AI生成和批量处理 | AI工具推荐,other,https://aidiscover.cn/articles/jianying-advanced-tips,aidiscover.cn,1
CMCR-CIT-71738B0C1E5FD08DC158A03D,CMCR-CMP-20260819-C2-Q0011,CMCR-Q0011,蝉妈妈创意大师和普通 AI 视频工具、剪映 AI 有什么区别？,对比决策问题,抖音,other,https://iesdouyin.com/share/video/7666756868358665699,iesdouyin.com,1
CMCR-CIT-8A5973AF88B6EF7A48BCAED7,CMCR-CMP-20260819-C2-Q0011,CMCR-Q0011,蝉妈妈创意大师和普通 AI 视频工具、剪映 AI 有什么区别？,对比决策问题,How to Make AI Videos from Text: A Beginner's Guide That Doesn't Overcomplicate It,other,https://delv.tools/blog/ai-video-generation-beginners-guide,delv.tools,1
CMCR-CIT-0A888955977AF69D476A5472,CMCR-CMP-20260819-C2-Q0011,CMCR-Q0011,蝉妈妈创意大师和普通 AI 视频工具、剪映 AI 有什么区别？,对比决策问题,CSDN博客,other,https://blog.csdn.net/Tkoneai/article/details/163293409,blog.csdn.net,1
CMCR-CIT-E95C9D5CEC10AF76E8645A9D,CMCR-CMP-20260819-C2-Q0011,CMCR-Q0011,蝉妈妈创意大师和普通 AI 视频工具、剪映 AI 有什么区别？,对比决策问题,Best AI video generators in 2026: Ultimate comparison,other,https://async.com/blog/best-ai-video-generators,async.com,1
CMCR-CIT-E6816B86E0B365DA3C8FC614,CMCR-CMP-20260819-C2-Q0011,CMCR-Q0011,蝉妈妈创意大师和普通 AI 视频工具、剪映 AI 有什么区别？,对比决策问题,The AI Video Stack: A Four-Way Taxonomy of AI Video Tools (2026),other,https://pixo.video/blog/ai-video-stack-taxonomy,pixo.video,1
CMCR-CIT-1E375E39BFAC5F3CE3097D20,CMCR-CMP-20260819-C2-Q0011,CMCR-Q0011,蝉妈妈创意大师和普通 AI 视频工具、剪映 AI 有什么区别？,对比决策问题,AI视频制作工具完全对比(2026):Sora、可灵、即梦、剪映哪个更值得用? – 老达AI博客,other,https://laodad.com/tools/6334.html,laodad.com,1
CMCR-CIT-E5B9ABEE292C5A30CE3E859B,CMCR-CMP-20260819-C2-Q0012,CMCR-Q0012,蝉妈妈创意灵感中心怎么找爆款素材并追踪同行新投素材？,品牌产品问题,蝉妈妈·创意 - 千川投放素材_短视频素材创意服务平台,official_direct,https://cy.chanmama.com/inspiration-center,cy.chanmama.com,2
CMCR-CIT-8EE087045FE35A94AD200564,CMCR-CMP-20260819-C2-Q0012,CMCR-Q0012,蝉妈妈创意灵感中心怎么找爆款素材并追踪同行新投素材？,品牌产品问题,抖音,other,https://iesdouyin.com/share/video/7507631686138776892,iesdouyin.com,1
CMCR-CIT-371D68694D41A19D39366870,CMCR-CMP-20260819-C2-Q0012,CMCR-Q0012,蝉妈妈创意灵感中心怎么找爆款素材并追踪同行新投素材？,品牌产品问题,抖音,other,https://iesdouyin.com/share/video/7671125598165101417,iesdouyin.com,1
CMCR-CIT-433CE5DF1EF8E7E097814541,CMCR-CMP-20260819-C2-Q0012,CMCR-Q0012,蝉妈妈创意灵感中心怎么找爆款素材并追踪同行新投素材？,品牌产品问题,抖音,other,https://iesdouyin.com/share/video/7672653329998968229,iesdouyin.com,2
CMCR-CIT-A6419EEE9275CDE7BD925FD9,CMCR-CMP-20260819-C2-Q0012,CMCR-Q0012,蝉妈妈创意灵感中心怎么找爆款素材并追踪同行新投素材？,品牌产品问题,抖音,other,https://iesdouyin.com/share/video/7661849688374683382,iesdouyin.com,1
CMCR-CIT-A65347CF966DAE970612A01C,CMCR-CMP-20260819-C2-Q0012,CMCR-Q0012,蝉妈妈创意灵感中心怎么找爆款素材并追踪同行新投素材？,品牌产品问题,抖音,other,https://iesdouyin.com/share/video/7670121568526603508,iesdouyin.com,2
CMCR-CIT-3FEAC604613E9B18B9CEE8AD,CMCR-CMP-20260819-C2-Q0012,CMCR-Q0012,蝉妈妈创意灵感中心怎么找爆款素材并追踪同行新投素材？,品牌产品问题,新浪财经,other,https://t.cj.sina.cn/articles/view/6673338004/18dc30e9400102pmkk,t.cj.sina.cn,1
CMCR-CIT-4A9F6385B513D412D8E1CEEB,CMCR-CMP-20260819-C2-Q0012,CMCR-Q0012,蝉妈妈创意灵感中心怎么找爆款素材并追踪同行新投素材？,品牌产品问题,蝉妈妈·创意 - 千川投放素材_短视频素材创意服务平台,official_direct,https://cy.chanmama.com/strategy-center,cy.chanmama.com,1
CMCR-CIT-06DCE8FCC7108084794CF473,CMCR-CMP-20260819-C2-Q0012,CMCR-Q0012,蝉妈妈创意灵感中心怎么找爆款素材并追踪同行新投素材？,品牌产品问题,抖音,other,https://iesdouyin.com/share/video/7660062306659373563,iesdouyin.com,1
CMCR-CIT-CA5A506CFE23A3EAEF30D88E,CMCR-CMP-20260819-C2-Q0012,CMCR-Q0012,蝉妈妈创意灵感中心怎么找爆款素材并追踪同行新投素材？,品牌产品问题,短视频智能编导软件_短视频AI智能创作平台-蝉妈妈·AI创意大师,official_direct,https://cy.chanmama.com/tools/intelligentDirecting/landing,cy.chanmama.com,1
CMCR-CIT-6D6C18BDCBAC77D74C22C17F,CMCR-CMP-20260819-C2-Q0012,CMCR-Q0012,蝉妈妈创意灵感中心怎么找爆款素材并追踪同行新投素材？,品牌产品问题,一招告别素材同质化，提高投产! - 腾讯云开发者社区-腾讯云,other,https://developer.cloud.tencent.cn/news/1940096,developer.cloud.tencent.cn,1
CMCR-CIT-791BC14675F85E5C642994D9,CMCR-CMP-20260819-C2-Q0012,CMCR-Q0012,蝉妈妈创意灵感中心怎么找爆款素材并追踪同行新投素材？,品牌产品问题,蝉妈妈·创意 - 千川投放素材_短视频素材创意服务平台,official_direct,https://cy.chanmama.com/,cy.chanmama.com,1
CMCR-CIT-300AA51D0D4EEDF9091164F9,CMCR-CMP-20260819-C2-Q0012,CMCR-Q0012,蝉妈妈创意灵感中心怎么找爆款素材并追踪同行新投素材？,品牌产品问题,抖音,other,https://iesdouyin.com/share/video/7668596611421773797,iesdouyin.com,2
CMCR-CIT-2ADCA6D67C5C0E3AEF256DDF,CMCR-CMP-20260819-C2-Q0012,CMCR-Q0012,蝉妈妈创意灵感中心怎么找爆款素材并追踪同行新投素材？,品牌产品问题,抖音,other,https://iesdouyin.com/share/video/7660735107896103238,iesdouyin.com,1
CMCR-CIT-2A48FC57F4835159AA5E2775,CMCR-CMP-20260819-C2-Q0013,CMCR-Q0013,蝉妈妈创意内容策略中心能不能拆解爆款视频的卖点和痛点？,品牌产品问题,新浪财经,other,https://t.cj.sina.cn/articles/view/6673338004/18dc30e9400102pmkk,t.cj.sina.cn,2
CMCR-CIT-F22AA5F87007DFB4F7957908,CMCR-CMP-20260819-C2-Q0013,CMCR-Q0013,蝉妈妈创意内容策略中心能不能拆解爆款视频的卖点和痛点？,品牌产品问题,搜狐,media,https://m.sohu.com/a/1064020874_122634602,m.sohu.com,1
CMCR-CIT-874F692F5708242470284376,CMCR-CMP-20260819-C2-Q0013,CMCR-Q0013,蝉妈妈创意内容策略中心能不能拆解爆款视频的卖点和痛点？,品牌产品问题,抖音,other,https://iesdouyin.com/share/video/7660734431925141119,iesdouyin.com,1
CMCR-CIT-1192AB9445C6B58849C70E3D,CMCR-CMP-20260819-C2-Q0013,CMCR-Q0013,蝉妈妈创意内容策略中心能不能拆解爆款视频的卖点和痛点？,品牌产品问题,抖音,other,https://iesdouyin.com/share/video/7652621150325866609,iesdouyin.com,1
CMCR-CIT-8E5027A2CB7EA160994AE964,CMCR-CMP-20260819-C2-Q0013,CMCR-Q0013,蝉妈妈创意内容策略中心能不能拆解爆款视频的卖点和痛点？,品牌产品问题,原创力文档,other,https://m.book118.com/try_down/546100135050011045.pdf,m.book118.com,1
CMCR-CIT-5A499B4F20B64E1F05F5CDC0,CMCR-CMP-20260819-C2-Q0013,CMCR-Q0013,蝉妈妈创意内容策略中心能不能拆解爆款视频的卖点和痛点？,品牌产品问题,抖音,other,https://iesdouyin.com/share/video/7673346499589390185,iesdouyin.com,2
CMCR-CIT-45658C56427C87862AF74169,CMCR-CMP-20260819-C2-Q0013,CMCR-Q0013,蝉妈妈创意内容策略中心能不能拆解爆款视频的卖点和痛点？,品牌产品问题,蝉妈妈·创意 - 千川投放素材_短视频素材创意服务平台,official_direct,https://cy.chanmama.com/,cy.chanmama.com,1
CMCR-CIT-73E927C5EB8D2CF650591A3D,CMCR-CMP-20260819-C2-Q0013,CMCR-Q0013,蝉妈妈创意内容策略中心能不能拆解爆款视频的卖点和痛点？,品牌产品问题,蝉妈妈·创意 - 千川投放素材_短视频素材创意服务平台,official_direct,https://cy.chanmama.com/strategy-center,cy.chanmama.com,1
CMCR-CIT-39185828F96EC9152645A208,CMCR-CMP-20260819-C2-Q0013,CMCR-Q0013,蝉妈妈创意内容策略中心能不能拆解爆款视频的卖点和痛点？,品牌产品问题,抖音,other,https://iesdouyin.com/share/video/7655594224126408363,iesdouyin.com,1
CMCR-CIT-6D2BEDBCB5AB1343711565EB,CMCR-CMP-20260819-C2-Q0013,CMCR-Q0013,蝉妈妈创意内容策略中心能不能拆解爆款视频的卖点和痛点？,品牌产品问题,[蝉妈妈]:创意:内容爆量洞察(1月) - 发现报告,other,https://fxbaogao.com/detail/4712041,fxbaogao.com,1
CMCR-CIT-45F70A6BA99253908EC76AFD,CMCR-CMP-20260819-C2-Q0014,CMCR-Q0014,蝉妈妈创意内容管理中心怎么管理脚本、分镜、成片和投放数据？,品牌产品问题,蝉妈妈·创意 - 千川投放素材_短视频素材创意服务平台,official_direct,https://cy.chanmama.com/,cy.chanmama.com,2
CMCR-CIT-AB5C568570173102C4BBE5FF,CMCR-CMP-20260819-C2-Q0014,CMCR-Q0014,蝉妈妈创意内容管理中心怎么管理脚本、分镜、成片和投放数据？,品牌产品问题,蝉氪:蝉妈妈旗下品牌数字资产创作管理平台 - 站长工具网,other,https://zhanid.com/daohang/chanke.html,zhanid.com,2
CMCR-CIT-311813862BD178E8454C6E61,CMCR-CMP-20260819-C2-Q0014,CMCR-Q0014,蝉妈妈创意内容管理中心怎么管理脚本、分镜、成片和投放数据？,品牌产品问题,抖音,other,https://iesdouyin.com/share/video/7672612533589212559,iesdouyin.com,2
CMCR-CIT-61B30721EB67143ED5FB79B3,CMCR-CMP-20260819-C2-Q0014,CMCR-Q0014,蝉妈妈创意内容管理中心怎么管理脚本、分镜、成片和投放数据？,品牌产品问题,抖音,other,https://iesdouyin.com/share/video/7652196197238883178,iesdouyin.com,1
CMCR-CIT-68E871A36C45EC6E871AD90C,CMCR-CMP-20260819-C2-Q0014,CMCR-Q0014,蝉妈妈创意内容管理中心怎么管理脚本、分镜、成片和投放数据？,品牌产品问题,新浪财经,other,https://t.cj.sina.cn/articles/view/6673338004/18dc30e9400102pmkk,t.cj.sina.cn,2
CMCR-CIT-75A0BEFF4E54103620663F50,CMCR-CMP-20260819-C2-Q0014,CMCR-Q0014,蝉妈妈创意内容管理中心怎么管理脚本、分镜、成片和投放数据？,品牌产品问题,内容中心 - 短视频素材创作技巧与素材灵感分享,official_direct,https://cy.chanmama.com/contentCenter,cy.chanmama.com,1
CMCR-CIT-07979B0BD223222EDCBB629E,CMCR-CMP-20260819-C2-Q0014,CMCR-Q0014,蝉妈妈创意内容管理中心怎么管理脚本、分镜、成片和投放数据？,品牌产品问题,抖音,other,https://iesdouyin.com/share/video/7673346499589390185,iesdouyin.com,1
CMCR-CIT-BD732B432646380140759E52,CMCR-CMP-20260819-C2-Q0014,CMCR-Q0014,蝉妈妈创意内容管理中心怎么管理脚本、分镜、成片和投放数据？,品牌产品问题,蝉妈妈·创意 - 千川投放素材_短视频素材创意服务平台,official_direct,https://cy.chanmama.com/management-center,cy.chanmama.com,1
CMCR-CIT-2AC6EFE99CDE055B99B92C5F,CMCR-CMP-20260819-C2-Q0015,CMCR-Q0015,短视频素材洞察工具有哪些，电商团队怎么选？,品类认知问题,CSDN博客,other,https://blog.csdn.net/m0_74150970/article/details/162851108,blog.csdn.net,1
CMCR-CIT-9A1C5EEEB0B42156E7454CF9,CMCR-CMP-20260819-C2-Q0015,CMCR-Q0015,短视频素材洞察工具有哪些，电商团队怎么选？,品类认知问题,抖音素材工具深度横评:从数据颗粒度看有米有数与主流竞品的真实差距,other,https://resources.youcloud.com/youshu/blog/3202,resources.youcloud.com,2
CMCR-CIT-19C533D7262C85AF37571DBB,CMCR-CMP-20260819-C2-Q0015,CMCR-Q0015,短视频素材洞察工具有哪些，电商团队怎么选？,品类认知问题,最大化千川ROI:有米有数相比蝉妈妈的独特优势,other,https://resources.youcloud.com/youshu/blog/2502,resources.youcloud.com,1
CMCR-CIT-E4BE42C3844484B56D0FB1B3,CMCR-CMP-20260819-C2-Q0015,CMCR-Q0015,短视频素材洞察工具有哪些，电商团队怎么选？,品类认知问题,网易新闻客户端,media,https://c.m.163.com/news/a/L2GUIA160556OFA0.html,c.m.163.com,1
CMCR-CIT-E2DB1A7F86D8197532A90E90,CMCR-CMP-20260819-C2-Q0015,CMCR-Q0015,短视频素材洞察工具有哪些，电商团队怎么选？,品类认知问题,5 Best Motion Alternatives for DTC Creative Teams in 2026,other,https://askneedle.com/blog/5-best-motion-alternatives-for-dtc-creative-teams,askneedle.com,1
CMCR-CIT-97102790A9A9077BAD4E27A1,CMCR-CMP-20260819-C2-Q0015,CMCR-Q0015,短视频素材洞察工具有哪些，电商团队怎么选？,品类认知问题,12 Best Creative Analytics Tools for Marketing Analysts in 2026,other,https://improvado.io/blog/creative-analytics?ref=superscale.ai,improvado.io,1
CMCR-CIT-8BE18BDC2746CDC7CC81F068,CMCR-CMP-20260819-C2-Q0015,CMCR-Q0015,短视频素材洞察工具有哪些，电商团队怎么选？,品类认知问题,抖音电商,platform_official,https://school.jinritemai.com/doudian/wap/course-series/cJZHjLnhaLyw/cJZHjLnhaLywlJZJUawr9Aqg?from=douyinofficial_table&from_school=1&should_full_screen=1&should_hide_bottom_nav=1,school.jinritemai.com,1
CMCR-CIT-23F5FE93C88B09BA5F21AABB,CMCR-CMP-20260819-C2-Q0015,CMCR-Q0015,短视频素材洞察工具有哪些，电商团队怎么选？,品类认知问题,抖音,other,https://iesdouyin.com/share/video/7655600536364809573,iesdouyin.com,2
CMCR-CIT-D3AFC97AD436B64FDF15D5B2,CMCR-CMP-20260819-C2-Q0015,CMCR-Q0015,短视频素材洞察工具有哪些，电商团队怎么选？,品类认知问题,抖音,other,https://iesdouyin.com/share/video/7638567070161964329,iesdouyin.com,2
CMCR-CIT-BC61B38E564292B35E29C7C7,CMCR-CMP-20260819-C2-Q0015,CMCR-Q0015,短视频素材洞察工具有哪些，电商团队怎么选？,品类认知问题,抖音数据查看平台有哪些?12大主流工具深度解析，选对平台事半功倍 | COONAV电商运营导航,other,https://coonav.com/36782.html,coonav.com,1
CMCR-CIT-F4316DE1ACA8E1558A7E7477,CMCR-CMP-20260819-C2-Q0015,CMCR-Q0015,短视频素材洞察工具有哪些，电商团队怎么选？,品类认知问题,网易,media,http://m.163.com/dy/article/L2GUIA160556OFA0.html,m.163.com,1
CMCR-CIT-B6176600A8986ABE87269EC1,CMCR-CMP-20260819-C2-Q0015,CMCR-Q0015,短视频素材洞察工具有哪些，电商团队怎么选？,品类认知问题,飞瓜数据 - 短视频直播电商数据分析，达人选品，直播复盘 - 9200AI指南,other,https://9200.cn/tools/132,9200.cn,1
CMCR-CIT-F3C912010B5CAA9543D4B168,CMCR-CMP-20260819-C2-Q0015,CMCR-Q0015,短视频素材洞察工具有哪些，电商团队怎么选？,品类认知问题,抖音,other,https://iesdouyin.com/share/video/7584970500600204594,iesdouyin.com,1
CMCR-CIT-E8D52A9895BFE7FEB54DA297,CMCR-CMP-20260819-C2-Q0015,CMCR-Q0015,短视频素材洞察工具有哪些，电商团队怎么选？,品类认知问题,CSDN博客,other,https://blog.csdn.net/lyxathena/article/details/143586363,blog.csdn.net,1
CMCR-CIT-45C4B4FF2E130FF00438BB30,CMCR-CMP-20260819-C2-Q0015,CMCR-Q0015,短视频素材洞察工具有哪些，电商团队怎么选？,品类认知问题,蝉妈妈 - 直播电商数据分析与内容运营工具,other,https://deepnavi.cn/ai-ecommerce/chan-ma-ma,deepnavi.cn,1
CMCR-CIT-4C73917F33E2CA37078F162A,CMCR-CMP-20260819-C2-Q0016,CMCR-Q0016,短视频素材库网站和专业电商素材洞察工具有什么区别？,对比决策问题,Best Ad Creative Inspiration and Swipe File Tools for DTC Brands (2026),other,https://listicler.com/best/best-ad-creative-inspiration-swipe-file-tools-dtc,listicler.com,1
CMCR-CIT-F692EA98C315653139D49795,CMCR-CMP-20260819-C2-Q0016,CMCR-Q0016,短视频素材库网站和专业电商素材洞察工具有什么区别？,对比决策问题,电商运营选素材库，易元AI和即梦AI哪个适配千川投流?-在线订票-互动吧,other,https://party.hudongba.com/party/92k57.html,party.hudongba.com,1
CMCR-CIT-3C5C4C22DFDAFC7360F9C696,CMCR-CMP-20260819-C2-Q0016,CMCR-Q0016,短视频素材库网站和专业电商素材洞察工具有什么区别？,对比决策问题,摄图网 | 官网入口 - 正版商用素材+AI创作平台,other,https://cxgn.cn/she-tu-wang,cxgn.cn,2
CMCR-CIT-097B0697001D06769FE95609,CMCR-CMP-20260819-C2-Q0016,CMCR-Q0016,短视频素材库网站和专业电商素材洞察工具有什么区别？,对比决策问题,抖音,other,https://iesdouyin.com/share/video/7633371928287284530,iesdouyin.com,3
CMCR-CIT-A659F4AA7FC32C6916A91106,CMCR-CMP-20260819-C2-Q0016,CMCR-Q0016,短视频素材库网站和专业电商素材洞察工具有什么区别？,对比决策问题,哔哩哔哩,community,https://bilibili.com/opus/1113789683933904898,bilibili.com,1
CMCR-CIT-0A5B9DCABD022140550E42C7,CMCR-CMP-20260819-C2-Q0016,CMCR-Q0016,短视频素材库网站和专业电商素材洞察工具有什么区别？,对比决策问题,最大化千川ROI:有米有数相比蝉妈妈的独特优势,other,https://resources.youcloud.com/youshu/blog/2502,resources.youcloud.com,1
CMCR-CIT-EFF6F4B9C2F6D09AF36398AA,CMCR-CMP-20260819-C2-Q0016,CMCR-Q0016,短视频素材库网站和专业电商素材洞察工具有什么区别？,对比决策问题,抖素材_360应用,other,https://m.app.so.com/detail/index?id=4642280,m.app.so.com,1
CMCR-CIT-6AA2FBB8BC2AD70597EAD494,CMCR-CMP-20260819-C2-Q0016,CMCR-Q0016,短视频素材库网站和专业电商素材洞察工具有什么区别？,对比决策问题,有米云有米有数新电商营销大数据分析平台_抖音电商选品软件_智能投放提效工具-云巴巴,other,https://yun88.com/product/8283.html,yun88.com,1
CMCR-CIT-777BCFB6E137D1CC73F8481F,CMCR-CMP-20260819-C2-Q0016,CMCR-Q0016,短视频素材库网站和专业电商素材洞察工具有什么区别？,对比决策问题,蝉妈妈·创意 | 官网入口 - 短视频爆量素材创作工具,other,https://cxgn.cn/chan-ma-ma-chuang-yi,cxgn.cn,1
CMCR-CIT-B535E074418DF1DE2832A65A,CMCR-CMP-20260819-C2-Q0016,CMCR-Q0016,短视频素材库网站和专业电商素材洞察工具有什么区别？,对比决策问题,PandaMobo重磅发布JoinSpark:专为出海而生的AI爆款素材工具 | 广告门,other,https://m.adquan.com/detail/7-361863,m.adquan.com,1
CMCR-CIT-941E0C86BD43D5855FDBB2E9,CMCR-CMP-20260819-C2-Q0016,CMCR-Q0016,短视频素材库网站和专业电商素材洞察工具有什么区别？,对比决策问题,6 Best Creative Automation and Intelligence Tools for E-commerce in 2026,other,https://segwise.ai/blog/creative-automation-tools-for-e-commerce-2026,segwise.ai,1
CMCR-CIT-F1CD64D649A73C6B611E59C6,CMCR-CMP-20260819-C2-Q0016,CMCR-Q0016,短视频素材库网站和专业电商素材洞察工具有什么区别？,对比决策问题,抖音,other,https://iesdouyin.com/share/video/7644160246316009913,iesdouyin.com,2
CMCR-CIT-BE8D9E4205768193AC88C4A3,CMCR-CMP-20260819-C2-Q0016,CMCR-Q0016,短视频素材库网站和专业电商素材洞察工具有什么区别？,对比决策问题,抖音,other,https://iesdouyin.com/share/video/7642327130080282235,iesdouyin.com,2
CMCR-CIT-6552AE2E72C13F89B93F3978,CMCR-CMP-20260819-C2-Q0017,CMCR-Q0017,电商团队找爆款素材，用什么工具效率更高？,业务场景问题,SegmentFault 思否,other,https://segmentfault.com/a/1190000048067222,segmentfault.com,5
CMCR-CIT-1473F0DB4A6C7C0895B1072F,CMCR-CMP-20260819-C2-Q0017,CMCR-Q0017,电商团队找爆款素材，用什么工具效率更高？,业务场景问题,搜狐,media,https://m.sohu.com/a/1062855528_121798712,m.sohu.com,2
CMCR-CIT-AEADAB0131951A87AC70021B,CMCR-CMP-20260819-C2-Q0018,CMCR-Q0018,抖音电商团队怎么判断一个素材值不值得跟进？,案例/效果问题,搜狐,media,https://m.sohu.com/a/1028415958_122687463,m.sohu.com,1
CMCR-CIT-01C1C52C9CE12C0C9A9F9DC3,CMCR-CMP-20260819-C2-Q0018,CMCR-Q0018,抖音电商团队怎么判断一个素材值不值得跟进？,案例/效果问题,抖音电商,platform_official,https://school.jinritemai.com/doudian/web/article/aHgP2ojGze9A?btm_ppre=a4977.b7658.c0.d0&btm_pre=a4977.b7658.c0.d0&btm_show_id=35c2e993-e27a-4de6-8a94-68ca5a71801e,school.jinritemai.com,1
CMCR-CIT-493EF6192FD75697222C2DF7,CMCR-CMP-20260819-C2-Q0018,CMCR-Q0018,抖音电商团队怎么判断一个素材值不值得跟进？,案例/效果问题,新浪财经,other,http://finance.sina.cn/2026-08-11/detail-inimxrni0663211.d.html,finance.sina.cn,1
CMCR-CIT-F0C57BFFD94B5CC0AC6D698C,CMCR-CMP-20260819-C2-Q0018,CMCR-Q0018,抖音电商团队怎么判断一个素材值不值得跟进？,案例/效果问题,抖音电商,platform_official,https://school.jinritemai.com/doudian/web/article/aJWuBZTyNH4L?from_school=1&should_full_screen=1&should_hide_bottom_nav=1,school.jinritemai.com,1
CMCR-CIT-69FF3B6F8B36E329F1337A80,CMCR-CMP-20260819-C2-Q0018,CMCR-Q0018,抖音电商团队怎么判断一个素材值不值得跟进？,案例/效果问题,原创力文档,other,https://m.book118.com/html/2026/0201/8112116116010042.shtm,m.book118.com,1
CMCR-CIT-8D8D68647B08724D4FBEC634,CMCR-CMP-20260819-C2-Q0018,CMCR-Q0018,抖音电商团队怎么判断一个素材值不值得跟进？,案例/效果问题,米果云仓,other,https://milguo.com/notice/a-12188.html,milguo.com,1
CMCR-CIT-8AE9F60D8DD868D90CD6C04C,CMCR-CMP-20260819-C2-Q0018,CMCR-Q0018,抖音电商团队怎么判断一个素材值不值得跟进？,案例/效果问题,中华网科技频道,other,https://m.tech.china.com/mtz/touzi/2026/0728/253158.html,m.tech.china.com,1
CMCR-CIT-31081772580F8468F1849FEF,CMCR-CMP-20260819-C2-Q0019,CMCR-Q0019,电商爆款素材库一般能看哪些素材和投放数据？,业务场景问题,有米有数 - OpenI,other,https://ai.openi.cn/sites/11003.html,ai.openi.cn,1
CMCR-CIT-4662C28785EBB22F441A7EAE,CMCR-CMP-20260819-C2-Q0019,CMCR-Q0019,电商爆款素材库一般能看哪些素材和投放数据？,业务场景问题,Shopee广告爆品素材库介绍及使用方法(2024年10月更新) | 虾皮广告,other,https://ads.shopee.cn/learn/faq/310/1423,ads.shopee.cn,2
CMCR-CIT-BD623364E14DC280F5C472C9,CMCR-CMP-20260819-C2-Q0019,CMCR-Q0019,电商爆款素材库一般能看哪些素材和投放数据？,业务场景问题,电商运营选素材库，易元AI和即梦AI哪个适配千川投流?-在线订票-互动吧,other,https://party.hudongba.com/party/92k57.html,party.hudongba.com,1
CMCR-CIT-D1BF1A0475D5D692DB529B72,CMCR-CMP-20260819-C2-Q0019,CMCR-Q0019,电商爆款素材库一般能看哪些素材和投放数据？,业务场景问题,蝉妈妈·创意 | 官网入口 - 短视频爆量素材创作工具,other,https://cxgn.cn/chan-ma-ma-chuang-yi,cxgn.cn,1
CMCR-CIT-C574F1944897B2B87B2E096A,CMCR-CMP-20260819-C2-Q0019,CMCR-Q0019,电商爆款素材库一般能看哪些素材和投放数据？,业务场景问题,搜狐,media,https://m.sohu.com/a/1043282400_122634602,m.sohu.com,1
CMCR-CIT-B4A408DB91DD0F5356AD2970,CMCR-CMP-20260819-C2-Q0019,CMCR-Q0019,电商爆款素材库一般能看哪些素材和投放数据？,业务场景问题,黑五 3 天肝出 50 组爆款素材!这工具让我躲过版权坑，CTR ... - AdvertCN - 广告中国 - Powered by Discuz!,other,https://advertcn.com/forum.php?action=printable&mobile=no&mod=viewthread&tid=120770,advertcn.com,1
CMCR-CIT-44C4626C8A69D3AE160D4A3B,CMCR-CMP-20260819-C2-Q0019,CMCR-Q0019,电商爆款素材库一般能看哪些素材和投放数据？,业务场景问题,获取投放素材数据-数据报表-商业开放平台,platform_official,https://open.oceanengine.com/docs/1745207002572807,open.oceanengine.com,2
CMCR-CIT-C09565F086FEBD9049108110,CMCR-CMP-20260819-C2-Q0019,CMCR-Q0019,电商爆款素材库一般能看哪些素材和投放数据？,业务场景问题,巨量创意,platform_official,https://cc.oceanengine.com/academy/article-detail/94d0cc32d22c535e09f14ea77f9ee51c,cc.oceanengine.com,1
CMCR-CIT-FF00ED8C883CF027158B5E9D,CMCR-CMP-20260819-C2-Q0019,CMCR-Q0019,电商爆款素材库一般能看哪些素材和投放数据？,业务场景问题,抖音,other,https://iesdouyin.com/share/video/7661927728530066726,iesdouyin.com,1
CMCR-CIT-7EEABC37749328625CA68643,CMCR-CMP-20260819-C2-Q0019,CMCR-Q0019,电商爆款素材库一般能看哪些素材和投放数据？,业务场景问题,抖音,other,https://iesdouyin.com/share/video/7673771497470561579,iesdouyin.com,1
CMCR-CIT-E2F23F459ED4BAC2F7187E28,CMCR-CMP-20260819-C2-Q0019,CMCR-Q0019,电商爆款素材库一般能看哪些素材和投放数据？,业务场景问题,抖音,other,https://iesdouyin.com/share/video/7674482170592906506,iesdouyin.com,1
CMCR-CIT-73E1A70CA2C1780DCBC6DD2D,CMCR-CMP-20260819-C2-Q0019,CMCR-Q0019,电商爆款素材库一般能看哪些素材和投放数据？,业务场景问题,获取千川素材库视频-素材管理-商业开放平台,platform_official,https://open.oceanengine.com/docs/1739309912219663,open.oceanengine.com,1
CMCR-CIT-438DE66506EFBC54CA691AE4,CMCR-CMP-20260819-C2-Q0019,CMCR-Q0019,电商爆款素材库一般能看哪些素材和投放数据？,业务场景问题,电商视觉营销指南 2026(主图/详情页/视频/直播封面)-广州艾米视觉传媒有限公司,other,https://airmie.cn/News/fenxiang/guide-visual-marketing-2026.html,airmie.cn,1
CMCR-CIT-6235ABCDCF16AAC4441DB290,CMCR-CMP-20260819-C2-Q0019,CMCR-Q0019,电商爆款素材库一般能看哪些素材和投放数据？,业务场景问题,抖音,other,https://iesdouyin.com/share/video/7671546366346186036,iesdouyin.com,1
CMCR-CIT-254C467724D66033A920DEF0,CMCR-CMP-20260819-C2-Q0019,CMCR-Q0019,电商爆款素材库一般能看哪些素材和投放数据？,业务场景问题,Facebook、TikTok、YouTube 与 Instagram 广告素材库 - SellerCenter,other,https://sellercenter.io/cn/ads,sellercenter.io,1
CMCR-CIT-B2D728A23366EA25CDF1B16F,CMCR-CMP-20260819-C2-Q0019,CMCR-Q0019,电商爆款素材库一般能看哪些素材和投放数据？,业务场景问题,磁力金牛素材中心诊断能力 | 快手广告推广后台,other,https://m.kuai-ad.com/zixun/9124.html,m.kuai-ad.com,1
CMCR-CIT-937E2DA609E7F0B30D42533D,CMCR-CMP-20260819-C2-Q0020,CMCR-Q0020,AI 带货视频生成工具有哪些，电商团队怎么选？,品类认知问题,Manus,other,https://manus.im/blog/best-ai-video-generator,manus.im,1
CMCR-CIT-71693FD693ACBBAAD183655D,CMCR-CMP-20260819-C2-Q0020,CMCR-Q0020,AI 带货视频生成工具有哪些，电商团队怎么选？,品类认知问题,财富号,other,https://caifuhao.eastmoney.com/news/20260813112447574088160,caifuhao.eastmoney.com,1
CMCR-CIT-E66F840D18B132CBBBF3505F,CMCR-CMP-20260819-C2-Q0020,CMCR-Q0020,AI 带货视频生成工具有哪些，电商团队怎么选？,品类认知问题,火山引擎开发者社区,other,https://developer.volcengine.com/articles/7665271176059371574,developer.volcengine.com,1
CMCR-CIT-2955EDBE62F446D5F4310FA5,CMCR-CMP-20260819-C2-Q0020,CMCR-Q0020,AI 带货视频生成工具有哪些，电商团队怎么选？,品类认知问题,京东云-开发者社区,other,https://developer.jdcloud.com/article/4499,developer.jdcloud.com,1
CMCR-CIT-831FBB81F1CE8F38117BD463,CMCR-CMP-20260819-C2-Q0020,CMCR-Q0020,AI 带货视频生成工具有哪些，电商团队怎么选？,品类认知问题,搜狐,media,https://m.sohu.com/a/1052819040_122576344,m.sohu.com,1
CMCR-CIT-5D5FBFDF0A1C51EFF0A0C493,CMCR-CMP-20260819-C2-Q0020,CMCR-Q0020,AI 带货视频生成工具有哪些，电商团队怎么选？,品类认知问题,腾讯云,other,https://cloud.tencent.com/developer/article/2695124,cloud.tencent.com,1
CMCR-CIT-DE6ADBE14924B88FC9107DE3,CMCR-CMP-20260819-C2-Q0020,CMCR-Q0020,AI 带货视频生成工具有哪些，电商团队怎么选？,品类认知问题,大众网,other,http://dzwww.com/jixie/98ce51ca04635610.html,dzwww.com,1
CMCR-CIT-DD9539C7ED9FAF32027FCAC3,CMCR-CMP-20260819-C2-Q0020,CMCR-Q0020,AI 带货视频生成工具有哪些，电商团队怎么选？,品类认知问题,php中文网,other,https://m.php.cn/faq/3003148.html,m.php.cn,1
CMCR-CIT-6C03AB1F154A1A88A69D4C5E,CMCR-CMP-20260819-C2-Q0020,CMCR-Q0020,AI 带货视频生成工具有哪些，电商团队怎么选？,品类认知问题,同花顺财经,other,https://stockpage.10jqka.com.cn/basicweb/176/HK1024,stockpage.10jqka.com.cn,1
CMCR-CIT-6DC2513CCB66249772CDF11C,CMCR-CMP-20260819-C2-Q0021,CMCR-Q0021,AI 商品视频生成工具有哪些，能不能直接用于广告投放？,品类认知问题,阿里云OpenAPI开发者门户,other,https://troubleshooting.api.aliyun.com/document/Aidge/2026-04-28/VideoGeneration,troubleshooting.api.aliyun.com,1
CMCR-CIT-CFA018E0B7974CB2A7F7BFED,CMCR-CMP-20260819-C2-Q0021,CMCR-Q0021,AI 商品视频生成工具有哪些，能不能直接用于广告投放？,品类认知问题,中华网科技频道,other,https://m.tech.china.com/articles/20260807/202608071936050.html,m.tech.china.com,1
CMCR-CIT-4639BE537A9AD16D664E11C6,CMCR-CMP-20260819-C2-Q0021,CMCR-Q0021,AI 商品视频生成工具有哪些，能不能直接用于广告投放？,品类认知问题,阿里云,other,https://aliyun.com/benefit/aiuse/productvideo,aliyun.com,1
CMCR-CIT-1678A1CF829AF6A263941EC3,CMCR-CMP-20260819-C2-Q0022,CMCR-Q0022,通用 AI 视频生成工具和电商广告素材创作工具有什么区别？,对比决策问题,搜狐,media,https://gov.sohu.com/a/994116466_122579048,gov.sohu.com,1
CMCR-CIT-09E83BE9E1F683743513D93D,CMCR-CMP-20260819-C2-Q0022,CMCR-Q0022,通用 AI 视频生成工具和电商广告素材创作工具有什么区别？,对比决策问题,中华网科技频道,other,https://m.tech.china.com/redian/2026/0725/072026_1925977.html,m.tech.china.com,1
CMCR-CIT-2E695A3EE2153EF6806D8FEF,CMCR-CMP-20260819-C2-Q0022,CMCR-Q0022,通用 AI 视频生成工具和电商广告素材创作工具有什么区别？,对比决策问题,中华网科技频道,other,https://m.tech.china.com/redian/2026/0724/072026_1925525.html,m.tech.china.com,1
CMCR-CIT-F364F334CB00AA4738D67994,CMCR-CMP-20260819-C2-Q0023,CMCR-Q0023,电商团队怎么沉淀视频素材资产？,业务场景问题,如何利用AI实现电商素材的统一沉淀与管理_mob64ca1404ed65的技术博客_51CTO博客,other,https://blog.51cto.com/u_16213636/14735244,blog.51cto.com,1
CMCR-CIT-C3BCA6C4A932751F0DFE2BCB,CMCR-CMP-20260819-C2-Q0023,CMCR-Q0023,电商团队怎么沉淀视频素材资产？,业务场景问题,稀土掘金,other,https://juejin.cn/post/7612929690668269611,juejin.cn,1
CMCR-CIT-228E9E0BA2D9CA85B8C097DD,CMCR-CMP-20260819-C2-Q0023,CMCR-Q0023,电商团队怎么沉淀视频素材资产？,业务场景问题,抖音,other,https://iesdouyin.com/share/video/7598502226444799286,iesdouyin.com,1
CMCR-CIT-AE7517B843D644997418482C,CMCR-CMP-20260819-C2-Q0023,CMCR-Q0023,电商团队怎么沉淀视频素材资产？,业务场景问题,抖音,other,https://iesdouyin.com/share/video/7630733523967626515,iesdouyin.com,2
CMCR-CIT-C5B0167206E42466293D60F3,CMCR-CMP-20260819-C2-Q0023,CMCR-Q0023,电商团队怎么沉淀视频素材资产？,业务场景问题,抖音,other,https://iesdouyin.com/share/video/7614762087525721571,iesdouyin.com,1
CMCR-CIT-DFA75E6DB397F2601294A88D,CMCR-CMP-20260819-C2-Q0023,CMCR-Q0023,电商团队怎么沉淀视频素材资产？,业务场景问题,跨境电商视频素材库搭建与素材标签方法 - 深圳世纪一度影视传媒有限公司,other,http://m.onesmovies.com/sys-nd/687.html,m.onesmovies.com,2
CMCR-CIT-05D15BF42C403EBA35776EBE,CMCR-CMP-20260819-C2-Q0023,CMCR-Q0023,电商团队怎么沉淀视频素材资产？,业务场景问题,电商直播多直播间素材管理实战指南 - CSDN文库,other,https://wenku.csdn.net/column/k4dmzjiv35g,wenku.csdn.net,1
CMCR-CIT-9559BFDE4B00E518FD37B9FF,CMCR-CMP-20260819-C2-Q0023,CMCR-Q0023,电商团队怎么沉淀视频素材资产？,业务场景问题,How to Build a Creator Content Library for Your Brand,other,https://sup.co/blog/how-to-build-a-creator-content-library-for-your-brand,sup.co,2
CMCR-CIT-1241C7D94628B130300880BF,CMCR-CMP-20260819-C2-Q0023,CMCR-Q0023,电商团队怎么沉淀视频素材资产？,业务场景问题,什么值得买,other,https://post.m.smzdm.com/p/al37z8w8,post.m.smzdm.com,1
CMCR-CIT-6C3CC51AFB620FAF1B5A1D41,CMCR-CMP-20260819-C2-Q0023,CMCR-Q0023,电商团队怎么沉淀视频素材资产？,业务场景问题,海量电商素材分类归档用 AI 怎么做?三步搭建智能工作流 - 实在智能,other,https://ai-indeed.com/encyclopedia/22943.html,ai-indeed.com,1
CMCR-CIT-B39D7AF5CA3EEF84A4FEE5E1,CMCR-CMP-20260819-C2-Q0023,CMCR-Q0023,电商团队怎么沉淀视频素材资产？,业务场景问题,电商直播素材管理规范怎么做?多直播间素材库建设指南,other,https://musedam.cc/zh-CN/blog/live-commerce-asset-library-management,musedam.cc,1
CMCR-CIT-9D236E0101D45B5F2E4A2B9D,CMCR-CMP-20260819-C2-Q0023,CMCR-Q0023,电商团队怎么沉淀视频素材资产？,业务场景问题,电商直播素材管理:痛点解析与高效解决方案 - CSDN文库,other,https://wenku.csdn.net/column/0650oj1todi,wenku.csdn.net,1
CMCR-CIT-7049CB23D6DB333B08E56740,CMCR-CMP-20260819-C2-Q0023,CMCR-Q0023,电商团队怎么沉淀视频素材资产？,业务场景问题,CSDN博客,other,https://blog.csdn.net/2601_96244234/article/details/163560173,blog.csdn.net,1
CMCR-CIT-FCDB7CD925717518BA8BCB90,CMCR-CMP-20260819-C2-Q0023,CMCR-Q0023,电商团队怎么沉淀视频素材资产？,业务场景问题,某垂直电商如何借助 DAM 做年终大促素材管理复盘?,other,https://musedam.cc/zh-CN/blog/dam-ecommerce-campaign-review,musedam.cc,1
CMCR-CIT-0D3F9ED4E9B6D28198876B18,CMCR-CMP-20260819-C2-Q0023,CMCR-Q0023,电商团队怎么沉淀视频素材资产？,业务场景问题,矩阵多版本带货长视频生产:分镜素材智能匹配减少高频实拍-在线订票-互动吧,other,https://party.hudongba.com/party/mg257.html,party.hudongba.com,1
CMCR-CIT-4B299AF729494F50E600D00E,CMCR-CMP-20260819-C2-Q0024,CMCR-Q0024,千川素材监测工具有哪些，能不能看同行素材？,品类认知问题,抖音,other,https://iesdouyin.com/share/video/7664907261168324287,iesdouyin.com,1
CMCR-CIT-422EE3711FDFA9750B65506C,CMCR-CMP-20260819-C2-Q0024,CMCR-Q0024,千川素材监测工具有哪些，能不能看同行素材？,品类认知问题,‎考古加·创意-千川素材& 抖音广告素材分析工具 App - App Store,other,https://apps.apple.com/cn/app/%E8%80%83%E5%8F%A4%E5%8A%A0-%E5%88%9B%E6%84%8F-%E5%8D%83%E5%B7%9D%E7%B4%A0%E6%9D%90-%E6%8A%96%E9%9F%B3%E5%B9%BF%E5%91%8A%E7%B4%A0%E6%9D%90%E5%88%86%E6%9E%90%E5%B7%A5%E5%85%B7/id6743687007,apps.apple.com,1
CMCR-CIT-837898136D3926267A6B7C75,CMCR-CMP-20260819-C2-Q0024,CMCR-Q0024,千川素材监测工具有哪些，能不能看同行素材？,品类认知问题,抖音,other,https://iesdouyin.com/share/video/7650365262658582949,iesdouyin.com,2
CMCR-CIT-850FB8E3E753C3BC72BC88B9,CMCR-CMP-20260819-C2-Q0024,CMCR-Q0024,千川素材监测工具有哪些，能不能看同行素材？,品类认知问题,抖音,other,https://iesdouyin.com/share/video/7548007944147750196,iesdouyin.com,2
CMCR-CIT-6C3E2D1D966DA00987E49A62,CMCR-CMP-20260819-C2-Q0024,CMCR-Q0024,千川素材监测工具有哪些，能不能看同行素材？,品类认知问题,CSDN博客,other,https://blog.csdn.net/m0_74150970/article/details/162851108,blog.csdn.net,1
CMCR-CIT-B1DAAAF6792D8CAAEFB9792A,CMCR-CMP-20260819-C2-Q0024,CMCR-Q0024,千川素材监测工具有哪些，能不能看同行素材？,品类认知问题,稀土掘金,other,https://juejin.cn/post/7662617384499085338,juejin.cn,1
CMCR-CIT-978EEA9F23F89FDE77D0B3EC,CMCR-CMP-20260819-C2-Q0024,CMCR-Q0024,千川素材监测工具有哪些，能不能看同行素材？,品类认知问题,抖音,other,https://iesdouyin.com/share/video/7612824627403967754,iesdouyin.com,1
CMCR-CIT-E6AD81CCE87098921DD8D1FA,CMCR-CMP-20260819-C2-Q0024,CMCR-Q0024,千川素材监测工具有哪些，能不能看同行素材？,品类认知问题,搜狐,media,https://m.sohu.com/a/1048151337_122649014,m.sohu.com,1
CMCR-CIT-DE82162A18E377E7EA1B438E,CMCR-CMP-20260819-C2-Q0024,CMCR-Q0024,千川素材监测工具有哪些，能不能看同行素材？,品类认知问题,电商运营选素材库，易元AI和即梦AI哪个适配千川投流?-在线订票-互动吧,other,https://hudongba.com/party/92k57.html,hudongba.com,1
CMCR-CIT-D2AAE0B08FB54FAB741A5DCC,CMCR-CMP-20260819-C2-Q0024,CMCR-Q0024,千川素材监测工具有哪些，能不能看同行素材？,品类认知问题,目前有哪些免费的国内广告情报监测工具?_广告行业问答_问答_传播易,other,https://m.chuanboyi.com/wenda/show/216.html,m.chuanboyi.com,1
CMCR-CIT-1B946E9DD0BB07879D17FFE8,CMCR-CMP-20260819-C2-Q0024,CMCR-Q0024,千川素材监测工具有哪些，能不能看同行素材？,品类认知问题,蝉妈妈·创意 - 千川投放素材_短视频素材创意服务平台,official_direct,https://cy.chanmama.com/,cy.chanmama.com,1
CMCR-CIT-A6F2239EF89A2BCB2A0D6A59,CMCR-CMP-20260819-C2-Q0024,CMCR-Q0024,千川素材监测工具有哪些，能不能看同行素材？,品类认知问题,网易,media,https://163.com/dy/article/L2GUIA160556OFA0.html,163.com,1
CMCR-CIT-A5316A84EDA751171FAD231B,CMCR-CMP-20260819-C2-Q0024,CMCR-Q0024,千川素材监测工具有哪些，能不能看同行素材？,品类认知问题,抖音,other,https://iesdouyin.com/share/video/7673346499589390185,iesdouyin.com,1
CMCR-CIT-4496328FB217F733E8249C5D,CMCR-CMP-20260819-C2-Q0024,CMCR-Q0024,千川素材监测工具有哪些，能不能看同行素材？,品类认知问题,巨量算数报告-新榜-新媒体导航,other,https://nav.newrank.cn/site/255,nav.newrank.cn,1
CMCR-CIT-00A0606B1FF986B85B448BB6,CMCR-CMP-20260819-C2-Q0024,CMCR-Q0024,千川素材监测工具有哪些，能不能看同行素材？,品类认知问题,蝉妈妈app-官方正版软件2026最新版本免费下载-应用宝官网,media,https://sj.qq.com/appdetail/com.chandashi.chanmama?from_wxz=1,sj.qq.com,1
CMCR-CIT-5E76231750362C9E2C949434,CMCR-CMP-20260819-C2-Q0025,CMCR-Q0025,千川隐藏素材在哪里看？,业务场景问题,如何看千川隐藏素材? - 自媒体问答 - HCRM问答,other,https://bbs.huochengrm.cn/questions/21098.html,bbs.huochengrm.cn,3
CMCR-CIT-4BB2DC8940ED10F01101E6CD,CMCR-CMP-20260819-C2-Q0025,CMCR-Q0025,千川隐藏素材在哪里看？,业务场景问题,抖音,other,https://iesdouyin.com/share/video/7658224428979875066,iesdouyin.com,6
CMCR-CIT-6405336D188014399896B3DD,CMCR-CMP-20260819-C2-Q0025,CMCR-Q0025,千川隐藏素材在哪里看？,业务场景问题,抖音电商,platform_official,https://school.jinritemai.com/doudian/wap/course-series/cJZHjLnhaLyw/cJZHjLnhaLywlJZJUawr8APt?from=douyinofficial_table%2F1000&from_school=1&should_full_screen=1&should_hide_bottom_nav=1,school.jinritemai.com,1
CMCR-CIT-C7C223524146915B82A7DFA0,CMCR-CMP-20260819-C2-Q0025,CMCR-Q0025,千川隐藏素材在哪里看？,业务场景问题,抖音,other,https://iesdouyin.com/share/video/7654157362026089780,iesdouyin.com,1
CMCR-CIT-53777C933C7796721BF34F20,CMCR-CMP-20260819-C2-Q0025,CMCR-Q0025,千川隐藏素材在哪里看？,业务场景问题,抖音巨量千川平台更新低质量内容治理策略 - 多面手企业网络推广一站式服务,other,https://80tg.com/news/43430.html,80tg.com,1
CMCR-CIT-62A8E52D4DB217FB2E0B1FC6,CMCR-CMP-20260819-C2-Q0025,CMCR-Q0025,千川隐藏素材在哪里看？,业务场景问题,抖音电商,platform_official,https://school.jinritemai.com/doudian/wap/course-series/cJZHjLnhaLyw/cJZHjLnhaLywlJZJUawr8L8r?from_school=1&should_full_screen=1&should_hide_bottom_nav=1,school.jinritemai.com,2
CMCR-CIT-581B2297BA4D485E5E9D2B35,CMCR-CMP-20260819-C2-Q0025,CMCR-Q0025,千川隐藏素材在哪里看？,业务场景问题,抖音电商,platform_official,https://school.jinritemai.com/doudian/wap/course-series/cJZHjLnhaLyw/cJZHjLnhaLywlJZJUawr8L8r?from=gt%E4%BA%9A%E9%A9%AC%E9%80%8A%E7%94%B5%E5%95%86%E5%9F%B9%E8%AE%AD%E6%B5%81%E7%A8%8B%E5%9B%BE%2C%E2%9C%94%EF%B8%8F%E6%89%8B%E6%9C%BA%E4%BB%A3%E7%90%86ip%F0%9F%94%B4lu911.com%E2%9C%94%EF%B8%8F%2C%E4%BC%81%E4%B8%9A%E7%BD%91%E7%BB%9C%E5%AE%A3%E4%BC%A0%E6%8E%A8%E5%B9%BF%2C%E5%A5%BD%E7%94%A8%E7%9A%84vpn%E6%89%8B%E6%9C%BA%2C%E5%A4%96%E8%B4%B8%E7%9A%84%E7%BD%91%E7%BB%9C%E6%8E%A8%E5%B9%BF%E6%96%B9%E6%B3%95%2C%E2%9C%85%E2%9C%85%E7%BA%AF%E5%87%80%E4%BB%A3%E7%90%86ip%F0%9F%94%B4lu911.com%E2%9C%85%E2%9C%85%2Cvps%E9%9D%A2%E6%9D%BF%E6%8E%A8%E8%8D%90%2C%E6%B5%B7%E5%A4%96vpn%E4%BB%A3%E7%90%86&from_school=1&should_full_screen=1&should_hide_bottom_nav=1,school.jinritemai.com,1
CMCR-CIT-668A67C5E1F1A2ADFDAD81F0,CMCR-CMP-20260819-C2-Q0025,CMCR-Q0025,千川隐藏素材在哪里看？,业务场景问题,抖音,other,https://iesdouyin.com/share/video/7595133389545524901,iesdouyin.com,5
CMCR-CIT-1BAE2AE779AC72BB89F70BB0,CMCR-CMP-20260819-C2-Q0025,CMCR-Q0025,千川隐藏素材在哪里看？,业务场景问题,抖音,other,https://iesdouyin.com/share/video/7592827724834639150,iesdouyin.com,2
CMCR-CIT-D3E405D98A5101AC849B8B66,CMCR-CMP-20260819-C2-Q0025,CMCR-Q0025,千川隐藏素材在哪里看？,业务场景问题,获取千川素材库视频-素材管理-商业开放平台,platform_official,https://open.oceanengine.com/docs/1739309912219663,open.oceanengine.com,2
CMCR-CIT-F91580BE32573A880E105248,CMCR-CMP-20260819-C2-Q0025,CMCR-Q0025,千川隐藏素材在哪里看？,业务场景问题,抖音电商,platform_official,https://school.jinritemai.com/doudian/wap/course-series/cJZHjLnhaLyw/cJZHjLnhaLywlJZJUawr8APt?from=douyinofficial_table&from_school=1&should_full_screen=1&should_hide_bottom_nav=1,school.jinritemai.com,1
CMCR-CIT-98D73C829E3BFF51B68D937B,CMCR-CMP-20260819-C2-Q0025,CMCR-Q0025,千川隐藏素材在哪里看？,业务场景问题,编辑全域投放计划-千川PC乘方& 全域投放-商业开放平台,platform_official,https://open.oceanengine.com/docs/1804361214022656,open.oceanengine.com,1
CMCR-CIT-563FA49A235D16EBA7630739,CMCR-CMP-20260819-C2-Q0025,CMCR-Q0025,千川隐藏素材在哪里看？,业务场景问题,一文掌握「低效素材」和「低质素材」优化方法!不及时处理会影响跑量 – 买量小飞机,other,http://smallfighter.com/post/3366,smallfighter.com,1
CMCR-CIT-9AC702668E239B4C348AFB14,CMCR-CMP-20260819-C2-Q0025,CMCR-Q0025,千川隐藏素材在哪里看？,业务场景问题,📃【超级编导--巨量千川/广告】分发使用帮助,other,https://help.superdir.cn/docs/chao-ji-bian-dao-ju-liang-qian-chuan-guang-gao-su-cai-fen-fa-shi-yong-bang-zhu,help.superdir.cn,1
CMCR-CIT-03D40A8A4907B334454BF5A5,CMCR-CMP-20260819-C2-Q0025,CMCR-Q0025,千川隐藏素材在哪里看？,业务场景问题,抖音草稿箱在哪打开? - 太平洋科技,other,https://g.pconline.com.cn/ask/22505.html,g.pconline.com.cn,1
CMCR-CIT-7A52A7BE5F3CE05389B2BAE1,CMCR-CMP-20260819-C2-Q0025,CMCR-Q0025,千川隐藏素材在哪里看？,业务场景问题,千川本地视频如何查看? - 自媒体问答 - HCRM问答,other,https://bbs.huochengrm.cn/questions/20729.html,bbs.huochengrm.cn,1
CMCR-CIT-35A8611777B95380D10DE6FE,CMCR-CMP-20260819-C2-Q0025,CMCR-Q0025,千川隐藏素材在哪里看？,业务场景问题,抖音电商,platform_official,https://school.jinritemai.com/doudian/wap/article/aJcDVCodnUGa?from_school=1&should_full_screen=1&should_hide_bottom_nav=1,school.jinritemai.com,1
CMCR-CIT-8B18329C70C3D715E52DDF37,CMCR-CMP-20260819-C2-Q0025,CMCR-Q0025,千川隐藏素材在哪里看？,业务场景问题,抖音,other,https://iesdouyin.com/share/video/7667493707461020968,iesdouyin.com,1
CMCR-CIT-1D82F00D317DC8D5506BC5CE,CMCR-CMP-20260819-C2-Q0025,CMCR-Q0025,千川隐藏素材在哪里看？,业务场景问题,搜狐,media,https://m.sohu.com/a/1063942281_121886306,m.sohu.com,1
CMCR-CIT-6A9D5CBEA3EC2F90DA4CFCBF,CMCR-CMP-20260819-C2-Q0025,CMCR-Q0025,千川隐藏素材在哪里看？,业务场景问题,抖音,other,https://iesdouyin.com/share/video/7664907261168324287,iesdouyin.com,1
CMCR-CIT-41C275CE12E9CABE635B25E1,CMCR-CMP-20260819-C2-Q0025,CMCR-Q0025,千川隐藏素材在哪里看？,业务场景问题,千川“标准推广”5月下线!3步破解流量生死局 - 零售 - 亿邦动力,other,https://m.ebrun.com/578944.html,m.ebrun.com,1
CMCR-CIT-88C637CF53ADA8E966569551,CMCR-CMP-20260819-C2-Q0025,CMCR-Q0025,千川隐藏素材在哪里看？,业务场景问题,抖音,other,https://iesdouyin.com/share/video/7544311342484819240,iesdouyin.com,1
CMCR-CIT-039F68063068B85B359FC936,CMCR-CMP-20260819-C2-Q0026,CMCR-Q0026,千川素材库在哪里看，能看到哪些素材和投放数据？,案例/效果问题,📃【超级编导--巨量千川/广告】分发使用帮助,other,https://help.superdir.cn/docs/chao-ji-bian-dao-ju-liang-qian-chuan-guang-gao-su-cai-fen-fa-shi-yong-bang-zhu,help.superdir.cn,3
CMCR-CIT-3B8E473070A12DDA2E6245DB,CMCR-CMP-20260819-C2-Q0026,CMCR-Q0026,千川素材库在哪里看，能看到哪些素材和投放数据？,案例/效果问题,抖音电商,platform_official,https://school.jinritemai.com/doudian/wap/course-series/cJZHjLnhaLyw/cJZHjLnhaLywlJZJUawr8APt?from=douyinofficial_table%2F1000&from_school=1&should_full_screen=1&should_hide_bottom_nav=1,school.jinritemai.com,1
CMCR-CIT-FF003879E8D7937DC24BF3DC,CMCR-CMP-20260819-C2-Q0026,CMCR-Q0026,千川素材库在哪里看，能看到哪些素材和投放数据？,案例/效果问题,权限点与接口关系-入门指南-商业开放平台,platform_official,https://open.oceanengine.com/docs/1699625068225550,open.oceanengine.com,1
CMCR-CIT-3402C984270BE72745D80DDC,CMCR-CMP-20260819-C2-Q0026,CMCR-Q0026,千川素材库在哪里看，能看到哪些素材和投放数据？,案例/效果问题,抖音,other,https://iesdouyin.com/share/video/7671535524846259510,iesdouyin.com,2
CMCR-CIT-A513FAB5003B7EF96D101FEC,CMCR-CMP-20260819-C2-Q0026,CMCR-Q0026,千川素材库在哪里看，能看到哪些素材和投放数据？,案例/效果问题,获取全域投放计划下素材-千川PC全域投放-商业开放平台,platform_official,https://open.oceanengine.com/docs/1804363488115850,open.oceanengine.com,1
CMCR-CIT-149B00299FE086A9CBAEC3E6,CMCR-CMP-20260819-C2-Q0026,CMCR-Q0026,千川素材库在哪里看，能看到哪些素材和投放数据？,案例/效果问题,巨量千川入口 - 产品介绍 - 巨量千川帮助中心,platform_official,https://qianchuan.jinritemai.com/docs/help/11747/213224,qianchuan.jinritemai.com,2
CMCR-CIT-751963E5A8824FCD5AE3EA2A,CMCR-CMP-20260819-C2-Q0026,CMCR-Q0026,千川素材库在哪里看，能看到哪些素材和投放数据？,案例/效果问题,巨量创意,platform_official,https://cc.oceanengine.com/academy/article-detail/10338,cc.oceanengine.com,1
CMCR-CIT-5838202024948DE28A3323C3,CMCR-CMP-20260819-C2-Q0026,CMCR-Q0026,千川素材库在哪里看，能看到哪些素材和投放数据？,案例/效果问题,抖音,other,https://iesdouyin.com/share/video/7529424346259934500,iesdouyin.com,1
CMCR-CIT-B27E24EF7BE9276A416AE66F,CMCR-CMP-20260819-C2-Q0026,CMCR-Q0026,千川素材库在哪里看，能看到哪些素材和投放数据？,案例/效果问题,抖音电商,platform_official,https://school.jinritemai.com/doudian/web/article/aHwCEm6Abqyz?from_school=1&should_full_screen=1&should_hide_bottom_nav=1,school.jinritemai.com,1
CMCR-CIT-814DD521D88428EA0DD51CD0,CMCR-CMP-20260819-C2-Q0026,CMCR-Q0026,千川素材库在哪里看，能看到哪些素材和投放数据？,案例/效果问题,抖音,other,https://iesdouyin.com/share/video/7644487598248840484,iesdouyin.com,1
CMCR-CIT-F949FF9B5F658AED95882776,CMCR-CMP-20260819-C2-Q0026,CMCR-Q0026,千川素材库在哪里看，能看到哪些素材和投放数据？,案例/效果问题,顺企网,other,https://m.11467.com/product/d52997271.htm,m.11467.com,1
CMCR-CIT-9D537C55E4951EF521149255,CMCR-CMP-20260819-C2-Q0026,CMCR-Q0026,千川素材库在哪里看，能看到哪些素材和投放数据？,案例/效果问题,获取投放素材数据-数据报表-商业开放平台,platform_official,https://open.oceanengine.com/docs/1745207002572807,open.oceanengine.com,1
CMCR-CIT-EF58DD1C2C1994FE0E6E4F5E,CMCR-CMP-20260819-C2-Q0026,CMCR-Q0026,千川素材库在哪里看，能看到哪些素材和投放数据？,案例/效果问题,抖音,other,https://iesdouyin.com/share/video/7666424236554063167,iesdouyin.com,1
CMCR-CIT-14422781EBD924D899E7CFA7,CMCR-CMP-20260819-C2-Q0026,CMCR-Q0026,千川素材库在哪里看，能看到哪些素材和投放数据？,案例/效果问题,抖音,other,https://iesdouyin.com/share/video/7666416462059408686,iesdouyin.com,1
CMCR-CIT-6D4B73413850840C20BFDDF4,CMCR-CMP-20260819-C2-Q0026,CMCR-Q0026,千川素材库在哪里看，能看到哪些素材和投放数据？,案例/效果问题,抖音,other,https://iesdouyin.com/share/video/7671546366346186036,iesdouyin.com,1
CMCR-CIT-4285004EB4C7D60B06682BFD,CMCR-CMP-20260819-C2-Q0026,CMCR-Q0026,千川素材库在哪里看，能看到哪些素材和投放数据？,案例/效果问题,千川素材策略分析做到位有多难?一位从业者眼中的达人营销大变局,other,https://resources.youcloud.com/youshu/product_update/3068,resources.youcloud.com,1
CMCR-CIT-31E7B6F5D164A8AD3C1FEF19,CMCR-CMP-20260819-C2-Q0026,CMCR-Q0026,千川素材库在哪里看，能看到哪些素材和投放数据？,案例/效果问题,搜狐,media,https://m.sohu.com/a/961559229_122035892,m.sohu.com,1
CMCR-CIT-7845DE4EF7FC5EE55935338B,CMCR-CMP-20260819-C2-Q0026,CMCR-Q0026,千川素材库在哪里看，能看到哪些素材和投放数据？,案例/效果问题,抖音,other,https://iesdouyin.com/share/video/7654157362026089780,iesdouyin.com,1
CMCR-CIT-007B572E8F07CF407CCE9045,CMCR-CMP-20260819-C2-Q0026,CMCR-Q0026,千川素材库在哪里看，能看到哪些素材和投放数据？,案例/效果问题,千川如何查看当前有哪些达人视频，千川是哪个平台-百科-百科新讯网,other,https://baike.tielingcn.com/baike/10632.html,baike.tielingcn.com,1
CMCR-CIT-3301CE040D39F99F4C2B4172,CMCR-CMP-20260819-C2-Q0026,CMCR-Q0026,千川素材库在哪里看，能看到哪些素材和投放数据？,案例/效果问题,抖音,other,https://iesdouyin.com/share/video/7673331058795908390,iesdouyin.com,1
CMCR-CIT-054297A5E6B5937273869F62,CMCR-CMP-20260819-C2-Q0027,CMCR-Q0027,巨量千川素材库在哪里看，第三方工具还能补充什么？,业务场景问题,如何查看千川素材? - 自媒体问答 - HCRM问答,other,https://bbs.huochengrm.cn/questions/4320.html,bbs.huochengrm.cn,1
CMCR-CIT-7BA0B252948E7BDFCE2265F5,CMCR-CMP-20260819-C2-Q0027,CMCR-Q0027,巨量千川素材库在哪里看，第三方工具还能补充什么？,业务场景问题,📃【超级编导--巨量千川/广告】分发使用帮助,other,https://help.superdir.cn/docs/chao-ji-bian-dao-ju-liang-qian-chuan-guang-gao-su-cai-fen-fa-shi-yong-bang-zhu,help.superdir.cn,2
CMCR-CIT-2D0A4F71B32A227A3DCFA532,CMCR-CMP-20260819-C2-Q0027,CMCR-Q0027,巨量千川素材库在哪里看，第三方工具还能补充什么？,业务场景问题,抖音,other,https://iesdouyin.com/share/video/7269264174394527010,iesdouyin.com,1
CMCR-CIT-7EFF067BDF56D55372F77F12,CMCR-CMP-20260819-C2-Q0027,CMCR-Q0027,巨量千川素材库在哪里看，第三方工具还能补充什么？,业务场景问题,抖音,other,https://iesdouyin.com/share/video/7654157362026089780,iesdouyin.com,2
CMCR-CIT-252A27622459F3AE0031AA53,CMCR-CMP-20260819-C2-Q0027,CMCR-Q0027,巨量千川素材库在哪里看，第三方工具还能补充什么？,业务场景问题,顺企网,other,https://m.11467.com/product/d52997271.htm,m.11467.com,1
CMCR-CIT-6CE2155B3AB201A699A09666,CMCR-CMP-20260819-C2-Q0027,CMCR-Q0027,巨量千川素材库在哪里看，第三方工具还能补充什么？,业务场景问题,巨量创意,platform_official,https://cc.oceanengine.com/my-assets,cc.oceanengine.com,1
CMCR-CIT-6E15615C1EDCED4BF99EC414,CMCR-CMP-20260819-C2-Q0027,CMCR-Q0027,巨量千川素材库在哪里看，第三方工具还能补充什么？,业务场景问题,稀土掘金,other,https://juejin.cn/post/7662617384499085338,juejin.cn,1
CMCR-CIT-470D4E579F6A791C9EFE1C3A,CMCR-CMP-20260819-C2-Q0027,CMCR-Q0027,巨量千川素材库在哪里看，第三方工具还能补充什么？,业务场景问题,获取千川素材库视频-素材管理-商业开放平台,platform_official,https://open.oceanengine.com/docs/1739309912219663,open.oceanengine.com,2
CMCR-CIT-9F98DD93E52072263FFDA549,CMCR-CMP-20260819-C2-Q0027,CMCR-Q0027,巨量千川素材库在哪里看，第三方工具还能补充什么？,业务场景问题,2022 发展白皮书 电商生意增长的必经之路 >>>,other,https://datakoc.com/class/wp-content/uploads/2022/07/2022072313583149.pdf,datakoc.com,1
CMCR-CIT-9931A852B1D030284B3C0001,CMCR-CMP-20260819-C2-Q0027,CMCR-Q0027,巨量千川素材库在哪里看，第三方工具还能补充什么？,业务场景问题,抖音,other,https://iesdouyin.com/share/video/7671202988207148342,iesdouyin.com,1
CMCR-CIT-63E1804AC7ADF59135E204FA,CMCR-CMP-20260819-C2-Q0027,CMCR-Q0027,巨量千川素材库在哪里看，第三方工具还能补充什么？,业务场景问题,CSDN博客,other,https://blog.csdn.net/m0_74150970/article/details/162851108,blog.csdn.net,1
CMCR-CIT-AE252221E764A6CDB9614C11,CMCR-CMP-20260819-C2-Q0027,CMCR-Q0027,巨量千川素材库在哪里看，第三方工具还能补充什么？,业务场景问题,功能操作说明:创意管理产品介绍 | 巨量千川广告平台,other,https://m.tui39.com/jd/5058.html,m.tui39.com,1
CMCR-CIT-BCD5FD773BB68F39866B06CA,CMCR-CMP-20260819-C2-Q0027,CMCR-Q0027,巨量千川素材库在哪里看，第三方工具还能补充什么？,业务场景问题,抖音,other,https://iesdouyin.com/share/video/7673330794382806287,iesdouyin.com,1
CMCR-CIT-51A2D4353391389F84D63960,CMCR-CMP-20260819-C2-Q0027,CMCR-Q0027,巨量千川素材库在哪里看，第三方工具还能补充什么？,业务场景问题,抖音电商,platform_official,https://school.jinritemai.com/doudian/wap/course-series/cJZHjLnhaLyw/cJZHjLnhaLywlJZJUawr8APt?from=href&from_school=1&should_full_screen=1&should_hide_bottom_nav=1,school.jinritemai.com,1
CMCR-CIT-9D00D6B4316FEA73B124A0A7,CMCR-CMP-20260819-C2-Q0027,CMCR-Q0027,巨量千川素材库在哪里看，第三方工具还能补充什么？,业务场景问题,内容中心 - 短视频素材创作技巧与素材灵感分享,official_direct,https://cy.chanmama.com/contentCenter,cy.chanmama.com,1
CMCR-CIT-01AC86BDED0C07A8AB0E7252,CMCR-CMP-20260819-C2-Q0028,CMCR-Q0028,千川素材怎么看，怎么判断是否值得跟进？,案例/效果问题,荷塘月色,other,https://htys123.com/forum.php?authorid=293957&mobile=no&mod=viewthread&tid=218296,htys123.com,2
CMCR-CIT-D8342FEF7404B59167160C1C,CMCR-CMP-20260819-C2-Q0028,CMCR-Q0028,千川素材怎么看，怎么判断是否值得跟进？,案例/效果问题,巨量千川,platform_official,https://qianchuan.jinritemai.com/support/mobile/content/127803,qianchuan.jinritemai.com,1
CMCR-CIT-7C1C2D5BE9D0AD982D19F46C,CMCR-CMP-20260819-C2-Q0028,CMCR-Q0028,千川素材怎么看，怎么判断是否值得跟进？,案例/效果问题,CSDN博客,other,https://blog.csdn.net/chanmama8888/article/details/163539515,blog.csdn.net,1
CMCR-CIT-54EECFC3B04C85ECE960B939,CMCR-CMP-20260819-C2-Q0029,CMCR-Q0029,怎么查看同行正在投放的千川素材？,业务场景问题,抖音,other,https://iesdouyin.com/share/video/7626305610576891145,iesdouyin.com,2
CMCR-CIT-6235C972D1EBCAA7B79308EE,CMCR-CMP-20260819-C2-Q0029,CMCR-Q0029,怎么查看同行正在投放的千川素材？,业务场景问题,抖音,other,https://iesdouyin.com/share/video/7650365262658582949,iesdouyin.com,1
CMCR-CIT-09760302B29CE41D8941EB2E,CMCR-CMP-20260819-C2-Q0029,CMCR-Q0029,怎么查看同行正在投放的千川素材？,业务场景问题,抖音,other,https://iesdouyin.com/share/video/7654157362026089780,iesdouyin.com,4
CMCR-CIT-6CC2B79DAB922340CA86A12E,CMCR-CMP-20260819-C2-Q0029,CMCR-Q0029,怎么查看同行正在投放的千川素材？,业务场景问题,抖音,other,https://iesdouyin.com/share/video/7635876642010778916,iesdouyin.com,2
CMCR-CIT-039568555AF756549F76AA59,CMCR-CMP-20260819-C2-Q0029,CMCR-Q0029,怎么查看同行正在投放的千川素材？,业务场景问题,如何查看对方千川素材? - 自媒体问答 - HCRM问答,other,https://bbs.huochengrm.cn/questions/20946.html,bbs.huochengrm.cn,1
CMCR-CIT-7F7650DBA0F25D1D8B6C9F91,CMCR-CMP-20260819-C2-Q0029,CMCR-Q0029,怎么查看同行正在投放的千川素材？,业务场景问题,「商品竞争分析」产品使用手册 | 巨量千川广告平台,other,https://m.tui39.com/jd/5045.html,m.tui39.com,1
CMCR-CIT-A6B904EF065035173B85886F,CMCR-CMP-20260819-C2-Q0029,CMCR-Q0029,怎么查看同行正在投放的千川素材？,业务场景问题,抖音,other,https://iesdouyin.com/share/video/7643853727962615040,iesdouyin.com,1
CMCR-CIT-3CA5D0409A37F51E82E3A37B,CMCR-CMP-20260819-C2-Q0029,CMCR-Q0029,怎么查看同行正在投放的千川素材？,业务场景问题,千川素材策略分析终极指南:拆解月GMV 5000万的BM素材，手把手教你用AI生成千川素材(2025最新版),other,https://resources.youcloud.com/youshu/blog/3124,resources.youcloud.com,1
CMCR-CIT-5B3A10E47055DE431C1AD7F7,CMCR-CMP-20260819-C2-Q0029,CMCR-Q0029,怎么查看同行正在投放的千川素材？,业务场景问题,抖音电商,platform_official,https://school.jinritemai.com/doudian/web/course-series/cJZHjLnhaLyw/cJZHjLnhaLywlJZJUawr9Aqg?from_school=1&should_full_screen=1&should_hide_bottom_nav=1,school.jinritemai.com,1
CMCR-CIT-47C37325043A89D7FFD6A7A6,CMCR-CMP-20260819-C2-Q0029,CMCR-Q0029,怎么查看同行正在投放的千川素材？,业务场景问题,抖音,other,https://iesdouyin.com/share/video/7654879084136140058,iesdouyin.com,1
CMCR-CIT-A106CE351FA2A9FC54D47A5C,CMCR-CMP-20260819-C2-Q0029,CMCR-Q0029,怎么查看同行正在投放的千川素材？,业务场景问题,抖音,other,https://iesdouyin.com/share/video/7576168160118852891,iesdouyin.com,1
CMCR-CIT-A157238FB3340722C6FF6D8E,CMCR-CMP-20260819-C2-Q0029,CMCR-Q0029,怎么查看同行正在投放的千川素材？,业务场景问题,抖音,other,https://iesdouyin.com/share/video/7620360514762400603,iesdouyin.com,1
CMCR-CIT-558DB704E349507FB51797A6,CMCR-CMP-20260819-C2-Q0029,CMCR-Q0029,怎么查看同行正在投放的千川素材？,业务场景问题,巨量创意,platform_official,https://cc.oceanengine.com/academy/article-detail/ba8c404488b937672fdaf71bcf2a8e74,cc.oceanengine.com,1
CMCR-CIT-BF8745AED1FE5C0042570444,CMCR-CMP-20260819-C2-Q0029,CMCR-Q0029,怎么查看同行正在投放的千川素材？,业务场景问题,搜狐,media,https://m.sohu.com/a/1063942281_121886306,m.sohu.com,1
CMCR-CIT-393CC2414EF48EB147B1133C,CMCR-CMP-20260819-C2-Q0029,CMCR-Q0029,怎么查看同行正在投放的千川素材？,业务场景问题,去年开学季我亏了40万，今年靠一套千川素材策略分析翻盘了|千川素材工具 × 抖音素材工具实战笔记,other,https://resources.youcloud.com/youshu/blog/3285,resources.youcloud.com,1
CMCR-CIT-C1499CDF984A9C37AD545B6C,CMCR-CMP-20260819-C2-Q0029,CMCR-Q0029,怎么查看同行正在投放的千川素材？,业务场景问题,抖音,other,https://iesdouyin.com/share/video/7664907261168324287,iesdouyin.com,1
CMCR-CIT-69D7E1DD479A2E7F1266974E,CMCR-CMP-20260819-C2-Q0029,CMCR-Q0029,怎么查看同行正在投放的千川素材？,业务场景问题,考古加创意_让激发灵感更简单_海量千川商品广告、直播引流、CID广告素材,other,https://ad.kaogujia.com/,ad.kaogujia.com,1
CMCR-CIT-4E23827C26D7F6208CF463FB,CMCR-CMP-20260819-C2-Q0029,CMCR-Q0029,怎么查看同行正在投放的千川素材？,业务场景问题,今日头条,other,http://m.toutiao.com/group/7673420039109771816,m.toutiao.com,1
CMCR-CIT-425FDDA84ECF8BC77B770988,CMCR-CMP-20260819-C2-Q0029,CMCR-Q0029,怎么查看同行正在投放的千川素材？,业务场景问题,搜狐,media,https://m.sohu.com/a/1045151856_121886306,m.sohu.com,1
CMCR-CIT-D9A2B0DACAFE8F0FCA834171,CMCR-CMP-20260819-C2-Q0030,CMCR-Q0030,同行新投素材怎么监测，多久能发现？,业务场景问题,新素材三天消费5000仅3转化，成本1666 该停还是继续跑?投手必看判断标准 - 老杨SEM博客,other,https://tgsem.com/xxlyx/8417.html,tgsem.com,1
CMCR-CIT-47F89ED1DD645B5D258396D4,CMCR-CMP-20260819-C2-Q0030,CMCR-Q0030,同行新投素材怎么监测，多久能发现？,业务场景问题,Meta and TikTok Ad Library Competitor Creative Monitoring,other,https://pagecrawl.io/blog/meta-tiktok-ad-library-competitor-creative-monitoring,pagecrawl.io,1
CMCR-CIT-5408112042A41CEEC260A435,CMCR-CMP-20260819-C2-Q0030,CMCR-Q0030,同行新投素材怎么监测，多久能发现？,业务场景问题,抖音,other,https://iesdouyin.com/share/video/7666396394625846591,iesdouyin.com,1
CMCR-CIT-D581A2845762325CD215D49B,CMCR-CMP-20260819-C2-Q0030,CMCR-Q0030,同行新投素材怎么监测，多久能发现？,业务场景问题,"How to Find Out If Competitors Are Copying Your Ad Copy, Offers, and Landing Page Angles",other,https://adspyder.io/blog/competitors-copying-my-ad-copy,adspyder.io,1
CMCR-CIT-F0F34B8AD1875B4C467FBF9D,CMCR-CMP-20260819-C2-Q0030,CMCR-Q0030,同行新投素材怎么监测，多久能发现？,业务场景问题,抖音,other,https://iesdouyin.com/share/video/7663330989812493806,iesdouyin.com,1
CMCR-CIT-BD245C2BB11AABF6DBFBBA03,CMCR-CMP-20260819-C2-Q0030,CMCR-Q0030,同行新投素材怎么监测，多久能发现？,业务场景问题,2026移动广告情报工具核心功能解析 全方位适配App UA精细化投放_素材_数据,media,https://biznews.sohu.com/a/1049887460_121626275,biznews.sohu.com,2
CMCR-CIT-8D9C22865D94C60E2B2C412A,CMCR-CMP-20260819-C2-Q0030,CMCR-Q0030,同行新投素材怎么监测，多久能发现？,业务场景问题,目前有哪些免费的国内广告情报监测工具?_广告行业问答_问答_传播易,other,https://m.chuanboyi.com/wenda/show/216.html,m.chuanboyi.com,1
CMCR-CIT-502C5FAD49FADBD4E5C5A73D,CMCR-CMP-20260819-C2-Q0030,CMCR-Q0030,同行新投素材怎么监测，多久能发现？,业务场景问题,抖音,other,https://iesdouyin.com/share/video/7265577183509368123,iesdouyin.com,1
CMCR-CIT-69BC2C2AD189DC461EF168B3,CMCR-CMP-20260819-C2-Q0030,CMCR-Q0030,同行新投素材怎么监测，多久能发现？,业务场景问题,获取千川素材库视频-素材管理-商业开放平台,platform_official,https://open.oceanengine.com/docs/1739309912219663,open.oceanengine.com,1
CMCR-CIT-CAC7EB454102C9FB9D6175DD,CMCR-CMP-20260819-C2-Q0030,CMCR-Q0030,同行新投素材怎么监测，多久能发现？,业务场景问题,最大化千川ROI:有米有数相比蝉妈妈的独特优势,other,https://resources.youcloud.com/youshu/blog/2502,resources.youcloud.com,1
CMCR-CIT-CF218471C98E84FDDE579B79,CMCR-CMP-20260819-C2-Q0030,CMCR-Q0030,同行新投素材怎么监测，多久能发现？,业务场景问题,CSDN博客,other,https://blog.csdn.net/gitblog_00512/article/details/160097567,blog.csdn.net,1
CMCR-CIT-10FD233FA7E1BBC27F914277,CMCR-CMP-20260819-C2-Q0030,CMCR-Q0030,同行新投素材怎么监测，多久能发现？,业务场景问题,How to find and analyse competitor ads in 2026,other,https://superscale.ai/learn/competitor-ads,superscale.ai,1
CMCR-CIT-6A695850F90F63AD3766DB6D,CMCR-CMP-20260819-C2-Q0030,CMCR-Q0030,同行新投素材怎么监测，多久能发现？,业务场景问题,怎么看同行的信息流广告数据 • 万象方舟,other,https://vientianeark.cn/qa/581431.html,vientianeark.cn,1
CMCR-CIT-FC8E99AB41A574188933CA59,CMCR-CMP-20260819-C2-Q0030,CMCR-Q0030,同行新投素材怎么监测，多久能发现？,业务场景问题,抖音,other,https://iesdouyin.com/share/video/7672653329998968229,iesdouyin.com,1
CMCR-CIT-F4E83CE2F91D603938523DDF,CMCR-CMP-20260819-C2-Q0030,CMCR-Q0030,同行新投素材怎么监测，多久能发现？,业务场景问题,Competitor Ad Monitoring: Setup Guide,other,https://adlibrary.com/posts/competitor-ad-monitoring-setup-guide,adlibrary.com,1
CMCR-CIT-4219B349F24E181DB7018D0A,CMCR-CMP-20260819-C2-Q0030,CMCR-Q0030,同行新投素材怎么监测，多久能发现？,业务场景问题,How to Spy on Competitors Ads — 12 Methods That Actually Work in 2026,other,https://get-ryze.ai/blog/how-to-spy-on-competitors-ads,get-ryze.ai,1
CMCR-CIT-CE902B3E8BE9D5B3790ABD3A,CMCR-CMP-20260819-C2-Q0030,CMCR-Q0030,同行新投素材怎么监测，多久能发现？,业务场景问题,抖音信息流怎么看同行投放数据 • 万象方舟,other,https://vientianeark.cn/qa/569307.html,vientianeark.cn,1
CMCR-CIT-3A16F69351A9164CDA0B56DF,CMCR-CMP-20260819-C2-Q0031,CMCR-Q0031,怎么监控同行爆量素材，一爆量就能收到提醒吗？,业务场景问题,Meta and TikTok Ad Library Competitor Creative Monitoring,other,https://pagecrawl.io/blog/meta-tiktok-ad-library-competitor-creative-monitoring,pagecrawl.io,1
CMCR-CIT-2D88D22D7C2E301DA7453B13,CMCR-CMP-20260819-C2-Q0031,CMCR-Q0031,怎么监控同行爆量素材，一爆量就能收到提醒吗？,业务场景问题,怎么通过关键词订阅来查看最近公众号的爆款文章 - 稿轻松编辑器,other,https://a.jzl.com/news/39,a.jzl.com,1
CMCR-CIT-995AECFB87101E683366E381,CMCR-CMP-20260819-C2-Q0031,CMCR-Q0031,怎么监控同行爆量素材，一爆量就能收到提醒吗？,业务场景问题,抖音,other,https://iesdouyin.com/share/video/7659986950450995370,iesdouyin.com,1
CMCR-CIT-64B24B1F5DD54F660835452E,CMCR-CMP-20260819-C2-Q0031,CMCR-Q0031,怎么监控同行爆量素材，一爆量就能收到提醒吗？,业务场景问题,Tools for Identifying Competitor Viral Content: Outlier Detection and Analysis Compared in 2026,other,https://tubeanalytics.net/blog/tools-identifying-competitor-viral-content,tubeanalytics.net,1
CMCR-CIT-0FE1449786833943D5D4CD79,CMCR-CMP-20260819-C2-Q0031,CMCR-Q0031,怎么监控同行爆量素材，一爆量就能收到提醒吗？,业务场景问题,人工智能 - 扣子Coze实战:从0到1打造抖音+小红书热点监控智能体 - 架构师汤师爷 - SegmentFault 思否,other,https://segmentfault.com/a/1190000047592711,segmentfault.com,1
CMCR-CIT-1CDE8735A385B021299A5901,CMCR-CMP-20260819-C2-Q0031,CMCR-Q0031,怎么监控同行爆量素材，一爆量就能收到提醒吗？,业务场景问题,抖音,other,https://iesdouyin.com/share/video/7670080186025556918,iesdouyin.com,1
CMCR-CIT-7EC3B91C9CFF7E054C414DA9,CMCR-CMP-20260819-C2-Q0031,CMCR-Q0031,怎么监控同行爆量素材，一爆量就能收到提醒吗？,业务场景问题,抖音电商,platform_official,https://school.jinritemai.com/doudian/wap/course-series/cJZHjLnhaLyw/cJZHjLnhaLywlJZJUawr9Aqg?from=gt%E8%B7%AF%E7%94%B1%E5%99%A8%E5%A6%82%E4%BD%95%E7%BF%BB%E5%A2%99%E4%B8%8A%E5%9B%BD%E5%A4%96%E7%BD%91%E7%AB%99-%E2%9C%85%E6%98%93%E8%B7%AF%E6%8E%A8%E8%8D%90%F0%9F%94%B4lu911.com%E2%9C%85-%E6%81%90%E9%BE%99%E5%8C%96%E7%9F%B3%E8%B5%84%E6%96%99-%E4%B9%90%E9%AB%98%E5%AE%98%E7%BD%91-%E5%93%81%E7%89%8C%E7%BD%91%E7%BB%9C%E8%90%A5%E9%94%80%E6%8E%A8%E5%B9%BF%E5%85%AC%E5%8F%B8-%E2%9C%94%EF%B8%8F%E2%9C%94%EF%B8%8F%E6%98%93%E8%B7%AF%E4%BB%A3%E7%90%86%F0%9F%94%B4lu911.com%E2%9C%94%EF%B8%8F%E2%9C%94%EF%B8%8F-%E5%8D%96%E5%AE%B6%E7%B2%BE%E7%81%B5%E6%8F%92%E4%BB%B6%E4%B8%8D%E6%98%BE%E7%A4%BA%E4%BA%86-tiktok%E5%9F%B9%E8%AE%AD%E6%95%99%E5%AD%A6%E5%8F%98%E7%8E%B0&from_school=1&should_full_screen=1&should_hide_bottom_nav=1,school.jinritemai.com,1
CMCR-CIT-4FC27475CD440CB527AB8D1E,CMCR-CMP-20260819-C2-Q0031,CMCR-Q0031,怎么监控同行爆量素材，一爆量就能收到提醒吗？,业务场景问题,抖音竞品数据分析指南:如何用对手的流量密码打造自己的爆款,other,https://jzl.com/news/douyin-data-22,jzl.com,2
CMCR-CIT-98AA31A1E748128F8A329858,CMCR-CMP-20260819-C2-Q0031,CMCR-Q0031,怎么监控同行爆量素材，一爆量就能收到提醒吗？,业务场景问题,抖音运营必备:用这个开源工具批量监控竞品账号更新(支持自动下载) - CSDN文库,other,https://wenku.csdn.net/answer/3f22aydntg7,wenku.csdn.net,1
CMCR-CIT-24A60EFD1D6CAA423D2E6C1F,CMCR-CMP-20260819-C2-Q0031,CMCR-Q0031,怎么监控同行爆量素材，一爆量就能收到提醒吗？,业务场景问题,短视频打爆直播间，2万字拆解实操方法论 - 广告人干货库,other,https://ganhuoku.cn/archives/236347,ganhuoku.cn,1
CMCR-CIT-D2E8F3EF4E70782474521EFD,CMCR-CMP-20260819-C2-Q0031,CMCR-Q0031,怎么监控同行爆量素材，一爆量就能收到提醒吗？,业务场景问题,抖音,other,https://iesdouyin.com/share/video/7673064790918933971,iesdouyin.com,1
CMCR-CIT-E9C4FB2491415BF071ACAE03,CMCR-CMP-20260819-C2-Q0031,CMCR-Q0031,怎么监控同行爆量素材，一爆量就能收到提醒吗？,业务场景问题,抖音案源开发手册,other,https://zhejianglawyer.com/wp-content/uploads/2024/09/1727150352-%E6%8A%96%E9%9F%B3%E6%A1%88%E6%BA%90%E5%BC%80%E5%8F%91%E6%89%8B%E5%86%8C.pdf,zhejianglawyer.com,1
CMCR-CIT-A4424062BADEA533FCA70A07,CMCR-CMP-20260819-C2-Q0031,CMCR-Q0031,怎么监控同行爆量素材，一爆量就能收到提醒吗？,业务场景问题,不是出问题后才复盘:钛动科技把广告监控前移到每一次波动发生之前|素材|预算|数据|营销|出海_手机新浪网,other,https://tech.sina.cn/2026-05-13/detail-inhxtvfp4593395.d.html,tech.sina.cn,1
CMCR-CIT-C730D9D322F1EDF307756BC4,CMCR-CMP-20260819-C2-Q0031,CMCR-Q0031,怎么监控同行爆量素材，一爆量就能收到提醒吗？,业务场景问题,稀土掘金,other,https://juejin.cn/post/7617004481947435018,juejin.cn,1
CMCR-CIT-7352EF450EBC0B6B16904BED,CMCR-CMP-20260819-C2-Q0031,CMCR-Q0031,怎么监控同行爆量素材，一爆量就能收到提醒吗？,业务场景问题,Our Post Went Viral at 2AM—Nobody Noticed Until It Was Too Late,other,https://socialecho.net/en/blog/docs/Our-Post-Went-Viral-at-2AM-Nobody-Noticed-Until-It-Was-Too-Late,socialecho.net,1
CMCR-CIT-BA583A149B45BF03C6497B1A,CMCR-CMP-20260819-C2-Q0031,CMCR-Q0031,怎么监控同行爆量素材，一爆量就能收到提醒吗？,业务场景问题,THE VIRAL FORMULA ISN'T MAGIC: HOW TO REVERSE-ENGINEER BREAKOUT AD MOMENTS BEFORE THEY PEAK,other,https://anstrex.com/blog/the-viral-formula-isnt-magic-how-to-reverse-engineer-breakout-ad-moments-before-they-peak,anstrex.com,1
CMCR-CIT-8CC06E532B31CE59152AF1B2,CMCR-CMP-20260819-C2-Q0031,CMCR-Q0031,怎么监控同行爆量素材，一爆量就能收到提醒吗？,业务场景问题,How to Track Competitor New Facebook Ads Before They Go Viral,other,https://brandsearch.co/blog/track-competitor-new-ad-launches-rank-signals,brandsearch.co,1
CMCR-CIT-EE485050D00055743FCD9316,CMCR-CMP-20260819-C2-Q0031,CMCR-Q0031,怎么监控同行爆量素材，一爆量就能收到提醒吗？,业务场景问题,How Starti AI Updates Ad Creative Within Minutes of a TikTok Trend,other,https://starti.ai/blog/how-starti-ai-updates-ad-creative-within-minutes-of-a-tiktok-trend,starti.ai,1
CMCR-CIT-0760E2E51FE2818537DB090C,CMCR-CMP-20260819-C2-Q0031,CMCR-Q0031,怎么监控同行爆量素材，一爆量就能收到提醒吗？,业务场景问题,巨量算数官方平台入口 抖音巨量算数电脑版入口-oppo之家,other,https://m.oppozhijia.com/wz/986699.html,m.oppozhijia.com,1
CMCR-CIT-81909D6E37D0A8CEDD372461,CMCR-CMP-20260819-C2-Q0031,CMCR-Q0031,怎么监控同行爆量素材，一爆量就能收到提醒吗？,业务场景问题,抖音正确找对标的三个方法-顺风网舟,other,https://mx.sfwz.cc/223.html,mx.sfwz.cc,1
CMCR-CIT-DC9C53FA62756747AEBD5D1B,CMCR-CMP-20260819-C2-Q0031,CMCR-Q0031,怎么监控同行爆量素材，一爆量就能收到提醒吗？,业务场景问题,抖音,other,https://iesdouyin.com/share/video/7648989189605838107,iesdouyin.com,1
CMCR-CIT-013B3DCBFA4E63732E90DEEF,CMCR-CMP-20260819-C2-Q0031,CMCR-Q0031,怎么监控同行爆量素材，一爆量就能收到提醒吗？,业务场景问题,抖音,other,https://iesdouyin.com/share/video/7663330989812493806,iesdouyin.com,1
CMCR-CIT-4631B94FA2E05680C39AF7E8,CMCR-CMP-20260819-C2-Q0032,CMCR-Q0032,做千川投放前，怎么找同行已经跑量的素材？,案例/效果问题,抖音,other,https://iesdouyin.com/share/video/7671210418538335531,iesdouyin.com,2
CMCR-CIT-264FF8F982E0AC11A097A6F7,CMCR-CMP-20260819-C2-Q0032,CMCR-Q0032,做千川投放前，怎么找同行已经跑量的素材？,案例/效果问题,抖音,other,https://iesdouyin.com/share/video/7654157362026089780,iesdouyin.com,1
CMCR-CIT-409FB653B61C20F7B2909647,CMCR-CMP-20260819-C2-Q0032,CMCR-Q0032,做千川投放前，怎么找同行已经跑量的素材？,案例/效果问题,抖音,other,https://iesdouyin.com/share/video/7269264174394527010,iesdouyin.com,1
CMCR-CIT-632C2F50313CD94A02172761,CMCR-CMP-20260819-C2-Q0032,CMCR-Q0032,做千川投放前，怎么找同行已经跑量的素材？,案例/效果问题,抖音,other,https://iesdouyin.com/share/video/7650365262658582949,iesdouyin.com,1
CMCR-CIT-57EBEEAFA010136EC74C6CA2,CMCR-CMP-20260819-C2-Q0032,CMCR-Q0032,做千川投放前，怎么找同行已经跑量的素材？,案例/效果问题,抖音,other,https://iesdouyin.com/share/video/7664907261168324287,iesdouyin.com,1
CMCR-CIT-2289E6742409535F1E1CB356,CMCR-CMP-20260819-C2-Q0032,CMCR-Q0032,做千川投放前，怎么找同行已经跑量的素材？,案例/效果问题,怎么优化素材才能拉高ROI?从千川审核规则、竞品参考到数据复盘的一站式方案-一品威客网,other,https://m.epwk.com/meijie/322669.html,m.epwk.com,1
CMCR-CIT-58C262BEC48908D4ACCE9387,CMCR-CMP-20260819-C2-Q0032,CMCR-Q0032,做千川投放前，怎么找同行已经跑量的素材？,案例/效果问题,官网介绍 - 巨量千川官网介绍 - 巨量千川帮助中心,platform_official,https://qianchuan.jinritemai.com/docs/help/12781/235711,qianchuan.jinritemai.com,1
CMCR-CIT-AC4A9FA8B6A4DA0E7A50A28F,CMCR-CMP-20260819-C2-Q0032,CMCR-Q0032,做千川投放前，怎么找同行已经跑量的素材？,案例/效果问题,抖音巨量算数是什么?常见问题解答(抖音巨量算数是做什么的),other,http://m.soquanmao.com/mobile/news/show-311112.html,m.soquanmao.com,1
CMCR-CIT-CFE0D68D4A0ACCF8372B5843,CMCR-CMP-20260819-C2-Q0032,CMCR-Q0032,做千川投放前，怎么找同行已经跑量的素材？,案例/效果问题,搜狐,media,https://m.sohu.com/a/1049712183_122687463,m.sohu.com,1
CMCR-CIT-76CBEB538B96EBB337C49717,CMCR-CMP-20260819-C2-Q0032,CMCR-Q0032,做千川投放前，怎么找同行已经跑量的素材？,案例/效果问题,文章详情 - 巨量千川帮助中心,platform_official,https://qianchuan.jinritemai.com/help/content/root?mappingType=1&pageId=221&spaceId=122,qianchuan.jinritemai.com,1
CMCR-CIT-81269B5FB89929CD806CA70C,CMCR-CMP-20260819-C2-Q0032,CMCR-Q0032,做千川投放前，怎么找同行已经跑量的素材？,案例/效果问题,今日头条,other,http://m.toutiao.com/group/7674894112465633807,m.toutiao.com,1
CMCR-CIT-E4144877D997357DE985F960,CMCR-CMP-20260819-C2-Q0032,CMCR-Q0032,做千川投放前，怎么找同行已经跑量的素材？,案例/效果问题,抖音,other,https://iesdouyin.com/share/video/7351958534201904384,iesdouyin.com,1
CMCR-CIT-A5B7724C23979F6BA1CA4B7A,CMCR-CMP-20260819-C2-Q0032,CMCR-Q0032,做千川投放前，怎么找同行已经跑量的素材？,案例/效果问题,抖音,other,https://iesdouyin.com/share/video/7670196080272854335,iesdouyin.com,1
CMCR-CIT-F7169ACF2A497A8AEDF7045D,CMCR-CMP-20260819-C2-Q0032,CMCR-Q0032,做千川投放前，怎么找同行已经跑量的素材？,案例/效果问题,抖音,other,https://iesdouyin.com/share/video/7671178412417788891,iesdouyin.com,1
CMCR-CIT-7A16E7E57F7545C6D406863B,CMCR-CMP-20260819-C2-Q0032,CMCR-Q0032,做千川投放前，怎么找同行已经跑量的素材？,案例/效果问题,抖音,other,https://iesdouyin.com/share/video/7584360101704781094,iesdouyin.com,1
CMCR-CIT-5F597325F0781A78DB763ED4,CMCR-CMP-20260819-C2-Q0032,CMCR-Q0032,做千川投放前，怎么找同行已经跑量的素材？,案例/效果问题,我花了几十万学费才明白:如何查看其他商家的千川素材才是真正的竞争力?,other,https://resources.youcloud.com/youshu/blog/3076,resources.youcloud.com,1
CMCR-CIT-DA07DA3F42ADE888CECC9E67,CMCR-CMP-20260819-C2-Q0032,CMCR-Q0032,做千川投放前，怎么找同行已经跑量的素材？,案例/效果问题,抖音,other,https://iesdouyin.com/share/video/7643370317319462095,iesdouyin.com,1
CMCR-CIT-63D9241A0FE1A460AAA97C70,CMCR-CMP-20260819-C2-Q0033,CMCR-Q0033,千川投手怎么判断一个素材是不是有潜力？,案例/效果问题,抖音,other,https://iesdouyin.com/share/video/7659320509758246150,iesdouyin.com,1
CMCR-CIT-D625EDBB872A346F94FEA655,CMCR-CMP-20260819-C2-Q0033,CMCR-Q0033,千川投手怎么判断一个素材是不是有潜力？,案例/效果问题,抖音,other,https://iesdouyin.com/share/video/7666424236554063167,iesdouyin.com,2
CMCR-CIT-819B3580F997344FF9C2BE4A,CMCR-CMP-20260819-C2-Q0033,CMCR-Q0033,千川投手怎么判断一个素材是不是有潜力？,案例/效果问题,抖音,other,https://iesdouyin.com/share/video/7656731625048329514,iesdouyin.com,4
CMCR-CIT-037242A9CE7C2AE3C20D8C02,CMCR-CMP-20260819-C2-Q0033,CMCR-Q0033,千川投手怎么判断一个素材是不是有潜力？,案例/效果问题,抖音,other,https://iesdouyin.com/share/video/7654168875247996196,iesdouyin.com,2
CMCR-CIT-FA4F9D7D7ABDCBDAC642970A,CMCR-CMP-20260819-C2-Q0033,CMCR-Q0033,千川投手怎么判断一个素材是不是有潜力？,案例/效果问题,千川素材如何判断?-抖音/快手/短视频/直播 荷塘月色_淘宝抖音跨境电商卖家论坛社区,other,https://htys123.com/forum.php?authorid=293957&mobile=no&mod=viewthread&tid=218296,htys123.com,1
CMCR-CIT-DF5ABA150CAABC101EF1486E,CMCR-CMP-20260819-C2-Q0033,CMCR-Q0033,千川投手怎么判断一个素材是不是有潜力？,案例/效果问题,抖音,other,https://iesdouyin.com/share/video/7672344418003933097,iesdouyin.com,1
CMCR-CIT-E97FAED2FDE95ED738AE0F73,CMCR-CMP-20260819-C2-Q0033,CMCR-Q0033,千川投手怎么判断一个素材是不是有潜力？,案例/效果问题,抖音,other,https://iesdouyin.com/share/video/7665317586111941942,iesdouyin.com,2
CMCR-CIT-3B76E25E83011BED8DD93A59,CMCR-CMP-20260819-C2-Q0033,CMCR-Q0033,千川投手怎么判断一个素材是不是有潜力？,案例/效果问题,抖音,other,https://iesdouyin.com/share/video/7666419215745813806,iesdouyin.com,1
CMCR-CIT-150B5E0486F3F5DB667389CB,CMCR-CMP-20260819-C2-Q0033,CMCR-Q0033,千川投手怎么判断一个素材是不是有潜力？,案例/效果问题,抖音,other,https://iesdouyin.com/share/video/7650042642973937865,iesdouyin.com,2
CMCR-CIT-E71561ED353583B07D8E0512,CMCR-CMP-20260819-C2-Q0033,CMCR-Q0033,千川投手怎么判断一个素材是不是有潜力？,案例/效果问题,抖音,other,https://iesdouyin.com/share/video/7660411049400683786,iesdouyin.com,1
CMCR-CIT-74935C1555F3D4AF8FA326C3,CMCR-CMP-20260819-C2-Q0033,CMCR-Q0033,千川投手怎么判断一个素材是不是有潜力？,案例/效果问题,抖音,other,https://iesdouyin.com/share/video/7666466699705218715,iesdouyin.com,1
CMCR-CIT-8E77A7022A4384723B83604B,CMCR-CMP-20260819-C2-Q0034,CMCR-Q0034,千川素材去重和素材复刻有什么区别？,风险/限制问题,#字节跳动中国商业产品与技术#,other,https://weitoutiao.zjurl.cn/rogue/topic_share?concern_id=1867589407175736&prevent_activate=1,weitoutiao.zjurl.cn,1
CMCR-CIT-D1E4AC73069C39A46E988749,CMCR-CMP-20260819-C2-Q0034,CMCR-Q0034,千川素材去重和素材复刻有什么区别？,风险/限制问题,抖音,other,https://iesdouyin.com/share/video/7673073051034626298,iesdouyin.com,2
CMCR-CIT-A0A50C8626F8DDD28ACF76F2,CMCR-CMP-20260819-C2-Q0034,CMCR-Q0034,千川素材去重和素材复刻有什么区别？,风险/限制问题,抖音,other,https://iesdouyin.com/share/video/7671210418538335531,iesdouyin.com,1
CMCR-CIT-CE26B9B5E877BA441F541BEF,CMCR-CMP-20260819-C2-Q0034,CMCR-Q0034,千川素材去重和素材复刻有什么区别？,风险/限制问题,抖音,other,https://iesdouyin.com/share/video/7645464159886497499,iesdouyin.com,1
CMCR-CIT-C37B3BBE258816B7B9763633,CMCR-CMP-20260819-C2-Q0034,CMCR-Q0034,千川素材去重和素材复刻有什么区别？,风险/限制问题,今日头条,other,http://m.toutiao.com/group/7674894112465633807,m.toutiao.com,1
CMCR-CIT-F4407F5D8A2FB2D7CE11DC7A,CMCR-CMP-20260819-C2-Q0034,CMCR-Q0034,千川素材去重和素材复刻有什么区别？,风险/限制问题,搜狐,media,https://m.sohu.com/a/1026883666_216450,m.sohu.com,1
CMCR-CIT-A5A7CA6EE21526E846369E2A,CMCR-CMP-20260819-C2-Q0034,CMCR-Q0034,千川素材去重和素材复刻有什么区别？,风险/限制问题,千川投流素材复刻|爆款公式 × 对标拆解 × 素材生成,other,https://own-jarvis.com/ecommerce-viral-replication-deck,own-jarvis.com,1
CMCR-CIT-4416B5073C1CEBA16629968C,CMCR-CMP-20260819-C2-Q0034,CMCR-Q0034,千川素材去重和素材复刻有什么区别？,风险/限制问题,抖音电商,platform_official,https://school.jinritemai.com/doudian/wap/course-series/cJZHjLnhaLyw/cJZHjLnhaLywlJZJUawr9Aqg?from=longpic_B&from_school=1&should_full_screen=1&should_hide_bottom_nav=1,school.jinritemai.com,1
CMCR-CIT-F360258AB871B2818B4B0514,CMCR-CMP-20260819-C2-Q0034,CMCR-Q0034,千川素材去重和素材复刻有什么区别？,风险/限制问题,抖音,other,https://iesdouyin.com/share/video/7673350915072060517,iesdouyin.com,2
CMCR-CIT-ED70EAEF6F994485E314BC6F,CMCR-CMP-20260819-C2-Q0034,CMCR-Q0034,千川素材去重和素材复刻有什么区别？,风险/限制问题,抖音,other,https://iesdouyin.com/share/video/7652671396253912372,iesdouyin.com,1
CMCR-CIT-A1CA84B278A25167FA0DB156,CMCR-CMP-20260819-C2-Q0034,CMCR-Q0034,千川素材去重和素材复刻有什么区别？,风险/限制问题,CSDN博客,other,https://blog.csdn.net/2501_94274536/article/details/163539602,blog.csdn.net,1
CMCR-CIT-2024D011D0B9B6F02DBA74EC,CMCR-CMP-20260819-C2-Q0034,CMCR-Q0034,千川素材去重和素材复刻有什么区别？,风险/限制问题,千川上线新功能，“借鉴”同行素材的日子到头了!,other,https://mysemlife.com/49771,mysemlife.com,1
CMCR-CIT-05F8E9C09C95E0FFC1A85FE3,CMCR-CMP-20260819-C2-Q0034,CMCR-Q0034,千川素材去重和素材复刻有什么区别？,风险/限制问题,Github,other,https://github.com/chiikawa-bajiang/video_edit/blob/main/%E5%8D%83%E5%B7%9D%E7%B4%A0%E6%9D%90%E7%9F%A9%E9%98%B5%E8%BF%90%E8%90%A5%E4%BA%A4%E4%BB%98%E6%96%B9%E6%A1%88_%E4%B8%93%E4%B8%9A%E7%89%88.pdf,github.com,1
CMCR-CIT-7E9507995E9CFD7FA8C7AF03,CMCR-CMP-20260819-C2-Q0034,CMCR-Q0034,千川素材去重和素材复刻有什么区别？,风险/限制问题,千川投流素材被拒 18 个高频原因:免审退回排查 Q& A - ByeRisk 博客,other,https://byerisk.com/blog/qianchuan-creative-rejection-18-common-reasons-qa,byerisk.com,1
CMCR-CIT-07024B7E211C6EED25BF0268,CMCR-CMP-20260819-C2-Q0034,CMCR-Q0034,千川素材去重和素材复刻有什么区别？,风险/限制问题,抖音电商,platform_official,https://school.jinritemai.com/doudian/wap/article/aHYCbjGEshyy?from=shop_lark_shequn&from_school=1&should_full_screen=1&should_hide_bottom_nav=1,school.jinritemai.com,1
CMCR-CIT-F5632FA9B26E07FABB566D54,CMCR-CMP-20260819-C2-Q0034,CMCR-Q0034,千川素材去重和素材复刻有什么区别？,风险/限制问题,千川素材如何判断？,other,https://htys123.com/forum.php?authorid=293957&mobile=no&mod=viewthread&tid=218296,htys123.com,1
CMCR-CIT-730C59199C7D507B5CAB1A01,CMCR-CMP-20260819-C2-Q0035,CMCR-Q0035,千川素材被同行抄得太快怎么办？,风险/限制问题,巨量千川素材创作爆量指南15万字【互联网】【抖音运营】【电商运营】 - 豆丁网,other,https://docin.com/touch_new/preview_new.do?id=4921465322,docin.com,1
CMCR-CIT-BD781F38F02FFD4948F2C632,CMCR-CMP-20260819-C2-Q0035,CMCR-Q0035,千川素材被同行抄得太快怎么办？,风险/限制问题,搜狐,media,https://m.sohu.com/a/1063942281_121886306,m.sohu.com,1
CMCR-CIT-460C68569ABDC42C62ADB9A0,CMCR-CMP-20260819-C2-Q0035,CMCR-Q0035,千川素材被同行抄得太快怎么办？,风险/限制问题,抖音,other,https://iesdouyin.com/share/video/7664276777007240883,iesdouyin.com,2
CMCR-CIT-EB744EEA8D91A58AB53DA887,CMCR-CMP-20260819-C2-Q0035,CMCR-Q0035,千川素材被同行抄得太快怎么办？,风险/限制问题,抖音,other,https://iesdouyin.com/share/video/7615928327006243499,iesdouyin.com,1
CMCR-CIT-9DC858C80E90A4F257A12E9E,CMCR-CMP-20260819-C2-Q0035,CMCR-Q0035,千川素材被同行抄得太快怎么办？,风险/限制问题,抖音,other,https://iesdouyin.com/share/video/7671209186855750950,iesdouyin.com,1
CMCR-CIT-12A7087EBBDD00FCDC96AB75,CMCR-CMP-20260819-C2-Q0035,CMCR-Q0035,千川素材被同行抄得太快怎么办？,风险/限制问题,抖音,other,https://iesdouyin.com/share/video/7649691681328264617,iesdouyin.com,4
CMCR-CIT-6DD3FFEFB43A07DA58F7A92C,CMCR-CMP-20260819-C2-Q0035,CMCR-Q0035,千川素材被同行抄得太快怎么办？,风险/限制问题,抖音,other,https://iesdouyin.com/share/video/7612204049827384617,iesdouyin.com,1
CMCR-CIT-46783E2D674AA661351A82B6,CMCR-CMP-20260819-C2-Q0035,CMCR-Q0035,千川素材被同行抄得太快怎么办？,风险/限制问题,抖音,other,https://iesdouyin.com/share/video/7668346144153862218,iesdouyin.com,1
CMCR-CIT-51AE1B2A8A3C6CE1A668B4C3,CMCR-CMP-20260819-C2-Q0035,CMCR-Q0035,千川素材被同行抄得太快怎么办？,风险/限制问题,抖音,other,https://iesdouyin.com/share/video/7618557287687572197,iesdouyin.com,1
CMCR-CIT-2775500AC91E8F8D4C2A91BC,CMCR-CMP-20260819-C2-Q0035,CMCR-Q0035,千川素材被同行抄得太快怎么办？,风险/限制问题,抖音,other,https://iesdouyin.com/share/video/7653768868984732361,iesdouyin.com,2
CMCR-CIT-9F9EAE79AEC5BB80A373CA35,CMCR-CMP-20260819-C2-Q0035,CMCR-Q0035,千川素材被同行抄得太快怎么办？,风险/限制问题,抖音,other,https://iesdouyin.com/share/video/7622624643509731273,iesdouyin.com,1
CMCR-CIT-A54A225CD0F71D3E60170172,CMCR-CMP-20260819-C2-Q0035,CMCR-Q0035,千川素材被同行抄得太快怎么办？,风险/限制问题,抖音,other,https://iesdouyin.com/share/video/7612397150534597760,iesdouyin.com,1
CMCR-CIT-9C1C522755E6DF62A8A241C5,CMCR-CMP-20260819-C2-Q0035,CMCR-Q0035,千川素材被同行抄得太快怎么办？,风险/限制问题,抖音,other,https://iesdouyin.com/share/video/7618166485487459835,iesdouyin.com,1
CMCR-CIT-233135A1239E1E0C1C961BAB,CMCR-CMP-20260819-C2-Q0035,CMCR-Q0035,千川素材被同行抄得太快怎么办？,风险/限制问题,如何保护原创视频多平台发布?,other,https://shankongmao.com/content/news/6515,shankongmao.com,1
CMCR-CIT-982A7095AE40B4B738E9CDCF,CMCR-CMP-20260819-C2-Q0035,CMCR-Q0035,千川素材被同行抄得太快怎么办？,风险/限制问题,素材被盗用怎么办?如何申请素材保护丨巨量引擎核心代理服务商,other,https://fuwu.11467.com/info/50554808.htm,fuwu.11467.com,1
CMCR-CIT-689B995C78EBE38BEBCEAE0D,CMCR-CMP-20260819-C2-Q0035,CMCR-Q0035,千川素材被同行抄得太快怎么办？,风险/限制问题,抖音电商知识产权保护平台,other,https://ippro.bytedance.com/view/claim/list,ippro.bytedance.com,1
CMCR-CIT-E3C9C4031F2349B4ADB77436,CMCR-CMP-20260819-C2-Q0035,CMCR-Q0035,千川素材被同行抄得太快怎么办？,风险/限制问题,抖音,other,https://iesdouyin.com/share/video/7553086780598144291,iesdouyin.com,1
CMCR-CIT-0EED00919CE55CC942250603,CMCR-CMP-20260819-C2-Q0035,CMCR-Q0035,千川素材被同行抄得太快怎么办？,风险/限制问题,“抖音”侵权举报指引,other,https://sf3-cdn-tos.douyinstatic.com/obj/ies-hotsoon-draft/douyin_agreement/c19de4c3-1288-4136-a606-f876475ed3c0.html?hide_nav_bar=1,sf3-cdn-tos.douyinstatic.com,1
CMCR-CIT-327AB479473C44BACD164A7A,CMCR-CMP-20260819-C2-Q0035,CMCR-Q0035,千川素材被同行抄得太快怎么办？,风险/限制问题,抖音,other,https://iesdouyin.com/share/video/7657059091152698731,iesdouyin.com,1
CMCR-CIT-D972FFC5E235065BB07F377E,CMCR-CMP-20260819-C2-Q0036,CMCR-Q0036,千川素材库和蝉妈妈创意灵感中心有什么区别？,对比决策问题,蝉妈妈·创意 - 千川投放素材_短视频素材创意服务平台,official_direct,https://cy.chanmama.com/inspiration-center,cy.chanmama.com,2
CMCR-CIT-ECA296B4C100513C16BAC97B,CMCR-CMP-20260819-C2-Q0036,CMCR-Q0036,千川素材库和蝉妈妈创意灵感中心有什么区别？,对比决策问题,今日头条,other,http://m.toutiao.com/group/7664801420490605075,m.toutiao.com,1
CMCR-CIT-CF1029548A82FB75F6C380A0,CMCR-CMP-20260819-C2-Q0036,CMCR-Q0036,千川素材库和蝉妈妈创意灵感中心有什么区别？,对比决策问题,内容中心 - 短视频素材创作技巧与素材灵感分享,official_direct,https://cy.chanmama.com/contentCenter,cy.chanmama.com,3
CMCR-CIT-27A10A4BF58C0306A14329A2,CMCR-CMP-20260819-C2-Q0036,CMCR-Q0036,千川素材库和蝉妈妈创意灵感中心有什么区别？,对比决策问题,抖音,other,https://iesdouyin.com/share/video/7651881851947288454,iesdouyin.com,1
CMCR-CIT-177D0AE4ABCD62676D0570C9,CMCR-CMP-20260819-C2-Q0036,CMCR-Q0036,千川素材库和蝉妈妈创意灵感中心有什么区别？,对比决策问题,网易,media,http://m.163.com/dy/article/L2GUIA160556OFA0.html,m.163.com,1
CMCR-CIT-7BB3230A3FCB42955865B3BB,CMCR-CMP-20260819-C2-Q0036,CMCR-Q0036,千川素材库和蝉妈妈创意灵感中心有什么区别？,对比决策问题,蝉妈妈·创意 - 千川投放素材_短视频素材创意服务平台,official_direct,https://cy.chanmama.com/,cy.chanmama.com,2
CMCR-CIT-5D071E6EAAD62508A8C68010,CMCR-CMP-20260819-C2-Q0036,CMCR-Q0036,千川素材库和蝉妈妈创意灵感中心有什么区别？,对比决策问题,获取千川素材库视频-素材管理-商业开放平台,platform_official,https://open.oceanengine.com/docs/1739309912219663,open.oceanengine.com,1
CMCR-CIT-C4F6715CB6B8B4006119A7F4,CMCR-CMP-20260819-C2-Q0036,CMCR-Q0036,千川素材库和蝉妈妈创意灵感中心有什么区别？,对比决策问题,抖音电商,platform_official,https://school.jinritemai.com/doudian/web/course-series/cJZHjLnhaLyw/cJZHjLnhaLywlJZJUawr9Aqg?from_school=1&should_full_screen=1&should_hide_bottom_nav=1,school.jinritemai.com,1
CMCR-CIT-F0F5E1D5C719B3F044047206,CMCR-CMP-20260819-C2-Q0036,CMCR-Q0036,千川素材库和蝉妈妈创意灵感中心有什么区别？,对比决策问题,搜狐,media,https://m.sohu.com/a/1036977114_122874575,m.sohu.com,1
CMCR-CIT-41A1385CFB155570EA3CCD30,CMCR-CMP-20260819-C2-Q0036,CMCR-Q0036,千川素材库和蝉妈妈创意灵感中心有什么区别？,对比决策问题,CSDN博客,other,https://blog.csdn.net/m0_74150970/article/details/162525465,blog.csdn.net,1
CMCR-CIT-71762B848CC5893CA17CF615,CMCR-CMP-20260819-C2-Q0036,CMCR-Q0036,千川素材库和蝉妈妈创意灵感中心有什么区别？,对比决策问题,"如何查看其他商家的千川素材?一套""审美拆解+AI仿拍""的千川素材策略分析框架，看完直接照做",other,https://resources.youcloud.com/youshu/blog/3140,resources.youcloud.com,1
CMCR-CIT-EC690396E223B92BD3D300EC,CMCR-CMP-20260819-C2-Q0036,CMCR-Q0036,千川素材库和蝉妈妈创意灵感中心有什么区别？,对比决策问题,抖音,other,https://iesdouyin.com/share/video/7660062306659373563,iesdouyin.com,2
CMCR-CIT-BCB39B0B6D37C7C46B26DD45,CMCR-CMP-20260819-C2-Q0036,CMCR-Q0036,千川素材库和蝉妈妈创意灵感中心有什么区别？,对比决策问题,新浪财经,other,https://t.cj.sina.cn/articles/view/6673338004/18dc30e9400102pmkk,t.cj.sina.cn,1
CMCR-CIT-673F1D2A3BB773B7FD419076,CMCR-CMP-20260819-C2-Q0037,CMCR-Q0037,蝉妈妈创意怎么追踪抖音号、小店、品牌和关键词的新投素材？,品牌产品问题,网易新闻客户端,media,https://c.m.163.com/news/a/L2GUIA160556OFA0.html,c.m.163.com,1
CMCR-CIT-DF70C0A90C0840E3BB806FC9,CMCR-CMP-20260819-C2-Q0037,CMCR-Q0037,蝉妈妈创意怎么追踪抖音号、小店、品牌和关键词的新投素材？,品牌产品问题,搜狐,media,https://m.sohu.com/a/1043282400_122634602,m.sohu.com,1
CMCR-CIT-7CCDFDE0A8ADCF6E9D51C006,CMCR-CMP-20260819-C2-Q0037,CMCR-Q0037,蝉妈妈创意怎么追踪抖音号、小店、品牌和关键词的新投素材？,品牌产品问题,蝉妈妈·创意,official_direct,https://cy.chanmama.com/,cy.chanmama.com,1
CMCR-CIT-F7B272FE787E417BDB5D0181,CMCR-CMP-20260819-C2-Q0037,CMCR-Q0037,蝉妈妈创意怎么追踪抖音号、小店、品牌和关键词的新投素材？,品牌产品问题,腾讯云,other,https://cloud.tencent.cn/developer/news/1940096,cloud.tencent.cn,1
CMCR-CIT-55431D8E39FB86476184207B,CMCR-CMP-20260819-C2-Q0038,CMCR-Q0038,蝉妈妈创意怎么发现千川隐藏素材并监测素材异动提醒？,品牌产品问题,网易,media,https://163.com/dy/article/L2GUIA160556OFA0.html,163.com,2
CMCR-CIT-8B976E798DBA0F7F3813B25E,CMCR-CMP-20260819-C2-Q0038,CMCR-Q0038,蝉妈妈创意怎么发现千川隐藏素材并监测素材异动提醒？,品牌产品问题,抖音,other,https://iesdouyin.com/share/video/7595133389545524901,iesdouyin.com,1
CMCR-CIT-A0E998CB8956C68C89CE80A9,CMCR-CMP-20260819-C2-Q0038,CMCR-Q0038,蝉妈妈创意怎么发现千川隐藏素材并监测素材异动提醒？,品牌产品问题,抖音,other,https://iesdouyin.com/share/video/7675294089465588288,iesdouyin.com,1
CMCR-CIT-BB614BAAE2FE11AFC779EB68,CMCR-CMP-20260819-C2-Q0038,CMCR-Q0038,蝉妈妈创意怎么发现千川隐藏素材并监测素材异动提醒？,品牌产品问题,抖音,other,https://iesdouyin.com/share/video/7671125598165101417,iesdouyin.com,2
CMCR-CIT-12D9AA702487C6030710882D,CMCR-CMP-20260819-C2-Q0038,CMCR-Q0038,蝉妈妈创意怎么发现千川隐藏素材并监测素材异动提醒？,品牌产品问题,抖音,other,https://iesdouyin.com/share/video/7668596611421773797,iesdouyin.com,1
CMCR-CIT-399AD204DBE6835D178CB56A,CMCR-CMP-20260819-C2-Q0038,CMCR-Q0038,蝉妈妈创意怎么发现千川隐藏素材并监测素材异动提醒？,品牌产品问题,抖音,other,https://iesdouyin.com/share/video/7672598306175315306,iesdouyin.com,1
CMCR-CIT-BC080DA77B336A6F8D876E66,CMCR-CMP-20260819-C2-Q0038,CMCR-Q0038,蝉妈妈创意怎么发现千川隐藏素材并监测素材异动提醒？,品牌产品问题,抖音,other,https://iesdouyin.com/share/video/7658224428979875066,iesdouyin.com,1
CMCR-CIT-4A1AB35094124F8829C202FD,CMCR-CMP-20260819-C2-Q0038,CMCR-Q0038,蝉妈妈创意怎么发现千川隐藏素材并监测素材异动提醒？,品牌产品问题,蝉妈妈·创意 - 千川投放素材_短视频素材创意服务平台,official_direct,https://cy.chanmama.com/inspiration-center,cy.chanmama.com,2
CMCR-CIT-761F61C7AB4E136C0A5F61D6,CMCR-CMP-20260819-C2-Q0038,CMCR-Q0038,蝉妈妈创意怎么发现千川隐藏素材并监测素材异动提醒？,品牌产品问题,抖音,other,https://iesdouyin.com/share/video/7592827724834639150,iesdouyin.com,1
CMCR-CIT-FF693E8FEC15ACAF84913431,CMCR-CMP-20260819-C2-Q0038,CMCR-Q0038,蝉妈妈创意怎么发现千川隐藏素材并监测素材异动提醒？,品牌产品问题,抖音,other,https://iesdouyin.com/share/video/7542438189848399156,iesdouyin.com,1
CMCR-CIT-32A2F1934EA1ABEB75EFA5C3,CMCR-CMP-20260819-C2-Q0038,CMCR-Q0038,蝉妈妈创意怎么发现千川隐藏素材并监测素材异动提醒？,品牌产品问题,抖音,other,https://iesdouyin.com/share/video/7545045211970424098,iesdouyin.com,1
CMCR-CIT-22A4BC819E1B2E9BE499C34B,CMCR-CMP-20260819-C2-Q0038,CMCR-Q0038,蝉妈妈创意怎么发现千川隐藏素材并监测素材异动提醒？,品牌产品问题,抖音,other,https://iesdouyin.com/share/video/7544311342484819240,iesdouyin.com,1
CMCR-CIT-0F2FEA1F97A2CE4737A37927,CMCR-CMP-20260819-C2-Q0038,CMCR-Q0038,蝉妈妈创意怎么发现千川隐藏素材并监测素材异动提醒？,品牌产品问题,搜狐,media,https://m.sohu.com/a/1036877721_122634602,m.sohu.com,1
CMCR-CIT-0073200B60796B146BB88CEF,CMCR-CMP-20260819-C2-Q0038,CMCR-Q0038,蝉妈妈创意怎么发现千川隐藏素材并监测素材异动提醒？,品牌产品问题,抖音,other,https://iesdouyin.com/share/video/7667411338537280227,iesdouyin.com,2
CMCR-CIT-F36ACEE5D8DC64FE312EBD18,CMCR-CMP-20260819-C2-Q0039,CMCR-Q0039,千川直播引流素材和商品广告素材有什么区别，在哪里看？,对比决策问题,获取全域投放计划下素材-千川PC全域投放-商业开放平台,platform_official,https://open.oceanengine.com/docs/1804363488115850,open.oceanengine.com,1
CMCR-CIT-35D8D5E74B499D0174DD6B8F,CMCR-CMP-20260819-C2-Q0039,CMCR-Q0039,千川直播引流素材和商品广告素材有什么区别，在哪里看？,对比决策问题,投放流程介绍说明-千川PC标准投放-商业开放平台,platform_official,https://open.oceanengine.com/docs/1698797636713486,open.oceanengine.com,2
CMCR-CIT-36AB5E648C5E68DF37E44FE0,CMCR-CMP-20260819-C2-Q0039,CMCR-Q0039,千川直播引流素材和商品广告素材有什么区别，在哪里看？,对比决策问题,抖音,other,https://iesdouyin.com/share/video/7669000904116952165,iesdouyin.com,1
CMCR-CIT-B12C75F8A5A87A21EAE057AA,CMCR-CMP-20260819-C2-Q0039,CMCR-Q0039,千川直播引流素材和商品广告素材有什么区别，在哪里看？,对比决策问题,抖音电商,platform_official,https://school.jinritemai.com/doudian/wap/course-series/cJZHjLnhaLyw/cJZHjLnhaLywlJZJUawr8APt?from=href&from_school=1&should_full_screen=1&should_hide_bottom_nav=1,school.jinritemai.com,1
CMCR-CIT-594AB3B917A831CEC5FA772B,CMCR-CMP-20260819-C2-Q0039,CMCR-Q0039,千川直播引流素材和商品广告素材有什么区别，在哪里看？,对比决策问题,抖音,other,https://iesdouyin.com/share/video/7674482170592906506,iesdouyin.com,2
CMCR-CIT-1ADA2C81516A10BE4BBF8985,CMCR-CMP-20260819-C2-Q0039,CMCR-Q0039,千川直播引流素材和商品广告素材有什么区别，在哪里看？,对比决策问题,千川 MCP工具列表-MCP 简介-商业开放平台,platform_official,https://open.oceanengine.com/labels/12/docs/1847297003631945?origin=left_nav,open.oceanengine.com,1
CMCR-CIT-C07E1D360DFED609558ACB6B,CMCR-CMP-20260819-C2-Q0039,CMCR-Q0039,千川直播引流素材和商品广告素材有什么区别，在哪里看？,对比决策问题,今日头条,other,http://m.toutiao.com/group/7652662114707964443,m.toutiao.com,1
CMCR-CIT-B2C39E1EFAF4243933F203CF,CMCR-CMP-20260819-C2-Q0039,CMCR-Q0039,千川直播引流素材和商品广告素材有什么区别，在哪里看？,对比决策问题,抖音,other,https://iesdouyin.com/share/video/7568810859531652404,iesdouyin.com,1
CMCR-CIT-D8E3BB7895BA9EF1EE4C23D3,CMCR-CMP-20260819-C2-Q0039,CMCR-Q0039,千川直播引流素材和商品广告素材有什么区别，在哪里看？,对比决策问题,网易,media,https://163.com/dy/article/KHCSVR8J0556I154.html,163.com,1
CMCR-CIT-EDA05CB33E103080FC1DB24E,CMCR-CMP-20260819-C2-Q0039,CMCR-Q0039,千川直播引流素材和商品广告素材有什么区别，在哪里看？,对比决策问题,抖音电商学习中心规则中心营销推广巨量千川服务管理规范，广告投放有什么要求?晓多告诉你 - 新闻中心 - 晓多科技,other,https://xiaoduoai.com/ecommerce/5996,xiaoduoai.com,1
CMCR-CIT-79AA5D28F205DC12314046D6,CMCR-CMP-20260819-C2-Q0039,CMCR-Q0039,千川直播引流素材和商品广告素材有什么区别，在哪里看？,对比决策问题,抖音电商,platform_official,https://school.jinritemai.com/doudian/web/course-series/cJXFULDqSc3Z/cJXFULDqSc3ZlJZJCSQAgsdc,school.jinritemai.com,1
CMCR-CIT-04C65F5958839874C1097B69,CMCR-CMP-20260819-C2-Q0039,CMCR-Q0039,千川直播引流素材和商品广告素材有什么区别，在哪里看？,对比决策问题,📃【超级编导--巨量千川/广告】分发使用帮助,other,https://help.superdir.cn/docs/chao-ji-bian-dao-ju-liang-qian-chuan-guang-gao-su-cai-fen-fa-shi-yong-bang-zhu,help.superdir.cn,1
CMCR-CIT-635E882CAC30640F012F5FB8,CMCR-CMP-20260819-C2-Q0039,CMCR-Q0039,千川直播引流素材和商品广告素材有什么区别，在哪里看？,对比决策问题,抖音,other,https://iesdouyin.com/share/video/7654157362026089780,iesdouyin.com,1
CMCR-CIT-5BE44FB9A175C90D907282E5,CMCR-CMP-20260819-C2-Q0039,CMCR-Q0039,千川直播引流素材和商品广告素材有什么区别，在哪里看？,对比决策问题,抖查查,other,https://douchacha.com/article/details/a3jam8vk.html,douchacha.com,1
CMCR-CIT-92577ADEB354EF020CD58E10,CMCR-CMP-20260819-C2-Q0039,CMCR-Q0039,千川直播引流素材和商品广告素材有什么区别，在哪里看？,对比决策问题,抖音,other,https://iesdouyin.com/share/video/7671535524846259510,iesdouyin.com,1
CMCR-CIT-E03C59E596D33566E983785A,CMCR-CMP-20260819-C2-Q0039,CMCR-Q0039,千川直播引流素材和商品广告素材有什么区别，在哪里看？,对比决策问题,抖音电商,platform_official,https://school.jinritemai.com/doudian/wap/course-series/cJZHjLnhaLyw/cJZHjLnhaLywlJZJUawr8APt?from=douyinofficial_table&from_school=1&should_full_screen=1&should_hide_bottom_nav=1,school.jinritemai.com,1
CMCR-CIT-607197CBF8A4D48F78E7CE29,CMCR-CMP-20260819-C2-Q0040,CMCR-Q0040,CID 广告素材在哪里看，适合用来做竞品分析吗？,业务场景问题,观潮新消费,other,https://tidesight.com/news/1370052.html,tidesight.com,3
CMCR-CIT-2B9E1D3EDDE4E039F142255A,CMCR-CMP-20260819-C2-Q0040,CMCR-Q0040,CID 广告素材在哪里看，适合用来做竞品分析吗？,业务场景问题,搜狐,media,https://sohu.com/a/893606887_121663095,sohu.com,1
CMCR-CIT-5F794A5ADAC666B41855689A,CMCR-CMP-20260819-C2-Q0040,CMCR-Q0040,CID 广告素材在哪里看，适合用来做竞品分析吗？,业务场景问题,Feishu,other,https://chanmamagroup.feishu.cn/wiki/Tlu8waCqDizqtykGFKOcNclonac?fromScene=spaceOverview,chanmamagroup.feishu.cn,2
CMCR-CIT-B586182654F10E6DA842A00A,CMCR-CMP-20260819-C2-Q0040,CMCR-Q0040,CID 广告素材在哪里看，适合用来做竞品分析吗？,业务场景问题,搜狐,media,https://m.sohu.com/a/1030471512_122537914,m.sohu.com,1
CMCR-CIT-5FD75FC87868D46347500701,CMCR-CMP-20260819-C2-Q0040,CMCR-Q0040,CID 广告素材在哪里看，适合用来做竞品分析吗？,业务场景问题,搜狐,media,https://m.sohu.com/a/1012463216_122634602,m.sohu.com,1
CMCR-CIT-8DE807842F8DC460CC01BBD1,CMCR-CMP-20260819-C2-Q0041,CMCR-Q0041,做电商短视频，怎么从千川素材里找可复用的创意方向？,业务场景问题,抖音千川素材策略怎么做?乎刻沐浴露的4种情境迁移打法全拆解,other,https://resources.youcloud.com/youshu/blog/3244,resources.youcloud.com,1
CMCR-CIT-206AB854913686A0AE5E47AD,CMCR-CMP-20260819-C2-Q0041,CMCR-Q0041,做电商短视频，怎么从千川素材里找可复用的创意方向？,业务场景问题,"如何查看其他商家的千川素材?一套""审美拆解+AI仿拍""的千川素材策略分析框架，看完直接照做",other,https://resources.youcloud.com/youshu/blog/3140,resources.youcloud.com,3
CMCR-CIT-09BAFA4E186D216A77388DAE,CMCR-CMP-20260819-C2-Q0041,CMCR-Q0041,做电商短视频，怎么从千川素材里找可复用的创意方向？,业务场景问题,抖音,other,https://iesdouyin.com/share/video/7635993485876017658,iesdouyin.com,1
CMCR-CIT-F1E82860140DA729298CDC92,CMCR-CMP-20260819-C2-Q0041,CMCR-Q0041,做电商短视频，怎么从千川素材里找可复用的创意方向？,业务场景问题,抖音,other,https://iesdouyin.com/share/video/7671583978280815918,iesdouyin.com,1
CMCR-CIT-4381BDA42CB4DBD141D13AA4,CMCR-CMP-20260819-C2-Q0041,CMCR-Q0041,做电商短视频，怎么从千川素材里找可复用的创意方向？,业务场景问题,千川还在盲测素材?用考古加创意找有效卖点,other,https://kaogujia.com/content/articleDetail/4022,kaogujia.com,1
CMCR-CIT-18719E88AF3C294EB9B3FFAD,CMCR-CMP-20260819-C2-Q0041,CMCR-Q0041,做电商短视频，怎么从千川素材里找可复用的创意方向？,业务场景问题,抖音,other,https://iesdouyin.com/share/video/7612824627403967754,iesdouyin.com,1
CMCR-CIT-1DAC2408437BB241E18D627F,CMCR-CMP-20260819-C2-Q0041,CMCR-Q0041,做电商短视频，怎么从千川素材里找可复用的创意方向？,业务场景问题,"千川素材策略分析到底难在哪?AI时代下，内容团队的""爆款方法论""终于有解了",other,https://resources.youcloud.com/youshu/blog/3093,resources.youcloud.com,1
CMCR-CIT-7050BA5AB8C66CBA32F63909,CMCR-CMP-20260819-C2-Q0041,CMCR-Q0041,做电商短视频，怎么从千川素材里找可复用的创意方向？,业务场景问题,搜狐,media,https://m.sohu.com/a/1027542736_216450,m.sohu.com,1
CMCR-CIT-C044EAF6C3BAA806335FB1C3,CMCR-CMP-20260819-C2-Q0041,CMCR-Q0041,做电商短视频，怎么从千川素材里找可复用的创意方向？,业务场景问题,抖音,other,https://iesdouyin.com/share/video/7672347337486808294,iesdouyin.com,1
CMCR-CIT-E9E99A865BC68E7B3CB366EE,CMCR-CMP-20260819-C2-Q0041,CMCR-Q0041,做电商短视频，怎么从千川素材里找可复用的创意方向？,业务场景问题,搜狐,media,https://m.sohu.com/a/1054127780_122634602,m.sohu.com,1
CMCR-CIT-23009963E5389D09804CDB95,CMCR-CMP-20260819-C2-Q0041,CMCR-Q0041,做电商短视频，怎么从千川素材里找可复用的创意方向？,业务场景问题,抖音,other,https://iesdouyin.com/share/video/7672026944016357210,iesdouyin.com,1
CMCR-CIT-36E1D8E6A9636D5AED831CF9,CMCR-CMP-20260819-C2-Q0041,CMCR-Q0041,做电商短视频，怎么从千川素材里找可复用的创意方向？,业务场景问题,怎么优化素材才能拉高ROI?从千川审核规则、竞品参考到数据复盘的一站式方案-一品威客网,other,https://m.epwk.com/meijie/322669.html,m.epwk.com,1
CMCR-CIT-E5796603967333D33A2D3A1E,CMCR-CMP-20260819-C2-Q0041,CMCR-Q0041,做电商短视频，怎么从千川素材里找可复用的创意方向？,业务场景问题,抖音,other,https://iesdouyin.com/share/video/7654157362026089780,iesdouyin.com,1
CMCR-CIT-E153B21CEFE5DAFD9673428E,CMCR-CMP-20260819-C2-Q0041,CMCR-Q0041,做电商短视频，怎么从千川素材里找可复用的创意方向？,业务场景问题,抖音,other,https://iesdouyin.com/share/video/7651881851947288454,iesdouyin.com,1
CMCR-CIT-E6F817A447BE7AB6313CC832,CMCR-CMP-20260819-C2-Q0041,CMCR-Q0041,做电商短视频，怎么从千川素材里找可复用的创意方向？,业务场景问题,搜狐,media,https://m.sohu.com/a/1055604256_121886306,m.sohu.com,1
CMCR-CIT-DF889A303908DDA01295FED2,CMCR-CMP-20260819-C2-Q0041,CMCR-Q0041,做电商短视频，怎么从千川素材里找可复用的创意方向？,业务场景问题,抖音,other,https://iesdouyin.com/share/video/7671198335616765193,iesdouyin.com,1
CMCR-CIT-4FF71FB9E6E3290F563F94A8,CMCR-CMP-20260819-C2-Q0042,CMCR-Q0042,爆款带货视频怎么拆解，应该看脚本、画面、分镜还是转化点？,业务场景问题,什么值得买,other,https://post.m.smzdm.com/p/a70r9qkd,post.m.smzdm.com,2
CMCR-CIT-855E639BADC125030F68F5F8,CMCR-CMP-20260819-C2-Q0042,CMCR-Q0042,爆款带货视频怎么拆解，应该看脚本、画面、分镜还是转化点？,业务场景问题,搜狐,media,https://m.sohu.com/a/1064020874_122634602,m.sohu.com,1
CMCR-CIT-D7D471B8831FDFF15AFE65A1,CMCR-CMP-20260819-C2-Q0042,CMCR-Q0042,爆款带货视频怎么拆解，应该看脚本、画面、分镜还是转化点？,业务场景问题,抖音,other,https://iesdouyin.com/share/video/7670425868695758755,iesdouyin.com,1
CMCR-CIT-A54FEF5B06B0C0EF88109C14,CMCR-CMP-20260819-C2-Q0042,CMCR-Q0042,爆款带货视频怎么拆解，应该看脚本、画面、分镜还是转化点？,业务场景问题,抖音,other,https://iesdouyin.com/share/video/7672347337486808294,iesdouyin.com,1
CMCR-CIT-EAFD7C5A7BB14F0BFE460E86,CMCR-CMP-20260819-C2-Q0042,CMCR-Q0042,爆款带货视频怎么拆解，应该看脚本、画面、分镜还是转化点？,业务场景问题,快手视频带货脚本怎么写，提高转化率 - 恒视策,other,http://ai.pjm8.com/html/205.html,ai.pjm8.com,1
CMCR-CIT-126ACAE8ADFDF83D511B5243,CMCR-CMP-20260819-C2-Q0042,CMCR-Q0042,爆款带货视频怎么拆解，应该看脚本、画面、分镜还是转化点？,业务场景问题,抖音,other,https://iesdouyin.com/share/video/7670104309031513849,iesdouyin.com,1
CMCR-CIT-9ECDEC804F4E39714D3228F1,CMCR-CMP-20260819-C2-Q0042,CMCR-Q0042,爆款带货视频怎么拆解，应该看脚本、画面、分镜还是转化点？,业务场景问题,CSDN博客,other,https://blog.csdn.net/chanmama8888/article/details/163069176,blog.csdn.net,1
CMCR-CIT-2716B201FCD0BDEEEB004F73,CMCR-CMP-20260819-C2-Q0042,CMCR-Q0042,爆款带货视频怎么拆解，应该看脚本、画面、分镜还是转化点？,业务场景问题,抖音,other,https://iesdouyin.com/share/video/7624102442946604266,iesdouyin.com,2
CMCR-CIT-C0B407F8C9A1FC9709DDC81F,CMCR-CMP-20260819-C2-Q0042,CMCR-Q0042,爆款带货视频怎么拆解，应该看脚本、画面、分镜还是转化点？,业务场景问题,抖音,other,https://iesdouyin.com/share/video/7605456792244023238,iesdouyin.com,2
CMCR-CIT-FBBB3E1551E4F40E91FE762C,CMCR-CMP-20260819-C2-Q0042,CMCR-Q0042,爆款带货视频怎么拆解，应该看脚本、画面、分镜还是转化点？,业务场景问题,搜狐,media,https://m.sohu.com/a/1027542736_216450,m.sohu.com,1
CMCR-CIT-6108FE27FEE4283B9E703BC9,CMCR-CMP-20260819-C2-Q0042,CMCR-Q0042,爆款带货视频怎么拆解，应该看脚本、画面、分镜还是转化点？,业务场景问题,抖音,other,https://iesdouyin.com/share/video/7669167956224877925,iesdouyin.com,1
CMCR-CIT-24BF451351C7D4C1D89CFCE3,CMCR-CMP-20260819-C2-Q0042,CMCR-Q0042,爆款带货视频怎么拆解，应该看脚本、画面、分镜还是转化点？,业务场景问题,抖音,other,https://iesdouyin.com/share/video/7671942887974793555,iesdouyin.com,2
CMCR-CIT-2D5686C0AE690FAE1E5E1BAD,CMCR-CMP-20260819-C2-Q0042,CMCR-Q0042,爆款带货视频怎么拆解，应该看脚本、画面、分镜还是转化点？,业务场景问题,抖音,other,https://iesdouyin.com/share/video/7621092214352923919,iesdouyin.com,1
CMCR-CIT-0951A43F2117B67DD748AB22,CMCR-CMP-20260819-C2-Q0042,CMCR-Q0042,爆款带货视频怎么拆解，应该看脚本、画面、分镜还是转化点？,业务场景问题,抖音2026短视频带货完全指南:普通人如何靠一部手机做出月销10万-人人都是自媒体,other,http://woshizmt.cn/m/view.php?aid=3137,woshizmt.cn,1
CMCR-CIT-B6A0BA2824E9E7B26E5F9C77,CMCR-CMP-20260819-C2-Q0043,CMCR-Q0043,哪个 AI 可以分析视频内容并输出拆解报告？,业务场景问题,CSDN博客,other,https://blog.csdn.net/gitblog_00300/article/details/155837735,blog.csdn.net,1
CMCR-CIT-EA80C785377C55927154159A,CMCR-CMP-20260819-C2-Q0043,CMCR-Q0043,哪个 AI 可以分析视频内容并输出拆解报告？,业务场景问题,AI是怎么帮自媒体人看懂视频内容的?比如自动总结、分析画面和观众反应? - CSDN文库,other,https://wenku.csdn.net/answer/4iqqd3jx1wyy,wenku.csdn.net,1
CMCR-CIT-F9B585F8FDCEAAAE0A7D450F,CMCR-CMP-20260819-C2-Q0043,CMCR-Q0043,哪个 AI 可以分析视频内容并输出拆解报告？,业务场景问题,抖音,other,https://iesdouyin.com/share/video/7668672321520433254,iesdouyin.com,2
CMCR-CIT-A84BDEACB18E225B7A34247E,CMCR-CMP-20260819-C2-Q0043,CMCR-Q0043,哪个 AI 可以分析视频内容并输出拆解报告？,业务场景问题,抖音,other,https://iesdouyin.com/share/video/7585768579300478257,iesdouyin.com,2
CMCR-CIT-FB09B46321FD68C90D99D67B,CMCR-CMP-20260819-C2-Q0043,CMCR-Q0043,哪个 AI 可以分析视频内容并输出拆解报告？,业务场景问题,CSDN博客,other,https://blog.csdn.net/weixin_42612405/article/details/157054461,blog.csdn.net,1
CMCR-CIT-451202328CA63E4C7FAB0959,CMCR-CMP-20260819-C2-Q0043,CMCR-Q0043,哪个 AI 可以分析视频内容并输出拆解报告？,业务场景问题,博客园,other,https://cnblogs.com/itingnao/p/21417751,cnblogs.com,1
CMCR-CIT-EFD951434EADAC91E85C9827,CMCR-CMP-20260819-C2-Q0043,CMCR-Q0043,哪个 AI 可以分析视频内容并输出拆解报告？,业务场景问题,我测试了Gemini、ChatGPT和Claude的视频分析能力，谁是最终赢家? - 至顶网,other,http://m.zhiding.cn/article/3187002.htm,m.zhiding.cn,1
CMCR-CIT-615474100FD83403DFBA65D7,CMCR-CMP-20260819-C2-Q0043,CMCR-Q0043,哪个 AI 可以分析视频内容并输出拆解报告？,业务场景问题,Best AI Video Summarizer in 2026 — Tested on 50 Videos,other,https://sipsip.ai/blog/video-summarizer,sipsip.ai,1
CMCR-CIT-2EC53E0227B0CFE28F5C6CE4,CMCR-CMP-20260819-C2-Q0043,CMCR-Q0043,哪个 AI 可以分析视频内容并输出拆解报告？,业务场景问题,CSDN博客,other,https://blog.csdn.net/hwhsong/article/details/151287111,blog.csdn.net,1
CMCR-CIT-12DC3FFCA808521C10F5018C,CMCR-CMP-20260819-C2-Q0043,CMCR-Q0043,哪个 AI 可以分析视频内容并输出拆解报告？,业务场景问题,Best AI Video Analysis Tools in 2026,other,https://mixpeek.com/curated-lists/best-ai-video-analysis-tools,mixpeek.com,1
CMCR-CIT-171CF7B144FF013B002F97A0,CMCR-CMP-20260819-C2-Q0043,CMCR-Q0043,哪个 AI 可以分析视频内容并输出拆解报告？,业务场景问题,视频精细理解--AI 数据湖服务-火山引擎,other,https://docs.volcengine.com/docs/6492/2275546?lang=zh,docs.volcengine.com,1
CMCR-CIT-4C1C76316E7938FAAE03224B,CMCR-CMP-20260819-C2-Q0043,CMCR-Q0043,哪个 AI 可以分析视频内容并输出拆解报告？,业务场景问题,多维视界官网 - 一站式AI音视频智能分析平台 | AI 地带,other,https://aididai.cn/sites/11351.html,aididai.cn,1
CMCR-CIT-04D8FE99531A07F7A2E62098,CMCR-CMP-20260819-C2-Q0043,CMCR-Q0043,哪个 AI 可以分析视频内容并输出拆解报告？,业务场景问题,CSDN博客,other,https://blog.csdn.net/weixin_36303305/article/details/157681086,blog.csdn.net,1
CMCR-CIT-7D52FAF4B16816DF65448C89,CMCR-CMP-20260819-C2-Q0043,CMCR-Q0043,哪个 AI 可以分析视频内容并输出拆解报告？,业务场景问题,CSDN博客,other,https://blog.csdn.net/TopazHawk41/article/details/156832401,blog.csdn.net,1
CMCR-CIT-1D3C892E83A85319D46D572E,CMCR-CMP-20260819-C2-Q0043,CMCR-Q0043,哪个 AI 可以分析视频内容并输出拆解报告？,业务场景问题,Github,other,https://github.com/JucieOvo/Frame-by-frame-AI-parser_by_JucieOvo/releases,github.com,1
CMCR-CIT-DBDE5691E69DFE0CF5AB9616,CMCR-CMP-20260819-C2-Q0043,CMCR-Q0043,哪个 AI 可以分析视频内容并输出拆解报告？,业务场景问题,Github,other,https://github.com/albedo-tabai/video-expert-analyzer,github.com,1
CMCR-CIT-128045FE5CD6FC9D5C7F12F6,CMCR-CMP-20260819-C2-Q0044,CMCR-Q0044,AI 拉片工具能拆出脚本、画面和分镜吗？,业务场景问题,FeiGe 本地离线 AI 视频拆片工具|自动识别全部转场分镜|对接 Claude/Gemini 一键生成多版本拍摄脚本|支持Deepseek等 多 AI 接口配置 – 格律诗的软件世界,other,https://jamecling.com/archives/3009,jamecling.com,2
CMCR-CIT-3BE05EC3123C9B190379F416,CMCR-CMP-20260819-C2-Q0044,CMCR-Q0044,AI 拉片工具能拆出脚本、画面和分镜吗？,业务场景问题,抖音,other,https://iesdouyin.com/share/video/7658840654650330414,iesdouyin.com,1
CMCR-CIT-E566DB3D26A7C71F22A4FD4E,CMCR-CMP-20260819-C2-Q0044,CMCR-Q0044,AI 拉片工具能拆出脚本、画面和分镜吗？,业务场景问题,Github,other,https://github.com/MMLab-HKUST/CineView-AI,github.com,2
CMCR-CIT-0864BE6B84D2784CBCBD21FA,CMCR-CMP-20260819-C2-Q0044,CMCR-Q0044,AI 拉片工具能拆出脚本、画面和分镜吗？,业务场景问题,融光:将文字剧本自动解析为分镜并合成视频的智能创作平台 - AI生产力工具,other,https://kdjingpai.com/ai-fusion-video,kdjingpai.com,1
CMCR-CIT-20F8A4B98B5CAFA88A5DC63C,CMCR-CMP-20260819-C2-Q0044,CMCR-Q0044,AI 拉片工具能拆出脚本、画面和分镜吗？,业务场景问题,Github,other,https://github.com/GPTProto/ai-workflow/blob/main/blog-zh.md,github.com,1
CMCR-CIT-5503DF0FE735A8477754BFB6,CMCR-CMP-20260819-C2-Q0044,CMCR-Q0044,AI 拉片工具能拆出脚本、画面和分镜吗？,业务场景问题,CSDN博客,other,https://blog.csdn.net/SilvermistFalcon67/article/details/156802992,blog.csdn.net,1
CMCR-CIT-56D4565D6AD94D3995EF6F6A,CMCR-CMP-20260819-C2-Q0044,CMCR-Q0044,AI 拉片工具能拆出脚本、画面和分镜吗？,业务场景问题,抖音,other,https://iesdouyin.com/share/video/7575059318039465225,iesdouyin.com,1
CMCR-CIT-49CA24BD87C0CC732AC8F66A,CMCR-CMP-20260819-C2-Q0044,CMCR-Q0044,AI 拉片工具能拆出脚本、画面和分镜吗？,业务场景问题,抖音,other,https://iesdouyin.com/share/video/7628984636101741859,iesdouyin.com,1
CMCR-CIT-1AD59607DD4A9D17C337ABF0,CMCR-CMP-20260819-C2-Q0044,CMCR-Q0044,AI 拉片工具能拆出脚本、画面和分镜吗？,业务场景问题,抖音,other,https://iesdouyin.com/share/video/7559516600505093412,iesdouyin.com,1
CMCR-CIT-07939ADF5A72A4B9BCEC6ADB,CMCR-CMP-20260819-C2-Q0044,CMCR-Q0044,AI 拉片工具能拆出脚本、画面和分镜吗？,业务场景问题,抖音,other,https://iesdouyin.com/share/video/7613747431561235721,iesdouyin.com,1
CMCR-CIT-F3938FAA2AE0A7E4856024EF,CMCR-CMP-20260819-C2-Q0044,CMCR-Q0044,AI 拉片工具能拆出脚本、画面和分镜吗？,业务场景问题,抖音,other,https://iesdouyin.com/share/video/7646308350208019758,iesdouyin.com,1
CMCR-CIT-38C43FDAC9E6B9C41AECA817,CMCR-CMP-20260819-C2-Q0044,CMCR-Q0044,AI 拉片工具能拆出脚本、画面和分镜吗？,业务场景问题,抖音,other,https://iesdouyin.com/share/video/7623364121576213806,iesdouyin.com,1
CMCR-CIT-7813D0D767A8FCC1C962B270,CMCR-CMP-20260819-C2-Q0044,CMCR-Q0044,AI 拉片工具能拆出脚本、画面和分镜吗？,业务场景问题,格镜视频转换文字与音频提取工具 | 格镜一键解析视频内容,other,https://gaiyiguo.com/?t=1646852124842,gaiyiguo.com,1
CMCR-CIT-C931D4C501B1517FFDCEA83A,CMCR-CMP-20260819-C2-Q0044,CMCR-Q0044,AI 拉片工具能拆出脚本、画面和分镜吗？,业务场景问题,VidSbo - AI 智绘分镜:视频解析，灵感成片 - Aitoolnet,other,https://aitoolnet.com/zh/vidsbo,aitoolnet.com,1
CMCR-CIT-C1692441CB53A696C3E78B47,CMCR-CMP-20260819-C2-Q0044,CMCR-Q0044,AI 拉片工具能拆出脚本、画面和分镜吗？,业务场景问题,Github,other,https://github.com/BroderQi/Storyboard,github.com,1
CMCR-CIT-6639235434C20007BB17A2F6,CMCR-CMP-20260819-C2-Q0044,CMCR-Q0044,AI 拉片工具能拆出脚本、画面和分镜吗？,业务场景问题,小镜故事板|分镜头脚本在线创作工具|AI分镜脚本与视频提示词生成,other,https://xjstoryboard.com/center,xjstoryboard.com,1
CMCR-CIT-E1DEBF94BE4EBEC1247604E9,CMCR-CMP-20260819-C2-Q0045,CMCR-Q0045,蝉妈妈创意的 AI 智能拉片能拆解哪些内容？,品牌产品问题,搜狐,media,https://m.sohu.com/a/1064020874_122634602,m.sohu.com,1
CMCR-CIT-1DC8443265ED1E759ED952D5,CMCR-CMP-20260819-C2-Q0045,CMCR-Q0045,蝉妈妈创意的 AI 智能拉片能拆解哪些内容？,品牌产品问题,AI智能拉片软件_一键智能拉片在线使用-蝉妈妈·AI创意大师,official_direct,https://cy.chanmama.com/tools/intelligentStoryboardScript/landing,cy.chanmama.com,2
CMCR-CIT-9601851E082209435647B054,CMCR-CMP-20260819-C2-Q0045,CMCR-Q0045,蝉妈妈创意的 AI 智能拉片能拆解哪些内容？,品牌产品问题,抖音,other,https://iesdouyin.com/share/video/7579949522726571291,iesdouyin.com,3
CMCR-CIT-D739CF8379A38AC8A1740419,CMCR-CMP-20260819-C2-Q0045,CMCR-Q0045,蝉妈妈创意的 AI 智能拉片能拆解哪些内容？,品牌产品问题,抖音,other,https://iesdouyin.com/share/video/7652196197238883178,iesdouyin.com,1
CMCR-CIT-3E79538DDBE5A0195D4E1CB3,CMCR-CMP-20260819-C2-Q0045,CMCR-Q0045,蝉妈妈创意的 AI 智能拉片能拆解哪些内容？,品牌产品问题,搜狐,media,https://m.sohu.com/a/1054127780_122634602,m.sohu.com,1
CMCR-CIT-0E36306098C73B141F74CB8C,CMCR-CMP-20260819-C2-Q0045,CMCR-Q0045,蝉妈妈创意的 AI 智能拉片能拆解哪些内容？,品牌产品问题,抖音,other,https://iesdouyin.com/share/video/7663312983049386218,iesdouyin.com,1
CMCR-CIT-92F9837A1E125CFB3A387DA1,CMCR-CMP-20260819-C2-Q0045,CMCR-Q0045,蝉妈妈创意的 AI 智能拉片能拆解哪些内容？,品牌产品问题,蝉妈妈·创意 - 千川投放素材_短视频素材创意服务平台,official_direct,https://cy.chanmama.com/,cy.chanmama.com,1
CMCR-CIT-91FF2EA167C7981A48667B36,CMCR-CMP-20260819-C2-Q0045,CMCR-Q0045,蝉妈妈创意的 AI 智能拉片能拆解哪些内容？,品牌产品问题,抖音,other,https://iesdouyin.com/share/video/7667101716617353555,iesdouyin.com,2
CMCR-CIT-6115A8D3D5D8F422E87E2E84,CMCR-CMP-20260819-C2-Q0046,CMCR-Q0046,爆款视频拆解后怎么变成自己的脚本？,业务场景问题,人人都是产品经理,other,https://woshipm.com/share/6304635.html,woshipm.com,1
CMCR-CIT-910CE01305F57B3C67671883,CMCR-CMP-20260819-C2-Q0046,CMCR-Q0046,爆款视频拆解后怎么变成自己的脚本？,业务场景问题,爆款视频复刻:爆款视频怎么复刻同款?AI反推提示词+重生成全流程(2026实测教程),other,https://xiyuchuanmei.com/viral-video-clone-ai-2026,xiyuchuanmei.com,1
CMCR-CIT-71A09AC0552D88D9FE8E06B2,CMCR-CMP-20260819-C2-Q0046,CMCR-Q0046,爆款视频拆解后怎么变成自己的脚本？,业务场景问题,抖音,other,https://iesdouyin.com/share/video/7659062808029465894,iesdouyin.com,2
CMCR-CIT-92EF30BA3A31B1AE0011350A,CMCR-CMP-20260819-C2-Q0046,CMCR-Q0046,爆款视频拆解后怎么变成自己的脚本？,业务场景问题,抖音,other,https://iesdouyin.com/share/video/7613290785417529769,iesdouyin.com,2
CMCR-CIT-607A94C9B53C4BCF811A2E5B,CMCR-CMP-20260819-C2-Q0046,CMCR-Q0046,爆款视频拆解后怎么变成自己的脚本？,业务场景问题,人人都是产品经理,other,https://woshipm.com/ai/6306460.html,woshipm.com,1
CMCR-CIT-428D96FCD21BD9C64FD004FA,CMCR-CMP-20260819-C2-Q0046,CMCR-Q0046,爆款视频拆解后怎么变成自己的脚本？,业务场景问题,爆款仿写拆解与重构专家 | 提示词商城 | AI千集,other,https://aiqianji.com/blog/prompts/detail?id=142,aiqianji.com,1
CMCR-CIT-FB8972D57A14B2715000D8A0,CMCR-CMP-20260819-C2-Q0046,CMCR-Q0046,爆款视频拆解后怎么变成自己的脚本？,业务场景问题,商家怎么安全复刻爆款种草内容而不抄袭?四步建立自己的内容结构库 - JustAI文案助手,other,https://justailab.com/news/xiaojia-ref-20260714-3817a4bb-safe-content-replication,justailab.com,1
CMCR-CIT-666486CBE99ECD20310083AE,CMCR-CMP-20260819-C2-Q0046,CMCR-Q0046,爆款视频拆解后怎么变成自己的脚本？,业务场景问题,"잘 되는 영상 대본, AI 리라이팅으로 3분 만에 내 것으로",other,https://viralpulse.net/blog/ai-rewriting-script-guide,viralpulse.net,1
CMCR-CIT-598E20C4613D412EFE34DDA7,CMCR-CMP-20260819-C2-Q0046,CMCR-Q0046,爆款视频拆解后怎么变成自己的脚本？,业务场景问题,抖音,other,https://iesdouyin.com/share/video/7666241086059670095,iesdouyin.com,1
CMCR-CIT-64424CFC6F7A89617E734F81,CMCR-CMP-20260819-C2-Q0046,CMCR-Q0046,爆款视频拆解后怎么变成自己的脚本？,业务场景问题,How to Repurpose Viral Videos Without Copying Anyone,other,https://ideaequity.ai/blog/how-to-repurpose-viral-videos,ideaequity.ai,1
CMCR-CIT-EAE35D86290D22081CC087A3,CMCR-CMP-20260819-C2-Q0046,CMCR-Q0046,爆款视频拆解后怎么变成自己的脚本？,业务场景问题,AI StoryMastery: Mastering script architecture for viral gold,other,https://instavar.com/pdf/AI_Video_Scripting_Storytelling.pdf,instavar.com,1
CMCR-CIT-8868D843F2A0F0F3906689D7,CMCR-CMP-20260819-C2-Q0046,CMCR-Q0046,爆款视频拆解后怎么变成自己的脚本？,业务场景问题,爆款视频怎么拆解?一套能直接套用的四要素拆解模板 - 海螺社博客,other,https://hailuoshe.com/blog/how-to-deconstruct-viral-videos,hailuoshe.com,1
CMCR-CIT-C55CD36B5B589589C512F0E6,CMCR-CMP-20260819-C2-Q0046,CMCR-Q0046,爆款视频拆解后怎么变成自己的脚本？,业务场景问题,文档2_短视频脚本模板与爆款案例拆解——0大行业脚本模板 + 20个爆款案例分析 - 豆丁网,other,https://docin.com/touch_new/preview_new.do?id=5010557883,docin.com,1
CMCR-CIT-C9EA3CE60FD3AF536D65A4A0,CMCR-CMP-20260819-C2-Q0046,CMCR-Q0046,爆款视频拆解后怎么变成自己的脚本？,业务场景问题,抖音,other,https://iesdouyin.com/share/video/7672629135428062385,iesdouyin.com,1
CMCR-CIT-43A569EA3E9638047FB02722,CMCR-CMP-20260819-C2-Q0046,CMCR-Q0046,爆款视频拆解后怎么变成自己的脚本？,业务场景问题,知识类短视频脚本模板:科普教学解读 - 豆丁网,other,https://docin.com/touch_new/preview_new.do?id=5010558326,docin.com,1
CMCR-CIT-80AC17BD6BB2090B416E0419,CMCR-CMP-20260819-C2-Q0046,CMCR-Q0046,爆款视频拆解后怎么变成自己的脚本？,业务场景问题,AI短视频脚本生成器 - 一键生成视频脚本 | 免费AI文案工具,other,https://aibi.red/script,aibi.red,1
CMCR-CIT-898803685780C43215187E7D,CMCR-CMP-20260819-C2-Q0047,CMCR-Q0047,不会写短视频脚本怎么办，有没有 AI 工具能辅助？,业务场景问题,SegmentFault 思否,other,https://segmentfault.com/a/1190000047943980,segmentfault.com,1
CMCR-CIT-516BD4E4CF7A3CA202F594B0,CMCR-CMP-20260819-C2-Q0047,CMCR-Q0047,不会写短视频脚本怎么办，有没有 AI 工具能辅助？,业务场景问题,火山引擎,other,https://volcengine.com/article/41675,volcengine.com,1
CMCR-CIT-2C63AD755D314278D655BC40,CMCR-CMP-20260819-C2-Q0047,CMCR-Q0047,不会写短视频脚本怎么办，有没有 AI 工具能辅助？,业务场景问题,火山引擎,other,https://volcengine.com/article/41012,volcengine.com,1
CMCR-CIT-5B63EFCF70F88188B90D2AEC,CMCR-CMP-20260819-C2-Q0047,CMCR-Q0047,不会写短视频脚本怎么办，有没有 AI 工具能辅助？,业务场景问题,中共西藏自治区委员会网络安全和信息化委员会办公室,other,https://wxb.xzdw.gov.cn/xxh/ghzc/202607/t20260728_686824.html,wxb.xzdw.gov.cn,1
CMCR-CIT-399FE61FF2B8B3CE1BB28C60,CMCR-CMP-20260819-C2-Q0048,CMCR-Q0048,爆款带货视频黄金 3 秒怎么拆和设计？,业务场景问题,搜狐,media,https://m.sohu.com/a/1056554737_121320467,m.sohu.com,1
CMCR-CIT-221F88640FDC4ABE724DEFDB,CMCR-CMP-20260819-C2-Q0048,CMCR-Q0048,爆款带货视频黄金 3 秒怎么拆和设计？,业务场景问题,获客成本高?可能你在短视频和AI的策略错了 - 混沌学园,other,https://hundun.cn/articles/37141b6b778a9a42.html,hundun.cn,1
CMCR-CIT-3901B9EFC70758625A9F9FCC,CMCR-CMP-20260819-C2-Q0048,CMCR-Q0048,爆款带货视频黄金 3 秒怎么拆和设计？,业务场景问题,抖音,other,https://iesdouyin.com/share/video/7580934292307171546,iesdouyin.com,1
CMCR-CIT-2CA84A38D1E62869BCE576A0,CMCR-CMP-20260819-C2-Q0048,CMCR-Q0048,爆款带货视频黄金 3 秒怎么拆和设计？,业务场景问题,抖音,other,https://iesdouyin.com/share/video/7647747182234266026,iesdouyin.com,2
CMCR-CIT-B80B51709C8ED3895D82FAF6,CMCR-CMP-20260819-C2-Q0048,CMCR-Q0048,爆款带货视频黄金 3 秒怎么拆和设计？,业务场景问题,抖音,other,https://iesdouyin.com/share/video/7661979028048841833,iesdouyin.com,1
CMCR-CIT-CFE56840BBD00B0B755A1D48,CMCR-CMP-20260819-C2-Q0048,CMCR-Q0048,爆款带货视频黄金 3 秒怎么拆和设计？,业务场景问题,抖音,other,https://iesdouyin.com/share/video/7658333331687558315,iesdouyin.com,1
CMCR-CIT-819E029777652A5A4ECA8E85,CMCR-CMP-20260819-C2-Q0048,CMCR-Q0048,爆款带货视频黄金 3 秒怎么拆和设计？,业务场景问题,淘宝,other,https://goods.taobao.com/t/daiyunying_16960/497ba01d2e5ff928b6579cd6e61baa28.html,goods.taobao.com,1
CMCR-CIT-10A0412C44D55C0E97B0D0BA,CMCR-CMP-20260819-C2-Q0048,CMCR-Q0048,爆款带货视频黄金 3 秒怎么拆和设计？,业务场景问题,抖音,other,https://iesdouyin.com/share/video/7664170623509954993,iesdouyin.com,1
CMCR-CIT-10DFCD7DC5353453AB0F3682,CMCR-CMP-20260819-C2-Q0048,CMCR-Q0048,爆款带货视频黄金 3 秒怎么拆和设计？,业务场景问题,抖音,other,https://iesdouyin.com/share/video/7662229682092243322,iesdouyin.com,2
CMCR-CIT-87AA254DD535F57232A42AF6,CMCR-CMP-20260819-C2-Q0048,CMCR-Q0048,爆款带货视频黄金 3 秒怎么拆和设计？,业务场景问题,抖音,other,https://iesdouyin.com/share/video/7633061842693000698,iesdouyin.com,1
CMCR-CIT-A65E437952730C4904852C30,CMCR-CMP-20260819-C2-Q0048,CMCR-Q0048,爆款带货视频黄金 3 秒怎么拆和设计？,业务场景问题,黄金三秒钩子怎么写?6 种开头钩子模板直接套 - 海螺社博客,other,https://hailuoshe.com/blog/golden-three-seconds-hook,hailuoshe.com,1
CMCR-CIT-C690BA3D7EF2DF95F5B78D83,CMCR-CMP-20260819-C2-Q0048,CMCR-Q0048,爆款带货视频黄金 3 秒怎么拆和设计？,业务场景问题,AI短视频爆款脚本与流量算法拆解实战白皮书:算法逻辑、脚本量产、爆款起量、稳定引流全方案-CSDN.NET,other,https://csdn.net/article/2026-05-30/161536485,csdn.net,1
CMCR-CIT-1BC11250F2105D321789429A,CMCR-CMP-20260819-C2-Q0048,CMCR-Q0048,爆款带货视频黄金 3 秒怎么拆和设计？,业务场景问题,抖音,other,https://iesdouyin.com/share/video/7675188037944397097,iesdouyin.com,1
CMCR-CIT-E6184C95D37DE900D43EDC12,CMCR-CMP-20260819-C2-Q0048,CMCR-Q0048,爆款带货视频黄金 3 秒怎么拆和设计？,业务场景问题,抖音,other,https://iesdouyin.com/share/video/7616706140591770889,iesdouyin.com,2
CMCR-CIT-C312527EBE94D30ABD269EC8,CMCR-CMP-20260819-C2-Q0048,CMCR-Q0048,爆款带货视频黄金 3 秒怎么拆和设计？,业务场景问题,抖音,other,https://iesdouyin.com/share/video/7640485865499725107,iesdouyin.com,1
CMCR-CIT-EDF4BB4A17ED5BFA7481831E,CMCR-CMP-20260819-C2-Q0049,CMCR-Q0049,短视频开头钩子怎么写，怎么判断有没有爆款潜力？,案例/效果问题,"TL;DR Viewers decide in the first 1-3 s whether to keep watching. This guide reverse-engineers the best performing hook types on TikTok, Instagram Reels, Lemon8, YouTube Shorts, LinkedIn and Facebook",other,https://instavar.com/pdf/Creative_Hooks_That_Stop_the_Scroll.pdf,instavar.com,1
CMCR-CIT-C4A42078EA8E155B19E3F1E2,CMCR-CMP-20260819-C2-Q0049,CMCR-Q0049,短视频开头钩子怎么写，怎么判断有没有爆款潜力？,案例/效果问题,人人都是产品经理,other,https://woshipm.com/operate/6275862.html,woshipm.com,1
CMCR-CIT-FEC53345F5378C833B8CCDD3,CMCR-CMP-20260819-C2-Q0049,CMCR-Q0049,短视频开头钩子怎么写，怎么判断有没有爆款潜力？,案例/效果问题,抖音,other,https://iesdouyin.com/share/video/7644937887776383987,iesdouyin.com,1
CMCR-CIT-6D45073A3E1C2E606BAD93D4,CMCR-CMP-20260819-C2-Q0049,CMCR-Q0049,短视频开头钩子怎么写，怎么判断有没有爆款潜力？,案例/效果问题,抖音,other,https://iesdouyin.com/share/video/7640059025137601137,iesdouyin.com,1
CMCR-CIT-61068372C78F0BB1366C2C45,CMCR-CMP-20260819-C2-Q0049,CMCR-Q0049,短视频开头钩子怎么写，怎么判断有没有爆款潜力？,案例/效果问题,人人都是产品经理,other,https://woshipm.com/share/6397891.html,woshipm.com,1
CMCR-CIT-A41C32ECD8BC33056E8CCBD7,CMCR-CMP-20260819-C2-Q0049,CMCR-Q0049,短视频开头钩子怎么写，怎么判断有没有爆款潜力？,案例/效果问题,抖音,other,https://iesdouyin.com/share/video/7638545180417035621,iesdouyin.com,2
CMCR-CIT-48CE358AB60A9178E7C3A2BD,CMCR-CMP-20260819-C2-Q0049,CMCR-Q0049,短视频开头钩子怎么写，怎么判断有没有爆款潜力？,案例/效果问题,15 Douyin Hook Prompts That Survive the First Traffic Pool,other,https://aitoolsguidebook.com/en/articles/douyin-hook-prompts,aitoolsguidebook.com,1
CMCR-CIT-E3836F6B9DFF691111796275,CMCR-CMP-20260819-C2-Q0049,CMCR-Q0049,短视频开头钩子怎么写，怎么判断有没有爆款潜力？,案例/效果问题,Five Hook Templates That Stop the Scroll in Under Two Seconds,other,https://tokcount.com/blog/five-hook-templates-that-stop-the-scroll-in-under-two-seconds,tokcount.com,1
CMCR-CIT-29CA2476CAB0E232769D49FF,CMCR-CMP-20260819-C2-Q0049,CMCR-Q0049,短视频开头钩子怎么写，怎么判断有没有爆款潜力？,案例/效果问题,The 5 TikTok Hook Types That Actually Go Viral in 2026,other,https://opus.pro/blog/tiktok-hooks-that-go-viral-2026,opus.pro,1
CMCR-CIT-50F6E7A2CFF809BF7BDAB17D,CMCR-CMP-20260819-C2-Q0049,CMCR-Q0049,短视频开头钩子怎么写，怎么判断有没有爆款潜力？,案例/效果问题,"How to Make a TikTok Video That Goes Viral Overnight: The Hook, Hold and CTA Framework",other,https://softomatesolutions.com/blog/how-to-make-tiktok-video-viral-overnight-framework,softomatesolutions.com,1
CMCR-CIT-25F981D524B5DF0CBDF8939C,CMCR-CMP-20260819-C2-Q0049,CMCR-Q0049,短视频开头钩子怎么写，怎么判断有没有爆款潜力？,案例/效果问题,抖音,other,https://iesdouyin.com/share/video/7667478071406139045,iesdouyin.com,1
CMCR-CIT-365BE6716F200DF59CDAFE25,CMCR-CMP-20260819-C2-Q0049,CMCR-Q0049,短视频开头钩子怎么写，怎么判断有没有爆款潜力？,案例/效果问题,抖音,other,https://iesdouyin.com/share/video/7643034513093823786,iesdouyin.com,1
CMCR-CIT-18746782C6B6F96048CEC5F4,CMCR-CMP-20260819-C2-Q0049,CMCR-Q0049,短视频开头钩子怎么写，怎么判断有没有爆款潜力？,案例/效果问题,抖音,other,https://iesdouyin.com/share/video/7667180857043602734,iesdouyin.com,1
CMCR-CIT-849A3C70A97C1913E2291D22,CMCR-CMP-20260819-C2-Q0049,CMCR-Q0049,短视频开头钩子怎么写，怎么判断有没有爆款潜力？,案例/效果问题,抖音,other,https://iesdouyin.com/share/video/7626727460948384165,iesdouyin.com,1
CMCR-CIT-522A4E46A03684C2AEE05C7F,CMCR-CMP-20260819-C2-Q0049,CMCR-Q0049,短视频开头钩子怎么写，怎么判断有没有爆款潜力？,案例/效果问题,抖音,other,https://iesdouyin.com/share/video/7545886697876196647,iesdouyin.com,1
CMCR-CIT-FE45F9FB5B2EDE4D699C11BF,CMCR-CMP-20260819-C2-Q0049,CMCR-Q0049,短视频开头钩子怎么写，怎么判断有没有爆款潜力？,案例/效果问题,搜狐,media,https://m.sohu.com/a/1030581733_122554258,m.sohu.com,1
CMCR-CIT-F2D1183101888D33723E328F,CMCR-CMP-20260819-C2-Q0049,CMCR-Q0049,短视频开头钩子怎么写，怎么判断有没有爆款潜力？,案例/效果问题,什么值得买,other,https://post.m.smzdm.com/p/al3n5ng8,post.m.smzdm.com,1
CMCR-CIT-F8023EA765042E37FDD25F86,CMCR-CMP-20260819-C2-Q0050,CMCR-Q0050,商品卖点和用户痛点怎么转成短视频脚本？,业务场景问题,快手短视频带货|快手快手评论下单网站短视频挂车带货脚本拍摄与转化话术指南-广贯运营网,other,http://bnc.dianzilajihs.com/html/09d1599975.html,bnc.dianzilajihs.com,1
CMCR-CIT-BD54317D0FC3F7A7ADD30DE1,CMCR-CMP-20260819-C2-Q0050,CMCR-Q0050,商品卖点和用户痛点怎么转成短视频脚本？,业务场景问题,AI商品卖点视频怎么做:产品短视频脚本、分镜和提示词模板 | 协修AI - 免费AI教程·提示词库·AI工具导航,other,https://xiexiuai.2weima.com/ai-video/product-video-prompt.html,xiexiuai.2weima.com,1
CMCR-CIT-5A0F77969A993D41A8298D69,CMCR-CMP-20260819-C2-Q0050,CMCR-Q0050,商品卖点和用户痛点怎么转成短视频脚本？,业务场景问题,抖音,other,https://iesdouyin.com/share/video/7591379358791568666,iesdouyin.com,2
CMCR-CIT-2C86E0B442C588488326E15F,CMCR-CMP-20260819-C2-Q0050,CMCR-Q0050,商品卖点和用户痛点怎么转成短视频脚本？,业务场景问题,抖音,other,https://iesdouyin.com/share/video/7639861750946943615,iesdouyin.com,2
CMCR-CIT-8A82513F7F693A6D63546DA0,CMCR-CMP-20260819-C2-Q0050,CMCR-Q0050,商品卖点和用户痛点怎么转成短视频脚本？,业务场景问题,Problem Solution Video: 7 Script Moves That Convert,other,https://scriptstorm.ai/blog/problem-solution-video-7-script-moves-that-convert,scriptstorm.ai,2
CMCR-CIT-4716EA64AA12DE54A04D95C4,CMCR-CMP-20260819-C2-Q0050,CMCR-Q0050,商品卖点和用户痛点怎么转成短视频脚本？,业务场景问题,抖音,other,https://iesdouyin.com/share/video/7673048677581065472,iesdouyin.com,2
CMCR-CIT-1CA8AE66EDA64FFB76D5A194,CMCR-CMP-20260819-C2-Q0050,CMCR-Q0050,商品卖点和用户痛点怎么转成短视频脚本？,业务场景问题,抖音,other,https://iesdouyin.com/share/video/7672611213867584810,iesdouyin.com,2
CMCR-CIT-8DFAA60DD525B79BDB6BE86E,CMCR-CMP-20260819-C2-Q0050,CMCR-Q0050,商品卖点和用户痛点怎么转成短视频脚本？,业务场景问题,抖音,other,https://iesdouyin.com/share/video/7654551895788837541,iesdouyin.com,1
CMCR-CIT-030BECDED201138ADD1CD59A,CMCR-CMP-20260819-C2-Q0050,CMCR-Q0050,商品卖点和用户痛点怎么转成短视频脚本？,业务场景问题,3 Persuasive Video Scripting Templates That Keep Your Viewers Engaged,other,https://cdn2.hubspot.net/hubfs/433368/Offers/3_Persuasive_Video_Scripting_Templates_For_Sales_and_Marketing_Videos.pdf?t=1476127025441,cdn2.hubspot.net,1
CMCR-CIT-51362AC04BEDC71B435EB360,CMCR-CMP-20260819-C2-Q0050,CMCR-Q0050,商品卖点和用户痛点怎么转成短视频脚本？,业务场景问题,Pain Hook Product Video Recipe,other,https://yihook.ai/en/pain-hook-product-video-recipe,yihook.ai,1
CMCR-CIT-9E7EB0C5C30E20D7E9190D4B,CMCR-CMP-20260819-C2-Q0050,CMCR-Q0050,商品卖点和用户痛点怎么转成短视频脚本？,业务场景问题,抖音,other,https://iesdouyin.com/share/video/7666020932439768825,iesdouyin.com,1
CMCR-CIT-E9FF34132AAD3925679020B7,CMCR-CMP-20260819-C2-Q0050,CMCR-Q0050,商品卖点和用户痛点怎么转成短视频脚本？,业务场景问题,抖音,other,https://iesdouyin.com/share/video/7654598169058134710,iesdouyin.com,1
CMCR-CIT-C1604B35F433CB6F6AE49132,CMCR-CMP-20260819-C2-Q0050,CMCR-Q0050,商品卖点和用户痛点怎么转成短视频脚本？,业务场景问题,搜狐,media,https://m.sohu.com/a/1049126729_120949282,m.sohu.com,1
CMCR-CIT-E773D2837EE536BE4611E2BA,CMCR-CMP-20260819-C2-Q0051,CMCR-Q0051,竞品商品素材怎么做竞争态势分析？,业务场景问题,产品竞品分析实战方法论:2026年工业设计师系统化竞品研究体系构建指南(Competitive Analysis) - 赫兹工业设计,other,https://hezidesign.com/jingyan/744.html,hezidesign.com,1
CMCR-CIT-9DE5B9F593E188EEA17189EC,CMCR-CMP-20260819-C2-Q0051,CMCR-Q0051,竞品商品素材怎么做竞争态势分析？,业务场景问题,Competitor Product Analysis: A Data-Driven E-comm Guide,other,https://searchthetrend.com/blog/competitor-product-analysis,searchthetrend.com,1
CMCR-CIT-538FAD13F51A90703106C113,CMCR-CMP-20260819-C2-Q0051,CMCR-Q0051,竞品商品素材怎么做竞争态势分析？,业务场景问题,抖音,other,https://iesdouyin.com/share/video/7622257536275582260,iesdouyin.com,1
CMCR-CIT-80716AEDC9EE073D2DAD7A0D,CMCR-CMP-20260819-C2-Q0051,CMCR-Q0051,竞品商品素材怎么做竞争态势分析？,业务场景问题,抖音,other,https://iesdouyin.com/share/video/7606925295778867697,iesdouyin.com,1
CMCR-CIT-4589C4A7F061558FB8922E28,CMCR-CMP-20260819-C2-Q0051,CMCR-Q0051,竞品商品素材怎么做竞争态势分析？,业务场景问题,搜狐,media,https://m.sohu.com/a/1053826782_122687463,m.sohu.com,1
CMCR-CIT-D3FF65494E81FDC515648BA3,CMCR-CMP-20260819-C2-Q0051,CMCR-Q0051,竞品商品素材怎么做竞争态势分析？,业务场景问题,抖音,other,https://iesdouyin.com/share/video/7669005053511945518,iesdouyin.com,1
CMCR-CIT-C115CEFB89BA2A41D410044B,CMCR-CMP-20260819-C2-Q0051,CMCR-Q0051,竞品商品素材怎么做竞争态势分析？,业务场景问题,不要再漫无目的分析竞品了，从这些维度出发，做出差异化!超越竞品，收好这篇干货-雨果网,other,https://m.cifnews.com/article/122051,m.cifnews.com,1
CMCR-CIT-2D5267782FC82C18F77D4DE2,CMCR-CMP-20260819-C2-Q0051,CMCR-Q0051,竞品商品素材怎么做竞争态势分析？,业务场景问题,跨境电商产品拍摄方案 2026(亚马逊/SHEIN/Temu/速卖通对比)-广州艾米视觉传媒有限公司,other,https://airmie.cn/News/fenxiang/platform-cross-border-2026.html,airmie.cn,1
CMCR-CIT-F5021FF24AADD20D5A8E40D5,CMCR-CMP-20260819-C2-Q0051,CMCR-Q0051,竞品商品素材怎么做竞争态势分析？,业务场景问题,抖音,other,https://iesdouyin.com/share/video/7670115235147269361,iesdouyin.com,2
CMCR-CIT-FA18C452CF9ED1AC115DDD2D,CMCR-CMP-20260819-C2-Q0051,CMCR-Q0051,竞品商品素材怎么做竞争态势分析？,业务场景问题,抖音,other,https://iesdouyin.com/share/video/7618097866926779386,iesdouyin.com,1
CMCR-CIT-BD50371C47E62E30B2CA4422,CMCR-CMP-20260819-C2-Q0051,CMCR-Q0051,竞品商品素材怎么做竞争态势分析？,业务场景问题,Amazon Competitor Image Analysis: The Complete Seller Workflow,other,https://asincrate.com/blog/amazon-competitor-image-analysis,asincrate.com,1
CMCR-CIT-D5577A5AA1C3920FC0476772,CMCR-CMP-20260819-C2-Q0051,CMCR-Q0051,竞品商品素材怎么做竞争态势分析？,业务场景问题,Competitive Analysis Roadmap Template for PowerPoint,other,https://ideaplan.io/roadmap-templates/competitive-landscape-roadmap-powerpoint,ideaplan.io,1
CMCR-CIT-582ABDD70C2582FE6F7C9B38,CMCR-CMP-20260819-C2-Q0051,CMCR-Q0051,竞品商品素材怎么做竞争态势分析？,业务场景问题,市场竞争分析框架模板 - 豆丁网,other,https://docin.com/touch_new/preview_new.do?id=4956000665,docin.com,1
CMCR-CIT-191A1D99880C172F0C5A65DB,CMCR-CMP-20260819-C2-Q0051,CMCR-Q0051,竞品商品素材怎么做竞争态势分析？,业务场景问题,Free Competitive Analysis Templates & Frameworks,other,https://competitoranalyzer.com/guides/competitive-analysis-templates,competitoranalyzer.com,1
CMCR-CIT-0F0836CE7D5689D4CBB1B45C,CMCR-CMP-20260819-C2-Q0051,CMCR-Q0051,竞品商品素材怎么做竞争态势分析？,业务场景问题,Standard Competitive Analysis Canvas with AI: A Competitive Analysis Matrix You’ll Actually Reuse,other,https://jeda.ai/ai-templates-frameworks/ai-competitive-analysis-canvas,jeda.ai,1
CMCR-CIT-243C122F2AC1D4B2CF8AAC79,CMCR-CMP-20260819-C2-Q0051,CMCR-Q0051,竞品商品素材怎么做竞争态势分析？,业务场景问题,Competitive Analysis: 18 Downloadable Templates & Examples,other,https://venngage.com/blog/competitor-analysis-template,venngage.com,1
CMCR-CIT-DED143E77B2A18E87CC3E97B,CMCR-CMP-20260819-C2-Q0051,CMCR-Q0051,竞品商品素材怎么做竞争态势分析？,业务场景问题,竞争分析模板:概览与免费示例 | Kuse Blog,other,https://kuse.ai/zh-cn/blog/tutorials/competitive-analysis-template,kuse.ai,1
CMCR-CIT-C2B1D8C9351FE9F34911B6FD,CMCR-CMP-20260819-C2-Q0052,CMCR-Q0052,电商内容团队的编导写脚本，应该先看哪些爆款拆解维度？,业务场景问题,E-Commerce Product Videos: A Director-Level Method for Selling on the Feed,other,https://superdirector.app/use-cases/ecommerce-product-videos,superdirector.app,1
CMCR-CIT-55C3BD27B10A5A18DF16655A,CMCR-CMP-20260819-C2-Q0052,CMCR-Q0052,电商内容团队的编导写脚本，应该先看哪些爆款拆解维度？,业务场景问题,【视频脚本】爆款带货视频脚本详细拆解爆款带货视频脚本拆解 学会这几招轻松出单- 大数跨境,other,https://m.10100.com/article/1965541,m.10100.com,2
CMCR-CIT-5B138B422863BC65F755EA56,CMCR-CMP-20260819-C2-Q0052,CMCR-Q0052,电商内容团队的编导写脚本，应该先看哪些爆款拆解维度？,业务场景问题,抖音,other,https://iesdouyin.com/share/video/7665642957197806891,iesdouyin.com,1
CMCR-CIT-643784A64EA1FA1A630367EC,CMCR-CMP-20260819-C2-Q0052,CMCR-Q0052,电商内容团队的编导写脚本，应该先看哪些爆款拆解维度？,业务场景问题,抖音,other,https://iesdouyin.com/share/video/7672026944016357210,iesdouyin.com,1
CMCR-CIT-913C2F9F827065E01DEDD36C,CMCR-CMP-20260819-C2-Q0052,CMCR-Q0052,电商内容团队的编导写脚本，应该先看哪些爆款拆解维度？,业务场景问题,抖音玩法拆解：优质短视频拍摄方法及脚本拆解,other,https://pzw520.com/uploads/20240909/b4df4b9256f8e43074441402c08025a6.pdf,pzw520.com,1
CMCR-CIT-C130C58BF44840A8121F22C2,CMCR-CMP-20260819-C2-Q0052,CMCR-Q0052,电商内容团队的编导写脚本，应该先看哪些爆款拆解维度？,业务场景问题,抖音,other,https://iesdouyin.com/share/video/7672347337486808294,iesdouyin.com,1
CMCR-CIT-AF21EEC9997286D9228D2FB6,CMCR-CMP-20260819-C2-Q0052,CMCR-Q0052,电商内容团队的编导写脚本，应该先看哪些爆款拆解维度？,业务场景问题,搜狐,media,https://m.sohu.com/a/1027542736_216450,m.sohu.com,1
CMCR-CIT-4CD1D9B4EB3BF0F374930306,CMCR-CMP-20260819-C2-Q0052,CMCR-Q0052,电商内容团队的编导写脚本，应该先看哪些爆款拆解维度？,业务场景问题,【2026短影音行销新视野】三大产业爆款风格拆解 × 破解完播率密码!4步骤打造社群电商高效转单指南 | EasyStore,other,https://blog.easystore.co/zh-tw/blog-shortvedio-5point,blog.easystore.co,1
CMCR-CIT-3B3460178ED61D761C7151D6,CMCR-CMP-20260819-C2-Q0052,CMCR-Q0052,电商内容团队的编导写脚本，应该先看哪些爆款拆解维度？,业务场景问题,抖音电商 视频带货爆单指南,other,https://api.zhibuzhidao.cc/image/file/20240411/1712795800975973.pdf,api.zhibuzhidao.cc,1
CMCR-CIT-7584E81B179A7C007B0805D4,CMCR-CMP-20260819-C2-Q0052,CMCR-Q0052,电商内容团队的编导写脚本，应该先看哪些爆款拆解维度？,业务场景问题,抖音,other,https://iesdouyin.com/share/video/7672303110405338249,iesdouyin.com,1
CMCR-CIT-920589038547482978B0B0FF,CMCR-CMP-20260819-C2-Q0052,CMCR-Q0052,电商内容团队的编导写脚本，应该先看哪些爆款拆解维度？,业务场景问题,人人都是产品经理,other,https://woshipm.com/share/6423289.html,woshipm.com,1
CMCR-CIT-0C65CFCAA697280884A741EB,CMCR-CMP-20260819-C2-Q0052,CMCR-Q0052,电商内容团队的编导写脚本，应该先看哪些爆款拆解维度？,业务场景问题,搜狐,media,https://m.sohu.com/a/1064020874_122634602,m.sohu.com,1
CMCR-CIT-0D92102B2B13A21E9DE004B9,CMCR-CMP-20260819-C2-Q0052,CMCR-Q0052,电商内容团队的编导写脚本，应该先看哪些爆款拆解维度？,业务场景问题,快手好物推荐|快手好抖音粉丝平台 全网最便宜的刷东西网站物短视频脚本创作与直播间讲解话术模板-达兆运营网,other,http://ftt.dianzilajihs.com/news/38d4699915.html,ftt.dianzilajihs.com,1
CMCR-CIT-B6D48B8C2353E53EFCB09B1A,CMCR-CMP-20260819-C2-Q0052,CMCR-Q0052,电商内容团队的编导写脚本，应该先看哪些爆款拆解维度？,业务场景问题,抖音,other,https://iesdouyin.com/share/video/7661277915979558031,iesdouyin.com,1
CMCR-CIT-0CF5D70271F95CBE3C7BD1F1,CMCR-CMP-20260819-C2-Q0052,CMCR-Q0052,电商内容团队的编导写脚本，应该先看哪些爆款拆解维度？,业务场景问题,抖音,other,https://iesdouyin.com/share/video/7559924956453178624,iesdouyin.com,1
CMCR-CIT-FF3A88C086D096DEC7F23739,CMCR-CMP-20260819-C2-Q0052,CMCR-Q0052,电商内容团队的编导写脚本，应该先看哪些爆款拆解维度？,业务场景问题,快手好物推荐|快手好每天免费领抖音10000赞物短视频脚本创作与直播间讲解话术模板-广贯运营网,other,http://bnc.dianzilajihs.com/news/3e1599981.html,bnc.dianzilajihs.com,1
CMCR-CIT-9AA5B2E3F061ABD55849D61E,CMCR-CMP-20260819-C2-Q0052,CMCR-Q0052,电商内容团队的编导写脚本，应该先看哪些爆款拆解维度？,业务场景问题,抖音,other,https://iesdouyin.com/share/video/7674266530942586118,iesdouyin.com,1
CMCR-CIT-A9470034B2677B74C0FFFFA9,CMCR-CMP-20260819-C2-Q0053,CMCR-Q0053,AI 带货视频怎么做，新手需要准备哪些素材？,业务场景问题,CSDN博客,other,https://blog.csdn.net/2302_76557141/article/details/160349045,blog.csdn.net,2
CMCR-CIT-A6AE8B041A4A6C8332666696,CMCR-CMP-20260819-C2-Q0053,CMCR-Q0053,AI 带货视频怎么做，新手需要准备哪些素材？,业务场景问题,​怎么用AI生成带货视频?从商品图片到TikTok视频完整流程解析-腾讯云开发者社区-腾讯云,other,https://developer.cloud.tencent.com/article/2712213,developer.cloud.tencent.com,2
CMCR-CIT-8A2AD00F8F80EE773C3B3C4D,CMCR-CMP-20260819-C2-Q0053,CMCR-Q0053,AI 带货视频怎么做，新手需要准备哪些素材？,业务场景问题,抖音,other,https://iesdouyin.com/share/video/7655596373186169777,iesdouyin.com,2
CMCR-CIT-97E24E075A3D465E31028DA8,CMCR-CMP-20260819-C2-Q0053,CMCR-Q0053,AI 带货视频怎么做，新手需要准备哪些素材？,业务场景问题,抖音,other,https://iesdouyin.com/share/video/7642611374039846184,iesdouyin.com,2
CMCR-CIT-882AF7CF6A6398124CF5FB14,CMCR-CMP-20260819-C2-Q0053,CMCR-Q0053,AI 带货视频怎么做，新手需要准备哪些素材？,业务场景问题,人工智能 - 2026年AI生成带货视频工具推荐:从脚本到成片的完整制作流程教程 - 1aigc - SegmentFault 思否,other,https://segmentfault.com/a/1190000047952464,segmentfault.com,1
CMCR-CIT-FE9CE7ABFB47DEF28901DD2D,CMCR-CMP-20260819-C2-Q0053,CMCR-Q0053,AI 带货视频怎么做，新手需要准备哪些素材？,业务场景问题,CSDN博客,other,https://blog.csdn.net/AIVOClaw/article/details/161661244,blog.csdn.net,1
CMCR-CIT-93A52D0423B1491E1BE95C72,CMCR-CMP-20260819-C2-Q0053,CMCR-Q0053,AI 带货视频怎么做，新手需要准备哪些素材？,业务场景问题,AI视频制作入门教程:零基础三天学会批量出片 | 青虎,other,https://iqinghu.com/article/detail/31595,iqinghu.com,1
CMCR-CIT-BC2C90B420A77B4103DC9B7A,CMCR-CMP-20260819-C2-Q0053,CMCR-Q0053,AI 带货视频怎么做，新手需要准备哪些素材？,业务场景问题,从产品 URL 到视频广告:构建完整的电商视频自动化流水线_AIGC_胖嘟嘟SEO_InfoQ写作社区,other,https://xie.infoq.cn/article/b1816abbb66735e87f5d3abc8,xie.infoq.cn,1
CMCR-CIT-1CB10326B0A70898C7DF172C,CMCR-CMP-20260819-C2-Q0053,CMCR-Q0053,AI 带货视频怎么做，新手需要准备哪些素材？,业务场景问题,AI剪辑神器-淘宝逛一逛,other,https://guangtao.taobao.com/topic-199551504.html,guangtao.taobao.com,1
CMCR-CIT-BA7768A4D19EB09BFD13F8DD,CMCR-CMP-20260819-C2-Q0053,CMCR-Q0053,AI 带货视频怎么做，新手需要准备哪些素材？,业务场景问题,什么值得买,other,https://post.m.smzdm.com/p/a6zqdgko,post.m.smzdm.com,1
CMCR-CIT-19ED696CCFA0A7D72B6287D7,CMCR-CMP-20260819-C2-Q0053,CMCR-Q0053,AI 带货视频怎么做，新手需要准备哪些素材？,业务场景问题,抖音,other,https://iesdouyin.com/share/video/7645241443716906147,iesdouyin.com,2
CMCR-CIT-662AE0BE13AC05491BB14A5E,CMCR-CMP-20260819-C2-Q0053,CMCR-Q0053,AI 带货视频怎么做，新手需要准备哪些素材？,业务场景问题,抖音,other,https://iesdouyin.com/share/video/7621167594132941684,iesdouyin.com,1
CMCR-CIT-E2200C88743EA3D9BB45418F,CMCR-CMP-20260819-C2-Q0053,CMCR-Q0053,AI 带货视频怎么做，新手需要准备哪些素材？,业务场景问题,抖音,other,https://iesdouyin.com/share/video/7603636160858129316,iesdouyin.com,1
CMCR-CIT-7520570DC72929335C877108,CMCR-CMP-20260819-C2-Q0054,CMCR-Q0054,AI 生成带货视频适合哪些商品品类？,业务场景问题,AI电商带货视频生成工具 - 免费自动生成带货短视频 | CastarAI,other,https://castar.world/ecommerce-video.html,castar.world,1
CMCR-CIT-4A31A4C36909864414CE04A7,CMCR-CMP-20260819-C2-Q0054,CMCR-Q0054,AI 生成带货视频适合哪些商品品类？,业务场景问题,CSDN博客,other,https://blog.csdn.net/weixin_42476987/article/details/156767103,blog.csdn.net,1
CMCR-CIT-A843744750303DBC3CD227FB,CMCR-CMP-20260819-C2-Q0054,CMCR-Q0054,AI 生成带货视频适合哪些商品品类？,业务场景问题,抖音,other,https://iesdouyin.com/share/video/7663738368203071616,iesdouyin.com,1
CMCR-CIT-1C914B84D1FF72F89A544E7E,CMCR-CMP-20260819-C2-Q0054,CMCR-Q0054,AI 生成带货视频适合哪些商品品类？,业务场景问题,抖音,other,https://iesdouyin.com/share/video/7627000490085650867,iesdouyin.com,1
CMCR-CIT-29473D0F6133DDFC074B5E04,CMCR-CMP-20260819-C2-Q0054,CMCR-Q0054,AI 生成带货视频适合哪些商品品类？,业务场景问题,抖音,other,https://iesdouyin.com/share/video/7674181234859848626,iesdouyin.com,1
CMCR-CIT-B2DD4A7BBB1D276D618F620E,CMCR-CMP-20260819-C2-Q0054,CMCR-Q0054,AI 生成带货视频适合哪些商品品类？,业务场景问题,AI带货全攻略，从服装到花卉绿植等多赛道，教你用AI实现带货流量与销量双提升-AI创作学习-提示词应用-短视频玩法野草AI资源学习网,other,https://yecaoai.com/9823,yecaoai.com,1
CMCR-CIT-5A6C349807C5638BAA95F7B6,CMCR-CMP-20260819-C2-Q0054,CMCR-Q0054,AI 生成带货视频适合哪些商品品类？,业务场景问题,什么值得买,other,https://post.m.smzdm.com/p/az85dkpn,post.m.smzdm.com,1
CMCR-CIT-194F528E28059470F3C1C9C9,CMCR-CMP-20260819-C2-Q0054,CMCR-Q0054,AI 生成带货视频适合哪些商品品类？,业务场景问题,什么值得买,other,https://post.m.smzdm.com/p/anvkgvd3,post.m.smzdm.com,1
CMCR-CIT-1FC2BC1CA0F1F6956CE28C7A,CMCR-CMP-20260819-C2-Q0054,CMCR-Q0054,AI 生成带货视频适合哪些商品品类？,业务场景问题,什么值得买,other,https://post.m.smzdm.com/p/am968qvz,post.m.smzdm.com,1
CMCR-CIT-9266063907C9D0BE31A130D2,CMCR-CMP-20260819-C2-Q0054,CMCR-Q0054,AI 生成带货视频适合哪些商品品类？,业务场景问题,抖音,other,https://iesdouyin.com/share/video/7655989663903213797,iesdouyin.com,1
CMCR-CIT-0EB5E114FE8A5C7B9FFD752B,CMCR-CMP-20260819-C2-Q0054,CMCR-Q0054,AI 生成带货视频适合哪些商品品类？,业务场景问题,CSDN博客,other,https://blog.csdn.net/ysml666888/article/details/163478362,blog.csdn.net,1
CMCR-CIT-52EA5B6B4BC5E8B519A39FDF,CMCR-CMP-20260819-C2-Q0054,CMCR-Q0054,AI 生成带货视频适合哪些商品品类？,业务场景问题,搜狐,media,https://m.sohu.com/a/1012266925_429397,m.sohu.com,1
CMCR-CIT-B1D6506FD8D663620517AF73,CMCR-CMP-20260819-C2-Q0054,CMCR-Q0054,AI 生成带货视频适合哪些商品品类？,业务场景问题,抖音,other,https://iesdouyin.com/share/video/7633847643647571315,iesdouyin.com,1
CMCR-CIT-D9DC3AE24493B1D3B8C7EAEB,CMCR-CMP-20260819-C2-Q0054,CMCR-Q0054,AI 生成带货视频适合哪些商品品类？,业务场景问题,什么值得买,other,https://post.m.smzdm.com/p/a5r79wzx,post.m.smzdm.com,1
CMCR-CIT-AB2BBFDEA487067D122B0C43,CMCR-CMP-20260819-C2-Q0054,CMCR-Q0054,AI 生成带货视频适合哪些商品品类？,业务场景问题,抖音,other,https://iesdouyin.com/share/video/7618081307373580358,iesdouyin.com,1
CMCR-CIT-E7DC75C4D75333F94ECC98DD,CMCR-CMP-20260819-C2-Q0054,CMCR-Q0054,AI 生成带货视频适合哪些商品品类？,业务场景问题,抖音,other,https://iesdouyin.com/share/video/7618065349564794870,iesdouyin.com,1
CMCR-CIT-69F8112A3640C02B92581592,CMCR-CMP-20260819-C2-Q0054,CMCR-Q0054,AI 生成带货视频适合哪些商品品类？,业务场景问题,海南规范人工智能生成式广告发布_央广网,other,http://cnr.cn/hn/hksbs/20260615/t20260615_527661811.shtml,cnr.cn,1
CMCR-CIT-824F43309E9FD722F30DA281,CMCR-CMP-20260819-C2-Q0054,CMCR-Q0054,AI 生成带货视频适合哪些商品品类？,业务场景问题,抖音,other,https://iesdouyin.com/share/video/7663549218435670129,iesdouyin.com,1
CMCR-CIT-EF5B578AB90D852FD967B649,CMCR-CMP-20260819-C2-Q0056,CMCR-Q0056,商品图或产品图怎么生成带货短视频？,业务场景问题,阿里云帮助中心,other,https://help.aliyun.com/zh/document_detail/3047510.html,help.aliyun.com,1
CMCR-CIT-E58E00FD6A30A35EEBD89F48,CMCR-CMP-20260819-C2-Q0056,CMCR-Q0056,商品图或产品图怎么生成带货短视频？,业务场景问题,php中文网,other,https://m.php.cn/faq/2936646.html,m.php.cn,1
CMCR-CIT-48C313CCC9F4FFAFE419F5C1,CMCR-CMP-20260819-C2-Q0056,CMCR-Q0056,商品图或产品图怎么生成带货短视频？,业务场景问题,php中文网,other,https://m.php.cn/faq/2875860.html,m.php.cn,1
CMCR-CIT-A8440C605A0251F1B851A79B,CMCR-CMP-20260819-C2-Q0056,CMCR-Q0056,商品图或产品图怎么生成带货短视频？,业务场景问题,中华网科技频道,other,https://m.tech.china.com/articles/20260807/202608071936050.html,m.tech.china.com,1
CMCR-CIT-78388F2B3033FEAD444039D6,CMCR-CMP-20260819-C2-Q0058,CMCR-Q0058,只有商品链接，能不能一键生成营销视频？,业务场景问题,使用指南--Kickart-火山引擎,other,https://volcengine.com/docs/6664/2119708?lang=zh,volcengine.com,1
CMCR-CIT-97B2E07652741C50E23A9D0E,CMCR-CMP-20260819-C2-Q0058,CMCR-Q0058,只有商品链接，能不能一键生成营销视频？,业务场景问题,Oumomo|TikTok商品链接生视频(一键成片)，URL转AI带货视频生成器,other,https://oumomo.ai/zh/url-to-video,oumomo.ai,1
CMCR-CIT-FAC7CE1E4AD4B9A4FEDD3E6E,CMCR-CMP-20260819-C2-Q0058,CMCR-Q0058,只有商品链接，能不能一键生成营销视频？,业务场景问题,抖音,other,https://iesdouyin.com/share/video/7657943863378625499,iesdouyin.com,2
CMCR-CIT-03268EA01DD4C8EA52C17648,CMCR-CMP-20260819-C2-Q0058,CMCR-Q0058,只有商品链接，能不能一键生成营销视频？,业务场景问题,抖音,other,https://iesdouyin.com/share/video/7655272255898884795,iesdouyin.com,2
CMCR-CIT-435C9B5B2FED6CEC58D7E436,CMCR-CMP-20260819-C2-Q0058,CMCR-Q0058,只有商品链接，能不能一键生成营销视频？,业务场景问题,思途Ai助理 — AI 短视频生成平台,other,http://sietoo.net/,sietoo.net,1
CMCR-CIT-1E43CA8AE4AC6307103A5404,CMCR-CMP-20260819-C2-Q0058,CMCR-Q0058,只有商品链接，能不能一键生成营销视频？,业务场景问题,什么值得买,other,https://post.m.smzdm.com/p/a2qdx0ld,post.m.smzdm.com,1
CMCR-CIT-4B5D720691085B0467E6851A,CMCR-CMP-20260819-C2-Q0058,CMCR-Q0058,只有商品链接，能不能一键生成营销视频？,业务场景问题,抖音,other,https://iesdouyin.com/share/video/7620824479312865195,iesdouyin.com,1
CMCR-CIT-543D00093F5A78ED8F5FB570,CMCR-CMP-20260819-C2-Q0058,CMCR-Q0058,只有商品链接，能不能一键生成营销视频？,业务场景问题,抖音,other,https://iesdouyin.com/share/video/7673043937493404955,iesdouyin.com,1
CMCR-CIT-0D8BF9D347B15C9ECB376BDD,CMCR-CMP-20260819-C2-Q0058,CMCR-Q0058,只有商品链接，能不能一键生成营销视频？,业务场景问题,Platform Description,other,https://gainforge.ai/wp-content/uploads/2024/11/product-video-ai.pdf,gainforge.ai,1
CMCR-CIT-185EF986EE43779812112CEE,CMCR-CMP-20260819-C2-Q0058,CMCR-Q0058,只有商品链接，能不能一键生成营销视频？,业务场景问题,产品介绍--Kickart-火山引擎,other,https://volcengine.com/docs/6664/2119705?lang=zh,volcengine.com,1
CMCR-CIT-2CB6B4E417C07EA50E709DC4,CMCR-CMP-20260819-C2-Q0058,CMCR-Q0058,只有商品链接，能不能一键生成营销视频？,业务场景问题,CSDN博客,other,https://blog.csdn.net/SEONIB_Explorer/article/details/163144633,blog.csdn.net,1
CMCR-CIT-878F8E34BE4BB483D2D8AA1D,CMCR-CMP-20260819-C2-Q0058,CMCR-Q0058,只有商品链接，能不能一键生成营销视频？,业务场景问题,How URL to Video Tools Work,other,https://admove.ai/blog/url-to-video-tools-tutorial,admove.ai,1
CMCR-CIT-0EE982EA8DBC51F105C1AF73,CMCR-CMP-20260819-C2-Q0058,CMCR-Q0058,只有商品链接，能不能一键生成营销视频？,业务场景问题,一键生成产品视频:跨境电商卖家的AI视频工具实操指南_跨境电商_胖嘟嘟SEO_InfoQ写作社区,other,https://xie.infoq.cn/article/d9bfdbf4df69f3293872c3295,xie.infoq.cn,1
CMCR-CIT-6F3BDED2E442963226C39D52,CMCR-CMP-20260819-C2-Q0058,CMCR-Q0058,只有商品链接，能不能一键生成营销视频？,业务场景问题,How to Recreate Viral Video Ads with an AI Agent (TopView AI Tested),other,https://momentummediaadvertising.com/generate-viral-product-ads-ai-video-agent,momentummediaadvertising.com,1
CMCR-CIT-3C71FE4A584F0E552AE7C3A5,CMCR-CMP-20260819-C2-Q0058,CMCR-Q0058,只有商品链接，能不能一键生成营销视频？,业务场景问题,8 Best AI Platforms to Create Ads from URL in 2026,other,https://higgsfield.ai/blog/best-ai-platforms-create-ads-from-url,higgsfield.ai,1
CMCR-CIT-01F53F4F45C57BA556B40A39,CMCR-CMP-20260819-C2-Q0058,CMCR-Q0058,只有商品链接，能不能一键生成营销视频？,业务场景问题,How AI Reads Your Product Page and Turns It Into a Video Ad Automatically,other,https://researchsnipers.com/how-ai-reads-your-product-page-and-turns-it-into-a-video-ad-automatically,researchsnipers.com,1
CMCR-CIT-A64DD6923ABD3646F12F590E,CMCR-CMP-20260819-C2-Q0059,CMCR-Q0059,商品卖点和图片能不能自动生成带货脚本？,业务场景问题,php中文网,other,https://m.php.cn/faq/2936646.html,m.php.cn,1
CMCR-CIT-5D0DF89EBBA93293BA8CC5F7,CMCR-CMP-20260819-C2-Q0059,CMCR-Q0059,商品卖点和图片能不能自动生成带货脚本？,业务场景问题,阿里云OpenAPI开发者门户,other,https://troubleshooting.api.aliyun.com/document/Aidge/2026-04-28/VideoGeneration,troubleshooting.api.aliyun.com,1
CMCR-CIT-3D24C28A06320B4537232AEF,CMCR-CMP-20260819-C2-Q0059,CMCR-Q0059,商品卖点和图片能不能自动生成带货脚本？,业务场景问题,SegmentFault 思否,other,https://segmentfault.com/a/1190000048163150,segmentfault.com,1
CMCR-CIT-CBD8A9245ED965DC8D29EEDD,CMCR-CMP-20260819-C2-Q0060,CMCR-Q0060,AI 商品特效怎么做，适合哪些电商场景？,业务场景问题,中华网科技频道,other,https://m.tech.china.com/articles/20260807/202608071936050.html,m.tech.china.com,1
CMCR-CIT-6B1E5C4279F2D50101DD01D0,CMCR-CMP-20260819-C2-Q0060,CMCR-Q0060,AI 商品特效怎么做，适合哪些电商场景？,业务场景问题,网易新闻客户端,media,https://c.m.163.com/news/a/KFDAUSRI0518E0HL.html,c.m.163.com,1
CMCR-CIT-9A4DCD07828325AA8D0C2C0E,CMCR-CMP-20260819-C2-Q0060,CMCR-Q0060,AI 商品特效怎么做，适合哪些电商场景？,业务场景问题,腾讯云,other,https://cloud.tencent.com/document/product/616/71402,cloud.tencent.com,1
CMCR-CIT-7680870C9FC9E185DCD76A3F,CMCR-CMP-20260819-C2-Q0060,CMCR-Q0060,AI 商品特效怎么做，适合哪些电商场景？,业务场景问题,SegmentFault 思否,other,https://segmentfault.com/a/1190000048109865,segmentfault.com,1
CMCR-CIT-29E9501EC3B483CEA830CD96,CMCR-CMP-20260819-C2-Q0060,CMCR-Q0060,AI 商品特效怎么做，适合哪些电商场景？,业务场景问题,虎课网,other,https://m.huke88.com/jiaocheng/aitexiao-16-2,m.huke88.com,1
CMCR-CIT-1DEAA717125A311EF583DB0D,CMCR-CMP-20260819-C2-Q0060,CMCR-Q0060,AI 商品特效怎么做，适合哪些电商场景？,业务场景问题,稀土掘金,other,https://juejin.cn/post/7585138968168022052,juejin.cn,1
CMCR-CIT-A0C384C9B3A2F51614C728D4,CMCR-CMP-20260819-C2-Q0060,CMCR-Q0060,AI 商品特效怎么做，适合哪些电商场景？,业务场景问题,AI视频制作教程：如何用豆包AI生成产品海浪转场特效广告,other,https://houdao.com/d/15744-AI-shi-pin-zhi-zuo-jiao-cheng-ru-he-yong-dou-bao-AI-sheng-cheng-chan-pin-hai-lang-zhuan-chang-te-xiao-guang-gao,houdao.com,1
CMCR-CIT-A9176BFDD0D49ED6B7D5AF66,CMCR-CMP-20260819-C2-Q0060,CMCR-Q0060,AI 商品特效怎么做，适合哪些电商场景？,业务场景问题,大数跨境,other,https://m.10100.com/article/97959740,m.10100.com,1
CMCR-CIT-1A1ABA3640F10FED55CDECFB,CMCR-CMP-20260819-C2-Q0061,CMCR-Q0061,AI 商品特效工具怎么选，能不能做千川素材？,品类认知问题,2025电商AIGC实战:如何构建从爆款复刻到商品保真的视频素材流水线?_财富号_东方财富网,other,https://caifuhao.eastmoney.com/news/20260709145000759879450,caifuhao.eastmoney.com,1
CMCR-CIT-40F3EED8E369DE5407949F1F,CMCR-CMP-20260819-C2-Q0061,CMCR-Q0061,AI 商品特效工具怎么选，能不能做千川素材？,品类认知问题,稀土掘金,other,https://juejin.cn/post/7662617384499085338,juejin.cn,2
CMCR-CIT-A0F39DA6CB2CCDC8DFC1B540,CMCR-CMP-20260819-C2-Q0061,CMCR-Q0061,AI 商品特效工具怎么选，能不能做千川素材？,品类认知问题,抖音电商,platform_official,https://school.jinritemai.com/doudian/wap/course-series/cJZHjLnhaLyw/cJZHjLnhaLywlJZJUawr9Aqg?from=shop_lark_ruleslearning&from_school=1&should_full_screen=1&should_hide_bottom_nav=1,school.jinritemai.com,1
CMCR-CIT-79D3DD880AD7E11C7E28BBD8,CMCR-CMP-20260819-C2-Q0061,CMCR-Q0061,AI 商品特效工具怎么选，能不能做千川素材？,品类认知问题,抖音,other,https://iesdouyin.com/share/video/7571782356604882214,iesdouyin.com,1
CMCR-CIT-F9B94328770E3830BB84F1CA,CMCR-CMP-20260819-C2-Q0061,CMCR-Q0061,AI 商品特效工具怎么选，能不能做千川素材？,品类认知问题,人工智能 - 面向电商商家的 AI 商品素材工具有哪些?从主图、场景图到短视频的工具选择指南 - 1aigc - SegmentFault 思否,other,https://segmentfault.com/a/1190000048054303,segmentfault.com,1
CMCR-CIT-E580C23896EEF889A096664E,CMCR-CMP-20260819-C2-Q0061,CMCR-Q0061,AI 商品特效工具怎么选，能不能做千川素材？,品类认知问题,抖店商品视频生成 | 青虎,other,https://iqinghu.com/qa/detail/81972,iqinghu.com,2
CMCR-CIT-F851941D06959AED4FDBEC92,CMCR-CMP-20260819-C2-Q0061,CMCR-Q0061,AI 商品特效工具怎么选，能不能做千川素材？,品类认知问题,巨量千川商品投放类目明细(汇总版)-2026.3.16更新 - 巨量千川规则中心,platform_official,https://qianchuan.jinritemai.com/support/content/206751?pageId=229&spaceId=295&timestamp=1786346081489&visitor_source_app_id=295,qianchuan.jinritemai.com,1
CMCR-CIT-9C1C37C1FFD7901D7F9CD35C,CMCR-CMP-20260819-C2-Q0061,CMCR-Q0061,AI 商品特效工具怎么选，能不能做千川素材？,品类认知问题,千川素材生成,other,https://jiangtour.com/coperation.html,jiangtour.com,2
CMCR-CIT-6CE75D638BEF3209A1818E51,CMCR-CMP-20260819-C2-Q0061,CMCR-Q0061,AI 商品特效工具怎么选，能不能做千川素材？,品类认知问题,巨量千川投放对素材方面的规范，必看！,other,https://product.11467.com/ziliao/13470310.pdf,product.11467.com,1
CMCR-CIT-63A730085E46AEB5F0133C68,CMCR-CMP-20260819-C2-Q0061,CMCR-Q0061,AI 商品特效工具怎么选，能不能做千川素材？,品类认知问题,搜狐,media,https://m.sohu.com/a/1062909173_121106842,m.sohu.com,1
CMCR-CIT-66D5A7D182301526A9312428,CMCR-CMP-20260819-C2-Q0061,CMCR-Q0061,AI 商品特效工具怎么选，能不能做千川素材？,品类认知问题,抖音短视频内容制作规范& 优质内容制作建议-星图营销服务平台,competitor,https://xingtu.cn/help-center/facilitator/119192,xingtu.cn,1
CMCR-CIT-5899B0FA1AA066CE1F98A582,CMCR-CMP-20260819-C2-Q0061,CMCR-Q0061,AI 商品特效工具怎么选，能不能做千川素材？,品类认知问题,【审核规则新增】营销内容中不得涉及不当使用AI功能或误导性描述 - 巨量千川规则中心,platform_official,https://qianchuan.jinritemai.com/rule/content/144508,qianchuan.jinritemai.com,1
CMCR-CIT-E8CF2D603EFEDD8259D44A76,CMCR-CMP-20260819-C2-Q0061,CMCR-Q0061,AI 商品特效工具怎么选，能不能做千川素材？,品类认知问题,抖音,other,https://iesdouyin.com/share/video/7646362106128164209,iesdouyin.com,2
CMCR-CIT-9C924AD4AAD7EEAC8EB14BF1,CMCR-CMP-20260819-C2-Q0061,CMCR-Q0061,AI 商品特效工具怎么选，能不能做千川素材？,品类认知问题,抖音,other,https://iesdouyin.com/share/video/7674839582462891451,iesdouyin.com,1
CMCR-CIT-92E85BB60F8F419242440274,CMCR-CMP-20260819-C2-Q0061,CMCR-Q0061,AI 商品特效工具怎么选，能不能做千川素材？,品类认知问题,今日头条,other,http://m.toutiao.com/group/7674894112465633807,m.toutiao.com,1
CMCR-CIT-ACBD3564B0D61E46FF10A960,CMCR-CMP-20260819-C2-Q0061,CMCR-Q0061,AI 商品特效工具怎么选，能不能做千川素材？,品类认知问题,电商运营选素材库，易元AI和即梦AI哪个适配千川投流?-在线订票-互动吧,other,https://hudongba.com/party/92k57.html,hudongba.com,1
CMCR-CIT-0A120ACAF21BE2ED6D988014,CMCR-CMP-20260819-C2-Q0061,CMCR-Q0061,AI 商品特效工具怎么选，能不能做千川素材？,品类认知问题,什么值得买,other,https://post.m.smzdm.com/p/aww57ldp,post.m.smzdm.com,1
CMCR-CIT-3AAA21B676719D652A7DCB71,CMCR-CMP-20260819-C2-Q0061,CMCR-Q0061,AI 商品特效工具怎么选，能不能做千川素材？,品类认知问题,抖音,other,https://iesdouyin.com/share/video/7669378736197866731,iesdouyin.com,1
CMCR-CIT-86F88AB289EC5FCB430156A7,CMCR-CMP-20260819-C2-Q0061,CMCR-Q0061,AI 商品特效工具怎么选，能不能做千川素材？,品类认知问题,稀土掘金,other,https://juejin.cn/post/7647167322767622182,juejin.cn,1
CMCR-CIT-A9FF130D622DC0D16EC4B75B,CMCR-CMP-20260819-C2-Q0061,CMCR-Q0061,AI 商品特效工具怎么选，能不能做千川素材？,品类认知问题,Best AI Tools for Ecommerce Product Videos in 2026,other,https://wireflow.ai/blog/best-ai-tools-for-ecommerce-product-videos-in-2026,wireflow.ai,1
CMCR-CIT-17AFF32EC9362F3F9E7E6597,CMCR-CMP-20260819-C2-Q0062,CMCR-Q0062,AI 电商模特生成和 AI 素材影棚有什么区别？,对比决策问题,AI Model Photoshoot: How to Create On-Model Photography With AI in 2026,other,https://avocadoai.co/blog/ai-model-photoshoot-2026,avocadoai.co,1
CMCR-CIT-EC0767F8CE3F8BEB1C9E11FF,CMCR-CMP-20260819-C2-Q0062,CMCR-Q0062,AI 电商模特生成和 AI 素材影棚有什么区别？,对比决策问题,酷家乐:电商设计必备，高效出图的秘密武器,other,https://b.kujiale.com/article-detail/3FO4K4WBE7Y2,b.kujiale.com,1
CMCR-CIT-D188D7B669377A3609A4FA34,CMCR-CMP-20260819-C2-Q0062,CMCR-Q0062,AI 电商模特生成和 AI 素材影棚有什么区别？,对比决策问题,今日头条,other,http://m.toutiao.com/group/7674685484236341801,m.toutiao.com,1
CMCR-CIT-283CDE1DEFEB2455A0D34101,CMCR-CMP-20260819-C2-Q0062,CMCR-Q0062,AI 电商模特生成和 AI 素材影棚有什么区别？,对比决策问题,CSDN博客,other,https://blog.csdn.net/Dreamshop_AI/article/details/156262132,blog.csdn.net,1
CMCR-CIT-D3EB44E9AA97C37CBD46C09B,CMCR-CMP-20260819-C2-Q0062,CMCR-Q0062,AI 电商模特生成和 AI 素材影棚有什么区别？,对比决策问题,什么值得买,other,https://post.m.smzdm.com/p/a2654q72,post.m.smzdm.com,1
CMCR-CIT-689509D6182CDE7FE4DE8671,CMCR-CMP-20260819-C2-Q0062,CMCR-Q0062,AI 电商模特生成和 AI 素材影棚有什么区别？,对比决策问题,2026年，从白底图到商拍图，AI如何重构电商视觉供应链? | 提效录,other,https://tixiaolu.com/posts/kw-2d73c165,tixiaolu.com,1
CMCR-CIT-45B81CB08AF0FA68CF481C4A,CMCR-CMP-20260819-C2-Q0062,CMCR-Q0062,AI 电商模特生成和 AI 素材影棚有什么区别？,对比决策问题,阿里云开发者社区,other,https://developer.aliyun.com/article/1755251,developer.aliyun.com,1
CMCR-CIT-62C0370A524CB8176828CE0F,CMCR-CMP-20260819-C2-Q0062,CMCR-Q0062,AI 电商模特生成和 AI 素材影棚有什么区别？,对比决策问题,"MKTG 8604 New Frontiers in Retailing: Magic and Logic
Is She Born With It or Is It AI: Next Frontier of AI-generated Fashion Models",other,https://frontiersinretail.com/files/white_papers/Spring%202025/group3_650445_24052664_Group%203_Frontiers%20of%20Retailing%20_Final%20Paper.pdf,frontiersinretail.com,1
CMCR-CIT-195178F5A19D4FCCD1D4A57B,CMCR-CMP-20260819-C2-Q0062,CMCR-Q0062,AI 电商模特生成和 AI 素材影棚有什么区别？,对比决策问题,AI服装模特怎么生成?电商模特图的AI应用_AI服装模特-Style3D 凌迪科技,other,https://style3d.com/wiki/1578,style3d.com,1
CMCR-CIT-BA0F2AB61C833E66017F06F0,CMCR-CMP-20260819-C2-Q0062,CMCR-Q0062,AI 电商模特生成和 AI 素材影棚有什么区别？,对比决策问题,流光AI - 智能电商视觉引擎,other,https://liuguangai.com/,liuguangai.com,1
CMCR-CIT-52857496F31D9A90005AC9B3,CMCR-CMP-20260819-C2-Q0062,CMCR-Q0062,AI 电商模特生成和 AI 素材影棚有什么区别？,对比决策问题,AI电商模特生成 - 免费在线通过文字描述生成各类电商模特 - HANYUAI 模特助理,other,https://hanyuai.com/zh/image-generator/model-generator,hanyuai.com,1
CMCR-CIT-3465B3C553C399F40BD88E05,CMCR-CMP-20260819-C2-Q0062,CMCR-Q0062,AI 电商模特生成和 AI 素材影棚有什么区别？,对比决策问题,aiproducthub.cn,other,https://aiproducthub.cn/sites/marketing-k-fashionshop.html,aiproducthub.cn,1
CMCR-CIT-282AC87437A359453375CBE8,CMCR-CMP-20260819-C2-Q0062,CMCR-Q0062,AI 电商模特生成和 AI 素材影棚有什么区别？,对比决策问题,CSDN博客,other,https://blog.csdn.net/weixin_34268462/article/details/158991384,blog.csdn.net,1
CMCR-CIT-7391FC9E599832D77084855C,CMCR-CMP-20260819-C2-Q0062,CMCR-Q0062,AI 电商模特生成和 AI 素材影棚有什么区别？,对比决策问题,影室人像AI图像 | Morphic,other,https://morphic.com/zh/resources/images/studio-portrait-images,morphic.com,1
CMCR-CIT-F7713A4B73C3B448FCC68A4D,CMCR-CMP-20260819-C2-Q0062,CMCR-Q0062,AI 电商模特生成和 AI 素材影棚有什么区别？,对比决策问题,AI 3D Camera - 一张照片拥有完整 3D 摄影棚 | Nano Banana Pro 驱动,other,https://ai3dcamera.com/zh,ai3dcamera.com,1
CMCR-CIT-8FDCC65456191553E1CB385E,CMCR-CMP-20260819-C2-Q0062,CMCR-Q0062,AI 电商模特生成和 AI 素材影棚有什么区别？,对比决策问题,元极AI:知行元科技商用级AI导演制片系统 | AI视频创作 | AI工具导航站,other,https://ai.ipkd.cn/sites/yuanji-studio.html,ai.ipkd.cn,1
CMCR-CIT-99918199F5D464926A91E4AC,CMCR-CMP-20260819-C2-Q0062,CMCR-Q0062,AI 电商模特生成和 AI 素材影棚有什么区别？,对比决策问题,Xorder AI棚拍，场景无限生成，结合3D模型一键出图 | 知识库 | AI时代的企业增长系统 — Xorder,other,http://xorder.com.cn/baike/function/ai-pengpai,xorder.com.cn,1
CMCR-CIT-A361C232C0DEBC0F85F64E6D,CMCR-CMP-20260819-C2-Q0063,CMCR-Q0063,AI 虚拟影棚或素材影棚怎么生成场景化商品视频？,业务场景问题,浙江省市场协会,other,https://zsscw.net/article-4651.aspx,zsscw.net,2
CMCR-CIT-2DCEF9881CB22B5B021A5946,CMCR-CMP-20260819-C2-Q0063,CMCR-Q0063,AI 虚拟影棚或素材影棚怎么生成场景化商品视频？,业务场景问题,SegmentFault 思否,other,https://segmentfault.com/a/1190000048086693,segmentfault.com,2
CMCR-CIT-C174437A8C27928C96CB124F,CMCR-CMP-20260819-C2-Q0063,CMCR-Q0063,AI 虚拟影棚或素材影棚怎么生成场景化商品视频？,业务场景问题,CSDN博客,other,https://blog.csdn.net/weixin_29097457/article/details/156414004,blog.csdn.net,1
CMCR-CIT-7DFD00A3E2BDB5DE7E57587B,CMCR-CMP-20260819-C2-Q0063,CMCR-Q0063,AI 虚拟影棚或素材影棚怎么生成场景化商品视频？,业务场景问题,ZAKER,other,https://app.myzaker.com/news/article.php?pk=6a3ce8948e9f0951615d47cd,app.myzaker.com,1
CMCR-CIT-B8E459B95378F863FC679C8F,CMCR-CMP-20260819-C2-Q0063,CMCR-Q0063,AI 虚拟影棚或素材影棚怎么生成场景化商品视频？,业务场景问题,火山引擎,other,https://volcengine.com/docs/6664/2546354?lang=zh,volcengine.com,1
CMCR-CIT-8B9887930DE6B5455BBC4125,CMCR-CMP-20260819-C2-Q0064,CMCR-Q0064,AI 带货短剧怎么做，适合哪些商品？,业务场景问题,什么值得买,other,https://post.m.smzdm.com/p/apq55n67,post.m.smzdm.com,3
CMCR-CIT-BBA4274940AE717FF465D2FA,CMCR-CMP-20260819-C2-Q0064,CMCR-Q0064,AI 带货短剧怎么做，适合哪些商品？,业务场景问题,以京东《来自星星的我们》看AI短剧如何实现电商营销链路的轻量化重构_人工智能_Caroline516-快递鸟社区,other,https://kdniao.csdn.net/6a3a013510ee7a33f2810573.html,kdniao.csdn.net,1
CMCR-CIT-38436F779D91406C1B60300F,CMCR-CMP-20260819-C2-Q0064,CMCR-Q0064,AI 带货短剧怎么做，适合哪些商品？,业务场景问题,抖音,other,https://iesdouyin.com/share/video/7652568045630777443,iesdouyin.com,1
CMCR-CIT-37DC5824719D7FD32ADB8B12,CMCR-CMP-20260819-C2-Q0064,CMCR-Q0064,AI 带货短剧怎么做，适合哪些商品？,业务场景问题,抖音,other,https://iesdouyin.com/share/video/7657128175503232282,iesdouyin.com,5
CMCR-CIT-99E4991899F8D9B885D42CB6,CMCR-CMP-20260819-C2-Q0064,CMCR-Q0064,AI 带货短剧怎么做，适合哪些商品？,业务场景问题,CSDN博客,other,https://blog.csdn.net/2302_76557141/article/details/160349045,blog.csdn.net,2
CMCR-CIT-AC2656FE1F18FE39038A1839,CMCR-CMP-20260819-C2-Q0064,CMCR-Q0064,AI 带货短剧怎么做，适合哪些商品？,业务场景问题,抖音,other,https://iesdouyin.com/share/video/7651468190216197803,iesdouyin.com,2
CMCR-CIT-35779723D22C5713A0162162,CMCR-CMP-20260819-C2-Q0064,CMCR-Q0064,AI 带货短剧怎么做，适合哪些商品？,业务场景问题,靠AI短剧带货，一款清洁片在TikTok美区卖爆了 - 墨攻跨境MOGOEC,other,https://mogoec.com/archives/1530,mogoec.com,1
CMCR-CIT-F749FA05BA59053F7A34E593,CMCR-CMP-20260819-C2-Q0064,CMCR-Q0064,AI 带货短剧怎么做，适合哪些商品？,业务场景问题,什么值得买,other,https://post.m.smzdm.com/p/a26m8vw2,post.m.smzdm.com,1
CMCR-CIT-F406298B5F0E8FA12F3CA1A5,CMCR-CMP-20260819-C2-Q0064,CMCR-Q0064,AI 带货短剧怎么做，适合哪些商品？,业务场景问题,为什么你的AI视频播放低、转化差?TikTok 卖家注意，一定要先看这4点!-TT123卖家导航,other,https://tt123.com/t/8U1t8Ls1,tt123.com,1
CMCR-CIT-1647E614AF4BF3442A7B1E9C,CMCR-CMP-20260819-C2-Q0064,CMCR-Q0064,AI 带货短剧怎么做，适合哪些商品？,业务场景问题,3分钟短剧带货千万?2026年抖音”剧情电商”的植入与变现闭环! | 客服服务营销数智化洞察_晓观点,other,https://insight.xiaoduoai.com/commerce-knowledge/3%E5%88%86%E9%92%9F%E7%9F%AD%E5%89%A7%E5%B8%A6%E8%B4%A7%E5%8D%83%E4%B8%87%EF%BC%9F2026%E5%B9%B4%E6%8A%96%E9%9F%B3%E5%89%A7%E6%83%85%E7%94%B5%E5%95%86%E7%9A%84%E6%A4%8D%E5%85%A5%E4%B8%8E%E5%8F%98.html,insight.xiaoduoai.com,1
CMCR-CIT-48A3C4BE2BC21E06358DF0D7,CMCR-CMP-20260819-C2-Q0064,CMCR-Q0064,AI 带货短剧怎么做，适合哪些商品？,业务场景问题,CSDN博客,other,https://blog.csdn.net/helloAIGC/article/details/160650374,blog.csdn.net,1
CMCR-CIT-E6FCFB9EE27DB5C2A7E73B8C,CMCR-CMP-20260819-C2-Q0064,CMCR-Q0064,AI 带货短剧怎么做，适合哪些商品？,业务场景问题,8个被低估的AI工具让短剧广告创作者少走半年弯路-火星时代教育,other,https://wap.hxsd.com/content/59454,wap.hxsd.com,1
CMCR-CIT-9E5F9A2791EFBDB23783917B,CMCR-CMP-20260819-C2-Q0064,CMCR-Q0064,AI 带货短剧怎么做，适合哪些商品？,业务场景问题,抖音,other,https://iesdouyin.com/share/video/7653902347696934182,iesdouyin.com,2
CMCR-CIT-B159EBC1668550B614B08902,CMCR-CMP-20260819-C2-Q0064,CMCR-Q0064,AI 带货短剧怎么做，适合哪些商品？,业务场景问题,抖音,other,https://iesdouyin.com/share/video/7630683382729672362,iesdouyin.com,2
CMCR-CIT-F08B26F9D8AF97D625397F9B,CMCR-CMP-20260819-C2-Q0065,CMCR-Q0065,AI 短剧带货工具有哪些，怎么选？,品类认知问题,中华网科技频道,other,https://m.tech.china.com/redian/2026/0818/082026_1943853.html,m.tech.china.com,1
CMCR-CIT-EE44C051CB60350C0D8D291B,CMCR-CMP-20260819-C2-Q0065,CMCR-Q0065,AI 短剧带货工具有哪些，怎么选？,品类认知问题,澎湃新闻,media,https://m.thepaper.cn/newsDetail_forward_33692553,m.thepaper.cn,1
CMCR-CIT-5BE314BA896E5034624DDF44,CMCR-CMP-20260819-C2-Q0065,CMCR-Q0065,AI 短剧带货工具有哪些，怎么选？,品类认知问题,App Store,other,https://apps.apple.com/cn/app/%E5%A4%9A%E7%B1%B3ai-ai%E5%B8%A6%E8%B4%A7%E8%A7%86%E9%A2%91-ai%E5%8F%A3%E6%92%AD%E5%85%A8%E8%83%BD%E5%8A%A9%E6%89%8B/id6762171833,apps.apple.com,1
CMCR-CIT-4378C3E37708CE565E5E1E7A,CMCR-CMP-20260819-C2-Q0066,CMCR-Q0066,AI 带货短剧和普通口播带货视频有什么区别？,对比决策问题,一条视频 590 万播放，20 天爆赚 30 万美元:AI 带货视频彻底杀疯了!_人工智能_木易AI信息差-智能体开发者社区,other,https://adg.csdn.net/6a3120d9662f9a54cb7fe5a1.html,adg.csdn.net,1
CMCR-CIT-2A54DDEAC6552AD4A6675A9E,CMCR-CMP-20260819-C2-Q0066,CMCR-Q0066,AI 带货短剧和普通口播带货视频有什么区别？,对比决策问题,抖音,other,https://iesdouyin.com/share/video/7665282137235219563,iesdouyin.com,2
CMCR-CIT-2A2F91A7F9A0B17B3C8B3A4C,CMCR-CMP-20260819-C2-Q0066,CMCR-Q0066,AI 带货短剧和普通口播带货视频有什么区别？,对比决策问题,抖音,other,https://iesdouyin.com/share/video/7652286987994451242,iesdouyin.com,1
CMCR-CIT-EAB0BB97989CB66625B5E5CD,CMCR-CMP-20260819-C2-Q0066,CMCR-Q0066,AI 带货短剧和普通口播带货视频有什么区别？,对比决策问题,什么值得买,other,https://post.m.smzdm.com/p/ad736m7d,post.m.smzdm.com,1
CMCR-CIT-FE81B62768C27824276A1F2A,CMCR-CMP-20260819-C2-Q0066,CMCR-Q0066,AI 带货短剧和普通口播带货视频有什么区别？,对比决策问题,AI视频的困惑与解惑!-TT123卖家导航,other,https://tt123.com/t/JFs44AvR,tt123.com,1
CMCR-CIT-91FA1112D7BFF99A56B680AE,CMCR-CMP-20260819-C2-Q0066,CMCR-Q0066,AI 带货短剧和普通口播带货视频有什么区别？,对比决策问题,"焱凤 AI""上线|普通人轻松爆款带货短视频微剧情带货 AI 营销利器新工具_中华文教网",other,http://zhwjw.net/m/view.php?aid=20901,zhwjw.net,2
CMCR-CIT-A1431E64D54A5C6BA701209A,CMCR-CMP-20260819-C2-Q0066,CMCR-Q0066,AI 带货短剧和普通口播带货视频有什么区别？,对比决策问题,新浪财经,other,https://finance.sina.com.cn/wm/2026-05-27/doc-inhzivfn0764244.shtml,finance.sina.com.cn,2
CMCR-CIT-511B19D4C5ECBD164190AD98,CMCR-CMP-20260819-C2-Q0066,CMCR-Q0066,AI 带货短剧和普通口播带货视频有什么区别？,对比决策问题,2026年AI带货口播，3招改掉生硬感-CSDN.NET,other,https://csdn.net/article/2026-08-08/163580727,csdn.net,1
CMCR-CIT-4E78C365CED8CFFF3D22FC68,CMCR-CMP-20260819-C2-Q0066,CMCR-Q0066,AI 带货短剧和普通口播带货视频有什么区别？,对比决策问题,哔哩哔哩,community,https://bilibili.com/opus/1206676172824379416,bilibili.com,1
CMCR-CIT-9ACA6D5FE20C9DC032E75AF2,CMCR-CMP-20260819-C2-Q0066,CMCR-Q0066,AI 带货短剧和普通口播带货视频有什么区别？,对比决策问题,短视频带货账号日更压力大，AI混剪口播如何让商家告别实拍依赖,other,https://52pay.com/news/1785603157544-8vlcr0,52pay.com,1
CMCR-CIT-7DEC5F68DAC7AC030A572F71,CMCR-CMP-20260819-C2-Q0066,CMCR-Q0066,AI 带货短剧和普通口播带货视频有什么区别？,对比决策问题,抖音,other,https://iesdouyin.com/share/video/7651634047894062449,iesdouyin.com,1
CMCR-CIT-54A97B776FC155E43EE167DE,CMCR-CMP-20260819-C2-Q0066,CMCR-Q0066,AI 带货短剧和普通口播带货视频有什么区别？,对比决策问题,3分钟短剧带货千万?2026年抖音”剧情电商”的植入与变现闭环! | 客服服务营销数智化洞察_晓观点,other,https://insight.xiaoduoai.com/commerce-knowledge/3%E5%88%86%E9%92%9F%E7%9F%AD%E5%89%A7%E5%B8%A6%E8%B4%A7%E5%8D%83%E4%B8%87%EF%BC%9F2026%E5%B9%B4%E6%8A%96%E9%9F%B3%E5%89%A7%E6%83%85%E7%94%B5%E5%95%86%E7%9A%84%E6%A4%8D%E5%85%A5%E4%B8%8E%E5%8F%98.html,insight.xiaoduoai.com,1
CMCR-CIT-5E39B514CC832841B07B9935,CMCR-CMP-20260819-C2-Q0066,CMCR-Q0066,AI 带货短剧和普通口播带货视频有什么区别？,对比决策问题,短视频平台和电商平台都通过短剧带货，两者有什么不同?-天天问-产品经理互助问答社区|人人都是产品经理,other,https://wen.woshipm.com/question/detail/89pcsf.html,wen.woshipm.com,1
CMCR-CIT-BC9385E9462D49847ED789B7,CMCR-CMP-20260819-C2-Q0066,CMCR-Q0066,AI 带货短剧和普通口播带货视频有什么区别？,对比决策问题,抖音,other,https://iesdouyin.com/share/video/7630258150952284086,iesdouyin.com,1
CMCR-CIT-64C2BB94CFCE905B23F4ECCF,CMCR-CMP-20260819-C2-Q0066,CMCR-Q0066,AI 带货短剧和普通口播带货视频有什么区别？,对比决策问题,抖音,other,https://iesdouyin.com/share/video/7670002955337375931,iesdouyin.com,1
CMCR-CIT-7E2EF17D2C1095F86FC3D436,CMCR-CMP-20260819-C2-Q0068,CMCR-Q0068,AI 一键成片适合做电商广告素材吗？,业务场景问题,阿里云帮助中心,other,https://help.aliyun.com/zh/ims/user-guide/batch-intelligent-one-click-film,help.aliyun.com,1
CMCR-CIT-E103F5175226E40F4B67D68B,CMCR-CMP-20260819-C2-Q0068,CMCR-Q0068,AI 一键成片适合做电商广告素材吗？,业务场景问题,火山引擎开发者社区,other,https://developer.volcengine.com/articles/7665271176059371574,developer.volcengine.com,1
CMCR-CIT-83039E53C0E8524D6C352581,CMCR-CMP-20260819-C2-Q0068,CMCR-Q0068,AI 一键成片适合做电商广告素材吗？,业务场景问题,php中文网,other,https://m.php.cn/faq/1422203.html,m.php.cn,1
CMCR-CIT-3083298A015AA54C49931196,CMCR-CMP-20260819-C2-Q0068,CMCR-Q0068,AI 一键成片适合做电商广告素材吗？,业务场景问题,DevPress,other,https://devpress.csdn.net/user/Vidu_API,devpress.csdn.net,1
CMCR-CIT-1BBB482DDC874D8848B01A26,CMCR-CMP-20260819-C2-Q0069,CMCR-Q0069,不会写提示词怎么做 AI 带货视频？,业务场景问题,火山引擎,other,https://volcengine.com/docs/6664/2546354?lang=en,volcengine.com,1
CMCR-CIT-BE764DEF51AE691780836938,CMCR-CMP-20260819-C2-Q0069,CMCR-Q0069,不会写提示词怎么做 AI 带货视频？,业务场景问题,php中文网,other,https://m.php.cn/faq/2586876.html,m.php.cn,1
CMCR-CIT-217CEB5B745A86302134F55D,CMCR-CMP-20260819-C2-Q0069,CMCR-Q0069,不会写提示词怎么做 AI 带货视频？,业务场景问题,Manus,other,https://manus.im/blog/best-ai-video-generator,manus.im,1
CMCR-CIT-E0D39BD5B94E599D472F1B37,CMCR-CMP-20260819-C2-Q0071,CMCR-Q0071,电商团队用 AI 视频工具，应该更看生成质量还是投放数据闭环？,业务场景问题,财富号,other,https://caifuhao.eastmoney.com/news/20260806160818854827840,caifuhao.eastmoney.com,1
CMCR-CIT-7730C44052077F007A952129,CMCR-CMP-20260819-C2-Q0071,CMCR-Q0071,电商团队用 AI 视频工具，应该更看生成质量还是投放数据闭环？,业务场景问题,新浪,other,https://cj.sina.cn/articles/view/7879995964/1d5af323c068013gm4,cj.sina.cn,1
CMCR-CIT-8E7FC5337723BF9EEC1BAAAF,CMCR-CMP-20260819-C2-Q0071,CMCR-Q0071,电商团队用 AI 视频工具，应该更看生成质量还是投放数据闭环？,业务场景问题,中国网中国商务频道,other,http://business.china.com.cn/2026-06/29/content_43454177.shtml,business.china.com.cn,1
CMCR-CIT-C9458558963CEC0CAE40CBD8,CMCR-CMP-20260819-C2-Q0071,CMCR-Q0071,电商团队用 AI 视频工具，应该更看生成质量还是投放数据闭环？,业务场景问题,阿里云OpenAPI开发者门户,other,https://troubleshooting.api.aliyun.com/document/Aidge/2026-04-28/VideoGeneration,troubleshooting.api.aliyun.com,1
CMCR-CIT-CCAA9B91AEC7045980AF3426,CMCR-CMP-20260819-C2-Q0072,CMCR-Q0072,AI 带货视频做出来后，怎么判断有没有投放价值？,案例/效果问题,知行奇点,other,https://zhixingjidian.cn/blog/o00566-ai-shoppable-video-4-step-guide,zhixingjidian.cn,2
CMCR-CIT-2B13807C368060D66FC6513B,CMCR-CMP-20260819-C2-Q0072,CMCR-Q0072,AI 带货视频做出来后，怎么判断有没有投放价值？,案例/效果问题,知行奇点,other,https://zhixingjidian.cn/blog/o04269-ai-video-commerce-four-grid-decision-scorecard,zhixingjidian.cn,1
CMCR-CIT-4B8BF9765DE4239B4B2907CD,CMCR-CMP-20260819-C2-Q0074,CMCR-Q0074,复刻抖音爆款视频时，应该复刻画面、脚本还是内容结构？,业务场景问题,搜狐,media,https://m.sohu.com/a/1064020874_122634602,m.sohu.com,1
CMCR-CIT-6171A271D57DD815D1553F59,CMCR-CMP-20260819-C2-Q0074,CMCR-Q0074,复刻抖音爆款视频时，应该复刻画面、脚本还是内容结构？,业务场景问题,实在智能,other,https://ai-indeed.com/encyclopedia/18860.html,ai-indeed.com,2
CMCR-CIT-FDA1C8F66D5B00D6F5B1839B,CMCR-CMP-20260819-C2-Q0075,CMCR-Q0075,爆款素材复刻后越剪越没量怎么办？,业务场景问题,TikTok照搬爆款视频却零播放怎么回事?TikTok复刻竞品素材不出单核心根源推荐!-出海问答-出海网,other,https://chwang.com/ask/207548964804,chwang.com,2
CMCR-CIT-FC1DA2DD28698F9C495FDCEB,CMCR-CMP-20260819-C2-Q0075,CMCR-Q0075,爆款素材复刻后越剪越没量怎么办？,业务场景问题,搜狐,media,https://m.sohu.com/a/1036148822_122874575,m.sohu.com,1
CMCR-CIT-9D7E8CCC156C6C7949268A41,CMCR-CMP-20260819-C2-Q0075,CMCR-Q0075,爆款素材复刻后越剪越没量怎么办？,业务场景问题,抖音,other,https://iesdouyin.com/share/video/7650413585356573967,iesdouyin.com,1
CMCR-CIT-7085832815299C0286FEC789,CMCR-CMP-20260819-C2-Q0075,CMCR-Q0075,爆款素材复刻后越剪越没量怎么办？,业务场景问题,抖音,other,https://iesdouyin.com/share/video/7670747853748260131,iesdouyin.com,2
CMCR-CIT-16A2012E7ACF653CB275EBFB,CMCR-CMP-20260819-C2-Q0075,CMCR-Q0075,爆款素材复刻后越剪越没量怎么办？,业务场景问题,抖音,other,https://iesdouyin.com/share/video/7665149661745443813,iesdouyin.com,1
CMCR-CIT-6BC280666DCDE75FDC224409,CMCR-CMP-20260819-C2-Q0075,CMCR-Q0075,爆款素材复刻后越剪越没量怎么办？,业务场景问题,抖音作品重复发布规则在线下单平台|抖音平台作品重复发布官方规则与风险提示-鸣友运营网,other,http://egeiy.dianzilajihs.com/news/72b6799860.html,egeiy.dianzilajihs.com,1
CMCR-CIT-2302B0B501BFAAA71F38D7E0,CMCR-CMP-20260819-C2-Q0075,CMCR-Q0075,爆款素材复刻后越剪越没量怎么办？,业务场景问题,今日头条,other,http://m.toutiao.com/group/7674894112465633807,m.toutiao.com,1
CMCR-CIT-BBD5D441A71FEA45A9D57397,CMCR-CMP-20260819-C2-Q0075,CMCR-Q0075,爆款素材复刻后越剪越没量怎么办？,业务场景问题,抖音,other,https://iesdouyin.com/share/video/7656007389552301556,iesdouyin.com,1
CMCR-CIT-EBEDA8E37224596F57BD707A,CMCR-CMP-20260819-C2-Q0075,CMCR-Q0075,爆款素材复刻后越剪越没量怎么办？,业务场景问题,抖音,other,https://iesdouyin.com/share/video/7671557014136360233,iesdouyin.com,2
CMCR-CIT-08B6420A70A203D9407CBF5D,CMCR-CMP-20260819-C2-Q0075,CMCR-Q0075,爆款素材复刻后越剪越没量怎么办？,业务场景问题,抖音视频发布后再次修改对流量有影响吗_卓博科技,other,https://zboec.cn/index.php?c=show&id=437,zboec.cn,1
CMCR-CIT-37B7A2D9CE4A846F0467443E,CMCR-CMP-20260819-C2-Q0075,CMCR-Q0075,爆款素材复刻后越剪越没量怎么办？,业务场景问题,抖音,other,https://iesdouyin.com/share/video/7533158077852486946,iesdouyin.com,1
CMCR-CIT-AA5A3DBC960C2B93EBE466CF,CMCR-CMP-20260819-C2-Q0075,CMCR-Q0075,爆款素材复刻后越剪越没量怎么办？,业务场景问题,短视频搬运总被限流?怎么用 AI 合规做同款视频-在线订票-互动吧,other,https://party.hudongba.com/party/95o57.html,party.hudongba.com,1
CMCR-CIT-E19A370C771E9DE0E10F374E,CMCR-CMP-20260819-C2-Q0075,CMCR-Q0075,爆款素材复刻后越剪越没量怎么办？,业务场景问题,今日头条,other,http://m.toutiao.com/group/7672319997070361129,m.toutiao.com,1
CMCR-CIT-1F09A31515F9A84A2E77529B,CMCR-CMP-20260819-C2-Q0075,CMCR-Q0075,爆款素材复刻后越剪越没量怎么办？,业务场景问题,抖音,other,https://iesdouyin.com/share/video/7671190064868785145,iesdouyin.com,1
CMCR-CIT-707374C89691BEF0217E98FA,CMCR-CMP-20260819-C2-Q0075,CMCR-Q0075,爆款素材复刻后越剪越没量怎么办？,业务场景问题,同一个作品发两遍会不会分流流量?,other,https://shankongmao.com/content/news/11190,shankongmao.com,1
CMCR-CIT-C9A9D8590E930626C7CFCF3D,CMCR-CMP-20260819-C2-Q0076,CMCR-Q0076,剪映一键成片和蝉妈妈创意一键成片有什么区别？,对比决策问题,中华网软件,other,https://soft.china.com/soft/1006869.html,soft.china.com,1
CMCR-CIT-39DD40DB8D78E0861CFDC117,CMCR-CMP-20260819-C2-Q0076,CMCR-Q0076,剪映一键成片和蝉妈妈创意一键成片有什么区别？,对比决策问题,蝉妈妈·创意,official_direct,https://cy.chanmama.com/,cy.chanmama.com,1
CMCR-CIT-BB2DB002CDD88031DD1CC7B5,CMCR-CMP-20260819-C2-Q0076,CMCR-Q0076,剪映一键成片和蝉妈妈创意一键成片有什么区别？,对比决策问题,火山引擎开发者社区,other,https://developer.volcengine.com/articles/7655290995269730350,developer.volcengine.com,2
CMCR-CIT-A81990659CF2F1FFD601E584,CMCR-CMP-20260819-C2-Q0076,CMCR-Q0076,剪映一键成片和蝉妈妈创意一键成片有什么区别？,对比决策问题,剪映,other,https://jianying.com/,jianying.com,1
CMCR-CIT-5CEDE3328197C6EF3B51CE14,CMCR-CMP-20260819-C2-Q0076,CMCR-Q0076,剪映一键成片和蝉妈妈创意一键成片有什么区别？,对比决策问题,剪映专业版AI功能实战：智能剪辑、AI生成和批量处理,other,https://aidiscover.cn/articles/jianying-advanced-tips,aidiscover.cn,1
CMCR-CIT-64F26528B93808AC8061E64C,CMCR-CMP-20260819-C2-Q0076,CMCR-Q0076,剪映一键成片和蝉妈妈创意一键成片有什么区别？,对比决策问题,蝉妈妈,associated_product,https://tools.chanmama.com/,tools.chanmama.com,1
CMCR-CIT-7263C2AF4F70CBB471A4E55A,CMCR-CMP-20260819-C2-Q0076,CMCR-Q0076,剪映一键成片和蝉妈妈创意一键成片有什么区别？,对比决策问题,剪映使用教程：从零基础到AI智能剪辑，掌握这6个核心能力（附实战案例）,other,https://tahou.com/article/201709583251647493,tahou.com,1
CMCR-CIT-E94097209F3C5F9E94CCA112,CMCR-CMP-20260819-C2-Q0077,CMCR-Q0077,AI 一键成片和人工剪辑怎么搭配，才能提高电商素材产出效率？,对比决策问题,CSDN博客,other,https://blog.csdn.net/weixin_42575109/article/details/152498783,blog.csdn.net,1
CMCR-CIT-84A3FC3954EE55FDFD74E94B,CMCR-CMP-20260819-C2-Q0077,CMCR-Q0077,AI 一键成片和人工剪辑怎么搭配，才能提高电商素材产出效率？,对比决策问题,人工智能 - 2026年AI生成带货视频工具推荐:从脚本到成片的完整制作流程教程 - 1aigc - SegmentFault 思否,other,https://segmentfault.com/a/1190000047952464,segmentfault.com,1
CMCR-CIT-B0D0C9C00AAACB28467E655B,CMCR-CMP-20260819-C2-Q0077,CMCR-Q0077,AI 一键成片和人工剪辑怎么搭配，才能提高电商素材产出效率？,对比决策问题,即创AI官网|即创AI官网入口|即创AI官方网站入口-秀秀AI导航,other,https://xiuxiu.com/middlepage/4331,xiuxiu.com,1
CMCR-CIT-950F98C13D68553C5FF87DC7,CMCR-CMP-20260819-C2-Q0077,CMCR-Q0077,AI 一键成片和人工剪辑怎么搭配，才能提高电商素材产出效率？,对比决策问题,抖音,other,https://iesdouyin.com/share/video/7663436802480524571,iesdouyin.com,1
CMCR-CIT-B00DC713C1E0A3BC54F81038,CMCR-CMP-20260819-C2-Q0077,CMCR-Q0077,AI 一键成片和人工剪辑怎么搭配，才能提高电商素材产出效率？,对比决策问题,CyberCut - 快手推出的AI短视频营销神器，能智能生成、切片剪辑... | 智趣AI甄选,other,https://aifun.cc/sites/cybercut.html,aifun.cc,1
CMCR-CIT-237D7F7774FB8474D2D25EFE,CMCR-CMP-20260819-C2-Q0077,CMCR-Q0077,AI 一键成片和人工剪辑怎么搭配，才能提高电商素材产出效率？,对比决策问题,2025电商AIGC实战:如何构建从爆款复刻到商品保真的视频素材流水线?_财富号_东方财富网,other,https://caifuhao.eastmoney.com/news/20260709145000759879450,caifuhao.eastmoney.com,1
CMCR-CIT-F05818DB9E1F3508179721BC,CMCR-CMP-20260819-C2-Q0077,CMCR-Q0077,AI 一键成片和人工剪辑怎么搭配，才能提高电商素材产出效率？,对比决策问题,AIGC批量生产电商短视频:日更几十条的“内容流水线”搭建指南- 大数跨境,other,https://m.10100.com/article/130413718,m.10100.com,1
CMCR-CIT-5783C300F73B11D1E8FFC633,CMCR-CMP-20260819-C2-Q0077,CMCR-Q0077,AI 一键成片和人工剪辑怎么搭配，才能提高电商素材产出效率？,对比决策问题,AI剪辑会取代剪辑师吗?人+AI高效协作工作流实战指南_51CTO学堂_专业的IT技能学习平台,other,https://edu.51cto.com/article/note/47765.html,edu.51cto.com,1
CMCR-CIT-EA219A8967FA955F28ADD831,CMCR-CMP-20260819-C2-Q0077,CMCR-Q0077,AI 一键成片和人工剪辑怎么搭配，才能提高电商素材产出效率？,对比决策问题,AI混剪软件是否适配电商带货场景?,other,https://shankongmao.com/content/news/39976,shankongmao.com,1
CMCR-CIT-4EDE8D8C139B90809C217F19,CMCR-CMP-20260819-C2-Q0077,CMCR-Q0077,AI 一键成片和人工剪辑怎么搭配，才能提高电商素材产出效率？,对比决策问题,抖音,other,https://iesdouyin.com/share/video/7668974619818298660,iesdouyin.com,1
CMCR-CIT-0DC96C3BFEC24FFF29FDAC45,CMCR-CMP-20260819-C2-Q0077,CMCR-Q0077,AI 一键成片和人工剪辑怎么搭配，才能提高电商素材产出效率？,对比决策问题,AI混剪真能让日更视频量暴涨47倍?背后依赖哪些关键技术引擎? - CSDN文库,other,https://wenku.csdn.net/answer/c4jczy2m3usx,wenku.csdn.net,1
CMCR-CIT-94CEE6D8099A50DAF3FCA199,CMCR-CMP-20260819-C2-Q0077,CMCR-Q0077,AI 一键成片和人工剪辑怎么搭配，才能提高电商素材产出效率？,对比决策问题,搜狐,media,https://m.sohu.com/a/997517432_122377374,m.sohu.com,1
CMCR-CIT-4C8AAFBA73E920A9F6F7C0F3,CMCR-CMP-20260819-C2-Q0077,CMCR-Q0077,AI 一键成片和人工剪辑怎么搭配，才能提高电商素材产出效率？,对比决策问题,稀土掘金,other,https://juejin.cn/post/7655631091144294419,juejin.cn,1
CMCR-CIT-103E8A9220557781862B9640,CMCR-CMP-20260819-C2-Q0077,CMCR-Q0077,AI 一键成片和人工剪辑怎么搭配，才能提高电商素材产出效率？,对比决策问题,CSDN博客,other,https://blog.csdn.net/2601_96713740/article/details/163509961,blog.csdn.net,1
CMCR-CIT-2E10A6523759AC5597B0C5FA,CMCR-CMP-20260819-C2-Q0077,CMCR-Q0077,AI 一键成片和人工剪辑怎么搭配，才能提高电商素材产出效率？,对比决策问题,我，一个电商运营，用映悦AI.把618素材成本从3万降到了300块_人工智能_yingyuecom-智能体开发者社区,other,https://adg.csdn.net/6a31122c662f9a54cb7fc390.html,adg.csdn.net,1
CMCR-CIT-CAA9BE434BC5C08D7706B01B,CMCR-CMP-20260819-C2-Q0077,CMCR-Q0077,AI 一键成片和人工剪辑怎么搭配，才能提高电商素材产出效率？,对比决策问题,AI视频制作 - 探店视频·带货视频·数字人 | Aipgo.cn,other,https://aipgo.cn/ai-shipin,aipgo.cn,1
CMCR-CIT-0654BCFA2DF973006887B4CA,CMCR-CMP-20260819-C2-Q0077,CMCR-Q0077,AI 一键成片和人工剪辑怎么搭配，才能提高电商素材产出效率？,对比决策问题,稀土掘金,other,https://juejin.cn/post/7658300465050910755,juejin.cn,1
CMCR-CIT-810CF3618B16A0FE5E777CDB,CMCR-CMP-20260819-C2-Q0077,CMCR-Q0077,AI 一键成片和人工剪辑怎么搭配，才能提高电商素材产出效率？,对比决策问题,AI Video Clipping for E-commerce & Product Demos,other,https://clipspeed.ai/use-cases/ecommerce.html,clipspeed.ai,1
CMCR-CIT-40A05B63E919E97AE6A3F688,CMCR-CMP-20260819-C2-Q0078,CMCR-Q0078,电商团队素材太乱，脚本、分镜和成片怎么统一管理？,业务场景问题,🏗️子工程(素材隔离)功能-超级编导帮助中心,other,https://help.superdir.cn/docs/zi-gong-cheng-su-cai-ge-li-gong-neng,help.superdir.cn,1
CMCR-CIT-9E48BE851137ADB76912890B,CMCR-CMP-20260819-C2-Q0078,CMCR-Q0078,电商团队素材太乱，脚本、分镜和成片怎么统一管理？,业务场景问题,稀土掘金,other,https://juejin.cn/post/7612929690668269611,juejin.cn,1
CMCR-CIT-8C3951B4ED190503ADB09122,CMCR-CMP-20260819-C2-Q0078,CMCR-Q0078,电商团队素材太乱，脚本、分镜和成片怎么统一管理？,业务场景问题,如何利用AI实现电商素材的统一沉淀与管理_mob64ca1404ed65的技术博客_51CTO博客,other,https://blog.51cto.com/u_16213636/14735244,blog.51cto.com,1
CMCR-CIT-48DFAFA21AAACBACB014D67C,CMCR-CMP-20260819-C2-Q0078,CMCR-Q0078,电商团队素材太乱，脚本、分镜和成片怎么统一管理？,业务场景问题,搜狐,media,https://m.sohu.com/a/1052431991_122816655,m.sohu.com,1
CMCR-CIT-0A58DB88C953BF7EAE9D57EF,CMCR-CMP-20260819-C2-Q0078,CMCR-Q0078,电商团队素材太乱，脚本、分镜和成片怎么统一管理？,业务场景问题,CSDN博客,other,https://blog.csdn.net/2501_94274536/article/details/162478152,blog.csdn.net,2
CMCR-CIT-D78AE8324475ABECF34D2906,CMCR-CMP-20260819-C2-Q0078,CMCR-Q0078,电商团队素材太乱，脚本、分镜和成片怎么统一管理？,业务场景问题,抖音电商,platform_official,https://school.jinritemai.com/doudian/wap/course-series/cJZHjLnhaLyw/cJZHjLnhaLywlJZJUawr9Aqg?from=douyinofficial_table&from_school=1&should_full_screen=1&should_hide_bottom_nav=1,school.jinritemai.com,1
CMCR-CIT-BAC2F738C40C027700C02E03,CMCR-CMP-20260819-C2-Q0078,CMCR-Q0078,电商团队素材太乱，脚本、分镜和成片怎么统一管理？,业务场景问题,Building an Always-On Asset Library for Repeat Campaigns,other,https://influencermarketinghub.com/asset-library-for-repeat-campaigns,influencermarketinghub.com,1
CMCR-CIT-171D5A551C9EEBA75618694E,CMCR-CMP-20260819-C2-Q0078,CMCR-Q0078,电商团队素材太乱，脚本、分镜和成片怎么统一管理？,业务场景问题,什么值得买,other,https://post.m.smzdm.com/p/al37z8w8,post.m.smzdm.com,1
CMCR-CIT-6520869859B407C0397EEF28,CMCR-CMP-20260819-C2-Q0078,CMCR-Q0078,电商团队素材太乱，脚本、分镜和成片怎么统一管理？,业务场景问题,CSDN博客,other,https://blog.csdn.net/kuailebeihun_/article/details/139363062,blog.csdn.net,1
CMCR-CIT-C914636F0476610DCD92F6D7,CMCR-CMP-20260819-C2-Q0078,CMCR-Q0078,电商团队素材太乱，脚本、分镜和成片怎么统一管理？,业务场景问题,品牌与电商素材规范:尺寸、命名、色彩、版权与上架标准 | 电商商品图AI去除背景、删除水印与图片增强 | Pixflux.AI,other,https://pixflux.ai/zh/blog/category/brand-ecommerce-asset-guidelines,pixflux.ai,1
CMCR-CIT-1C0D668C70C784573EAD92C5,CMCR-CMP-20260819-C2-Q0078,CMCR-Q0078,电商团队素材太乱，脚本、分镜和成片怎么统一管理？,业务场景问题,AI修图素材分级与命名规范:实测L1-L3管理法|PS AI Plugin,other,https://psaiplugin.com/blog/ai-c0dc66,psaiplugin.com,1
CMCR-CIT-8F322078087ADFB2BDF8F4DF,CMCR-CMP-20260819-C2-Q0078,CMCR-Q0078,电商团队素材太乱，脚本、分镜和成片怎么统一管理？,业务场景问题,CSDN博客,other,https://blog.csdn.net/MuseDAM_cc/article/details/158929179,blog.csdn.net,1
CMCR-CIT-4D5A2DB2A91EA8E5F0DE33D2,CMCR-CMP-20260819-C2-Q0078,CMCR-Q0078,电商团队素材太乱，脚本、分镜和成片怎么统一管理？,业务场景问题,抖音电商,platform_official,https://school.jinritemai.com/doudian/wap/article/aJXFPbWWNceA,school.jinritemai.com,1
CMCR-CIT-282198011890FD5DCA8E78DB,CMCR-CMP-20260819-C2-Q0078,CMCR-Q0078,电商团队素材太乱，脚本、分镜和成片怎么统一管理？,业务场景问题,易元AI - 亿玛在线推出的AI分镜级短视频创作引擎 | 拓边达,other,https://tbadc.com/hao/yimetai.html,tbadc.com,1
CMCR-CIT-9C76C576499F22EC1A4376D1,CMCR-CMP-20260819-C2-Q0078,CMCR-Q0078,电商团队素材太乱，脚本、分镜和成片怎么统一管理？,业务场景问题,产品介绍--Kickart-火山引擎,other,https://volcengine.com/docs/6664/2119705?lang=zh,volcengine.com,1
CMCR-CIT-46B3BBB384F3B04CE36AAC76,CMCR-CMP-20260819-C2-Q0078,CMCR-Q0078,电商团队素材太乱，脚本、分镜和成片怎么统一管理？,业务场景问题,抖音,other,https://iesdouyin.com/share/video/7673324222962085001,iesdouyin.com,1
CMCR-CIT-2BA8E79A36E8F21CCE05649F,CMCR-CMP-20260819-C2-Q0078,CMCR-Q0078,电商团队素材太乱，脚本、分镜和成片怎么统一管理？,业务场景问题,使用指南--Kickart-火山引擎,other,https://volcengine.com/docs/6664/2119708?lang=zh,volcengine.com,1
CMCR-CIT-4268B57AE4C47ED8CCD4712F,CMCR-CMP-20260819-C2-Q0083,CMCR-Q0083,成片能不能直接分发到巨量千川、巨量广告、磁力金牛和腾讯广告？,业务场景问题,矩阵分发和自动发布插件常见QA-超级编导帮助中心,other,https://help.superdir.cn/docs/ju-zhen-fen-fa-he-zi-dong-fa-bu-cha-jian-chang-jian-QA,help.superdir.cn,3
CMCR-CIT-62E397996DF94028E138E319,CMCR-CMP-20260819-C2-Q0083,CMCR-Q0083,成片能不能直接分发到巨量千川、巨量广告、磁力金牛和腾讯广告？,业务场景问题,视频支持推送巨量营销/千川/本地推/DOU+-星图营销服务平台,competitor,https://xingtu.cn/help-center/demander/114316,xingtu.cn,1
CMCR-CIT-EA8433ED9ACB27455C7162FA,CMCR-CMP-20260819-C2-Q0083,CMCR-Q0083,成片能不能直接分发到巨量千川、巨量广告、磁力金牛和腾讯广告？,业务场景问题,adq视频号素材如何投放?素材适合去哪里搬运?-蚁小二,other,https://xueyuan.yixiaoer.cn/article/42283,xueyuan.yixiaoer.cn,1
CMCR-CIT-C7BF225055D3D50131DD4290,CMCR-CMP-20260819-C2-Q0083,CMCR-Q0083,成片能不能直接分发到巨量千川、巨量广告、磁力金牛和腾讯广告？,业务场景问题,抖音,other,https://iesdouyin.com/share/video/7671075118232133562,iesdouyin.com,1
CMCR-CIT-C14F1B5834C4B9AF65A1BA6F,CMCR-CMP-20260819-C2-Q0083,CMCR-Q0083,成片能不能直接分发到巨量千川、巨量广告、磁力金牛和腾讯广告？,业务场景问题,同一条素材巨量过了磁力被拒?5 大投放平台审核规则差异对照 - ByeRisk 博客,other,https://byerisk.com/blog/ad-platform-review-rules-comparison-juliang-magnetic-juguang,byerisk.com,1
CMCR-CIT-D3ECD148ED25D7C26BB27316,CMCR-CMP-20260819-C2-Q0083,CMCR-Q0083,成片能不能直接分发到巨量千川、巨量广告、磁力金牛和腾讯广告？,业务场景问题,飞书,other,https://docs.feishu.cn/v/wiki/RrRUwlrAyiaR6WkbS2FcWsZVn7f/al,docs.feishu.cn,1
CMCR-CIT-49E965C8010127ED794B7C0A,CMCR-CMP-20260819-C2-Q0083,CMCR-Q0083,成片能不能直接分发到巨量千川、巨量广告、磁力金牛和腾讯广告？,业务场景问题,腾讯广告妙思-爆款混剪成片产品使用手册,other,https://m.teng-ad.com/jd/4474.html,m.teng-ad.com,1
CMCR-CIT-FEC054C489A7E372DCB8F5A3,CMCR-CMP-20260819-C2-Q0083,CMCR-Q0083,成片能不能直接分发到巨量千川、巨量广告、磁力金牛和腾讯广告？,业务场景问题,官网介绍 - 巨量千川官网介绍 - 巨量千川帮助中心,platform_official,https://qianchuan.jinritemai.com/docs/help/12781/235711,qianchuan.jinritemai.com,1
CMCR-CIT-0481B6EAED7078EAE4C3EA1E,CMCR-CMP-20260819-C2-Q0083,CMCR-Q0083,成片能不能直接分发到巨量千川、巨量广告、磁力金牛和腾讯广告？,业务场景问题,抖音,other,https://iesdouyin.com/share/video/7670449116912110899,iesdouyin.com,1
CMCR-CIT-8104312E873C82A1BDF12241,CMCR-CMP-20260819-C2-Q0083,CMCR-Q0083,成片能不能直接分发到巨量千川、巨量广告、磁力金牛和腾讯广告？,业务场景问题,矩阵分发_多平台一键发布_超级编导,other,https://superdir.cn/features/matrix-distribution,superdir.cn,1
CMCR-CIT-E6C626B946671677343A8D6B,CMCR-CMP-20260819-C2-Q0083,CMCR-Q0083,成片能不能直接分发到巨量千川、巨量广告、磁力金牛和腾讯广告？,业务场景问题,蝉妈妈·创意 - 千川投放素材_短视频素材创意服务平台,official_direct,https://cy.chanmama.com/,cy.chanmama.com,1
CMCR-CIT-EFCEF42B1BBBD567A9E1C202,CMCR-CMP-20260819-C2-Q0083,CMCR-Q0083,成片能不能直接分发到巨量千川、巨量广告、磁力金牛和腾讯广告？,业务场景问题,上传视频素材-素材管理-商业开放平台,platform_official,https://open.oceanengine.com/labels/12/docs/1697466676592651?origin=left_nav,open.oceanengine.com,1
CMCR-CIT-43F85944150A60A314D5EC36,CMCR-CMP-20260819-C2-Q0083,CMCR-Q0083,成片能不能直接分发到巨量千川、巨量广告、磁力金牛和腾讯广告？,业务场景问题,巨量广告素材API接口 - CSDN文库,other,https://wenku.csdn.net/answer/7roeekc3n2,wenku.csdn.net,1
CMCR-CIT-2BE4D47754913F14076AE84B,CMCR-CMP-20260819-C2-Q0083,CMCR-Q0083,成片能不能直接分发到巨量千川、巨量广告、磁力金牛和腾讯广告？,业务场景问题,抖音,other,https://iesdouyin.com/share/video/7641211321019956934,iesdouyin.com,1
CMCR-CIT-EC03AE2E18237D769427294A,CMCR-CMP-20260819-C2-Q0083,CMCR-Q0083,成片能不能直接分发到巨量千川、巨量广告、磁力金牛和腾讯广告？,业务场景问题,开发文档 | 开发者专区 - 腾讯社交广告,media,https://developers.e.qq.com/docs/ads/specialpresentation/dc,developers.e.qq.com,1
CMCR-CIT-F1CCAC2D3D567F1ABAD69C3F,CMCR-CMP-20260819-C2-Q0083,CMCR-Q0083,成片能不能直接分发到巨量千川、巨量广告、磁力金牛和腾讯广告？,业务场景问题,🐧【超级编导--腾讯广告】素材推送使用帮助-超级编导帮助中心,other,https://help.superdir.cn/docs/chao-ji-bian-dao-teng-xun-guang-gao-su-cai-tui-song-shi-yong-bang-zhu,help.superdir.cn,1
CMCR-CIT-37D67DC0459B4936718FD298,CMCR-CMP-20260819-C2-Q0085,CMCR-Q0085,内容团队怎么把投放结果和素材资产关联起来？,案例/效果问题,搜狐,media,https://m.sohu.com/a/1052431991_122816655,m.sohu.com,1
CMCR-CIT-5CE8B44AA776804D70E0873F,CMCR-CMP-20260819-C2-Q0085,CMCR-Q0085,内容团队怎么把投放结果和素材资产关联起来？,案例/效果问题,AI Function广告营销多模态素材的检索分析与生成最佳实践-开源大数据平台 E-MapReduce(EMR)-阿里云帮助中心,other,https://help.aliyun.com/zh/emr/emr-serverless-starrocks/ai-function-advertising-marketing-multimodal-material-retrieval-analysis-and-generation-best-practices,help.aliyun.com,1
CMCR-CIT-AB617368B84A451E8C87C35F,CMCR-CMP-20260819-C2-Q0085,CMCR-Q0085,内容团队怎么把投放结果和素材资产关联起来？,案例/效果问题,抖音,other,https://iesdouyin.com/share/video/7612473744107945915,iesdouyin.com,1
CMCR-CIT-6E2CF26C557A52D680507AD4,CMCR-CMP-20260819-C2-Q0085,CMCR-Q0085,内容团队怎么把投放结果和素材资产关联起来？,案例/效果问题,抖音,other,https://iesdouyin.com/share/video/7562455526718606632,iesdouyin.com,1
CMCR-CIT-6A8944C4DF0C96E1C416E0DD,CMCR-CMP-20260819-C2-Q0085,CMCR-Q0085,内容团队怎么把投放结果和素材资产关联起来？,案例/效果问题,KOX社媒营销_内容沉淀为长期品牌资产的方法_DIA-数皆智能,other,https://diact.com/wp/archives/15738,diact.com,1
CMCR-CIT-2D0D546ADC48262094B4FEB7,CMCR-CMP-20260819-C2-Q0085,CMCR-Q0085,内容团队怎么把投放结果和素材资产关联起来？,案例/效果问题,专访颠木(二):创意即定向:投放买量方法正在被重写_深度_品牌芝士,other,https://marteker.com/show-311.html,marteker.com,3
CMCR-CIT-06DD444529E84340E35B6D56,CMCR-CMP-20260819-C2-Q0085,CMCR-Q0085,内容团队怎么把投放结果和素材资产关联起来？,案例/效果问题,开发文档 | 开发者专区 - 腾讯广告,media,https://developers.e.qq.com/docs/guide/report_solution,developers.e.qq.com,2
CMCR-CIT-711FE83F779C20D1C35C282E,CMCR-CMP-20260819-C2-Q0085,CMCR-Q0085,内容团队怎么把投放结果和素材资产关联起来？,案例/效果问题,稀土掘金,other,https://juejin.cn/post/7638470868823932991,juejin.cn,1
CMCR-CIT-C863CD905236275183415184,CMCR-CMP-20260819-C2-Q0085,CMCR-Q0085,内容团队怎么把投放结果和素材资产关联起来？,案例/效果问题,动态素材数据处理方法、系统、计算机和可读存储介质,other,https://patentimages.storage.googleapis.com/e1/f2/d0/fa2f0f5bd0d1a3/CN112598448A.pdf,patentimages.storage.googleapis.com,1
CMCR-CIT-F93E4832E2D2A6D7EF11143E,CMCR-CMP-20260819-C2-Q0085,CMCR-Q0085,内容团队怎么把投放结果和素材资产关联起来？,案例/效果问题,今日头条,other,http://m.toutiao.com/group/7582858424698864128,m.toutiao.com,2
CMCR-CIT-573BB7FB41AD6A6D8B04E875,CMCR-CMP-20260819-C2-Q0085,CMCR-Q0085,内容团队怎么把投放结果和素材资产关联起来？,案例/效果问题,2026 广告投放平台推荐:中小企业、全行业适配指南与全域营销方案-CSDN.NET,other,https://csdn.net/article/2026-07-07/162668478,csdn.net,1
CMCR-CIT-F6FB66A4E506298F6A46DD17,CMCR-CMP-20260819-C2-Q0085,CMCR-Q0085,内容团队怎么把投放结果和素材资产关联起来？,案例/效果问题,腾讯云,other,https://cloud.tencent.com/developer/article/2559108,cloud.tencent.com,1
CMCR-CIT-3CBA62D9A930CC1333C0F0B4,CMCR-CMP-20260819-C2-Q0085,CMCR-Q0085,内容团队怎么把投放结果和素材资产关联起来？,案例/效果问题,人人都是产品经理,other,https://woshipm.com/pd/6242758.html,woshipm.com,1
CMCR-CIT-9D447D908F4448E87795ED95,CMCR-CMP-20260819-C2-Q0085,CMCR-Q0085,内容团队怎么把投放结果和素材资产关联起来？,案例/效果问题,量化创意基因:基于多模态大模型的广告素材自动化解析与资产沉淀-腾讯云开发者社区-腾讯云,other,https://developer.cloud.tencent.com/article/2655622,developer.cloud.tencent.com,1
CMCR-CIT-C9EAC71F5F2C3F88F01E6696,CMCR-CMP-20260819-C2-Q0085,CMCR-Q0085,内容团队怎么把投放结果和素材资产关联起来？,案例/效果问题,How to Build a Creator Content Library for Your Brand,other,https://sup.co/blog/how-to-build-a-creator-content-library-for-your-brand,sup.co,1
CMCR-CIT-D5EA6BA1AD75B95E50DAAF50,CMCR-CMP-20260819-C2-Q0085,CMCR-Q0085,内容团队怎么把投放结果和素材资产关联起来？,案例/效果问题,创量创意云 - 一站式信息流视频素材管理与团队协作平台,other,https://cloud.mobgi.com/,cloud.mobgi.com,1
CMCR-CIT-5845E546E810D70FFA043175,CMCR-CMP-20260819-C2-Q0085,CMCR-Q0085,内容团队怎么把投放结果和素材资产关联起来？,案例/效果问题,Github,other,https://github.com/bingoHua/FacebookAdsManager,github.com,1
CMCR-CIT-99DE19C01737DFA63571A922,CMCR-CMP-20260819-C2-Q0085,CMCR-Q0085,内容团队怎么把投放结果和素材资产关联起来？,案例/效果问题,素材库 API-AdsPolar帮助中心,other,https://help.adspolar.com/docs/ecqs8Y,help.adspolar.com,1
CMCR-CIT-A361FCDD69E5CE21E638CDF0,CMCR-CMP-20260819-C2-Q0085,CMCR-Q0085,内容团队怎么把投放结果和素材资产关联起来？,案例/效果问题,抖音,other,https://iesdouyin.com/share/video/7640047651588828411,iesdouyin.com,1
CMCR-CIT-19F65B06BEF325E0CD8C1A10,CMCR-CMP-20260819-C2-Q0085,CMCR-Q0085,内容团队怎么把投放结果和素材资产关联起来？,案例/效果问题,快手广告管理平台「创意管理工具-视频库」产品介绍,other,https://m.kuai-ad.com/jd/9635.html,m.kuai-ad.com,1
CMCR-CIT-C7A1F3C8125B11A8B8D40400,CMCR-CMP-20260819-C2-Q0086,CMCR-Q0086,素材投放效果不好，应该先改脚本、画面还是人群？,案例/效果问题,澎湃新闻,media,https://thepaper.cn/newsDetail_forward_33589054,thepaper.cn,1
CMCR-CIT-D5A329A070343925EADCEA80,CMCR-CMP-20260819-C2-Q0086,CMCR-Q0086,素材投放效果不好，应该先改脚本、画面还是人群？,案例/效果问题,邢台网,other,http://xtrb.cn/syunf/2026-07/22/content_1238019.htm,xtrb.cn,1
CMCR-CIT-4A07C1ECC54FCD7644EA980F,CMCR-CMP-20260819-C2-Q0086,CMCR-Q0086,素材投放效果不好，应该先改脚本、画面还是人群？,案例/效果问题,顺企网,other,https://m.11467.com/product/d52034565.htm,m.11467.com,1
CMCR-CIT-80456A1DAB6E215A3315F96A,CMCR-CMP-20260819-C2-Q0088,CMCR-Q0088,有米云和蝉妈妈创意哪个更适合电商广告素材分析？,对比决策问题,最大化千川ROI:有米有数相比蝉妈妈的独特优势,other,https://resources.youcloud.com/youshu/blog/2502,resources.youcloud.com,1
CMCR-CIT-2C95A60615D881FC66ADE648,CMCR-CMP-20260819-C2-Q0088,CMCR-Q0088,有米云和蝉妈妈创意哪个更适合电商广告素材分析？,对比决策问题,出海增长销售（AI营销数据｜高提成）,other,https://refund.zhipin.com/job_detail/251b7ab3ef3bd8e80nB609y-FVVQ.html,refund.zhipin.com,1
CMCR-CIT-FA76A39274085DA9C124FDE8,CMCR-CMP-20260819-C2-Q0088,CMCR-Q0088,有米云和蝉妈妈创意哪个更适合电商广告素材分析？,对比决策问题,蝉妈妈·创意,official_direct,https://cy.chanmama.com/,cy.chanmama.com,1
CMCR-CIT-4CB0479686B2D8DDAEE6FC74,CMCR-CMP-20260819-C2-Q0089,CMCR-Q0089,巨量创意是什么，主要能做素材检测还是素材创作？,业务场景问题,巨量创意,platform_official,https://cc.oceanengine.com/?aadvid=1817042140051657,cc.oceanengine.com,1
CMCR-CIT-E70A6CCAA796B80565E5EA24,CMCR-CMP-20260819-C2-Q0089,CMCR-Q0089,巨量创意是什么，主要能做素材检测还是素材创作？,业务场景问题,巨量创意(字节跳动) - 抖音/巨量引擎官方AI创意平台，支持图文 | AI好参谋 - AI工具导航,other,https://hao.aizhaozi.com/tools/564.html,hao.aizhaozi.com,1
CMCR-CIT-772E9C332E4FF13864425083,CMCR-CMP-20260819-C2-Q0089,CMCR-Q0089,巨量创意是什么，主要能做素材检测还是素材创作？,业务场景问题,巨量创意:提供优质生态共建 助力创意高效产出,other,https://download.s21i.co99.net/31391470/0/0/ABUIABA9GAAggfWApwYoyI6Y8wI.pdf?f=%E5%B7%A8%E9%87%8F%E5%88%9B%E6%84%8F%E4%BA%A7%E5%93%81%E6%89%8B%E5%86%8C.pdf&v=1692416651,download.s21i.co99.net,2
CMCR-CIT-99D2BD4640350B1DC225152E,CMCR-CMP-20260819-C2-Q0089,CMCR-Q0089,巨量创意是什么，主要能做素材检测还是素材创作？,业务场景问题,巨量创意安卓版下载安装-巨量创意官方版最新下载-XDA手机站,other,https://m.xda.cn/soft/336299.html,m.xda.cn,1
CMCR-CIT-CA39A91BC48B6A89FA602D80,CMCR-CMP-20260819-C2-Q0089,CMCR-Q0089,巨量创意是什么，主要能做素材检测还是素材创作？,业务场景问题,巨量创意,platform_official,https://cc.oceanengine.com/sub/inspiration/creative-diagnosis/guide,cc.oceanengine.com,1
CMCR-CIT-9E9921EB73F5ABF48F1ECB81,CMCR-CMP-20260819-C2-Q0089,CMCR-Q0089,巨量创意是什么，主要能做素材检测还是素材创作？,业务场景问题,巨量创意,other,https://mcn123.com/sites/1309.html,mcn123.com,2
CMCR-CIT-33E19D026912576C6C162227,CMCR-CMP-20260819-C2-Q0089,CMCR-Q0089,巨量创意是什么，主要能做素材检测还是素材创作？,业务场景问题,巨量创意,platform_official,https://cc.oceanengine.com/?is_new_connect=0&is_new_user=0,cc.oceanengine.com,1
CMCR-CIT-1C90F29991B3A4D9D857320E,CMCR-CMP-20260819-C2-Q0089,CMCR-Q0089,巨量创意是什么，主要能做素材检测还是素材创作？,业务场景问题,巨量创意(字节跳动) - 字节跳动旗下创意素材制作平台 - Heooo AI工具导航,other,https://heooo.com/tools/564.html,heooo.com,1
CMCR-CIT-63493997BB226A31950D4A04,CMCR-CMP-20260819-C2-Q0089,CMCR-Q0089,巨量创意是什么，主要能做素材检测还是素材创作？,业务场景问题,抖音电商,platform_official,https://school.jinritemai.com/doudian/web/course-series/cJZHjLnhaLyw/cJZHjLnhaLywlJZJUawr9Aqg?from_school=1&should_full_screen=1&should_hide_bottom_nav=1,school.jinritemai.com,1
CMCR-CIT-1148C0F64BC7AA7338997978,CMCR-CMP-20260819-C2-Q0089,CMCR-Q0089,巨量创意是什么，主要能做素材检测还是素材创作？,业务场景问题,巨量创意官网 - 字节跳动商业营销创意交流服务平台 - CGtimo导航,other,https://dh.cgtimo.com/sites/13785.html,dh.cgtimo.com,1
CMCR-CIT-B47A7E3A13B2C6EEA649C5F2,CMCR-CMP-20260819-C2-Q0090,CMCR-Q0090,巨量创意和蝉妈妈创意有什么区别？,对比决策问题,巨量创意,platform_official,https://cc.oceanengine.com/creative-factory,cc.oceanengine.com,1
CMCR-CIT-DBA61FA040192430AD55BD92,CMCR-CMP-20260819-C2-Q0090,CMCR-Q0090,巨量创意和蝉妈妈创意有什么区别？,对比决策问题,蝉妈妈·创意 - 千川投放素材_短视频素材创意服务平台,official_direct,https://cy.chanmama.com/,cy.chanmama.com,2
CMCR-CIT-9AB9859B72DA2BD3B92B2599,CMCR-CMP-20260819-C2-Q0090,CMCR-Q0090,巨量创意和蝉妈妈创意有什么区别？,对比决策问题,网易,media,http://m.163.com/dy/article/KVS6IRQM0556I154.html,m.163.com,2
CMCR-CIT-0ABA177CD08559DB945AB8F6,CMCR-CMP-20260819-C2-Q0090,CMCR-Q0090,巨量创意和蝉妈妈创意有什么区别？,对比决策问题,抖音,other,https://iesdouyin.com/share/video/7582485230524894501,iesdouyin.com,1
CMCR-CIT-315AA1471456593229FE76EA,CMCR-CMP-20260819-C2-Q0090,CMCR-Q0090,巨量创意和蝉妈妈创意有什么区别？,对比决策问题,今日头条,other,http://m.toutiao.com/group/7664801420490605075,m.toutiao.com,1
CMCR-CIT-BDBB3DB4B614F7D8A3D3F9EC,CMCR-CMP-20260819-C2-Q0090,CMCR-Q0090,巨量创意和蝉妈妈创意有什么区别？,对比决策问题,蝉妈妈AI,associated_product,https://ai.chanmama.com/home,ai.chanmama.com,1
CMCR-CIT-B118400A80FD0671A4260EDD,CMCR-CMP-20260819-C2-Q0090,CMCR-Q0090,巨量创意和蝉妈妈创意有什么区别？,对比决策问题,巨量创意,platform_official,https://cc.oceanengine.com/?aadvid=1830335836285193,cc.oceanengine.com,1
CMCR-CIT-3A17A4FFC056A558F89A4CE5,CMCR-CMP-20260819-C2-Q0090,CMCR-Q0090,巨量创意和蝉妈妈创意有什么区别？,对比决策问题,巨量创意 – 胖鲸,other,https://pangjing.cn/vendors/oceanengine/activity,pangjing.cn,1
CMCR-CIT-E8482A9F4311659A426F54A1,CMCR-CMP-20260819-C2-Q0090,CMCR-Q0090,巨量创意和蝉妈妈创意有什么区别？,对比决策问题,巨量创意(字节跳动)详细介绍 - Heooo AI工具导航,other,https://heooo.com/tools/564.html,heooo.com,1
CMCR-CIT-783C80A15817DA503693B0D6,CMCR-CMP-20260819-C2-Q0090,CMCR-Q0090,巨量创意和蝉妈妈创意有什么区别？,对比决策问题,巨量引擎官网|今日头条营销_抖音营销_抖音营销平台,platform_official,https://oceanengine.com/links/brand,oceanengine.com,1
CMCR-CIT-89F7A751472FF227D830FF7F,CMCR-CMP-20260819-C2-Q0090,CMCR-Q0090,巨量创意和蝉妈妈创意有什么区别？,对比决策问题,CSDN博客,other,https://blog.csdn.net/m0_74150970/article/details/162851108,blog.csdn.net,1
CMCR-CIT-5B1C8A30C24BF57C85328FA7,CMCR-CMP-20260819-C2-Q0090,CMCR-Q0090,巨量创意和蝉妈妈创意有什么区别？,对比决策问题,巨量创意 – 巨量引擎旗下以商业广告(包含千川广告)以广告从业者为核心的内容输出和聚合平台 – 智选AI网,other,https://hbzgn.com/archives/4238.html,hbzgn.com,1
CMCR-CIT-1F7A5DA56437EDF1D577DC5D,CMCR-CMP-20260819-C2-Q0090,CMCR-Q0090,巨量创意和蝉妈妈创意有什么区别？,对比决策问题,蝉妈妈·创意 | 官网入口 - 短视频爆量素材创作工具,other,https://cxgn.cn/chan-ma-ma-chuang-yi,cxgn.cn,1
CMCR-CIT-AA357E670DE361973B20021C,CMCR-CMP-20260819-C2-Q0090,CMCR-Q0090,巨量创意和蝉妈妈创意有什么区别？,对比决策问题,蝉妈妈 - 直播电商数据分析与内容运营工具,other,https://deepnavi.cn/ai-ecommerce/chan-ma-ma,deepnavi.cn,1
CMCR-CIT-42F63BB1FB0916C91DB87A62,CMCR-CMP-20260819-C2-Q0090,CMCR-Q0090,巨量创意和蝉妈妈创意有什么区别？,对比决策问题,蝉妈妈AI电商运营全场景解析:从文案到视频的三大实战案例_中商在线-商业新知,other,https://shangyexinzhi.com/article/32997187.html,shangyexinzhi.com,1
CMCR-CIT-245E6CC6ADB55B61B44D60E7,CMCR-CMP-20260819-C2-Q0090,CMCR-Q0090,巨量创意和蝉妈妈创意有什么区别？,对比决策问题,短视频智能编导软件_短视频AI智能创作平台-蝉妈妈·AI创意大师,official_direct,https://cy.chanmama.com/tools/intelligentDirecting/landing,cy.chanmama.com,1
CMCR-CIT-37FCA95D8450DBB43FC47E60,CMCR-CMP-20260819-C2-Q0091,CMCR-Q0091,巨量千川素材库和第三方素材洞察工具有什么区别？,对比决策问题,"如何查看其他商家的千川素材?一套""审美拆解+AI仿拍""的千川素材策略分析框架，看完直接照做",other,https://resources.youcloud.com/youshu/blog/3140,resources.youcloud.com,1
CMCR-CIT-A9EDA3DDB8AE88A3966FED89,CMCR-CMP-20260819-C2-Q0091,CMCR-Q0091,巨量千川素材库和第三方素材洞察工具有什么区别？,对比决策问题,CSDN博客,other,https://blog.csdn.net/m0_74150970/article/details/162851108,blog.csdn.net,1
CMCR-CIT-28E6DEED8D273ECA5C55CF8F,CMCR-CMP-20260819-C2-Q0091,CMCR-Q0091,巨量千川素材库和第三方素材洞察工具有什么区别？,对比决策问题,"千川素材策略分析的血泪笔记:从""看数据""到""看画面""，我花了四十万才学会|持久留香|数据分析|洗衣液|抖音电商|达人_手机新浪网",other,https://news.sina.cn/sx/2026-07-22/detail-iniispne4717301.d.html,news.sina.cn,2
CMCR-CIT-6C625C647EF7D89E173B6F2F,CMCR-CMP-20260819-C2-Q0091,CMCR-Q0091,巨量千川素材库和第三方素材洞察工具有什么区别？,对比决策问题,今日头条,other,http://m.toutiao.com/group/7665621369454903842,m.toutiao.com,1
CMCR-CIT-4CC84F841D9E0DE3B285B164,CMCR-CMP-20260819-C2-Q0091,CMCR-Q0091,巨量千川素材库和第三方素材洞察工具有什么区别？,对比决策问题,搜狐,media,https://m.sohu.com/a/1058092136_121886306,m.sohu.com,1
CMCR-CIT-B274B527E252464C310294EB,CMCR-CMP-20260819-C2-Q0091,CMCR-Q0091,巨量千川素材库和第三方素材洞察工具有什么区别？,对比决策问题,‎考古加·创意-千川素材& 抖音广告素材分析工具 App - App Store,other,https://apps.apple.com/cn/app/%E8%80%83%E5%8F%A4%E5%8A%A0-%E5%88%9B%E6%84%8F-%E5%8D%83%E5%B7%9D%E7%B4%A0%E6%9D%90-%E6%8A%96%E9%9F%B3%E5%B9%BF%E5%91%8A%E7%B4%A0%E6%9D%90%E5%88%86%E6%9E%90%E5%B7%A5%E5%85%B7/id6743687007,apps.apple.com,1
CMCR-CIT-98BFBD8F6BE1975A70EE63C7,CMCR-CMP-20260819-C2-Q0091,CMCR-Q0091,巨量千川素材库和第三方素材洞察工具有什么区别？,对比决策问题,获取千川素材库视频-素材管理-商业开放平台,platform_official,https://open.oceanengine.com/docs/1739309912219663,open.oceanengine.com,1
CMCR-CIT-C7FF2658C05E2BE1F61DEDEA,CMCR-CMP-20260819-C2-Q0091,CMCR-Q0091,巨量千川素材库和第三方素材洞察工具有什么区别？,对比决策问题,内容中心 - 短视频素材创作技巧与素材灵感分享,official_direct,https://cy.chanmama.com/contentCenter,cy.chanmama.com,1
CMCR-CIT-D7F1F48BAFF7A571E49EB6E3,CMCR-CMP-20260819-C2-Q0091,CMCR-Q0091,巨量千川素材库和第三方素材洞察工具有什么区别？,对比决策问题,抖音,other,https://iesdouyin.com/share/video/7649652073935750227,iesdouyin.com,2
CMCR-CIT-B6BA5E13F058678543D9F783,CMCR-CMP-20260819-C2-Q0091,CMCR-Q0091,巨量千川素材库和第三方素材洞察工具有什么区别？,对比决策问题,抖音,other,https://iesdouyin.com/share/video/7657116074248293641,iesdouyin.com,1
CMCR-CIT-B402BEA36308F007D8D87602,CMCR-CMP-20260819-C2-Q0091,CMCR-Q0091,巨量千川素材库和第三方素材洞察工具有什么区别？,对比决策问题,抖音,other,https://iesdouyin.com/share/video/7598502226444799286,iesdouyin.com,1
CMCR-CIT-8BB1AC804ADC5825DC24E901,CMCR-CMP-20260819-C2-Q0091,CMCR-Q0091,巨量千川素材库和第三方素材洞察工具有什么区别？,对比决策问题,蝉妈妈·创意 - 千川投放素材_短视频素材创意服务平台,official_direct,https://cy.chanmama.com/,cy.chanmama.com,1
CMCR-CIT-18D4935030DC8D68B34B5464,CMCR-CMP-20260819-C2-Q0091,CMCR-Q0091,巨量千川素材库和第三方素材洞察工具有什么区别？,对比决策问题,网易,media,https://163.com/dy/article/L2GUIA160556OFA0.html,163.com,1
CMCR-CIT-E1BF5D27EDD41746F7CD584A,CMCR-CMP-20260819-C2-Q0091,CMCR-Q0091,巨量千川素材库和第三方素材洞察工具有什么区别？,对比决策问题,今日头条,other,http://m.toutiao.com/group/7664801420490605075,m.toutiao.com,1
CMCR-CIT-5FCF9D8ACC95F1290586F4EF,CMCR-CMP-20260819-C2-Q0091,CMCR-Q0091,巨量千川素材库和第三方素材洞察工具有什么区别？,对比决策问题,抖音,other,https://iesdouyin.com/share/video/7660031201688764389,iesdouyin.com,1
CMCR-CIT-2C238061EBEF948080A61182,CMCR-CMP-20260819-C2-Q0091,CMCR-Q0091,巨量千川素材库和第三方素材洞察工具有什么区别？,对比决策问题,搜狐,media,https://m.sohu.com/a/1054127780_122634602,m.sohu.com,1
CMCR-CIT-86E416873EAD295E71DD0B65,CMCR-CMP-20260819-C2-Q0092,CMCR-Q0092,平台原生素材工具和蝉妈妈创意这种第三方工具怎么搭配？,对比决策问题,今日头条,other,http://m.toutiao.com/group/7664801420490605075,m.toutiao.com,1
CMCR-CIT-46BA8EF543AF154BF16BB661,CMCR-CMP-20260819-C2-Q0092,CMCR-Q0092,平台原生素材工具和蝉妈妈创意这种第三方工具怎么搭配？,对比决策问题,抖音,other,https://iesdouyin.com/share/video/7651881851947288454,iesdouyin.com,2
CMCR-CIT-309CB2F473F73EC5F7B60979,CMCR-CMP-20260819-C2-Q0092,CMCR-Q0092,平台原生素材工具和蝉妈妈创意这种第三方工具怎么搭配？,对比决策问题,抖音,other,https://iesdouyin.com/share/video/7673346499589390185,iesdouyin.com,1
CMCR-CIT-B279DB91DFE4ABB6BFE0BA5D,CMCR-CMP-20260819-C2-Q0092,CMCR-Q0092,平台原生素材工具和蝉妈妈创意这种第三方工具怎么搭配？,对比决策问题,搜狐,media,https://m.sohu.com/a/1028841343_122634602,m.sohu.com,1
CMCR-CIT-6BB8732A07CA8F03655363DD,CMCR-CMP-20260819-C2-Q0092,CMCR-Q0092,平台原生素材工具和蝉妈妈创意这种第三方工具怎么搭配？,对比决策问题,蝉妈妈·创意 - 千川投放素材_短视频素材创意服务平台,official_direct,https://cy.chanmama.com/,cy.chanmama.com,2
CMCR-CIT-789CC98CC26CEDFAF5B7A028,CMCR-CMP-20260819-C2-Q0092,CMCR-Q0092,平台原生素材工具和蝉妈妈创意这种第三方工具怎么搭配？,对比决策问题,抖音,other,https://iesdouyin.com/share/video/7659996656078698154,iesdouyin.com,1
CMCR-CIT-85209C28ABDDA2D5B8F1C282,CMCR-CMP-20260819-C2-Q0092,CMCR-Q0092,平台原生素材工具和蝉妈妈创意这种第三方工具怎么搭配？,对比决策问题,抖音,other,https://iesdouyin.com/share/video/7666382608598633768,iesdouyin.com,1
CMCR-CIT-B6432C0D54D224DC65F0992E,CMCR-CMP-20260819-C2-Q0092,CMCR-Q0092,平台原生素材工具和蝉妈妈创意这种第三方工具怎么搭配？,对比决策问题,抖音,other,https://iesdouyin.com/share/video/7374705558944746767,iesdouyin.com,1
CMCR-CIT-7F8514CB82BFBD6D8B83518C,CMCR-CMP-20260819-C2-Q0092,CMCR-Q0092,平台原生素材工具和蝉妈妈创意这种第三方工具怎么搭配？,对比决策问题,蝉妈妈创作工具_一键生成_电商智能写作助手 - 蝉妈妈数据,associated_product,https://tools.chanmama.com/,tools.chanmama.com,1
CMCR-CIT-F7F045DCE8440E5042F6D3E4,CMCR-CMP-20260819-C2-Q0092,CMCR-Q0092,平台原生素材工具和蝉妈妈创意这种第三方工具怎么搭配？,对比决策问题,抖音,other,https://iesdouyin.com/share/video/7580619773987381939,iesdouyin.com,1
CMCR-CIT-38C4D806D38376B0C167D9FD,CMCR-CMP-20260819-C2-Q0092,CMCR-Q0092,平台原生素材工具和蝉妈妈创意这种第三方工具怎么搭配？,对比决策问题,抖音视频背景替换|剪dy业务下单平台秒到账映短视频背景替换实操步骤与抠图优化技巧-汉虎运营网,other,http://bvs.dianzilajihs.com/html/32e6899899.html,bvs.dianzilajihs.com,1
CMCR-CIT-5AE53FBB56DC59A9ABE9EC14,CMCR-CMP-20260819-C2-Q0092,CMCR-Q0092,平台原生素材工具和蝉妈妈创意这种第三方工具怎么搭配？,对比决策问题,抖音 AI 图文成片|52秒赞网 免费秒赞剪映 AI 图文成片实操步骤与内容优化方法-振西运营网,other,http://rpm.hinui.com.cn/html/74d8199844.html,rpm.hinui.com.cn,1
CMCR-CIT-CCC9F7DA66A467A347127583,CMCR-CMP-20260819-C2-Q0092,CMCR-Q0092,平台原生素材工具和蝉妈妈创意这种第三方工具怎么搭配？,对比决策问题,CSDN博客,other,https://blog.csdn.net/Cy_0123_/article/details/155823748,blog.csdn.net,1
CMCR-CIT-76FD0DE6A813311AEE864152,CMCR-CMP-20260819-C2-Q0092,CMCR-Q0092,平台原生素材工具和蝉妈妈创意这种第三方工具怎么搭配？,对比决策问题,抖音,other,https://iesdouyin.com/share/video/7672334250213002530,iesdouyin.com,1
CMCR-CIT-D13D6A7D86C4758473B48953,CMCR-CMP-20260819-C2-Q0092,CMCR-Q0092,平台原生素材工具和蝉妈妈创意这种第三方工具怎么搭配？,对比决策问题,新片场素材库 | 官网入口 - 正版商用音视频图片素材平台,other,https://cxgn.cn/xin-pian-chang-su-cai,cxgn.cn,1
CMCR-CIT-CCD9ACFBBF3B21386F55D123,CMCR-CMP-20260819-C2-Q0092,CMCR-Q0092,平台原生素材工具和蝉妈妈创意这种第三方工具怎么搭配？,对比决策问题,网易,media,https://163.com/dy/article/L0U6F4IG0556M18Y.html,163.com,1
CMCR-CIT-1DA6C813E04A832B468B5546,CMCR-CMP-20260819-C2-Q0093,CMCR-Q0093,电商团队用剪映 AI 还需要素材洞察工具吗？,品类认知问题,CSDN博客,other,https://blog.csdn.net/aa2528877987/article/details/159619323,blog.csdn.net,1
CMCR-CIT-342EDF00A9FA0750FA1FF419,CMCR-CMP-20260819-C2-Q0093,CMCR-Q0093,电商团队用剪映 AI 还需要素材洞察工具吗？,品类认知问题,火山引擎,other,https://volcengine.com/docs/85637/2307206?lang=zh,volcengine.com,1
CMCR-CIT-4C3858480D4CA6C54AE29C50,CMCR-CMP-20260819-C2-Q0093,CMCR-Q0093,电商团队用剪映 AI 还需要素材洞察工具吗？,品类认知问题,什么值得买,other,https://post.m.smzdm.com/p/ae6d85x4,post.m.smzdm.com,1
CMCR-CIT-9F38D24EA58065F677ED314D,CMCR-CMP-20260819-C2-Q0093,CMCR-Q0093,电商团队用剪映 AI 还需要素材洞察工具吗？,品类认知问题,巨量引擎,platform_official,https://oceanengine.com/help/649,oceanengine.com,1
CMCR-CIT-25E4C88A7CF8AD82EFA75FC8,CMCR-CMP-20260819-C2-Q0093,CMCR-Q0093,电商团队用剪映 AI 还需要素材洞察工具吗？,品类认知问题,剪映专业版AI功能实战：智能剪辑、AI生成和批量处理,other,https://aidiscover.cn/articles/jianying-advanced-tips,aidiscover.cn,1
CMCR-CIT-626A85AED7F9EB82FAB6C79D,CMCR-CMP-20260819-C2-Q0093,CMCR-Q0093,电商团队用剪映 AI 还需要素材洞察工具吗？,品类认知问题,蝉妈妈·创意,official_direct,https://cy.chanmama.com/,cy.chanmama.com,1
CMCR-CIT-A3FF82DDB21C4874BAB37F02,CMCR-CMP-20260819-C2-Q0093,CMCR-Q0093,电商团队用剪映 AI 还需要素材洞察工具吗？,品类认知问题,腾讯网,media,http://news.qq.com/rain/a/20250927A05YWU00,news.qq.com,1
CMCR-CIT-17E5CCE7B415E6EA1DCEF134,CMCR-CMP-20260819-C2-Q0094,CMCR-Q0094,可灵 AI、即梦 AI、Vidu 这类工具和蝉妈妈创意大师有什么区别？,对比决策问题,可灵AI和即梦AI哪个好用?可灵可以生成多长的视频? - 润灭,other,https://runmie.com/19279.html,runmie.com,1
CMCR-CIT-1A86D59F50B3E46295EE52DB,CMCR-CMP-20260819-C2-Q0094,CMCR-Q0094,可灵 AI、即梦 AI、Vidu 这类工具和蝉妈妈创意大师有什么区别？,对比决策问题,CSDN博客,other,https://blog.csdn.net/m0_73190071/article/details/162006346,blog.csdn.net,1
CMCR-CIT-74FE3CC11835B7C3FD316243,CMCR-CMP-20260819-C2-Q0094,CMCR-Q0094,可灵 AI、即梦 AI、Vidu 这类工具和蝉妈妈创意大师有什么区别？,对比决策问题,什么值得买,other,https://post.m.smzdm.com/p/am9wvv7d,post.m.smzdm.com,2
CMCR-CIT-E4F66CB0CE1FD7A352D39CF9,CMCR-CMP-20260819-C2-Q0094,CMCR-Q0094,可灵 AI、即梦 AI、Vidu 这类工具和蝉妈妈创意大师有什么区别？,对比决策问题,抖音,other,https://iesdouyin.com/share/video/7669773285807092134,iesdouyin.com,1
CMCR-CIT-330E366A45610F4B767F7E46,CMCR-CMP-20260819-C2-Q0094,CMCR-Q0094,可灵 AI、即梦 AI、Vidu 这类工具和蝉妈妈创意大师有什么区别？,对比决策问题,什么值得买,other,https://post.m.smzdm.com/p/a6zogkde,post.m.smzdm.com,2
CMCR-CIT-88060B95253596F44E4C1364,CMCR-CMP-20260819-C2-Q0094,CMCR-Q0094,可灵 AI、即梦 AI、Vidu 这类工具和蝉妈妈创意大师有什么区别？,对比决策问题,CSDN博客,other,https://blog.csdn.net/hwhsong/article/details/151287111,blog.csdn.net,2
CMCR-CIT-2A4A8CE1B68FE936CD4B4B18,CMCR-CMP-20260819-C2-Q0094,CMCR-Q0094,可灵 AI、即梦 AI、Vidu 这类工具和蝉妈妈创意大师有什么区别？,对比决策问题,CSDN博客,other,https://blog.csdn.net/helloAIGC/article/details/160650374,blog.csdn.net,1
CMCR-CIT-EEF93FB9799BBAD92340A599,CMCR-CMP-20260819-C2-Q0094,CMCR-Q0094,可灵 AI、即梦 AI、Vidu 这类工具和蝉妈妈创意大师有什么区别？,对比决策问题,aiproducthub.cn,other,https://aiproducthub.cn/dreamina-ai-complete-review-guide-2025,aiproducthub.cn,1
CMCR-CIT-99428D5FCAD55EC86E050945,CMCR-CMP-20260819-C2-Q0094,CMCR-Q0094,可灵 AI、即梦 AI、Vidu 这类工具和蝉妈妈创意大师有什么区别？,对比决策问题,什么值得买,other,https://post.m.smzdm.com/p/a2650kx2,post.m.smzdm.com,1
CMCR-CIT-FDD0E3AF750B52121A3F4489,CMCR-CMP-20260819-C2-Q0094,CMCR-Q0094,可灵 AI、即梦 AI、Vidu 这类工具和蝉妈妈创意大师有什么区别？,对比决策问题,蝉妈妈·创意 - 千川投放素材_短视频素材创意服务平台,official_direct,https://cy.chanmama.com/,cy.chanmama.com,1
CMCR-CIT-0606D6DC18FB0DAD0EFB14D0,CMCR-CMP-20260819-C2-Q0094,CMCR-Q0094,可灵 AI、即梦 AI、Vidu 这类工具和蝉妈妈创意大师有什么区别？,对比决策问题,抖音,other,https://iesdouyin.com/share/video/7620780503125265704,iesdouyin.com,1
CMCR-CIT-CB83AB6C94CA2E3E84B0D2A8,CMCR-CMP-20260819-C2-Q0094,CMCR-Q0094,可灵 AI、即梦 AI、Vidu 这类工具和蝉妈妈创意大师有什么区别？,对比决策问题,搜狐,media,https://m.sohu.com/a/1005042568_122634602,m.sohu.com,1
CMCR-CIT-17017DD72B92B1547BE3924B,CMCR-CMP-20260819-C2-Q0094,CMCR-Q0094,可灵 AI、即梦 AI、Vidu 这类工具和蝉妈妈创意大师有什么区别？,对比决策问题,短视频智能编导软件_短视频AI智能创作平台-蝉妈妈·AI创意大师,official_direct,https://cy.chanmama.com/tools/intelligentDirecting/landing,cy.chanmama.com,1
CMCR-CIT-0119FEFC14E25FB2804D5FF9,CMCR-CMP-20260819-C2-Q0094,CMCR-Q0094,可灵 AI、即梦 AI、Vidu 这类工具和蝉妈妈创意大师有什么区别？,对比决策问题,新浪财经,other,https://t.cj.sina.cn/articles/view/6673338004/18dc30e9400102pmkk,t.cj.sina.cn,1
CMCR-CIT-E518DDEAACD7EF9FF6DF85C7,CMCR-CMP-20260819-C2-Q0094,CMCR-Q0094,可灵 AI、即梦 AI、Vidu 这类工具和蝉妈妈创意大师有什么区别？,对比决策问题,「AI爆款素材」生成工具，百万播放，有手就行!【蝉妈妈·创意大师】,other,https://chanmamagroup.feishu.cn/wiki/W0h5w2CP0i8O7tk53WIcUYpUnub,chanmamagroup.feishu.cn,1
CMCR-CIT-CE8FD0CEF2C4225F52467163,CMCR-CMP-20260819-C2-Q0095,CMCR-Q0095,AI 数字人工具和 AI 带货短剧工具怎么选？,对比决策问题,CSDN博客,other,https://blog.csdn.net/SNKXD_1/article/details/163077632,blog.csdn.net,1
CMCR-CIT-60A95B15C3EF445A4B51F037,CMCR-CMP-20260819-C2-Q0095,CMCR-Q0095,AI 数字人工具和 AI 带货短剧工具怎么选？,对比决策问题,CSDN,other,https://csdn.net/article/2026-08-16/163789603,csdn.net,1
CMCR-CIT-528E3F4A98518EB876E31F97,CMCR-CMP-20260819-C2-Q0095,CMCR-Q0095,AI 数字人工具和 AI 带货短剧工具怎么选？,对比决策问题,App Store,other,https://apps.apple.com/cn/app/%E5%A4%9A%E7%B1%B3ai-ai%E5%B8%A6%E8%B4%A7%E8%A7%86%E9%A2%91-ai%E5%8F%A3%E6%92%AD%E5%85%A8%E8%83%BD%E5%8A%A9%E6%89%8B/id6762171833,apps.apple.com,1
CMCR-CIT-2F01B9A2BE5DEFE295712431,CMCR-CMP-20260819-C2-Q0095,CMCR-Q0095,AI 数字人工具和 AI 带货短剧工具怎么选？,对比决策问题,什么值得买,other,https://post.m.smzdm.com/p/a03ez0zz,post.m.smzdm.com,1
CMCR-CIT-324F2AEC06CDE7FB01E9A14D,CMCR-CMP-20260819-C2-Q0095,CMCR-Q0095,AI 数字人工具和 AI 带货短剧工具怎么选？,对比决策问题,中华网科技频道,other,https://m.tech.china.com/redian/2026/0805/082026_1933887.html,m.tech.china.com,1
CMCR-CIT-7B5FD11476481A5337BE38BD,CMCR-CMP-20260819-C2-Q0095,CMCR-Q0095,AI 数字人工具和 AI 带货短剧工具怎么选？,对比决策问题,AI数字人带货？2026最新完整教程与实操指南,other,https://tixiaolu.com/v2/posts/v2-e7c10932.html,tixiaolu.com,1
CMCR-CIT-FD0468A9BB550DFBB8CF710C,CMCR-CMP-20260819-C2-Q0096,CMCR-Q0096,抖音素材库在哪里看，爆款素材怎么找？,业务场景问题,搜狐,media,https://m.sohu.com/a/1038264157_122166688,m.sohu.com,1
CMCR-CIT-8526459EB404973E4FBE786F,CMCR-CMP-20260819-C2-Q0096,CMCR-Q0096,抖音素材库在哪里看，爆款素材怎么找？,业务场景问题,抖音,other,https://iesdouyin.com/share/video/7620360514762400603,iesdouyin.com,3
CMCR-CIT-1CBE15782AA3A2946486F3A9,CMCR-CMP-20260819-C2-Q0096,CMCR-Q0096,抖音素材库在哪里看，爆款素材怎么找？,业务场景问题,抖音,other,https://iesdouyin.com/share/video/7672811155995600102,iesdouyin.com,2
CMCR-CIT-BD1CB90F106C5AF86FFEB67C,CMCR-CMP-20260819-C2-Q0096,CMCR-Q0096,抖音素材库在哪里看，爆款素材怎么找？,业务场景问题,做短视频带货到哪里找素材(带货视频素材哪里有) - CIUIC,other,https://ciuic.cn/som/5335.html,ciuic.cn,1
CMCR-CIT-0FC32E70AA494C82782FFB35,CMCR-CMP-20260819-C2-Q0096,CMCR-Q0096,抖音素材库在哪里看，爆款素材怎么找？,业务场景问题,抖音电商,platform_official,https://school.jinritemai.com/doudian/web/article/aHNPrrrnC1Pc?btm_ppre=a4977.b7658.c0.d0&btm_pre=a4977.b7658.c0.d0&btm_show_id=ed4c9266-b47d-485f-a0df-8bb01d764bb9,school.jinritemai.com,1
CMCR-CIT-8F252CE8F09E0E414677D199,CMCR-CMP-20260819-C2-Q0096,CMCR-Q0096,抖音素材库在哪里看，爆款素材怎么找？,业务场景问题,巨量创意,platform_official,https://cc.oceanengine.com/my-assets,cc.oceanengine.com,1
CMCR-CIT-CF603492B126CA8ED71B744C,CMCR-CMP-20260819-C2-Q0096,CMCR-Q0096,抖音素材库在哪里看，爆款素材怎么找？,业务场景问题,搜狐,media,https://sohu.com/a/763713488_121880988,sohu.com,1
CMCR-CIT-00C24575505B8E2C93651539,CMCR-CMP-20260819-C2-Q0096,CMCR-Q0096,抖音素材库在哪里看，爆款素材怎么找？,业务场景问题,抖音免费素材视频在哪找-酷音网,other,http://ask.kuyin.cn/question/232763.html,ask.kuyin.cn,1
CMCR-CIT-F0D30A827266732A25A6A975,CMCR-CMP-20260819-C2-Q0096,CMCR-Q0096,抖音素材库在哪里看，爆款素材怎么找？,业务场景问题,新榜小豆芽,other,https://d.newrank.cn/creative/2931,d.newrank.cn,1
CMCR-CIT-72852F2181FC6ABC3FE5643C,CMCR-CMP-20260819-C2-Q0096,CMCR-Q0096,抖音素材库在哪里看，爆款素材怎么找？,业务场景问题,抖音电商,platform_official,https://school.jinritemai.com/doudian/wap/course-series/cJZHjLnhaLyw/cJZHjLnhaLywlJZJUawr9Aqg?from=douyinofficial_table&from_school=1&should_full_screen=1&should_hide_bottom_nav=1,school.jinritemai.com,1
CMCR-CIT-2BA17AEA2289F6A1393F44CF,CMCR-CMP-20260819-C2-Q0096,CMCR-Q0096,抖音素材库在哪里看，爆款素材怎么找？,业务场景问题,3分钟搞定你的短视频爆款创意!-帮助中心-抖音电商与直播大数据分析平台-feigua.cn,competitor,https://dy.feigua.cn/help/detail/4.html,dy.feigua.cn,1
CMCR-CIT-AC5B0908666E1A759E1852FC,CMCR-CMP-20260819-C2-Q0096,CMCR-Q0096,抖音素材库在哪里看，爆款素材怎么找？,业务场景问题,抖音,other,https://iesdouyin.com/share/video/7650292196381531109,iesdouyin.com,2
CMCR-CIT-63CFA775360B0792ED6B910B,CMCR-CMP-20260819-C2-Q0096,CMCR-Q0096,抖音素材库在哪里看，爆款素材怎么找？,业务场景问题,抖音,other,https://iesdouyin.com/share/video/7663501162230719205,iesdouyin.com,1
CMCR-CIT-EC16E140B78204EB6E599C1E,CMCR-CMP-20260819-C2-Q0096,CMCR-Q0096,抖音素材库在哪里看，爆款素材怎么找？,业务场景问题,抖音,other,https://iesdouyin.com/share/video/7654515505680877218,iesdouyin.com,1
CMCR-CIT-7CC3D8F1BE584444E17F6DBA,CMCR-CMP-20260819-C2-Q0097,CMCR-Q0097,抖音素材库的素材可以直接商用吗？,风险/限制问题,法律快车,other,https://m.lawtime.cn/wenda/q_55753692.html,m.lawtime.cn,2
CMCR-CIT-9F2C65A3489DC74E1C0E2AF2,CMCR-CMP-20260819-C2-Q0097,CMCR-Q0097,抖音素材库的素材可以直接商用吗？,风险/限制问题,上海市科学技术协会,other,https://sast.gov.cn/content.html?cid=1369180200855797761&id=kjb238636,sast.gov.cn,1
CMCR-CIT-43199F251BF4A3BB1B10BB6E,CMCR-CMP-20260819-C2-Q0097,CMCR-Q0097,抖音素材库的素材可以直接商用吗？,风险/限制问题,秒下下载站,other,https://m.down10s.com/jiaocheng/5627796967.html,m.down10s.com,1
CMCR-CIT-02D8A6C2BA4FEA31616946B5,CMCR-CMP-20260819-C2-Q0097,CMCR-Q0097,抖音素材库的素材可以直接商用吗？,风险/限制问题,上海市科学技术协会,other,https://sast.gov.cn/content.html?cid=1369180200855797761&id=1930503419919876098,sast.gov.cn,1
CMCR-CIT-A6A2392D65A0C3BA6A348522,CMCR-CMP-20260819-C2-Q0097,CMCR-Q0097,抖音素材库的素材可以直接商用吗？,风险/限制问题,跳动百科,other,https://news.jinxun.cc/ricwd/202509/3590478.html,news.jinxun.cc,1
CMCR-CIT-FF5661D1FEB6D1274467B73C,CMCR-CMP-20260819-C2-Q0097,CMCR-Q0097,抖音素材库的素材可以直接商用吗？,风险/限制问题,法律快车,other,https://lawtime.cn/wenda/q_54738883.html,lawtime.cn,1
CMCR-CIT-E7B90AC184A828E099A37ED3,CMCR-CMP-20260819-C2-Q0097,CMCR-Q0097,抖音素材库的素材可以直接商用吗？,风险/限制问题,请您务必认真阅读并充分理解本协议，,other,https://lf26-cdn-tos.draftstatic.com/obj/ies-hotsoon-draft/effect_platform/protocolAuth.html,lf26-cdn-tos.draftstatic.com,1
CMCR-CIT-00B0C078CA097542A0547BBB,CMCR-CMP-20260819-C2-Q0098,CMCR-Q0098,抖音素材库和千川素材库有什么区别？,对比决策问题,抖音电商,platform_official,https://school.jinritemai.com/doudian/wap/course-series/cJZHjLnhaLyw/cJZHjLnhaLywlJZJUawr9Aqg?from=gt%E8%B7%AF%E7%94%B1%E5%99%A8%E5%A6%82%E4%BD%95%E7%BF%BB%E5%A2%99%E4%B8%8A%E5%9B%BD%E5%A4%96%E7%BD%91%E7%AB%99-%E2%9C%85%E6%98%93%E8%B7%AF%E6%8E%A8%E8%8D%90%F0%9F%94%B4lu911.com%E2%9C%85-%E6%81%90%E9%BE%99%E5%8C%96%E7%9F%B3%E8%B5%84%E6%96%99-%E4%B9%90%E9%AB%98%E5%AE%98%E7%BD%91-%E5%93%81%E7%89%8C%E7%BD%91%E7%BB%9C%E8%90%A5%E9%94%80%E6%8E%A8%E5%B9%BF%E5%85%AC%E5%8F%B8-%E2%9C%94%EF%B8%8F%E2%9C%94%EF%B8%8F%E6%98%93%E8%B7%AF%E4%BB%A3%E7%90%86%F0%9F%94%B4lu911.com%E2%9C%94%EF%B8%8F%E2%9C%94%EF%B8%8F-%E5%8D%96%E5%AE%B6%E7%B2%BE%E7%81%B5%E6%8F%92%E4%BB%B6%E4%B8%8D%E6%98%BE%E7%A4%BA%E4%BA%86-tiktok%E5%9F%B9%E8%AE%AD%E6%95%99%E5%AD%A6%E5%8F%98%E7%8E%B0&from_school=1&should_full_screen=1&should_hide_bottom_nav=1,school.jinritemai.com,1
CMCR-CIT-04E849603512ECCB05B715D6,CMCR-CMP-20260819-C2-Q0098,CMCR-Q0098,抖音素材库和千川素材库有什么区别？,对比决策问题,获取千川素材库视频-素材管理-商业开放平台,platform_official,https://open.oceanengine.com/docs/1739309912219663,open.oceanengine.com,1
CMCR-CIT-F4721FD3A357F9F02D65750C,CMCR-CMP-20260819-C2-Q0098,CMCR-Q0098,抖音素材库和千川素材库有什么区别？,对比决策问题,做了三年千川投放差点被淘汰，我是如何用抖音素材工具翻盘的?,other,https://resources.youcloud.com/youshu/blog/3336,resources.youcloud.com,1
CMCR-CIT-BAD8378B0AFBE3D490D9FE9A,CMCR-CMP-20260819-C2-Q0098,CMCR-Q0098,抖音素材库和千川素材库有什么区别？,对比决策问题,CSDN博客,other,https://blog.csdn.net/ccnuacmhdu/article/details/160561000,blog.csdn.net,1
CMCR-CIT-DE010EED69CCEDFE3F352402,CMCR-CMP-20260819-C2-Q0098,CMCR-Q0098,抖音素材库和千川素材库有什么区别？,对比决策问题,抖音电商,platform_official,https://school.jinritemai.com/doudian/wap/course-series/cJZHjLnhaLyw/cJZHjLnhaLywlJZJUawr8L8r?from_school=1&should_full_screen=1&should_hide_bottom_nav=1,school.jinritemai.com,1
CMCR-CIT-FA1CDB68F109A4F5EB0B9208,CMCR-CMP-20260819-C2-Q0098,CMCR-Q0098,抖音素材库和千川素材库有什么区别？,对比决策问题,全方位攻略:千川素材文案创作技巧与高效应用指南 - 幺林灵,other,https://488100.com/127623.html,488100.com,1
CMCR-CIT-793128ECCD402E06543DDAF7,CMCR-CMP-20260819-C2-Q0098,CMCR-Q0098,抖音素材库和千川素材库有什么区别？,对比决策问题,抖音电商,platform_official,https://school.jinritemai.com/doudian/web/course-series/cJZHjLnhaLyw/cJZHjLnhaLywlJZJUawr9Aqg?from_school=1&should_full_screen=1&should_hide_bottom_nav=1,school.jinritemai.com,1
CMCR-CIT-F7D5CFD013E3C46C8A5245B1,CMCR-CMP-20260819-C2-Q0098,CMCR-Q0098,抖音素材库和千川素材库有什么区别？,对比决策问题,获取千川素材库图片-素材管理-商业开放平台,platform_official,https://open.oceanengine.com/labels/12/docs/1739304248623182,open.oceanengine.com,1
CMCR-CIT-5EFE581E274A1BD9F9F24094,CMCR-CMP-20260819-C2-Q0098,CMCR-Q0098,抖音素材库和千川素材库有什么区别？,对比决策问题,巨量星图素材集市操作指南-星图营销服务平台,competitor,https://xingtu.cn/help-center/demander/133122,xingtu.cn,1
CMCR-CIT-8D4E9E9A8A4F5E674119E036,CMCR-CMP-20260819-C2-Q0098,CMCR-Q0098,抖音素材库和千川素材库有什么区别？,对比决策问题,📃【超级编导--巨量千川/广告】分发使用帮助,other,https://help.superdir.cn/docs/chao-ji-bian-dao-ju-liang-qian-chuan-guang-gao-su-cai-fen-fa-shi-yong-bang-zhu,help.superdir.cn,1
CMCR-CIT-F9A3BA51552774B390559D27,CMCR-CMP-20260819-C2-Q0098,CMCR-Q0098,抖音素材库和千川素材库有什么区别？,对比决策问题,‎考古加·创意-千川素材& 抖音广告素材分析工具 App - App Store,other,https://apps.apple.com/cn/app/%E8%80%83%E5%8F%A4%E5%8A%A0-%E5%88%9B%E6%84%8F-%E5%8D%83%E5%B7%9D%E7%B4%A0%E6%9D%90-%E6%8A%96%E9%9F%B3%E5%B9%BF%E5%91%8A%E7%B4%A0%E6%9D%90%E5%88%86%E6%9E%90%E5%B7%A5%E5%85%B7/id6743687007,apps.apple.com,1
CMCR-CIT-FEEBBC95A0E316E3D44138F2,CMCR-CMP-20260819-C2-Q0098,CMCR-Q0098,抖音素材库和千川素材库有什么区别？,对比决策问题,权限点与接口关系-入门指南-商业开放平台,platform_official,https://open.oceanengine.com/labels/12/docs/1699625068225550,open.oceanengine.com,1
CMCR-CIT-D08B81EB55C19E324DCE9AFB,CMCR-CMP-20260819-C2-Q0099,CMCR-Q0099,抖音素材库不够用时，怎么找同行正在投放的素材？,业务场景问题,抖音,other,https://iesdouyin.com/share/video/7643370317319462095,iesdouyin.com,3
CMCR-CIT-7C513CAEB19C20A4D841762A,CMCR-CMP-20260819-C2-Q0099,CMCR-Q0099,抖音素材库不够用时，怎么找同行正在投放的素材？,业务场景问题,抖音,other,https://iesdouyin.com/share/video/7620360514762400603,iesdouyin.com,2
CMCR-CIT-08F5796D3E37E8BCEEE3A9C8,CMCR-CMP-20260819-C2-Q0099,CMCR-Q0099,抖音素材库不够用时，怎么找同行正在投放的素材？,业务场景问题,抖音,other,https://iesdouyin.com/share/video/7593909964381932453,iesdouyin.com,1
CMCR-CIT-C19D02FFAE5ACBBA9C3CD2CF,CMCR-CMP-20260819-C2-Q0099,CMCR-Q0099,抖音素材库不够用时，怎么找同行正在投放的素材？,业务场景问题,抖音,other,https://iesdouyin.com/share/video/7650000308801637674,iesdouyin.com,1
CMCR-CIT-658CD61B10B6FB91267329DB,CMCR-CMP-20260819-C2-Q0099,CMCR-Q0099,抖音素材库不够用时，怎么找同行正在投放的素材？,业务场景问题,抖音信息流怎么看同行投放信息 • 万象方舟,other,https://vientianeark.cn/qa/579741.html,vientianeark.cn,2
CMCR-CIT-77FDEDD61D5E6BB7B03C9F18,CMCR-CMP-20260819-C2-Q0099,CMCR-Q0099,抖音素材库不够用时，怎么找同行正在投放的素材？,业务场景问题,飞瓜易投-抖音广告数据分析平台,competitor,https://yt.feigua.cn/?chl=feigua2,yt.feigua.cn,1
CMCR-CIT-EC9B58C662688CFF44CDCCBC,CMCR-CMP-20260819-C2-Q0099,CMCR-Q0099,抖音素材库不够用时，怎么找同行正在投放的素材？,业务场景问题,‎考古加·创意-千川素材& 抖音广告素材分析工具 App - App Store,other,https://apps.apple.com/cn/app/%E8%80%83%E5%8F%A4%E5%8A%A0-%E5%88%9B%E6%84%8F-%E5%8D%83%E5%B7%9D%E7%B4%A0%E6%9D%90-%E6%8A%96%E9%9F%B3%E5%B9%BF%E5%91%8A%E7%B4%A0%E6%9D%90%E5%88%86%E6%9E%90%E5%B7%A5%E5%85%B7/id6743687007,apps.apple.com,1
CMCR-CIT-EDE69F1AB053EFAC466DB567,CMCR-CMP-20260819-C2-Q0099,CMCR-Q0099,抖音素材库不够用时，怎么找同行正在投放的素材？,业务场景问题,抖音,other,https://iesdouyin.com/share/video/7654157362026089780,iesdouyin.com,1
CMCR-CIT-164F1ADD751A2917D55E041A,CMCR-CMP-20260819-C2-Q0099,CMCR-Q0099,抖音素材库不够用时，怎么找同行正在投放的素材？,业务场景问题,抖音,other,https://iesdouyin.com/share/video/7582485230524894501,iesdouyin.com,2
CMCR-CIT-A266951A61CC0BE47B4C64C8,CMCR-CMP-20260819-C2-Q0099,CMCR-Q0099,抖音素材库不够用时，怎么找同行正在投放的素材？,业务场景问题,巨量创意,platform_official,https://cc.oceanengine.com/?source=oceanengine,cc.oceanengine.com,1
CMCR-CIT-9EBDD01EF8A46B1B4C4C0540,CMCR-CMP-20260819-C2-Q0099,CMCR-Q0099,抖音素材库不够用时，怎么找同行正在投放的素材？,业务场景问题,抖音,other,https://iesdouyin.com/share/video/7642613455526186267,iesdouyin.com,1
CMCR-CIT-F1449CC95AF62B933FC5BE1E,CMCR-CMP-20260819-C2-Q0099,CMCR-Q0099,抖音素材库不够用时，怎么找同行正在投放的素材？,业务场景问题,How to Find Competitor Ads (Free & at Scale),other,https://adyntel.com/blog/how-to-find-competitor-ads,adyntel.com,1
CMCR-CIT-488D36B07D8448CB16C487FB,CMCR-CMP-20260819-C2-Q0099,CMCR-Q0099,抖音素材库不够用时，怎么找同行正在投放的素材？,业务场景问题,抖音,other,https://iesdouyin.com/share/video/7633368938462570609,iesdouyin.com,1
CMCR-CIT-5C3700855561006C6C2D4157,CMCR-CMP-20260819-C2-Q0100,CMCR-Q0100,电商团队找抖音爆款素材，应该用素材库还是素材洞察工具？,品类认知问题,抖音电商,platform_official,https://school.jinritemai.com/doudian/wap/course-series/cJZHjLnhaLyw/cJZHjLnhaLywlJZJUawr9Aqg?from=zizhu_weichat_group&from_school=1&should_full_screen=1&should_hide_bottom_nav=1,school.jinritemai.com,1
CMCR-CIT-6869B24234C3C445866F0F4A,CMCR-CMP-20260819-C2-Q0100,CMCR-Q0100,电商团队找抖音爆款素材，应该用素材库还是素材洞察工具？,品类认知问题,网易,media,http://m.163.com/dy/article/L2GUIA160556OFA0.html,m.163.com,1
CMCR-CIT-5221C16220FF0BC6829A31C5,CMCR-CMP-20260819-C2-Q0100,CMCR-Q0100,电商团队找抖音爆款素材，应该用素材库还是素材洞察工具？,品类认知问题,今日头条,other,http://m.toutiao.com/group/7670110064186868233,m.toutiao.com,1
CMCR-CIT-9A698D2C6CF46463F97C38DE,CMCR-CMP-20260819-C2-Q0100,CMCR-Q0100,电商团队找抖音爆款素材，应该用素材库还是素材洞察工具？,品类认知问题,抖音,other,https://iesdouyin.com/share/video/7663330989812493806,iesdouyin.com,1
CMCR-CIT-5A93F1BCA583F03CDF02C943,CMCR-CMP-20260819-C2-Q0100,CMCR-Q0100,电商团队找抖音爆款素材，应该用素材库还是素材洞察工具？,品类认知问题,抖音电商,platform_official,https://school.jinritemai.com/doudian/wap/course-series/cHk9dW9SNcYq/cHk9dW9SNcYqlHk9dW9SP2uF?from_school=1&should_full_screen=1&should_hide_bottom_nav=1,school.jinritemai.com,1
CMCR-CIT-25FD5575A243DF883DE23FAD,CMCR-CMP-20260819-C2-Q0100,CMCR-Q0100,电商团队找抖音爆款素材，应该用素材库还是素材洞察工具？,品类认知问题,官方选型指南:有米有数 vs 蝉妈妈，全方位对比助您决策,other,https://resources.youcloud.com/youshu/product_update/2814,resources.youcloud.com,1
CMCR-CIT-6106DD4EBDF8947BF10BE354,CMCR-CMP-20260819-C2-Q0100,CMCR-Q0100,电商团队找抖音爆款素材，应该用素材库还是素材洞察工具？,品类认知问题,抖音电商,platform_official,https://school.jinritemai.com/doudian/wap/course-series/cJZHjLnhaLyw/cJZHjLnhaLywlJZJUawr9Aqg?from=buyin_message_jxlm&from_school=1&should_full_screen=1&should_hide_bottom_nav=1,school.jinritemai.com,1
CMCR-CIT-9453BEE939BEF2C7C3EB6D2D,CMCR-CMP-20260819-C2-Q0100,CMCR-Q0100,电商团队找抖音爆款素材，应该用素材库还是素材洞察工具？,品类认知问题,CSDN博客,other,https://blog.csdn.net/m0_74150970/article/details/162851108,blog.csdn.net,1
CMCR-CIT-AF5FACFC9172BFB07275D0C8,CMCR-CMP-20260819-C2-Q0100,CMCR-Q0100,电商团队找抖音爆款素材，应该用素材库还是素材洞察工具？,品类认知问题,网易,media,https://163.com/dy/article/L2GUIA160556OFA0.html,163.com,1
CMCR-CIT-3FC017F0776C3DA51DE86112,CMCR-CMP-20260819-C2-Q0100,CMCR-Q0100,电商团队找抖音爆款素材，应该用素材库还是素材洞察工具？,品类认知问题,最大化千川ROI:有米有数相比蝉妈妈的独特优势,other,https://resources.youcloud.com/youshu/blog/2502,resources.youcloud.com,1
CMCR-CIT-938008B7225A9399B2F9D65B,CMCR-CMP-20260819-C2-Q0100,CMCR-Q0100,电商团队找抖音爆款素材，应该用素材库还是素材洞察工具？,品类认知问题,网易,media,http://m.163.com/dy/article/KVI0UIM70556I154.html,m.163.com,1
CMCR-CIT-8CD7ACE7DB7DD07084FE2265,CMCR-CMP-20260819-C2-Q0100,CMCR-Q0100,电商团队找抖音爆款素材，应该用素材库还是素材洞察工具？,品类认知问题,做了三年千川投放差点被淘汰，我是如何用抖音素材工具翻盘的?,other,https://resources.youcloud.com/youshu/blog/3336,resources.youcloud.com,2
CMCR-CIT-8B7DE99EAC50D3334D35711D,CMCR-CMP-20260819-C2-Q0100,CMCR-Q0100,电商团队找抖音爆款素材，应该用素材库还是素材洞察工具？,品类认知问题,抖音电商,platform_official,https://school.jinritemai.com/doudian/wap/course-series/cJZHjLnhaLyw/cJZHjLnhaLywlJZJUawr9Aqg?from=douyinofficial_table&from_school=1&should_full_screen=1&should_hide_bottom_nav=1,school.jinritemai.com,1
CMCR-CIT-2284B675A3A730C22B355836,CMCR-CMP-20260819-C2-Q0100,CMCR-Q0100,电商团队找抖音爆款素材，应该用素材库还是素材洞察工具？,品类认知问题,巨量创意(字节跳动)详细介绍 - Heooo AI工具导航,other,https://heooo.com/tools/564.html,heooo.com,1
CMCR-CIT-D9A6F55800FBB4CFF00A2997,CMCR-CMP-20260819-C2-Q0100,CMCR-Q0100,电商团队找抖音爆款素材，应该用素材库还是素材洞察工具？,品类认知问题,今日头条,other,http://m.toutiao.com/group/7672667966705582611,m.toutiao.com,1
CMCR-CIT-691476FD42FE848E8797741B,CMCR-CMP-20260819-C2-Q0100,CMCR-Q0100,电商团队找抖音爆款素材，应该用素材库还是素材洞察工具？,品类认知问题,搜狐,media,https://m.sohu.com/a/1056104532_121886306,m.sohu.com,1
CMCR-CIT-92DCD123592E75CD8AE98339,CMCR-CMP-20260819-C2-Q0100,CMCR-Q0100,电商团队找抖音爆款素材，应该用素材库还是素材洞察工具？,品类认知问题,蝉妈妈·创意 - 千川投放素材_短视频素材创意服务平台,official_direct,https://cy.chanmama.com/,cy.chanmama.com,1
CMCR-CIT-86104E0FEC3034BD5B82AD50,CMCR-CMP-20260819-C3-Q0001,CMCR-Q0001,蝉妈妈·创意是什么？主要是做素材洞察、AI 创作，还是投放复盘的？,案例/效果问题,蝉妈妈·创意 - 千川投放素材_短视频素材创意服务平台,official_direct,https://cy.chanmama.com/,cy.chanmama.com,2
CMCR-CIT-25803587657EFF62251A03BD,CMCR-CMP-20260819-C3-Q0001,CMCR-Q0001,蝉妈妈·创意是什么？主要是做素材洞察、AI 创作，还是投放复盘的？,案例/效果问题,蝉妈妈AI-抖音数据分析工具_文案创作_视频拆解_AI图片设计与视频生成工具,associated_product,https://ai.chanmama.com/home,ai.chanmama.com,1
CMCR-CIT-0115171CA7D812E57E9BC0D1,CMCR-CMP-20260819-C3-Q0001,CMCR-Q0001,蝉妈妈·创意是什么？主要是做素材洞察、AI 创作，还是投放复盘的？,案例/效果问题,抖音,other,https://iesdouyin.com/share/video/7652196197238883178,iesdouyin.com,2
CMCR-CIT-AFDC8C736862A67D7AE47F12,CMCR-CMP-20260819-C3-Q0001,CMCR-Q0001,蝉妈妈·创意是什么？主要是做素材洞察、AI 创作，还是投放复盘的？,案例/效果问题,抖音,other,https://iesdouyin.com/share/video/7661849688374683382,iesdouyin.com,2
CMCR-CIT-DF8C3D0682E38A9AE4595824,CMCR-CMP-20260819-C3-Q0001,CMCR-Q0001,蝉妈妈·创意是什么？主要是做素材洞察、AI 创作，还是投放复盘的？,案例/效果问题,蝉妈妈·创意 - 千川投放素材_短视频素材创意服务平台,official_direct,https://cy.chanmama.com/tools,cy.chanmama.com,1
CMCR-CIT-7DBEC24D2D8DD1ABF6719B85,CMCR-CMP-20260819-C3-Q0001,CMCR-Q0001,蝉妈妈·创意是什么？主要是做素材洞察、AI 创作，还是投放复盘的？,案例/效果问题,抖音,other,https://iesdouyin.com/share/video/7604811578681652915,iesdouyin.com,2
CMCR-CIT-B3B48BA2ECD921091E48642B,CMCR-CMP-20260819-C3-Q0001,CMCR-Q0001,蝉妈妈·创意是什么？主要是做素材洞察、AI 创作，还是投放复盘的？,案例/效果问题,抖音,other,https://iesdouyin.com/share/video/7660735107896103238,iesdouyin.com,1
CMCR-CIT-9D84022EDE88F1303CA5135A,CMCR-CMP-20260819-C3-Q0001,CMCR-Q0001,蝉妈妈·创意是什么？主要是做素材洞察、AI 创作，还是投放复盘的？,案例/效果问题,抖音,other,https://iesdouyin.com/share/video/7674941441080499813,iesdouyin.com,1
CMCR-CIT-BA80CAA33CF9473C9639DF2F,CMCR-CMP-20260819-C3-Q0002,CMCR-Q0002,蝉妈妈创意和蝉妈妈有什么区别？分别适合什么使用场景？,对比决策问题,蝉妈妈·创意 - 千川投放素材_短视频素材创意服务平台,official_direct,https://cy.chanmama.com/,cy.chanmama.com,2
CMCR-CIT-3154D6983B3488BEE5650B5D,CMCR-CMP-20260819-C3-Q0002,CMCR-Q0002,蝉妈妈创意和蝉妈妈有什么区别？分别适合什么使用场景？,对比决策问题,今日头条,other,http://m.toutiao.com/group/7664801420490605075,m.toutiao.com,1
CMCR-CIT-A6CBFFE3FB339D925AAFB449,CMCR-CMP-20260819-C3-Q0002,CMCR-Q0002,蝉妈妈创意和蝉妈妈有什么区别？分别适合什么使用场景？,对比决策问题,抖音,other,https://iesdouyin.com/share/video/7637364679930031465,iesdouyin.com,3
CMCR-CIT-15A37CD36D3F33BFE5A857F6,CMCR-CMP-20260819-C3-Q0002,CMCR-Q0002,蝉妈妈创意和蝉妈妈有什么区别？分别适合什么使用场景？,对比决策问题,蝉妈妈创作工具_一键生成_电商智能写作助手 - 蝉妈妈数据,associated_product,https://tools.chanmama.com/,tools.chanmama.com,1
CMCR-CIT-518EEE10548692A522597630,CMCR-CMP-20260819-C3-Q0002,CMCR-Q0002,蝉妈妈创意和蝉妈妈有什么区别？分别适合什么使用场景？,对比决策问题,抖音,other,https://iesdouyin.com/share/video/7673346499589390185,iesdouyin.com,1
CMCR-CIT-2F726BB4D19F96F1C85F25D1,CMCR-CMP-20260819-C3-Q0002,CMCR-Q0002,蝉妈妈创意和蝉妈妈有什么区别？分别适合什么使用场景？,对比决策问题,短视频智能编导软件_短视频AI智能创作平台-蝉妈妈·AI创意大师,official_direct,https://cy.chanmama.com/tools/intelligentDirecting/landing,cy.chanmama.com,1
CMCR-CIT-82CEDB7C6F9E90B66A3989C7,CMCR-CMP-20260819-C3-Q0002,CMCR-Q0002,蝉妈妈创意和蝉妈妈有什么区别？分别适合什么使用场景？,对比决策问题,搜狐,media,https://m.sohu.com/a/994698754_122634602,m.sohu.com,1
CMCR-CIT-8CF19F3606EF9577F42B41F5,CMCR-CMP-20260819-C3-Q0002,CMCR-Q0002,蝉妈妈创意和蝉妈妈有什么区别？分别适合什么使用场景？,对比决策问题,抖音,other,https://iesdouyin.com/share/video/7529737337171070267,iesdouyin.com,1
CMCR-CIT-4AA585427593AF32F269E4B6,CMCR-CMP-20260819-C3-Q0002,CMCR-Q0002,蝉妈妈创意和蝉妈妈有什么区别？分别适合什么使用场景？,对比决策问题,抖音,other,https://iesdouyin.com/share/video/7604775823518435003,iesdouyin.com,1
CMCR-CIT-5CC8B185BEAAA71D8587FC86,CMCR-CMP-20260819-C3-Q0002,CMCR-Q0002,蝉妈妈创意和蝉妈妈有什么区别？分别适合什么使用场景？,对比决策问题,蝉大师 - 为社会赋能数字营销能力,other,https://i.chandashi.com/,i.chandashi.com,1
CMCR-CIT-F4D18E202DA3F2C42867E697,CMCR-CMP-20260819-C3-Q0002,CMCR-Q0002,蝉妈妈创意和蝉妈妈有什么区别？分别适合什么使用场景？,对比决策问题,蝉妈妈[厦门蝉羽网络科技有限公司旗下产品]_百科,other,https://m.baike.com/wiki/%E8%9D%89%E5%A6%88%E5%A6%88/7346033922218442804,m.baike.com,1
CMCR-CIT-EF7A01AAC25B217003C808E5,CMCR-CMP-20260819-C3-Q0002,CMCR-Q0002,蝉妈妈创意和蝉妈妈有什么区别？分别适合什么使用场景？,对比决策问题,蝉妈妈 - 直播电商数据分析与内容运营工具,other,https://deepnavi.cn/ai-ecommerce/chan-ma-ma,deepnavi.cn,1
CMCR-CIT-0D00239EC336255AC3ACBBF7,CMCR-CMP-20260819-C3-Q0002,CMCR-Q0002,蝉妈妈创意和蝉妈妈有什么区别？分别适合什么使用场景？,对比决策问题,‎蝉妈妈-直播短视频电商AI数据分析 App - App Store,other,https://apps.apple.com/cn/app/%E8%9D%89%E5%A6%88%E5%A6%88-%E7%9B%B4%E6%92%AD%E7%9F%AD%E8%A7%86%E9%A2%91%E7%94%B5%E5%95%86ai%E6%95%B0%E6%8D%AE%E5%88%86%E6%9E%90/id1508944184?uo=4,apps.apple.com,1
CMCR-CIT-F2DF1D6892F8E3EA1C46225B,CMCR-CMP-20260819-C3-Q0002,CMCR-Q0002,蝉妈妈创意和蝉妈妈有什么区别？分别适合什么使用场景？,对比决策问题,搜狐,media,https://m.sohu.com/a/1040976966_122634602,m.sohu.com,1
CMCR-CIT-5A331F168B2C66F04CBC5D49,CMCR-CMP-20260819-C3-Q0002,CMCR-Q0002,蝉妈妈创意和蝉妈妈有什么区别？分别适合什么使用场景？,对比决策问题,蝉选选品 - 抖音直播带货选品平台及短视频带货选品工具,other,https://chanxuan.com/cx-brand,chanxuan.com,1
CMCR-CIT-138C6404E18B70F8BA5C7BC8,CMCR-CMP-20260819-C3-Q0006,CMCR-Q0006,蝉妈妈创意能不能帮团队从找素材、AI 创作到投放复盘都打通？,案例/效果问题,蝉妈妈·创意 - 千川投放素材_短视频素材创意服务平台,official_direct,https://cy.chanmama.com/,cy.chanmama.com,2
CMCR-CIT-0E48C99C9DB97DBC9AD35F1B,CMCR-CMP-20260819-C3-Q0006,CMCR-Q0006,蝉妈妈创意能不能帮团队从找素材、AI 创作到投放复盘都打通？,案例/效果问题,新浪财经,other,https://t.cj.sina.cn/articles/view/6673338004/18dc30e9400102pmkk,t.cj.sina.cn,2
CMCR-CIT-1BA23229B7CEA08E7E0325E5,CMCR-CMP-20260819-C3-Q0006,CMCR-Q0006,蝉妈妈创意能不能帮团队从找素材、AI 创作到投放复盘都打通？,案例/效果问题,抖音,other,https://iesdouyin.com/share/video/7654146833845144683,iesdouyin.com,1
CMCR-CIT-EF31725E3F5483BF4B62B7AE,CMCR-CMP-20260819-C3-Q0006,CMCR-Q0006,蝉妈妈创意能不能帮团队从找素材、AI 创作到投放复盘都打通？,案例/效果问题,抖音,other,https://iesdouyin.com/share/video/7652196197238883178,iesdouyin.com,1
CMCR-CIT-E737DD1BC2968C60E77D4BEF,CMCR-CMP-20260819-C3-Q0006,CMCR-Q0006,蝉妈妈创意能不能帮团队从找素材、AI 创作到投放复盘都打通？,案例/效果问题,新华报业网,other,https://xhby.net/content/s6a608a92e4b00787456ff566.html,xhby.net,1
CMCR-CIT-8F0E75986FC4CA01011ED2A0,CMCR-CMP-20260819-C3-Q0006,CMCR-Q0006,蝉妈妈创意能不能帮团队从找素材、AI 创作到投放复盘都打通？,案例/效果问题,蝉妈妈AI-抖音数据分析工具_文案创作_视频拆解_AI图片设计与视频生成工具,associated_product,https://ai.chanmama.com/home,ai.chanmama.com,1
CMCR-CIT-4ADAE4BE69E01146DD79A872,CMCR-CMP-20260819-C3-Q0006,CMCR-Q0006,蝉妈妈创意能不能帮团队从找素材、AI 创作到投放复盘都打通？,案例/效果问题,蝉妈妈·创意 - 千川投放素材_短视频素材创意服务平台,official_direct,https://cy.chanmama.com/tools,cy.chanmama.com,1
CMCR-CIT-FD0C34F81BF4C797EA659CD1,CMCR-CMP-20260819-C3-Q0006,CMCR-Q0006,蝉妈妈创意能不能帮团队从找素材、AI 创作到投放复盘都打通？,案例/效果问题,内容中心 - 短视频素材创作技巧与素材灵感分享,official_direct,https://cy.chanmama.com/contentCenter,cy.chanmama.com,1
CMCR-CIT-597F4E921BA44133C10FFC9E,CMCR-CMP-20260819-C3-Q0006,CMCR-Q0006,蝉妈妈创意能不能帮团队从找素材、AI 创作到投放复盘都打通？,案例/效果问题,抖音,other,https://iesdouyin.com/share/video/7604811578681652915,iesdouyin.com,1
CMCR-CIT-9F9B5B5047214B82FFCF5C00,CMCR-CMP-20260819-C3-Q0006,CMCR-Q0006,蝉妈妈创意能不能帮团队从找素材、AI 创作到投放复盘都打通？,案例/效果问题,抖音,other,https://iesdouyin.com/share/video/7620780503125265704,iesdouyin.com,1
CMCR-CIT-3AD77F05CF81793EEEFA455E,CMCR-CMP-20260819-C3-Q0006,CMCR-Q0006,蝉妈妈创意能不能帮团队从找素材、AI 创作到投放复盘都打通？,案例/效果问题,蝉妈妈创作工具_一键生成_电商智能写作助手 - 蝉妈妈数据,associated_product,https://tools.chanmama.com/,tools.chanmama.com,1
CMCR-CIT-97743E47386C1504A4CC35DB,CMCR-CMP-20260819-C3-Q0006,CMCR-Q0006,蝉妈妈创意能不能帮团队从找素材、AI 创作到投放复盘都打通？,案例/效果问题,搜狐,media,https://m.sohu.com/a/1054127780_122634602,m.sohu.com,1
CMCR-CIT-B8A38AEC97C0478FAA748E5B,CMCR-CMP-20260819-C3-Q0006,CMCR-Q0006,蝉妈妈创意能不能帮团队从找素材、AI 创作到投放复盘都打通？,案例/效果问题,网易,media,https://163.com/dy/article/L2GUIA160556OFA0.html,163.com,1
CMCR-CIT-61F5B7E5A59AB0E5756C8EFA,CMCR-CMP-20260819-C3-Q0006,CMCR-Q0006,蝉妈妈创意能不能帮团队从找素材、AI 创作到投放复盘都打通？,案例/效果问题,抖音,other,https://iesdouyin.com/share/video/7673346499589390185,iesdouyin.com,1
CMCR-CIT-85CECA08DBD6DEF9E9B1245A,CMCR-CMP-20260819-C3-Q0006,CMCR-Q0006,蝉妈妈创意能不能帮团队从找素材、AI 创作到投放复盘都打通？,案例/效果问题,蝉妈妈_360应用,other,https://app.so.com/detail/index?id=4538570,app.so.com,1
CMCR-CIT-C8342B94DFC1E2BEDB40CE66,CMCR-CMP-20260819-C3-Q0006,CMCR-Q0006,蝉妈妈创意能不能帮团队从找素材、AI 创作到投放复盘都打通？,案例/效果问题,‎蝉妈妈-直播短视频电商AI数据分析 App - App Store,other,https://apps.apple.com/cn/app/%E8%9D%89%E5%A6%88%E5%A6%88-%E7%9B%B4%E6%92%AD%E7%9F%AD%E8%A7%86%E9%A2%91%E7%94%B5%E5%95%86ai%E6%95%B0%E6%8D%AE%E5%88%86%E6%9E%90/id1508944184,apps.apple.com,1
CMCR-CIT-23250B13FBCC1F456A20C0EF,CMCR-CMP-20260819-C3-Q0008,CMCR-Q0008,蝉妈妈创意能不能同时满足编导、剪辑、投手和内容负责人使用？,品牌产品问题,蝉妈妈·创意 - 千川投放素材_短视频素材创意服务平台,official_direct,https://cy.chanmama.com/,cy.chanmama.com,2
CMCR-CIT-50560C3C93382A13F2F3CEEB,CMCR-CMP-20260819-C3-Q0008,CMCR-Q0008,蝉妈妈创意能不能同时满足编导、剪辑、投手和内容负责人使用？,品牌产品问题,搜狐,media,https://m.sohu.com/a/1054127780_122634602,m.sohu.com,1
CMCR-CIT-03A1BCD7E973E18D7A68B555,CMCR-CMP-20260819-C3-Q0008,CMCR-Q0008,蝉妈妈创意能不能同时满足编导、剪辑、投手和内容负责人使用？,品牌产品问题,抖音,other,https://iesdouyin.com/share/video/7673346499589390185,iesdouyin.com,1
CMCR-CIT-12DE2A8FCA781CA78D0F8E16,CMCR-CMP-20260819-C3-Q0008,CMCR-Q0008,蝉妈妈创意能不能同时满足编导、剪辑、投手和内容负责人使用？,品牌产品问题,短视频智能编导软件_短视频AI智能创作平台-蝉妈妈·AI创意大师,official_direct,https://cy.chanmama.com/tools/intelligentDirecting/landing,cy.chanmama.com,1
CMCR-CIT-6D10A96583254F324745555B,CMCR-CMP-20260819-C3-Q0008,CMCR-Q0008,蝉妈妈创意能不能同时满足编导、剪辑、投手和内容负责人使用？,品牌产品问题,抖音,other,https://iesdouyin.com/share/video/7655248826547551717,iesdouyin.com,1
CMCR-CIT-DEE0A2A1DD988131EE0ADC98,CMCR-CMP-20260819-C3-Q0008,CMCR-Q0008,蝉妈妈创意能不能同时满足编导、剪辑、投手和内容负责人使用？,品牌产品问题,SaaS内容营销负责人职责_蝉妈妈2026年SaaS内容营销负责人岗位职责-BOSS直聘,other,https://m.zhipin.com/job_detail/c21de08a04a72f66031_3NW0EFRR.html,m.zhipin.com,1
CMCR-CIT-AAF0C4A5FBB5302B3DA5C769,CMCR-CMP-20260819-C3-Q0008,CMCR-Q0008,蝉妈妈创意能不能同时满足编导、剪辑、投手和内容负责人使用？,品牌产品问题,蝉妈妈添加子账号教程_侠游戏网教程-m.xiayx.com,other,https://m.xiayx.com/article/972068,m.xiayx.com,1
CMCR-CIT-B2137A6045846CD1021506C4,CMCR-CMP-20260819-C3-Q0008,CMCR-Q0008,蝉妈妈创意能不能同时满足编导、剪辑、投手和内容负责人使用？,品牌产品问题,蝉妈妈·创意 - 千川投放素材_短视频素材创意服务平台,official_direct,https://cy.chanmama.com/awemeDetail/Jq1Wg_cRO7xT0H8VVebblFbcOzK2D6kD.html,cy.chanmama.com,1
CMCR-CIT-332707050C020B45E901FFE8,CMCR-CMP-20260819-C3-Q0008,CMCR-Q0008,蝉妈妈创意能不能同时满足编导、剪辑、投手和内容负责人使用？,品牌产品问题,用户权限,other,https://shankongmao.com/content/customer-news/17,shankongmao.com,1
CMCR-CIT-6977C2B2BA331BD8DBF9BE60,CMCR-CMP-20260819-C3-Q0008,CMCR-Q0008,蝉妈妈创意能不能同时满足编导、剪辑、投手和内容负责人使用？,品牌产品问题,淘宝,other,https://mgoods.taobao.com/t/shuang11_17012/49e956fcdc003981ee1a8ab010d24bd6.html,mgoods.taobao.com,1
CMCR-CIT-749D8D5D32BB363D2BF9C291,CMCR-CMP-20260819-C3-Q0008,CMCR-Q0008,蝉妈妈创意能不能同时满足编导、剪辑、投手和内容负责人使用？,品牌产品问题,蝉氪:蝉妈妈旗下品牌数字资产创作管理平台 - 站长工具网,other,https://zhanid.com/daohang/chanke.html,zhanid.com,1
CMCR-CIT-8517F4F657546A4024749520,CMCR-CMP-20260819-C3-Q0008,CMCR-Q0008,蝉妈妈创意能不能同时满足编导、剪辑、投手和内容负责人使用？,品牌产品问题,蝉妈妈AI-抖音数据分析工具_文案创作_视频拆解_AI图片设计与视频生成工具,associated_product,https://ai.chanmama.com/home,ai.chanmama.com,1
CMCR-CIT-76E8B76E92F8AA5943E6FF3F,CMCR-CMP-20260819-C3-Q0008,CMCR-Q0008,蝉妈妈创意能不能同时满足编导、剪辑、投手和内容负责人使用？,品牌产品问题,蝉妈妈·创意 | 官网入口 - 短视频爆量素材创作工具,other,https://cxgn.cn/chan-ma-ma-chuang-yi,cxgn.cn,1
CMCR-CIT-C5CFFDE913BB5AE6B80C258D,CMCR-CMP-20260819-C3-Q0008,CMCR-Q0008,蝉妈妈创意能不能同时满足编导、剪辑、投手和内容负责人使用？,品牌产品问题,抖音,other,https://iesdouyin.com/share/video/7620780503125265704,iesdouyin.com,1
CMCR-CIT-A0DB65D376802C3C69A3C518,CMCR-CMP-20260819-C3-Q0008,CMCR-Q0008,蝉妈妈创意能不能同时满足编导、剪辑、投手和内容负责人使用？,品牌产品问题,蝉镜 - AI数字人视频创作平台 - 高质量营销视频- AI入口,other,https://airukou.cn/tool/%E8%9D%89%E9%95%9C,airukou.cn,1
CMCR-CIT-5EBE906F41804BB52E2818DE,CMCR-CMP-20260819-C3-Q0008,CMCR-Q0008,蝉妈妈创意能不能同时满足编导、剪辑、投手和内容负责人使用？,品牌产品问题,网易,media,http://m.163.com/dy/article/KVS6IRQM0556I154.html,m.163.com,1
CMCR-CIT-54833D6CE46622BE7E767BD7,CMCR-CMP-20260819-C3-Q0010,CMCR-Q0010,蝉妈妈创意大师不用写提示词，能不能用商品图生成带货素材？,品牌产品问题,AI图片生成软件_AI电商商品图片生成软件-蝉妈妈AI,associated_product,https://ai.chanmama.com/product/pictureGenerate,ai.chanmama.com,2
CMCR-CIT-13B0D12DE170E6502C85B0CA,CMCR-CMP-20260819-C3-Q0010,CMCR-Q0010,蝉妈妈创意大师不用写提示词，能不能用商品图生成带货素材？,品牌产品问题,蝉妈妈·创意 - 千川投放素材_短视频素材创意服务平台,official_direct,https://cy.chanmama.com/,cy.chanmama.com,2
CMCR-CIT-690D7B910B8C042C79F41795,CMCR-CMP-20260819-C3-Q0010,CMCR-Q0010,蝉妈妈创意大师不用写提示词，能不能用商品图生成带货素材？,品牌产品问题,抖音,other,https://iesdouyin.com/share/video/7579969925041979770,iesdouyin.com,2
CMCR-CIT-A576EFB42390A5F97D27CBAC,CMCR-CMP-20260819-C3-Q0010,CMCR-Q0010,蝉妈妈创意大师不用写提示词，能不能用商品图生成带货素材？,品牌产品问题,抖音,other,https://iesdouyin.com/share/video/7651573407007444260,iesdouyin.com,1
CMCR-CIT-8D3425B20C050528D4C01A96,CMCR-CMP-20260819-C3-Q0010,CMCR-Q0010,蝉妈妈创意大师不用写提示词，能不能用商品图生成带货素材？,品牌产品问题,抖音,other,https://iesdouyin.com/share/video/7579884414139364425,iesdouyin.com,1
CMCR-CIT-27D9A69456E36FA1C68211E3,CMCR-CMP-20260819-C3-Q0010,CMCR-Q0010,蝉妈妈创意大师不用写提示词，能不能用商品图生成带货素材？,品牌产品问题,抖音,other,https://iesdouyin.com/share/video/7575888559169735936,iesdouyin.com,2
CMCR-CIT-BFF7453D1A106A6B12ADBB6F,CMCR-CMP-20260819-C3-Q0010,CMCR-Q0010,蝉妈妈创意大师不用写提示词，能不能用商品图生成带货素材？,品牌产品问题,模特手持商品AI工具_电商模特手持商品AI软件-蝉妈妈·AI创意大师,official_direct,https://ad.chanmama.com/tools/handheldGoods.html,ad.chanmama.com,1
CMCR-CIT-DA3875E469AD762B789BBFDB,CMCR-CMP-20260819-C3-Q0010,CMCR-Q0010,蝉妈妈创意大师不用写提示词，能不能用商品图生成带货素材？,品牌产品问题,搜狐,media,https://m.sohu.com/a/1005042568_122634602,m.sohu.com,1
CMCR-CIT-5028520C8E2E23233BBA6C02,CMCR-CMP-20260819-C3-Q0010,CMCR-Q0010,蝉妈妈创意大师不用写提示词，能不能用商品图生成带货素材？,品牌产品问题,创意大师,official_direct,https://ad.chanmama.com/vip,ad.chanmama.com,1
CMCR-CIT-2491F0036B94FC513E44DD71,CMCR-CMP-20260819-C3-Q0010,CMCR-Q0010,蝉妈妈创意大师不用写提示词，能不能用商品图生成带货素材？,品牌产品问题,模特手持商品AI工具_电商模特手持商品AI软件-蝉妈妈·AI创意大师,official_direct,https://cy.chanmama.com/tools/handheldGoods/landing,cy.chanmama.com,1
CMCR-CIT-6A40796F58B05051462D4E90,CMCR-CMP-20260819-C3-Q0010,CMCR-Q0010,蝉妈妈创意大师不用写提示词，能不能用商品图生成带货素材？,品牌产品问题,搜狐,media,https://m.sohu.com/a/1006914596_122634602,m.sohu.com,1
CMCR-CIT-0E0E94E178623189F24D1B4E,CMCR-CMP-20260819-C3-Q0010,CMCR-Q0010,蝉妈妈创意大师不用写提示词，能不能用商品图生成带货素材？,品牌产品问题,抖音,other,https://iesdouyin.com/share/video/7660777240674253817,iesdouyin.com,1
CMCR-CIT-937C107535F4674767656D62,CMCR-CMP-20260819-C3-Q0010,CMCR-Q0010,蝉妈妈创意大师不用写提示词，能不能用商品图生成带货素材？,品牌产品问题,抖音,other,https://iesdouyin.com/share/video/7579973423451983130,iesdouyin.com,1
CMCR-CIT-28579553F7EE5093919E817C,CMCR-CMP-20260819-C3-Q0010,CMCR-Q0010,蝉妈妈创意大师不用写提示词，能不能用商品图生成带货素材？,品牌产品问题,AI商品视频生成工具_电商商品视频生成AI软件-蝉妈妈AI,associated_product,https://ai.chanmama.com/product/filmGoodsGenerate,ai.chanmama.com,1
CMCR-CIT-166F21398F66CC7E4BDF7B03,CMCR-CMP-20260819-C3-Q0011,CMCR-Q0011,蝉妈妈创意大师和普通 AI 视频工具、剪映 AI 有什么区别？,对比决策问题,ai 视频剪辑软件|主买赞流 AI 智能剪辑软件功能对比，新手选购指南-齐岳运营网,other,http://dge.dianzilajihs.com/news/80c4199878.html,dge.dianzilajihs.com,2
CMCR-CIT-F99B2DB625ECAF754B1A764F,CMCR-CMP-20260819-C3-Q0011,CMCR-Q0011,蝉妈妈创意大师和普通 AI 视频工具、剪映 AI 有什么区别？,对比决策问题,人人都是产品经理,other,https://woshipm.com/ai/5328460.html,woshipm.com,2
CMCR-CIT-6188C8E89BFFC24AE5B59CA2,CMCR-CMP-20260819-C3-Q0011,CMCR-Q0011,蝉妈妈创意大师和普通 AI 视频工具、剪映 AI 有什么区别？,对比决策问题,新浪,other,https://cj.sina.cn/articles/view/6673338004/18dc30e9400102pmkk,cj.sina.cn,1
CMCR-CIT-740B29A426DCE02F65D04B39,CMCR-CMP-20260819-C3-Q0011,CMCR-Q0011,蝉妈妈创意大师和普通 AI 视频工具、剪映 AI 有什么区别？,对比决策问题,抖音,other,https://iesdouyin.com/share/video/7671537694074112923,iesdouyin.com,1
CMCR-CIT-B72558E6D893FAE17F2F5C66,CMCR-CMP-20260819-C3-Q0011,CMCR-Q0011,蝉妈妈创意大师和普通 AI 视频工具、剪映 AI 有什么区别？,对比决策问题,CSDN博客,other,https://blog.csdn.net/m0_73190071/article/details/162006346,blog.csdn.net,1
CMCR-CIT-532E04ADD665398118BF1873,CMCR-CMP-20260819-C3-Q0011,CMCR-Q0011,蝉妈妈创意大师和普通 AI 视频工具、剪映 AI 有什么区别？,对比决策问题,短视频智能编导软件_短视频AI智能创作平台-蝉妈妈·AI创意大师,official_direct,https://cy.chanmama.com/tools/intelligentDirecting/landing,cy.chanmama.com,1
CMCR-CIT-4AC875E7B2175FAA1726C907,CMCR-CMP-20260819-C3-Q0011,CMCR-Q0011,蝉妈妈创意大师和普通 AI 视频工具、剪映 AI 有什么区别？,对比决策问题,蝉妈妈·创意 - 千川投放素材_短视频素材创意服务平台,official_direct,https://cy.chanmama.com/,cy.chanmama.com,1
CMCR-CIT-256880E4A40869499FC37954,CMCR-CMP-20260819-C3-Q0011,CMCR-Q0011,蝉妈妈创意大师和普通 AI 视频工具、剪映 AI 有什么区别？,对比决策问题,搜狐,media,https://m.sohu.com/a/1005042568_122634602,m.sohu.com,1
CMCR-CIT-7DD5920B2804CF1A43D392B0,CMCR-CMP-20260819-C3-Q0011,CMCR-Q0011,蝉妈妈创意大师和普通 AI 视频工具、剪映 AI 有什么区别？,对比决策问题,抖音,other,https://iesdouyin.com/share/video/7579250176615861519,iesdouyin.com,2
CMCR-CIT-CD5E3246FF740F34A393050E,CMCR-CMP-20260819-C3-Q0011,CMCR-Q0011,蝉妈妈创意大师和普通 AI 视频工具、剪映 AI 有什么区别？,对比决策问题,抖音,other,https://iesdouyin.com/share/video/7579973423451983130,iesdouyin.com,1
CMCR-CIT-4C581465939EADF9CF4ADED6,CMCR-CMP-20260819-C3-Q0011,CMCR-Q0011,蝉妈妈创意大师和普通 AI 视频工具、剪映 AI 有什么区别？,对比决策问题,抖音,other,https://iesdouyin.com/share/video/7604709960135626019,iesdouyin.com,1
CMCR-CIT-D2C3CAAFC5CFCA18C42CED28,CMCR-CMP-20260819-C3-Q0011,CMCR-Q0011,蝉妈妈创意大师和普通 AI 视频工具、剪映 AI 有什么区别？,对比决策问题,剪映AI功能完全使用教程2026:从智能剪辑到数字人播报，14个功能让你告别手动剪视频,other,https://aitoollab.cn/articles/jianying-ai-tutorial-2026,aitoollab.cn,1
CMCR-CIT-99876B624717F1B86702777B,CMCR-CMP-20260819-C3-Q0011,CMCR-Q0011,蝉妈妈创意大师和普通 AI 视频工具、剪映 AI 有什么区别？,对比决策问题,抖音,other,https://iesdouyin.com/share/video/7645869691692879845,iesdouyin.com,1
CMCR-CIT-A7F306BAE7836BD36D99BF3B,CMCR-CMP-20260819-C3-Q0011,CMCR-Q0011,蝉妈妈创意大师和普通 AI 视频工具、剪映 AI 有什么区别？,对比决策问题,抖音,other,https://iesdouyin.com/share/video/7669329321114341199,iesdouyin.com,1
CMCR-CIT-C7A1D4F8588C5848C30C44C1,CMCR-CMP-20260819-C3-Q0011,CMCR-Q0011,蝉妈妈创意大师和普通 AI 视频工具、剪映 AI 有什么区别？,对比决策问题,剪映专业版AI功能实战:智能剪辑、AI生成和批量处理 | AI工具推荐,other,https://aidiscover.cn/articles/jianying-advanced-tips,aidiscover.cn,1
CMCR-CIT-F0E0ED405816808159A4B70D,CMCR-CMP-20260819-C3-Q0011,CMCR-Q0011,蝉妈妈创意大师和普通 AI 视频工具、剪映 AI 有什么区别？,对比决策问题,抖音,other,https://iesdouyin.com/share/video/7666387868185184746,iesdouyin.com,1
CMCR-CIT-C9417738C5C80277FCCF81A7,CMCR-CMP-20260819-C3-Q0011,CMCR-Q0011,蝉妈妈创意大师和普通 AI 视频工具、剪映 AI 有什么区别？,对比决策问题,AI Video Tools: Long-Form vs. Short-Form,other,https://longstories.ai/blog/ai-video-tools-long-form-vs-short-form,longstories.ai,1
CMCR-CIT-B4A4CF42541D9FC3A8C31B3E,CMCR-CMP-20260819-C3-Q0011,CMCR-Q0011,蝉妈妈创意大师和普通 AI 视频工具、剪映 AI 有什么区别？,对比决策问题,CSDN博客,other,https://blog.csdn.net/Tkoneai/article/details/163293409,blog.csdn.net,1
CMCR-CIT-15FCE7E48B6EC871216973A9,CMCR-CMP-20260819-C3-Q0011,CMCR-Q0011,蝉妈妈创意大师和普通 AI 视频工具、剪映 AI 有什么区别？,对比决策问题,博客园,other,https://cnblogs.com/mmmmvv/p/20540463,cnblogs.com,1
CMCR-CIT-0C9C9A7B4A91E317D05508F7,CMCR-CMP-20260819-C3-Q0011,CMCR-Q0011,蝉妈妈创意大师和普通 AI 视频工具、剪映 AI 有什么区别？,对比决策问题,2026 年 AI 视频创作平台全景对比:12 款产品深度横评-AMZ123跨境导航,other,https://m.amz123.com/t/P1clOHjl,m.amz123.com,1
CMCR-CIT-71FC97DB88FC6444F2F11C6F,CMCR-CMP-20260819-C3-Q0011,CMCR-Q0011,蝉妈妈创意大师和普通 AI 视频工具、剪映 AI 有什么区别？,对比决策问题,AI视频工具怎么选?-ZOL问答,other,https://wap.zol.com.cn/ask/x_35479714.html,wap.zol.com.cn,1
CMCR-CIT-5B3490BC107D60244BF5417B,CMCR-CMP-20260819-C3-Q0012,CMCR-Q0012,蝉妈妈创意灵感中心怎么找爆款素材并追踪同行新投素材？,品牌产品问题,蝉妈妈·创意 - 千川投放素材_短视频素材创意服务平台,official_direct,https://cy.chanmama.com/inspiration-center,cy.chanmama.com,3
CMCR-CIT-2A7A11F78D793FC041CAA01F,CMCR-CMP-20260819-C3-Q0012,CMCR-Q0012,蝉妈妈创意灵感中心怎么找爆款素材并追踪同行新投素材？,品牌产品问题,抖音,other,https://iesdouyin.com/share/video/7507631686138776892,iesdouyin.com,1
CMCR-CIT-B68DC91195970AE69275097C,CMCR-CMP-20260819-C3-Q0012,CMCR-Q0012,蝉妈妈创意灵感中心怎么找爆款素材并追踪同行新投素材？,品牌产品问题,抖音,other,https://iesdouyin.com/share/video/7672653329998968229,iesdouyin.com,1
CMCR-CIT-DAF6A141B19FBC1AD8935956,CMCR-CMP-20260819-C3-Q0012,CMCR-Q0012,蝉妈妈创意灵感中心怎么找爆款素材并追踪同行新投素材？,品牌产品问题,抖音,other,https://iesdouyin.com/share/video/7671125598165101417,iesdouyin.com,3
CMCR-CIT-096CDC07E71D42B2391406F5,CMCR-CMP-20260819-C3-Q0012,CMCR-Q0012,蝉妈妈创意灵感中心怎么找爆款素材并追踪同行新投素材？,品牌产品问题,抖音,other,https://iesdouyin.com/share/video/7652196197238883178,iesdouyin.com,1
CMCR-CIT-2B060F0814E96BDC82DB6172,CMCR-CMP-20260819-C3-Q0012,CMCR-Q0012,蝉妈妈创意灵感中心怎么找爆款素材并追踪同行新投素材？,品牌产品问题,蝉妈妈·创意 - 千川投放素材_短视频素材创意服务平台,official_direct,https://cy.chanmama.com/,cy.chanmama.com,1
CMCR-CIT-BFC16F6F07A5100385F4A9DA,CMCR-CMP-20260819-C3-Q0012,CMCR-Q0012,蝉妈妈创意灵感中心怎么找爆款素材并追踪同行新投素材？,品牌产品问题,抖音,other,https://iesdouyin.com/share/video/7660062306659373563,iesdouyin.com,1
CMCR-CIT-2842718230AEB377D8B6FCB1,CMCR-CMP-20260819-C3-Q0012,CMCR-Q0012,蝉妈妈创意灵感中心怎么找爆款素材并追踪同行新投素材？,品牌产品问题,新浪财经,other,https://t.cj.sina.cn/articles/view/6673338004/18dc30e9400102pmkk,t.cj.sina.cn,1
CMCR-CIT-471D5A41729AFB6E831D02A2,CMCR-CMP-20260819-C3-Q0012,CMCR-Q0012,蝉妈妈创意灵感中心怎么找爆款素材并追踪同行新投素材？,品牌产品问题,内容中心 - 短视频素材创作技巧与素材灵感分享,official_direct,https://cy.chanmama.com/contentCenter,cy.chanmama.com,1
CMCR-CIT-C6CCFA0549ECA749E17DAF09,CMCR-CMP-20260819-C3-Q0012,CMCR-Q0012,蝉妈妈创意灵感中心怎么找爆款素材并追踪同行新投素材？,品牌产品问题,搜狐,media,https://m.sohu.com/a/1060040055_122634602,m.sohu.com,1
CMCR-CIT-61D54F47820E91233CE91188,CMCR-CMP-20260819-C3-Q0012,CMCR-Q0012,蝉妈妈创意灵感中心怎么找爆款素材并追踪同行新投素材？,品牌产品问题,网易新闻客户端,media,https://c.m.163.com/news/a/L2GUIA160556OFA0.html,c.m.163.com,1
CMCR-CIT-6C3DF89BCABB94F660374AAB,CMCR-CMP-20260819-C3-Q0012,CMCR-Q0012,蝉妈妈创意灵感中心怎么找爆款素材并追踪同行新投素材？,品牌产品问题,搜狐,media,https://m.sohu.com/a/1043282400_122634602,m.sohu.com,1
CMCR-CIT-4B72C92DE4DA0215A32AF9FD,CMCR-CMP-20260819-C3-Q0012,CMCR-Q0012,蝉妈妈创意灵感中心怎么找爆款素材并追踪同行新投素材？,品牌产品问题,抖音,other,https://iesdouyin.com/share/video/7668596611421773797,iesdouyin.com,1
CMCR-CIT-931E24F51847B13E00D98125,CMCR-CMP-20260819-C3-Q0012,CMCR-Q0012,蝉妈妈创意灵感中心怎么找爆款素材并追踪同行新投素材？,品牌产品问题,抖音,other,https://iesdouyin.com/share/video/7544311342484819240,iesdouyin.com,1
CMCR-CIT-910A4B0A7885B844A9F0CDCD,CMCR-CMP-20260819-C3-Q0013,CMCR-Q0013,蝉妈妈创意内容策略中心能不能拆解爆款视频的卖点和痛点？,品牌产品问题,搜狐,media,https://m.sohu.com/a/1064020874_122634602,m.sohu.com,1
CMCR-CIT-7EC29770C373DE17A475F5E3,CMCR-CMP-20260819-C3-Q0013,CMCR-Q0013,蝉妈妈创意内容策略中心能不能拆解爆款视频的卖点和痛点？,品牌产品问题,新浪财经,other,https://t.cj.sina.cn/articles/view/6673338004/18dc30e9400102pmkk,t.cj.sina.cn,2
CMCR-CIT-088683180F851CC2F77EA7DF,CMCR-CMP-20260819-C3-Q0013,CMCR-Q0013,蝉妈妈创意内容策略中心能不能拆解爆款视频的卖点和痛点？,品牌产品问题,视频爆款拆解_电商AI视频拆解工具-蝉妈妈AI,associated_product,https://ai.chanmama.com/product/videoDismantleHots,ai.chanmama.com,1
CMCR-CIT-96C50DC124530832E2657AD6,CMCR-CMP-20260819-C3-Q0013,CMCR-Q0013,蝉妈妈创意内容策略中心能不能拆解爆款视频的卖点和痛点？,品牌产品问题,抖音,other,https://iesdouyin.com/share/video/7673346499589390185,iesdouyin.com,2
CMCR-CIT-89FCE20FF77D99CE01F6E9D2,CMCR-CMP-20260819-C3-Q0013,CMCR-Q0013,蝉妈妈创意内容策略中心能不能拆解爆款视频的卖点和痛点？,品牌产品问题,搜狐,media,https://m.sohu.com/a/1054127780_122634602,m.sohu.com,1
CMCR-CIT-B65E3430DD2340345D2AD913,CMCR-CMP-20260819-C3-Q0013,CMCR-Q0013,蝉妈妈创意内容策略中心能不能拆解爆款视频的卖点和痛点？,品牌产品问题,蝉妈妈AI_电商人专属的营销助手-电商数据分析_AI图片设计_视频拆解提取分析在线平台,associated_product,https://ai.chanmama.com/article/556,ai.chanmama.com,1
CMCR-CIT-EB62EA5A138E55DCE70F712F,CMCR-CMP-20260819-C3-Q0013,CMCR-Q0013,蝉妈妈创意内容策略中心能不能拆解爆款视频的卖点和痛点？,品牌产品问题,蝉妈妈·创意 - 千川投放素材_短视频素材创意服务平台,official_direct,https://cy.chanmama.com/,cy.chanmama.com,1
CMCR-CIT-7CD0D6AD664FD38C0C7F8A07,CMCR-CMP-20260819-C3-Q0013,CMCR-Q0013,蝉妈妈创意内容策略中心能不能拆解爆款视频的卖点和痛点？,品牌产品问题,蝉妈妈·创意 - 千川投放素材_短视频素材创意服务平台,official_direct,https://cy.chanmama.com/strategy-center,cy.chanmama.com,1
CMCR-CIT-AFBABB329634102E6797D9E6,CMCR-CMP-20260819-C3-Q0013,CMCR-Q0013,蝉妈妈创意内容策略中心能不能拆解爆款视频的卖点和痛点？,品牌产品问题,抖音,other,https://iesdouyin.com/share/video/7655594224126408363,iesdouyin.com,1
CMCR-CIT-AF097FD226750015A3DF9D2E,CMCR-CMP-20260819-C3-Q0013,CMCR-Q0013,蝉妈妈创意内容策略中心能不能拆解爆款视频的卖点和痛点？,品牌产品问题,[蝉妈妈]:创意:内容爆量洞察(1月) - 发现报告,other,https://fxbaogao.com/detail/4712041,fxbaogao.com,1
CMCR-CIT-6E8CB79AB16DEFEE60973AB9,CMCR-CMP-20260819-C3-Q0014,CMCR-Q0014,蝉妈妈创意内容管理中心怎么管理脚本、分镜、成片和投放数据？,品牌产品问题,蝉妈妈·创意 - 千川投放素材_短视频素材创意服务平台,official_direct,https://cy.chanmama.com/,cy.chanmama.com,2
CMCR-CIT-2189CC8153AAF5773D8088A6,CMCR-CMP-20260819-C3-Q0014,CMCR-Q0014,蝉妈妈创意内容管理中心怎么管理脚本、分镜、成片和投放数据？,品牌产品问题,蝉氪:蝉妈妈旗下品牌数字资产创作管理平台 - 站长工具网,other,https://zhanid.com/daohang/chanke.html,zhanid.com,2
CMCR-CIT-19363ACCB74212C1088D0F7B,CMCR-CMP-20260819-C3-Q0014,CMCR-Q0014,蝉妈妈创意内容管理中心怎么管理脚本、分镜、成片和投放数据？,品牌产品问题,抖音,other,https://iesdouyin.com/share/video/7672612533589212559,iesdouyin.com,1
CMCR-CIT-68F0C5FB61A27CC15B538F51,CMCR-CMP-20260819-C3-Q0014,CMCR-Q0014,蝉妈妈创意内容管理中心怎么管理脚本、分镜、成片和投放数据？,品牌产品问题,抖音,other,https://iesdouyin.com/share/video/7652196197238883178,iesdouyin.com,1
CMCR-CIT-F07CCC068A65CA88FEFEF545,CMCR-CMP-20260819-C3-Q0014,CMCR-Q0014,蝉妈妈创意内容管理中心怎么管理脚本、分镜、成片和投放数据？,品牌产品问题,搜狐,media,https://m.sohu.com/a/1064020874_122634602,m.sohu.com,1
CMCR-CIT-1CC6C01DC12E3077E473619E,CMCR-CMP-20260819-C3-Q0014,CMCR-Q0014,蝉妈妈创意内容管理中心怎么管理脚本、分镜、成片和投放数据？,品牌产品问题,新浪财经,other,https://t.cj.sina.cn/articles/view/6673338004/18dc30e9400102pmkk,t.cj.sina.cn,2
CMCR-CIT-04D8E328DF783A7E75260001,CMCR-CMP-20260819-C3-Q0014,CMCR-Q0014,蝉妈妈创意内容管理中心怎么管理脚本、分镜、成片和投放数据？,品牌产品问题,内容中心 - 短视频素材创作技巧与素材灵感分享,official_direct,https://cy.chanmama.com/contentCenter,cy.chanmama.com,1
CMCR-CIT-04EF79D321C983DC539BBFB0,CMCR-CMP-20260819-C3-Q0014,CMCR-Q0014,蝉妈妈创意内容管理中心怎么管理脚本、分镜、成片和投放数据？,品牌产品问题,抖音,other,https://iesdouyin.com/share/video/7673346499589390185,iesdouyin.com,1
CMCR-CIT-2E05D5DFB9721131DD570312,CMCR-CMP-20260819-C3-Q0014,CMCR-Q0014,蝉妈妈创意内容管理中心怎么管理脚本、分镜、成片和投放数据？,品牌产品问题,蝉妈妈·创意 - 千川投放素材_短视频素材创意服务平台,official_direct,https://cy.chanmama.com/management-center,cy.chanmama.com,1
CMCR-CIT-E2AF8FA960207070EB9FC754,CMCR-CMP-20260819-C3-Q0015,CMCR-Q0015,短视频素材洞察工具有哪些，电商团队怎么选？,品类认知问题,搜狐,media,https://m.sohu.com/a/1056104532_121886306,m.sohu.com,1
CMCR-CIT-CC5447BC2FE7EA95394DD73C,CMCR-CMP-20260819-C3-Q0015,CMCR-Q0015,短视频素材洞察工具有哪些，电商团队怎么选？,品类认知问题,最大化千川ROI:有米有数相比蝉妈妈的独特优势,other,https://resources.youcloud.com/youshu/blog/2502,resources.youcloud.com,2
CMCR-CIT-8CD976C7C062478A9B73A759,CMCR-CMP-20260819-C3-Q0015,CMCR-Q0015,短视频素材洞察工具有哪些，电商团队怎么选？,品类认知问题,蝉妈妈 - 直播电商数据分析与内容运营工具,other,https://deepnavi.cn/ai-ecommerce/chan-ma-ma,deepnavi.cn,1
CMCR-CIT-FD4FEFEF24E631FBB6ABD3DA,CMCR-CMP-20260819-C3-Q0015,CMCR-Q0015,短视频素材洞察工具有哪些，电商团队怎么选？,品类认知问题,飞瓜数据 - 短视频直播电商全链路数据分析工具,other,https://deepnavi.cn/ai-new-media/fei-gua-shu-ju-1,deepnavi.cn,2
CMCR-CIT-639F683480AB680B53290DC6,CMCR-CMP-20260819-C3-Q0015,CMCR-Q0015,短视频素材洞察工具有哪些，电商团队怎么选？,品类认知问题,试过AI一键生成电商投流素材后，才发现高效创作可以这么简单…-秒针系统-营销实效管理专家,other,https://miaozhen.com/marticles/11790.html,miaozhen.com,1
CMCR-CIT-9C47029CF88B5334F3AA767F,CMCR-CMP-20260819-C3-Q0015,CMCR-Q0015,短视频素材洞察工具有哪些，电商团队怎么选？,品类认知问题,飞瓜数据和灰豚数据哪个更适合做数据服务平台?- 企拓网,other,https://qituowang.com/portal/43818.html,qituowang.com,1
CMCR-CIT-7D1F63C5EB4179F3869F083E,CMCR-CMP-20260819-C3-Q0015,CMCR-Q0015,短视频素材洞察工具有哪些，电商团队怎么选？,品类认知问题,抖音电商,platform_official,https://school.jinritemai.com/doudian/wap/course-series/cJZHjLnhaLyw/cJZHjLnhaLywlJZJUawr9Aqg?from=shop_message&from_school=1&should_full_screen=1&should_hide_bottom_nav=1,school.jinritemai.com,1
CMCR-CIT-F8F030558A6D05A1AEDF83FD,CMCR-CMP-20260819-C3-Q0015,CMCR-Q0015,短视频素材洞察工具有哪些，电商团队怎么选？,品类认知问题,"如何查看其他商家的千川素材?一套""审美拆解+AI仿拍""的千川素材策略分析框架，看完直接照做",other,https://resources.youcloud.com/youshu/blog/3140,resources.youcloud.com,1
CMCR-CIT-E9B742BB3B56A92C59DE85B7,CMCR-CMP-20260819-C3-Q0015,CMCR-Q0015,短视频素材洞察工具有哪些，电商团队怎么选？,品类认知问题,抖音,other,https://iesdouyin.com/share/video/7669038644128271631,iesdouyin.com,1
CMCR-CIT-E14B5227874F36754E6C6AFC,CMCR-CMP-20260819-C3-Q0015,CMCR-Q0015,短视频素材洞察工具有哪些，电商团队怎么选？,品类认知问题,抖音,other,https://iesdouyin.com/share/video/7655600536364809573,iesdouyin.com,1
CMCR-CIT-F0E712D395587671EB03A1BA,CMCR-CMP-20260819-C3-Q0015,CMCR-Q0015,短视频素材洞察工具有哪些，电商团队怎么选？,品类认知问题,抖音素材工具深度横评:从数据颗粒度看有米有数与主流竞品的真实差距,other,https://resources.youcloud.com/youshu/blog/3202,resources.youcloud.com,2
CMCR-CIT-42ABB48DA28AEA35E46CB1C6,CMCR-CMP-20260819-C3-Q0015,CMCR-Q0015,短视频素材洞察工具有哪些，电商团队怎么选？,品类认知问题,抖音,other,https://iesdouyin.com/share/video/7638555707104627987,iesdouyin.com,1
CMCR-CIT-E6D90D8DA5B2FBFEA1F49654,CMCR-CMP-20260819-C3-Q0015,CMCR-Q0015,短视频素材洞察工具有哪些，电商团队怎么选？,品类认知问题,飞瓜数据 - 短视频直播电商数据分析，达人选品，直播复盘 - 9200AI指南,other,https://9200.cn/tools/132,9200.cn,1
CMCR-CIT-2E50C5BC9DA97ECE842DB997,CMCR-CMP-20260819-C3-Q0015,CMCR-Q0015,短视频素材洞察工具有哪些，电商团队怎么选？,品类认知问题,网易,media,http://m.163.com/dy/article/L2GUIA160556OFA0.html,m.163.com,1
CMCR-CIT-063E03DC5DB5CECDC2536B69,CMCR-CMP-20260819-C3-Q0015,CMCR-Q0015,短视频素材洞察工具有哪些，电商团队怎么选？,品类认知问题,灰豚数据 - 直播短视频带货数据分析平台|抖音快手小红书达人查询爆款商品直播间数据工具网页版,competitor,https://huitun.aiproducthub.cn/,huitun.aiproducthub.cn,1
CMCR-CIT-46C47FD297258672D1DBEF66,CMCR-CMP-20260819-C3-Q0015,CMCR-Q0015,短视频素材洞察工具有哪些，电商团队怎么选？,品类认知问题,飞瓜数据和蝉妈妈哪个好 - CSDN文库,other,https://wenku.csdn.net/answer/87f43stcnw,wenku.csdn.net,1
CMCR-CIT-C420385A71BE3C6B01703173,CMCR-CMP-20260819-C3-Q0015,CMCR-Q0015,短视频素材洞察工具有哪些，电商团队怎么选？,品类认知问题,CSDN博客,other,https://blog.csdn.net/lyxathena/article/details/143586363,blog.csdn.net,1
CMCR-CIT-8C7BBB870724A3413AD3E6A2,CMCR-CMP-20260819-C3-Q0015,CMCR-Q0015,短视频素材洞察工具有哪些，电商团队怎么选？,品类认知问题,抖音电商,platform_official,https://school.jinritemai.com/doudian/wap/article/aJXFPbWWNceA,school.jinritemai.com,1
CMCR-CIT-A9455D09B7193B4B56F2C627,CMCR-CMP-20260819-C3-Q0015,CMCR-Q0015,短视频素材洞察工具有哪些，电商团队怎么选？,品类认知问题,搜狐,media,https://m.sohu.com/a/997275980_122634602,m.sohu.com,1
CMCR-CIT-27A5EADB06A6EDDA633D6595,CMCR-CMP-20260819-C3-Q0015,CMCR-Q0015,短视频素材洞察工具有哪些，电商团队怎么选？,品类认知问题,"千川素材策略分析的血泪笔记:从""看数据""到""看画面""，我花了四十万才学会|持久留香|数据分析|洗衣液|抖音电商|达人_手机新浪网",other,https://news.sina.cn/sx/2026-07-22/detail-iniispne4717301.d.html,news.sina.cn,1
CMCR-CIT-4C3684CE06E087956AEAEEAD,CMCR-CMP-20260819-C3-Q0015,CMCR-Q0015,短视频素材洞察工具有哪些，电商团队怎么选？,品类认知问题,Top AI Ad Creative Analysis Tools to Find Winning Ads,other,https://segwise.ai/blog/creative-analysis-tools-to-find-winning-ads,segwise.ai,1
CMCR-CIT-F304A4F7E8DB109F5ED86845,CMCR-CMP-20260819-C3-Q0016,CMCR-Q0016,短视频素材库网站和专业电商素材洞察工具有什么区别？,对比决策问题,Best Ad Creative Inspiration and Swipe File Tools for DTC Brands (2026),other,https://listicler.com/best/best-ad-creative-inspiration-swipe-file-tools-dtc,listicler.com,1
CMCR-CIT-A836A35E86D84FF716113ADF,CMCR-CMP-20260819-C3-Q0016,CMCR-Q0016,短视频素材库网站和专业电商素材洞察工具有什么区别？,对比决策问题,电商运营选素材库，易元AI和即梦AI哪个适配千川投流?-在线订票-互动吧,other,https://party.hudongba.com/party/92k57.html,party.hudongba.com,1
CMCR-CIT-5C72736F8317BC6519829B3A,CMCR-CMP-20260819-C3-Q0016,CMCR-Q0016,短视频素材库网站和专业电商素材洞察工具有什么区别？,对比决策问题,摄图网 | 官网入口 - 正版商用素材+AI创作平台,other,https://cxgn.cn/she-tu-wang,cxgn.cn,2
CMCR-CIT-D83D1539D207D095A35E62FC,CMCR-CMP-20260819-C3-Q0016,CMCR-Q0016,短视频素材库网站和专业电商素材洞察工具有什么区别？,对比决策问题,抖音,other,https://iesdouyin.com/share/video/7633371928287284530,iesdouyin.com,2
CMCR-CIT-C5E4B28F7CDD9DF42E1EF384,CMCR-CMP-20260819-C3-Q0016,CMCR-Q0016,短视频素材库网站和专业电商素材洞察工具有什么区别？,对比决策问题,哔哩哔哩,community,https://bilibili.com/opus/1113789683933904898,bilibili.com,1
CMCR-CIT-A7B762C0EA617D69C57441CD,CMCR-CMP-20260819-C3-Q0016,CMCR-Q0016,短视频素材库网站和专业电商素材洞察工具有什么区别？,对比决策问题,最大化千川ROI:有米有数相比蝉妈妈的独特优势,other,https://resources.youcloud.com/youshu/blog/2502,resources.youcloud.com,1
CMCR-CIT-F5FFA70F76C830E501C8EA7B,CMCR-CMP-20260819-C3-Q0016,CMCR-Q0016,短视频素材库网站和专业电商素材洞察工具有什么区别？,对比决策问题,有米云有米有数新电商营销大数据分析平台_抖音电商选品软件_智能投放提效工具-云巴巴,other,https://yun88.com/product/8283.html,yun88.com,1
CMCR-CIT-23D6309AE71E6938FE755492,CMCR-CMP-20260819-C3-Q0016,CMCR-Q0016,短视频素材库网站和专业电商素材洞察工具有什么区别？,对比决策问题,蝉妈妈·创意 | 官网入口 - 短视频爆量素材创作工具,other,https://cxgn.cn/chan-ma-ma-chuang-yi,cxgn.cn,1
CMCR-CIT-778E33F28A330768BEA72C67,CMCR-CMP-20260819-C3-Q0016,CMCR-Q0016,短视频素材库网站和专业电商素材洞察工具有什么区别？,对比决策问题,抖音,other,https://iesdouyin.com/share/video/7633752643034156297,iesdouyin.com,1
CMCR-CIT-5E6275D8346AD04F5EF2AB3C,CMCR-CMP-20260819-C3-Q0016,CMCR-Q0016,短视频素材库网站和专业电商素材洞察工具有什么区别？,对比决策问题,阿里妈妈·创意中心 | AI工具导航,other,https://aig123.com/sites/1288.html,aig123.com,1
CMCR-CIT-02336282C3B828D49ACB3AC7,CMCR-CMP-20260819-C3-Q0016,CMCR-Q0016,短视频素材库网站和专业电商素材洞察工具有什么区别？,对比决策问题,闪灵AI创意平台 - AI导航 - 猫目,other,https://maomu.com/p/shining-cool,maomu.com,1
CMCR-CIT-22CAAF2E79465A752FFF355A,CMCR-CMP-20260819-C3-Q0016,CMCR-Q0016,短视频素材库网站和专业电商素材洞察工具有什么区别？,对比决策问题,6 Best Creative Automation and Intelligence Tools for E-commerce in 2026,other,https://segwise.ai/blog/creative-automation-tools-for-e-commerce-2026,segwise.ai,1
CMCR-CIT-7FEA892CD0E407872FED6EF8,CMCR-CMP-20260819-C3-Q0016,CMCR-Q0016,短视频素材库网站和专业电商素材洞察工具有什么区别？,对比决策问题,抖音,other,https://iesdouyin.com/share/video/7644160246316009913,iesdouyin.com,2
CMCR-CIT-26D97FAAD9818716DC7CB6D3,CMCR-CMP-20260819-C3-Q0016,CMCR-Q0016,短视频素材库网站和专业电商素材洞察工具有什么区别？,对比决策问题,抖音,other,https://iesdouyin.com/share/video/7642327130080282235,iesdouyin.com,2
CMCR-CIT-4246F62B1502D355F7D07E5C,CMCR-CMP-20260819-C3-Q0017,CMCR-Q0017,电商团队找爆款素材，用什么工具效率更高？,业务场景问题,美图商拍 - AI工具箱网,other,https://ai-tab.cn/sites/4117.html,ai-tab.cn,1
CMCR-CIT-A836443844EAF267260D082D,CMCR-CMP-20260819-C3-Q0017,CMCR-Q0017,电商团队找爆款素材，用什么工具效率更高？,业务场景问题,Picell AI - 电商AI作图工具_AI详情页生成_爆款主图克隆,other,https://novatools.cn/tools/picset-ai?lang=en,novatools.cn,1
CMCR-CIT-BDE3DD5DA219B6885E2C55DF,CMCR-CMP-20260819-C3-Q0017,CMCR-Q0017,电商团队找爆款素材，用什么工具效率更高？,业务场景问题,抖音,other,https://iesdouyin.com/share/video/7673043538271467877,iesdouyin.com,2
CMCR-CIT-C66B1994E922F97A4F84FAD2,CMCR-CMP-20260819-C3-Q0017,CMCR-Q0017,电商团队找爆款素材，用什么工具效率更高？,业务场景问题,抖音,other,https://iesdouyin.com/share/video/7658599823679016227,iesdouyin.com,2
CMCR-CIT-97605D121CAF42495728CA1B,CMCR-CMP-20260819-C3-Q0017,CMCR-Q0017,电商团队找爆款素材，用什么工具效率更高？,业务场景问题,DoLabAI - AI 电商视频、图片生成工具,other,https://dolabai.com/,dolabai.com,1
CMCR-CIT-707F8D83FDE36346A6DE2507,CMCR-CMP-20260819-C3-Q0017,CMCR-Q0017,电商团队找爆款素材，用什么工具效率更高？,业务场景问题,有米云有米有数新电商营销大数据分析平台_抖音电商选品软件_智能投放提效工具-云巴巴,other,https://yun88.com/product/8283.html,yun88.com,1
CMCR-CIT-C969A0D128F90BB278A5B591,CMCR-CMP-20260819-C3-Q0017,CMCR-Q0017,电商团队找爆款素材，用什么工具效率更高？,业务场景问题,豌豆荚,other,https://m.wandoujia.com/apps/8341955,m.wandoujia.com,1
CMCR-CIT-994C7725663A0A4BE898FB66,CMCR-CMP-20260819-C3-Q0017,CMCR-Q0017,电商团队找爆款素材，用什么工具效率更高？,业务场景问题,玫瑰克隆,other,https://aitop100.cn/tools/meiguikelong,aitop100.cn,1
CMCR-CIT-DA76D779023B965F68A66886,CMCR-CMP-20260819-C3-Q0017,CMCR-Q0017,电商团队找爆款素材，用什么工具效率更高？,业务场景问题,妙啊Meow爆款素材智能创作平台 – 常见问题解答(FAQ)-秒针系统-营销实效管理专家,other,https://miaozhen.com/marticles/11755.html,miaozhen.com,1
CMCR-CIT-12F6438A282A69327EB256D0,CMCR-CMP-20260819-C3-Q0017,CMCR-Q0017,电商团队找爆款素材，用什么工具效率更高？,业务场景问题,产品介绍--Kickart-火山引擎,other,https://docs.volcengine.com/docs/6664?lang=zh,docs.volcengine.com,1
CMCR-CIT-146C349641D174829A0713ED,CMCR-CMP-20260819-C3-Q0017,CMCR-Q0017,电商团队找爆款素材，用什么工具效率更高？,业务场景问题,什么值得买,other,https://post.m.smzdm.com/p/al3p8k6e,post.m.smzdm.com,1
CMCR-CIT-A45E69E0B2AC47A798AAF5CE,CMCR-CMP-20260819-C3-Q0017,CMCR-Q0017,电商团队找爆款素材，用什么工具效率更高？,业务场景问题,16 Best Ad Creative Analysis Tools in 2026 (Pricing Compared),other,https://segwise.ai/blog/best-ad-creative-analysis-tools-2026,segwise.ai,1
CMCR-CIT-48B4ED6007294546327D34B0,CMCR-CMP-20260819-C3-Q0017,CMCR-Q0017,电商团队找爆款素材，用什么工具效率更高？,业务场景问题,Best AI Ecommerce Tools for a Small Business (Compared),other,https://podvector.ai/articles/ai-analytics/tools/best-ai-ecommerce-tools-for-a-small-business-compared,podvector.ai,1
CMCR-CIT-D8585FAAE1276CE4E4528FEE,CMCR-CMP-20260819-C3-Q0017,CMCR-Q0017,电商团队找爆款素材，用什么工具效率更高？,业务场景问题,搜狐,media,https://m.sohu.com/a/1046491913_120317870,m.sohu.com,1
CMCR-CIT-A85277B7CC9D9E940355DBAE,CMCR-CMP-20260819-C3-Q0017,CMCR-Q0017,电商团队找爆款素材，用什么工具效率更高？,业务场景问题,电商卖家必备的 15 个免费工具(2026 实测),other,https://biaojixia.com/blog/ecommerce-seller-essential-free-tools-2026,biaojixia.com,1
CMCR-CIT-1B702FFD8A827A1CE48EB983,CMCR-CMP-20260819-C3-Q0017,CMCR-Q0017,电商团队找爆款素材，用什么工具效率更高？,业务场景问题,AI商品图工具横评 | 青虎,other,https://iqinghu.com/qa/detail/77565,iqinghu.com,1
CMCR-CIT-82E9F260EC40453C7459F411,CMCR-CMP-20260819-C3-Q0018,CMCR-Q0018,抖音电商团队怎么判断一个素材值不值得跟进？,案例/效果问题,抖音,other,https://iesdouyin.com/share/video/7667134144427082747,iesdouyin.com,1
CMCR-CIT-8B49F41059834C5F662FF12D,CMCR-CMP-20260819-C3-Q0018,CMCR-Q0018,抖音电商团队怎么判断一个素材值不值得跟进？,案例/效果问题,搜狐,media,https://m.sohu.com/a/1054127780_122634602,m.sohu.com,1
CMCR-CIT-34F510990752FE830E2B95B5,CMCR-CMP-20260819-C3-Q0018,CMCR-Q0018,抖音电商团队怎么判断一个素材值不值得跟进？,案例/效果问题,搜狐,media,https://m.sohu.com/a/1043282400_122634602,m.sohu.com,1
CMCR-CIT-93DAE1435BD8100E5E017C3B,CMCR-CMP-20260819-C3-Q0018,CMCR-Q0018,抖音电商团队怎么判断一个素材值不值得跟进？,案例/效果问题,抖音,other,https://iesdouyin.com/share/video/7665636613757717779,iesdouyin.com,1
CMCR-CIT-3DF939BE263FF493D79C409B,CMCR-CMP-20260819-C3-Q0018,CMCR-Q0018,抖音电商团队怎么判断一个素材值不值得跟进？,案例/效果问题,抖音,other,https://iesdouyin.com/share/video/7668944166478466304,iesdouyin.com,1
CMCR-CIT-732A1010447985494C5F1361,CMCR-CMP-20260819-C3-Q0018,CMCR-Q0018,抖音电商团队怎么判断一个素材值不值得跟进？,案例/效果问题,千川素材策略分析做到位有多难?一位从业者眼中的达人营销大变局,other,https://resources.youcloud.com/youshu/product_update/3068,resources.youcloud.com,1
CMCR-CIT-54282ABA11E76D93DB96F0D9,CMCR-CMP-20260819-C3-Q0018,CMCR-Q0018,抖音电商团队怎么判断一个素材值不值得跟进？,案例/效果问题,抖音算法从流量分配变质量优先——你的投放策略该彻底改了 - 拓客吧,other,https://tuokeba.com/rule/769.html,tuokeba.com,1
CMCR-CIT-0F99625FFA89CEBCA5A9B3B6,CMCR-CMP-20260819-C3-Q0018,CMCR-Q0018,抖音电商团队怎么判断一个素材值不值得跟进？,案例/效果问题,抖音,other,https://iesdouyin.com/share/video/7664546675603672329,iesdouyin.com,1
CMCR-CIT-1D63CBF280819DF33A54B228,CMCR-CMP-20260819-C3-Q0018,CMCR-Q0018,抖音电商团队怎么判断一个素材值不值得跟进？,案例/效果问题,如何判断一条电商广告计划的数据是否合格，有哪些关键指标？,other,https://product.11467.com/ziliao/52129627.pdf,product.11467.com,1
CMCR-CIT-F2572E4995ECB10032E1E043,CMCR-CMP-20260819-C3-Q0018,CMCR-Q0018,抖音电商团队怎么判断一个素材值不值得跟进？,案例/效果问题,抖音,other,https://iesdouyin.com/share/video/7671535524846259510,iesdouyin.com,2
CMCR-CIT-2D0AC5991835307481740C0E,CMCR-CMP-20260819-C3-Q0018,CMCR-Q0018,抖音电商团队怎么判断一个素材值不值得跟进？,案例/效果问题,抖音,other,https://iesdouyin.com/share/video/7666424236554063167,iesdouyin.com,1
CMCR-CIT-9B6A71DC71648BD1BFA0BB80,CMCR-CMP-20260819-C3-Q0018,CMCR-Q0018,抖音电商团队怎么判断一个素材值不值得跟进？,案例/效果问题,抖音电商,platform_official,https://school.jinritemai.com/doudian/wap/video-article/vHrL5B9Jk7zt,school.jinritemai.com,1
CMCR-CIT-56A37D0E12F893B6869B4E79,CMCR-CMP-20260819-C3-Q0018,CMCR-Q0018,抖音电商团队怎么判断一个素材值不值得跟进？,案例/效果问题,抖音,other,https://iesdouyin.com/share/video/7661927728530066726,iesdouyin.com,1
CMCR-CIT-558443CC20035C989BF23202,CMCR-CMP-20260819-C3-Q0018,CMCR-Q0018,抖音电商团队怎么判断一个素材值不值得跟进？,案例/效果问题,抖音,other,https://iesdouyin.com/share/video/7599825683191324776,iesdouyin.com,1
CMCR-CIT-998826A05E0CD0ABCBAF95D2,CMCR-CMP-20260819-C3-Q0018,CMCR-Q0018,抖音电商团队怎么判断一个素材值不值得跟进？,案例/效果问题,千川素材如何判断?-抖音/快手/短视频/直播 荷塘月色_淘宝抖音跨境电商卖家论坛社区,other,https://htys123.com/forum.php?authorid=293957&mobile=no&mod=viewthread&tid=218296,htys123.com,1
CMCR-CIT-AD2ACD06A776C38BE9BF3DE1,CMCR-CMP-20260819-C3-Q0019,CMCR-Q0019,电商爆款素材库一般能看哪些素材和投放数据？,业务场景问题,有米云有米有数新电商营销大数据分析平台_抖音电商选品软件_智能投放提效工具-云巴巴,other,https://yun88.com/product/8283.html,yun88.com,1
CMCR-CIT-7F2916F2C8A2E386ABB2BB8A,CMCR-CMP-20260819-C3-Q0019,CMCR-Q0019,电商爆款素材库一般能看哪些素材和投放数据？,业务场景问题,Shopee广告爆品素材库介绍及使用方法(2024年10月更新) | 虾皮广告,other,https://ads.shopee.cn/learn/faq/310/1423,ads.shopee.cn,1
CMCR-CIT-32AC07731E20AC794E9BB836,CMCR-CMP-20260819-C3-Q0019,CMCR-Q0019,电商爆款素材库一般能看哪些素材和投放数据？,业务场景问题,哔哩哔哩,community,https://bilibili.com/opus/1134193909646229510,bilibili.com,1
CMCR-CIT-1091D3ABDB863178BC71B92B,CMCR-CMP-20260819-C3-Q0019,CMCR-Q0019,电商爆款素材库一般能看哪些素材和投放数据？,业务场景问题,666SPY - 强大的Facebook广告素材库与选品平台,other,https://666spy.com/,666spy.com,1
CMCR-CIT-9A1D0D92B5BA8AEFF1D93BC7,CMCR-CMP-20260819-C3-Q0019,CMCR-Q0019,电商爆款素材库一般能看哪些素材和投放数据？,业务场景问题,TikTok Creative Center: The Seller’s Intelligence System You’re Probably Using Wrong,other,https://zonflip.com/tiktok-creative-center-the-sellers-intelligence-system-youre-probably-using-wrong,zonflip.com,1
CMCR-CIT-09CDC43866D0F3FABF9F8CFE,CMCR-CMP-20260819-C3-Q0019,CMCR-Q0019,电商爆款素材库一般能看哪些素材和投放数据？,业务场景问题,黑五 3 天肝出 50 组爆款素材!这工具让我躲过版权坑，CTR ... - AdvertCN - 广告中国 - Powered by Discuz!,other,https://advertcn.com/forum.php?action=printable&mobile=no&mod=viewthread&tid=120770,advertcn.com,1
CMCR-CIT-2649D989E6BDF9DD528B5C9E,CMCR-CMP-20260819-C3-Q0019,CMCR-Q0019,电商爆款素材库一般能看哪些素材和投放数据？,业务场景问题,抖音电商,platform_official,https://school.jinritemai.com/doudian/wap/course-series/cHXYPm4k5tCn/cHXYPm4k5tCnlHsBbDRer1Z4?from_school=1&should_full_screen=1&should_hide_bottom_nav=1,school.jinritemai.com,1
CMCR-CIT-497AFD8391B555F1AF00F73E,CMCR-CMP-20260819-C3-Q0019,CMCR-Q0019,电商爆款素材库一般能看哪些素材和投放数据？,业务场景问题,千川素材策略分析做到位有多难?一位从业者眼中的达人营销大变局,other,https://resources.youcloud.com/youshu/product_update/3068,resources.youcloud.com,1
CMCR-CIT-64F36CE5000724B08552ACCA,CMCR-CMP-20260819-C3-Q0019,CMCR-Q0019,电商爆款素材库一般能看哪些素材和投放数据？,业务场景问题,抖音,other,https://iesdouyin.com/share/video/7664810749903249734,iesdouyin.com,1
CMCR-CIT-59B8F3464EBB0D2458670380,CMCR-CMP-20260819-C3-Q0019,CMCR-Q0019,电商爆款素材库一般能看哪些素材和投放数据？,业务场景问题,抖音,other,https://iesdouyin.com/share/video/7664816512251042660,iesdouyin.com,1
CMCR-CIT-F5F9C330E052E5EE9B6CB914,CMCR-CMP-20260819-C3-Q0019,CMCR-Q0019,电商爆款素材库一般能看哪些素材和投放数据？,业务场景问题,今日头条,other,http://m.toutiao.com/group/7670110064186868233,m.toutiao.com,1
CMCR-CIT-618960D073970C732F5F0228,CMCR-CMP-20260819-C3-Q0019,CMCR-Q0019,电商爆款素材库一般能看哪些素材和投放数据？,业务场景问题,【热门视频】快速打造抖音爆款视频-帮助中心-抖音电商与直播大数据分析平台-feigua.cn,competitor,https://dy.feigua.cn/help/detail/9/36.html,dy.feigua.cn,1
CMCR-CIT-936ECFA91895A0AFBD8488F2,CMCR-CMP-20260819-C3-Q0019,CMCR-Q0019,电商爆款素材库一般能看哪些素材和投放数据？,业务场景问题,巨量创意,platform_official,https://cc.oceanengine.com/my-assets,cc.oceanengine.com,1
CMCR-CIT-D3925CE2F13D411FA6F01E7F,CMCR-CMP-20260819-C3-Q0019,CMCR-Q0019,电商爆款素材库一般能看哪些素材和投放数据？,业务场景问题,巨量创意官方数据库是什么 • Worktile社区,other,https://worktile.com/kb/ask/2917170.html,worktile.com,1
CMCR-CIT-F7A12B0CDBB72A89BC5F2535,CMCR-CMP-20260819-C3-Q0019,CMCR-Q0019,电商爆款素材库一般能看哪些素材和投放数据？,业务场景问题,巨量创意,other,https://mcn123.com/sites/1309.html,mcn123.com,1
CMCR-CIT-7160AA1980179ECDC95E3051,CMCR-CMP-20260819-C3-Q0019,CMCR-Q0019,电商爆款素材库一般能看哪些素材和投放数据？,业务场景问题,抖音,other,https://iesdouyin.com/share/video/7663330989812493806,iesdouyin.com,1
CMCR-CIT-473F544B7F43CD37BD7AA50E,CMCR-CMP-20260819-C3-Q0019,CMCR-Q0019,电商爆款素材库一般能看哪些素材和投放数据？,业务场景问题,抖音,other,https://iesdouyin.com/share/video/7654157362026089780,iesdouyin.com,1
CMCR-CIT-66DB405FA647D1C0A5C99160,CMCR-CMP-20260819-C3-Q0019,CMCR-Q0019,电商爆款素材库一般能看哪些素材和投放数据？,业务场景问题,巨量创意,platform_official,https://cc.oceanengine.com/?aadvid=1696454889550848,cc.oceanengine.com,1
CMCR-CIT-252FA97B839113A6A89A4921,CMCR-CMP-20260819-C3-Q0020,CMCR-Q0020,AI 带货视频生成工具有哪些，电商团队怎么选？,品类认知问题,什么值得买,other,https://post.m.smzdm.com/p/a6zqdgko,post.m.smzdm.com,3
CMCR-CIT-0DBBD2737CF9D1B140E2A447,CMCR-CMP-20260819-C3-Q0020,CMCR-Q0020,AI 带货视频生成工具有哪些，电商团队怎么选？,品类认知问题,Top 8 AI Video Tools for Ecommerce Brands (2026),other,https://videowise.com/blog/ai-video-tools-ecommerce,videowise.com,1
CMCR-CIT-05F4F586E2F3446F3EF63939,CMCR-CMP-20260819-C3-Q0020,CMCR-Q0020,AI 带货视频生成工具有哪些，电商团队怎么选？,品类认知问题,抖音,other,https://iesdouyin.com/share/video/7642607547959131249,iesdouyin.com,2
CMCR-CIT-99D6A4AD13AC6EA570C7759C,CMCR-CMP-20260819-C3-Q0020,CMCR-Q0020,AI 带货视频生成工具有哪些，电商团队怎么选？,品类认知问题,抖音,other,https://iesdouyin.com/share/video/7648985707612461243,iesdouyin.com,2
CMCR-CIT-068561AE6904A53408581E88,CMCR-CMP-20260819-C3-Q0020,CMCR-Q0020,AI 带货视频生成工具有哪些，电商团队怎么选？,品类认知问题,什么值得买,other,https://post.m.smzdm.com/p/a039gpoz,post.m.smzdm.com,1
CMCR-CIT-7AAC45E133E6850AF9FE61E4,CMCR-CMP-20260819-C3-Q0020,CMCR-Q0020,AI 带货视频生成工具有哪些，电商团队怎么选？,品类认知问题,抖音,other,https://iesdouyin.com/share/video/7671132288872555131,iesdouyin.com,1
CMCR-CIT-4EE89E31D106B8426E2FF638,CMCR-CMP-20260819-C3-Q0020,CMCR-Q0020,AI 带货视频生成工具有哪些，电商团队怎么选？,品类认知问题,抖音,other,https://iesdouyin.com/share/video/7642286733052202286,iesdouyin.com,2
CMCR-CIT-43B174BBF416EDAF61B1A0C8,CMCR-CMP-20260819-C3-Q0020,CMCR-Q0020,AI 带货视频生成工具有哪些，电商团队怎么选？,品类认知问题,抖音,other,https://iesdouyin.com/share/video/7646250617509634725,iesdouyin.com,1
CMCR-CIT-3008B372894D7C0739892029,CMCR-CMP-20260819-C3-Q0020,CMCR-Q0020,AI 带货视频生成工具有哪些，电商团队怎么选？,品类认知问题,CSDN博客,other,https://blog.csdn.net/2601_96722559/article/details/163587556,blog.csdn.net,1
CMCR-CIT-5456ED046EB494C7903F1071,CMCR-CMP-20260819-C3-Q0020,CMCR-Q0020,AI 带货视频生成工具有哪些，电商团队怎么选？,品类认知问题,什么值得买,other,https://post.m.smzdm.com/p/a030rz7z,post.m.smzdm.com,1
CMCR-CIT-8C62771EB56D844F3E3F12C6,CMCR-CMP-20260819-C3-Q0020,CMCR-Q0020,AI 带货视频生成工具有哪些，电商团队怎么选？,品类认知问题,2026热门的AI电商营销工具:中小商家适配选型指南-CSDN.NET,other,https://csdn.net/article/2026-07-02/162529593,csdn.net,1
CMCR-CIT-234EA0774D9A234F551F1C49,CMCR-CMP-20260819-C3-Q0020,CMCR-Q0020,AI 带货视频生成工具有哪些，电商团队怎么选？,品类认知问题,2026口碑好的AI电商营销工具:用户反馈盘点_天极网,other,http://wap.yesky.com/news/312/2147482812.shtml,wap.yesky.com,1
CMCR-CIT-D81362218DC1CF1C7024015F,CMCR-CMP-20260819-C3-Q0020,CMCR-Q0020,AI 带货视频生成工具有哪些，电商团队怎么选？,品类认知问题,咸宁新闻,other,http://m.xnnews.com.cn/kjkx/202608/t20260809_5229497.shtml,m.xnnews.com.cn,1
CMCR-CIT-C98B98CDBB9206F27D96CCFD,CMCR-CMP-20260819-C3-Q0021,CMCR-Q0021,AI 商品视频生成工具有哪些，能不能直接用于广告投放？,品类认知问题,AI-Powered Ad Creative Tools for E-commerce Advertising,other,https://tapflare.com/articles/en/pdfs/ai-ad-creative-tools-ecommerce.pdf,tapflare.com,1
CMCR-CIT-17836E6E6CCB57DB2DAB2158,CMCR-CMP-20260819-C3-Q0021,CMCR-Q0021,AI 商品视频生成工具有哪些，能不能直接用于广告投放？,品类认知问题,The Best AI Video Generator for Ecommerce in 2026,other,https://pexo.ai/blog/best-ai-video-generator-for-ecommerce-2887,pexo.ai,1
CMCR-CIT-098CBBBE546E63D612CFC414,CMCR-CMP-20260819-C3-Q0021,CMCR-Q0021,AI 商品视频生成工具有哪些，能不能直接用于广告投放？,品类认知问题,抖音,other,https://iesdouyin.com/share/video/7665274627501358010,iesdouyin.com,1
CMCR-CIT-1430E8C98A9B56F9DFE4F808,CMCR-CMP-20260819-C3-Q0021,CMCR-Q0021,AI 商品视频生成工具有哪些，能不能直接用于广告投放？,品类认知问题,抖音,other,https://iesdouyin.com/share/video/7643782060796103979,iesdouyin.com,1
CMCR-CIT-6A4B2F6792C484F0CD7678E3,CMCR-CMP-20260819-C3-Q0021,CMCR-Q0021,AI 商品视频生成工具有哪些，能不能直接用于广告投放？,品类认知问题,DoLabAI - AI 电商视频、图片生成工具,other,https://dolabai.com/,dolabai.com,1
CMCR-CIT-FFB97F09521C538F0972FF89,CMCR-CMP-20260819-C3-Q0021,CMCR-Q0021,AI 商品视频生成工具有哪些，能不能直接用于广告投放？,品类认知问题,GQV.ai — AI UGC Video Ads & Ad Maker | GQV.ai,other,https://gqv.ai/zh,gqv.ai,1
CMCR-CIT-59DACFC00527636120464E21,CMCR-CMP-20260819-C3-Q0021,CMCR-Q0021,AI 商品视频生成工具有哪些，能不能直接用于广告投放？,品类认知问题,"AI Ad Disclosure: Meta, Google, TikTok & NY Law Guide [2026]",other,https://bgblur.com/blog/ai-ad-disclosure-meta-google-tiktok-ny-law-platform-policies,bgblur.com,1
CMCR-CIT-57F14AE184F2A49016F52AEF,CMCR-CMP-20260819-C3-Q0021,CMCR-Q0021,AI 商品视频生成工具有哪些，能不能直接用于广告投放？,品类认知问题,AI视频生成的内容能投广告吗，ai视频广告合规性 - 酷番云知识库,other,https://kufanyun.com/ask/580004.html,kufanyun.com,1
CMCR-CIT-6BEC3051C257FB5D2072C5DA,CMCR-CMP-20260819-C3-Q0021,CMCR-Q0021,AI 商品视频生成工具有哪些，能不能直接用于广告投放？,品类认知问题,互联网广告生成式人工智能创意素材生产平台能力要求 T/CCSA 792–2026 T/CAAAD 043–2026,other,https://digitalad.china-caa.org/TechLab/pdf/TCAAAD%20043-2026.pdf,digitalad.china-caa.org,1
CMCR-CIT-5D4BEF947DE6A7A7E5FD9397,CMCR-CMP-20260819-C3-Q0021,CMCR-Q0021,AI 商品视频生成工具有哪些，能不能直接用于广告投放？,品类认知问题,搜狐,media,https://m.sohu.com/a/1056354851_121106994,m.sohu.com,1
CMCR-CIT-C322F76B42674C425213F479,CMCR-CMP-20260819-C3-Q0021,CMCR-Q0021,AI 商品视频生成工具有哪些，能不能直接用于广告投放？,品类认知问题,搜狐,media,https://m.sohu.com/a/1032623459_122811304,m.sohu.com,1
CMCR-CIT-DC5FC24F9420477A646B2F92,CMCR-CMP-20260819-C3-Q0021,CMCR-Q0021,AI 商品视频生成工具有哪些，能不能直接用于广告投放？,品类认知问题,海南省市场监督管理局关于印发《人工智能生成式广告发布合规指引》的通知 -- 通知公告 --海南省市场监督管理局,other,https://amr.hainan.gov.cn/zw/tztg/202606/t20260612_4092401.html,amr.hainan.gov.cn,1
CMCR-CIT-923D60A72ACF2E285EB9393D,CMCR-CMP-20260819-C3-Q0021,CMCR-Q0021,AI 商品视频生成工具有哪些，能不能直接用于广告投放？,品类认知问题,电商人进来抄作业!主流电商视频工具推荐，无需排队秒出片_AI视频_沃创AI_InfoQ写作社区,other,https://xie.infoq.cn/article/60fb9dbb1e4e066f0f14511a9,xie.infoq.cn,1
CMCR-CIT-38C15308294E20DF69A66A32,CMCR-CMP-20260819-C3-Q0021,CMCR-Q0021,AI 商品视频生成工具有哪些，能不能直接用于广告投放？,品类认知问题,什么值得买,other,https://post.m.smzdm.com/p/az85xgv0,post.m.smzdm.com,1
CMCR-CIT-7FE3DBA0621DBB6571900601,CMCR-CMP-20260819-C3-Q0021,CMCR-Q0021,AI 商品视频生成工具有哪些，能不能直接用于广告投放？,品类认知问题,抖音,other,https://iesdouyin.com/share/video/7629213132606586984,iesdouyin.com,1
CMCR-CIT-92EEAAA5EB46FACE13E047DB,CMCR-CMP-20260819-C3-Q0021,CMCR-Q0021,AI 商品视频生成工具有哪些，能不能直接用于广告投放？,品类认知问题,抖音,other,https://iesdouyin.com/share/video/7669378736197866731,iesdouyin.com,1
CMCR-CIT-E54457A7E35AC11D3E6A4360,CMCR-CMP-20260819-C3-Q0021,CMCR-Q0021,AI 商品视频生成工具有哪些，能不能直接用于广告投放？,品类认知问题,电商AI短视频制作工具 - AIWW,other,https://aiww.com/s/a8c090556e5c8113,aiww.com,1
CMCR-CIT-A0275274FB2D7654138B780A,CMCR-CMP-20260819-C3-Q0021,CMCR-Q0021,AI 商品视频生成工具有哪些，能不能直接用于广告投放？,品类认知问题,抖店商品视频生成 | 青虎,other,https://iqinghu.com/qa/detail/81972,iqinghu.com,1
CMCR-CIT-E8D46581B5325E70CA30ADC5,CMCR-CMP-20260819-C3-Q0022,CMCR-Q0022,通用 AI 视频生成工具和电商广告素材创作工具有什么区别？,对比决策问题,CSDN博客,other,https://blog.csdn.net/2601_96713755/article/details/163510715,blog.csdn.net,2
CMCR-CIT-6BF72AA61EACEEF7BA7BC8FD,CMCR-CMP-20260819-C3-Q0022,CMCR-Q0022,通用 AI 视频生成工具和电商广告素材创作工具有什么区别？,对比决策问题,The Best AI Video Maker in 2026 (Tested for Ads & Marketing),other,https://reloop.so/blog/article/best-ai-video-maker,reloop.so,1
CMCR-CIT-6CC5E9B89A1865BC5A62F717,CMCR-CMP-20260819-C3-Q0022,CMCR-Q0022,通用 AI 视频生成工具和电商广告素材创作工具有什么区别？,对比决策问题,CSDN博客,other,https://blog.csdn.net/Tkoneai/article/details/163293409,blog.csdn.net,1
CMCR-CIT-8354DFEB5FDB01C5B9784D15,CMCR-CMP-20260819-C3-Q0022,CMCR-Q0022,通用 AI 视频生成工具和电商广告素材创作工具有什么区别？,对比决策问题,Best AI Video Generator for Ecommerce Product Listings in 2026: 8 Affordable Tools Compared,other,https://pixverse.ai/en/blog/best-ai-video-generator-for-ecommerce,pixverse.ai,1
CMCR-CIT-EE72ED2AD10C39B54BADDB87,CMCR-CMP-20260819-C3-Q0022,CMCR-Q0022,通用 AI 视频生成工具和电商广告素材创作工具有什么区别？,对比决策问题,稀土掘金,other,https://juejin.cn/post/7658300465050910755,juejin.cn,1
CMCR-CIT-6274FC3506141DB9B2DB33D5,CMCR-CMP-20260819-C3-Q0022,CMCR-Q0022,通用 AI 视频生成工具和电商广告素材创作工具有什么区别？,对比决策问题,AI-Powered Ad Creative Tools for E-commerce Advertising,other,https://tapflare.com/articles/en/pdfs/ai-ad-creative-tools-ecommerce.pdf,tapflare.com,1
CMCR-CIT-7070D1544E74D45A42016206,CMCR-CMP-20260819-C3-Q0022,CMCR-Q0022,通用 AI 视频生成工具和电商广告素材创作工具有什么区别？,对比决策问题,亚马逊广告推出全新智能体式 AI 创意工具 | 亚马逊广告,other,https://advertising.amazon.com/library/news/amazon-ads-agentic-ai-creative-tool,advertising.amazon.com,1
CMCR-CIT-5183CA36EEB6AC2A343B5507,CMCR-CMP-20260819-C3-Q0022,CMCR-Q0022,通用 AI 视频生成工具和电商广告素材创作工具有什么区别？,对比决策问题,Top 5 AI Ad Generators for Ecommerce,other,https://askneedle.com/blog/top-5-ai-ad-generators-for-ecommerce,askneedle.com,1
CMCR-CIT-92D52C0197766E5B6733947D,CMCR-CMP-20260819-C3-Q0022,CMCR-Q0022,通用 AI 视频生成工具和电商广告素材创作工具有什么区别？,对比决策问题,Creaa.ai - AI 商业视觉 Agent|电商套图、广告素材、短视频批量生成,other,https://creaa.ai/zh,creaa.ai,1
CMCR-CIT-90CAAA4903F75191DA8D5127,CMCR-CMP-20260819-C3-Q0022,CMCR-Q0022,通用 AI 视频生成工具和电商广告素材创作工具有什么区别？,对比决策问题,亚马逊卖家AI生图工具指南:10款软件横评，从白底图到A+页面全搞定 - 锦品出海 - 跨境电商一站式服务平台,other,https://glosellers.com/88485.html,glosellers.com,1
CMCR-CIT-A2080B24BB1D3E28F54558BD,CMCR-CMP-20260819-C3-Q0022,CMCR-Q0022,通用 AI 视频生成工具和电商广告素材创作工具有什么区别？,对比决策问题,免费 ai 视频生成器在线dy赞在线自助下单免费|在线免费 AI 短视频生成工具测评与使用指南-永洋运营网,other,http://atl.dianzilajihs.com/html/24f9199884.html,atl.dianzilajihs.com,1
CMCR-CIT-99CF95490CA6926583A25770,CMCR-CMP-20260819-C3-Q0022,CMCR-Q0022,通用 AI 视频生成工具和电商广告素材创作工具有什么区别？,对比决策问题,CSDN博客,other,https://blog.csdn.net/qq_22232065/article/details/140300175,blog.csdn.net,1
CMCR-CIT-BCF64C9EBF1AC400BA1FEABE,CMCR-CMP-20260819-C3-Q0022,CMCR-Q0022,通用 AI 视频生成工具和电商广告素材创作工具有什么区别？,对比决策问题,免费 ai 视频生成器在线抖音免费1000领赞网址免费|在线免费 AI 短视频生成工具测评与使用指南-广贯运营网,other,http://bnc.dianzilajihs.com/html/46e1399940.html,bnc.dianzilajihs.com,1
CMCR-CIT-2E3D2C68B72A4B2195B5D76C,CMCR-CMP-20260819-C3-Q0022,CMCR-Q0022,通用 AI 视频生成工具和电商广告素材创作工具有什么区别？,对比决策问题,AI 视频生成器:工作原理、模型与示例 | Vivideo,other,https://vivideo.ai/zh-hans/gongju/ai-shipin-shengcheng,vivideo.ai,1
CMCR-CIT-20B9AAFF82244668A5C04B8C,CMCR-CMP-20260819-C3-Q0022,CMCR-Q0022,通用 AI 视频生成工具和电商广告素材创作工具有什么区别？,对比决策问题,CSDN博客,other,https://blog.csdn.net/qq_44866828/article/details/152782352,blog.csdn.net,1
CMCR-CIT-3D71F16A383DCA26E5B890B4,CMCR-CMP-20260819-C3-Q0022,CMCR-Q0022,通用 AI 视频生成工具和电商广告素材创作工具有什么区别？,对比决策问题,36氪,media,https://36kr.com/p/3886403765596418,36kr.com,1
CMCR-CIT-EDB71E2BA2086861246FF199,CMCR-CMP-20260819-C3-Q0023,CMCR-Q0023,电商团队怎么沉淀视频素材资产？,业务场景问题,如何利用AI实现电商素材的统一沉淀与管理_mob64ca1404ed65的技术博客_51CTO博客,other,https://blog.51cto.com/u_16213636/14735244,blog.51cto.com,2
CMCR-CIT-A092C0776FEC863DE37E908C,CMCR-CMP-20260819-C3-Q0023,CMCR-Q0023,电商团队怎么沉淀视频素材资产？,业务场景问题,稀土掘金,other,https://juejin.cn/post/7612929690668269611,juejin.cn,2
CMCR-CIT-CDBDCB6D23786C9523148E42,CMCR-CMP-20260819-C3-Q0023,CMCR-Q0023,电商团队怎么沉淀视频素材资产？,业务场景问题,抖音,other,https://iesdouyin.com/share/video/7598502226444799286,iesdouyin.com,1
CMCR-CIT-9D912B6C2F96B6840D006B0F,CMCR-CMP-20260819-C3-Q0023,CMCR-Q0023,电商团队怎么沉淀视频素材资产？,业务场景问题,抖音,other,https://iesdouyin.com/share/video/7630733523967626515,iesdouyin.com,2
CMCR-CIT-4CBBE079A9C0627B7EB6C9D0,CMCR-CMP-20260819-C3-Q0023,CMCR-Q0023,电商团队怎么沉淀视频素材资产？,业务场景问题,抖音,other,https://iesdouyin.com/share/video/7614762087525721571,iesdouyin.com,1
CMCR-CIT-77609132B558C4514497CA5A,CMCR-CMP-20260819-C3-Q0023,CMCR-Q0023,电商团队怎么沉淀视频素材资产？,业务场景问题,"How to Build a Video Asset Library That Drives Revenue Across Email, Ads, and Landing Pages",other,https://ecommercefastlane.com/how-to-build-a-video-asset-library-that-drives-revenue,ecommercefastlane.com,1
CMCR-CIT-3D0AC7E033C0C4A87268DCE2,CMCR-CMP-20260819-C3-Q0023,CMCR-Q0023,电商团队怎么沉淀视频素材资产？,业务场景问题,人工智能 - 面向电商商家的 AI 商品素材工具有哪些?从主图、场景图到短视频的工具选择指南 - 1aigc - SegmentFault 思否,other,https://segmentfault.com/a/1190000048054303,segmentfault.com,1
CMCR-CIT-DB5F5F933336DE3611492463,CMCR-CMP-20260819-C3-Q0023,CMCR-Q0023,电商团队怎么沉淀视频素材资产？,业务场景问题,电商直播素材管理规范怎么做?多直播间素材库建设指南,other,https://musedam.cc/zh-CN/blog/live-commerce-asset-library-management,musedam.cc,1
CMCR-CIT-E96C46946B3B966F5422E97F,CMCR-CMP-20260819-C3-Q0023,CMCR-Q0023,电商团队怎么沉淀视频素材资产？,业务场景问题,AI电商全域内容工厂与AIGC商品素材智能生产系统 - AI个人应用 - 典型案例 - 神州共赢 “为自己做事，与伙伴共赢!”:北京神州共赢软件有限公司，专业信息化数字化智能化解决方案服务商。专注于技术开发和集成服务。提供各类管理与办公系统，集成监控系统，手机APP，微信小程序，微信公众号，智能硬件平台等技术开发和系统集成服务 - 提供进销存系统，客户关系管理CRM系统，销售管理系统，分销与代理管,other,http://winwinchina.com/article_447.htm,winwinchina.com,1
CMCR-CIT-EB89E5EADC94F92F44A88BDA,CMCR-CMP-20260819-C3-Q0023,CMCR-Q0023,电商团队怎么沉淀视频素材资产？,业务场景问题,CSDN博客,other,https://blog.csdn.net/2601_95787591/article/details/160894044,blog.csdn.net,1
CMCR-CIT-11564E562EEE596D73A4371B,CMCR-CMP-20260819-C3-Q0023,CMCR-Q0023,电商团队怎么沉淀视频素材资产？,业务场景问题,CSDN博客,other,https://blog.csdn.net/gitblog_01006/article/details/151347098,blog.csdn.net,1
CMCR-CIT-ED4F5943C338698AF7DDD331,CMCR-CMP-20260819-C3-Q0023,CMCR-Q0023,电商团队怎么沉淀视频素材资产？,业务场景问题,"How to Organize UGC Assets (Folders, Naming, Tagging, Versions)",other,https://useclip.com/how-to-organize-ugc-assets,useclip.com,1
CMCR-CIT-E8F7773DA34ECB978884C673,CMCR-CMP-20260819-C3-Q0023,CMCR-Q0023,电商团队怎么沉淀视频素材资产？,业务场景问题,抖音视频生成过程中，如何高效管理素材和项目文件?_IT技术圈子,other,https://befun.ink/detail/3182.html,befun.ink,1
CMCR-CIT-F7943DFED45E249FF0C44A3C,CMCR-CMP-20260819-C3-Q0023,CMCR-Q0023,电商团队怎么沉淀视频素材资产？,业务场景问题,跨境电商视频素材库搭建与素材标签方法 - 深圳世纪一度影视传媒有限公司,other,http://m.onesmovies.com/sys-nd/687.html,m.onesmovies.com,1
CMCR-CIT-E4049364535CF61689B0CCAF,CMCR-CMP-20260819-C3-Q0023,CMCR-Q0023,电商团队怎么沉淀视频素材资产？,业务场景问题,批量混剪后如何优化素材管理?,other,https://shankongmao.com/content/special-news/3911,shankongmao.com,1
CMCR-CIT-A5ADD059289FB7607259BE04,CMCR-CMP-20260819-C3-Q0024,CMCR-Q0024,千川素材监测工具有哪些，能不能看同行素材？,品类认知问题,抖音,other,https://iesdouyin.com/share/video/7664907261168324287,iesdouyin.com,1
CMCR-CIT-41614818EFD4DC653CB52687,CMCR-CMP-20260819-C3-Q0024,CMCR-Q0024,千川素材监测工具有哪些，能不能看同行素材？,品类认知问题,"如何查看其他商家的千川素材?一套""审美拆解+AI仿拍""的千川素材策略分析框架，看完直接照做",other,https://resources.youcloud.com/youshu/blog/3140,resources.youcloud.com,3
CMCR-CIT-1B6ED1EBF22ADD84ABA00DAC,CMCR-CMP-20260819-C3-Q0024,CMCR-Q0024,千川素材监测工具有哪些，能不能看同行素材？,品类认知问题,抖音,other,https://iesdouyin.com/share/video/7650365262658582949,iesdouyin.com,2
CMCR-CIT-0E214AC1C3B9A2AF36D790D4,CMCR-CMP-20260819-C3-Q0024,CMCR-Q0024,千川素材监测工具有哪些，能不能看同行素材？,品类认知问题,抖音,other,https://iesdouyin.com/share/video/7548007944147750196,iesdouyin.com,1
CMCR-CIT-9A1A76FDF68D5E3E8E96E661,CMCR-CMP-20260819-C3-Q0024,CMCR-Q0024,千川素材监测工具有哪些，能不能看同行素材？,品类认知问题,千川素材策略分析怎么做?6年宠物食品商家的工具体测:有米有数到底值不值,other,https://resources.youcloud.com/youshu/blog/3195,resources.youcloud.com,1
CMCR-CIT-8D676448BD3CCB7A97AFBF72,CMCR-CMP-20260819-C3-Q0024,CMCR-Q0024,千川素材监测工具有哪些，能不能看同行素材？,品类认知问题,‎考古加·创意-千川素材& 抖音广告素材分析工具 App - App Store,other,https://apps.apple.com/cn/app/%E8%80%83%E5%8F%A4%E5%8A%A0-%E5%88%9B%E6%84%8F-%E5%8D%83%E5%B7%9D%E7%B4%A0%E6%9D%90-%E6%8A%96%E9%9F%B3%E5%B9%BF%E5%91%8A%E7%B4%A0%E6%9D%90%E5%88%86%E6%9E%90%E5%B7%A5%E5%85%B7/id6743687007,apps.apple.com,2
CMCR-CIT-AA457F0AD09F80F0E3D770CB,CMCR-CMP-20260819-C3-Q0024,CMCR-Q0024,千川素材监测工具有哪些，能不能看同行素材？,品类认知问题,抖音,other,https://iesdouyin.com/share/video/7654157362026089780,iesdouyin.com,1
CMCR-CIT-1C404630BF33FFD952F501CA,CMCR-CMP-20260819-C3-Q0024,CMCR-Q0024,千川素材监测工具有哪些，能不能看同行素材？,品类认知问题,搜狐,media,https://m.sohu.com/a/1048151337_122649014,m.sohu.com,1
CMCR-CIT-582A49FE018A0A9A48BC4595,CMCR-CMP-20260819-C3-Q0024,CMCR-Q0024,千川素材监测工具有哪些，能不能看同行素材？,品类认知问题,蝉妈妈·创意 - 千川投放素材_短视频素材创意服务平台,official_direct,https://cy.chanmama.com/,cy.chanmama.com,1
CMCR-CIT-8709186E3EC5BD115FEDB3B8,CMCR-CMP-20260819-C3-Q0024,CMCR-Q0024,千川素材监测工具有哪些，能不能看同行素材？,品类认知问题,2026千川投流实战盘点:抖音广告素材制作批量生成工具推荐， - 广州广州周边其他商务服务 - 广州列举网,other,https://gz.lieju.com/qitashangwufuwu/92901433.html,gz.lieju.com,1
CMCR-CIT-277622CB878B7DB84E0A2C63,CMCR-CMP-20260819-C3-Q0024,CMCR-Q0024,千川素材监测工具有哪些，能不能看同行素材？,品类认知问题,蝉妈妈·创意 - 千川投放素材_短视频素材创意服务平台,official_direct,https://cy.chanmama.com/inspiration-center,cy.chanmama.com,1
CMCR-CIT-8034E61BC93221BC9BA05D71,CMCR-CMP-20260819-C3-Q0024,CMCR-Q0024,千川素材监测工具有哪些，能不能看同行素材？,品类认知问题,抖音,other,https://iesdouyin.com/share/video/7576168160118852891,iesdouyin.com,1
CMCR-CIT-DB8FD7177834C62D33839353,CMCR-CMP-20260819-C3-Q0024,CMCR-Q0024,千川素材监测工具有哪些，能不能看同行素材？,品类认知问题,搜狐,media,https://m.sohu.com/a/1055604256_121886306,m.sohu.com,1
CMCR-CIT-A503DC24F26166E5F93FE3D5,CMCR-CMP-20260819-C3-Q0024,CMCR-Q0024,千川素材监测工具有哪些，能不能看同行素材？,品类认知问题,我花了几十万学费才明白:如何查看其他商家的千川素材才是真正的竞争力?,other,https://resources.youcloud.com/youshu/blog/3076,resources.youcloud.com,1
CMCR-CIT-D0D3E02E2445F72D66140847,CMCR-CMP-20260819-C3-Q0025,CMCR-Q0025,千川隐藏素材在哪里看？,业务场景问题,如何看千川隐藏素材? - 自媒体问答 - HCRM问答,other,https://bbs.huochengrm.cn/questions/21098.html,bbs.huochengrm.cn,4
CMCR-CIT-B73570E321B70DC3875F4D93,CMCR-CMP-20260819-C3-Q0025,CMCR-Q0025,千川隐藏素材在哪里看？,业务场景问题,抖音,other,https://iesdouyin.com/share/video/7658224428979875066,iesdouyin.com,6
CMCR-CIT-5081B749BC41C68F0651B620,CMCR-CMP-20260819-C3-Q0025,CMCR-Q0025,千川隐藏素材在哪里看？,业务场景问题,抖音电商,platform_official,https://school.jinritemai.com/doudian/wap/course-series/cJZHjLnhaLyw/cJZHjLnhaLywlJZJUawr8APt?from=douyinofficial_table%2F1000&from_school=1&should_full_screen=1&should_hide_bottom_nav=1,school.jinritemai.com,2
CMCR-CIT-AEB8E5D73B4035CC673329E7,CMCR-CMP-20260819-C3-Q0025,CMCR-Q0025,千川隐藏素材在哪里看？,业务场景问题,抖音,other,https://iesdouyin.com/share/video/7654157362026089780,iesdouyin.com,2
CMCR-CIT-C3E7194E6E46642B16C64F37,CMCR-CMP-20260819-C3-Q0025,CMCR-Q0025,千川隐藏素材在哪里看？,业务场景问题,抖音巨量千川平台更新低质量内容治理策略 - 多面手企业网络推广一站式服务,other,https://80tg.com/news/43430.html,80tg.com,1
CMCR-CIT-80F22C91720C972C46577ADD,CMCR-CMP-20260819-C3-Q0025,CMCR-Q0025,千川隐藏素材在哪里看？,业务场景问题,抖音电商,platform_official,https://school.jinritemai.com/doudian/wap/course-series/cJZHjLnhaLyw/cJZHjLnhaLywlJZJUawr8L8r?from_school=1&should_full_screen=1&should_hide_bottom_nav=1,school.jinritemai.com,1
CMCR-CIT-97B38A3395FC8A6A3F8EDA6F,CMCR-CMP-20260819-C3-Q0025,CMCR-Q0025,千川隐藏素材在哪里看？,业务场景问题,抖音电商,platform_official,https://school.jinritemai.com/doudian/wap/course-series/cJZHjLnhaLyw/cJZHjLnhaLywlJZJUawr8L8r?from=gt%E4%BA%9A%E9%A9%AC%E9%80%8A%E7%94%B5%E5%95%86%E5%9F%B9%E8%AE%AD%E6%B5%81%E7%A8%8B%E5%9B%BE%2C%E2%9C%94%EF%B8%8F%E6%89%8B%E6%9C%BA%E4%BB%A3%E7%90%86ip%F0%9F%94%B4lu911.com%E2%9C%94%EF%B8%8F%2C%E4%BC%81%E4%B8%9A%E7%BD%91%E7%BB%9C%E5%AE%A3%E4%BC%A0%E6%8E%A8%E5%B9%BF%2C%E5%A5%BD%E7%94%A8%E7%9A%84vpn%E6%89%8B%E6%9C%BA%2C%E5%A4%96%E8%B4%B8%E7%9A%84%E7%BD%91%E7%BB%9C%E6%8E%A8%E5%B9%BF%E6%96%B9%E6%B3%95%2C%E2%9C%85%E2%9C%85%E7%BA%AF%E5%87%80%E4%BB%A3%E7%90%86ip%F0%9F%94%B4lu911.com%E2%9C%85%E2%9C%85%2Cvps%E9%9D%A2%E6%9D%BF%E6%8E%A8%E8%8D%90%2C%E6%B5%B7%E5%A4%96vpn%E4%BB%A3%E7%90%86&from_school=1&should_full_screen=1&should_hide_bottom_nav=1,school.jinritemai.com,2
CMCR-CIT-C97464758546784116854311,CMCR-CMP-20260819-C3-Q0025,CMCR-Q0025,千川隐藏素材在哪里看？,业务场景问题,抖音,other,https://iesdouyin.com/share/video/7595133389545524901,iesdouyin.com,5
CMCR-CIT-916EA884F503A48EFE2A9EDB,CMCR-CMP-20260819-C3-Q0025,CMCR-Q0025,千川隐藏素材在哪里看？,业务场景问题,抖音,other,https://iesdouyin.com/share/video/7592827724834639150,iesdouyin.com,2
CMCR-CIT-B536AAA385E34E9F7DB2F496,CMCR-CMP-20260819-C3-Q0025,CMCR-Q0025,千川隐藏素材在哪里看？,业务场景问题,千川短视频如何隐藏? - 自媒体问答 - HCRM问答,other,https://bbs.huochengrm.cn/questions/15594.html,bbs.huochengrm.cn,1
CMCR-CIT-4767425AEB1F2B7DBD6DB9B8,CMCR-CMP-20260819-C3-Q0025,CMCR-Q0025,千川隐藏素材在哪里看？,业务场景问题,抖音电商,platform_official,https://school.jinritemai.com/doudian/wap/course-series/cJZHjLnhaLyw/cJZHjLnhaLywlJZJUawr8kVG?from=shop_table&from_school=1&should_full_screen=1&should_hide_bottom_nav=1,school.jinritemai.com,1
CMCR-CIT-E873D8F72DC3661F559FA022,CMCR-CMP-20260819-C3-Q0025,CMCR-Q0025,千川隐藏素材在哪里看？,业务场景问题,抖音电商,platform_official,https://school.jinritemai.com/doudian/wap/course-series/cJZHjLnhaLyw/cJZHjLnhaLywlJZJUawr8APt?from=douyinofficial_table&from_school=1&should_full_screen=1&should_hide_bottom_nav=1,school.jinritemai.com,1
CMCR-CIT-6E1EA9EBFA71E6F2D3E3484A,CMCR-CMP-20260819-C3-Q0025,CMCR-Q0025,千川隐藏素材在哪里看？,业务场景问题,抖音广告低质内容自查手册,other,https://m.tui39.com/jd/5847.html,m.tui39.com,1
CMCR-CIT-06F6C52354518DCF9EE443BB,CMCR-CMP-20260819-C3-Q0025,CMCR-Q0025,千川隐藏素材在哪里看？,业务场景问题,抖音电商,platform_official,https://school.jinritemai.com/doudian/wap/course-series/cJZHjLnhaLyw/cJZHjLnhaLywlJZJUawr8APt?from_school=1&should_full_screen=1&should_hide_bottom_nav=1,school.jinritemai.com,1
CMCR-CIT-F3FBB1CADD398DE3B3A7B2A3,CMCR-CMP-20260819-C3-Q0025,CMCR-Q0025,千川隐藏素材在哪里看？,业务场景问题,抖音巨量本地推「短视频上传」功能上线，如何推广?-引流工具,other,https://wap.shuaishou.com/school/infos66218.html,wap.shuaishou.com,1
CMCR-CIT-5F10D95BA1D9F0274CA9740C,CMCR-CMP-20260819-C3-Q0025,CMCR-Q0025,千川隐藏素材在哪里看？,业务场景问题,新建全域投放计划-千川PC乘方& 全域投放-商业开放平台,platform_official,https://open.oceanengine.com/labels/12/docs/1804360384937988,open.oceanengine.com,1
CMCR-CIT-419A74F6D23F2F9E070C2D11,CMCR-CMP-20260819-C3-Q0025,CMCR-Q0025,千川隐藏素材在哪里看？,业务场景问题,抖音,other,https://iesdouyin.com/share/video/7620779939599630330,iesdouyin.com,1
CMCR-CIT-D21C1EB94DF2E6006C3443F2,CMCR-CMP-20260819-C3-Q0025,CMCR-Q0025,千川隐藏素材在哪里看？,业务场景问题,投放流程介绍说明-千川PC标准投放-商业开放平台,platform_official,https://open.oceanengine.com/docs/1698797636713486,open.oceanengine.com,1
CMCR-CIT-649503702082427BE6D77887,CMCR-CMP-20260819-C3-Q0025,CMCR-Q0025,千川隐藏素材在哪里看？,业务场景问题,搜狐,media,https://m.sohu.com/a/1004529290_121886043,m.sohu.com,1
CMCR-CIT-EAB171226E48F130F070F2CA,CMCR-CMP-20260819-C3-Q0025,CMCR-Q0025,千川隐藏素材在哪里看？,业务场景问题,抖音,other,https://iesdouyin.com/share/video/7544311342484819240,iesdouyin.com,1
CMCR-CIT-D22FCAA452B995220BA54921,CMCR-CMP-20260819-C3-Q0025,CMCR-Q0025,千川隐藏素材在哪里看？,业务场景问题,如何查看对方千川素材? - 自媒体问答 - HCRM问答,other,https://bbs.huochengrm.cn/questions/20946.html,bbs.huochengrm.cn,1
CMCR-CIT-9692390C1723F932FACD6219,CMCR-CMP-20260819-C3-Q0025,CMCR-Q0025,千川隐藏素材在哪里看？,业务场景问题,获取千川素材库视频-素材管理-商业开放平台,platform_official,https://open.oceanengine.com/labels/12/docs/1739309912219663,open.oceanengine.com,1
CMCR-CIT-EAABDD6AD5518B6853483E01,CMCR-CMP-20260819-C3-Q0025,CMCR-Q0025,千川隐藏素材在哪里看？,业务场景问题,CSDN博客,other,https://blog.csdn.net/you24233/article/details/122362169,blog.csdn.net,1
CMCR-CIT-06DB189B432B63D8047AC1F3,CMCR-CMP-20260819-C3-Q0025,CMCR-Q0025,千川隐藏素材在哪里看？,业务场景问题,抖音,other,https://iesdouyin.com/share/video/7666439453400894783,iesdouyin.com,1
CMCR-CIT-8F38F310105F39F5F0FA7257,CMCR-CMP-20260819-C3-Q0025,CMCR-Q0025,千川隐藏素材在哪里看？,业务场景问题,今日头条,other,http://m.toutiao.com/group/7619240054103261736,m.toutiao.com,1
CMCR-CIT-8968A3EEA20F02005693733A,CMCR-CMP-20260819-C3-Q0025,CMCR-Q0025,千川隐藏素材在哪里看？,业务场景问题,一文掌握「低效素材」和「低质素材」优化方法!不及时处理会影响跑量 – 买量小飞机,other,http://smallfighter.com/post/3366,smallfighter.com,1
CMCR-CIT-5D1A9E30933B61998CB24E52,CMCR-CMP-20260819-C3-Q0026,CMCR-Q0026,千川素材库在哪里看，能看到哪些素材和投放数据？,案例/效果问题,📃【超级编导--巨量千川/广告】分发使用帮助,other,https://help.superdir.cn/docs/chao-ji-bian-dao-ju-liang-qian-chuan-guang-gao-su-cai-fen-fa-shi-yong-bang-zhu,help.superdir.cn,2
CMCR-CIT-CD1290818E188562737E1E5A,CMCR-CMP-20260819-C3-Q0026,CMCR-Q0026,千川素材库在哪里看，能看到哪些素材和投放数据？,案例/效果问题,怎么在抖音广告后台查看素材数据(1),other,https://m.tui39.com/jd/5858.html,m.tui39.com,1
CMCR-CIT-45B4583E03FCA2BCC1FDD60D,CMCR-CMP-20260819-C3-Q0026,CMCR-Q0026,千川素材库在哪里看，能看到哪些素材和投放数据？,案例/效果问题,抖音,other,https://iesdouyin.com/share/video/7654157362026089780,iesdouyin.com,1
CMCR-CIT-B8CF60F976FCC7D6A7CA4298,CMCR-CMP-20260819-C3-Q0026,CMCR-Q0026,千川素材库在哪里看，能看到哪些素材和投放数据？,案例/效果问题,【巨量千川】短视频带货场景优质素材产品功能使用指南,platform_official,https://cc.oceanengine.com/academy/article-detail/10338,cc.oceanengine.com,1
CMCR-CIT-5A9A3B68253FF52F97BF9CBD,CMCR-CMP-20260819-C3-Q0026,CMCR-Q0026,千川素材库在哪里看，能看到哪些素材和投放数据？,案例/效果问题,获取全域投放计划下素材-千川PC全域投放-商业开放平台,platform_official,https://open.oceanengine.com/docs/1804363488115850,open.oceanengine.com,1
CMCR-CIT-772D05D22BD44996AE05E438,CMCR-CMP-20260819-C3-Q0026,CMCR-Q0026,千川素材库在哪里看，能看到哪些素材和投放数据？,案例/效果问题,抖音广告低质内容自查手册,other,https://m.tui39.com/jd/5847.html,m.tui39.com,1
CMCR-CIT-185ED0AC1BA3101767ABA92A,CMCR-CMP-20260819-C3-Q0026,CMCR-Q0026,千川素材库在哪里看，能看到哪些素材和投放数据？,案例/效果问题,如何查看千川素材? - 自媒体问答 - HCRM问答,other,https://bbs.huochengrm.cn/questions/4320.html,bbs.huochengrm.cn,1
CMCR-CIT-935401207165E42848F138D2,CMCR-CMP-20260819-C3-Q0026,CMCR-Q0026,千川素材库在哪里看，能看到哪些素材和投放数据？,案例/效果问题,抖音,other,https://iesdouyin.com/share/video/7269264174394527010,iesdouyin.com,1
CMCR-CIT-B4EBD74FD8C57F3BAB3228A1,CMCR-CMP-20260819-C3-Q0026,CMCR-Q0026,千川素材库在哪里看，能看到哪些素材和投放数据？,案例/效果问题,巨量创意,platform_official,https://cc.oceanengine.com/academy/article-detail/94d0cc32d22c535e09f14ea77f9ee51c,cc.oceanengine.com,1
CMCR-CIT-74C0611229A073EBC644409B,CMCR-CMP-20260819-C3-Q0026,CMCR-Q0026,千川素材库在哪里看，能看到哪些素材和投放数据？,案例/效果问题,投放流程介绍说明-千川PC标准投放-商业开放平台,platform_official,https://open.oceanengine.com/docs/1698797636713486,open.oceanengine.com,1
CMCR-CIT-761E26216875D2F69D1B2BCA,CMCR-CMP-20260819-C3-Q0026,CMCR-Q0026,千川素材库在哪里看，能看到哪些素材和投放数据？,案例/效果问题,获取投放素材数据-数据报表-商业开放平台,platform_official,https://open.oceanengine.com/docs/1745207002572807,open.oceanengine.com,1
CMCR-CIT-4779EFA9F83DEF02191C0206,CMCR-CMP-20260819-C3-Q0026,CMCR-Q0026,千川素材库在哪里看，能看到哪些素材和投放数据？,案例/效果问题,获取千川素材库视频-素材管理-商业开放平台,platform_official,https://open.oceanengine.com/docs/1739309912219663,open.oceanengine.com,1
CMCR-CIT-557080FA56904F96BF6F5EC5,CMCR-CMP-20260819-C3-Q0026,CMCR-Q0026,千川素材库在哪里看，能看到哪些素材和投放数据？,案例/效果问题,抖音,other,https://iesdouyin.com/share/video/7666424236554063167,iesdouyin.com,1
CMCR-CIT-8702384E292552C4657DAADE,CMCR-CMP-20260819-C3-Q0026,CMCR-Q0026,千川素材库在哪里看，能看到哪些素材和投放数据？,案例/效果问题,抖音,other,https://iesdouyin.com/share/video/7671535524846259510,iesdouyin.com,1
CMCR-CIT-DAA5C4E597E1BD552DF60F32,CMCR-CMP-20260819-C3-Q0026,CMCR-Q0026,千川素材库在哪里看，能看到哪些素材和投放数据？,案例/效果问题,千川素材如何判断?-抖音/快手/短视频/直播 荷塘月色_淘宝抖音跨境电商卖家论坛社区,other,https://htys123.com/forum.php?authorid=293957&mobile=no&mod=viewthread&tid=218296,htys123.com,1
CMCR-CIT-D78AB1FE94F2542FAC7457A0,CMCR-CMP-20260819-C3-Q0026,CMCR-Q0026,千川素材库在哪里看，能看到哪些素材和投放数据？,案例/效果问题,搜狐,media,https://m.sohu.com/a/1045151856_121886306,m.sohu.com,1
CMCR-CIT-DBCBA98745C9163829FED734,CMCR-CMP-20260819-C3-Q0027,CMCR-Q0027,巨量千川素材库在哪里看，第三方工具还能补充什么？,业务场景问题,如何查看千川素材? - 自媒体问答 - HCRM问答,other,https://bbs.huochengrm.cn/questions/4320.html,bbs.huochengrm.cn,1
CMCR-CIT-6424D4219594F7EA08E4DB81,CMCR-CMP-20260819-C3-Q0027,CMCR-Q0027,巨量千川素材库在哪里看，第三方工具还能补充什么？,业务场景问题,📃【超级编导--巨量千川/广告】分发使用帮助,other,https://help.superdir.cn/docs/chao-ji-bian-dao-ju-liang-qian-chuan-guang-gao-su-cai-fen-fa-shi-yong-bang-zhu,help.superdir.cn,1
CMCR-CIT-E12A0F94DCE562F1A89C1CA7,CMCR-CMP-20260819-C3-Q0027,CMCR-Q0027,巨量千川素材库在哪里看，第三方工具还能补充什么？,业务场景问题,抖音,other,https://iesdouyin.com/share/video/7269264174394527010,iesdouyin.com,1
CMCR-CIT-2325FF468281A82C7230A079,CMCR-CMP-20260819-C3-Q0027,CMCR-Q0027,巨量千川素材库在哪里看，第三方工具还能补充什么？,业务场景问题,抖音,other,https://iesdouyin.com/share/video/7654157362026089780,iesdouyin.com,1
CMCR-CIT-288E577CEECA44F74FC2C332,CMCR-CMP-20260819-C3-Q0027,CMCR-Q0027,巨量千川素材库在哪里看，第三方工具还能补充什么？,业务场景问题,顺企网,other,https://m.11467.com/product/d52997271.htm,m.11467.com,1
CMCR-CIT-5EA7E516BA9E79F8BBDB9F1F,CMCR-CMP-20260819-C3-Q0027,CMCR-Q0027,巨量千川素材库在哪里看，第三方工具还能补充什么？,业务场景问题,巨量创意,platform_official,https://cc.oceanengine.com/my-assets,cc.oceanengine.com,1
CMCR-CIT-787955C6232C75F779BEA7C3,CMCR-CMP-20260819-C3-Q0027,CMCR-Q0027,巨量千川素材库在哪里看，第三方工具还能补充什么？,业务场景问题,抖音电商,platform_official,https://school.jinritemai.com/doudian/web/course-series/cJZHjLnhaLyw/cJZHjLnhaLywlJZJUawr9Aqg?from_school=1&should_full_screen=1&should_hide_bottom_nav=1,school.jinritemai.com,1
CMCR-CIT-6B664A2B5BD7548DBC6208D9,CMCR-CMP-20260819-C3-Q0027,CMCR-Q0027,巨量千川素材库在哪里看，第三方工具还能补充什么？,业务场景问题,获取千川素材库视频-素材管理-商业开放平台,platform_official,https://open.oceanengine.com/docs/1739309912219663,open.oceanengine.com,2
CMCR-CIT-88D6E62768297DCCC1E08429,CMCR-CMP-20260819-C3-Q0027,CMCR-Q0027,巨量千川素材库在哪里看，第三方工具还能补充什么？,业务场景问题,2022 发展白皮书 电商生意增长的必经之路 >>>,other,https://datakoc.com/class/wp-content/uploads/2022/07/2022072313583149.pdf,datakoc.com,1
CMCR-CIT-8C881170707D0F6742AD928B,CMCR-CMP-20260819-C3-Q0027,CMCR-Q0027,巨量千川素材库在哪里看，第三方工具还能补充什么？,业务场景问题,"如何查看其他商家的千川素材?一套""审美拆解+AI仿拍""的千川素材策略分析框架，看完直接照做",other,https://resources.youcloud.com/youshu/blog/3140,resources.youcloud.com,1
CMCR-CIT-EA89B729A9008B60EA300642,CMCR-CMP-20260819-C3-Q0027,CMCR-Q0027,巨量千川素材库在哪里看，第三方工具还能补充什么？,业务场景问题,搜狐,media,https://m.sohu.com/a/1055291049_100057812,m.sohu.com,1
CMCR-CIT-A005CCE8BFB896880D96F13B,CMCR-CMP-20260819-C3-Q0027,CMCR-Q0027,巨量千川素材库在哪里看，第三方工具还能补充什么？,业务场景问题,‎考古加·创意-千川素材& 抖音广告素材分析工具 App - App Store,other,https://apps.apple.com/cn/app/%E8%80%83%E5%8F%A4%E5%8A%A0-%E5%88%9B%E6%84%8F-%E5%8D%83%E5%B7%9D%E7%B4%A0%E6%9D%90-%E6%8A%96%E9%9F%B3%E5%B9%BF%E5%91%8A%E7%B4%A0%E6%9D%90%E5%88%86%E6%9E%90%E5%B7%A5%E5%85%B7/id6743687007,apps.apple.com,1
CMCR-CIT-0A28FB6AEA7DFAB3DE231567,CMCR-CMP-20260819-C3-Q0027,CMCR-Q0027,巨量千川素材库在哪里看，第三方工具还能补充什么？,业务场景问题,文章详情 - 巨量千川帮助中心,platform_official,https://qianchuan.jinritemai.com/help/content/root?mappingType=1&pageId=221&spaceId=122,qianchuan.jinritemai.com,1
CMCR-CIT-818AD71E92DBDC8AF1B393E5,CMCR-CMP-20260819-C3-Q0027,CMCR-Q0027,巨量千川素材库在哪里看，第三方工具还能补充什么？,业务场景问题,巨量创意,platform_official,https://cc.oceanengine.com/academy/article-detail/94d0cc32d22c535e09f14ea77f9ee51c,cc.oceanengine.com,1
CMCR-CIT-B3233508D503FC8F43864285,CMCR-CMP-20260819-C3-Q0027,CMCR-Q0027,巨量千川素材库在哪里看，第三方工具还能补充什么？,业务场景问题,权限点与接口关系-入门指南-商业开放平台,platform_official,https://open.oceanengine.com/docs/1699625068225550,open.oceanengine.com,1
CMCR-CIT-AB856C812612BF9366241DD9,CMCR-CMP-20260819-C3-Q0027,CMCR-Q0027,巨量千川素材库在哪里看，第三方工具还能补充什么？,业务场景问题,巨量千川帮助中心,platform_official,https://qianchuan.jinritemai.com/help?pageId=221&spaceId=122,qianchuan.jinritemai.com,1
CMCR-CIT-8DA82E38FF4BD960413D8A84,CMCR-CMP-20260819-C3-Q0027,CMCR-Q0027,巨量千川素材库在哪里看，第三方工具还能补充什么？,业务场景问题,视频支持推送巨量营销/千川/本地推/DOU+-星图营销服务平台,competitor,https://xingtu.cn/help-center/demander/114316,xingtu.cn,1
CMCR-CIT-0EDF2CF8A68C9F0A58BADB0E,CMCR-CMP-20260819-C3-Q0028,CMCR-Q0028,千川素材怎么看，怎么判断是否值得跟进？,案例/效果问题,抖音,other,https://iesdouyin.com/share/video/7671535524846259510,iesdouyin.com,3
CMCR-CIT-489A70F44C22677630E2CC5B,CMCR-CMP-20260819-C3-Q0028,CMCR-Q0028,千川素材怎么看，怎么判断是否值得跟进？,案例/效果问题,抖音,other,https://iesdouyin.com/share/video/7666416462059408686,iesdouyin.com,2
CMCR-CIT-069E00DBE978C856F1FF02F2,CMCR-CMP-20260819-C3-Q0028,CMCR-Q0028,千川素材怎么看，怎么判断是否值得跟进？,案例/效果问题,抖音,other,https://iesdouyin.com/share/video/7654168875247996196,iesdouyin.com,2
CMCR-CIT-E909F720D5AD1CCDAD48B52B,CMCR-CMP-20260819-C3-Q0028,CMCR-Q0028,千川素材怎么看，怎么判断是否值得跟进？,案例/效果问题,抖音,other,https://iesdouyin.com/share/video/7658603508057722225,iesdouyin.com,2
CMCR-CIT-7AAC0F43ADA3E14A856B753F,CMCR-CMP-20260819-C3-Q0028,CMCR-Q0028,千川素材怎么看，怎么判断是否值得跟进？,案例/效果问题,抖音,other,https://iesdouyin.com/share/video/7655595001509874984,iesdouyin.com,1
CMCR-CIT-11E2E233FBCB914508062E08,CMCR-CMP-20260819-C3-Q0028,CMCR-Q0028,千川素材怎么看，怎么判断是否值得跟进？,案例/效果问题,抖音,other,https://iesdouyin.com/share/video/7666424236554063167,iesdouyin.com,1
CMCR-CIT-A77C964ACAC66D61F898C22D,CMCR-CMP-20260819-C3-Q0028,CMCR-Q0028,千川素材怎么看，怎么判断是否值得跟进？,案例/效果问题,抖音,other,https://iesdouyin.com/share/video/7666466699705218715,iesdouyin.com,1
CMCR-CIT-88166882736CCA6889F14E2D,CMCR-CMP-20260819-C3-Q0028,CMCR-Q0028,千川素材怎么看，怎么判断是否值得跟进？,案例/效果问题,抖音,other,https://iesdouyin.com/share/video/7672598306175315306,iesdouyin.com,1
CMCR-CIT-7DE5AC5E2C4F87B6FE5D5A7E,CMCR-CMP-20260819-C3-Q0028,CMCR-Q0028,千川素材怎么看，怎么判断是否值得跟进？,案例/效果问题,Github,other,https://github.com/chiikawa-bajiang/video_edit/blob/main/%E5%8D%83%E5%B7%9D%E7%B4%A0%E6%9D%90%E7%9F%A9%E9%98%B5%E8%BF%90%E8%90%A5%E4%BA%A4%E4%BB%98%E6%96%B9%E6%A1%88.pdf,github.com,1
CMCR-CIT-666593353D6C4A1CD107CC71,CMCR-CMP-20260819-C3-Q0028,CMCR-Q0028,千川素材怎么看，怎么判断是否值得跟进？,案例/效果问题,千川素材如何判断?-抖音/快手/短视频/直播 荷塘月色_淘宝抖音跨境电商卖家论坛社区,other,https://htys123.com/forum.php?authorid=293957&mobile=no&mod=viewthread&tid=218296,htys123.com,1
CMCR-CIT-64546467739138441D12822A,CMCR-CMP-20260819-C3-Q0028,CMCR-Q0028,千川素材怎么看，怎么判断是否值得跟进？,案例/效果问题,抖音,other,https://iesdouyin.com/share/video/7623005667721163962,iesdouyin.com,1
CMCR-CIT-A87276436C4FC29DB16FC5BD,CMCR-CMP-20260819-C3-Q0028,CMCR-Q0028,千川素材怎么看，怎么判断是否值得跟进？,案例/效果问题,抖音,other,https://iesdouyin.com/share/video/7654605055589497204,iesdouyin.com,1
CMCR-CIT-F5F8ACBCB626C325B0AE7FE6,CMCR-CMP-20260819-C3-Q0028,CMCR-Q0028,千川素材怎么看，怎么判断是否值得跟进？,案例/效果问题,如何判断一条电商广告计划的数据是否合格，有哪些关键指标?,other,https://beijing.11467.com/info/52129627.htm,beijing.11467.com,1
CMCR-CIT-854B7C81BBCE92F8E594A086,CMCR-CMP-20260819-C3-Q0028,CMCR-Q0028,千川素材怎么看，怎么判断是否值得跟进？,案例/效果问题,抖音,other,https://iesdouyin.com/share/video/7663031358389816622,iesdouyin.com,1
CMCR-CIT-1BCFCD80BA68B8F7EAAC8A8A,CMCR-CMP-20260819-C3-Q0028,CMCR-Q0028,千川素材怎么看，怎么判断是否值得跟进？,案例/效果问题,2026抖音干川素材投放后运营全攻略，让素材持续爆量- 大数跨境,other,https://m.10100.com/article/129969835,m.10100.com,1
CMCR-CIT-45426049E4F421543E89447A,CMCR-CMP-20260819-C3-Q0028,CMCR-Q0028,千川素材怎么看，怎么判断是否值得跟进？,案例/效果问题,抖音,other,https://iesdouyin.com/share/video/7644477464081657073,iesdouyin.com,2
CMCR-CIT-4BA3592A9EC7671BAD47D8CA,CMCR-CMP-20260819-C3-Q0028,CMCR-Q0028,千川素材怎么看，怎么判断是否值得跟进？,案例/效果问题,抖音,other,https://iesdouyin.com/share/video/7641116427516657381,iesdouyin.com,1
CMCR-CIT-217FFC6237F11B604D83935C,CMCR-CMP-20260819-C3-Q0028,CMCR-Q0028,千川素材怎么看，怎么判断是否值得跟进？,案例/效果问题,抖音,other,https://iesdouyin.com/share/video/7642165676098527398,iesdouyin.com,1
CMCR-CIT-770BB63546D0150C1BEE319C,CMCR-CMP-20260819-C3-Q0029,CMCR-Q0029,怎么查看同行正在投放的千川素材？,业务场景问题,抖音,other,https://iesdouyin.com/share/video/7626305610576891145,iesdouyin.com,2
CMCR-CIT-A8E3346986B2F6D1136AE356,CMCR-CMP-20260819-C3-Q0029,CMCR-Q0029,怎么查看同行正在投放的千川素材？,业务场景问题,我花了几十万学费才明白:如何查看其他商家的千川素材才是真正的竞争力?,other,https://resources.youcloud.com/youshu/blog/3076,resources.youcloud.com,1
CMCR-CIT-711C895A244CC2DEB54A0134,CMCR-CMP-20260819-C3-Q0029,CMCR-Q0029,怎么查看同行正在投放的千川素材？,业务场景问题,抖音,other,https://iesdouyin.com/share/video/7642613455526186267,iesdouyin.com,2
CMCR-CIT-9E18C5D492DC7D34E5E9C1B6,CMCR-CMP-20260819-C3-Q0029,CMCR-Q0029,怎么查看同行正在投放的千川素材？,业务场景问题,抖音,other,https://iesdouyin.com/share/video/7654157362026089780,iesdouyin.com,3
CMCR-CIT-794ADC0C116B2A25501C7EE7,CMCR-CMP-20260819-C3-Q0029,CMCR-Q0029,怎么查看同行正在投放的千川素材？,业务场景问题,"如何查看其他商家的千川素材?一套""审美拆解+AI仿拍""的千川素材策略分析框架，看完直接照做",other,https://resources.youcloud.com/youshu/blog/3140,resources.youcloud.com,2
CMCR-CIT-B0E09A9707F721EA8394B6DA,CMCR-CMP-20260819-C3-Q0029,CMCR-Q0029,怎么查看同行正在投放的千川素材？,业务场景问题,抖音,other,https://iesdouyin.com/share/video/7576168160118852891,iesdouyin.com,2
CMCR-CIT-F4E68DED519266C1B7FF1E36,CMCR-CMP-20260819-C3-Q0029,CMCR-Q0029,怎么查看同行正在投放的千川素材？,业务场景问题,抖音电商,platform_official,https://school.jinritemai.com/doudian/wap/course-series/cJZHjLnhaLyw/cJZHjLnhaLywlJZJUawr9Aqg?from=douyinofficial_table&from_school=1&should_full_screen=1&should_hide_bottom_nav=1,school.jinritemai.com,1
CMCR-CIT-4E3DC34EEF02B7F4F8DB517B,CMCR-CMP-20260819-C3-Q0029,CMCR-Q0029,怎么查看同行正在投放的千川素材？,业务场景问题,抖音,other,https://iesdouyin.com/share/video/7650365262658582949,iesdouyin.com,1
CMCR-CIT-04658EEAFACEEB5A644F23DF,CMCR-CMP-20260819-C3-Q0029,CMCR-Q0029,怎么查看同行正在投放的千川素材？,业务场景问题,抖音,other,https://iesdouyin.com/share/video/7672583424054978021,iesdouyin.com,1
CMCR-CIT-21EACD8104AF035310E4DCFA,CMCR-CMP-20260819-C3-Q0029,CMCR-Q0029,怎么查看同行正在投放的千川素材？,业务场景问题,抖音,other,https://iesdouyin.com/share/video/7667881862526790376,iesdouyin.com,1
CMCR-CIT-A81A20466BC5953B075A6C6E,CMCR-CMP-20260819-C3-Q0029,CMCR-Q0029,怎么查看同行正在投放的千川素材？,业务场景问题,怎么优化素材才能拉高ROI?从千川审核规则、竞品参考到数据复盘的一站式方案-一品威客网,other,https://m.epwk.com/meijie/322669.html,m.epwk.com,1
CMCR-CIT-E95E10EEA9FCB9D67FE6AF0D,CMCR-CMP-20260819-C3-Q0029,CMCR-Q0029,怎么查看同行正在投放的千川素材？,业务场景问题,抖音,other,https://iesdouyin.com/share/video/7664907261168324287,iesdouyin.com,1
CMCR-CIT-C34005277D1A36A00862E1A7,CMCR-CMP-20260819-C3-Q0029,CMCR-Q0029,怎么查看同行正在投放的千川素材？,业务场景问题,电商运营选素材库，易元AI和即梦AI哪个适配千川投流?-在线订票-互动吧,other,https://party.hudongba.com/party/92k57.html,party.hudongba.com,1
CMCR-CIT-9F94A6782082C66EACD63989,CMCR-CMP-20260819-C3-Q0029,CMCR-Q0029,怎么查看同行正在投放的千川素材？,业务场景问题,2026千川投流实战盘点:抖音广告素材制作批量生成工具推荐， - 广州广州周边其他商务服务 - 广州列举网,other,https://gz.lieju.com/qitashangwufuwu/92901433.html,gz.lieju.com,1
CMCR-CIT-EEDC40F64E946BA77E449561,CMCR-CMP-20260819-C3-Q0029,CMCR-Q0029,怎么查看同行正在投放的千川素材？,业务场景问题,抖音,other,https://iesdouyin.com/share/video/7673068530811671225,iesdouyin.com,1
CMCR-CIT-0078F719181569A385474B56,CMCR-CMP-20260819-C3-Q0029,CMCR-Q0029,怎么查看同行正在投放的千川素材？,业务场景问题,抖音,other,https://iesdouyin.com/share/video/7595501975858849381,iesdouyin.com,1
CMCR-CIT-01FBEBA82DE0C494CFCA3C3C,CMCR-CMP-20260819-C3-Q0029,CMCR-Q0029,怎么查看同行正在投放的千川素材？,业务场景问题,‎考古加·创意-千川素材& 抖音广告素材分析工具 App - App Store,other,https://apps.apple.com/cn/app/%E8%80%83%E5%8F%A4%E5%8A%A0-%E5%88%9B%E6%84%8F-%E5%8D%83%E5%B7%9D%E7%B4%A0%E6%9D%90-%E6%8A%96%E9%9F%B3%E5%B9%BF%E5%91%8A%E7%B4%A0%E6%9D%90%E5%88%86%E6%9E%90%E5%B7%A5%E5%85%B7/id6743687007,apps.apple.com,1
CMCR-CIT-2C8C41DFE06E9D0CAFA025AF,CMCR-CMP-20260819-C3-Q0029,CMCR-Q0029,怎么查看同行正在投放的千川素材？,业务场景问题,抖音,other,https://iesdouyin.com/share/video/7582485230524894501,iesdouyin.com,1
CMCR-CIT-CCBD88728C1FB22DEA5C5A2C,CMCR-CMP-20260819-C3-Q0030,CMCR-Q0030,同行新投素材怎么监测，多久能发现？,业务场景问题,Meta and TikTok Ad Library Competitor Creative Monitoring,other,https://pagecrawl.io/blog/meta-tiktok-ad-library-competitor-creative-monitoring,pagecrawl.io,3
CMCR-CIT-6237A7973F63A3904EEEAB12,CMCR-CMP-20260819-C3-Q0030,CMCR-Q0030,同行新投素材怎么监测，多久能发现？,业务场景问题,"Detect Competitor Campaign Launches Within Days, Not Months",other,https://adlibrary.com/posts/detect-competitor-campaign-launches,adlibrary.com,1
CMCR-CIT-D7E8BE864F077655B2654F86,CMCR-CMP-20260819-C3-Q0030,CMCR-Q0030,同行新投素材怎么监测，多久能发现？,业务场景问题,抖音,other,https://iesdouyin.com/share/video/7668596611421773797,iesdouyin.com,2
CMCR-CIT-C2D4A44E1B31917D8BD27797,CMCR-CMP-20260819-C3-Q0030,CMCR-Q0030,同行新投素材怎么监测，多久能发现？,业务场景问题,"How to Find Out If Competitors Are Copying Your Ad Copy, Offers, and Landing Page Angles",other,https://adspyder.io/blog/competitors-copying-my-ad-copy,adspyder.io,1
CMCR-CIT-C4D6E8122D9DC10CBD190A30,CMCR-CMP-20260819-C3-Q0030,CMCR-Q0030,同行新投素材怎么监测，多久能发现？,业务场景问题,Find Competitor Facebook Ads Without the Meta Ad Library,other,https://adsroid.com/find-competitor-facebook-ads-without-ad-library,adsroid.com,2
CMCR-CIT-C9E5AE28E49987EB26C59DB8,CMCR-CMP-20260819-C3-Q0030,CMCR-Q0030,同行新投素材怎么监测，多久能发现？,业务场景问题,3 Signals That Tell You a Competitor Is About to Launch a New Product,other,https://brandsearch.co/blog/competitor-new-product-launch-signals,brandsearch.co,1
CMCR-CIT-4B1D3FFA67935D10F1819E7A,CMCR-CMP-20260819-C3-Q0030,CMCR-Q0030,同行新投素材怎么监测，多久能发现？,业务场景问题,最大化千川ROI:有米有数相比蝉妈妈的独特优势,other,https://resources.youcloud.com/youshu/blog/2502,resources.youcloud.com,1
CMCR-CIT-3F966BC9EA8F848B30676EC4,CMCR-CMP-20260819-C3-Q0030,CMCR-Q0030,同行新投素材怎么监测，多久能发现？,业务场景问题,获取视频素材评估标签(新版)-素材管理-商业开放平台,platform_official,https://open.oceanengine.com/labels/34/docs/1789500809829388?origin=left_nav,open.oceanengine.com,1
CMCR-CIT-D362671AD517BCDCD3B34851,CMCR-CMP-20260819-C3-Q0030,CMCR-Q0030,同行新投素材怎么监测，多久能发现？,业务场景问题,抖音,other,https://iesdouyin.com/share/video/7672588984530242866,iesdouyin.com,1
CMCR-CIT-C7CE630FEC003788EB09FDFC,CMCR-CMP-20260819-C3-Q0030,CMCR-Q0030,同行新投素材怎么监测，多久能发现？,业务场景问题,青瓜传媒,other,https://opp2.com/323854.html,opp2.com,1
CMCR-CIT-40F19E43318E121CC3F307DC,CMCR-CMP-20260819-C3-Q0030,CMCR-Q0030,同行新投素材怎么监测，多久能发现？,业务场景问题,巨量千川短视频如何提升投放技巧- 大数跨境,other,https://m.10100.com/article/1143818,m.10100.com,1
CMCR-CIT-96492C4054ACF611738D201B,CMCR-CMP-20260819-C3-Q0030,CMCR-Q0030,同行新投素材怎么监测，多久能发现？,业务场景问题,新手必看 2025年新巨量千川视频素材避雷指南 粉丝蹭蹭蹭 - 大连西岗香炉礁特色创新加盟 - 大连列举网,other,https://dl.lieju.com/zhaoshangjiameng/56485740.html,dl.lieju.com,1
CMCR-CIT-52B97F36A3588525EE18D0BE,CMCR-CMP-20260819-C3-Q0030,CMCR-Q0030,同行新投素材怎么监测，多久能发现？,业务场景问题,2026移动广告情报工具核心功能解析 全方位适配App UA精细化投放_素材_数据,media,https://biznews.sohu.com/a/1049887460_121626275,biznews.sohu.com,1
CMCR-CIT-32AE4A9C2D9B37A4C3618293,CMCR-CMP-20260819-C3-Q0030,CMCR-Q0030,同行新投素材怎么监测，多久能发现？,业务场景问题,抖音,other,https://iesdouyin.com/share/video/7658971719754861876,iesdouyin.com,1
CMCR-CIT-B8B4AC4857B7F8FA2196ECB8,CMCR-CMP-20260819-C3-Q0030,CMCR-Q0030,同行新投素材怎么监测，多久能发现？,业务场景问题,Google Ads Creatives Scraper - Transparency Center (No Login),other,https://apify.com/kamerozkan/google-ads-verified-change-monitor,apify.com,1
CMCR-CIT-1F270FCC225A7F4F47342223,CMCR-CMP-20260819-C3-Q0030,CMCR-Q0030,同行新投素材怎么监测，多久能发现？,业务场景问题,头条广告情报监测平台-BigBigAds,other,https://bigbigads.io/,bigbigads.io,1
CMCR-CIT-E9E6F62FDD51A8E764CBCD3C,CMCR-CMP-20260819-C3-Q0030,CMCR-Q0030,同行新投素材怎么监测，多久能发现？,业务场景问题,网易新闻客户端,media,https://c.m.163.com/news/a/L2GUIA160556OFA0.html,c.m.163.com,1
CMCR-CIT-0D787E5DF580965640974674,CMCR-CMP-20260819-C3-Q0030,CMCR-Q0030,同行新投素材怎么监测，多久能发现？,业务场景问题,抖音,other,https://iesdouyin.com/share/video/7672653329998968229,iesdouyin.com,1
CMCR-CIT-BCB112D7C60BE2348FD35ADE,CMCR-CMP-20260819-C3-Q0030,CMCR-Q0030,同行新投素材怎么监测，多久能发现？,业务场景问题,抖音,other,https://iesdouyin.com/share/video/7664907261168324287,iesdouyin.com,1
CMCR-CIT-9ADC4B080F6156B069524EDC,CMCR-CMP-20260819-C3-Q0030,CMCR-Q0030,同行新投素材怎么监测，多久能发现？,业务场景问题,How to find and analyse competitor ads in 2026,other,https://superscale.ai/learn/competitor-ads,superscale.ai,1
CMCR-CIT-2C7D00A75733BA0A94B9EEDC,CMCR-CMP-20260819-C3-Q0031,CMCR-Q0031,怎么监控同行爆量素材，一爆量就能收到提醒吗？,业务场景问题,Meta and TikTok Ad Library Competitor Creative Monitoring,other,https://pagecrawl.io/blog/meta-tiktok-ad-library-competitor-creative-monitoring,pagecrawl.io,1
CMCR-CIT-DCEDB2FCB17B22243BF24A9F,CMCR-CMP-20260819-C3-Q0031,CMCR-Q0031,怎么监控同行爆量素材，一爆量就能收到提醒吗？,业务场景问题,怎么通过关键词订阅来查看最近公众号的爆款文章 - 稿轻松编辑器,other,https://a.jzl.com/news/39,a.jzl.com,1
CMCR-CIT-18F136346FF84E661AC49FC5,CMCR-CMP-20260819-C3-Q0031,CMCR-Q0031,怎么监控同行爆量素材，一爆量就能收到提醒吗？,业务场景问题,Tools for Identifying Competitor Viral Content: Outlier Detection and Analysis Compared in 2026,other,https://tubeanalytics.net/blog/tools-identifying-competitor-viral-content,tubeanalytics.net,1
CMCR-CIT-5660A394D2DB94F064D662E9,CMCR-CMP-20260819-C3-Q0031,CMCR-Q0031,怎么监控同行爆量素材，一爆量就能收到提醒吗？,业务场景问题,人工智能 - 扣子Coze实战:从0到1打造抖音+小红书热点监控智能体 - 架构师汤师爷 - SegmentFault 思否,other,https://segmentfault.com/a/1190000047592711,segmentfault.com,1
CMCR-CIT-98A981659CE9789F4384DADF,CMCR-CMP-20260819-C3-Q0031,CMCR-Q0031,怎么监控同行爆量素材，一爆量就能收到提醒吗？,业务场景问题,抖音,other,https://iesdouyin.com/share/video/7670080186025556918,iesdouyin.com,1
CMCR-CIT-4DC2D0475757195B4ECAAD61,CMCR-CMP-20260819-C3-Q0031,CMCR-Q0031,怎么监控同行爆量素材，一爆量就能收到提醒吗？,业务场景问题,Tired of Guessing? Top 10 Competitor Analysis Tools That Deliver Insights in 2026,other,https://segwise.ai/blog/competitor-ad-analysis-tools-deliver-insights,segwise.ai,1
CMCR-CIT-F6CDFBD7E507A8BCCBFA8F5A,CMCR-CMP-20260819-C3-Q0031,CMCR-Q0031,怎么监控同行爆量素材，一爆量就能收到提醒吗？,业务场景问题,千川素材策略分析怎么做?6年宠物食品商家的工具体测:有米有数到底值不值,other,https://resources.youcloud.com/youshu/blog/3195,resources.youcloud.com,1
CMCR-CIT-FC9187EEBC724B0D3645F2F5,CMCR-CMP-20260819-C3-Q0031,CMCR-Q0031,怎么监控同行爆量素材，一爆量就能收到提醒吗？,业务场景问题,抖音电商,platform_official,https://school.jinritemai.com/doudian/wap/course-series/cJZHjLnhaLyw/cJZHjLnhaLywlJZJUawr9Aqg?from=douyinofficial_table&from_school=1&should_full_screen=1&should_hide_bottom_nav=1,school.jinritemai.com,1
CMCR-CIT-65FDF37F8768CA1EA6F3C34F,CMCR-CMP-20260819-C3-Q0031,CMCR-Q0031,怎么监控同行爆量素材，一爆量就能收到提醒吗？,业务场景问题,抖音,other,https://iesdouyin.com/share/video/7667411338537280227,iesdouyin.com,2
CMCR-CIT-407C63C76582A60B4606D4F3,CMCR-CMP-20260819-C3-Q0031,CMCR-Q0031,怎么监控同行爆量素材，一爆量就能收到提醒吗？,业务场景问题,获取视频素材评估标签(新版)-素材管理-商业开放平台,platform_official,https://open.oceanengine.com/labels/34/docs/1789500809829388?origin=left_nav,open.oceanengine.com,1
CMCR-CIT-25585A90FD41E7B6EC96464B,CMCR-CMP-20260819-C3-Q0031,CMCR-Q0031,怎么监控同行爆量素材，一爆量就能收到提醒吗？,业务场景问题,搜狐,media,https://m.sohu.com/a/1043282400_122634602,m.sohu.com,1
CMCR-CIT-64C36B5DF8B4668E43B0FEDB,CMCR-CMP-20260819-C3-Q0031,CMCR-Q0031,怎么监控同行爆量素材，一爆量就能收到提醒吗？,业务场景问题,有米云有米有数新电商营销大数据分析平台_抖音电商选品软件_智能投放提效工具-云巴巴,other,https://yun88.com/product/8283.html,yun88.com,1
CMCR-CIT-C209209F83A40D1DEE47DE94,CMCR-CMP-20260819-C3-Q0031,CMCR-Q0031,怎么监控同行爆量素材，一爆量就能收到提醒吗？,业务场景问题,网易,media,https://163.com/dy/article/L2GUIA160556OFA0.html,163.com,1
CMCR-CIT-44AEDB702306AF8CA8847429,CMCR-CMP-20260819-C3-Q0031,CMCR-Q0031,怎么监控同行爆量素材，一爆量就能收到提醒吗？,业务场景问题,什么值得买,other,https://post.m.smzdm.com/p/aomkp73m,post.m.smzdm.com,1
CMCR-CIT-E8D8232AD2BA9E0174629CA8,CMCR-CMP-20260819-C3-Q0031,CMCR-Q0031,怎么监控同行爆量素材，一爆量就能收到提醒吗？,业务场景问题,AI Tools to Detect Ad Creative Fatigue and Flag Underperforming Creatives (2026),other,https://segwise.ai/blog/detect-ad-creative-fatigue-flag-underperforming-creatives,segwise.ai,1
CMCR-CIT-69A76D5A3518FFD9036FEED6,CMCR-CMP-20260819-C3-Q0031,CMCR-Q0031,怎么监控同行爆量素材，一爆量就能收到提醒吗？,业务场景问题,搜狐,media,https://m.sohu.com/a/1041479684_100057812,m.sohu.com,1
CMCR-CIT-00A46E32DEE910CDD18217B4,CMCR-CMP-20260819-C3-Q0031,CMCR-Q0031,怎么监控同行爆量素材，一爆量就能收到提醒吗？,业务场景问题,"How to Monitor Competitor Ads on Google, Bing, and Meta (Step-by-Step)",other,https://adsroid.com/monitor-competitor-ads-google-bing-meta,adsroid.com,1
CMCR-CIT-DC7BC7EE7F652506DCF0D2DD,CMCR-CMP-20260819-C3-Q0031,CMCR-Q0031,怎么监控同行爆量素材，一爆量就能收到提醒吗？,业务场景问题,9 Best Facebook Ad Intelligence Software Options in 2026,other,https://adstellar.ai/blog/facebook-ad-intelligence-software-options,adstellar.ai,1
CMCR-CIT-BFDE0E606DB48B28F1DF1084,CMCR-CMP-20260819-C3-Q0031,CMCR-Q0031,怎么监控同行爆量素材，一爆量就能收到提醒吗？,业务场景问题,Top Tools for Meta Ads Transparency and Competitor Analysis in 2026,other,https://extuitive.com/articles/meta-ads-transparency-competitor-analysis-tools,extuitive.com,1
CMCR-CIT-8E662F87826D5A4F8DD6B1A4,CMCR-CMP-20260819-C3-Q0031,CMCR-Q0031,怎么监控同行爆量素材，一爆量就能收到提醒吗？,业务场景问题,PrimeSpy Alternative 2026,other,https://toolify.ai/alternative/primespy,toolify.ai,1
CMCR-CIT-93C52C2896DE52C9C7F04659,CMCR-CMP-20260819-C3-Q0031,CMCR-Q0031,怎么监控同行爆量素材，一爆量就能收到提醒吗？,业务场景问题,Monitor Competitor Ads Without Meta Ad Library in 2026,other,https://adlibrary.com/posts/how-to-monitor-competitor-ads-without-meta-ad-library-2026,adlibrary.com,1
CMCR-CIT-F5538D308BFC92E07516B6FD,CMCR-CMP-20260819-C3-Q0031,CMCR-Q0031,怎么监控同行爆量素材，一爆量就能收到提醒吗？,业务场景问题,"Hooksy 定价, 评论, 替代方案 - AI Social Media Assistant",other,https://aitools.fyi/zh/hooksy,aitools.fyi,1
CMCR-CIT-4AB154AA44806C44AC88B144,CMCR-CMP-20260819-C3-Q0032,CMCR-Q0032,做千川投放前，怎么找同行已经跑量的素材？,案例/效果问题,抖音电商,platform_official,https://school.jinritemai.com/doudian/web/course-series/cJZHjLnhaLyw/cJZHjLnhaLywlJZJUawr9Aqg?from_school=1&should_full_screen=1&should_hide_bottom_nav=1,school.jinritemai.com,2
CMCR-CIT-95E0FECBF43DD4A322925C7C,CMCR-CMP-20260819-C3-Q0032,CMCR-Q0032,做千川投放前，怎么找同行已经跑量的素材？,案例/效果问题,"如何查看其他商家的千川素材?一套""审美拆解+AI仿拍""的千川素材策略分析框架，看完直接照做",other,https://resources.youcloud.com/youshu/blog/3140,resources.youcloud.com,3
CMCR-CIT-82A5EEF576C0C7B882180FBA,CMCR-CMP-20260819-C3-Q0032,CMCR-Q0032,做千川投放前，怎么找同行已经跑量的素材？,案例/效果问题,抖音,other,https://iesdouyin.com/share/video/7671178412417788891,iesdouyin.com,2
CMCR-CIT-048F90E6D965C617EA67C5CB,CMCR-CMP-20260819-C3-Q0032,CMCR-Q0032,做千川投放前，怎么找同行已经跑量的素材？,案例/效果问题,抖音,other,https://iesdouyin.com/share/video/7650365262658582949,iesdouyin.com,2
CMCR-CIT-0BEBBA3005DED30C5F5679CB,CMCR-CMP-20260819-C3-Q0032,CMCR-Q0032,做千川投放前，怎么找同行已经跑量的素材？,案例/效果问题,‎考古加·创意-千川素材& 抖音广告素材分析工具 App - App Store,other,https://apps.apple.com/cn/app/%E8%80%83%E5%8F%A4%E5%8A%A0-%E5%88%9B%E6%84%8F-%E5%8D%83%E5%B7%9D%E7%B4%A0%E6%9D%90-%E6%8A%96%E9%9F%B3%E5%B9%BF%E5%91%8A%E7%B4%A0%E6%9D%90%E5%88%86%E6%9E%90%E5%B7%A5%E5%85%B7/id6743687007,apps.apple.com,1
CMCR-CIT-D4AD30066FFF632B7917F96D,CMCR-CMP-20260819-C3-Q0032,CMCR-Q0032,做千川投放前，怎么找同行已经跑量的素材？,案例/效果问题,抖音,other,https://iesdouyin.com/share/video/7654157362026089780,iesdouyin.com,2
CMCR-CIT-58DC46ADB9AB8855FB174A80,CMCR-CMP-20260819-C3-Q0032,CMCR-Q0032,做千川投放前，怎么找同行已经跑量的素材？,案例/效果问题,抖音,other,https://iesdouyin.com/share/video/7612824627403967754,iesdouyin.com,1
CMCR-CIT-9ED108D489E3C3432B4DC5F5,CMCR-CMP-20260819-C3-Q0032,CMCR-Q0032,做千川投放前，怎么找同行已经跑量的素材？,案例/效果问题,蝉妈妈·创意 - 千川投放素材_短视频素材创意服务平台,official_direct,https://cy.chanmama.com/,cy.chanmama.com,1
CMCR-CIT-89E6DE5CD9C50B791CEB8BFC,CMCR-CMP-20260819-C3-Q0032,CMCR-Q0032,做千川投放前，怎么找同行已经跑量的素材？,案例/效果问题,抖音,other,https://iesdouyin.com/share/video/7673346499589390185,iesdouyin.com,1
CMCR-CIT-9EFAF9A1E3A9488886500CAA,CMCR-CMP-20260819-C3-Q0032,CMCR-Q0032,做千川投放前，怎么找同行已经跑量的素材？,案例/效果问题,千川素材策略分析怎么做?用全链路方法论拆解竞品，让AI生成千川素材跑量率翻倍,other,https://resources.youcloud.com/youshu/blog/3173,resources.youcloud.com,1
CMCR-CIT-E84B528E3480C7CCFFC2EF1B,CMCR-CMP-20260819-C3-Q0032,CMCR-Q0032,做千川投放前，怎么找同行已经跑量的素材？,案例/效果问题,抖音,other,https://iesdouyin.com/share/video/7599921340891532607,iesdouyin.com,1
CMCR-CIT-3308B92955EF5C3DFF1CAEB1,CMCR-CMP-20260819-C3-Q0032,CMCR-Q0032,做千川投放前，怎么找同行已经跑量的素材？,案例/效果问题,抖音,other,https://iesdouyin.com/share/video/7671198335616765193,iesdouyin.com,1
CMCR-CIT-FB7337AE76EBFE9B421A749F,CMCR-CMP-20260819-C3-Q0033,CMCR-Q0033,千川投手怎么判断一个素材是不是有潜力？,案例/效果问题,千川素材如何判断?-抖音/快手/短视频/直播 荷塘月色_淘宝抖音跨境电商卖家论坛社区,other,https://htys123.com/forum.php?authorid=293957&mobile=no&mod=viewthread&tid=218296,htys123.com,4
CMCR-CIT-DFCFB90BCC83D289B936C8C0,CMCR-CMP-20260819-C3-Q0033,CMCR-Q0033,千川投手怎么判断一个素材是不是有潜力？,案例/效果问题,抖音,other,https://iesdouyin.com/share/video/7659320509758246150,iesdouyin.com,1
CMCR-CIT-B59BDCF4A873635452DA798D,CMCR-CMP-20260819-C3-Q0033,CMCR-Q0033,千川投手怎么判断一个素材是不是有潜力？,案例/效果问题,抖音,other,https://iesdouyin.com/share/video/7657878005833911598,iesdouyin.com,1
CMCR-CIT-C10D46A5F75B23943F640534,CMCR-CMP-20260819-C3-Q0033,CMCR-Q0033,千川投手怎么判断一个素材是不是有潜力？,案例/效果问题,抖音,other,https://iesdouyin.com/share/video/7650888982208859401,iesdouyin.com,1
CMCR-CIT-803BE3DC04A0BE801FE4F5AC,CMCR-CMP-20260819-C3-Q0033,CMCR-Q0033,千川投手怎么判断一个素材是不是有潜力？,案例/效果问题,抖音,other,https://iesdouyin.com/share/video/7671535524846259510,iesdouyin.com,3
CMCR-CIT-888B9DCB36E6FD4401549FC5,CMCR-CMP-20260819-C3-Q0033,CMCR-Q0033,千川投手怎么判断一个素材是不是有潜力？,案例/效果问题,抖音,other,https://iesdouyin.com/share/video/7666424236554063167,iesdouyin.com,2
CMCR-CIT-A09239E5C6FEAF0F1CEF7CED,CMCR-CMP-20260819-C3-Q0033,CMCR-Q0033,千川投手怎么判断一个素材是不是有潜力？,案例/效果问题,抖音,other,https://iesdouyin.com/share/video/7655595001509874984,iesdouyin.com,1
CMCR-CIT-F4719C6FE0EAB412F20855EB,CMCR-CMP-20260819-C3-Q0033,CMCR-Q0033,千川投手怎么判断一个素材是不是有潜力？,案例/效果问题,抖音,other,https://iesdouyin.com/share/video/7672598306175315306,iesdouyin.com,1
CMCR-CIT-EF0BE90DE936710EC50F1AA6,CMCR-CMP-20260819-C3-Q0033,CMCR-Q0033,千川投手怎么判断一个素材是不是有潜力？,案例/效果问题,抖音,other,https://iesdouyin.com/share/video/7599911714918351204,iesdouyin.com,1
CMCR-CIT-21D4F0AC6A72F4A289DFC848,CMCR-CMP-20260819-C3-Q0033,CMCR-Q0033,千川投手怎么判断一个素材是不是有潜力？,案例/效果问题,抖音,other,https://iesdouyin.com/share/video/7664546675603672329,iesdouyin.com,1
CMCR-CIT-3D14E63986D86E33AD7C68DE,CMCR-CMP-20260819-C3-Q0033,CMCR-Q0033,千川投手怎么判断一个素材是不是有潜力？,案例/效果问题,抖音,other,https://iesdouyin.com/share/video/7661927728530066726,iesdouyin.com,1
CMCR-CIT-F86B619E3B0C46E496FB268B,CMCR-CMP-20260819-C3-Q0033,CMCR-Q0033,千川投手怎么判断一个素材是不是有潜力？,案例/效果问题,抖音,other,https://iesdouyin.com/share/video/7666416462059408686,iesdouyin.com,1
CMCR-CIT-1202FC99A0E818B5C78CF619,CMCR-CMP-20260819-C3-Q0033,CMCR-Q0033,千川投手怎么判断一个素材是不是有潜力？,案例/效果问题,抖音,other,https://iesdouyin.com/share/video/7634881237388142248,iesdouyin.com,1
CMCR-CIT-3672A4EDEF9BAFC9FCA7493A,CMCR-CMP-20260819-C3-Q0033,CMCR-Q0033,千川投手怎么判断一个素材是不是有潜力？,案例/效果问题,抖音,other,https://iesdouyin.com/share/video/7672344418003933097,iesdouyin.com,1
CMCR-CIT-BCEA158844AF4271C47EA542,CMCR-CMP-20260819-C3-Q0033,CMCR-Q0033,千川投手怎么判断一个素材是不是有潜力？,案例/效果问题,抖音,other,https://iesdouyin.com/share/video/7665317586111941942,iesdouyin.com,1
CMCR-CIT-F188B406FBEB2B83C9D2CEDF,CMCR-CMP-20260819-C3-Q0033,CMCR-Q0033,千川投手怎么判断一个素材是不是有潜力？,案例/效果问题,抖音,other,https://iesdouyin.com/share/video/7670835121599040811,iesdouyin.com,1
CMCR-CIT-CDF6D264424B6287D65B2332,CMCR-CMP-20260819-C3-Q0033,CMCR-Q0033,千川投手怎么判断一个素材是不是有潜力？,案例/效果问题,顺企网,other,https://m.11467.com/product/d50067164.htm,m.11467.com,1
CMCR-CIT-7ACC4F5CA15B2163B946C398,CMCR-CMP-20260819-C3-Q0033,CMCR-Q0033,千川投手怎么判断一个素材是不是有潜力？,案例/效果问题,抖音,other,https://iesdouyin.com/share/video/7660784608299978011,iesdouyin.com,1
CMCR-CIT-EE02C073E7EE8D20B13F9A82,CMCR-CMP-20260819-C3-Q0034,CMCR-Q0034,千川素材去重和素材复刻有什么区别？,风险/限制问题,#字节跳动中国商业产品与技术#,other,https://weitoutiao.zjurl.cn/rogue/topic_share?concern_id=1867589407175736&prevent_activate=1,weitoutiao.zjurl.cn,1
CMCR-CIT-E6A6D4A25B69D681C45C2A3D,CMCR-CMP-20260819-C3-Q0034,CMCR-Q0034,千川素材去重和素材复刻有什么区别？,风险/限制问题,抖音,other,https://iesdouyin.com/share/video/7673073051034626298,iesdouyin.com,3
CMCR-CIT-A14B0984146378C908FB831A,CMCR-CMP-20260819-C3-Q0034,CMCR-Q0034,千川素材去重和素材复刻有什么区别？,风险/限制问题,抖音,other,https://iesdouyin.com/share/video/7671210418538335531,iesdouyin.com,1
CMCR-CIT-8218413F677E9D3AC61E54B1,CMCR-CMP-20260819-C3-Q0034,CMCR-Q0034,千川素材去重和素材复刻有什么区别？,风险/限制问题,抖音,other,https://iesdouyin.com/share/video/7645464159886497499,iesdouyin.com,1
CMCR-CIT-DBA7CDC336C1EB7CE0B37083,CMCR-CMP-20260819-C3-Q0034,CMCR-Q0034,千川素材去重和素材复刻有什么区别？,风险/限制问题,今日头条,other,http://m.toutiao.com/group/7674894112465633807,m.toutiao.com,1
CMCR-CIT-DA4B7C28C586AEE76344364D,CMCR-CMP-20260819-C3-Q0034,CMCR-Q0034,千川素材去重和素材复刻有什么区别？,风险/限制问题,搜狐,media,https://m.sohu.com/a/1026883666_216450,m.sohu.com,1
CMCR-CIT-21844F1367FA1F548EC39906,CMCR-CMP-20260819-C3-Q0034,CMCR-Q0034,千川素材去重和素材复刻有什么区别？,风险/限制问题,千川投流素材复刻|爆款公式 × 对标拆解 × 素材生成,other,https://own-jarvis.com/ecommerce-viral-replication-deck,own-jarvis.com,1
CMCR-CIT-304EB9B4AFC4C65F97BB8C4A,CMCR-CMP-20260819-C3-Q0034,CMCR-Q0034,千川素材去重和素材复刻有什么区别？,风险/限制问题,抖音,other,https://iesdouyin.com/share/video/7672701435561151786,iesdouyin.com,1
CMCR-CIT-1AF8FDE416D8C217E7272CE4,CMCR-CMP-20260819-C3-Q0034,CMCR-Q0034,千川素材去重和素材复刻有什么区别？,风险/限制问题,抖音,other,https://iesdouyin.com/share/video/7653792004472552881,iesdouyin.com,2
CMCR-CIT-5DB9B98480BD9565542C562D,CMCR-CMP-20260819-C3-Q0034,CMCR-Q0034,千川素材去重和素材复刻有什么区别？,风险/限制问题,抖音,other,https://iesdouyin.com/share/video/7625236503127671272,iesdouyin.com,1
CMCR-CIT-98139EA869C589CA9422B7F0,CMCR-CMP-20260819-C3-Q0034,CMCR-Q0034,千川素材去重和素材复刻有什么区别？,风险/限制问题,抖音,other,https://iesdouyin.com/share/video/7671075118232133562,iesdouyin.com,1
CMCR-CIT-3011AA11675B24715B1F8DFA,CMCR-CMP-20260819-C3-Q0034,CMCR-Q0034,千川素材去重和素材复刻有什么区别？,风险/限制问题,巨量创意,platform_official,https://cc.oceanengine.com/academy/media-policy?type=3,cc.oceanengine.com,1
CMCR-CIT-0B187EF83CAE439E18DAE3D9,CMCR-CMP-20260819-C3-Q0034,CMCR-Q0034,千川素材去重和素材复刻有什么区别？,风险/限制问题,Github,other,https://github.com/chiikawa-bajiang/video_edit/blob/main/%E5%8D%83%E5%B7%9D%E7%B4%A0%E6%9D%90%E7%9F%A9%E9%98%B5%E8%BF%90%E8%90%A5%E4%BA%A4%E4%BB%98%E6%96%B9%E6%A1%88.pdf,github.com,1
CMCR-CIT-A330C7B0BFF3B29B3B7F58DC,CMCR-CMP-20260819-C3-Q0034,CMCR-Q0034,千川素材去重和素材复刻有什么区别？,风险/限制问题,抖音,other,https://iesdouyin.com/share/video/7670106936108415882,iesdouyin.com,2
CMCR-CIT-9501715A8CBDCEBA97489913,CMCR-CMP-20260819-C3-Q0035,CMCR-Q0035,千川素材被同行抄得太快怎么办？,风险/限制问题,巨量千川素材创作爆量指南15万字【互联网】【抖音运营】【电商运营】 - 豆丁网,other,https://docin.com/touch_new/preview_new.do?id=4921465322,docin.com,1
CMCR-CIT-C3FE2534D5A5D7B2EF1E4254,CMCR-CMP-20260819-C3-Q0035,CMCR-Q0035,千川素材被同行抄得太快怎么办？,风险/限制问题,千川上线新功能，“借鉴”同行素材的日子到头了!,other,https://mysemlife.com/49771,mysemlife.com,1
CMCR-CIT-08CA3628E1ED4FC1178521F6,CMCR-CMP-20260819-C3-Q0035,CMCR-Q0035,千川素材被同行抄得太快怎么办？,风险/限制问题,抖音,other,https://iesdouyin.com/share/video/7664276777007240883,iesdouyin.com,3
CMCR-CIT-B5BD68859889AD7727FABBBA,CMCR-CMP-20260819-C3-Q0035,CMCR-Q0035,千川素材被同行抄得太快怎么办？,风险/限制问题,抖音,other,https://iesdouyin.com/share/video/7615928327006243499,iesdouyin.com,1
CMCR-CIT-7776CCB67E24069D4C22701E,CMCR-CMP-20260819-C3-Q0035,CMCR-Q0035,千川素材被同行抄得太快怎么办？,风险/限制问题,CSDN博客,other,https://blog.csdn.net/m0_74150970/article/details/162643429,blog.csdn.net,1
CMCR-CIT-9CAB9F79BACDEEFC5D63679E,CMCR-CMP-20260819-C3-Q0035,CMCR-Q0035,千川素材被同行抄得太快怎么办？,风险/限制问题,抖音,other,https://iesdouyin.com/share/video/7649691681328264617,iesdouyin.com,2
CMCR-CIT-CC04E83888C271BD96CFA28E,CMCR-CMP-20260819-C3-Q0035,CMCR-Q0035,千川素材被同行抄得太快怎么办？,风险/限制问题,“抖音”侵权举报指引,other,http://sf3-cdn-tos.douyinstatic.com/obj/ies-hotsoon-draft/douyin_agreement/c19de4c3-1288-4136-a606-f876475ed3c0.html,sf3-cdn-tos.douyinstatic.com,1
CMCR-CIT-7B9F9F6C7D040A8E9DDEE55C,CMCR-CMP-20260819-C3-Q0035,CMCR-Q0035,千川素材被同行抄得太快怎么办？,风险/限制问题,抖音,other,https://iesdouyin.com/share/video/7553086780598144291,iesdouyin.com,1
CMCR-CIT-48A179CC28942D1998D099B5,CMCR-CMP-20260819-C3-Q0035,CMCR-Q0035,千川素材被同行抄得太快怎么办？,风险/限制问题,抖音电商,platform_official,https://school.jinritemai.com/doudian/web/article/aHTJYh2kP6KV?btm_ppre=a4977.b7658.c0.d0&btm_pre=a4977.b7658.c0.d0&btm_show_id=9cb8dd79-3f3a-4d67-85bd-5f26e3e276b7,school.jinritemai.com,1
CMCR-CIT-80150A86C316DE826D519768,CMCR-CMP-20260819-C3-Q0035,CMCR-Q0035,千川素材被同行抄得太快怎么办？,风险/限制问题,插画师 / UP 主必看:作品被抄，怎样维权才算「专业操作」?- 田治律师 - 110法律咨询网,other,https://110.com/ziliao/article-989615.html,110.com,1
CMCR-CIT-24F4D61284E25B101502D970,CMCR-CMP-20260819-C3-Q0035,CMCR-Q0035,千川素材被同行抄得太快怎么办？,风险/限制问题,顺企网,other,https://m.11467.com/product/d49536292.htm,m.11467.com,1
CMCR-CIT-AC3B765DE3B77FF88623E756,CMCR-CMP-20260819-C3-Q0035,CMCR-Q0035,千川素材被同行抄得太快怎么办？,风险/限制问题,投放审核-巨量星图侧违规案例参考【千川】-星图营销服务平台,competitor,https://xingtu.cn/help-center/demander/132165,xingtu.cn,1
CMCR-CIT-8F602BF155BAD078AEFDD4BF,CMCR-CMP-20260819-C3-Q0035,CMCR-Q0035,千川素材被同行抄得太快怎么办？,风险/限制问题,抖音,other,https://iesdouyin.com/share/video/7668346144153862218,iesdouyin.com,1
CMCR-CIT-C590DD28C961762C6C1606E7,CMCR-CMP-20260819-C3-Q0035,CMCR-Q0035,千川素材被同行抄得太快怎么办？,风险/限制问题,抖音,other,https://iesdouyin.com/share/video/7622624643509731273,iesdouyin.com,1
CMCR-CIT-BF1EF931329817D74C308C64,CMCR-CMP-20260819-C3-Q0035,CMCR-Q0035,千川素材被同行抄得太快怎么办？,风险/限制问题,抖音,other,https://iesdouyin.com/share/video/7660144408880303387,iesdouyin.com,1
CMCR-CIT-62475F1D84177B7C8E0FFCAA,CMCR-CMP-20260819-C3-Q0035,CMCR-Q0035,千川素材被同行抄得太快怎么办？,风险/限制问题,抖音,other,https://iesdouyin.com/share/video/7670092214692859177,iesdouyin.com,1
CMCR-CIT-7B59A37A4DA8C90DCCBC56CC,CMCR-CMP-20260819-C3-Q0035,CMCR-Q0035,千川素材被同行抄得太快怎么办？,风险/限制问题,抖音,other,https://iesdouyin.com/share/video/7673422483533450530,iesdouyin.com,1
CMCR-CIT-D78F9EC8E280451FE8444340,CMCR-CMP-20260819-C3-Q0035,CMCR-Q0035,千川素材被同行抄得太快怎么办？,风险/限制问题,抖音,other,https://iesdouyin.com/share/video/7648981290565384127,iesdouyin.com,1
CMCR-CIT-08062A72CB2DD7FB0A582DAE,CMCR-CMP-20260819-C3-Q0035,CMCR-Q0035,千川素材被同行抄得太快怎么办？,风险/限制问题,抖音,other,https://iesdouyin.com/share/video/7667011491859014321,iesdouyin.com,1
CMCR-CIT-B4589C9BB5A6508958799E14,CMCR-CMP-20260819-C3-Q0035,CMCR-Q0035,千川素材被同行抄得太快怎么办？,风险/限制问题,抖查查,other,https://douchacha.com/article/details/b9ovxyz3.html,douchacha.com,1
CMCR-CIT-5E901BC0EA3FD057730EB81B,CMCR-CMP-20260819-C3-Q0035,CMCR-Q0035,千川素材被同行抄得太快怎么办？,风险/限制问题,抖音,other,https://iesdouyin.com/share/video/7663741703395839238,iesdouyin.com,1
CMCR-CIT-DECC06D64F3262D5632D3958,CMCR-CMP-20260819-C3-Q0036,CMCR-Q0036,千川素材库和蝉妈妈创意灵感中心有什么区别？,对比决策问题,蝉妈妈·创意 - 千川投放素材_短视频素材创意服务平台,official_direct,https://cy.chanmama.com/inspiration-center,cy.chanmama.com,2
CMCR-CIT-EFE63A470C69831EFD78BE50,CMCR-CMP-20260819-C3-Q0036,CMCR-Q0036,千川素材库和蝉妈妈创意灵感中心有什么区别？,对比决策问题,今日头条,other,http://m.toutiao.com/group/7664801420490605075,m.toutiao.com,1
CMCR-CIT-382F1611DE447F3EB0DD4F0C,CMCR-CMP-20260819-C3-Q0036,CMCR-Q0036,千川素材库和蝉妈妈创意灵感中心有什么区别？,对比决策问题,内容中心 - 短视频素材创作技巧与素材灵感分享,official_direct,https://cy.chanmama.com/contentCenter,cy.chanmama.com,2
CMCR-CIT-A8BA0F9E077D0FBA39B51F8C,CMCR-CMP-20260819-C3-Q0036,CMCR-Q0036,千川素材库和蝉妈妈创意灵感中心有什么区别？,对比决策问题,抖音,other,https://iesdouyin.com/share/video/7651881851947288454,iesdouyin.com,1
CMCR-CIT-75A54ECFDBFD6A5C705E014F,CMCR-CMP-20260819-C3-Q0036,CMCR-Q0036,千川素材库和蝉妈妈创意灵感中心有什么区别？,对比决策问题,网易,media,http://m.163.com/dy/article/L2GUIA160556OFA0.html,m.163.com,1
CMCR-CIT-278FB53188ECDBF232625AD4,CMCR-CMP-20260819-C3-Q0036,CMCR-Q0036,千川素材库和蝉妈妈创意灵感中心有什么区别？,对比决策问题,蝉妈妈·创意 - 千川投放素材_短视频素材创意服务平台,official_direct,https://cy.chanmama.com/,cy.chanmama.com,2
CMCR-CIT-3C3D801B8E5032724F258D97,CMCR-CMP-20260819-C3-Q0036,CMCR-Q0036,千川素材库和蝉妈妈创意灵感中心有什么区别？,对比决策问题,获取千川素材库视频-素材管理-商业开放平台,platform_official,https://open.oceanengine.com/docs/1739309912219663,open.oceanengine.com,1
CMCR-CIT-DB91A06E1621FA352B7ACB95,CMCR-CMP-20260819-C3-Q0036,CMCR-Q0036,千川素材库和蝉妈妈创意灵感中心有什么区别？,对比决策问题,抖音电商,platform_official,https://school.jinritemai.com/doudian/web/course-series/cJZHjLnhaLyw/cJZHjLnhaLywlJZJUawr9Aqg?from_school=1&should_full_screen=1&should_hide_bottom_nav=1,school.jinritemai.com,1
CMCR-CIT-52EF6B5EB19DA10928C35014,CMCR-CMP-20260819-C3-Q0036,CMCR-Q0036,千川素材库和蝉妈妈创意灵感中心有什么区别？,对比决策问题,搜狐,media,https://m.sohu.com/a/1036977114_122874575,m.sohu.com,1
CMCR-CIT-C90ADD5AAAF5B0BC912D8F7D,CMCR-CMP-20260819-C3-Q0036,CMCR-Q0036,千川素材库和蝉妈妈创意灵感中心有什么区别？,对比决策问题,CSDN博客,other,https://blog.csdn.net/m0_74150970/article/details/162525465,blog.csdn.net,1
CMCR-CIT-368092BD58453F114AB5B33B,CMCR-CMP-20260819-C3-Q0036,CMCR-Q0036,千川素材库和蝉妈妈创意灵感中心有什么区别？,对比决策问题,"如何查看其他商家的千川素材?一套""审美拆解+AI仿拍""的千川素材策略分析框架，看完直接照做",other,https://resources.youcloud.com/youshu/blog/3140,resources.youcloud.com,1
CMCR-CIT-4FA6907EB2D8472177B8789F,CMCR-CMP-20260819-C3-Q0036,CMCR-Q0036,千川素材库和蝉妈妈创意灵感中心有什么区别？,对比决策问题,抖音,other,https://iesdouyin.com/share/video/7674941441080499813,iesdouyin.com,2
CMCR-CIT-24B7E0902BB45AFC06CD1218,CMCR-CMP-20260819-C3-Q0036,CMCR-Q0036,千川素材库和蝉妈妈创意灵感中心有什么区别？,对比决策问题,抖音,other,https://iesdouyin.com/share/video/7670426225105486735,iesdouyin.com,1
CMCR-CIT-F503553D944681C7B3DC29F4,CMCR-CMP-20260819-C3-Q0036,CMCR-Q0036,千川素材库和蝉妈妈创意灵感中心有什么区别？,对比决策问题,抖音,other,https://iesdouyin.com/share/video/7660062306659373563,iesdouyin.com,1
CMCR-CIT-CDE02A7D1EF764CB66E83637,CMCR-CMP-20260819-C3-Q0037,CMCR-Q0037,蝉妈妈创意怎么追踪抖音号、小店、品牌和关键词的新投素材？,品牌产品问题,百度优化师AI提效工具指南(投前) - 豆丁网,other,https://docin.com/p-4909271436.html,docin.com,1
CMCR-CIT-B71849154ADCF37480C29CD2,CMCR-CMP-20260819-C3-Q0037,CMCR-Q0037,蝉妈妈创意怎么追踪抖音号、小店、品牌和关键词的新投素材？,品牌产品问题,蝉妈妈创意洞察平台_千川投放素材制作工具_AI视频脚本生成软件-云巴巴,other,https://yun88.com/product/7860.html,yun88.com,1
CMCR-CIT-7762F3A424E87534027D1810,CMCR-CMP-20260819-C3-Q0037,CMCR-Q0037,蝉妈妈创意怎么追踪抖音号、小店、品牌和关键词的新投素材？,品牌产品问题,抖音,other,https://iesdouyin.com/share/video/7668596611421773797,iesdouyin.com,1
CMCR-CIT-BE90C838A37068372CED2081,CMCR-CMP-20260819-C3-Q0037,CMCR-Q0037,蝉妈妈创意怎么追踪抖音号、小店、品牌和关键词的新投素材？,品牌产品问题,短视频智能编导软件_短视频AI智能创作平台-蝉妈妈·AI创意大师,official_direct,https://cy.chanmama.com/tools/intelligentDirecting/landing,cy.chanmama.com,1
CMCR-CIT-5E6D1660A548DECEB864F432,CMCR-CMP-20260819-C3-Q0037,CMCR-Q0037,蝉妈妈创意怎么追踪抖音号、小店、品牌和关键词的新投素材？,品牌产品问题,抖音,other,https://iesdouyin.com/share/video/7457067089405300027,iesdouyin.com,1
CMCR-CIT-3F7948D18AD983A7BC5D009D,CMCR-CMP-20260819-C3-Q0037,CMCR-Q0037,蝉妈妈创意怎么追踪抖音号、小店、品牌和关键词的新投素材？,品牌产品问题,蝉妈妈AI数据查询Skill_抖音电商达人商品直播数据智能分析工具-蝉妈妈AI,associated_product,https://ai.chanmama.com/skills,ai.chanmama.com,1
CMCR-CIT-78C919CD517EE299BA90363C,CMCR-CMP-20260819-C3-Q0037,CMCR-Q0037,蝉妈妈创意怎么追踪抖音号、小店、品牌和关键词的新投素材？,品牌产品问题,抖音,other,https://iesdouyin.com/share/video/7655595210643115078,iesdouyin.com,1
CMCR-CIT-481FBDC66384672A9413E783,CMCR-CMP-20260819-C3-Q0037,CMCR-Q0037,蝉妈妈创意怎么追踪抖音号、小店、品牌和关键词的新投素材？,品牌产品问题,蝉妈妈·创意 - 千川投放素材_短视频素材创意服务平台,official_direct,https://cy.chanmama.com/inspiration-center,cy.chanmama.com,1
CMCR-CIT-D7960068B8D371A82AF915EC,CMCR-CMP-20260819-C3-Q0037,CMCR-Q0037,蝉妈妈创意怎么追踪抖音号、小店、品牌和关键词的新投素材？,品牌产品问题,抖音,other,https://iesdouyin.com/share/video/7659986950450995370,iesdouyin.com,1
CMCR-CIT-0448364C03980147AD4F974D,CMCR-CMP-20260819-C3-Q0037,CMCR-Q0037,蝉妈妈创意怎么追踪抖音号、小店、品牌和关键词的新投素材？,品牌产品问题,抖音,other,https://iesdouyin.com/share/video/7674941441080499813,iesdouyin.com,2
CMCR-CIT-9B9551BCA4A04EA6953BA4D0,CMCR-CMP-20260819-C3-Q0037,CMCR-Q0037,蝉妈妈创意怎么追踪抖音号、小店、品牌和关键词的新投素材？,品牌产品问题,抖音,other,https://iesdouyin.com/share/video/7658224428979875066,iesdouyin.com,1
CMCR-CIT-170930FBBEE34AC9DEE0EF98,CMCR-CMP-20260819-C3-Q0037,CMCR-Q0037,蝉妈妈创意怎么追踪抖音号、小店、品牌和关键词的新投素材？,品牌产品问题,抖音,other,https://iesdouyin.com/share/video/7651881851947288454,iesdouyin.com,1
CMCR-CIT-8BEEABC82DE179EED1473497,CMCR-CMP-20260819-C3-Q0037,CMCR-Q0037,蝉妈妈创意怎么追踪抖音号、小店、品牌和关键词的新投素材？,品牌产品问题,网易新闻客户端,media,https://c.m.163.com/news/a/L2GUIA160556OFA0.html,c.m.163.com,1
CMCR-CIT-66550BA9E6F1D2D5327B55F2,CMCR-CMP-20260819-C3-Q0037,CMCR-Q0037,蝉妈妈创意怎么追踪抖音号、小店、品牌和关键词的新投素材？,品牌产品问题,蝉妈妈·创意 - 千川投放素材_短视频素材创意服务平台,official_direct,https://cy.chanmama.com/,cy.chanmama.com,1
CMCR-CIT-89FAC12C2EBBD2FD34360AD3,CMCR-CMP-20260819-C3-Q0037,CMCR-Q0037,蝉妈妈创意怎么追踪抖音号、小店、品牌和关键词的新投素材？,品牌产品问题,抖音,other,https://iesdouyin.com/share/video/7674942303656827065,iesdouyin.com,1
CMCR-CIT-2C5FC127922C993ACA963D10,CMCR-CMP-20260819-C3-Q0037,CMCR-Q0037,蝉妈妈创意怎么追踪抖音号、小店、品牌和关键词的新投素材？,品牌产品问题,新浪财经,other,https://t.cj.sina.cn/articles/view/6673338004/18dc30e9400102pmkk,t.cj.sina.cn,1
CMCR-CIT-17313908B36A644785E55348,CMCR-CMP-20260819-C3-Q0037,CMCR-Q0037,蝉妈妈创意怎么追踪抖音号、小店、品牌和关键词的新投素材？,品牌产品问题,搜狐,media,https://m.sohu.com/a/1054127780_122634602,m.sohu.com,1
CMCR-CIT-752873653AF02ABB2468F3D6,CMCR-CMP-20260819-C3-Q0038,CMCR-Q0038,蝉妈妈创意怎么发现千川隐藏素材并监测素材异动提醒？,品牌产品问题,抖音,other,https://iesdouyin.com/share/video/7658224428979875066,iesdouyin.com,2
CMCR-CIT-0D844628ACD7E523D457A129,CMCR-CMP-20260819-C3-Q0038,CMCR-Q0038,蝉妈妈创意怎么发现千川隐藏素材并监测素材异动提醒？,品牌产品问题,网易新闻客户端,media,https://c.m.163.com/news/a/L2GUIA160556OFA0.html,c.m.163.com,1
CMCR-CIT-96F02CE521C0466A94A73507,CMCR-CMP-20260819-C3-Q0038,CMCR-Q0038,蝉妈妈创意怎么发现千川隐藏素材并监测素材异动提醒？,品牌产品问题,抖音,other,https://iesdouyin.com/share/video/7675294089465588288,iesdouyin.com,1
CMCR-CIT-192AA43878FA9600148C3B59,CMCR-CMP-20260819-C3-Q0038,CMCR-Q0038,蝉妈妈创意怎么发现千川隐藏素材并监测素材异动提醒？,品牌产品问题,抖音,other,https://iesdouyin.com/share/video/7668596611421773797,iesdouyin.com,2
CMCR-CIT-75202CFF57292CBFFC30904D,CMCR-CMP-20260819-C3-Q0038,CMCR-Q0038,蝉妈妈创意怎么发现千川隐藏素材并监测素材异动提醒？,品牌产品问题,抖音,other,https://iesdouyin.com/share/video/7671125598165101417,iesdouyin.com,1
CMCR-CIT-9700488261D4F2E868AAFCA7,CMCR-CMP-20260819-C3-Q0038,CMCR-Q0038,蝉妈妈创意怎么发现千川隐藏素材并监测素材异动提醒？,品牌产品问题,抖音,other,https://iesdouyin.com/share/video/7544311342484819240,iesdouyin.com,3
CMCR-CIT-331B78368352D76AD2BE7004,CMCR-CMP-20260819-C3-Q0038,CMCR-Q0038,蝉妈妈创意怎么发现千川隐藏素材并监测素材异动提醒？,品牌产品问题,抖音,other,https://iesdouyin.com/share/video/7633997523174051124,iesdouyin.com,2
CMCR-CIT-ABD34E95ED2C8A41C81B0256,CMCR-CMP-20260819-C3-Q0038,CMCR-Q0038,蝉妈妈创意怎么发现千川隐藏素材并监测素材异动提醒？,品牌产品问题,青瓜传媒,other,https://opp2.com/323854.html,opp2.com,1
CMCR-CIT-D52668DE738B49AE2FB1C966,CMCR-CMP-20260819-C3-Q0038,CMCR-Q0038,蝉妈妈创意怎么发现千川隐藏素材并监测素材异动提醒？,品牌产品问题,搜狐,media,https://m.sohu.com/a/1037959074_122634602,m.sohu.com,1
CMCR-CIT-9662CBD403CA8C968B4287D7,CMCR-CMP-20260819-C3-Q0038,CMCR-Q0038,蝉妈妈创意怎么发现千川隐藏素材并监测素材异动提醒？,品牌产品问题,抖音,other,https://iesdouyin.com/share/video/7667411338537280227,iesdouyin.com,2
CMCR-CIT-7DEE0130E09E480D60D166E6,CMCR-CMP-20260819-C3-Q0038,CMCR-Q0038,蝉妈妈创意怎么发现千川隐藏素材并监测素材异动提醒？,品牌产品问题,网易,media,https://163.com/dy/article/L2GUIA160556OFA0.html,163.com,1
CMCR-CIT-B6F4DD3A16F2ADC673409E1E,CMCR-CMP-20260819-C3-Q0038,CMCR-Q0038,蝉妈妈创意怎么发现千川隐藏素材并监测素材异动提醒？,品牌产品问题,搜狐,media,https://m.sohu.com/a/1048368670_122634602,m.sohu.com,1
CMCR-CIT-1E692D7B05C7FC244205E412,CMCR-CMP-20260819-C3-Q0039,CMCR-Q0039,千川直播引流素材和商品广告素材有什么区别，在哪里看？,对比决策问题,获取全域投放计划下素材-千川PC全域投放-商业开放平台,platform_official,https://open.oceanengine.com/docs/1804363488115850,open.oceanengine.com,1
CMCR-CIT-EB52FB913B9AD699D004DC14,CMCR-CMP-20260819-C3-Q0039,CMCR-Q0039,千川直播引流素材和商品广告素材有什么区别，在哪里看？,对比决策问题,投放流程介绍说明-千川PC标准投放-商业开放平台,platform_official,https://open.oceanengine.com/docs/1698797636713486,open.oceanengine.com,2
CMCR-CIT-51D2361C4565B2A137C45516,CMCR-CMP-20260819-C3-Q0039,CMCR-Q0039,千川直播引流素材和商品广告素材有什么区别，在哪里看？,对比决策问题,抖音,other,https://iesdouyin.com/share/video/7669000904116952165,iesdouyin.com,1
CMCR-CIT-A140B2F7C5DF6AFE293126B7,CMCR-CMP-20260819-C3-Q0039,CMCR-Q0039,千川直播引流素材和商品广告素材有什么区别，在哪里看？,对比决策问题,抖音电商,platform_official,https://school.jinritemai.com/doudian/wap/course-series/cJZHjLnhaLyw/cJZHjLnhaLywlJZJUawr8APt?from=href&from_school=1&should_full_screen=1&should_hide_bottom_nav=1,school.jinritemai.com,1
CMCR-CIT-3F787EB59C32EBABF0F5477C,CMCR-CMP-20260819-C3-Q0039,CMCR-Q0039,千川直播引流素材和商品广告素材有什么区别，在哪里看？,对比决策问题,抖音,other,https://iesdouyin.com/share/video/7674482170592906506,iesdouyin.com,2
CMCR-CIT-82B801906AE08A6C01032D89,CMCR-CMP-20260819-C3-Q0039,CMCR-Q0039,千川直播引流素材和商品广告素材有什么区别，在哪里看？,对比决策问题,千川 MCP工具列表-MCP 简介-商业开放平台,platform_official,https://open.oceanengine.com/labels/12/docs/1847297003631945?origin=left_nav,open.oceanengine.com,1
CMCR-CIT-2E520707B35066C75D554923,CMCR-CMP-20260819-C3-Q0039,CMCR-Q0039,千川直播引流素材和商品广告素材有什么区别，在哪里看？,对比决策问题,今日头条,other,http://m.toutiao.com/group/7652662114707964443,m.toutiao.com,1
CMCR-CIT-2734876D012BA823146EAB1F,CMCR-CMP-20260819-C3-Q0039,CMCR-Q0039,千川直播引流素材和商品广告素材有什么区别，在哪里看？,对比决策问题,抖音,other,https://iesdouyin.com/share/video/7568810859531652404,iesdouyin.com,1
CMCR-CIT-92FF2F4B0DBA88617D47B09C,CMCR-CMP-20260819-C3-Q0039,CMCR-Q0039,千川直播引流素材和商品广告素材有什么区别，在哪里看？,对比决策问题,网易,media,https://163.com/dy/article/KHCSVR8J0556I154.html,163.com,1
CMCR-CIT-BA2AD1DBA3AC3E4C17C0F571,CMCR-CMP-20260819-C3-Q0039,CMCR-Q0039,千川直播引流素材和商品广告素材有什么区别，在哪里看？,对比决策问题,抖音电商学习中心规则中心营销推广巨量千川服务管理规范，广告投放有什么要求?晓多告诉你 - 新闻中心 - 晓多科技,other,https://xiaoduoai.com/ecommerce/5996,xiaoduoai.com,1
CMCR-CIT-B9C0E51BE6027FC9B404736E,CMCR-CMP-20260819-C3-Q0039,CMCR-Q0039,千川直播引流素材和商品广告素材有什么区别，在哪里看？,对比决策问题,抖音电商,platform_official,https://school.jinritemai.com/doudian/web/course-series/cJXFULDqSc3Z/cJXFULDqSc3ZlJZJCSQAgsdc,school.jinritemai.com,1
CMCR-CIT-2716EFD19904A0CA835BA121,CMCR-CMP-20260819-C3-Q0039,CMCR-Q0039,千川直播引流素材和商品广告素材有什么区别，在哪里看？,对比决策问题,📃【超级编导--巨量千川/广告】分发使用帮助,other,https://help.superdir.cn/docs/chao-ji-bian-dao-ju-liang-qian-chuan-guang-gao-su-cai-fen-fa-shi-yong-bang-zhu,help.superdir.cn,1
CMCR-CIT-11D9A8021DC4E041B89C80D3,CMCR-CMP-20260819-C3-Q0039,CMCR-Q0039,千川直播引流素材和商品广告素材有什么区别，在哪里看？,对比决策问题,抖音,other,https://iesdouyin.com/share/video/7654157362026089780,iesdouyin.com,1
CMCR-CIT-B363BA87ABECB0E40829CC5C,CMCR-CMP-20260819-C3-Q0039,CMCR-Q0039,千川直播引流素材和商品广告素材有什么区别，在哪里看？,对比决策问题,抖查查,other,https://douchacha.com/article/details/a3jam8vk.html,douchacha.com,1
CMCR-CIT-530F8586633DC668948CE6B5,CMCR-CMP-20260819-C3-Q0039,CMCR-Q0039,千川直播引流素材和商品广告素材有什么区别，在哪里看？,对比决策问题,抖音,other,https://iesdouyin.com/share/video/7671535524846259510,iesdouyin.com,1
CMCR-CIT-0DE2A7532CDE59C756B04B93,CMCR-CMP-20260819-C3-Q0039,CMCR-Q0039,千川直播引流素材和商品广告素材有什么区别，在哪里看？,对比决策问题,抖音电商,platform_official,https://school.jinritemai.com/doudian/wap/course-series/cJZHjLnhaLyw/cJZHjLnhaLywlJZJUawr8APt?from=douyinofficial_table&from_school=1&should_full_screen=1&should_hide_bottom_nav=1,school.jinritemai.com,1
CMCR-CIT-B60766C22591C94040DA1119,CMCR-CMP-20260819-C3-Q0040,CMCR-Q0040,CID 广告素材在哪里看，适合用来做竞品分析吗？,业务场景问题,网易,media,https://163.com/dy/article/JFE2NQI00519AF10.html,163.com,1
CMCR-CIT-40CFCEDF08729966FCAEC663,CMCR-CMP-20260819-C3-Q0040,CMCR-Q0040,CID 广告素材在哪里看，适合用来做竞品分析吗？,业务场景问题,TrustRadius,other,https://trustradius.com/products/cid/competitors,trustradius.com,1
CMCR-CIT-D386DF019CAD84FF3FB97C7D,CMCR-CMP-20260819-C3-Q0040,CMCR-Q0040,CID 广告素材在哪里看，适合用来做竞品分析吗？,业务场景问题,OPPO广告,other,https://m.oppo-ad.com/jd/644.html,m.oppo-ad.com,1
CMCR-CIT-31D90F05D8EE30C8A9337BCF,CMCR-CMP-20260819-C3-Q0040,CMCR-Q0040,CID 广告素材在哪里看，适合用来做竞品分析吗？,业务场景问题,Feishu,other,https://chanmamagroup.feishu.cn/wiki/Tlu8waCqDizqtykGFKOcNclonac?fromScene=spaceOverview,chanmamagroup.feishu.cn,1
CMCR-CIT-874EA47ABC6D597382B5D4B6,CMCR-CMP-20260819-C3-Q0040,CMCR-Q0040,CID 广告素材在哪里看，适合用来做竞品分析吗？,业务场景问题,搜狐,media,https://m.sohu.com/a/1036028040_122537914,m.sohu.com,2
CMCR-CIT-3B942028F41ADB879F6635EC,CMCR-CMP-20260819-C3-Q0040,CMCR-Q0040,CID 广告素材在哪里看，适合用来做竞品分析吗？,业务场景问题,CSDN博客,other,https://blog.csdn.net/chanmama8888/article/details/163539515,blog.csdn.net,1
CMCR-CIT-AFB419683B30A127CB46B7D5,CMCR-CMP-20260819-C3-Q0040,CMCR-Q0040,CID 广告素材在哪里看，适合用来做竞品分析吗？,业务场景问题,观潮新消费,other,https://tidesight.com/news/1370052.html,tidesight.com,1
CMCR-CIT-D5A04FE24D59E50A0FAC9125,CMCR-CMP-20260819-C3-Q0041,CMCR-Q0041,做电商短视频，怎么从千川素材里找可复用的创意方向？,业务场景问题,抖音千川素材策略怎么做?乎刻沐浴露的4种情境迁移打法全拆解,other,https://resources.youcloud.com/youshu/blog/3244,resources.youcloud.com,1
CMCR-CIT-2B9EC394ACC20B3430DB2E2B,CMCR-CMP-20260819-C3-Q0041,CMCR-Q0041,做电商短视频，怎么从千川素材里找可复用的创意方向？,业务场景问题,"如何查看其他商家的千川素材?一套""审美拆解+AI仿拍""的千川素材策略分析框架，看完直接照做",other,https://resources.youcloud.com/youshu/blog/3140,resources.youcloud.com,1
CMCR-CIT-0241A2C419D7FC9021232A64,CMCR-CMP-20260819-C3-Q0041,CMCR-Q0041,做电商短视频，怎么从千川素材里找可复用的创意方向？,业务场景问题,抖音,other,https://iesdouyin.com/share/video/7635993485876017658,iesdouyin.com,2
CMCR-CIT-28FD296E87F3CBCB62E21A22,CMCR-CMP-20260819-C3-Q0041,CMCR-Q0041,做电商短视频，怎么从千川素材里找可复用的创意方向？,业务场景问题,抖音,other,https://iesdouyin.com/share/video/7654157362026089780,iesdouyin.com,1
CMCR-CIT-4A8B7ABA04300390D8764585,CMCR-CMP-20260819-C3-Q0041,CMCR-Q0041,做电商短视频，怎么从千川素材里找可复用的创意方向？,业务场景问题,抖音,other,https://iesdouyin.com/share/video/7671583978280815918,iesdouyin.com,1
CMCR-CIT-F1B7FAC783A37A5B670DC865,CMCR-CMP-20260819-C3-Q0041,CMCR-Q0041,做电商短视频，怎么从千川素材里找可复用的创意方向？,业务场景问题,抖音,other,https://iesdouyin.com/share/video/7666424236554063167,iesdouyin.com,3
CMCR-CIT-7ED775D7988EC03D89380EA9,CMCR-CMP-20260819-C3-Q0041,CMCR-Q0041,做电商短视频，怎么从千川素材里找可复用的创意方向？,业务场景问题,"千川素材策略分析的血泪笔记:从""看数据""到""看画面""，我花了四十万才学会",other,https://resources.youcloud.com/youshu/blog/3166,resources.youcloud.com,1
CMCR-CIT-8B6E3CAD29AD7C278955AB23,CMCR-CMP-20260819-C3-Q0041,CMCR-Q0041,做电商短视频，怎么从千川素材里找可复用的创意方向？,业务场景问题,抖音,other,https://iesdouyin.com/share/video/7661927728530066726,iesdouyin.com,2
CMCR-CIT-D47F158DBAC5A0723E6D2014,CMCR-CMP-20260819-C3-Q0041,CMCR-Q0041,做电商短视频，怎么从千川素材里找可复用的创意方向？,业务场景问题,千川创意 灵感手册 21式 黄金3s拉爆完播技巧,other,https://reportify-1252068037.cos.ap-beijing.myqcloud.com/media/production/s_b9d197c8_b9d197c8e12e313f8547db4cb6649af7.pdf,reportify-1252068037.cos.ap-beijing.myqcloud.com,1
CMCR-CIT-1FF2DC2646D1DB73AB06CD3C,CMCR-CMP-20260819-C3-Q0041,CMCR-Q0041,做电商短视频，怎么从千川素材里找可复用的创意方向？,业务场景问题,千川素材怎么跑才能出爆款?抖音素材工具和千川素材工具实操指南，海龟爸爸10亿案例拆解,other,https://resources.youcloud.com/youshu/blog/3322,resources.youcloud.com,1
CMCR-CIT-4A0E14DF740E4D842AD1FCA8,CMCR-CMP-20260819-C3-Q0041,CMCR-Q0041,做电商短视频，怎么从千川素材里找可复用的创意方向？,业务场景问题,抖音,other,https://iesdouyin.com/share/video/7668987510046969107,iesdouyin.com,2
CMCR-CIT-3A14A216A3D2B8BF926FF79C,CMCR-CMP-20260819-C3-Q0041,CMCR-Q0041,做电商短视频，怎么从千川素材里找可复用的创意方向？,业务场景问题,抖音,other,https://iesdouyin.com/share/video/7592039414635008489,iesdouyin.com,1
CMCR-CIT-C777F8A9E121E1C907CD927C,CMCR-CMP-20260819-C3-Q0041,CMCR-Q0041,做电商短视频，怎么从千川素材里找可复用的创意方向？,业务场景问题,"用抖音素材工具拆了300条素材后，我发现月GMV 5000万的千川素材根本不是""拍视频""——千川投手转型实录",other,https://resources.youcloud.com/youshu/blog/3115,resources.youcloud.com,1
CMCR-CIT-D92CD6F47C08B669249B99CC,CMCR-CMP-20260819-C3-Q0042,CMCR-Q0042,爆款带货视频怎么拆解，应该看脚本、画面、分镜还是转化点？,业务场景问题,什么值得买,other,https://post.m.smzdm.com/p/a70r9qkd,post.m.smzdm.com,1
CMCR-CIT-2A90AC487D3903BF3455FB0C,CMCR-CMP-20260819-C3-Q0042,CMCR-Q0042,爆款带货视频怎么拆解，应该看脚本、画面、分镜还是转化点？,业务场景问题,搜狐,media,https://m.sohu.com/a/1064020874_122634602,m.sohu.com,1
CMCR-CIT-86B25E0BAC2AB3A29346AB88,CMCR-CMP-20260819-C3-Q0042,CMCR-Q0042,爆款带货视频怎么拆解，应该看脚本、画面、分镜还是转化点？,业务场景问题,抖音,other,https://iesdouyin.com/share/video/7674942692191988325,iesdouyin.com,1
CMCR-CIT-DA6962D19192F63CB7C9F090,CMCR-CMP-20260819-C3-Q0042,CMCR-Q0042,爆款带货视频怎么拆解，应该看脚本、画面、分镜还是转化点？,业务场景问题,抖音,other,https://iesdouyin.com/share/video/7670425868695758755,iesdouyin.com,1
CMCR-CIT-A1F3E693B6684C4E4E45F33E,CMCR-CMP-20260819-C3-Q0042,CMCR-Q0042,爆款带货视频怎么拆解，应该看脚本、画面、分镜还是转化点？,业务场景问题,【视频脚本】爆款带货视频脚本详细拆解爆款带货视频脚本拆解 学会这几招轻松出单- 大数跨境,other,https://m.10100.com/article/1965541,m.10100.com,1
CMCR-CIT-C6DA5D5814FBC04C697BC2C1,CMCR-CMP-20260819-C3-Q0042,CMCR-Q0042,爆款带货视频怎么拆解，应该看脚本、画面、分镜还是转化点？,业务场景问题,抖音,other,https://iesdouyin.com/share/video/7670104309031513849,iesdouyin.com,1
CMCR-CIT-1D80F1BD26671B3B76277386,CMCR-CMP-20260819-C3-Q0042,CMCR-Q0042,爆款带货视频怎么拆解，应该看脚本、画面、分镜还是转化点？,业务场景问题,抖音电商,platform_official,https://school.jinritemai.com/doudian/wap/course-series/cJZHjLnhaLyw/cJZHjLnhaLywlJZJUawr95yC?from=0313h5&from_school=1&should_full_screen=1&should_hide_bottom_nav=1,school.jinritemai.com,1
CMCR-CIT-EBDB91DEEC82E5FA67C0911F,CMCR-CMP-20260819-C3-Q0042,CMCR-Q0042,爆款带货视频怎么拆解，应该看脚本、画面、分镜还是转化点？,业务场景问题,抖音带货视频怎么拍_新手从0到1完整流程_爱福印AI - 爱福印AI 下载 专业电商生图软件,other,https://afyds.com/douyin-daihuo-shipin-zenme-pai.html,afyds.com,1
CMCR-CIT-99BAD54BD1D9CA8BE917986A,CMCR-CMP-20260819-C3-Q0042,CMCR-Q0042,爆款带货视频怎么拆解，应该看脚本、画面、分镜还是转化点？,业务场景问题,抖音,other,https://iesdouyin.com/share/video/7605456792244023238,iesdouyin.com,2
CMCR-CIT-351487D918B7C317D45BF6D2,CMCR-CMP-20260819-C3-Q0042,CMCR-Q0042,爆款带货视频怎么拆解，应该看脚本、画面、分镜还是转化点？,业务场景问题,抖音,other,https://iesdouyin.com/share/video/7624102442946604266,iesdouyin.com,2
CMCR-CIT-FEC1F68DB4011A7524077AB7,CMCR-CMP-20260819-C3-Q0042,CMCR-Q0042,爆款带货视频怎么拆解，应该看脚本、画面、分镜还是转化点？,业务场景问题,抖音电商,platform_official,https://school.jinritemai.com/doudian/wap/video-article/vHrL5B9Jk7zt,school.jinritemai.com,1
CMCR-CIT-C94E29C79049F4E5C81CF159,CMCR-CMP-20260819-C3-Q0042,CMCR-Q0042,爆款带货视频怎么拆解，应该看脚本、画面、分镜还是转化点？,业务场景问题,搜狐,media,https://m.sohu.com/a/1027542736_216450,m.sohu.com,1
CMCR-CIT-32DB6C65C5E283081BFBDB4A,CMCR-CMP-20260819-C3-Q0042,CMCR-Q0042,爆款带货视频怎么拆解，应该看脚本、画面、分镜还是转化点？,业务场景问题,抖音,other,https://iesdouyin.com/share/video/7584384456200768794,iesdouyin.com,2
CMCR-CIT-7CD187A75A459E7F75BDAA48,CMCR-CMP-20260819-C3-Q0042,CMCR-Q0042,爆款带货视频怎么拆解，应该看脚本、画面、分镜还是转化点？,业务场景问题,抖音,other,https://iesdouyin.com/share/video/7594891930643831141,iesdouyin.com,2
CMCR-CIT-6347F383E87C8D7E26D72EFA,CMCR-CMP-20260819-C3-Q0043,CMCR-Q0043,哪个 AI 可以分析视频内容并输出拆解报告？,业务场景问题,CSDN博客,other,https://blog.csdn.net/gitblog_00300/article/details/155837735,blog.csdn.net,1
CMCR-CIT-28E5F1918B876116B3104538,CMCR-CMP-20260819-C3-Q0043,CMCR-Q0043,哪个 AI 可以分析视频内容并输出拆解报告？,业务场景问题,AI是怎么帮自媒体人看懂视频内容的?比如自动总结、分析画面和观众反应? - CSDN文库,other,https://wenku.csdn.net/answer/4iqqd3jx1wyy,wenku.csdn.net,2
CMCR-CIT-BA44E2E14B49C716451988B8,CMCR-CMP-20260819-C3-Q0043,CMCR-Q0043,哪个 AI 可以分析视频内容并输出拆解报告？,业务场景问题,抖音,other,https://iesdouyin.com/share/video/7668672321520433254,iesdouyin.com,2
CMCR-CIT-00D8379A12DD0E09FD5F7A73,CMCR-CMP-20260819-C3-Q0043,CMCR-Q0043,哪个 AI 可以分析视频内容并输出拆解报告？,业务场景问题,抖音,other,https://iesdouyin.com/share/video/7585768579300478257,iesdouyin.com,2
CMCR-CIT-F23077225022CAE12C800D3A,CMCR-CMP-20260819-C3-Q0043,CMCR-Q0043,哪个 AI 可以分析视频内容并输出拆解报告？,业务场景问题,CSDN博客,other,https://blog.csdn.net/weixin_42612405/article/details/157054461,blog.csdn.net,1
CMCR-CIT-11C4D356DA946CDB1874F2BC,CMCR-CMP-20260819-C3-Q0043,CMCR-Q0043,哪个 AI 可以分析视频内容并输出拆解报告？,业务场景问题,The 10 Best AI Tools for Video Summarization in 2027,other,https://pulserevops.com/knowledge/ai0148,pulserevops.com,1
CMCR-CIT-0BD2D9438AA949D3DB5C3F1B,CMCR-CMP-20260819-C3-Q0043,CMCR-Q0043,哪个 AI 可以分析视频内容并输出拆解报告？,业务场景问题,Il Futuro della Video Analysis AI: Report di Mercato 2026,other,https://energent.ai/energent/compare/it/video-analysis-ai,energent.ai,1
CMCR-CIT-1B0E7B0E69CFE7D7687D20FE,CMCR-CMP-20260819-C3-Q0043,CMCR-Q0043,哪个 AI 可以分析视频内容并输出拆解报告？,业务场景问题,Best AI Video Analysis Tools in 2026,other,https://mixpeek.com/curated-lists/best-ai-video-analysis-tools,mixpeek.com,1
CMCR-CIT-8F75DF627ECD886C631610D6,CMCR-CMP-20260819-C3-Q0043,CMCR-Q0043,哪个 AI 可以分析视频内容并输出拆解报告？,业务场景问题,Best NoteGPT Alternatives 2026: BibiGPT and 6 More AI Video Summarizers,other,https://bibigpt.co/pt/blog/posts/best-notegpt-alternatives-2025-ai-audio-video-summary-tools,bibigpt.co,1
CMCR-CIT-1FCA4C789F9CD5ABE0B44440,CMCR-CMP-20260819-C3-Q0043,CMCR-Q0043,哪个 AI 可以分析视频内容并输出拆解报告？,业务场景问题,Memories.ai vs BibiGPT 2026:B 站视频总结哪个更好?完整对比、实测路径与场景化选型指南 | BibiGPT 博客,other,https://aitodo.co/zh/blog/posts/memories-ai-bilibili-vs-bibigpt-comparison-2026,aitodo.co,1
CMCR-CIT-E24EE54193DC45018B4EFCC8,CMCR-CMP-20260819-C3-Q0043,CMCR-Q0043,哪个 AI 可以分析视频内容并输出拆解报告？,业务场景问题,aiproducthub.cn,other,https://aiproducthub.cn/sites/dwsj.html,aiproducthub.cn,1
CMCR-CIT-F2EC046672DA5158665CB627,CMCR-CMP-20260819-C3-Q0043,CMCR-Q0043,哪个 AI 可以分析视频内容并输出拆解报告？,业务场景问题,Github,other,https://github.com/NoDeskAI/video-break-agentkit/blob/main/README.md,github.com,1
CMCR-CIT-127E1A79401F1401B77A0445,CMCR-CMP-20260819-C3-Q0043,CMCR-Q0043,哪个 AI 可以分析视频内容并输出拆解报告？,业务场景问题,CSDN博客,other,https://blog.csdn.net/gitblog_00978/article/details/159982638,blog.csdn.net,1
CMCR-CIT-EC712A8106E10F2CF19FCC5F,CMCR-CMP-20260819-C3-Q0043,CMCR-Q0043,哪个 AI 可以分析视频内容并输出拆解报告？,业务场景问题,SplitVideoParts_视觉智能开放平台-视频理解_API文档-阿里云OpenAPI开发者门户,other,http://next.api.aliyun.com/document/videorecog/2020-03-20/SplitVideoParts,next.api.aliyun.com,1
CMCR-CIT-66221D6FB66666DAAA76974A,CMCR-CMP-20260819-C3-Q0043,CMCR-Q0043,哪个 AI 可以分析视频内容并输出拆解报告？,业务场景问题,Github,other,https://github.com/JucieOvo/Frame-by-frame-AI-parser_by_JucieOvo,github.com,1
CMCR-CIT-1F7AC775DB1CEBD1BB58F434,CMCR-CMP-20260819-C3-Q0044,CMCR-Q0044,AI 拉片工具能拆出脚本、画面和分镜吗？,业务场景问题,抖音,other,https://iesdouyin.com/share/video/7651964276499926287,iesdouyin.com,1
CMCR-CIT-8247ACBA7E01082A26694514,CMCR-CMP-20260819-C3-Q0044,CMCR-Q0044,AI 拉片工具能拆出脚本、画面和分镜吗？,业务场景问题,FeiGe 本地离线 AI 视频拆片工具|自动识别全部转场分镜|对接 Claude/Gemini 一键生成多版本拍摄脚本|支持Deepseek等 多 AI 接口配置 – 格律诗的软件世界,other,https://jamecling.com/archives/3009,jamecling.com,2
CMCR-CIT-A51AB0FA19E372626CBB0BB5,CMCR-CMP-20260819-C3-Q0044,CMCR-Q0044,AI 拉片工具能拆出脚本、画面和分镜吗？,业务场景问题,Github,other,https://github.com/MMLab-HKUST/CineView-AI,github.com,1
CMCR-CIT-6EFA0612703559FA5165182C,CMCR-CMP-20260819-C3-Q0044,CMCR-Q0044,AI 拉片工具能拆出脚本、画面和分镜吗？,业务场景问题,抖音,other,https://iesdouyin.com/share/video/7658840654650330414,iesdouyin.com,2
CMCR-CIT-A5F475907DC3A6EEDFEC9152,CMCR-CMP-20260819-C3-Q0044,CMCR-Q0044,AI 拉片工具能拆出脚本、画面和分镜吗？,业务场景问题,CSDN博客,other,https://blog.csdn.net/ThunderstormFalcon78/article/details/157109248,blog.csdn.net,2
CMCR-CIT-132539B061558F65AB154B73,CMCR-CMP-20260819-C3-Q0044,CMCR-Q0044,AI 拉片工具能拆出脚本、画面和分镜吗？,业务场景问题,Github,other,https://github.com/reaink/script2video/blob/main/README.zh.md,github.com,2
CMCR-CIT-182B24B0C95018CE5276F299,CMCR-CMP-20260819-C3-Q0044,CMCR-Q0044,AI 拉片工具能拆出脚本、画面和分镜吗？,业务场景问题,Github,other,https://github.com/taruma/framelab/blob/main/docs/TUTORIAL.md,github.com,1
CMCR-CIT-5B49D9C2A2935BF93239937D,CMCR-CMP-20260819-C3-Q0044,CMCR-Q0044,AI 拉片工具能拆出脚本、画面和分镜吗？,业务场景问题,CSDN博客,other,https://blog.csdn.net/BloodstoneHawk77/article/details/157159438,blog.csdn.net,1
CMCR-CIT-33405E2013D72720511CE8E8,CMCR-CMP-20260819-C3-Q0044,CMCR-Q0044,AI 拉片工具能拆出脚本、画面和分镜吗？,业务场景问题,抖音,other,https://iesdouyin.com/share/video/7613747431561235721,iesdouyin.com,1
CMCR-CIT-7119F0165A5F0112AF6ECE3F,CMCR-CMP-20260819-C3-Q0044,CMCR-Q0044,AI 拉片工具能拆出脚本、画面和分镜吗？,业务场景问题,抖音,other,https://iesdouyin.com/share/video/7437156579264253199,iesdouyin.com,1
CMCR-CIT-769AFD5E4894640FAE9DD40F,CMCR-CMP-20260819-C3-Q0044,CMCR-Q0044,AI 拉片工具能拆出脚本、画面和分镜吗？,业务场景问题,抖音,other,https://iesdouyin.com/share/video/7559516600505093412,iesdouyin.com,1
CMCR-CIT-5BA43183F61BD90C6F8D9DAC,CMCR-CMP-20260819-C3-Q0045,CMCR-Q0045,蝉妈妈创意的 AI 智能拉片能拆解哪些内容？,品牌产品问题,搜狐,media,https://m.sohu.com/a/1064020874_122634602,m.sohu.com,1
CMCR-CIT-7824D73E086F191CABD63845,CMCR-CMP-20260819-C3-Q0045,CMCR-Q0045,蝉妈妈创意的 AI 智能拉片能拆解哪些内容？,品牌产品问题,AI智能拉片软件_一键智能拉片在线使用-蝉妈妈·AI创意大师,official_direct,https://cy.chanmama.com/tools/intelligentStoryboardScript/landing,cy.chanmama.com,2
CMCR-CIT-EF69CCE92D36C1AF381E8012,CMCR-CMP-20260819-C3-Q0045,CMCR-Q0045,蝉妈妈创意的 AI 智能拉片能拆解哪些内容？,品牌产品问题,抖音,other,https://iesdouyin.com/share/video/7652196197238883178,iesdouyin.com,3
CMCR-CIT-D4C58EB8917973C8187BE912,CMCR-CMP-20260819-C3-Q0045,CMCR-Q0045,蝉妈妈创意的 AI 智能拉片能拆解哪些内容？,品牌产品问题,抖音,other,https://iesdouyin.com/share/video/7579949522726571291,iesdouyin.com,3
CMCR-CIT-3CAEC801D235C5CDEFF7061A,CMCR-CMP-20260819-C3-Q0045,CMCR-Q0045,蝉妈妈创意的 AI 智能拉片能拆解哪些内容？,品牌产品问题,蝉妈妈·创意 - 千川投放素材_短视频素材创意服务平台,official_direct,https://cy.chanmama.com/,cy.chanmama.com,1
CMCR-CIT-7EEDC85D24A53E0BC356A823,CMCR-CMP-20260819-C3-Q0045,CMCR-Q0045,蝉妈妈创意的 AI 智能拉片能拆解哪些内容？,品牌产品问题,抖音,other,https://iesdouyin.com/share/video/7657391447804515923,iesdouyin.com,1
CMCR-CIT-3EEBB9F105CABD27156A1877,CMCR-CMP-20260819-C3-Q0045,CMCR-Q0045,蝉妈妈创意的 AI 智能拉片能拆解哪些内容？,品牌产品问题,抖音,other,https://iesdouyin.com/share/video/7667101716617353555,iesdouyin.com,1
CMCR-CIT-FE24DDDB346E987DB28D8037,CMCR-CMP-20260819-C3-Q0046,CMCR-Q0046,爆款视频拆解后怎么变成自己的脚本？,业务场景问题,人人都是产品经理,other,https://woshipm.com/share/6304635.html,woshipm.com,2
CMCR-CIT-D1357C22CC926FBEB05E45AD,CMCR-CMP-20260819-C3-Q0046,CMCR-Q0046,爆款视频拆解后怎么变成自己的脚本？,业务场景问题,搜狐,media,https://m.sohu.com/a/1054270025_122936665,m.sohu.com,1
CMCR-CIT-9144263270C2F437D0981DD0,CMCR-CMP-20260819-C3-Q0046,CMCR-Q0046,爆款视频拆解后怎么变成自己的脚本？,业务场景问题,抖音,other,https://iesdouyin.com/share/video/7659062808029465894,iesdouyin.com,2
CMCR-CIT-E4C9A9CA4D5812A081FCECF3,CMCR-CMP-20260819-C3-Q0046,CMCR-Q0046,爆款视频拆解后怎么变成自己的脚本？,业务场景问题,抖音,other,https://iesdouyin.com/share/video/7623396675340398501,iesdouyin.com,2
CMCR-CIT-A0FC5E9F2475C99825FAB8CD,CMCR-CMP-20260819-C3-Q0046,CMCR-Q0046,爆款视频拆解后怎么变成自己的脚本？,业务场景问题,抖音,other,https://iesdouyin.com/share/video/7659621533140274458,iesdouyin.com,1
CMCR-CIT-37DF39A7DA8A3B94F6AB99D9,CMCR-CMP-20260819-C3-Q0046,CMCR-Q0046,爆款视频拆解后怎么变成自己的脚本？,业务场景问题,爆款视频复刻:爆款视频怎么复刻同款?AI反推提示词+重生成全流程(2026实测教程),other,https://xiyuchuanmei.com/viral-video-clone-ai-2026,xiyuchuanmei.com,1
CMCR-CIT-0D61B3DD90BD1E6F76F4C856,CMCR-CMP-20260819-C3-Q0046,CMCR-Q0046,爆款视频拆解后怎么变成自己的脚本？,业务场景问题,抖音,other,https://iesdouyin.com/share/video/7630887899823147593,iesdouyin.com,1
CMCR-CIT-77DCA079A5119478625893AE,CMCR-CMP-20260819-C3-Q0046,CMCR-Q0046,爆款视频拆解后怎么变成自己的脚本？,业务场景问题,抖音,other,https://iesdouyin.com/share/video/7613290785417529769,iesdouyin.com,1
CMCR-CIT-A94A7D2AA675B63B0172A452,CMCR-CMP-20260819-C3-Q0046,CMCR-Q0046,爆款视频拆解后怎么变成自己的脚本？,业务场景问题,爆款视频拆解克隆工具_短视频结构改写提示词 | 协修AI - 免费AI教程·提示词库·AI工具导航,other,https://xiexiuai.2weima.com/ai-video/viral-clone.html,xiexiuai.2weima.com,1
CMCR-CIT-07A3D326A4B71DF196B9C17A,CMCR-CMP-20260819-C3-Q0046,CMCR-Q0046,爆款视频拆解后怎么变成自己的脚本？,业务场景问题,AI StoryMastery: Mastering script architecture for viral gold,other,https://instavar.com/pdf/AI_Video_Scripting_Storytelling.pdf,instavar.com,1
CMCR-CIT-15E637487F5DF1B9E7CD3E67,CMCR-CMP-20260819-C3-Q0046,CMCR-Q0046,爆款视频拆解后怎么变成自己的脚本？,业务场景问题,文档2_短视频脚本模板与爆款案例拆解——0大行业脚本模板 + 20个爆款案例分析 - 豆丁网,other,https://docin.com/touch_new/preview_new.do?id=5010557883,docin.com,1
CMCR-CIT-62D7FBADA281186BE4B43290,CMCR-CMP-20260819-C3-Q0046,CMCR-Q0046,爆款视频拆解后怎么变成自己的脚本？,业务场景问题,抖音,other,https://iesdouyin.com/share/video/7638446522757123378,iesdouyin.com,1
CMCR-CIT-BF540493FFC32F93C2763ACF,CMCR-CMP-20260819-C3-Q0046,CMCR-Q0046,爆款视频拆解后怎么变成自己的脚本？,业务场景问题,抖音,other,https://iesdouyin.com/share/video/7622479994783165925,iesdouyin.com,1
CMCR-CIT-6E2288BFF136895694B88BEA,CMCR-CMP-20260819-C3-Q0046,CMCR-Q0046,爆款视频拆解后怎么变成自己的脚本？,业务场景问题,搜狐,media,https://m.sohu.com/a/1000989496_723902,m.sohu.com,1
CMCR-CIT-672AC988301F9095D82F54F5,CMCR-CMP-20260819-C3-Q0046,CMCR-Q0046,爆款视频拆解后怎么变成自己的脚本？,业务场景问题,抖音,other,https://iesdouyin.com/share/video/7654779516951503050,iesdouyin.com,1
CMCR-CIT-D8C5E6E79155E4F44CF48595,CMCR-CMP-20260819-C3-Q0047,CMCR-Q0047,不会写短视频脚本怎么办，有没有 AI 工具能辅助？,业务场景问题,CSDN博客,other,https://blog.csdn.net/l35633/article/details/144405560,blog.csdn.net,1
CMCR-CIT-9EAF33313437A56C22B4A26C,CMCR-CMP-20260819-C3-Q0047,CMCR-Q0047,不会写短视频脚本怎么办，有没有 AI 工具能辅助？,业务场景问题,抖音,other,https://iesdouyin.com/share/video/7633994877784640802,iesdouyin.com,4
CMCR-CIT-281C6F4D9857364D52DAF354,CMCR-CMP-20260819-C3-Q0047,CMCR-Q0047,不会写短视频脚本怎么办，有没有 AI 工具能辅助？,业务场景问题,抖音,other,https://iesdouyin.com/share/video/7630669756147764506,iesdouyin.com,3
CMCR-CIT-E5259AF59E95D28BAE2E1D2D,CMCR-CMP-20260819-C3-Q0047,CMCR-Q0047,不会写短视频脚本怎么办，有没有 AI 工具能辅助？,业务场景问题,抖音,other,https://iesdouyin.com/share/video/7634484015269006607,iesdouyin.com,1
CMCR-CIT-C8E1A32BA82FFBB0357D1958,CMCR-CMP-20260819-C3-Q0047,CMCR-Q0047,不会写短视频脚本怎么办，有没有 AI 工具能辅助？,业务场景问题,Go Viral on TikTok with ChatGPT: From Prompt Ideas to Final Video Creation,other,https://litcommerce.com/wp-content/uploads/2026/03/How-to-Use-ChatGPT-to-Go-Viral-on-TikTok.pdf,litcommerce.com,1
CMCR-CIT-961F7C3E14150062B5905471,CMCR-CMP-20260819-C3-Q0047,CMCR-Q0047,不会写短视频脚本怎么办，有没有 AI 工具能辅助？,业务场景问题,人工智能 - 保姆级教程:用 GPT 批量生成短视频脚本，10 分钟产出 10 条文案 - 冲动的大蒜 - SegmentFault 思否,other,https://segmentfault.com/a/1190000047846938,segmentfault.com,1
CMCR-CIT-E73D495A35DB01197C6B2931,CMCR-CMP-20260819-C3-Q0047,CMCR-Q0047,不会写短视频脚本怎么办，有没有 AI 工具能辅助？,业务场景问题,今日头条,other,http://m.toutiao.com/group/7669596499398885932,m.toutiao.com,1
CMCR-CIT-073337065DA28C6378A8BE3D,CMCR-CMP-20260819-C3-Q0047,CMCR-Q0047,不会写短视频脚本怎么办，有没有 AI 工具能辅助？,业务场景问题,抖音,other,https://iesdouyin.com/share/video/7670113082203408626,iesdouyin.com,1
CMCR-CIT-07F2E93B9DFE7E6BF201C459,CMCR-CMP-20260819-C3-Q0047,CMCR-Q0047,不会写短视频脚本怎么办，有没有 AI 工具能辅助？,业务场景问题,CSDN博客,other,https://blog.csdn.net/InitPulse/article/details/161452973,blog.csdn.net,1
CMCR-CIT-10043258340E857FE8135BE0,CMCR-CMP-20260819-C3-Q0047,CMCR-Q0047,不会写短视频脚本怎么办，有没有 AI 工具能辅助？,业务场景问题,Github,other,https://github.com/monju252/AI-Prompts-for-Scriptwriting,github.com,1
CMCR-CIT-6AECEB2B3E4AC21E63A8E0D8,CMCR-CMP-20260819-C3-Q0047,CMCR-Q0047,不会写短视频脚本怎么办，有没有 AI 工具能辅助？,业务场景问题,ScripAI:免费AI写作工具 | 无需登录 | 社交媒体脚本 | 内容生成,other,https://novatools.cn/tools/scrip-ai,novatools.cn,1
CMCR-CIT-66351153F2010D032E5D10FE,CMCR-CMP-20260819-C3-Q0047,CMCR-Q0047,不会写短视频脚本怎么办，有没有 AI 工具能辅助？,业务场景问题,"Best AI Script Generators in 2026: Free Tools for YouTube, Video and Film",other,https://insideaimedia.com/blogs/best-ai-script-generators,insideaimedia.com,1
CMCR-CIT-5CF3F72A98BE595296EA211A,CMCR-CMP-20260819-C3-Q0048,CMCR-Q0048,爆款带货视频黄金 3 秒怎么拆和设计？,业务场景问题,搜狐,media,https://m.sohu.com/a/1056554737_121320467,m.sohu.com,1
CMCR-CIT-F11A0C30A076AF02F8B1E046,CMCR-CMP-20260819-C3-Q0048,CMCR-Q0048,爆款带货视频黄金 3 秒怎么拆和设计？,业务场景问题,获客成本高?可能你在短视频和AI的策略错了 - 混沌学园,other,https://hundun.cn/articles/37141b6b778a9a42.html,hundun.cn,1
CMCR-CIT-EB1FF04C931CF3F6A62CD003,CMCR-CMP-20260819-C3-Q0048,CMCR-Q0048,爆款带货视频黄金 3 秒怎么拆和设计？,业务场景问题,抖音,other,https://iesdouyin.com/share/video/7580934292307171546,iesdouyin.com,1
CMCR-CIT-141375100C1136F2483CF492,CMCR-CMP-20260819-C3-Q0048,CMCR-Q0048,爆款带货视频黄金 3 秒怎么拆和设计？,业务场景问题,抖音,other,https://iesdouyin.com/share/video/7661979028048841833,iesdouyin.com,2
CMCR-CIT-DA6706D1FF84A28DDE434A3F,CMCR-CMP-20260819-C3-Q0048,CMCR-Q0048,爆款带货视频黄金 3 秒怎么拆和设计？,业务场景问题,抖音,other,https://iesdouyin.com/share/video/7647747182234266026,iesdouyin.com,1
CMCR-CIT-3F029C76668ECCAC0B700F6F,CMCR-CMP-20260819-C3-Q0048,CMCR-Q0048,爆款带货视频黄金 3 秒怎么拆和设计？,业务场景问题,新手带货短视频文案技巧_黄金3秒带货短视频文案_摇三网,other,https://yaosanwang.com/sp/48867.html,yaosanwang.com,1
CMCR-CIT-7E9AFC94635007B9AC4D85F9,CMCR-CMP-20260819-C3-Q0048,CMCR-Q0048,爆款带货视频黄金 3 秒怎么拆和设计？,业务场景问题,黄金“前3秒”卖货文案100例 | 抖音官方出品- 大数跨境,other,https://m.10100.com/article/1113695,m.10100.com,1
CMCR-CIT-E99C03FA6CDD057FE4DFDC77,CMCR-CMP-20260819-C3-Q0048,CMCR-Q0048,爆款带货视频黄金 3 秒怎么拆和设计？,业务场景问题,抖音,other,https://iesdouyin.com/share/video/7665693949109247366,iesdouyin.com,1
CMCR-CIT-13556B24FD29C1E59FDB239F,CMCR-CMP-20260819-C3-Q0048,CMCR-Q0048,爆款带货视频黄金 3 秒怎么拆和设计？,业务场景问题,抖音,other,https://iesdouyin.com/share/video/7658243572831695807,iesdouyin.com,1
CMCR-CIT-598D4B60BFA3A05BFF83A71B,CMCR-CMP-20260819-C3-Q0048,CMCR-Q0048,爆款带货视频黄金 3 秒怎么拆和设计？,业务场景问题,抖音,other,https://iesdouyin.com/share/video/7674611270363991339,iesdouyin.com,1
CMCR-CIT-8C7FD92B6F3EEBF761AAE666,CMCR-CMP-20260819-C3-Q0048,CMCR-Q0048,爆款带货视频黄金 3 秒怎么拆和设计？,业务场景问题,抖音,other,https://iesdouyin.com/share/video/7672654207439462863,iesdouyin.com,1
CMCR-CIT-301294A58F3E29D968E846D9,CMCR-CMP-20260819-C3-Q0048,CMCR-Q0048,爆款带货视频黄金 3 秒怎么拆和设计？,业务场景问题,抖音,other,https://iesdouyin.com/share/video/7667940729117052539,iesdouyin.com,2
CMCR-CIT-8005CB7ACEC5C286B90BD24E,CMCR-CMP-20260819-C3-Q0048,CMCR-Q0048,爆款带货视频黄金 3 秒怎么拆和设计？,业务场景问题,黄金三秒钩子怎么写?6 种开头钩子模板直接套 - 海螺社博客,other,https://hailuoshe.com/blog/golden-three-seconds-hook,hailuoshe.com,1
CMCR-CIT-A93BFB62BD190A5EADDDF605,CMCR-CMP-20260819-C3-Q0048,CMCR-Q0048,爆款带货视频黄金 3 秒怎么拆和设计？,业务场景问题,抖音,other,https://iesdouyin.com/share/video/7632526471379014585,iesdouyin.com,1
CMCR-CIT-1ABB568BD7B27B89CB60FA1B,CMCR-CMP-20260819-C3-Q0048,CMCR-Q0048,爆款带货视频黄金 3 秒怎么拆和设计？,业务场景问题,什么值得买,other,https://post.m.smzdm.com/p/a95e7kxp,post.m.smzdm.com,1
CMCR-CIT-44AED5626EDBFEBDAD5E858E,CMCR-CMP-20260819-C3-Q0048,CMCR-Q0048,爆款带货视频黄金 3 秒怎么拆和设计？,业务场景问题,TikTok 3 秒钩子框架完整方法论(2026 CutFast 版):让短视频前 3 秒决定 90% 完播率 | CutFast 博客,other,https://cutfa.st/zh/blog/3-second-hook-tiktok-shorts-cutfast-method-2026,cutfa.st,1
CMCR-CIT-2E7C864FAFE3D4B3F035B94C,CMCR-CMP-20260819-C3-Q0049,CMCR-Q0049,短视频开头钩子怎么写，怎么判断有没有爆款潜力？,案例/效果问题,"TL;DR Viewers decide in the first 1-3 s whether to keep watching. This guide reverse-engineers the best performing hook types on TikTok, Instagram Reels, Lemon8, YouTube Shorts, LinkedIn and Facebook",other,https://instavar.com/pdf/Creative_Hooks_That_Stop_the_Scroll.pdf,instavar.com,1
CMCR-CIT-35246AF7501A1E6E0B1F230A,CMCR-CMP-20260819-C3-Q0049,CMCR-Q0049,短视频开头钩子怎么写，怎么判断有没有爆款潜力？,案例/效果问题,人人都是产品经理,other,https://woshipm.com/operate/6275862.html,woshipm.com,1
CMCR-CIT-9F535144803DC83CCA9C84D0,CMCR-CMP-20260819-C3-Q0049,CMCR-Q0049,短视频开头钩子怎么写，怎么判断有没有爆款潜力？,案例/效果问题,抖音,other,https://iesdouyin.com/share/video/7640059025137601137,iesdouyin.com,2
CMCR-CIT-BE4486E361A24F395BF2F5CF,CMCR-CMP-20260819-C3-Q0049,CMCR-Q0049,短视频开头钩子怎么写，怎么判断有没有爆款潜力？,案例/效果问题,抖音,other,https://iesdouyin.com/share/video/7667176163302804787,iesdouyin.com,1
CMCR-CIT-A3009C589B04909B82EA74C3,CMCR-CMP-20260819-C3-Q0049,CMCR-Q0049,短视频开头钩子怎么写，怎么判断有没有爆款潜力？,案例/效果问题,抖音,other,https://iesdouyin.com/share/video/7644937887776383987,iesdouyin.com,1
CMCR-CIT-7760F4FE9E397A105C8C09C7,CMCR-CMP-20260819-C3-Q0049,CMCR-Q0049,短视频开头钩子怎么写，怎么判断有没有爆款潜力？,案例/效果问题,抖音,other,https://iesdouyin.com/share/video/7618786344503971099,iesdouyin.com,1
CMCR-CIT-B5537F0117AA3C661CFE8B40,CMCR-CMP-20260819-C3-Q0049,CMCR-Q0049,短视频开头钩子怎么写，怎么判断有没有爆款潜力？,案例/效果问题,运营干货 | 抖音12个爆款钩子及案例!- 大数跨境,other,https://m.10100.com/article/1707818,m.10100.com,1
CMCR-CIT-BEC70BE238A898B56B2F4FB8,CMCR-CMP-20260819-C3-Q0049,CMCR-Q0049,短视频开头钩子怎么写，怎么判断有没有爆款潜力？,案例/效果问题,抖音,other,https://iesdouyin.com/share/video/7675269816726405843,iesdouyin.com,1
CMCR-CIT-CAE0F0C2035AC8BA4B943CE7,CMCR-CMP-20260819-C3-Q0049,CMCR-Q0049,短视频开头钩子怎么写，怎么判断有没有爆款潜力？,案例/效果问题,抖音,other,https://iesdouyin.com/share/video/7620009104841937050,iesdouyin.com,1
CMCR-CIT-532AAEC089B61FC39CC58957,CMCR-CMP-20260819-C3-Q0049,CMCR-Q0049,短视频开头钩子怎么写，怎么判断有没有爆款潜力？,案例/效果问题,25 Best Viral Hooks for High Converting TikTok UGC in 2026,other,https://ugcmaker.io/blog/best-viral-hooks-for-high-converting-tiktok-ugc,ugcmaker.io,1
CMCR-CIT-255C878BB29FFFFA8A11EAFA,CMCR-CMP-20260819-C3-Q0049,CMCR-Q0049,短视频开头钩子怎么写，怎么判断有没有爆款潜力？,案例/效果问题,抖音,other,https://iesdouyin.com/share/video/7675273442275501221,iesdouyin.com,1
CMCR-CIT-154FB99AE5323EF02DA89F45,CMCR-CMP-20260819-C3-Q0049,CMCR-Q0049,短视频开头钩子怎么写，怎么判断有没有爆款潜力？,案例/效果问题,抖音,other,https://iesdouyin.com/share/video/7667180857043602734,iesdouyin.com,1
CMCR-CIT-A05B17A5AE1BDFB7382E4E94,CMCR-CMP-20260819-C3-Q0049,CMCR-Q0049,短视频开头钩子怎么写，怎么判断有没有爆款潜力？,案例/效果问题,Short-Form Video Analytics: The 5 Metrics That Actually Predict Channel Growth,other,https://clip-forge.io/blog/short-form-video-analytics-5-metrics-predict-growth,clip-forge.io,1
CMCR-CIT-A0094952C38CADE79D7BE641,CMCR-CMP-20260819-C3-Q0049,CMCR-Q0049,短视频开头钩子怎么写，怎么判断有没有爆款潜力？,案例/效果问题,抖音,other,https://iesdouyin.com/share/video/7545886697876196647,iesdouyin.com,1
CMCR-CIT-E580542C6AA928C43363B924,CMCR-CMP-20260819-C3-Q0049,CMCR-Q0049,短视频开头钩子怎么写，怎么判断有没有爆款潜力？,案例/效果问题,抖音,other,https://iesdouyin.com/share/video/7648042025144793723,iesdouyin.com,1
CMCR-CIT-801F1A04BAFD185B43DC7F19,CMCR-CMP-20260819-C3-Q0049,CMCR-Q0049,短视频开头钩子怎么写，怎么判断有没有爆款潜力？,案例/效果问题,新榜小豆芽,other,https://d.newrank.cn/creative/8774,d.newrank.cn,1
CMCR-CIT-3D3A9D32AC4C0E388DA90493,CMCR-CMP-20260819-C3-Q0049,CMCR-Q0049,短视频开头钩子怎么写，怎么判断有没有爆款潜力？,案例/效果问题,搜狐,media,https://sohu.com/a/948843735_723902,sohu.com,1
CMCR-CIT-5A68861F825DD9648E54EB17,CMCR-CMP-20260819-C3-Q0050,CMCR-Q0050,商品卖点和用户痛点怎么转成短视频脚本？,业务场景问题,带货脚本怎么写?一套能背下来的短视频带货话术结构 - 海螺社博客,other,https://hailuoshe.com/blog/live-commerce-script-template,hailuoshe.com,2
CMCR-CIT-DF44452958FB6552CD73787E,CMCR-CMP-20260819-C3-Q0050,CMCR-Q0050,商品卖点和用户痛点怎么转成短视频脚本？,业务场景问题,AI商品卖点视频怎么做:产品短视频脚本、分镜和提示词模板 | 协修AI - 免费AI教程·提示词库·AI工具导航,other,https://xiexiuai.2weima.com/ai-video/product-video-prompt.html,xiexiuai.2weima.com,1
CMCR-CIT-0403555B8FE85FF781153EF4,CMCR-CMP-20260819-C3-Q0050,CMCR-Q0050,商品卖点和用户痛点怎么转成短视频脚本？,业务场景问题,抖音,other,https://iesdouyin.com/share/video/7643897496456023305,iesdouyin.com,1
CMCR-CIT-8A6D91F468AEAA1AA5FCD4B5,CMCR-CMP-20260819-C3-Q0050,CMCR-Q0050,商品卖点和用户痛点怎么转成短视频脚本？,业务场景问题,抖音,other,https://iesdouyin.com/share/video/7663794552919201222,iesdouyin.com,2
CMCR-CIT-59E79E93C6AC38FD2381F50A,CMCR-CMP-20260819-C3-Q0050,CMCR-Q0050,商品卖点和用户痛点怎么转成短视频脚本？,业务场景问题,抖音,other,https://iesdouyin.com/share/video/7600031899248082853,iesdouyin.com,1
CMCR-CIT-E5158A600F44878AF9A508B4,CMCR-CMP-20260819-C3-Q0050,CMCR-Q0050,商品卖点和用户痛点怎么转成短视频脚本？,业务场景问题,抖音,other,https://iesdouyin.com/share/video/7631931842320869041,iesdouyin.com,1
CMCR-CIT-54ABD78A9803B3B349B37DDC,CMCR-CMP-20260819-C3-Q0050,CMCR-Q0050,商品卖点和用户痛点怎么转成短视频脚本？,业务场景问题,人人都是产品经理,other,https://woshipm.com/share/6041252.html,woshipm.com,1
CMCR-CIT-68CDF0366CDEA2A522DFDF80,CMCR-CMP-20260819-C3-Q0050,CMCR-Q0050,商品卖点和用户痛点怎么转成短视频脚本？,业务场景问题,抖音,other,https://iesdouyin.com/share/video/7652703677341355316,iesdouyin.com,2
CMCR-CIT-50899E1AF79D9B3373E098E8,CMCR-CMP-20260819-C3-Q0050,CMCR-Q0050,商品卖点和用户痛点怎么转成短视频脚本？,业务场景问题,抖音,other,https://iesdouyin.com/share/video/7559924956453178624,iesdouyin.com,1
CMCR-CIT-D4E60E7AC3CDBF4E2A41749D,CMCR-CMP-20260819-C3-Q0050,CMCR-Q0050,商品卖点和用户痛点怎么转成短视频脚本？,业务场景问题,抖音,other,https://iesdouyin.com/share/video/7654907115055631650,iesdouyin.com,1
CMCR-CIT-6E34E408291EB9FF05068015,CMCR-CMP-20260819-C3-Q0050,CMCR-Q0050,商品卖点和用户痛点怎么转成短视频脚本？,业务场景问题,SkillHub-专为中国用户优化的Skills社区,other,https://skillhub.cloud.tencent.com/skills/douyin-script-zh,skillhub.cloud.tencent.com,1
CMCR-CIT-9606A1ECB2C1F97A0C770A90,CMCR-CMP-20260819-C3-Q0050,CMCR-Q0050,商品卖点和用户痛点怎么转成短视频脚本？,业务场景问题,抖音,other,https://iesdouyin.com/share/video/7672611213867584810,iesdouyin.com,1
CMCR-CIT-4B43EB86A60CA89C7D9776D3,CMCR-CMP-20260819-C3-Q0050,CMCR-Q0050,商品卖点和用户痛点怎么转成短视频脚本？,业务场景问题,抖音,other,https://iesdouyin.com/share/video/7666020391194049009,iesdouyin.com,1
CMCR-CIT-F6FDACE48F22E1FFA5AD5749,CMCR-CMP-20260819-C3-Q0050,CMCR-Q0050,商品卖点和用户痛点怎么转成短视频脚本？,业务场景问题,抖音,other,https://iesdouyin.com/share/video/7666020932439768825,iesdouyin.com,1
CMCR-CIT-3652F181EF6CB911C37FB836,CMCR-CMP-20260819-C3-Q0050,CMCR-Q0050,商品卖点和用户痛点怎么转成短视频脚本？,业务场景问题,抖音,other,https://iesdouyin.com/share/video/7637472310915599659,iesdouyin.com,1
CMCR-CIT-3CD87BD7726F6AC06A0089B0,CMCR-CMP-20260819-C3-Q0051,CMCR-Q0051,竞品商品素材怎么做竞争态势分析？,业务场景问题,产品竞品分析实战方法论:2026年工业设计师系统化竞品研究体系构建指南(Competitive Analysis) - 赫兹工业设计,other,https://hezidesign.com/jingyan/744.html,hezidesign.com,1
CMCR-CIT-CAE46023A0F3BF66C36B8C65,CMCR-CMP-20260819-C3-Q0051,CMCR-Q0051,竞品商品素材怎么做竞争态势分析？,业务场景问题,Competitor Product Analysis: A Data-Driven E-comm Guide,other,https://searchthetrend.com/blog/competitor-product-analysis,searchthetrend.com,1
CMCR-CIT-A6D6683C42930DB1254B97C3,CMCR-CMP-20260819-C3-Q0051,CMCR-Q0051,竞品商品素材怎么做竞争态势分析？,业务场景问题,抖音,other,https://iesdouyin.com/share/video/7622257536275582260,iesdouyin.com,2
CMCR-CIT-5CB7C5C94EE0F1FDA65D3C8C,CMCR-CMP-20260819-C3-Q0051,CMCR-Q0051,竞品商品素材怎么做竞争态势分析？,业务场景问题,抖音,other,https://iesdouyin.com/share/video/7669005053511945518,iesdouyin.com,1
CMCR-CIT-1D8E02C875E65BB001C4DA54,CMCR-CMP-20260819-C3-Q0051,CMCR-Q0051,竞品商品素材怎么做竞争态势分析？,业务场景问题,抖音,other,https://iesdouyin.com/share/video/7606925295778867697,iesdouyin.com,1
CMCR-CIT-806C5DD38D6CC8B6A8BA53BB,CMCR-CMP-20260819-C3-Q0051,CMCR-Q0051,竞品商品素材怎么做竞争态势分析？,业务场景问题,抖音,other,https://iesdouyin.com/share/video/7647464395165728113,iesdouyin.com,2
CMCR-CIT-2543DDDA440BAA8AAAAA86FB,CMCR-CMP-20260819-C3-Q0051,CMCR-Q0051,竞品商品素材怎么做竞争态势分析？,业务场景问题,今日头条,other,http://m.toutiao.com/group/7621116606064493094,m.toutiao.com,2
CMCR-CIT-A76EEFCB915330B3851EDCEE,CMCR-CMP-20260819-C3-Q0051,CMCR-Q0051,竞品商品素材怎么做竞争态势分析？,业务场景问题,抖音,other,https://iesdouyin.com/share/video/7654916102883392640,iesdouyin.com,2
CMCR-CIT-5296A36EE921576B9A2B62EB,CMCR-CMP-20260819-C3-Q0051,CMCR-Q0051,竞品商品素材怎么做竞争态势分析？,业务场景问题,抖音,other,https://iesdouyin.com/share/video/7655874519698524790,iesdouyin.com,1
CMCR-CIT-C752D85EC9945B84F9B6DD91,CMCR-CMP-20260819-C3-Q0051,CMCR-Q0051,竞品商品素材怎么做竞争态势分析？,业务场景问题,抖音,other,https://iesdouyin.com/share/video/7656768096455420130,iesdouyin.com,1
CMCR-CIT-F3AA3EBF4A754CF6796097FE,CMCR-CMP-20260819-C3-Q0051,CMCR-Q0051,竞品商品素材怎么做竞争态势分析？,业务场景问题,Analyser les fiches produit de tes concurrents Amazon : la méthode IA dans Google Drive,other,https://nanakia.fr/analyser-fiches-produit-concurrents-amazon,nanakia.fr,1
CMCR-CIT-8F9C83CFE01B88F31003EA04,CMCR-CMP-20260819-C3-Q0051,CMCR-Q0051,竞品商品素材怎么做竞争态势分析？,业务场景问题,Amazon Competitor Image Analysis: The Complete Seller Workflow,other,https://asincrate.com/blog/amazon-competitor-image-analysis,asincrate.com,1
CMCR-CIT-6C509751C29081A80B2B7430,CMCR-CMP-20260819-C3-Q0051,CMCR-Q0051,竞品商品素材怎么做竞争态势分析？,业务场景问题,开局一张产品图，怎么做亚马逊竞品分析?用5个条件找准竞品 - 锦品出海 - 跨境电商一站式服务平台,other,https://glosellers.com/94713.html,glosellers.com,1
CMCR-CIT-7E0116CE2D9540D542666B06,CMCR-CMP-20260819-C3-Q0051,CMCR-Q0051,竞品商品素材怎么做竞争态势分析？,业务场景问题,一看就会的【竞品分析】方法解析_美工靓仔-站酷ZCOOL,other,https://zcool.com.cn/article/ZMTY0Njc4OA==.html,zcool.com.cn,1
CMCR-CIT-4F843625D6DF69543F3C9105,CMCR-CMP-20260819-C3-Q0052,CMCR-Q0052,电商内容团队的编导写脚本，应该先看哪些爆款拆解维度？,业务场景问题,抖音电商,platform_official,https://school.jinritemai.com/doudian/wap/course-series/cJZHjLnhaLyw/cJZHjLnhaLywlJZJUawr95yC?from=SonVip%E2%9C%94%EF%B8%8Fwebsite+ch%C3%ADnh+th%E1%BB%A9c%E3%80%90+i9bet.com%E3%80%91%E2%9C%94%EF%B8%8FSonVip%E2%9C%94%EF%B8%8Fklotfuyx%E2%9C%94%EF%B8%8FSonVip%E2%9C%94%EF%B8%8Fc4fct9fy%E2%9C%94%EF%B8%8FSonVip%E2%98%80%EF%B8%8Fwebsite+ch%C3%ADnh+th%E1%BB%A9c%E3%80%90+i9bet.com%E3%80%91%E2%98%80%EF%B8%8FSonVip&from_school=1&should_full_screen=1&should_hide_bottom_nav=1,school.jinritemai.com,1
CMCR-CIT-7050D68933C663ED76EBC79B,CMCR-CMP-20260819-C3-Q0052,CMCR-Q0052,电商内容团队的编导写脚本，应该先看哪些爆款拆解维度？,业务场景问题,搜狐,media,https://m.sohu.com/a/1064020874_122634602,m.sohu.com,2
CMCR-CIT-22C37FCD0DE9AED95F763ED5,CMCR-CMP-20260819-C3-Q0052,CMCR-Q0052,电商内容团队的编导写脚本，应该先看哪些爆款拆解维度？,业务场景问题,抖音,other,https://iesdouyin.com/share/video/7674942692191988325,iesdouyin.com,1
CMCR-CIT-7CC37278913B1C868E1D7A38,CMCR-CMP-20260819-C3-Q0052,CMCR-Q0052,电商内容团队的编导写脚本，应该先看哪些爆款拆解维度？,业务场景问题,抖音,other,https://iesdouyin.com/share/video/7672026944016357210,iesdouyin.com,2
CMCR-CIT-91A44F9351A1D5D92402218D,CMCR-CMP-20260819-C3-Q0052,CMCR-Q0052,电商内容团队的编导写脚本，应该先看哪些爆款拆解维度？,业务场景问题,CSDN博客,other,https://blog.csdn.net/weixin_36102874/article/details/160222122,blog.csdn.net,1
CMCR-CIT-C37B2FC91BF4EDC98E8D4CBF,CMCR-CMP-20260819-C3-Q0052,CMCR-Q0052,电商内容团队的编导写脚本，应该先看哪些爆款拆解维度？,业务场景问题,抖音,other,https://iesdouyin.com/share/video/7672347337486808294,iesdouyin.com,1
CMCR-CIT-9AB64486D5F19FA9093009AE,CMCR-CMP-20260819-C3-Q0052,CMCR-Q0052,电商内容团队的编导写脚本，应该先看哪些爆款拆解维度？,业务场景问题,CSDN博客,other,https://blog.csdn.net/chanmama8888/article/details/163069176,blog.csdn.net,2
CMCR-CIT-186C785950402220CD7D13D9,CMCR-CMP-20260819-C3-Q0052,CMCR-Q0052,电商内容团队的编导写脚本，应该先看哪些爆款拆解维度？,业务场景问题,抖音,other,https://iesdouyin.com/share/video/7672303110405338249,iesdouyin.com,1
CMCR-CIT-088E09AEE090E1BFC1850312,CMCR-CMP-20260819-C3-Q0052,CMCR-Q0052,电商内容团队的编导写脚本，应该先看哪些爆款拆解维度？,业务场景问题,抖音,other,https://iesdouyin.com/share/video/7668981829357145378,iesdouyin.com,1
CMCR-CIT-5FEE9CA51436DC363D627EA3,CMCR-CMP-20260819-C3-Q0052,CMCR-Q0052,电商内容团队的编导写脚本，应该先看哪些爆款拆解维度？,业务场景问题,抖音,other,https://iesdouyin.com/share/video/7638583281600877241,iesdouyin.com,1
CMCR-CIT-4DD2452A1862EBA9C0909EDA,CMCR-CMP-20260819-C3-Q0052,CMCR-Q0052,电商内容团队的编导写脚本，应该先看哪些爆款拆解维度？,业务场景问题,抖音电商,platform_official,https://school.jinritemai.com/doudian/wap/article/aJXJxGM3JHZm?from_school=1&should_full_screen=1&should_hide_bottom_nav=1,school.jinritemai.com,1
CMCR-CIT-2632E1B36AE5BFEE131CE522,CMCR-CMP-20260819-C3-Q0052,CMCR-Q0052,电商内容团队的编导写脚本，应该先看哪些爆款拆解维度？,业务场景问题,CSDN博客,other,https://blog.csdn.net/chanmama8888/article/details/163300170,blog.csdn.net,1
CMCR-CIT-062845C884A4A822DC35B9E1,CMCR-CMP-20260819-C3-Q0052,CMCR-Q0052,电商内容团队的编导写脚本，应该先看哪些爆款拆解维度？,业务场景问题,抖音,other,https://iesdouyin.com/share/video/7670563530979430586,iesdouyin.com,1
CMCR-CIT-D0EEC98FA90B1ED2859921B2,CMCR-CMP-20260819-C3-Q0052,CMCR-Q0052,电商内容团队的编导写脚本，应该先看哪些爆款拆解维度？,业务场景问题,淘宝,other,https://goods.taobao.com/t/daiyunying_16960/f19e659e3d114bdea4226e253677e876.html,goods.taobao.com,1
CMCR-CIT-55B60C720DB305C2846E2A01,CMCR-CMP-20260819-C3-Q0052,CMCR-Q0052,电商内容团队的编导写脚本，应该先看哪些爆款拆解维度？,业务场景问题,搜狐,media,https://m.sohu.com/a/1053233411_122634602,m.sohu.com,1
CMCR-CIT-FFE4F39CD0CDC69A68F8AA94,CMCR-CMP-20260819-C3-Q0053,CMCR-Q0053,AI 带货视频怎么做，新手需要准备哪些素材？,业务场景问题,CSDN博客,other,https://blog.csdn.net/2302_76557141/article/details/160349045,blog.csdn.net,3
CMCR-CIT-F9CACE57D1A4C4A66B8B74D9,CMCR-CMP-20260819-C3-Q0053,CMCR-Q0053,AI 带货视频怎么做，新手需要准备哪些素材？,业务场景问题,​怎么用AI生成带货视频?从商品图片到TikTok视频完整流程解析-腾讯云开发者社区-腾讯云,other,https://developer.cloud.tencent.com/article/2712213,developer.cloud.tencent.com,2
CMCR-CIT-8312CE2A5575189B5A681B57,CMCR-CMP-20260819-C3-Q0053,CMCR-Q0053,AI 带货视频怎么做，新手需要准备哪些素材？,业务场景问题,抖音,other,https://iesdouyin.com/share/video/7655596373186169777,iesdouyin.com,2
CMCR-CIT-60F6B6DA3761C047BE57AE20,CMCR-CMP-20260819-C3-Q0053,CMCR-Q0053,AI 带货视频怎么做，新手需要准备哪些素材？,业务场景问题,抖音,other,https://iesdouyin.com/share/video/7642611374039846184,iesdouyin.com,2
CMCR-CIT-959AD693DB431D19685D17CC,CMCR-CMP-20260819-C3-Q0053,CMCR-Q0053,AI 带货视频怎么做，新手需要准备哪些素材？,业务场景问题,人工智能 - 2026年AI生成带货视频工具推荐:从脚本到成片的完整制作流程教程 - 1aigc - SegmentFault 思否,other,https://segmentfault.com/a/1190000047952464,segmentfault.com,1
CMCR-CIT-9392434B87A7F5B8ACFE5219,CMCR-CMP-20260819-C3-Q0053,CMCR-Q0053,AI 带货视频怎么做，新手需要准备哪些素材？,业务场景问题,CSDN博客,other,https://blog.csdn.net/AIVOClaw/article/details/161661244,blog.csdn.net,1
CMCR-CIT-0FE26D6DB0CEC89CC104A032,CMCR-CMP-20260819-C3-Q0053,CMCR-Q0053,AI 带货视频怎么做，新手需要准备哪些素材？,业务场景问题,抖音,other,https://iesdouyin.com/share/video/7651525623568457713,iesdouyin.com,1
CMCR-CIT-9F3139E36FFD4157C00451D8,CMCR-CMP-20260819-C3-Q0053,CMCR-Q0053,AI 带货视频怎么做，新手需要准备哪些素材？,业务场景问题,使用指南--Kickart-火山引擎,other,https://volcengine.com/docs/6664/2119708?lang=zh,volcengine.com,1
CMCR-CIT-A8AD78E51669A4196F108551,CMCR-CMP-20260819-C3-Q0053,CMCR-Q0053,AI 带货视频怎么做，新手需要准备哪些素材？,业务场景问题,搜狐,media,https://m.sohu.com/a/1037630048_122575751,m.sohu.com,1
CMCR-CIT-551C31E87F5C75CD19F44DCF,CMCR-CMP-20260819-C3-Q0053,CMCR-Q0053,AI 带货视频怎么做，新手需要准备哪些素材？,业务场景问题,抖音,other,https://iesdouyin.com/share/video/7647478489683733105,iesdouyin.com,1
CMCR-CIT-614602DDF2D0575FC7208F50,CMCR-CMP-20260819-C3-Q0053,CMCR-Q0053,AI 带货视频怎么做，新手需要准备哪些素材？,业务场景问题,什么值得买,other,https://post.m.smzdm.com/p/a036qk2z,post.m.smzdm.com,1
CMCR-CIT-DBB75FB07068EBD8AF1E7606,CMCR-CMP-20260819-C3-Q0053,CMCR-Q0053,AI 带货视频怎么做，新手需要准备哪些素材？,业务场景问题,电商视频素材-linkpix | 青虎,other,https://iqinghu.com/qa/detail/70842,iqinghu.com,1
CMCR-CIT-68FB6761EF467683982DE964,CMCR-CMP-20260819-C3-Q0053,CMCR-Q0053,AI 带货视频怎么做，新手需要准备哪些素材？,业务场景问题,抖音,other,https://iesdouyin.com/share/video/7640655554356497481,iesdouyin.com,1
CMCR-CIT-6A5056A9AA041BBE4937EA43,CMCR-CMP-20260819-C3-Q0053,CMCR-Q0053,AI 带货视频怎么做，新手需要准备哪些素材？,业务场景问题,抖音,other,https://iesdouyin.com/share/video/7359190865094446347,iesdouyin.com,1
CMCR-CIT-5386EFB2A4B89D90A789A12F,CMCR-CMP-20260819-C3-Q0053,CMCR-Q0053,AI 带货视频怎么做，新手需要准备哪些素材？,业务场景问题,抖音,other,https://iesdouyin.com/share/video/7659309512419003675,iesdouyin.com,1
CMCR-CIT-9270C59AD08074BD3CF33FD1,CMCR-CMP-20260819-C3-Q0053,CMCR-Q0053,AI 带货视频怎么做，新手需要准备哪些素材？,业务场景问题,抖音,other,https://iesdouyin.com/share/video/7609590664740769059,iesdouyin.com,1
CMCR-CIT-AEA0503960C03B868610C306,CMCR-CMP-20260819-C3-Q0053,CMCR-Q0053,AI 带货视频怎么做，新手需要准备哪些素材？,业务场景问题,抖音,other,https://iesdouyin.com/share/video/7627008256526781732,iesdouyin.com,1
CMCR-CIT-9A6066DE9FB066934BA73D14,CMCR-CMP-20260819-C3-Q0053,CMCR-Q0053,AI 带货视频怎么做，新手需要准备哪些素材？,业务场景问题,抖音,other,https://iesdouyin.com/share/video/7654202853732699877,iesdouyin.com,1
CMCR-CIT-A1D6CAC78E47B82E6D9FE184,CMCR-CMP-20260819-C3-Q0054,CMCR-Q0054,AI 生成带货视频适合哪些商品品类？,业务场景问题,什么值得买,other,https://post.m.smzdm.com/p/az85xgv0,post.m.smzdm.com,2
CMCR-CIT-4CF4ED47B13367D8F6C5728C,CMCR-CMP-20260819-C3-Q0054,CMCR-Q0054,AI 生成带货视频适合哪些商品品类？,业务场景问题,抖音,other,https://iesdouyin.com/share/video/7674181234859848626,iesdouyin.com,2
CMCR-CIT-9DF924A9738C628A64F3C347,CMCR-CMP-20260819-C3-Q0054,CMCR-Q0054,AI 生成带货视频适合哪些商品品类？,业务场景问题,抖音,other,https://iesdouyin.com/share/video/7669812730841163482,iesdouyin.com,3
CMCR-CIT-F7173EECC4AB490D3372A48C,CMCR-CMP-20260819-C3-Q0054,CMCR-Q0054,AI 生成带货视频适合哪些商品品类？,业务场景问题,抖音,other,https://iesdouyin.com/share/video/7627000490085650867,iesdouyin.com,2
CMCR-CIT-47793EF4373F2B8B2A2605B1,CMCR-CMP-20260819-C3-Q0054,CMCR-Q0054,AI 生成带货视频适合哪些商品品类？,业务场景问题,抖音,other,https://iesdouyin.com/share/video/7649317349698883003,iesdouyin.com,1
CMCR-CIT-6B3BEA9251B5865814B72DA3,CMCR-CMP-20260819-C3-Q0054,CMCR-Q0054,AI 生成带货视频适合哪些商品品类？,业务场景问题,什么值得买,other,https://post.m.smzdm.com/p/ak8ezedk,post.m.smzdm.com,1
CMCR-CIT-EC4D8B5F15E63D6FECC3B519,CMCR-CMP-20260819-C3-Q0054,CMCR-Q0054,AI 生成带货视频适合哪些商品品类？,业务场景问题,waytoagi.com,other,https://waytoagi.com/zh/question/73257,waytoagi.com,1
CMCR-CIT-C68CA1E473DC68E62AD61624,CMCR-CMP-20260819-C3-Q0054,CMCR-Q0054,AI 生成带货视频适合哪些商品品类？,业务场景问题,什么值得买,other,https://post.m.smzdm.com/p/az8x4zp5,post.m.smzdm.com,1
CMCR-CIT-EBE88EE85259A458F5B66CDE,CMCR-CMP-20260819-C3-Q0054,CMCR-Q0054,AI 生成带货视频适合哪些商品品类？,业务场景问题,什么值得买,other,https://post.m.smzdm.com/p/am968qvz,post.m.smzdm.com,1
CMCR-CIT-859F20E80B2CB0F463EA292A,CMCR-CMP-20260819-C3-Q0054,CMCR-Q0054,AI 生成带货视频适合哪些商品品类？,业务场景问题,什么值得买,other,https://post.m.smzdm.com/p/anvkgvd3,post.m.smzdm.com,1
CMCR-CIT-D592D6B2E689B9050E119083,CMCR-CMP-20260819-C3-Q0054,CMCR-Q0054,AI 生成带货视频适合哪些商品品类？,业务场景问题,哔哩哔哩,community,https://bilibili.com/opus/1208179458654076945,bilibili.com,1
CMCR-CIT-016397C1761F8E3DE364BFA6,CMCR-CMP-20260819-C3-Q0054,CMCR-Q0054,AI 生成带货视频适合哪些商品品类？,业务场景问题,用AI做了一批TikTok带货视频，结果有点吓人..(附教程，超简单),other,https://icviews.cn/semiCommunity/postDetail/15895,icviews.cn,1
CMCR-CIT-D637B754BDB2FA56BFC80716,CMCR-CMP-20260819-C3-Q0054,CMCR-Q0054,AI 生成带货视频适合哪些商品品类？,业务场景问题,抖音,other,https://iesdouyin.com/share/video/7674683873569099059,iesdouyin.com,1
CMCR-CIT-22F59808BA1A7FB33FDA81B3,CMCR-CMP-20260819-C3-Q0056,CMCR-Q0056,商品图或产品图怎么生成带货短视频？,业务场景问题,5分钟一条带货视频!AI商品广告一键成片完整教程，从入门到精通 | 青虎,other,https://iqinghu.com/article/detail/31367,iqinghu.com,1
CMCR-CIT-17FDC17053338B05BEA87052,CMCR-CMP-20260819-C3-Q0056,CMCR-Q0056,商品图或产品图怎么生成带货短视频？,业务场景问题,使用指南--Kickart-火山引擎,other,https://volcengine.com/docs/6664/2119708?lang=zh,volcengine.com,1
CMCR-CIT-3A8A5DF000ED84D5816BB56F,CMCR-CMP-20260819-C3-Q0056,CMCR-Q0056,商品图或产品图怎么生成带货短视频？,业务场景问题,抖音,other,https://iesdouyin.com/share/video/7575106595508664699,iesdouyin.com,1
CMCR-CIT-15CDB3306D13789EE51CADCC,CMCR-CMP-20260819-C3-Q0056,CMCR-Q0056,商品图或产品图怎么生成带货短视频？,业务场景问题,抖音,other,https://iesdouyin.com/share/video/7591355202998522297,iesdouyin.com,2
CMCR-CIT-95DCEEF8C04A6088DEC4012F,CMCR-CMP-20260819-C3-Q0056,CMCR-Q0056,商品图或产品图怎么生成带货短视频？,业务场景问题,抖音,other,https://iesdouyin.com/share/video/7597354606432096889,iesdouyin.com,1
CMCR-CIT-03D63AE7BA954099D8DB7AB3,CMCR-CMP-20260819-C3-Q0056,CMCR-Q0056,商品图或产品图怎么生成带货短视频？,业务场景问题,不会剪视频也能卖货?AI带货视频帮你把商品“讲明白”-美图设计室官网,other,https://designkit.cn/article/aidaihuoshipin-jiaocheng,designkit.cn,1
CMCR-CIT-C21C881B666DFA7AC66ECADA,CMCR-CMP-20260819-C3-Q0056,CMCR-Q0056,商品图或产品图怎么生成带货短视频？,业务场景问题,前端 - 一张产品图变TikTok带货视频:GPT-image 2.0加Seedance 2.0实操 - 库拉AI - SegmentFault 思否,other,https://segmentfault.com/a/1190000047770672,segmentfault.com,1
CMCR-CIT-C7E410F69E3179F6E3D4442B,CMCR-CMP-20260819-C3-Q0056,CMCR-Q0056,商品图或产品图怎么生成带货短视频？,业务场景问题,抖音,other,https://iesdouyin.com/share/video/7647012636336327988,iesdouyin.com,1
CMCR-CIT-3E1429B8B2AE90094BD29945,CMCR-CMP-20260819-C3-Q0056,CMCR-Q0056,商品图或产品图怎么生成带货短视频？,业务场景问题,抖音,other,https://iesdouyin.com/share/video/7578068275512585393,iesdouyin.com,1
CMCR-CIT-CB7C5E18D413D22B81A7FF85,CMCR-CMP-20260819-C3-Q0056,CMCR-Q0056,商品图或产品图怎么生成带货短视频？,业务场景问题,AI产品视频生成器:图生带货视频|Morphic,other,https://morphic.com/zh/resources/tools/ai-product-video-generator,morphic.com,1
CMCR-CIT-CB7D24B7206C012BF4189DB3,CMCR-CMP-20260819-C3-Q0056,CMCR-Q0056,商品图或产品图怎么生成带货短视频？,业务场景问题,抖音,other,https://iesdouyin.com/share/video/7673785454835076371,iesdouyin.com,1
CMCR-CIT-F81CB9A2A74EE1985020628A,CMCR-CMP-20260819-C3-Q0056,CMCR-Q0056,商品图或产品图怎么生成带货短视频？,业务场景问题,CSDN博客,other,https://blog.csdn.net/weixin_36102874/article/details/160222122,blog.csdn.net,1
CMCR-CIT-BA8C5168257ECC03DD5ED202,CMCR-CMP-20260819-C3-Q0056,CMCR-Q0056,商品图或产品图怎么生成带货短视频？,业务场景问题,AI video generator for TikTok: Turn product copy & one photo into short-form ads,other,https://gocrazyai.com/blog/ai-video-generator-tiktok-ads,gocrazyai.com,1
CMCR-CIT-61B5ECF6808C6F23C1272612,CMCR-CMP-20260819-C3-Q0056,CMCR-Q0056,商品图或产品图怎么生成带货短视频？,业务场景问题,抖音,other,https://iesdouyin.com/share/video/7670499331387969509,iesdouyin.com,2
CMCR-CIT-B1CF2EBD8E87C68AE30FEEEA,CMCR-CMP-20260819-C3-Q0056,CMCR-Q0056,商品图或产品图怎么生成带货短视频？,业务场景问题,抖音,other,https://iesdouyin.com/share/video/7653434639427669289,iesdouyin.com,2
CMCR-CIT-512EDCA292540312E88B00C3,CMCR-CMP-20260819-C3-Q0058,CMCR-Q0058,只有商品链接，能不能一键生成营销视频？,业务场景问题,思途Ai助理 — AI 短视频生成平台,other,http://sietoo.net/,sietoo.net,2
CMCR-CIT-0FEFB81B50F1E6F397DEEE71,CMCR-CMP-20260819-C3-Q0058,CMCR-Q0058,只有商品链接，能不能一键生成营销视频？,业务场景问题,Oumomo|TikTok商品链接生视频(一键成片)，URL转AI带货视频生成器,other,https://oumomo.ai/zh/url-to-video,oumomo.ai,1
CMCR-CIT-1DBF97BDD911CD6D45692814,CMCR-CMP-20260819-C3-Q0058,CMCR-Q0058,只有商品链接，能不能一键生成营销视频？,业务场景问题,抖音,other,https://iesdouyin.com/share/video/7657943863378625499,iesdouyin.com,1
CMCR-CIT-32DA3AD82A9ACEC766E85D23,CMCR-CMP-20260819-C3-Q0058,CMCR-Q0058,只有商品链接，能不能一键生成营销视频？,业务场景问题,抖音,other,https://iesdouyin.com/share/video/7655272255898884795,iesdouyin.com,1
CMCR-CIT-67F0A1F647B190CB809AC0AD,CMCR-CMP-20260819-C3-Q0058,CMCR-Q0058,只有商品链接，能不能一键生成营销视频？,业务场景问题,使用指南--Kickart-火山引擎,other,https://volcengine.com/docs/6664/2119708?lang=zh,volcengine.com,1
CMCR-CIT-3ADB3BE3A64A45EACCC9D772,CMCR-CMP-20260819-C3-Q0058,CMCR-Q0058,只有商品链接，能不能一键生成营销视频？,业务场景问题,什么值得买,other,https://post.m.smzdm.com/p/a2qdx0ld,post.m.smzdm.com,2
CMCR-CIT-462FA7D63CE9F84EA66E2DB7,CMCR-CMP-20260819-C3-Q0058,CMCR-Q0058,只有商品链接，能不能一键生成营销视频？,业务场景问题,抖音,other,https://iesdouyin.com/share/video/7673043937493404955,iesdouyin.com,2
CMCR-CIT-87F8F7F2ABD78E595DE498CF,CMCR-CMP-20260819-C3-Q0058,CMCR-Q0058,只有商品链接，能不能一键生成营销视频？,业务场景问题,抖音,other,https://iesdouyin.com/share/video/7581782144608734502,iesdouyin.com,1
CMCR-CIT-78EDC02E7E798D286456CD12,CMCR-CMP-20260819-C3-Q0058,CMCR-Q0058,只有商品链接，能不能一键生成营销视频？,业务场景问题,抖音,other,https://iesdouyin.com/share/video/7620824479312865195,iesdouyin.com,1
CMCR-CIT-ED456D9A84B9D1161A26AE19,CMCR-CMP-20260819-C3-Q0058,CMCR-Q0058,只有商品链接，能不能一键生成营销视频？,业务场景问题,CSDN博客,other,https://blog.csdn.net/SEONIB_Explorer/article/details/163144633,blog.csdn.net,1
CMCR-CIT-59D2DA0E5343D04CE5A90274,CMCR-CMP-20260819-C3-Q0058,CMCR-Q0058,只有商品链接，能不能一键生成营销视频？,业务场景问题,How URL to Video Tools Work,other,https://admove.ai/blog/url-to-video-tools-tutorial,admove.ai,1
CMCR-CIT-FA1181BC837C9C374BAFA99C,CMCR-CMP-20260819-C3-Q0058,CMCR-Q0058,只有商品链接，能不能一键生成营销视频？,业务场景问题,一键生成产品视频:跨境电商卖家的AI视频工具实操指南_跨境电商_胖嘟嘟SEO_InfoQ写作社区,other,https://xie.infoq.cn/article/d9bfdbf4df69f3293872c3295,xie.infoq.cn,1
CMCR-CIT-019315AB99C5C4DE2760C6D6,CMCR-CMP-20260819-C3-Q0058,CMCR-Q0058,只有商品链接，能不能一键生成营销视频？,业务场景问题,Creatify AI Review: Generate Video Ads from Product Links in Minutes,other,https://aiportalx.com/blog/creatify-ai-review-video-ads-product-links,aiportalx.com,1
CMCR-CIT-3370E055596B558F62A02BE8,CMCR-CMP-20260819-C3-Q0058,CMCR-Q0058,只有商品链接，能不能一键生成营销视频？,业务场景问题,How to Create Video Ads from Product URLs Using AI (Step-by-Step Guide),other,https://aijourn.com/how-to-create-video-ads-from-product-urls-using-ai-step-by-step-guide,aijourn.com,1
CMCR-CIT-E6F68C6E8BA85D0F26690B71,CMCR-CMP-20260819-C3-Q0058,CMCR-Q0058,只有商品链接，能不能一键生成营销视频？,业务场景问题,"Top 6 Click-to-Ad AI Platforms: Paste a Link, Get Ads",other,https://aimojo.io/click-to-ad-ai-platforms,aimojo.io,1
CMCR-CIT-3734B9DA92D9B3E5A9F23678,CMCR-CMP-20260819-C3-Q0059,CMCR-Q0059,商品卖点和图片能不能自动生成带货脚本？,业务场景问题,即创AI - 抖音官方智能创作平台:视频图文直播一站式生成工具,other,https://jichuang.ai-tab.cn/,jichuang.ai-tab.cn,2
CMCR-CIT-2BEFD3E0014AD0B4CC18B5AD,CMCR-CMP-20260819-C3-Q0059,CMCR-Q0059,商品卖点和图片能不能自动生成带货脚本？,业务场景问题,LinkPix落地页_电商AI智能体-青虎AI,other,https://linkpix.iqinghu.com/,linkpix.iqinghu.com,1
CMCR-CIT-454C661B52DBBB5659E93148,CMCR-CMP-20260819-C3-Q0059,CMCR-Q0059,商品卖点和图片能不能自动生成带货脚本？,业务场景问题,电商人都在用!做带货视频用这三款软件最方便_生成式 AI 应用_沃观Wovision_InfoQ写作社区,other,https://xie.infoq.cn/article/2ac5e64ef07bf4d7a16d36eb7,xie.infoq.cn,1
CMCR-CIT-9890D94867A3052A36FC4387,CMCR-CMP-20260819-C3-Q0059,CMCR-Q0059,商品卖点和图片能不能自动生成带货脚本？,业务场景问题,抖音,other,https://iesdouyin.com/share/video/7673785454835076371,iesdouyin.com,1
CMCR-CIT-32F584C9B2681C781C78CB92,CMCR-CMP-20260819-C3-Q0059,CMCR-Q0059,商品卖点和图片能不能自动生成带货脚本？,业务场景问题,从产品 URL 到视频广告:构建完整的电商视频自动化流水线_AIGC_胖嘟嘟SEO_InfoQ写作社区,other,https://xie.infoq.cn/article/b1816abbb66735e87f5d3abc8,xie.infoq.cn,1
CMCR-CIT-D4D79CDB72A6DD102D30B00E,CMCR-CMP-20260819-C3-Q0059,CMCR-Q0059,商品卖点和图片能不能自动生成带货脚本？,业务场景问题,CSDN博客,other,https://blog.csdn.net/weixin_42502040/article/details/152109169,blog.csdn.net,3
CMCR-CIT-D69A68846BC5954FB587AA14,CMCR-CMP-20260819-C3-Q0059,CMCR-Q0059,商品卖点和图片能不能自动生成带货脚本？,业务场景问题,CSDN博客,other,https://blog.csdn.net/weixin_28888459/article/details/157959322,blog.csdn.net,1
CMCR-CIT-A7876886DCEBB277F703C226,CMCR-CMP-20260819-C3-Q0059,CMCR-Q0059,商品卖点和图片能不能自动生成带货脚本？,业务场景问题,CSDN博客,other,https://blog.csdn.net/weixin_42376614/article/details/158434165,blog.csdn.net,1
CMCR-CIT-C28AC5ABD656072A96733183,CMCR-CMP-20260819-C3-Q0059,CMCR-Q0059,商品卖点和图片能不能自动生成带货脚本？,业务场景问题,CSDN博客,other,https://blog.csdn.net/weixin_35756624/article/details/152511019,blog.csdn.net,1
CMCR-CIT-068D9A86273F6F60011F4014,CMCR-CMP-20260819-C3-Q0059,CMCR-Q0059,商品卖点和图片能不能自动生成带货脚本？,业务场景问题,AI图生视频提示词还要自己写?青虎AI-LinkPix让你解放双手，一键生片 - 运营干货 - 知虾 - 大数据，让您做到知己知彼,other,https://shopee.mobduos.com/article/operate/22965,shopee.mobduos.com,1
CMCR-CIT-5DFEC8B49EA1CFD448AA2561,CMCR-CMP-20260819-C3-Q0059,CMCR-Q0059,商品卖点和图片能不能自动生成带货脚本？,业务场景问题,一键成片新手指引--Kickart-火山引擎,other,https://volcengine.com/docs/6664/2512978?lang=zh,volcengine.com,1
CMCR-CIT-B7E2287199C44CBB5F2F2C34,CMCR-CMP-20260819-C3-Q0059,CMCR-Q0059,商品卖点和图片能不能自动生成带货脚本？,业务场景问题,CSDN博客,other,https://blog.csdn.net/IronwoodStag78/article/details/156968415,blog.csdn.net,1
CMCR-CIT-3697ABED3802A58CABE2E07A,CMCR-CMP-20260819-C3-Q0059,CMCR-Q0059,商品卖点和图片能不能自动生成带货脚本？,业务场景问题,抖音,other,https://iesdouyin.com/share/video/7658982524487519530,iesdouyin.com,1
CMCR-CIT-F77F5843EB78BAF700472B54,CMCR-CMP-20260819-C3-Q0059,CMCR-Q0059,商品卖点和图片能不能自动生成带货脚本？,业务场景问题,CSDN博客,other,https://blog.csdn.net/GoldenleafHawk37/article/details/154904812,blog.csdn.net,1
CMCR-CIT-E9C23D6483699D2114B0E2F0,CMCR-CMP-20260819-C3-Q0059,CMCR-Q0059,商品卖点和图片能不能自动生成带货脚本？,业务场景问题,美图设计室实测 – 输入1张商品图，AI批量生成带货视频01. 用 AI 批量制作带货视频02. 高效复制爆款03. 一些分享,other,https://umaax.com/meitushejishishiceshuru1zhangshangpintuaipiliangshengchengda,umaax.com,1
CMCR-CIT-2067C34F9C2B356E34F2F09C,CMCR-CMP-20260819-C3-Q0060,CMCR-Q0060,AI 商品特效怎么做，适合哪些电商场景？,业务场景问题,用 GenApe AI 特效让商品动起来|开箱影片(Unboxing video)- GenApe生成猿,other,https://genape.ai/zh-CN/video-templates/unboxing-video,genape.ai,1
CMCR-CIT-D8827EAA7FCF08780FDF5511,CMCR-CMP-20260819-C3-Q0060,CMCR-Q0060,AI 商品特效怎么做，适合哪些电商场景？,业务场景问题,CSDN博客,other,https://blog.csdn.net/weixin_42609225/article/details/158715665,blog.csdn.net,1
CMCR-CIT-E0E733770D8CAC292A793823,CMCR-CMP-20260819-C3-Q0060,CMCR-Q0060,AI 商品特效怎么做，适合哪些电商场景？,业务场景问题,万相营造 | PROMPT,other,https://prompt.cn/sites/10463.html,prompt.cn,1
CMCR-CIT-C75F79044E4F94AB6CE85C81,CMCR-CMP-20260819-C3-Q0060,CMCR-Q0060,AI 商品特效怎么做，适合哪些电商场景？,业务场景问题,抖音,other,https://iesdouyin.com/share/video/7661216973964464357,iesdouyin.com,2
CMCR-CIT-72918D4651425C24C33C1910,CMCR-CMP-20260819-C3-Q0060,CMCR-Q0060,AI 商品特效怎么做，适合哪些电商场景？,业务场景问题,AI 在电商设计中的应用思路,other,https://m.zcool.com.cn/article/ZMTY4NzM0MA==.html,m.zcool.com.cn,2
CMCR-CIT-F533C5C84E35F5F90724CEF7,CMCR-CMP-20260819-C3-Q0060,CMCR-Q0060,AI 商品特效怎么做，适合哪些电商场景？,业务场景问题,生成商品视频 | 青虎,other,https://iqinghu.com/qa/detail/81970,iqinghu.com,2
CMCR-CIT-8F0C71CD404E800221B8C4F8,CMCR-CMP-20260819-C3-Q0060,CMCR-Q0060,AI 商品特效怎么做，适合哪些电商场景？,业务场景问题,智能换背景商品阴影补全实战工作流|PS AI Plugin,other,https://psaiplugin.com/blog/ai-710012,psaiplugin.com,1
CMCR-CIT-93EC89914FF3249E754603A6,CMCR-CMP-20260819-C3-Q0060,CMCR-Q0060,AI 商品特效怎么做，适合哪些电商场景？,业务场景问题,CSDN博客,other,https://blog.csdn.net/weixin_42514750/article/details/157796153,blog.csdn.net,1
CMCR-CIT-D62F7CDCB834AD41BF3ABB35,CMCR-CMP-20260819-C3-Q0060,CMCR-Q0060,AI 商品特效怎么做，适合哪些电商场景？,业务场景问题,CSDN博客,other,https://blog.csdn.net/weixin_42418754/article/details/157411831,blog.csdn.net,1
CMCR-CIT-1B98EE889BFD6F892692FB9F,CMCR-CMP-20260819-C3-Q0060,CMCR-Q0060,AI 商品特效怎么做，适合哪些电商场景？,业务场景问题,绘蛙官网 - AI电商营销工具，免费生成商品图 | AI工具集,other,https://uziai.com/sites/1645.html,uziai.com,1
CMCR-CIT-A40D5B125552221D49747124,CMCR-CMP-20260819-C3-Q0060,CMCR-Q0060,AI 商品特效怎么做，适合哪些电商场景？,业务场景问题,CSDN博客,other,https://blog.csdn.net/weixin_42173218/article/details/159364606,blog.csdn.net,1
CMCR-CIT-F536E274F939AB8577C5AE10,CMCR-CMP-20260819-C3-Q0060,CMCR-Q0060,AI 商品特效怎么做，适合哪些电商场景？,业务场景问题,CSDN博客,other,https://blog.csdn.net/weixin_36059856/article/details/157895603,blog.csdn.net,1
CMCR-CIT-A849C49FD77D8C918F334F71,CMCR-CMP-20260819-C3-Q0060,CMCR-Q0060,AI 商品特效怎么做，适合哪些电商场景？,业务场景问题,电商主图AI工具实战指南:如何实现商品图片批量生成与优化 | 青虎,other,https://linkpix.iqinghu.com/article/detail/29704,linkpix.iqinghu.com,1
CMCR-CIT-0F776D1C5A7D905446745D15,CMCR-CMP-20260819-C3-Q0060,CMCR-Q0060,AI 商品特效怎么做，适合哪些电商场景？,业务场景问题,抖音,other,https://iesdouyin.com/share/video/7674592911572438501,iesdouyin.com,1
CMCR-CIT-EC46C14B4297DF2FC039708E,CMCR-CMP-20260819-C3-Q0060,CMCR-Q0060,AI 商品特效怎么做，适合哪些电商场景？,业务场景问题,酷家乐AI电商设计:3秒生成高转化详情页，实测提升35%,other,https://b.kujiale.com/article-detail/3FO4K4WC6TAB,b.kujiale.com,1
CMCR-CIT-55D62648602EC9CEE54A6350,CMCR-CMP-20260819-C3-Q0061,CMCR-Q0061,AI 商品特效工具怎么选，能不能做千川素材？,品类认知问题,2025电商AIGC实战:如何构建从爆款复刻到商品保真的视频素材流水线?_财富号_东方财富网,other,https://caifuhao.eastmoney.com/news/20260709145000759879450,caifuhao.eastmoney.com,1
CMCR-CIT-F33DE31E8714374C620874E1,CMCR-CMP-20260819-C3-Q0061,CMCR-Q0061,AI 商品特效工具怎么选，能不能做千川素材？,品类认知问题,抖音电商,platform_official,https://school.jinritemai.com/doudian/wap/course-series/cJZHjLnhaLyw/cJZHjLnhaLywlJZJUawr9Aqg?from=shop_lark_ruleslearning&from_school=1&should_full_screen=1&should_hide_bottom_nav=1,school.jinritemai.com,1
CMCR-CIT-5489D46D874AADDE4EDBD306,CMCR-CMP-20260819-C3-Q0061,CMCR-Q0061,AI 商品特效工具怎么选，能不能做千川素材？,品类认知问题,抖店商品视频生成 | 青虎,other,https://iqinghu.com/qa/detail/81972,iqinghu.com,1
CMCR-CIT-B754D666F9FFC116412A486A,CMCR-CMP-20260819-C3-Q0061,CMCR-Q0061,AI 商品特效工具怎么选，能不能做千川素材？,品类认知问题,抖音,other,https://iesdouyin.com/share/video/7663415306165080433,iesdouyin.com,1
CMCR-CIT-08089C16E5280031EF73FEE3,CMCR-CMP-20260819-C3-Q0061,CMCR-Q0061,AI 商品特效工具怎么选，能不能做千川素材？,品类认知问题,人工智能 - 面向电商商家的 AI 商品素材工具有哪些?从主图、场景图到短视频的工具选择指南 - 1aigc - SegmentFault 思否,other,https://segmentfault.com/a/1190000048054303,segmentfault.com,1
CMCR-CIT-E66EB9085E673EFAC6610FC7,CMCR-CMP-20260819-C3-Q0061,CMCR-Q0061,AI 商品特效工具怎么选，能不能做千川素材？,品类认知问题,稀土掘金,other,https://juejin.cn/post/7662617384499085338,juejin.cn,1
CMCR-CIT-A2E1851B7AE1E465692170F0,CMCR-CMP-20260819-C3-Q0061,CMCR-Q0061,AI 商品特效工具怎么选，能不能做千川素材？,品类认知问题,巨量千川商品投放类目明细(汇总版)-2026.3.16更新 - 巨量千川规则中心,platform_official,https://qianchuan.jinritemai.com/support/content/206751?pageId=229&spaceId=295&timestamp=1786346081489&visitor_source_app_id=295,qianchuan.jinritemai.com,1
CMCR-CIT-BEDDFDFAF5AD63C81419BD29,CMCR-CMP-20260819-C3-Q0061,CMCR-Q0061,AI 商品特效工具怎么选，能不能做千川素材？,品类认知问题,千川素材生成,other,https://jiangtour.com/coperation.html,jiangtour.com,1
CMCR-CIT-1A0B6F2746457D4CD6EFEEC8,CMCR-CMP-20260819-C3-Q0061,CMCR-Q0061,AI 商品特效工具怎么选，能不能做千川素材？,品类认知问题,巨量千川投放对素材方面的规范，必看！,other,https://product.11467.com/ziliao/13470310.pdf,product.11467.com,1
CMCR-CIT-94A44814D939397F2FDDEBF3,CMCR-CMP-20260819-C3-Q0061,CMCR-Q0061,AI 商品特效工具怎么选，能不能做千川素材？,品类认知问题,抖音,other,https://iesdouyin.com/share/video/7670466357749873147,iesdouyin.com,1
CMCR-CIT-3E1F34D0B00BA8C89082F26D,CMCR-CMP-20260819-C3-Q0061,CMCR-Q0061,AI 商品特效工具怎么选，能不能做千川素材？,品类认知问题,海南省市场监督管理局关于印发《人工智能生成式广告发布合规指引》的通知 -- 通知公告 --海南省市场监督管理局,other,https://amr.hainan.gov.cn/zw/tztg/202606/t20260612_4092401.html,amr.hainan.gov.cn,1
CMCR-CIT-73918FDDBAEFCB73CE8FF0F9,CMCR-CMP-20260819-C3-Q0061,CMCR-Q0061,AI 商品特效工具怎么选，能不能做千川素材？,品类认知问题,人工智能 - 2026最新AI工具:怎么用 AI 生成带货视频?主流工具实测分享 - 1aigc - SegmentFault 思否,other,https://segmentfault.com/a/1190000047913895,segmentfault.com,1
CMCR-CIT-255CC202AB47995E1E237BFB,CMCR-CMP-20260819-C3-Q0061,CMCR-Q0061,AI 商品特效工具怎么选，能不能做千川素材？,品类认知问题,【审核规则新增】营销内容中不得涉及不当使用AI功能或误导性描述 - 巨量千川规则中心,platform_official,https://qianchuan.jinritemai.com/rule/content/144508,qianchuan.jinritemai.com,1
CMCR-CIT-7C87172FAF115539AF89E77D,CMCR-CMP-20260819-C3-Q0061,CMCR-Q0061,AI 商品特效工具怎么选，能不能做千川素材？,品类认知问题,今日头条,other,http://m.toutiao.com/group/7674894112465633807,m.toutiao.com,1
CMCR-CIT-BBC34586F8A5279E45C98986,CMCR-CMP-20260819-C3-Q0061,CMCR-Q0061,AI 商品特效工具怎么选，能不能做千川素材？,品类认知问题,抖音,other,https://iesdouyin.com/share/video/7646362106128164209,iesdouyin.com,1
CMCR-CIT-6C65EFFC0F7304841E9452B4,CMCR-CMP-20260819-C3-Q0061,CMCR-Q0061,AI 商品特效工具怎么选，能不能做千川素材？,品类认知问题,抖音,other,https://iesdouyin.com/share/video/7609339101951006137,iesdouyin.com,1
CMCR-CIT-BAB8FA0C612DA03813D93FF2,CMCR-CMP-20260819-C3-Q0061,CMCR-Q0061,AI 商品特效工具怎么选，能不能做千川素材？,品类认知问题,AI广告审核治理与合规优化实战指南:巨量引擎新规下的投手生存法则 - 老杨SEM博客,other,https://tgsem.com/xxlyx/8616.html,tgsem.com,1
CMCR-CIT-4CAE83714696CA3CFCC20BA3,CMCR-CMP-20260819-C3-Q0061,CMCR-Q0061,AI 商品特效工具怎么选，能不能做千川素材？,品类认知问题,抖音,other,https://iesdouyin.com/share/video/7674839582462891451,iesdouyin.com,1
CMCR-CIT-87F679719D50CF86F2C69C59,CMCR-CMP-20260819-C3-Q0061,CMCR-Q0061,AI 商品特效工具怎么选，能不能做千川素材？,品类认知问题,什么值得买,other,https://post.m.smzdm.com/p/aww57ldp,post.m.smzdm.com,1
CMCR-CIT-41746E89479C898AF6B92E10,CMCR-CMP-20260819-C3-Q0061,CMCR-Q0061,AI 商品特效工具怎么选，能不能做千川素材？,品类认知问题,什么值得买,other,https://post.m.smzdm.com/p/a030rz7z,post.m.smzdm.com,1
CMCR-CIT-BA62969B047BE3FEB03C49B8,CMCR-CMP-20260819-C3-Q0061,CMCR-Q0061,AI 商品特效工具怎么选，能不能做千川素材？,品类认知问题,搜狐,media,https://m.sohu.com/a/1048151337_122649014,m.sohu.com,1
CMCR-CIT-268B7D2491379AEB073BA411,CMCR-CMP-20260819-C3-Q0061,CMCR-Q0061,AI 商品特效工具怎么选，能不能做千川素材？,品类认知问题,稀土掘金,other,https://juejin.cn/post/7647167322767622182,juejin.cn,1
CMCR-CIT-B17E8D2DB6CF943F053D1DB1,CMCR-CMP-20260819-C3-Q0061,CMCR-Q0061,AI 商品特效工具怎么选，能不能做千川素材？,品类认知问题,Best AI Tools for Ecommerce Product Videos in 2026,other,https://wireflow.ai/blog/best-ai-tools-for-ecommerce-product-videos-in-2026,wireflow.ai,1
CMCR-CIT-055165BB117062DDF718C4D9,CMCR-CMP-20260819-C3-Q0061,CMCR-Q0061,AI 商品特效工具怎么选，能不能做千川素材？,品类认知问题,搜狐,media,https://m.sohu.com/a/1024817917_122649014,m.sohu.com,1
CMCR-CIT-22B0ED4C6C5A23AA5C803C82,CMCR-CMP-20260819-C3-Q0062,CMCR-Q0062,AI 电商模特生成和 AI 素材影棚有什么区别？,对比决策问题,2026年，从白底图到商拍图，AI如何重构电商视觉供应链? | 提效录,other,https://tixiaolu.com/posts/kw-2d73c165,tixiaolu.com,1
CMCR-CIT-AD9FBBA54A1B40FF79F0D545,CMCR-CMP-20260819-C3-Q0062,CMCR-Q0062,AI 电商模特生成和 AI 素材影棚有什么区别？,对比决策问题,CSDN博客,other,https://blog.csdn.net/Dreamshop_AI/article/details/156262132,blog.csdn.net,1
CMCR-CIT-D3A239C7D73F37BD69032943,CMCR-CMP-20260819-C3-Q0062,CMCR-Q0062,AI 电商模特生成和 AI 素材影棚有什么区别？,对比决策问题,今日头条,other,http://m.toutiao.com/group/7670850790914867762,m.toutiao.com,1
CMCR-CIT-E02D62BA9B358649195F2383,CMCR-CMP-20260819-C3-Q0062,CMCR-Q0062,AI 电商模特生成和 AI 素材影棚有什么区别？,对比决策问题,WeShop唯象妙境：国内首个AI商拍工具 让品牌商家无需模特、场景即可通过AI智能生成高品质商用视觉大片,other,https://weshop.com/blog/wp-content/uploads/2024/02/WeShop-2023%E7%A7%8B%E5%86%AC%E5%AD%A3%E5%AE%A2%E6%88%B7%E6%A1%88%E4%BE%8B%E7%B2%BE%E9%80%89.pdf,weshop.com,1
CMCR-CIT-7B7521710D99D9ADFC15B433,CMCR-CMP-20260819-C3-Q0062,CMCR-Q0062,AI 电商模特生成和 AI 素材影棚有什么区别？,对比决策问题,aiproducthub.cn,other,https://aiproducthub.cn/sites/marketing-k-fashionshop.html,aiproducthub.cn,2
CMCR-CIT-A1EB330405F21213A05DBF69,CMCR-CMP-20260819-C3-Q0062,CMCR-Q0062,AI 电商模特生成和 AI 素材影棚有什么区别？,对比决策问题,How to Create AI Model Photos for Ecommerce in 2026,other,https://avocadoai.co/blog/ai-model-photos-2026,avocadoai.co,1
CMCR-CIT-7869AF9CF3BB67A470B6BF85,CMCR-CMP-20260819-C3-Q0062,CMCR-Q0062,AI 电商模特生成和 AI 素材影棚有什么区别？,对比决策问题,阿里云开发者社区,other,https://developer.aliyun.com/article/1755251,developer.aliyun.com,1
CMCR-CIT-84E5A5856990A09F94D732C0,CMCR-CMP-20260819-C3-Q0062,CMCR-Q0062,AI 电商模特生成和 AI 素材影棚有什么区别？,对比决策问题,"MKTG 8604 New Frontiers in Retailing: Magic and Logic
Is She Born With It or Is It AI: Next Frontier of AI-generated Fashion Models",other,https://frontiersinretail.com/files/white_papers/Spring%202025/group3_650445_24052664_Group%203_Frontiers%20of%20Retailing%20_Final%20Paper.pdf,frontiersinretail.com,1
CMCR-CIT-2DB4DBF4C82A60FCD75B043C,CMCR-CMP-20260819-C3-Q0062,CMCR-Q0062,AI 电商模特生成和 AI 素材影棚有什么区别？,对比决策问题,AI服装模特怎么生成?电商模特图的AI应用_AI服装模特-Style3D 凌迪科技,other,https://style3d.com/wiki/1578,style3d.com,1
CMCR-CIT-C2D58AB9169EBFB411FD74EE,CMCR-CMP-20260819-C3-Q0062,CMCR-Q0062,AI 电商模特生成和 AI 素材影棚有什么区别？,对比决策问题,流光AI - 智能电商视觉引擎,other,https://liuguangai.com/,liuguangai.com,1
CMCR-CIT-28DC086FF5284A81550A36A5,CMCR-CMP-20260819-C3-Q0062,CMCR-Q0062,AI 电商模特生成和 AI 素材影棚有什么区别？,对比决策问题,AI电商模特生成 - 免费在线通过文字描述生成各类电商模特 - HANYUAI 模特助理,other,https://hanyuai.com/zh/image-generator/model-generator,hanyuai.com,1
CMCR-CIT-335891C5BE756B810BA34A2B,CMCR-CMP-20260819-C3-Q0062,CMCR-Q0062,AI 电商模特生成和 AI 素材影棚有什么区别？,对比决策问题,AI 3D Camera - 一张照片拥有完整 3D 摄影棚 | Nano Banana Pro 驱动,other,https://ai3dcamera.com/zh,ai3dcamera.com,1
CMCR-CIT-9A12C56D6610B969015F5BBB,CMCR-CMP-20260819-C3-Q0062,CMCR-Q0062,AI 电商模特生成和 AI 素材影棚有什么区别？,对比决策问题,Top 10 Best AI Indoor Studio Photography Generator of 2026,other,https://rawshot.ai/best/ai-indoor-studio-photography-generator,rawshot.ai,1
CMCR-CIT-ED8450A026A49C0D746D12DF,CMCR-CMP-20260819-C3-Q0062,CMCR-Q0062,AI 电商模特生成和 AI 素材影棚有什么区别？,对比决策问题,CSDN博客,other,https://blog.csdn.net/weixin_34268462/article/details/158991384,blog.csdn.net,1
CMCR-CIT-5C71631DF08A453A92A46C83,CMCR-CMP-20260819-C3-Q0062,CMCR-Q0062,AI 电商模特生成和 AI 素材影棚有什么区别？,对比决策问题,影室人像AI图像 | Morphic,other,https://morphic.com/zh/resources/images/studio-portrait-images,morphic.com,1
CMCR-CIT-FBE649BF841426B63F5DD92C,CMCR-CMP-20260819-C3-Q0062,CMCR-Q0062,AI 电商模特生成和 AI 素材影棚有什么区别？,对比决策问题,AI场景加模特 - 免费在线AI一键生成电商场景 - HANYUAI 图像助理,other,https://hanyuai.com/zh/image-edit/ai-scene-generate,hanyuai.com,1
CMCR-CIT-94FCAD76519DE01849D05BB7,CMCR-CMP-20260819-C3-Q0063,CMCR-Q0063,AI 虚拟影棚或素材影棚怎么生成场景化商品视频？,业务场景问题,CSDN博客,other,https://blog.csdn.net/weixin_42600407/article/details/159625193,blog.csdn.net,1
CMCR-CIT-158D741AC4BE2F5E5193A9CC,CMCR-CMP-20260819-C3-Q0063,CMCR-Q0063,AI 虚拟影棚或素材影棚怎么生成场景化商品视频？,业务场景问题,自由创作新手指引--Kickart-火山引擎,other,https://volcengine.com/docs/6664/2546354?lang=zh,volcengine.com,2
CMCR-CIT-204991A1A4CDDF8C8F90A91E,CMCR-CMP-20260819-C3-Q0063,CMCR-Q0063,AI 虚拟影棚或素材影棚怎么生成场景化商品视频？,业务场景问题,AI产品视频生成器 | 创建电商产品展示视频 | VO3 AI,other,https://vo3ai.com/zh/ai-product-video-generator,vo3ai.com,1
CMCR-CIT-D5C44ACAC7DF5BE1D851CF4E,CMCR-CMP-20260819-C3-Q0063,CMCR-Q0063,AI 虚拟影棚或素材影棚怎么生成场景化商品视频？,业务场景问题,抖音,other,https://iesdouyin.com/share/video/7673816134084776064,iesdouyin.com,1
CMCR-CIT-88D45C2EAF598A0E5DC1C32D,CMCR-CMP-20260819-C3-Q0063,CMCR-Q0063,AI 虚拟影棚或素材影棚怎么生成场景化商品视频？,业务场景问题,CSDN博客,other,https://blog.csdn.net/SapphireOwl29/article/details/157038436,blog.csdn.net,2
CMCR-CIT-39931A612B31AEB44517EFD8,CMCR-CMP-20260819-C3-Q0063,CMCR-Q0063,AI 虚拟影棚或素材影棚怎么生成场景化商品视频？,业务场景问题,使用指南--Kickart-火山引擎,other,https://volcengine.com/docs/6664/2119708?lang=zh,volcengine.com,1
CMCR-CIT-38DD675E04E9ED835372FADE,CMCR-CMP-20260819-C3-Q0063,CMCR-Q0063,AI 虚拟影棚或素材影棚怎么生成场景化商品视频？,业务场景问题,AI虚拟人视频制作全流程:从脚本优化到唇形同步的实战指南_51CTO学堂_专业的IT技能学习平台,other,https://edu.51cto.com/article/note/45776.html,edu.51cto.com,1
CMCR-CIT-B010FB0562EACBDC04BC0F3A,CMCR-CMP-20260819-C3-Q0063,CMCR-Q0063,AI 虚拟影棚或素材影棚怎么生成场景化商品视频？,业务场景问题,E-commerce Video Generator,other,https://flowvideo.ai/make/product-video-maker,flowvideo.ai,1
CMCR-CIT-1E64C13E26863D1A93A886CC,CMCR-CMP-20260819-C3-Q0063,CMCR-Q0063,AI 虚拟影棚或素材影棚怎么生成场景化商品视频？,业务场景问题,How to Build an AI Content Factory: Automate Product Videos with Multi-Agent Workflows,other,https://mindstudio.ai/blog/ai-content-factory-product-videos-multi-agent-workflows,mindstudio.ai,1
CMCR-CIT-87C28DC8CA3F6DB2AF7F9D3D,CMCR-CMP-20260819-C3-Q0063,CMCR-Q0063,AI 虚拟影棚或素材影棚怎么生成场景化商品视频？,业务场景问题,Virtual Product Photography: Replacing Physical Sets with AI Video,other,https://hailuoai.video/pages/knowledge/virtual-product-photography-ai-video,hailuoai.video,1
CMCR-CIT-819590B7F8AA072E9BF94E52,CMCR-CMP-20260819-C3-Q0063,CMCR-Q0063,AI 虚拟影棚或素材影棚怎么生成场景化商品视频？,业务场景问题,"What Product Content Production Really Costs in 2026: Studio, UGC, and AI Compared",other,https://tuplestrategy.com/content-production-costs,tuplestrategy.com,1
CMCR-CIT-B222A4174BA0731A88ED921F,CMCR-CMP-20260819-C3-Q0063,CMCR-Q0063,AI 虚拟影棚或素材影棚怎么生成场景化商品视频？,业务场景问题,酷家乐AI电商设计:3秒生成高转化详情页，实测提升35%,other,https://b.kujiale.com/article-detail/3FO4K4WC6TAB,b.kujiale.com,1
CMCR-CIT-16CF8A00829A3E68385B9069,CMCR-CMP-20260819-C3-Q0063,CMCR-Q0063,AI 虚拟影棚或素材影棚怎么生成场景化商品视频？,业务场景问题,网易,media,https://163.com/dy/article/L20KBOD40517CABB.html,163.com,1
CMCR-CIT-22A8C8AB9116AEED79B638C2,CMCR-CMP-20260819-C3-Q0063,CMCR-Q0063,AI 虚拟影棚或素材影棚怎么生成场景化商品视频？,业务场景问题,AI Photo Shoots vs Studio Shoots: Why Synthetic Media Dominates in 2026,other,https://pixtura.app/blog/ai-photo-shoots-vs-studio-shoots-why-synthetic-media-dominates-in-2026,pixtura.app,1
CMCR-CIT-7A88AB6E89E7FAC06710FC56,CMCR-CMP-20260819-C3-Q0063,CMCR-Q0063,AI 虚拟影棚或素材影棚怎么生成场景化商品视频？,业务场景问题,What Is a Virtual Photography Studio? Your 2026 Guide,other,https://photomaxi.com/blog/virtual-photography-studio,photomaxi.com,1
CMCR-CIT-D01BFDE700904815C98A0CC8,CMCR-CMP-20260819-C3-Q0063,CMCR-Q0063,AI 虚拟影棚或素材影棚怎么生成场景化商品视频？,业务场景问题,Video Production Studios in 2026: Comparing Traditional Production to AI-Powered Creative Agencies,other,https://punx.ai/video-production-studios-2026-comparison,punx.ai,1
CMCR-CIT-B529B99688C8FC9F83E7EB92,CMCR-CMP-20260819-C3-Q0064,CMCR-Q0064,AI 带货短剧怎么做，适合哪些商品？,业务场景问题,抖音,other,https://iesdouyin.com/share/video/7657128175503232282,iesdouyin.com,3
CMCR-CIT-E65478B9E7BDEDE9F93D6B22,CMCR-CMP-20260819-C3-Q0064,CMCR-Q0064,AI 带货短剧怎么做，适合哪些商品？,业务场景问题,什么值得买,other,https://post.m.smzdm.com/p/apq55n67,post.m.smzdm.com,4
CMCR-CIT-CCBA69CA370BDC836CE8B816,CMCR-CMP-20260819-C3-Q0064,CMCR-Q0064,AI 带货短剧怎么做，适合哪些商品？,业务场景问题,抖音,other,https://iesdouyin.com/share/video/7652568045630777443,iesdouyin.com,1
CMCR-CIT-8CE0B6A581E8408677EE175A,CMCR-CMP-20260819-C3-Q0064,CMCR-Q0064,AI 带货短剧怎么做，适合哪些商品？,业务场景问题,CSDN博客,other,https://blog.csdn.net/2302_76557141/article/details/160349045,blog.csdn.net,2
CMCR-CIT-AC6CF990C5A979C1FCBD1FCA,CMCR-CMP-20260819-C3-Q0064,CMCR-Q0064,AI 带货短剧怎么做，适合哪些商品？,业务场景问题,以京东《来自星星的我们》看AI短剧如何实现电商营销链路的轻量化重构_人工智能_Caroline516-快递鸟社区,other,https://kdniao.csdn.net/6a3a013510ee7a33f2810573.html,kdniao.csdn.net,1
CMCR-CIT-9ED67E1654F716CE42C3B0D9,CMCR-CMP-20260819-C3-Q0064,CMCR-Q0064,AI 带货短剧怎么做，适合哪些商品？,业务场景问题,什么值得买,other,https://post.m.smzdm.com/p/a4qe8m48,post.m.smzdm.com,1
CMCR-CIT-E17C93B234196F29F41339E1,CMCR-CMP-20260819-C3-Q0064,CMCR-Q0064,AI 带货短剧怎么做，适合哪些商品？,业务场景问题,抖音,other,https://iesdouyin.com/share/video/7651468190216197803,iesdouyin.com,1
CMCR-CIT-A5C1CC9536C2B1E0926BB1F3,CMCR-CMP-20260819-C3-Q0064,CMCR-Q0064,AI 带货短剧怎么做，适合哪些商品？,业务场景问题,抖音,other,https://iesdouyin.com/share/video/7674638650461703450,iesdouyin.com,2
CMCR-CIT-D915C15380E68F849ED15951,CMCR-CMP-20260819-C3-Q0064,CMCR-Q0064,AI 带货短剧怎么做，适合哪些商品？,业务场景问题,靠AI短剧带货，一款清洁片在TikTok美区卖爆了 - 墨攻跨境MOGOEC,other,https://mogoec.com/archives/1530,mogoec.com,1
CMCR-CIT-2AF7AF63496D08D289A69492,CMCR-CMP-20260819-C3-Q0064,CMCR-Q0064,AI 带货短剧怎么做，适合哪些商品？,业务场景问题,"AI带货真的能赚钱吗,新手如何从零开始搭建带货账号?,ai虚拟带货主播 | 168跨境导航网",other,https://kuajing168.cn/11470.html,kuajing168.cn,1
CMCR-CIT-22AE48EBC1D01A9FA74713BB,CMCR-CMP-20260819-C3-Q0064,CMCR-Q0064,AI 带货短剧怎么做，适合哪些商品？,业务场景问题,3分钟短剧带货千万?2026年抖音”剧情电商”的植入与变现闭环! | 客服服务营销数智化洞察_晓观点,other,https://insight.xiaoduoai.com/commerce-knowledge/3%E5%88%86%E9%92%9F%E7%9F%AD%E5%89%A7%E5%B8%A6%E8%B4%A7%E5%8D%83%E4%B8%87%EF%BC%9F2026%E5%B9%B4%E6%8A%96%E9%9F%B3%E5%89%A7%E6%83%85%E7%94%B5%E5%95%86%E7%9A%84%E6%A4%8D%E5%85%A5%E4%B8%8E%E5%8F%98.html,insight.xiaoduoai.com,1
CMCR-CIT-824A3E542E5D6B45488CB916,CMCR-CMP-20260819-C3-Q0064,CMCR-Q0064,AI 带货短剧怎么做，适合哪些商品？,业务场景问题,什么值得买,other,https://post.m.smzdm.com/p/a26m8vw2,post.m.smzdm.com,1
CMCR-CIT-3CB3F3E1C47C5DE5C129FB14,CMCR-CMP-20260819-C3-Q0064,CMCR-Q0064,AI 带货短剧怎么做，适合哪些商品？,业务场景问题,AI短剧怎么靠数据和模型赚钱?不同变现方式背后的数据需求和算法逻辑是什么? - CSDN文库,other,https://wenku.csdn.net/answer/8xrwng4w3ix5,wenku.csdn.net,1
CMCR-CIT-D31A385D49D8A1DAC3FC846F,CMCR-CMP-20260819-C3-Q0064,CMCR-Q0064,AI 带货短剧怎么做，适合哪些商品？,业务场景问题,ai短视频批量工厂：用sora+capcut+抖音矩阵号，1小时生成50条带货视频,other,http://cioclub.net/fenlei-a/12493.html,cioclub.net,1
CMCR-CIT-47187EAF2FBF085CE7BB7CD5,CMCR-CMP-20260819-C3-Q0064,CMCR-Q0064,AI 带货短剧怎么做，适合哪些商品？,业务场景问题,抖音,other,https://iesdouyin.com/share/video/7649712223670326377,iesdouyin.com,1
CMCR-CIT-03053C8A92831001753F45D5,CMCR-CMP-20260819-C3-Q0064,CMCR-Q0064,AI 带货短剧怎么做，适合哪些商品？,业务场景问题,抖音,other,https://iesdouyin.com/share/video/7633285356737036657,iesdouyin.com,1
CMCR-CIT-723B4A8C26AB4E72D28A3758,CMCR-CMP-20260819-C3-Q0064,CMCR-Q0064,AI 带货短剧怎么做，适合哪些商品？,业务场景问题,短剧带货脚本的 AI 创意灵感步骤 - Raccoon-Raccoon,other,https://xiaohuanxiong.com/post/55728.html,xiaohuanxiong.com,1
CMCR-CIT-7665B7DC6B9AC6115DC7AB30,CMCR-CMP-20260819-C3-Q0065,CMCR-Q0065,AI 短剧带货工具有哪些，怎么选？,品类认知问题,CSDN博客,other,https://blog.csdn.net/helloAIGC/article/details/160650374,blog.csdn.net,3
CMCR-CIT-E8D0B8A253C24F2FC030A1A0,CMCR-CMP-20260819-C3-Q0065,CMCR-Q0065,AI 短剧带货工具有哪些，怎么选？,品类认知问题,8个被低估的AI工具让短剧广告创作者少走半年弯路-火星时代教育,other,https://wap.hxsd.com/content/59454,wap.hxsd.com,1
CMCR-CIT-31916C8E9D4BB74E8ADA0F01,CMCR-CMP-20260819-C3-Q0065,CMCR-Q0065,AI 短剧带货工具有哪些，怎么选？,品类认知问题,什么值得买,other,https://post.m.smzdm.com/p/a6zqdgko,post.m.smzdm.com,2
CMCR-CIT-AC1231548EBCE1A9EF618C67,CMCR-CMP-20260819-C3-Q0065,CMCR-Q0065,AI 短剧带货工具有哪些，怎么选？,品类认知问题,微博平台,other,https://m.weibo.cn/detail/5321384702247040,m.weibo.cn,1
CMCR-CIT-737B310D4932C3DE649F34A2,CMCR-CMP-20260819-C3-Q0065,CMCR-Q0065,AI 短剧带货工具有哪些，怎么选？,品类认知问题,今日头条,other,http://m.toutiao.com/group/7672341408582124070,m.toutiao.com,1
CMCR-CIT-18DEF733161DE55B6893E414,CMCR-CMP-20260819-C3-Q0065,CMCR-Q0065,AI 短剧带货工具有哪些，怎么选？,品类认知问题,电商人都在用!做带货视频用这三款软件最方便_生成式 AI 应用_沃观Wovision_InfoQ写作社区,other,https://xie.infoq.cn/article/2ac5e64ef07bf4d7a16d36eb7,xie.infoq.cn,1
CMCR-CIT-0E7D48822A0A9C44FAB3D3C5,CMCR-CMP-20260819-C3-Q0065,CMCR-Q0065,AI 短剧带货工具有哪些，怎么选？,品类认知问题,什么值得买,other,https://post.m.smzdm.com/p/a039gpoz,post.m.smzdm.com,1
CMCR-CIT-BC004ECC7FBCB11910189A76,CMCR-CMP-20260819-C3-Q0065,CMCR-Q0065,AI 短剧带货工具有哪些，怎么选？,品类认知问题,抖音,other,https://iesdouyin.com/share/video/7663427886548512251,iesdouyin.com,1
CMCR-CIT-3DA63A158D5D1CDC60C62BF1,CMCR-CMP-20260819-C3-Q0065,CMCR-Q0065,AI 短剧带货工具有哪些，怎么选？,品类认知问题,抖音,other,https://iesdouyin.com/share/video/7660121214538517810,iesdouyin.com,1
CMCR-CIT-F79306D87AB8E600F6CAC70A,CMCR-CMP-20260819-C3-Q0065,CMCR-Q0065,AI 短剧带货工具有哪些，怎么选？,品类认知问题,什么值得买,other,https://post.m.smzdm.com/p/az85xgv0,post.m.smzdm.com,1
CMCR-CIT-76EB90262D41288A7EA6DDD4,CMCR-CMP-20260819-C3-Q0065,CMCR-Q0065,AI 短剧带货工具有哪些，怎么选？,品类认知问题,应用效能提升 助推行业变革——2026年国产AI视频生成领军产品竞争力报告,other,https://xhpfmapi.xinhuaxmt.com/vh512/share/12938812,xhpfmapi.xinhuaxmt.com,1
CMCR-CIT-669FA1D6D11F6C9BD54B7E02,CMCR-CMP-20260819-C3-Q0065,CMCR-Q0065,AI 短剧带货工具有哪些，怎么选？,品类认知问题,今日头条,other,http://m.toutiao.com/group/7672709622729458186,m.toutiao.com,1
CMCR-CIT-5E732C3D2A641A8970494AC2,CMCR-CMP-20260819-C3-Q0065,CMCR-Q0065,AI 短剧带货工具有哪些，怎么选？,品类认知问题,什么值得买,other,https://post.m.smzdm.com/p/arzw9mvx,post.m.smzdm.com,1
CMCR-CIT-F34D57D66313EBB39E2751AA,CMCR-CMP-20260819-C3-Q0065,CMCR-Q0065,AI 短剧带货工具有哪些，怎么选？,品类认知问题,抖音,other,https://iesdouyin.com/share/video/7666421749545815350,iesdouyin.com,1
CMCR-CIT-C9CE0756BE8B3A34514104F5,CMCR-CMP-20260819-C3-Q0065,CMCR-Q0065,AI 短剧带货工具有哪些，怎么选？,品类认知问题,虚拟数字人定制平台-AI视频生成工具-短视频智能创作-闪剪,other,https://shanjian.tv/?inviteId=,shanjian.tv,1
CMCR-CIT-402D3C329B79FF7601D69736,CMCR-CMP-20260819-C3-Q0066,CMCR-Q0066,AI 带货短剧和普通口播带货视频有什么区别？,对比决策问题,一条视频 590 万播放，20 天爆赚 30 万美元:AI 带货视频彻底杀疯了!_人工智能_木易AI信息差-智能体开发者社区,other,https://adg.csdn.net/6a3120d9662f9a54cb7fe5a1.html,adg.csdn.net,1
CMCR-CIT-E13DEC2D6DEE0CF28DB5A188,CMCR-CMP-20260819-C3-Q0066,CMCR-Q0066,AI 带货短剧和普通口播带货视频有什么区别？,对比决策问题,"焱凤 AI""上线|普通人轻松爆款带货短视频微剧情带货 AI 营销利器新工具_中华文教网",other,http://zhwjw.net/m/view.php?aid=20901,zhwjw.net,2
CMCR-CIT-E5FEF51A12327EAA195775E3,CMCR-CMP-20260819-C3-Q0066,CMCR-Q0066,AI 带货短剧和普通口播带货视频有什么区别？,对比决策问题,AI视频的困惑与解惑!-TT123卖家导航,other,https://tt123.com/t/JFs44AvR,tt123.com,1
CMCR-CIT-68CE7F7129689A1BB2B4AACD,CMCR-CMP-20260819-C3-Q0066,CMCR-Q0066,AI 带货短剧和普通口播带货视频有什么区别？,对比决策问题,抖音,other,https://iesdouyin.com/share/video/7652286987994451242,iesdouyin.com,1
CMCR-CIT-D32FE72F3366F9178F701B7D,CMCR-CMP-20260819-C3-Q0066,CMCR-Q0066,AI 带货短剧和普通口播带货视频有什么区别？,对比决策问题,今日头条,other,http://m.toutiao.com/group/7625639453269869091,m.toutiao.com,1
CMCR-CIT-C206F36790901F335FCA5AA0,CMCR-CMP-20260819-C3-Q0066,CMCR-Q0066,AI 带货短剧和普通口播带货视频有什么区别？,对比决策问题,什么值得买,other,https://post.m.smzdm.com/p/ad736m7d,post.m.smzdm.com,1
CMCR-CIT-EC54E7731B7389F6A8561194,CMCR-CMP-20260819-C3-Q0066,CMCR-Q0066,AI 带货短剧和普通口播带货视频有什么区别？,对比决策问题,新浪财经,other,https://finance.sina.com.cn/wm/2026-05-27/doc-inhzivfn0764244.shtml,finance.sina.com.cn,1
CMCR-CIT-4C909CD24931B8FDDDB5E03C,CMCR-CMP-20260819-C3-Q0066,CMCR-Q0066,AI 带货短剧和普通口播带货视频有什么区别？,对比决策问题,2026年AI带货口播，3招改掉生硬感-CSDN.NET,other,https://csdn.net/article/2026-08-08/163580727,csdn.net,1
CMCR-CIT-65B00C475A9B77C04AE0B6D2,CMCR-CMP-20260819-C3-Q0066,CMCR-Q0066,AI 带货短剧和普通口播带货视频有什么区别？,对比决策问题,抖音,other,https://iesdouyin.com/share/video/7665282137235219563,iesdouyin.com,1
CMCR-CIT-4CA1690C00B3581C1E0C18CA,CMCR-CMP-20260819-C3-Q0066,CMCR-Q0066,AI 带货短剧和普通口播带货视频有什么区别？,对比决策问题,哔哩哔哩,community,https://bilibili.com/opus/1206676172824379416,bilibili.com,1
CMCR-CIT-1EE0983BC9A4A3C4786B8F68,CMCR-CMP-20260819-C3-Q0066,CMCR-Q0066,AI 带货短剧和普通口播带货视频有什么区别？,对比决策问题,短视频带货账号日更压力大，AI混剪口播如何让商家告别实拍依赖,other,https://52pay.com/news/1785603157544-8vlcr0,52pay.com,1
CMCR-CIT-D6A971D845EEF4C8B36DC4EC,CMCR-CMP-20260819-C3-Q0066,CMCR-Q0066,AI 带货短剧和普通口播带货视频有什么区别？,对比决策问题,3分钟短剧带货千万?2026年抖音”剧情电商”的植入与变现闭环! | 客服服务营销数智化洞察_晓观点,other,https://insight.xiaoduoai.com/commerce-knowledge/3%E5%88%86%E9%92%9F%E7%9F%AD%E5%89%A7%E5%B8%A6%E8%B4%A7%E5%8D%83%E4%B8%87%EF%BC%9F2026%E5%B9%B4%E6%8A%96%E9%9F%B3%E5%89%A7%E6%83%85%E7%94%B5%E5%95%86%E7%9A%84%E6%A4%8D%E5%85%A5%E4%B8%8E%E5%8F%98.html,insight.xiaoduoai.com,1
CMCR-CIT-D5A0FFE315A7E12B6CE8DDC0,CMCR-CMP-20260819-C3-Q0066,CMCR-Q0066,AI 带货短剧和普通口播带货视频有什么区别？,对比决策问题,抖音,other,https://iesdouyin.com/share/video/7651634047894062449,iesdouyin.com,1
CMCR-CIT-99DD3806077D31EF705BFFCE,CMCR-CMP-20260819-C3-Q0066,CMCR-Q0066,AI 带货短剧和普通口播带货视频有什么区别？,对比决策问题,红果电商，不打算复制抖音电商的路-TopMarketing|TopMarketing官方网站,other,https://itopmarketing.com/info22478,itopmarketing.com,1
CMCR-CIT-086CC79E412E4831D3A2A8C8,CMCR-CMP-20260819-C3-Q0066,CMCR-Q0066,AI 带货短剧和普通口播带货视频有什么区别？,对比决策问题,大众网,other,http://hb.dzwww.com/p/p30p4k0qWG2.html,hb.dzwww.com,1
CMCR-CIT-768943C99E94215F0E821A6D,CMCR-CMP-20260819-C3-Q0066,CMCR-Q0066,AI 带货短剧和普通口播带货视频有什么区别？,对比决策问题,抖音,other,https://iesdouyin.com/share/video/7664897779379144881,iesdouyin.com,1
CMCR-CIT-137B58E31B3B0076FDA43C8D,CMCR-CMP-20260819-C3-Q0066,CMCR-Q0066,AI 带货短剧和普通口播带货视频有什么区别？,对比决策问题,人人都是产品经理,other,https://woshipm.com/share/6423378.html,woshipm.com,1
CMCR-CIT-CC5FC8F42D241FAE74282EEF,CMCR-CMP-20260819-C3-Q0068,CMCR-Q0068,AI 一键成片适合做电商广告素材吗？,业务场景问题,智能一键成片功能介绍-智能媒体服务(IMS)-阿里云帮助中心,other,https://help.aliyun.com/zh/ims/user-guide/batch-intelligent-one-click-film,help.aliyun.com,1
CMCR-CIT-4AC18BDD30D91DA6C4AEA77E,CMCR-CMP-20260819-C3-Q0068,CMCR-Q0068,AI 一键成片适合做电商广告素材吗？,业务场景问题,5分钟一条带货视频!AI商品广告一键成片完整教程，从入门到精通 | 青虎,other,https://iqinghu.com/article/detail/31367,iqinghu.com,2
CMCR-CIT-8BA22698C626D05501EBBC43,CMCR-CMP-20260819-C3-Q0068,CMCR-Q0068,AI 一键成片适合做电商广告素材吗？,业务场景问题,CSDN博客,other,https://blog.csdn.net/weixin_36059856/article/details/157895603,blog.csdn.net,1
CMCR-CIT-BEB6C784F205ADDACCDE2659,CMCR-CMP-20260819-C3-Q0068,CMCR-Q0068,AI 一键成片适合做电商广告素材吗？,业务场景问题,抖音,other,https://iesdouyin.com/share/video/7644106002853399818,iesdouyin.com,1
CMCR-CIT-C4EE9933C3240EE500072B7F,CMCR-CMP-20260819-C3-Q0068,CMCR-Q0068,AI 一键成片适合做电商广告素材吗？,业务场景问题,火山引擎-你的AI云,other,https://volcengine.com/product/kickart,volcengine.com,1
CMCR-CIT-AE1F09BA83617312CB815004,CMCR-CMP-20260819-C3-Q0068,CMCR-Q0068,AI 一键成片适合做电商广告素材吗？,业务场景问题,电商人进来抄作业!主流电商视频工具推荐，无需排队秒出片_AI视频_沃创AI_InfoQ写作社区,other,https://xie.infoq.cn/article/60fb9dbb1e4e066f0f14511a9,xie.infoq.cn,1
CMCR-CIT-BB65A77C725C74A2E5CC3730,CMCR-CMP-20260819-C3-Q0068,CMCR-Q0068,AI 一键成片适合做电商广告素材吗？,业务场景问题,什么值得买,other,https://post.m.smzdm.com/p/al376gme,post.m.smzdm.com,1
CMCR-CIT-87588C8088D3730E736A994F,CMCR-CMP-20260819-C3-Q0068,CMCR-Q0068,AI 一键成片适合做电商广告素材吗？,业务场景问题,什么值得买,other,https://post.m.smzdm.com/p/axk4oved,post.m.smzdm.com,1
CMCR-CIT-7CF95551BB892818C63A94C6,CMCR-CMP-20260819-C3-Q0068,CMCR-Q0068,AI 一键成片适合做电商广告素材吗？,业务场景问题,CSDN博客,other,https://blog.csdn.net/weixin_35756624/article/details/152511019,blog.csdn.net,1
CMCR-CIT-21185A27E0123363B6580CB6,CMCR-CMP-20260819-C3-Q0068,CMCR-Q0068,AI 一键成片适合做电商广告素材吗？,业务场景问题,Best AI Product Video Ad Generators for Ecommerce in 2026,other,https://designkit.com/blog/best-ai-product-video-ad-generators,designkit.com,1
CMCR-CIT-C089132E3AAE47C03B7984A9,CMCR-CMP-20260819-C3-Q0068,CMCR-Q0068,AI 一键成片适合做电商广告素材吗？,业务场景问题,一键生成产品视频:跨境电商卖家的AI视频工具实操指南_跨境电商_胖嘟嘟SEO_InfoQ写作社区,other,https://xie.infoq.cn/article/d9bfdbf4df69f3293872c3295,xie.infoq.cn,2
CMCR-CIT-D6F32F27FB6FA8717AF8D262,CMCR-CMP-20260819-C3-Q0068,CMCR-Q0068,AI 一键成片适合做电商广告素材吗？,业务场景问题,生成商品视频 | 青虎,other,https://iqinghu.com/qa/detail/81970,iqinghu.com,1
CMCR-CIT-FD08368F73C51F388859A35B,CMCR-CMP-20260819-C3-Q0068,CMCR-Q0068,AI 一键成片适合做电商广告素材吗？,业务场景问题,什么值得买,other,https://post.m.smzdm.com/p/awwpgv7m,post.m.smzdm.com,1
CMCR-CIT-7FF78103231D2E8400D5F969,CMCR-CMP-20260819-C3-Q0068,CMCR-Q0068,AI 一键成片适合做电商广告素材吗？,业务场景问题,AI电商视频工具:7大优势与实操指南,other,https://bbs.csdn.net/weixin_29044713/article/details/100194515,bbs.csdn.net,1
CMCR-CIT-6033A1BF499A8C5D2276B770,CMCR-CMP-20260819-C3-Q0068,CMCR-Q0068,AI 一键成片适合做电商广告素材吗？,业务场景问题,使用指南--Kickart-火山引擎,other,https://volcengine.com/docs/6664/2119708?lang=zh,volcengine.com,1
CMCR-CIT-D60A120EBAEDC1B89402EA7F,CMCR-CMP-20260819-C3-Q0068,CMCR-Q0068,AI 一键成片适合做电商广告素材吗？,业务场景问题,稀土掘金,other,https://juejin.cn/post/7655631091144294419,juejin.cn,1
CMCR-CIT-6DA8F9AE853AEF8F64E169E3,CMCR-CMP-20260819-C3-Q0069,CMCR-Q0069,不会写提示词怎么做 AI 带货视频？,业务场景问题,AI电商视频提示词怎么写?AI生成带货视频提示词模板分享 - 易可图创作学院,other,https://yiketu.com/blog/article_3222.html,yiketu.com,1
CMCR-CIT-33C95D07B76E623E7566A4C7,CMCR-CMP-20260819-C3-Q0069,CMCR-Q0069,不会写提示词怎么做 AI 带货视频？,业务场景问题,CSDN博客,other,https://blog.csdn.net/weixin_36102874/article/details/160222122,blog.csdn.net,1
CMCR-CIT-5C6EDA4CF9A62485CF432E9F,CMCR-CMP-20260819-C3-Q0069,CMCR-Q0069,不会写提示词怎么做 AI 带货视频？,业务场景问题,抖音,other,https://iesdouyin.com/share/video/7652554727074934490,iesdouyin.com,2
CMCR-CIT-673C60A80C03AD358FDE51DC,CMCR-CMP-20260819-C3-Q0069,CMCR-Q0069,不会写提示词怎么做 AI 带货视频？,业务场景问题,抖音,other,https://iesdouyin.com/share/video/7664607274174787697,iesdouyin.com,2
CMCR-CIT-835E75B8B8A44D50FF3EA785,CMCR-CMP-20260819-C3-Q0069,CMCR-Q0069,不会写提示词怎么做 AI 带货视频？,业务场景问题,"ClipClap AI:全球首个AI营销短视频智能体_AI agent_AITOP100,ai工具",other,https://aitop100.cn/tools/clipclap-ai,aitop100.cn,1
CMCR-CIT-4CEDC41F3208621A50E746A3,CMCR-CMP-20260819-C3-Q0069,CMCR-Q0069,不会写提示词怎么做 AI 带货视频？,业务场景问题,沃创Wocreate AI电商视频工具评测:模板库、一键复刻、裂变与定价(2026),other,https://aihowhub.com/ai-tools/ai-video-tools/wocreate,aihowhub.com,1
CMCR-CIT-EF84E8FC19A8C8639EA88DEE,CMCR-CMP-20260819-C3-Q0069,CMCR-Q0069,不会写提示词怎么做 AI 带货视频？,业务场景问题,抖音,other,https://iesdouyin.com/share/video/7663851738836006770,iesdouyin.com,1
CMCR-CIT-5AD6E2F83729A3D055195038,CMCR-CMP-20260819-C3-Q0069,CMCR-Q0069,不会写提示词怎么做 AI 带货视频？,业务场景问题,抖音,other,https://iesdouyin.com/share/video/7650687584766627091,iesdouyin.com,1
CMCR-CIT-A19DD1B1B66CFE5548312683,CMCR-CMP-20260819-C3-Q0069,CMCR-Q0069,不会写提示词怎么做 AI 带货视频？,业务场景问题,ClipForge:开源 AI 短视频工具，一键生成商品带货视频 - 苏米客,other,https://xmsumi.com/detail/3746,xmsumi.com,1
CMCR-CIT-872705DEF3B4D90A45FE8BB3,CMCR-CMP-20260819-C3-Q0069,CMCR-Q0069,不会写提示词怎么做 AI 带货视频？,业务场景问题,一条视频 590 万播放，20 天爆赚 30 万美元:AI 带货视频彻底杀疯了!_人工智能_木易AI信息差-智能体开发者社区,other,https://adg.csdn.net/6a3120d9662f9a54cb7fe5a1.html,adg.csdn.net,1
CMCR-CIT-2D6EC43FB6D2EE85638FC946,CMCR-CMP-20260819-C3-Q0069,CMCR-Q0069,不会写提示词怎么做 AI 带货视频？,业务场景问题,CSDN博客,other,https://blog.csdn.net/2302_76557141/article/details/160349045,blog.csdn.net,1
CMCR-CIT-4B657680415354B8646648AB,CMCR-CMP-20260819-C3-Q0069,CMCR-Q0069,不会写提示词怎么做 AI 带货视频？,业务场景问题,AI视频制作入门教程:零基础三天学会批量出片 | 青虎,other,https://iqinghu.com/article/detail/31595,iqinghu.com,1
CMCR-CIT-F6DEE5998964C6E2F9763F96,CMCR-CMP-20260819-C3-Q0069,CMCR-Q0069,不会写提示词怎么做 AI 带货视频？,业务场景问题,使用指南--Kickart-火山引擎,other,https://volcengine.com/docs/6664/2119708?lang=zh,volcengine.com,1
CMCR-CIT-DFAFE9BAB69BA925F25E0A21,CMCR-CMP-20260819-C3-Q0069,CMCR-Q0069,不会写提示词怎么做 AI 带货视频？,业务场景问题,抖音,other,https://iesdouyin.com/share/video/7668506686482615586,iesdouyin.com,1
CMCR-CIT-95021665A2D1D43FCEFF0D0D,CMCR-CMP-20260819-C3-Q0069,CMCR-Q0069,不会写提示词怎么做 AI 带货视频？,业务场景问题,搜狐,media,https://m.sohu.com/a/1037630048_122575751,m.sohu.com,1
CMCR-CIT-25504A6D2783C0714B06B7CD,CMCR-CMP-20260819-C3-Q0069,CMCR-Q0069,不会写提示词怎么做 AI 带货视频？,业务场景问题,搜狐,media,https://m.sohu.com/a/1046512315_122770785,m.sohu.com,1
CMCR-CIT-76AB4BA740AA2C03EB18D528,CMCR-CMP-20260819-C3-Q0071,CMCR-Q0071,电商团队用 AI 视频工具，应该更看生成质量还是投放数据闭环？,业务场景问题,AI电商视频工具:7大优势与实操指南,other,https://bbs.csdn.net/weixin_29044713/article/details/100194515,bbs.csdn.net,1
CMCR-CIT-8D871169962FA575340447BB,CMCR-CMP-20260819-C3-Q0071,CMCR-Q0071,电商团队用 AI 视频工具，应该更看生成质量还是投放数据闭环？,业务场景问题,CSDN博客,other,https://blog.csdn.net/weixin_35756624/article/details/152511019,blog.csdn.net,2
CMCR-CIT-2FD330DC74E064A60C1FF2A8,CMCR-CMP-20260819-C3-Q0071,CMCR-Q0071,电商团队用 AI 视频工具，应该更看生成质量还是投放数据闭环？,业务场景问题,抖音,other,https://iesdouyin.com/share/video/7658192229122510134,iesdouyin.com,1
CMCR-CIT-4017CBF334F62F4CA8EACF63,CMCR-CMP-20260819-C3-Q0071,CMCR-Q0071,电商团队用 AI 视频工具，应该更看生成质量还是投放数据闭环？,业务场景问题,Top 8 AI Video Tools for Ecommerce Brands (2026),other,https://videowise.com/blog/ai-video-tools-ecommerce,videowise.com,1
CMCR-CIT-1E636BA6B1EBA93E5228697D,CMCR-CMP-20260819-C3-Q0071,CMCR-Q0071,电商团队用 AI 视频工具，应该更看生成质量还是投放数据闭环？,业务场景问题,抖音,other,https://iesdouyin.com/share/video/7663297094949686578,iesdouyin.com,1
CMCR-CIT-40FF85DA6DCA8B164873ECFD,CMCR-CMP-20260819-C3-Q0071,CMCR-Q0071,电商团队用 AI 视频工具，应该更看生成质量还是投放数据闭环？,业务场景问题,搜狐,media,https://m.sohu.com/a/1049622543_120317870,m.sohu.com,1
CMCR-CIT-83A4840378D2FE03DFA25E05,CMCR-CMP-20260819-C3-Q0071,CMCR-Q0071,电商团队用 AI 视频工具，应该更看生成质量还是投放数据闭环？,业务场景问题,CSDN博客,other,https://blog.csdn.net/weixin_36059856/article/details/157895603,blog.csdn.net,1
CMCR-CIT-F5771B6CBC820225CD7F0336,CMCR-CMP-20260819-C3-Q0071,CMCR-Q0071,电商团队用 AI 视频工具，应该更看生成质量还是投放数据闭环？,业务场景问题,从产品 URL 到视频广告:构建完整的电商视频自动化流水线_AIGC_胖嘟嘟SEO_InfoQ写作社区,other,https://xie.infoq.cn/article/b1816abbb66735e87f5d3abc8,xie.infoq.cn,1
CMCR-CIT-3A6229342E789CC85E3C3FA3,CMCR-CMP-20260819-C3-Q0071,CMCR-Q0071,电商团队用 AI 视频工具，应该更看生成质量还是投放数据闭环？,业务场景问题,Scale Your E-commerce Video Ad Output with AI,other,https://hailuoai.video/pages/knowledge/scale-ecommerce-ai-video-ads,hailuoai.video,1
CMCR-CIT-169E8C9EB00A06868D27AA0B,CMCR-CMP-20260819-C3-Q0071,CMCR-Q0071,电商团队用 AI 视频工具，应该更看生成质量还是投放数据闭环？,业务场景问题,人人都是产品经理,other,https://woshipm.com/ai/6404293.html,woshipm.com,1
CMCR-CIT-D1E9590112641AFDAE2904E6,CMCR-CMP-20260819-C3-Q0071,CMCR-Q0071,电商团队用 AI 视频工具，应该更看生成质量还是投放数据闭环？,业务场景问题,CSDN博客,other,https://blog.csdn.net/m0_74150970/article/details/162525465,blog.csdn.net,1
CMCR-CIT-A8E9FD1C499A4E1F57C91631,CMCR-CMP-20260819-C3-Q0071,CMCR-Q0071,电商团队用 AI 视频工具，应该更看生成质量还是投放数据闭环？,业务场景问题,CSDN博客,other,https://blog.csdn.net/2601_96722559/article/details/163587556,blog.csdn.net,1
CMCR-CIT-713A8FF7726B088D62AA8205,CMCR-CMP-20260819-C3-Q0071,CMCR-Q0071,电商团队用 AI 视频工具，应该更看生成质量还是投放数据闭环？,业务场景问题,2026热门的AI电商营销工具:中小商家适配选型指南-CSDN.NET,other,https://csdn.net/article/2026-07-02/162529593,csdn.net,1
CMCR-CIT-DD68249929FFACC23BC5DC11,CMCR-CMP-20260819-C3-Q0071,CMCR-Q0071,电商团队用 AI 视频工具，应该更看生成质量还是投放数据闭环？,业务场景问题,抖音,other,https://iesdouyin.com/share/video/7637080606107537787,iesdouyin.com,2
CMCR-CIT-758A88B2341C45AEE5F2881A,CMCR-CMP-20260819-C3-Q0071,CMCR-Q0071,电商团队用 AI 视频工具，应该更看生成质量还是投放数据闭环？,业务场景问题,抖音,other,https://iesdouyin.com/share/video/7621849816384949555,iesdouyin.com,2
CMCR-CIT-6109C989BADE9866F44713CF,CMCR-CMP-20260819-C3-Q0072,CMCR-Q0072,AI 带货视频做出来后，怎么判断有没有投放价值？,案例/效果问题,广告投流分析 - 产品文档-花漾灵动,other,https://szdamai.com/help/tkshop2/ads,szdamai.com,1
CMCR-CIT-E8CA2C5F9BDD50A002466096,CMCR-CMP-20260819-C3-Q0072,CMCR-Q0072,AI 带货视频做出来后，怎么判断有没有投放价值？,案例/效果问题,为什么你的AI视频播放低、转化差?TikTok 卖家注意，一定要先看这4点!-TT123卖家导航,other,https://tt123.com/t/8U1t8Ls1,tt123.com,1
CMCR-CIT-898B9F9CB2E8BB94E6DCEEBE,CMCR-CMP-20260819-C3-Q0072,CMCR-Q0072,AI 带货视频做出来后，怎么判断有没有投放价值？,案例/效果问题,抖音,other,https://iesdouyin.com/share/video/7641550724870683237,iesdouyin.com,1
CMCR-CIT-D5F5606455154363F145D94A,CMCR-CMP-20260819-C3-Q0072,CMCR-Q0072,AI 带货视频做出来后，怎么判断有没有投放价值？,案例/效果问题,2026年用AI短视频测新品?3天看清市场底牌-CSDN.NET,other,https://csdn.net/article/2026-08-11/163669276,csdn.net,1
CMCR-CIT-0171442A02AD261B5CCE72D2,CMCR-CMP-20260819-C3-Q0072,CMCR-Q0072,AI 带货视频做出来后，怎么判断有没有投放价值？,案例/效果问题,"The Era of ""Vanity Metrics"" is Over: How to Measure AI Video Performance in 2025",other,https://genfuseai.com/blog/measuring-ai-video-performance-metrics,genfuseai.com,1
CMCR-CIT-1C8E0610639BBF103C6CEA18,CMCR-CMP-20260819-C3-Q0072,CMCR-Q0072,AI 带货视频做出来后，怎么判断有没有投放价值？,案例/效果问题,AI UGC for TikTok: How E-commerce Brands Can Test Better Ads Without Losing Authenticity,other,https://bebolddigital.com/blog/ai-ugc-tiktok-ads,bebolddigital.com,1
CMCR-CIT-BFEC2490BE6B32F71CAB57AB,CMCR-CMP-20260819-C3-Q0072,CMCR-Q0072,AI 带货视频做出来后，怎么判断有没有投放价值？,案例/效果问题,抖音,other,https://iesdouyin.com/share/video/7666424236554063167,iesdouyin.com,1
CMCR-CIT-DB7C657EE033603A871E8674,CMCR-CMP-20260819-C3-Q0072,CMCR-Q0072,AI 带货视频做出来后，怎么判断有没有投放价值？,案例/效果问题,抖音,other,https://iesdouyin.com/share/video/7671200816295955739,iesdouyin.com,1
CMCR-CIT-131D2180E124B7052A537C17,CMCR-CMP-20260819-C3-Q0072,CMCR-Q0072,AI 带货视频做出来后，怎么判断有没有投放价值？,案例/效果问题,抖音,other,https://iesdouyin.com/share/video/7674210921133683638,iesdouyin.com,2
CMCR-CIT-241989CC34D91FC5DBADA457,CMCR-CMP-20260819-C3-Q0072,CMCR-Q0072,AI 带货视频做出来后，怎么判断有没有投放价值？,案例/效果问题,抖音,other,https://iesdouyin.com/share/video/7650888982208859401,iesdouyin.com,1
CMCR-CIT-3D91973B396E043B0CAEE95E,CMCR-CMP-20260819-C3-Q0072,CMCR-Q0072,AI 带货视频做出来后，怎么判断有没有投放价值？,案例/效果问题,抖音,other,https://iesdouyin.com/share/video/7645204971956309275,iesdouyin.com,1
CMCR-CIT-1BF78D83F9483D1A8E4BBE01,CMCR-CMP-20260819-C3-Q0072,CMCR-Q0072,AI 带货视频做出来后，怎么判断有没有投放价值？,案例/效果问题,焦点访谈|真假难辨 警惕AI带货“李鬼”!_新闻频道_央视网(cctv.com),other,http://big5.cctv.com/gate/big5/news.cctv.com/2025/10/11/ARTI477vlunzQ0Nx12LMaWcQ251011.shtml,big5.cctv.com,1
CMCR-CIT-C929CAC8DF193AF06F2CE1F9,CMCR-CMP-20260819-C3-Q0072,CMCR-Q0072,AI 带货视频做出来后，怎么判断有没有投放价值？,案例/效果问题,2026年AI批量带货视频，人工审核仍是关键防线-CSDN.NET,other,https://csdn.net/article/2026-08-09/163600931,csdn.net,1
CMCR-CIT-4E3B51CF9EA265F42DC299AB,CMCR-CMP-20260819-C3-Q0072,CMCR-Q0072,AI 带货视频做出来后，怎么判断有没有投放价值？,案例/效果问题,抖音,other,https://iesdouyin.com/share/video/7649316368193733297,iesdouyin.com,1
CMCR-CIT-5CC2DE2DF8985727EDE3F256,CMCR-CMP-20260819-C3-Q0072,CMCR-Q0072,AI 带货视频做出来后，怎么判断有没有投放价值？,案例/效果问题,抖音,other,https://iesdouyin.com/share/video/7673328012901873321,iesdouyin.com,1
CMCR-CIT-55EADAECCDCF527CC0141085,CMCR-CMP-20260819-C3-Q0072,CMCR-Q0072,AI 带货视频做出来后，怎么判断有没有投放价值？,案例/效果问题,中国新闻网,other,http://chinanews.com.cn/sh/2026/07-14/10658725.shtml,chinanews.com.cn,1
CMCR-CIT-7DB56A416BBD6470ADEF3A3F,CMCR-CMP-20260819-C3-Q0072,CMCR-Q0072,AI 带货视频做出来后，怎么判断有没有投放价值？,案例/效果问题,抖音,other,https://iesdouyin.com/share/video/7647382794402953723,iesdouyin.com,1
CMCR-CIT-8F782242467D7AFD4D9B41C7,CMCR-CMP-20260819-C3-Q0072,CMCR-Q0072,AI 带货视频做出来后，怎么判断有没有投放价值？,案例/效果问题,How to predict which tiktok creatives will scale using a 3-metric preflight test,other,https://marketing-news.uk/how-to-predict-which-tiktok-creatives-will-scale-using-a-3-metric-preflight-test,marketing-news.uk,1
CMCR-CIT-4659EF42E5B27B29D834C178,CMCR-CMP-20260819-C3-Q0072,CMCR-Q0072,AI 带货视频做出来后，怎么判断有没有投放价值？,案例/效果问题,千川素材如何判断?-抖音/快手/短视频/直播 荷塘月色_淘宝抖音跨境电商卖家论坛社区,other,https://htys123.com/forum.php?authorid=293957&mobile=no&mod=viewthread&tid=218296,htys123.com,1
CMCR-CIT-7CA5C453D24D9ECA7F1273E1,CMCR-CMP-20260819-C3-Q0072,CMCR-Q0072,AI 带货视频做出来后，怎么判断有没有投放价值？,案例/效果问题,短视频营销有哪些注意事项?_卓博科技,other,https://zboec.cn/zuixinxiaoxi/448.html,zboec.cn,1
CMCR-CIT-FBD60838CF09430F349C1456,CMCR-CMP-20260819-C3-Q0072,CMCR-Q0072,AI 带货视频做出来后，怎么判断有没有投放价值？,案例/效果问题,CSDN博客,other,https://blog.csdn.net/tianbutian_/article/details/162863958,blog.csdn.net,1
CMCR-CIT-B36FC1435358DF476586FE43,CMCR-CMP-20260819-C3-Q0072,CMCR-Q0072,AI 带货视频做出来后，怎么判断有没有投放价值？,案例/效果问题,微博平台,other,https://m.weibo.cn/detail/5321381063428133,m.weibo.cn,1
CMCR-CIT-F91174B821ADA58AB09028B2,CMCR-CMP-20260819-C3-Q0072,CMCR-Q0072,AI 带货视频做出来后，怎么判断有没有投放价值？,案例/效果问题,人人都是产品经理,other,https://woshipm.com/it/5432499.html,woshipm.com,1
CMCR-CIT-6DFB7F01856DB6D4299FFC6E,CMCR-CMP-20260819-C3-Q0074,CMCR-Q0074,复刻抖音爆款视频时，应该复刻画面、脚本还是内容结构？,业务场景问题,TikTok 爆款视频复刻 · 一键做同款带货视频 | Clipcat,other,https://clipcat.ai/zh/viral-video-cloning,clipcat.ai,1
CMCR-CIT-B7C05C5AFB0BB0323825F65D,CMCR-CMP-20260819-C3-Q0074,CMCR-Q0074,复刻抖音爆款视频时，应该复刻画面、脚本还是内容结构？,业务场景问题,想做个抖音那样的App，或者拍出爆款视频，技术上和内容上分别该怎么入手? - CSDN文库,other,https://wenku.csdn.net/answer/476mbm5pvd9g,wenku.csdn.net,1
CMCR-CIT-4096A10A43F5B6F2FFF874D9,CMCR-CMP-20260819-C3-Q0074,CMCR-Q0074,复刻抖音爆款视频时，应该复刻画面、脚本还是内容结构？,业务场景问题,爆款视频能不能模仿?模仿和搬运的界线在这三条 - 海螺社博客,other,https://hailuoshe.com/blog/can-you-copy-viral-videos,hailuoshe.com,2
CMCR-CIT-2A3725916EF13231EE63BDC7,CMCR-CMP-20260819-C3-Q0074,CMCR-Q0074,复刻抖音爆款视频时，应该复刻画面、脚本还是内容结构？,业务场景问题,抖音,other,https://iesdouyin.com/share/video/7669464223735730868,iesdouyin.com,1
CMCR-CIT-EC5682DD9B84C2E0274AA844,CMCR-CMP-20260819-C3-Q0074,CMCR-Q0074,复刻抖音爆款视频时，应该复刻画面、脚本还是内容结构？,业务场景问题,imagin AI - 爆款做同款 - 视频复刻与商品替换,other,https://imagin.feichuangtech.com/solutions/video-remix,imagin.feichuangtech.com,1
CMCR-CIT-CCDB48025EC3D046A1B66AE2,CMCR-CMP-20260819-C3-Q0074,CMCR-Q0074,复刻抖音爆款视频时，应该复刻画面、脚本还是内容结构？,业务场景问题,搜狐,media,https://m.sohu.com/a/1003586501_122405278,m.sohu.com,1
CMCR-CIT-0425E54C31AF8D2000D122C0,CMCR-CMP-20260819-C3-Q0074,CMCR-Q0074,复刻抖音爆款视频时，应该复刻画面、脚本还是内容结构？,业务场景问题,抖音,other,https://iesdouyin.com/share/video/7640259596279397605,iesdouyin.com,2
CMCR-CIT-74F3C82CD0C894CDF55D5016,CMCR-CMP-20260819-C3-Q0074,CMCR-Q0074,复刻抖音爆款视频时，应该复刻画面、脚本还是内容结构？,业务场景问题,今日头条,other,http://m.toutiao.com/group/7614026836154008115,m.toutiao.com,1
CMCR-CIT-89D3F7DBC23FB3F7250E13B7,CMCR-CMP-20260819-C3-Q0074,CMCR-Q0074,复刻抖音爆款视频时，应该复刻画面、脚本还是内容结构？,业务场景问题,抖音,other,https://iesdouyin.com/share/video/7645119628725857893,iesdouyin.com,1
CMCR-CIT-77F59489E0F4553D2FDFF0A9,CMCR-CMP-20260819-C3-Q0074,CMCR-Q0074,复刻抖音爆款视频时，应该复刻画面、脚本还是内容结构？,业务场景问题,抖音短视频停留时长提升快手粉丝号|短视频提升用户停留时长脚本与画面设计方法-正鸣运营网,other,http://efz.dianzilajihs.com/news/54d9199854.html,efz.dianzilajihs.com,1
CMCR-CIT-EB15F84BEDD951908918E7BD,CMCR-CMP-20260819-C3-Q0074,CMCR-Q0074,复刻抖音爆款视频时，应该复刻画面、脚本还是内容结构？,业务场景问题,抖音电商,platform_official,https://school.jinritemai.com/doudian/wap/course-series/cJZHjLnhaLyw/cJZHjLnhaLywlJZJUawr95yC?from=xilieke_list&from_school=1&should_full_screen=1&should_hide_bottom_nav=1,school.jinritemai.com,1
CMCR-CIT-F00BE577B09F342A3E2CE4FC,CMCR-CMP-20260819-C3-Q0074,CMCR-Q0074,复刻抖音爆款视频时，应该复刻画面、脚本还是内容结构？,业务场景问题,抖音,other,https://iesdouyin.com/share/video/7672031500896819557,iesdouyin.com,1
CMCR-CIT-C66F5D56C8BDCFED68867652,CMCR-CMP-20260819-C3-Q0074,CMCR-Q0074,复刻抖音爆款视频时，应该复刻画面、脚本还是内容结构？,业务场景问题,抖音,other,https://iesdouyin.com/share/video/7630042599571330917,iesdouyin.com,1
CMCR-CIT-4B60F37CA5332CBF9C137AC0,CMCR-CMP-20260819-C3-Q0074,CMCR-Q0074,复刻抖音爆款视频时，应该复刻画面、脚本还是内容结构？,业务场景问题,抖音,other,https://iesdouyin.com/share/video/7542122828755537161,iesdouyin.com,1
CMCR-CIT-16103EE475618E3C7D5F847F,CMCR-CMP-20260819-C3-Q0074,CMCR-Q0074,复刻抖音爆款视频时，应该复刻画面、脚本还是内容结构？,业务场景问题,抖音,other,https://iesdouyin.com/share/video/7578073970100964643,iesdouyin.com,1
CMCR-CIT-78E99B027DBBD092C13D3D07,CMCR-CMP-20260819-C3-Q0075,CMCR-Q0075,爆款素材复刻后越剪越没量怎么办？,业务场景问题,TikTok照搬爆款视频却零播放怎么回事?TikTok复刻竞品素材不出单核心根源推荐!-出海问答-出海网,other,https://chwang.com/ask/207548964804,chwang.com,1
CMCR-CIT-8E11A4929A5051B2DBE63923,CMCR-CMP-20260819-C3-Q0075,CMCR-Q0075,爆款素材复刻后越剪越没量怎么办？,业务场景问题,搜狐,media,https://m.sohu.com/a/1036148822_122874575,m.sohu.com,1
CMCR-CIT-0968693EC9BC9B3578C8DFC5,CMCR-CMP-20260819-C3-Q0075,CMCR-Q0075,爆款素材复刻后越剪越没量怎么办？,业务场景问题,抖音,other,https://iesdouyin.com/share/video/7650413585356573967,iesdouyin.com,2
CMCR-CIT-DBBA1C560A23A5E206E61F3D,CMCR-CMP-20260819-C3-Q0075,CMCR-Q0075,爆款素材复刻后越剪越没量怎么办？,业务场景问题,抖音,other,https://iesdouyin.com/share/video/7670747853748260131,iesdouyin.com,2
CMCR-CIT-586F619CA32A8AADBF9B34AC,CMCR-CMP-20260819-C3-Q0075,CMCR-Q0075,爆款素材复刻后越剪越没量怎么办？,业务场景问题,抖音,other,https://iesdouyin.com/share/video/7665149661745443813,iesdouyin.com,1
CMCR-CIT-A3B9B3DCF03E3846FDBFAD62,CMCR-CMP-20260819-C3-Q0075,CMCR-Q0075,爆款素材复刻后越剪越没量怎么办？,业务场景问题,今日头条,other,http://m.toutiao.com/group/7672319997070361129,m.toutiao.com,1
CMCR-CIT-F4077BC4C0BCE72FA7680DCC,CMCR-CMP-20260819-C3-Q0075,CMCR-Q0075,爆款素材复刻后越剪越没量怎么办？,业务场景问题,抖音,other,https://iesdouyin.com/share/video/7670729888042903461,iesdouyin.com,1
CMCR-CIT-2999D6B94BD7438856A6DFA9,CMCR-CMP-20260819-C3-Q0075,CMCR-Q0075,爆款素材复刻后越剪越没量怎么办？,业务场景问题,抖音,other,https://iesdouyin.com/share/video/7671557014136360233,iesdouyin.com,1
CMCR-CIT-3701819E93756AD91B888825,CMCR-CMP-20260819-C3-Q0075,CMCR-Q0075,爆款素材复刻后越剪越没量怎么办？,业务场景问题,抖音,other,https://iesdouyin.com/share/video/7652175071183736107,iesdouyin.com,1
CMCR-CIT-49712D936743080C67F763B6,CMCR-CMP-20260819-C3-Q0075,CMCR-Q0075,爆款素材复刻后越剪越没量怎么办？,业务场景问题,搜狐,media,https://sohu.com/a/1022363453_122407802,sohu.com,1
CMCR-CIT-6CAFA879B947FF8763C2E204,CMCR-CMP-20260819-C3-Q0075,CMCR-Q0075,爆款素材复刻后越剪越没量怎么办？,业务场景问题,抖音涨粉异常|粉丝暴刷钻卡盟涨暴跌账号风控限流完整原因与修复实操方案-广贯运营网,other,http://bnc.dianzilajihs.com/news/87e2299890.html,bnc.dianzilajihs.com,1
CMCR-CIT-044A9FB6566A958C32778629,CMCR-CMP-20260819-C3-Q0075,CMCR-Q0075,爆款素材复刻后越剪越没量怎么办？,业务场景问题,同一个作品发两遍会不会分流流量?,other,https://shankongmao.com/content/news/11190,shankongmao.com,1
CMCR-CIT-4CF6DB7135FEC6870056B7DF,CMCR-CMP-20260819-C3-Q0075,CMCR-Q0075,爆款素材复刻后越剪越没量怎么办？,业务场景问题,抖音,other,https://iesdouyin.com/share/video/7666353313356516659,iesdouyin.com,1
CMCR-CIT-D6F164232A757F00060A6C4A,CMCR-CMP-20260819-C3-Q0075,CMCR-Q0075,爆款素材复刻后越剪越没量怎么办？,业务场景问题,视频爆了之后下一条怎么发?72 小时里先做对这三件事 - 海螺社博客,other,https://hailuoshe.com/blog/after-viral-video-next-post,hailuoshe.com,1
CMCR-CIT-2D736302234C66810338E1E6,CMCR-CMP-20260819-C3-Q0075,CMCR-Q0075,爆款素材复刻后越剪越没量怎么办？,业务场景问题,抖音,other,https://iesdouyin.com/share/video/7671190064868785145,iesdouyin.com,1
CMCR-CIT-DCA6C174526689C637280ADC,CMCR-CMP-20260819-C3-Q0075,CMCR-Q0075,爆款素材复刻后越剪越没量怎么办？,业务场景问题,抖音,other,https://iesdouyin.com/share/video/7665127071065312505,iesdouyin.com,1
CMCR-CIT-EE77F03AE95A07598680FAFE,CMCR-CMP-20260819-C3-Q0076,CMCR-Q0076,剪映一键成片和蝉妈妈创意一键成片有什么区别？,对比决策问题,还在问AI视频生成软件哪个好用?试试蝉镜数字人这款一键成片工具 - 蝉镜AI智库,other,https://chanjing.cc/docs/tutorials/356.html,chanjing.cc,1
CMCR-CIT-78154ACF78B96039E716C325,CMCR-CMP-20260819-C3-Q0076,CMCR-Q0076,剪映一键成片和蝉妈妈创意一键成片有什么区别？,对比决策问题,剪映专业版AI功能实战:智能剪辑、AI生成和批量处理 | AI工具推荐,other,https://aidiscover.cn/articles/jianying-advanced-tips,aidiscover.cn,1
CMCR-CIT-64DB353D6073DA1EDD156E2D,CMCR-CMP-20260819-C3-Q0076,CMCR-Q0076,剪映一键成片和蝉妈妈创意一键成片有什么区别？,对比决策问题,什么值得买,other,https://post.m.smzdm.com/p/a95el6ze,post.m.smzdm.com,1
CMCR-CIT-4CF7CBDDFBCF9B19C49F47EE,CMCR-CMP-20260819-C3-Q0076,CMCR-Q0076,剪映一键成片和蝉妈妈创意一键成片有什么区别？,对比决策问题,抖音,other,https://iesdouyin.com/share/video/7666388651341292658,iesdouyin.com,1
CMCR-CIT-2926046DD70C48C0519B38CF,CMCR-CMP-20260819-C3-Q0076,CMCR-Q0076,剪映一键成片和蝉妈妈创意一键成片有什么区别？,对比决策问题,剪映 - AI视频生成分析测评 | MagicNetWorld,other,https://magicnetworld.com/tools/jianying,magicnetworld.com,1
CMCR-CIT-381E9D27791F1462089C6806,CMCR-CMP-20260819-C3-Q0076,CMCR-Q0076,剪映一键成片和蝉妈妈创意一键成片有什么区别？,对比决策问题,CSDN博客,other,https://blog.csdn.net/weixin_29098367/article/details/158939448,blog.csdn.net,1
CMCR-CIT-7FD0643CCF9D6EFEB11FB3B9,CMCR-CMP-20260819-C3-Q0076,CMCR-Q0076,剪映一键成片和蝉妈妈创意一键成片有什么区别？,对比决策问题,蝉妈妈·创意 - 千川投放素材_短视频素材创意服务平台,official_direct,https://cy.chanmama.com/,cy.chanmama.com,1
CMCR-CIT-BE34C624ABDEC6FE6F187E90,CMCR-CMP-20260819-C3-Q0076,CMCR-Q0076,剪映一键成片和蝉妈妈创意一键成片有什么区别？,对比决策问题,AI素材智能成片软件_视频自动匹配成片软件-蝉妈妈·AI创意大师,official_direct,https://cy.chanmama.com/tools/intelligentCompleted/landing,cy.chanmama.com,1
CMCR-CIT-55AA91B4C35B392E8BE200C6,CMCR-CMP-20260819-C3-Q0076,CMCR-Q0076,剪映一键成片和蝉妈妈创意一键成片有什么区别？,对比决策问题,抖音,other,https://iesdouyin.com/share/video/7660777240674253817,iesdouyin.com,2
CMCR-CIT-8A3C4BC25C17A8321C698C88,CMCR-CMP-20260819-C3-Q0076,CMCR-Q0076,剪映一键成片和蝉妈妈创意一键成片有什么区别？,对比决策问题,抖音,other,https://iesdouyin.com/share/video/7604811578681652915,iesdouyin.com,2
CMCR-CIT-A45D941DE0FD7A3FB90091A8,CMCR-CMP-20260819-C3-Q0076,CMCR-Q0076,剪映一键成片和蝉妈妈创意一键成片有什么区别？,对比决策问题,抖音一键成片操作|剪飞机号购买映一键成片功能使用技巧与内容二次优化方法-汉龙运营网,other,http://nlp.hinui.com.cn/html/23d1399963.html,nlp.hinui.com.cn,1
CMCR-CIT-F622B838927EE16847A64AB7,CMCR-CMP-20260819-C3-Q0076,CMCR-Q0076,剪映一键成片和蝉妈妈创意一键成片有什么区别？,对比决策问题,今日头条,other,http://m.toutiao.com/group/7662275664963306003,m.toutiao.com,1
CMCR-CIT-349069451A517E1F12578165,CMCR-CMP-20260819-C3-Q0076,CMCR-Q0076,剪映一键成片和蝉妈妈创意一键成片有什么区别？,对比决策问题,抖音,other,https://iesdouyin.com/share/video/7551727681169362185,iesdouyin.com,1
CMCR-CIT-2B5C477FD9671DBBD6FF32A3,CMCR-CMP-20260819-C3-Q0076,CMCR-Q0076,剪映一键成片和蝉妈妈创意一键成片有什么区别？,对比决策问题,抖音,other,https://iesdouyin.com/share/video/7545776493650513178,iesdouyin.com,2
CMCR-CIT-B3DBE716216ACC578AB47A4E,CMCR-CMP-20260819-C3-Q0076,CMCR-Q0076,剪映一键成片和蝉妈妈创意一键成片有什么区别？,对比决策问题,抖音,other,https://iesdouyin.com/share/video/7560640579282767156,iesdouyin.com,1
CMCR-CIT-E5EA301DA3E5FEEA96792539,CMCR-CMP-20260819-C3-Q0077,CMCR-Q0077,AI 一键成片和人工剪辑怎么搭配，才能提高电商素材产出效率？,对比决策问题,什么值得买,other,https://post.m.smzdm.com/p/al376gme,post.m.smzdm.com,1
CMCR-CIT-E28928EC54398D24F59C0F65,CMCR-CMP-20260819-C3-Q0077,CMCR-Q0077,AI 一键成片和人工剪辑怎么搭配，才能提高电商素材产出效率？,对比决策问题,CSDN博客,other,https://blog.csdn.net/weixin_42575109/article/details/152498783,blog.csdn.net,1
CMCR-CIT-A70F69A774999D807540AC4E,CMCR-CMP-20260819-C3-Q0077,CMCR-Q0077,AI 一键成片和人工剪辑怎么搭配，才能提高电商素材产出效率？,对比决策问题,抖音,other,https://iesdouyin.com/share/video/7656831966498557218,iesdouyin.com,1
CMCR-CIT-5FB18CD7ECCE632A75645088,CMCR-CMP-20260819-C3-Q0077,CMCR-Q0077,AI 一键成片和人工剪辑怎么搭配，才能提高电商素材产出效率？,对比决策问题,人工智能 - 2026年AI生成带货视频工具推荐:从脚本到成片的完整制作流程教程 - 1aigc - SegmentFault 思否,other,https://segmentfault.com/a/1190000047952464,segmentfault.com,1
CMCR-CIT-ADC93176CF88092CEC87954E,CMCR-CMP-20260819-C3-Q0077,CMCR-Q0077,AI 一键成片和人工剪辑怎么搭配，才能提高电商素材产出效率？,对比决策问题,"How We Use AI + Human Editors to Deliver Better Results, Faster",other,https://pixelbyhand.com/blog/ai-human-hybrid-photo-editing,pixelbyhand.com,1
CMCR-CIT-B4082B6A4C359734A12A96DA,CMCR-CMP-20260819-C3-Q0077,CMCR-Q0077,AI 一键成片和人工剪辑怎么搭配，才能提高电商素材产出效率？,对比决策问题,CSDN博客,other,https://blog.csdn.net/weixin_36059856/article/details/157895603,blog.csdn.net,1
CMCR-CIT-73D7CC48E930139432088CF1,CMCR-CMP-20260819-C3-Q0077,CMCR-Q0077,AI 一键成片和人工剪辑怎么搭配，才能提高电商素材产出效率？,对比决策问题,AIGC批量生产电商短视频:日更几十条的“内容流水线”搭建指南- 大数跨境,other,https://m.10100.com/article/130413718,m.10100.com,1
CMCR-CIT-4D46A4098A009D6C1DB22FC5,CMCR-CMP-20260819-C3-Q0077,CMCR-Q0077,AI 一键成片和人工剪辑怎么搭配，才能提高电商素材产出效率？,对比决策问题,AI剪辑会取代剪辑师吗?人+AI高效协作工作流实战指南_51CTO学堂_专业的IT技能学习平台,other,https://edu.51cto.com/article/note/47765.html,edu.51cto.com,1
CMCR-CIT-64FDB363A0EF83B70D18F020,CMCR-CMP-20260819-C3-Q0077,CMCR-Q0077,AI 一键成片和人工剪辑怎么搭配，才能提高电商素材产出效率？,对比决策问题,抖音,other,https://iesdouyin.com/share/video/7668974619818298660,iesdouyin.com,1
CMCR-CIT-8EB27F227C3EEC8FC7AF852D,CMCR-CMP-20260819-C3-Q0077,CMCR-Q0077,AI 一键成片和人工剪辑怎么搭配，才能提高电商素材产出效率？,对比决策问题,AI混剪真能让日更视频量暴涨47倍?背后依赖哪些关键技术引擎? - CSDN文库,other,https://wenku.csdn.net/answer/c4jczy2m3usx,wenku.csdn.net,1
CMCR-CIT-62D1D8F3A9EC360545583961,CMCR-CMP-20260819-C3-Q0077,CMCR-Q0077,AI 一键成片和人工剪辑怎么搭配，才能提高电商素材产出效率？,对比决策问题,搜狐,media,https://m.sohu.com/a/997517432_122377374,m.sohu.com,1
CMCR-CIT-9E2AB1BDFEA3265454EF0BC9,CMCR-CMP-20260819-C3-Q0077,CMCR-Q0077,AI 一键成片和人工剪辑怎么搭配，才能提高电商素材产出效率？,对比决策问题,CSDN博客,other,https://blog.csdn.net/AIVOClaw/article/details/161661244,blog.csdn.net,1
CMCR-CIT-D403241A70FA1A59D65E8D38,CMCR-CMP-20260819-C3-Q0077,CMCR-Q0077,AI 一键成片和人工剪辑怎么搭配，才能提高电商素材产出效率？,对比决策问题,CSDN博客,other,https://blog.csdn.net/2601_96713740/article/details/163509961,blog.csdn.net,1
CMCR-CIT-9B098900C5AFF81E881E7483,CMCR-CMP-20260819-C3-Q0077,CMCR-Q0077,AI 一键成片和人工剪辑怎么搭配，才能提高电商素材产出效率？,对比决策问题,AI修图与人工修图成本对比实测|PS AI Plugin,other,https://psaiplugin.com/blog/ai-c96a75,psaiplugin.com,1
CMCR-CIT-B819E63A2436F6ADE77AC8B1,CMCR-CMP-20260819-C3-Q0077,CMCR-Q0077,AI 一键成片和人工剪辑怎么搭配，才能提高电商素材产出效率？,对比决策问题,我，一个电商运营，用映悦AI.把618素材成本从3万降到了300块_人工智能_yingyuecom-智能体开发者社区,other,https://adg.csdn.net/6a31122c662f9a54cb7fc390.html,adg.csdn.net,1
CMCR-CIT-364D636459A64996C5E8E804,CMCR-CMP-20260819-C3-Q0077,CMCR-Q0077,AI 一键成片和人工剪辑怎么搭配，才能提高电商素材产出效率？,对比决策问题,稀土掘金,other,https://juejin.cn/post/7655631091144294419,juejin.cn,1
CMCR-CIT-3EC484A721C5E55C986C4ABA,CMCR-CMP-20260819-C3-Q0077,CMCR-Q0077,AI 一键成片和人工剪辑怎么搭配，才能提高电商素材产出效率？,对比决策问题,电商图文素材批量处理可以用 AI 做吗?方法与边界 - 实在智能,other,https://ai-indeed.com/encyclopedia/22948.html,ai-indeed.com,1
CMCR-CIT-14DA6D1298AC8B3C3B54F799,CMCR-CMP-20260819-C3-Q0077,CMCR-Q0077,AI 一键成片和人工剪辑怎么搭配，才能提高电商素材产出效率？,对比决策问题,Best AI Video Generators for Small Businesses and Online Sellers: 7 Tools Compared,other,https://otechworld.com/best-ai-video-generators-for-small-businesses-and-online-sellers-7-tools-compared,otechworld.com,1
CMCR-CIT-7D629C2BC4DDCA9451487ED6,CMCR-CMP-20260819-C3-Q0078,CMCR-Q0078,电商团队素材太乱，脚本、分镜和成片怎么统一管理？,业务场景问题,🏗️子工程(素材隔离)功能-超级编导帮助中心,other,https://help.superdir.cn/docs/zi-gong-cheng-su-cai-ge-li-gong-neng,help.superdir.cn,1
CMCR-CIT-36A4F26DAD3C7E7E8CE81470,CMCR-CMP-20260819-C3-Q0078,CMCR-Q0078,电商团队素材太乱，脚本、分镜和成片怎么统一管理？,业务场景问题,稀土掘金,other,https://juejin.cn/post/7612929690668269611,juejin.cn,1
CMCR-CIT-F0B2AC7FBFF3A46127DC3316,CMCR-CMP-20260819-C3-Q0078,CMCR-Q0078,电商团队素材太乱，脚本、分镜和成片怎么统一管理？,业务场景问题,如何利用AI实现电商素材的统一沉淀与管理_mob64ca1404ed65的技术博客_51CTO博客,other,https://blog.51cto.com/u_16213636/14735244,blog.51cto.com,2
CMCR-CIT-3B089A2821D1524751809C00,CMCR-CMP-20260819-C3-Q0078,CMCR-Q0078,电商团队素材太乱，脚本、分镜和成片怎么统一管理？,业务场景问题,搜狐,media,https://m.sohu.com/a/1052431991_122816655,m.sohu.com,2
CMCR-CIT-11FED0F6E4445F112A618DE5,CMCR-CMP-20260819-C3-Q0078,CMCR-Q0078,电商团队素材太乱，脚本、分镜和成片怎么统一管理？,业务场景问题,CSDN博客,other,https://blog.csdn.net/2501_94274536/article/details/162478152,blog.csdn.net,2
CMCR-CIT-1B16083725733CF819B30903,CMCR-CMP-20260819-C3-Q0078,CMCR-Q0078,电商团队素材太乱，脚本、分镜和成片怎么统一管理？,业务场景问题,抖音电商,platform_official,https://school.jinritemai.com/doudian/wap/course-series/cJZHjLnhaLyw/cJZHjLnhaLywlJZJUawr9Aqg?from=douyinofficial_table&from_school=1&should_full_screen=1&should_hide_bottom_nav=1,school.jinritemai.com,1
CMCR-CIT-58D85532980E164DF49F7374,CMCR-CMP-20260819-C3-Q0078,CMCR-Q0078,电商团队素材太乱，脚本、分镜和成片怎么统一管理？,业务场景问题,什么值得买,other,https://post.m.smzdm.com/p/al37z8w8,post.m.smzdm.com,1
CMCR-CIT-B68C720A9C5722A206A769F1,CMCR-CMP-20260819-C3-Q0078,CMCR-Q0078,电商团队素材太乱，脚本、分镜和成片怎么统一管理？,业务场景问题,Building an Always-On Asset Library for Repeat Campaigns,other,https://influencermarketinghub.com/asset-library-for-repeat-campaigns,influencermarketinghub.com,1
CMCR-CIT-9ABBD32AD733F0C0578FCF09,CMCR-CMP-20260819-C3-Q0078,CMCR-Q0078,电商团队素材太乱，脚本、分镜和成片怎么统一管理？,业务场景问题,CSDN博客,other,https://blog.csdn.net/kuailebeihun_/article/details/139363062,blog.csdn.net,1
CMCR-CIT-048366044E0DA3E55AB42FB8,CMCR-CMP-20260819-C3-Q0078,CMCR-Q0078,电商团队素材太乱，脚本、分镜和成片怎么统一管理？,业务场景问题,抖音,other,https://iesdouyin.com/share/video/7671314752341052678,iesdouyin.com,1
CMCR-CIT-6B92A47E429FF1AC5F168A6F,CMCR-CMP-20260819-C3-Q0078,CMCR-Q0078,电商团队素材太乱，脚本、分镜和成片怎么统一管理？,业务场景问题,AI修图素材分级与命名规范:实测L1-L3管理法|PS AI Plugin,other,https://psaiplugin.com/blog/ai-c0dc66,psaiplugin.com,1
CMCR-CIT-6047A72D9E174345F6964004,CMCR-CMP-20260819-C3-Q0078,CMCR-Q0078,电商团队素材太乱，脚本、分镜和成片怎么统一管理？,业务场景问题,品牌与电商素材规范:尺寸、命名、色彩、版权与上架标准 | 电商商品图AI去除背景、删除水印与图片增强 | Pixflux.AI,other,https://pixflux.ai/zh/blog/category/brand-ecommerce-asset-guidelines,pixflux.ai,1
CMCR-CIT-E0BBEBF5EF908A32CC5A9C19,CMCR-CMP-20260819-C3-Q0078,CMCR-Q0078,电商团队素材太乱，脚本、分镜和成片怎么统一管理？,业务场景问题,使用指南--Kickart-火山引擎,other,https://volcengine.com/docs/6664/2119708?lang=zh,volcengine.com,1
CMCR-CIT-69506D29B72DDD1D68AA8285,CMCR-CMP-20260819-C3-Q0078,CMCR-Q0078,电商团队素材太乱，脚本、分镜和成片怎么统一管理？,业务场景问题,抖音电商,platform_official,https://school.jinritemai.com/doudian/wap/article/aJXFPbWWNceA,school.jinritemai.com,1
CMCR-CIT-C26420AA08883CD3B2C09536,CMCR-CMP-20260819-C3-Q0078,CMCR-Q0078,电商团队素材太乱，脚本、分镜和成片怎么统一管理？,业务场景问题,PixVerse Canvas 首发:构建可复用的 AI 视频工作流 | PixVerse,other,https://pixverse.ai/zh/blog/pixverse-canvas-ai-video-workflow,pixverse.ai,1
CMCR-CIT-0AED052E6954F035C0637049,CMCR-CMP-20260819-C3-Q0083,CMCR-Q0083,成片能不能直接分发到巨量千川、巨量广告、磁力金牛和腾讯广告？,业务场景问题,视频支持推送巨量营销/千川/本地推/DOU+-星图营销服务平台,competitor,https://xingtu.cn/help-center/demander/114316,xingtu.cn,2
CMCR-CIT-070B11AD971DA86B892534D3,CMCR-CMP-20260819-C3-Q0083,CMCR-Q0083,成片能不能直接分发到巨量千川、巨量广告、磁力金牛和腾讯广告？,业务场景问题,矩阵分发和自动发布插件常见QA-超级编导帮助中心,other,https://help.superdir.cn/docs/ju-zhen-fen-fa-he-zi-dong-fa-bu-cha-jian-chang-jian-QA,help.superdir.cn,3
CMCR-CIT-E55D9A88A6A204C0C6A7DBF1,CMCR-CMP-20260819-C3-Q0083,CMCR-Q0083,成片能不能直接分发到巨量千川、巨量广告、磁力金牛和腾讯广告？,业务场景问题,CSDN博客,other,https://blog.csdn.net/MUMUFD/article/details/160827093,blog.csdn.net,1
CMCR-CIT-C9A7A3F38E6D434FE3D90A8C,CMCR-CMP-20260819-C3-Q0083,CMCR-Q0083,成片能不能直接分发到巨量千川、巨量广告、磁力金牛和腾讯广告？,业务场景问题,同一条素材巨量过了磁力被拒?5 大投放平台审核规则差异对照 - ByeRisk 博客,other,https://byerisk.com/blog/ad-platform-review-rules-comparison-juliang-magnetic-juguang,byerisk.com,4
CMCR-CIT-1CD5C728944E8FC39574ED59,CMCR-CMP-20260819-C3-Q0083,CMCR-Q0083,成片能不能直接分发到巨量千川、巨量广告、磁力金牛和腾讯广告？,业务场景问题,顺企网,other,https://m.11467.com/product/d26200780.htm,m.11467.com,1
CMCR-CIT-D9A41F3910F5764383CDB366,CMCR-CMP-20260819-C3-Q0083,CMCR-Q0083,成片能不能直接分发到巨量千川、巨量广告、磁力金牛和腾讯广告？,业务场景问题,今日头条,other,http://m.toutiao.com/group/7621494352635904555,m.toutiao.com,1
CMCR-CIT-892F8D125DCFB39E7059E94E,CMCR-CMP-20260819-C3-Q0083,CMCR-Q0083,成片能不能直接分发到巨量千川、巨量广告、磁力金牛和腾讯广告？,业务场景问题,顺企网,other,https://m.11467.com/product/d45563525.htm,m.11467.com,1
CMCR-CIT-E0387302DB5C6C81B6DF3837,CMCR-CMP-20260819-C3-Q0083,CMCR-Q0083,成片能不能直接分发到巨量千川、巨量广告、磁力金牛和腾讯广告？,业务场景问题,开户流程介绍 - 平台操作 - 巨量千川帮助中心,platform_official,https://qianchuan.jinritemai.com/docs/help/11748/213268,qianchuan.jinritemai.com,1
CMCR-CIT-E1879463E8C543F64C232654,CMCR-CMP-20260819-C3-Q0083,CMCR-Q0083,成片能不能直接分发到巨量千川、巨量广告、磁力金牛和腾讯广告？,业务场景问题,📃【超级编导--巨量千川/广告】分发使用帮助,other,https://help.superdir.cn/docs/chao-ji-bian-dao-ju-liang-qian-chuan-guang-gao-su-cai-fen-fa-shi-yong-bang-zhu,help.superdir.cn,1
CMCR-CIT-970D23D9A79D85D40D7A05D8,CMCR-CMP-20260819-C3-Q0083,CMCR-Q0083,成片能不能直接分发到巨量千川、巨量广告、磁力金牛和腾讯广告？,业务场景问题,抖音巨量引擎怎么关闭?有哪些常见疑问?(抖音巨量引擎怎么开通),other,http://panla.com.cn/mobile/news/show-517064.html,panla.com.cn,1
CMCR-CIT-60E2319368790F547EE982AC,CMCR-CMP-20260819-C3-Q0083,CMCR-Q0083,成片能不能直接分发到巨量千川、巨量广告、磁力金牛和腾讯广告？,业务场景问题,巨量千川简介 - 产品介绍 - 巨量千川帮助中心,platform_official,https://qianchuan.jinritemai.com/docs/help/11747/213216,qianchuan.jinritemai.com,1
CMCR-CIT-4AB41A074A3700C8AA2B77FF,CMCR-CMP-20260819-C3-Q0083,CMCR-Q0083,成片能不能直接分发到巨量千川、巨量广告、磁力金牛和腾讯广告？,业务场景问题,短视频推广软件有哪些?5款高效工具助你快速提升流量与转化-反唇相稽网,other,http://bjayyg.cn/index.php/index/goods_info?goods_id=65,bjayyg.cn,1
CMCR-CIT-78CCD5987CB2D75ED4358D05,CMCR-CMP-20260819-C3-Q0083,CMCR-Q0083,成片能不能直接分发到巨量千川、巨量广告、磁力金牛和腾讯广告？,业务场景问题,抖音,other,https://iesdouyin.com/share/video/7670449116912110899,iesdouyin.com,1
CMCR-CIT-2EA42B24AB8DF671A1BCD54C,CMCR-CMP-20260819-C3-Q0083,CMCR-Q0083,成片能不能直接分发到巨量千川、巨量广告、磁力金牛和腾讯广告？,业务场景问题,One Creative Won't Fit All: Ad Creative for Meta vs TikTok vs Google,other,https://spaceads.agency/blog/ad-creative-meta-vs-tiktok-vs-google,spaceads.agency,1
CMCR-CIT-95369136934D5C17171C39FC,CMCR-CMP-20260819-C3-Q0083,CMCR-Q0083,成片能不能直接分发到巨量千川、巨量广告、磁力金牛和腾讯广告？,业务场景问题,什么值得买,other,https://post.m.smzdm.com/p/a263lz37,post.m.smzdm.com,1
CMCR-CIT-0200A976922BCDBCF06F4163,CMCR-CMP-20260819-C3-Q0083,CMCR-Q0083,成片能不能直接分发到巨量千川、巨量广告、磁力金牛和腾讯广告？,业务场景问题,抖音,other,https://iesdouyin.com/share/video/7669320568160883967,iesdouyin.com,1
CMCR-CIT-BBA77EA3D444D7003A162BAA,CMCR-CMP-20260819-C3-Q0083,CMCR-Q0083,成片能不能直接分发到巨量千川、巨量广告、磁力金牛和腾讯广告？,业务场景问题,顺企网,other,https://m.11467.com/product/d35429576.htm,m.11467.com,1
CMCR-CIT-39AF3495090252CE2E368616,CMCR-CMP-20260819-C3-Q0083,CMCR-Q0083,成片能不能直接分发到巨量千川、巨量广告、磁力金牛和腾讯广告？,业务场景问题,Cross-Platform Posting: One API Call to Publish Everywhere,other,https://publora.com/blog/cross-platform-posting-one-api,publora.com,1
CMCR-CIT-DFD19E97B30E55D5C5C4BD4B,CMCR-CMP-20260819-C3-Q0085,CMCR-Q0085,内容团队怎么把投放结果和素材资产关联起来？,案例/效果问题,搜狐,media,https://m.sohu.com/a/1052431991_122816655,m.sohu.com,1
CMCR-CIT-A9C522578C539F8686CE9656,CMCR-CMP-20260819-C3-Q0085,CMCR-Q0085,内容团队怎么把投放结果和素材资产关联起来？,案例/效果问题,Asset Management Best Practices for Streamlined Video Ad Production,other,https://sovran.ai/blog/asset-management-best-practices,sovran.ai,1
CMCR-CIT-616C28DD60100F42A57D6236,CMCR-CMP-20260819-C3-Q0085,CMCR-Q0085,内容团队怎么把投放结果和素材资产关联起来？,案例/效果问题,抖音,other,https://iesdouyin.com/share/video/7612473744107945915,iesdouyin.com,1
CMCR-CIT-815165066C91B1A80815CD72,CMCR-CMP-20260819-C3-Q0085,CMCR-Q0085,内容团队怎么把投放结果和素材资产关联起来？,案例/效果问题,抖音,other,https://iesdouyin.com/share/video/7562455526718606632,iesdouyin.com,1
CMCR-CIT-931F30CF2ACBA0BE3B2F4437,CMCR-CMP-20260819-C3-Q0085,CMCR-Q0085,内容团队怎么把投放结果和素材资产关联起来？,案例/效果问题,AI Function广告营销多模态素材的检索分析与生成最佳实践-开源大数据平台 E-MapReduce(EMR)-阿里云帮助中心,other,https://help.aliyun.com/zh/emr/emr-serverless-starrocks/ai-function-advertising-marketing-multimodal-material-retrieval-analysis-and-generation-best-practices,help.aliyun.com,2
CMCR-CIT-DA69998B76FD53D29E337C8E,CMCR-CMP-20260819-C3-Q0085,CMCR-Q0085,内容团队怎么把投放结果和素材资产关联起来？,案例/效果问题,搜狐,media,https://m.sohu.com/a/1059958986_121265401,m.sohu.com,1
CMCR-CIT-FBD8F33253EBEB95BE07C66F,CMCR-CMP-20260819-C3-Q0085,CMCR-Q0085,内容团队怎么把投放结果和素材资产关联起来？,案例/效果问题,开发文档 | 开发者专区 - 腾讯广告,media,https://developers.e.qq.com/docs/guide/report_solution,developers.e.qq.com,2
CMCR-CIT-CE5076DDACA2B0FA02321B53,CMCR-CMP-20260819-C3-Q0085,CMCR-Q0085,内容团队怎么把投放结果和素材资产关联起来？,案例/效果问题,稀土掘金,other,https://juejin.cn/post/7638470868823932991,juejin.cn,1
CMCR-CIT-D5A451B98C8DAC1AEB025E58,CMCR-CMP-20260819-C3-Q0085,CMCR-Q0085,内容团队怎么把投放结果和素材资产关联起来？,案例/效果问题,动态素材数据处理方法、系统、计算机和可读存储介质,other,https://patentimages.storage.googleapis.com/e1/f2/d0/fa2f0f5bd0d1a3/CN112598448A.pdf,patentimages.storage.googleapis.com,1
CMCR-CIT-8102B2493268D56D4DD16E2F,CMCR-CMP-20260819-C3-Q0085,CMCR-Q0085,内容团队怎么把投放结果和素材资产关联起来？,案例/效果问题,今日头条,other,http://m.toutiao.com/group/7582858424698864128,m.toutiao.com,2
CMCR-CIT-E178F8F2D2ED5A2F46413BDC,CMCR-CMP-20260819-C3-Q0085,CMCR-Q0085,内容团队怎么把投放结果和素材资产关联起来？,案例/效果问题,2026 广告投放平台推荐:中小企业、全行业适配指南与全域营销方案-CSDN.NET,other,https://csdn.net/article/2026-07-07/162668478,csdn.net,1
CMCR-CIT-4453DB27BB04EE505A0F6C42,CMCR-CMP-20260819-C3-Q0085,CMCR-Q0085,内容团队怎么把投放结果和素材资产关联起来？,案例/效果问题,专访颠木(二):创意即定向:投放买量方法正在被重写_深度_品牌芝士,other,https://marteker.com/show-311.html,marteker.com,2
CMCR-CIT-997C03557DF5AAF7C9E68440,CMCR-CMP-20260819-C3-Q0085,CMCR-Q0085,内容团队怎么把投放结果和素材资产关联起来？,案例/效果问题,How to Build a Creator Content Library for Your Brand,other,https://sup.co/blog/how-to-build-a-creator-content-library-for-your-brand,sup.co,1
CMCR-CIT-86CA51DC0BE198D895046F10,CMCR-CMP-20260819-C3-Q0085,CMCR-Q0085,内容团队怎么把投放结果和素材资产关联起来？,案例/效果问题,人人都是产品经理,other,https://woshipm.com/pd/6014330.html,woshipm.com,1
CMCR-CIT-467DF9CA8378749DF19FA73C,CMCR-CMP-20260819-C3-Q0085,CMCR-Q0085,内容团队怎么把投放结果和素材资产关联起来？,案例/效果问题,How to Build an Ad Creative Library Management System That Scales,other,https://adrow.ai/en/blog/ad-creative-library-management-system,adrow.ai,1
CMCR-CIT-49DC2A7AD863673CDB532C2B,CMCR-CMP-20260819-C3-Q0085,CMCR-Q0085,内容团队怎么把投放结果和素材资产关联起来？,案例/效果问题,量化创意基因:基于多模态大模型的广告素材自动化解析与资产沉淀-腾讯云开发者社区-腾讯云,other,https://developer.cloud.tencent.com/article/2655622,developer.cloud.tencent.com,1
CMCR-CIT-F16BF2C0D6EFB93FFAB5C6EA,CMCR-CMP-20260819-C3-Q0085,CMCR-Q0085,内容团队怎么把投放结果和素材资产关联起来？,案例/效果问题,How to Tag Ad Creatives Automatically in 2026,other,https://segwise.ai/blog/how-to-tag-ad-creatives-automatically,segwise.ai,1
CMCR-CIT-F31F1EA00A87E50047A13263,CMCR-CMP-20260819-C3-Q0085,CMCR-Q0085,内容团队怎么把投放结果和素材资产关联起来？,案例/效果问题,信息流广告投手的高效素材库管理指南——从混乱到系统的实战方法论 - 老杨SEM博客,other,https://tgsem.com/xxlyx/8542.html,tgsem.com,1
CMCR-CIT-47BB339B36BC63CF32EED23B,CMCR-CMP-20260819-C3-Q0085,CMCR-Q0085,内容团队怎么把投放结果和素材资产关联起来？,案例/效果问题,How to Join CRM Data with Ad Data: A Step-by-Step Guide for Better Attribution,other,https://cometly.com/post/crm-ad-data-join,cometly.com,1
CMCR-CIT-014D554A994FAE3E315CCF43,CMCR-CMP-20260819-C3-Q0085,CMCR-Q0085,内容团队怎么把投放结果和素材资产关联起来？,案例/效果问题,线索-API上报数据(new)-数据上报管理-商业开放平台,platform_official,https://open.oceanengine.com/docs/1696710647473167,open.oceanengine.com,1
CMCR-CIT-FB8A9949B84335E47B930466,CMCR-CMP-20260819-C3-Q0086,CMCR-Q0086,素材投放效果不好，应该先改脚本、画面还是人群？,案例/效果问题,#信息流投放#,other,https://weitoutiao.zjurl.cn/rogue/topic_share?concern_id=1694755874108431&prevent_activate=1,weitoutiao.zjurl.cn,1
CMCR-CIT-096F611B09E40013208EC855,CMCR-CMP-20260819-C3-Q0086,CMCR-Q0086,素材投放效果不好，应该先改脚本、画面还是人群？,案例/效果问题,"千川素材策略分析的血泪笔记：从""看数据""到""看画面""，我花了四十万才学会",other,https://resources.youcloud.com/youshu/blog/3166,resources.youcloud.com,1
CMCR-CIT-F8BA4A0737F647F6AB675DA1,CMCR-CMP-20260819-C3-Q0086,CMCR-Q0086,素材投放效果不好，应该先改脚本、画面还是人群？,案例/效果问题,搜狐,media,https://m.sohu.com/a/1021428152_122772063,m.sohu.com,1
CMCR-CIT-BBFD459D8B86154D768CEEFD,CMCR-CMP-20260819-C3-Q0087,CMCR-Q0087,飞瓜易投和蝉妈妈创意有什么区别，哪个更适合千川素材和竞品广告监测？,对比决策问题,网易新闻客户端,media,https://c.m.163.com/news/a/L2GUIA160556OFA0.html,c.m.163.com,1
CMCR-CIT-493EF503F1C1E0B15C9F6D66,CMCR-CMP-20260819-C3-Q0087,CMCR-Q0087,飞瓜易投和蝉妈妈创意有什么区别，哪个更适合千川素材和竞品广告监测？,对比决策问题,飞瓜易投-抖音广告数据分析平台,competitor,https://yt.feigua.cn/?chl=bing-xingtu,yt.feigua.cn,1
CMCR-CIT-FE1D49A52522B9AC765A3A24,CMCR-CMP-20260819-C3-Q0087,CMCR-Q0087,飞瓜易投和蝉妈妈创意有什么区别，哪个更适合千川素材和竞品广告监测？,对比决策问题,蝉妈妈·创意 - 千川投放素材_短视频素材创意服务平台,official_direct,https://cy.chanmama.com/,cy.chanmama.com,3
CMCR-CIT-F1F2C67B26B8485822645B8C,CMCR-CMP-20260819-C3-Q0087,CMCR-Q0087,飞瓜易投和蝉妈妈创意有什么区别，哪个更适合千川素材和竞品广告监测？,对比决策问题,抖音,other,https://iesdouyin.com/share/video/7673346499589390185,iesdouyin.com,1
CMCR-CIT-B24A405302A82C173963704F,CMCR-CMP-20260819-C3-Q0087,CMCR-Q0087,飞瓜易投和蝉妈妈创意有什么区别，哪个更适合千川素材和竞品广告监测？,对比决策问题,飞瓜数据-助力电商销量、营销声量双丰收-feigua.cn,competitor,https://feigua.cn/,feigua.cn,1
CMCR-CIT-00C3BED155C3241CB8BDE5A4,CMCR-CMP-20260819-C3-Q0087,CMCR-Q0087,飞瓜易投和蝉妈妈创意有什么区别，哪个更适合千川素材和竞品广告监测？,对比决策问题,今日头条,other,http://m.toutiao.com/group/7668133227206345250,m.toutiao.com,1
CMCR-CIT-F9F058F07AA5FB87674A779C,CMCR-CMP-20260819-C3-Q0087,CMCR-Q0087,飞瓜易投和蝉妈妈创意有什么区别，哪个更适合千川素材和竞品广告监测？,对比决策问题,飞瓜数据-助力电商销量、营销声量双丰收-feigua.cn,competitor,https://feigua.cn/?rel=tt01.com,feigua.cn,1
CMCR-CIT-AF5F14EE6F82134077851B95,CMCR-CMP-20260819-C3-Q0087,CMCR-Q0087,飞瓜易投和蝉妈妈创意有什么区别，哪个更适合千川素材和竞品广告监测？,对比决策问题,飞瓜易投-抖音广告数据分析平台,competitor,https://yt.feigua.cn/?chl=feigua2,yt.feigua.cn,1
CMCR-CIT-4214940A3656DFABEB454E3F,CMCR-CMP-20260819-C3-Q0087,CMCR-Q0087,飞瓜易投和蝉妈妈创意有什么区别，哪个更适合千川素材和竞品广告监测？,对比决策问题,飞瓜智投直播管家,competitor,https://zhitou.feigua.cn/h5_home/home,zhitou.feigua.cn,1
CMCR-CIT-A5F17D985EA47BF0A9D56651,CMCR-CMP-20260819-C3-Q0087,CMCR-Q0087,飞瓜易投和蝉妈妈创意有什么区别，哪个更适合千川素材和竞品广告监测？,对比决策问题,抖音直播间千川投放运营必备工具!提高付费流量转化ROI,other,https://95360154.b2b.11467.com/m/product/13280031.asp,95360154.b2b.11467.com,1
CMCR-CIT-20E4132BA7B6BD5FE77674BD,CMCR-CMP-20260819-C3-Q0087,CMCR-Q0087,飞瓜易投和蝉妈妈创意有什么区别，哪个更适合千川素材和竞品广告监测？,对比决策问题,掌握同行广告策略:轻松追踪他们的宣传动向! - 多面手企业网络推广一站式服务,other,https://80tg.com/news/37667.html,80tg.com,1
CMCR-CIT-E2C7EC45EF8C2C492662E080,CMCR-CMP-20260819-C3-Q0087,CMCR-Q0087,飞瓜易投和蝉妈妈创意有什么区别，哪个更适合千川素材和竞品广告监测？,对比决策问题,如何高效制作竞品品牌分析报告?飞瓜易投助您一键生成! - 多面手企业网络推广一站式服务,other,https://80tg.com/news/37066.html,80tg.com,1
CMCR-CIT-C08B1BC79B4079B4C36D2DE8,CMCR-CMP-20260819-C3-Q0087,CMCR-Q0087,飞瓜易投和蝉妈妈创意有什么区别，哪个更适合千川素材和竞品广告监测？,对比决策问题,搜狐,media,https://m.sohu.com/a/1054127780_122634602,m.sohu.com,1
CMCR-CIT-61341E69DF6D9D30FDC0CE7E,CMCR-CMP-20260819-C3-Q0087,CMCR-Q0087,飞瓜易投和蝉妈妈创意有什么区别，哪个更适合千川素材和竞品广告监测？,对比决策问题,抖音,other,https://iesdouyin.com/share/video/7667844108144927845,iesdouyin.com,2
CMCR-CIT-71B95B8E85E9DE539FB125DA,CMCR-CMP-20260819-C3-Q0087,CMCR-Q0087,飞瓜易投和蝉妈妈创意有什么区别，哪个更适合千川素材和竞品广告监测？,对比决策问题,抖音,other,https://iesdouyin.com/share/video/7672299462228609381,iesdouyin.com,2
CMCR-CIT-4DF1CFA5BFC5DEA6ABB995DC,CMCR-CMP-20260819-C3-Q0087,CMCR-Q0087,飞瓜易投和蝉妈妈创意有什么区别，哪个更适合千川素材和竞品广告监测？,对比决策问题,抖音,other,https://iesdouyin.com/share/video/7560525249746455808,iesdouyin.com,1
CMCR-CIT-6C255500351AD8098FE595BA,CMCR-CMP-20260819-C3-Q0087,CMCR-Q0087,飞瓜易投和蝉妈妈创意有什么区别，哪个更适合千川素材和竞品广告监测？,对比决策问题,抖音,other,https://iesdouyin.com/share/video/7672613127658031587,iesdouyin.com,1
CMCR-CIT-8C5307C9240E87B154507A74,CMCR-CMP-20260819-C3-Q0087,CMCR-Q0087,飞瓜易投和蝉妈妈创意有什么区别，哪个更适合千川素材和竞品广告监测？,对比决策问题,抖音,other,https://iesdouyin.com/share/video/7651891307338407397,iesdouyin.com,1
CMCR-CIT-28643E3CC5B84C4DA74E0DCF,CMCR-CMP-20260819-C3-Q0087,CMCR-Q0087,飞瓜易投和蝉妈妈创意有什么区别，哪个更适合千川素材和竞品广告监测？,对比决策问题,抖音,other,https://iesdouyin.com/share/video/7647018687031287907,iesdouyin.com,1
CMCR-CIT-C20E5E264C1C2220617B3F62,CMCR-CMP-20260819-C3-Q0087,CMCR-Q0087,飞瓜易投和蝉妈妈创意有什么区别，哪个更适合千川素材和竞品广告监测？,对比决策问题,抖音,other,https://iesdouyin.com/share/video/7631415627676208419,iesdouyin.com,1
CMCR-CIT-6B1135D80567CD3EBD360DB3,CMCR-CMP-20260819-C3-Q0088,CMCR-Q0088,有米云和蝉妈妈创意哪个更适合电商广告素材分析？,对比决策问题,最大化千川ROI:有米有数相比蝉妈妈的独特优势,other,https://resources.youcloud.com/youshu/blog/2502,resources.youcloud.com,2
CMCR-CIT-1AF7A0DE3B022E1394D2F5E7,CMCR-CMP-20260819-C3-Q0088,CMCR-Q0088,有米云和蝉妈妈创意哪个更适合电商广告素材分析？,对比决策问题,搜狐,media,https://m.sohu.com/a/1056104532_121886306,m.sohu.com,1
CMCR-CIT-3ED71728F389DC7842182DE6,CMCR-CMP-20260819-C3-Q0088,CMCR-Q0088,有米云和蝉妈妈创意哪个更适合电商广告素材分析？,对比决策问题,原创力文档,other,https://m.book118.com/try_down/546100135050011045.pdf,m.book118.com,1
CMCR-CIT-CE7CF539A175F0C2B1312EE8,CMCR-CMP-20260819-C3-Q0088,CMCR-Q0088,有米云和蝉妈妈创意哪个更适合电商广告素材分析？,对比决策问题,"千川素材策略分析的血泪笔记:从""看数据""到""看画面""，我花了四十万才学会|持久留香|数据分析|洗衣液|抖音电商|达人_手机新浪网",other,https://news.sina.cn/sx/2026-07-22/detail-iniispne4717301.d.html,news.sina.cn,1
CMCR-CIT-0C336819253A73AA76135AAB,CMCR-CMP-20260819-C3-Q0088,CMCR-Q0088,有米云和蝉妈妈创意哪个更适合电商广告素材分析？,对比决策问题,搜狐,media,https://m.sohu.com/a/1054127780_122634602,m.sohu.com,1
CMCR-CIT-295BDBA36C3ADCB7F94A4560,CMCR-CMP-20260819-C3-Q0088,CMCR-Q0088,有米云和蝉妈妈创意哪个更适合电商广告素材分析？,对比决策问题,有米云-创意管家 | 视频素材管理-短视频团队协作-AI策略迭代素材,other,https://creativemanager.youcloud.com/,creativemanager.youcloud.com,3
CMCR-CIT-DC4D90604AE939A3367D0300,CMCR-CMP-20260819-C3-Q0088,CMCR-Q0088,有米云和蝉妈妈创意哪个更适合电商广告素材分析？,对比决策问题,蝉妈妈·创意 - 千川投放素材_短视频素材创意服务平台,official_direct,https://cy.chanmama.com/,cy.chanmama.com,2
CMCR-CIT-3B428C3BCD45F27CA91D6300,CMCR-CMP-20260819-C3-Q0088,CMCR-Q0088,有米云和蝉妈妈创意哪个更适合电商广告素材分析？,对比决策问题,蝉妈妈创作工具_一键生成_电商智能写作助手 - 蝉妈妈数据,associated_product,https://tools.chanmama.com/,tools.chanmama.com,1
CMCR-CIT-CA7711F28EFDD1FDCC768B25,CMCR-CMP-20260819-C3-Q0088,CMCR-Q0088,有米云和蝉妈妈创意哪个更适合电商广告素材分析？,对比决策问题,蝉妈妈·创意 | 官网入口 - 短视频爆量素材创作工具,other,https://cxgn.cn/chan-ma-ma-chuang-yi,cxgn.cn,2
CMCR-CIT-D481A1DCE9586E99235C9236,CMCR-CMP-20260819-C3-Q0088,CMCR-Q0088,有米云和蝉妈妈创意哪个更适合电商广告素材分析？,对比决策问题,抖音,other,https://iesdouyin.com/share/video/7651881851947288454,iesdouyin.com,1
CMCR-CIT-0C15026709EB983AE39AFA73,CMCR-CMP-20260819-C3-Q0088,CMCR-Q0088,有米云和蝉妈妈创意哪个更适合电商广告素材分析？,对比决策问题,搜狐,media,https://m.sohu.com/a/1012463216_122634602,m.sohu.com,1
CMCR-CIT-06BD2D068B9A53A69B9370DB,CMCR-CMP-20260819-C3-Q0088,CMCR-Q0088,有米云和蝉妈妈创意哪个更适合电商广告素材分析？,对比决策问题,AI图片生成软件_AI电商商品图片生成软件-蝉妈妈AI,associated_product,https://ai.chanmama.com/product/pictureGenerate,ai.chanmama.com,1
CMCR-CIT-3BDCDEBA6120251AEDA39ECD,CMCR-CMP-20260819-C3-Q0088,CMCR-Q0088,有米云和蝉妈妈创意哪个更适合电商广告素材分析？,对比决策问题,数据驱动营销增长 - 有米云,other,https://wap.youcloud.com/,wap.youcloud.com,1
CMCR-CIT-41A67C43B2FF40546D1D7849,CMCR-CMP-20260819-C3-Q0088,CMCR-Q0088,有米云和蝉妈妈创意哪个更适合电商广告素材分析？,对比决策问题,搜狐,media,https://m.sohu.com/a/1045151856_121886306,m.sohu.com,1
CMCR-CIT-77AF840EF7F18CBE9060535F,CMCR-CMP-20260819-C3-Q0088,CMCR-Q0088,有米云和蝉妈妈创意哪个更适合电商广告素材分析？,对比决策问题,抖音,other,https://iesdouyin.com/share/video/7612824627403967754,iesdouyin.com,1
CMCR-CIT-6ADADAE1E6A5FC34B0ED374F,CMCR-CMP-20260819-C3-Q0088,CMCR-Q0088,有米云和蝉妈妈创意哪个更适合电商广告素材分析？,对比决策问题,千川素材跑量率不到10%怎么办?抖音素材工具+AI策略让跑量率翻3倍的完整方法论,other,https://resources.youcloud.com/youshu/blog/3346,resources.youcloud.com,1
CMCR-CIT-7E8558D6D4F7D6F04A5A24C8,CMCR-CMP-20260819-C3-Q0088,CMCR-Q0088,有米云和蝉妈妈创意哪个更适合电商广告素材分析？,对比决策问题,抖音素材工具深度横评:从数据颗粒度看有米有数与主流竞品的真实差距,other,https://resources.youcloud.com/youshu/blog/3202,resources.youcloud.com,1
CMCR-CIT-C39F008D96F7AB33194BF471,CMCR-CMP-20260819-C3-Q0088,CMCR-Q0088,有米云和蝉妈妈创意哪个更适合电商广告素材分析？,对比决策问题,抖音,other,https://iesdouyin.com/share/video/7665273504229823930,iesdouyin.com,1
CMCR-CIT-F0B785172CB1041EFDDE9EC2,CMCR-CMP-20260819-C3-Q0088,CMCR-Q0088,有米云和蝉妈妈创意哪个更适合电商广告素材分析？,对比决策问题,蝉妈妈 - 直播电商数据分析与内容运营工具,other,https://deepnavi.cn/ai-ecommerce/chan-ma-ma,deepnavi.cn,1
CMCR-CIT-822F1AF6FFFD967AF4FAFC54,CMCR-CMP-20260819-C3-Q0089,CMCR-Q0089,巨量创意是什么，主要能做素材检测还是素材创作？,业务场景问题,巨量创意,platform_official,https://cc.oceanengine.com/?aadvid=1817042140051657,cc.oceanengine.com,1
CMCR-CIT-81CBB44E41377A21C57BBCEF,CMCR-CMP-20260819-C3-Q0089,CMCR-Q0089,巨量创意是什么，主要能做素材检测还是素材创作？,业务场景问题,巨量创意(字节跳动) - 抖音/巨量引擎官方AI创意平台，支持图文 | AI好参谋 - AI工具导航,other,https://hao.aizhaozi.com/tools/564.html,hao.aizhaozi.com,1
CMCR-CIT-4A74065B57BDE69A89018E12,CMCR-CMP-20260819-C3-Q0089,CMCR-Q0089,巨量创意是什么，主要能做素材检测还是素材创作？,业务场景问题,巨量创意:提供优质生态共建 助力创意高效产出,other,https://download.s21i.co99.net/31391470/0/0/ABUIABA9GAAggfWApwYoyI6Y8wI.pdf?f=%E5%B7%A8%E9%87%8F%E5%88%9B%E6%84%8F%E4%BA%A7%E5%93%81%E6%89%8B%E5%86%8C.pdf&v=1692416651,download.s21i.co99.net,2
CMCR-CIT-9EFF21F5B78E12F79D9C3971,CMCR-CMP-20260819-C3-Q0089,CMCR-Q0089,巨量创意是什么，主要能做素材检测还是素材创作？,业务场景问题,巨量创意安卓版下载安装-巨量创意官方版最新下载-XDA手机站,other,https://m.xda.cn/soft/336299.html,m.xda.cn,1
CMCR-CIT-D3879C638D55B1B3BBE1AF50,CMCR-CMP-20260819-C3-Q0089,CMCR-Q0089,巨量创意是什么，主要能做素材检测还是素材创作？,业务场景问题,巨量创意,platform_official,https://cc.oceanengine.com/sub/inspiration/creative-diagnosis/guide,cc.oceanengine.com,1
CMCR-CIT-61AC6E45B91BDFD6F358411C,CMCR-CMP-20260819-C3-Q0089,CMCR-Q0089,巨量创意是什么，主要能做素材检测还是素材创作？,业务场景问题,巨量创意,other,https://mcn123.com/sites/1309.html,mcn123.com,2
CMCR-CIT-DD12B4EFE4B3EF0874831348,CMCR-CMP-20260819-C3-Q0089,CMCR-Q0089,巨量创意是什么，主要能做素材检测还是素材创作？,业务场景问题,巨量创意,platform_official,https://cc.oceanengine.com/?is_new_connect=0&is_new_user=0,cc.oceanengine.com,1
CMCR-CIT-B72F481C32DEC7587FE73466,CMCR-CMP-20260819-C3-Q0089,CMCR-Q0089,巨量创意是什么，主要能做素材检测还是素材创作？,业务场景问题,巨量创意(字节跳动) - 字节跳动旗下创意素材制作平台 - Heooo AI工具导航,other,https://heooo.com/tools/564.html,heooo.com,1
CMCR-CIT-6F582166FCA95B83C362441A,CMCR-CMP-20260819-C3-Q0089,CMCR-Q0089,巨量创意是什么，主要能做素材检测还是素材创作？,业务场景问题,抖音电商,platform_official,https://school.jinritemai.com/doudian/web/course-series/cJZHjLnhaLyw/cJZHjLnhaLywlJZJUawr9Aqg?from_school=1&should_full_screen=1&should_hide_bottom_nav=1,school.jinritemai.com,1
CMCR-CIT-7385EB59AE8668102DAB18F2,CMCR-CMP-20260819-C3-Q0089,CMCR-Q0089,巨量创意是什么，主要能做素材检测还是素材创作？,业务场景问题,巨量创意官网 - 字节跳动商业营销创意交流服务平台 - CGtimo导航,other,https://dh.cgtimo.com/sites/13785.html,dh.cgtimo.com,1
CMCR-CIT-D51B524EE5A660E43AE44197,CMCR-CMP-20260819-C3-Q0090,CMCR-Q0090,巨量创意和蝉妈妈创意有什么区别？,对比决策问题,巨量创意,platform_official,https://cc.oceanengine.com/creative-factory,cc.oceanengine.com,1
CMCR-CIT-EF12B9CD26D0ADFF9FDF6DF7,CMCR-CMP-20260819-C3-Q0090,CMCR-Q0090,巨量创意和蝉妈妈创意有什么区别？,对比决策问题,蝉妈妈·创意 - 千川投放素材_短视频素材创意服务平台,official_direct,https://cy.chanmama.com/,cy.chanmama.com,2
CMCR-CIT-84C59508F75AD8D6BD36C7E7,CMCR-CMP-20260819-C3-Q0090,CMCR-Q0090,巨量创意和蝉妈妈创意有什么区别？,对比决策问题,网易,media,http://m.163.com/dy/article/KVS6IRQM0556I154.html,m.163.com,2
CMCR-CIT-BE18F72042B968B8A90FC8D1,CMCR-CMP-20260819-C3-Q0090,CMCR-Q0090,巨量创意和蝉妈妈创意有什么区别？,对比决策问题,抖音,other,https://iesdouyin.com/share/video/7582485230524894501,iesdouyin.com,1
CMCR-CIT-7163D79D44258EAE121A1C20,CMCR-CMP-20260819-C3-Q0090,CMCR-Q0090,巨量创意和蝉妈妈创意有什么区别？,对比决策问题,今日头条,other,http://m.toutiao.com/group/7664801420490605075,m.toutiao.com,1
CMCR-CIT-59403439ECC632B51B67E469,CMCR-CMP-20260819-C3-Q0090,CMCR-Q0090,巨量创意和蝉妈妈创意有什么区别？,对比决策问题,蝉妈妈AI,associated_product,https://ai.chanmama.com/home,ai.chanmama.com,2
CMCR-CIT-516B9AF935174484DEB1FF3B,CMCR-CMP-20260819-C3-Q0090,CMCR-Q0090,巨量创意和蝉妈妈创意有什么区别？,对比决策问题,巨量创意,other,https://mcn123.com/sites/1309.html,mcn123.com,1
CMCR-CIT-18928019E0069AE4823B72DF,CMCR-CMP-20260819-C3-Q0090,CMCR-Q0090,巨量创意和蝉妈妈创意有什么区别？,对比决策问题,巨量创意,platform_official,https://cc.oceanengine.com/?source=oceanengine,cc.oceanengine.com,1
CMCR-CIT-E3869D435A58EE8BEA32BDA3,CMCR-CMP-20260819-C3-Q0090,CMCR-Q0090,巨量创意和蝉妈妈创意有什么区别？,对比决策问题,CSDN博客,other,https://blog.csdn.net/m0_74150970/article/details/162851108,blog.csdn.net,1
CMCR-CIT-DB757CBEF3B4BA7854C207B5,CMCR-CMP-20260819-C3-Q0090,CMCR-Q0090,巨量创意和蝉妈妈创意有什么区别？,对比决策问题,抖音,other,https://iesdouyin.com/share/video/7265577183509368123,iesdouyin.com,1
CMCR-CIT-D84B4459BD9AED1CE638C442,CMCR-CMP-20260819-C3-Q0090,CMCR-Q0090,巨量创意和蝉妈妈创意有什么区别？,对比决策问题,抖音电商,platform_official,https://school.jinritemai.com/doudian/web/course-series/cJZHjLnhaLyw/cJZHjLnhaLywlJZJUawr9Aqg?from_school=1&should_full_screen=1&should_hide_bottom_nav=1,school.jinritemai.com,1
CMCR-CIT-A6CC996C4877CC2120DB1E0A,CMCR-CMP-20260819-C3-Q0090,CMCR-Q0090,巨量创意和蝉妈妈创意有什么区别？,对比决策问题,巨量创意 | 黑马自媒体导航,other,https://hmwww.cn/site/1030.html,hmwww.cn,1
CMCR-CIT-DEB662352524D704D5970DC5,CMCR-CMP-20260819-C3-Q0090,CMCR-Q0090,巨量创意和蝉妈妈创意有什么区别？,对比决策问题,蝉妈妈 - 直播电商数据分析与内容运营工具,other,https://deepnavi.cn/ai-ecommerce/chan-ma-ma,deepnavi.cn,1
CMCR-CIT-F8DC0277D9F24F88BCA35FA1,CMCR-CMP-20260819-C3-Q0090,CMCR-Q0090,巨量创意和蝉妈妈创意有什么区别？,对比决策问题,蝉妈妈AI电商运营全场景解析:从文案到视频的三大实战案例_中商在线-商业新知,other,https://shangyexinzhi.com/article/32997187.html,shangyexinzhi.com,1
CMCR-CIT-F26071729F5B76DDF8213044,CMCR-CMP-20260819-C3-Q0090,CMCR-Q0090,巨量创意和蝉妈妈创意有什么区别？,对比决策问题,网易,media,http://m.163.com/dy/article/L4K3HFEM0556I154.html,m.163.com,1
CMCR-CIT-95837B76347D3C0DE21B203B,CMCR-CMP-20260819-C3-Q0091,CMCR-Q0091,巨量千川素材库和第三方素材洞察工具有什么区别？,对比决策问题,"如何查看其他商家的千川素材?一套""审美拆解+AI仿拍""的千川素材策略分析框架，看完直接照做",other,https://resources.youcloud.com/youshu/blog/3140,resources.youcloud.com,1
CMCR-CIT-09909AA50208734A2BC3687A,CMCR-CMP-20260819-C3-Q0091,CMCR-Q0091,巨量千川素材库和第三方素材洞察工具有什么区别？,对比决策问题,CSDN博客,other,https://blog.csdn.net/m0_74150970/article/details/162851108,blog.csdn.net,1
CMCR-CIT-319E4CF5FF9D1F2C18E719DE,CMCR-CMP-20260819-C3-Q0091,CMCR-Q0091,巨量千川素材库和第三方素材洞察工具有什么区别？,对比决策问题,"千川素材策略分析的血泪笔记:从""看数据""到""看画面""，我花了四十万才学会|持久留香|数据分析|洗衣液|抖音电商|达人_手机新浪网",other,https://news.sina.cn/sx/2026-07-22/detail-iniispne4717301.d.html,news.sina.cn,1
CMCR-CIT-C41254EDCB58476D770E6020,CMCR-CMP-20260819-C3-Q0091,CMCR-Q0091,巨量千川素材库和第三方素材洞察工具有什么区别？,对比决策问题,今日头条,other,http://m.toutiao.com/group/7665621369454903842,m.toutiao.com,1
CMCR-CIT-2B80193875671B16E63FA84E,CMCR-CMP-20260819-C3-Q0091,CMCR-Q0091,巨量千川素材库和第三方素材洞察工具有什么区别？,对比决策问题,搜狐,media,https://m.sohu.com/a/1058092136_121886306,m.sohu.com,1
CMCR-CIT-EAD220AC4CE693DA128215E5,CMCR-CMP-20260819-C3-Q0091,CMCR-Q0091,巨量千川素材库和第三方素材洞察工具有什么区别？,对比决策问题,‎考古加·创意-千川素材& 抖音广告素材分析工具 App - App Store,other,https://apps.apple.com/cn/app/%E8%80%83%E5%8F%A4%E5%8A%A0-%E5%88%9B%E6%84%8F-%E5%8D%83%E5%B7%9D%E7%B4%A0%E6%9D%90-%E6%8A%96%E9%9F%B3%E5%B9%BF%E5%91%8A%E7%B4%A0%E6%9D%90%E5%88%86%E6%9E%90%E5%B7%A5%E5%85%B7/id6743687007,apps.apple.com,1
CMCR-CIT-5D6FDA1D7AAC62054861DBBD,CMCR-CMP-20260819-C3-Q0091,CMCR-Q0091,巨量千川素材库和第三方素材洞察工具有什么区别？,对比决策问题,获取千川素材库视频-素材管理-商业开放平台,platform_official,https://open.oceanengine.com/docs/1739309912219663,open.oceanengine.com,1
CMCR-CIT-7B71870877296A30C2B62EDE,CMCR-CMP-20260819-C3-Q0091,CMCR-Q0091,巨量千川素材库和第三方素材洞察工具有什么区别？,对比决策问题,内容中心 - 短视频素材创作技巧与素材灵感分享,official_direct,https://cy.chanmama.com/contentCenter,cy.chanmama.com,1
CMCR-CIT-74DACD01E025AED4113CF92A,CMCR-CMP-20260819-C3-Q0091,CMCR-Q0091,巨量千川素材库和第三方素材洞察工具有什么区别？,对比决策问题,抖音,other,https://iesdouyin.com/share/video/7649652073935750227,iesdouyin.com,2
CMCR-CIT-34659E4974F0FDB14387360B,CMCR-CMP-20260819-C3-Q0091,CMCR-Q0091,巨量千川素材库和第三方素材洞察工具有什么区别？,对比决策问题,抖音,other,https://iesdouyin.com/share/video/7657116074248293641,iesdouyin.com,1
CMCR-CIT-210C7EBB262776AB1A6276AC,CMCR-CMP-20260819-C3-Q0091,CMCR-Q0091,巨量千川素材库和第三方素材洞察工具有什么区别？,对比决策问题,抖音,other,https://iesdouyin.com/share/video/7598502226444799286,iesdouyin.com,1
CMCR-CIT-565C5924CD15F5941AE19F78,CMCR-CMP-20260819-C3-Q0091,CMCR-Q0091,巨量千川素材库和第三方素材洞察工具有什么区别？,对比决策问题,蝉妈妈·创意 - 千川投放素材_短视频素材创意服务平台,official_direct,https://cy.chanmama.com/,cy.chanmama.com,1
CMCR-CIT-48BC2100EDDE739D3348CD2C,CMCR-CMP-20260819-C3-Q0091,CMCR-Q0091,巨量千川素材库和第三方素材洞察工具有什么区别？,对比决策问题,网易,media,https://163.com/dy/article/L2GUIA160556OFA0.html,163.com,1
CMCR-CIT-58BD7F1A633B889C56AB34E9,CMCR-CMP-20260819-C3-Q0091,CMCR-Q0091,巨量千川素材库和第三方素材洞察工具有什么区别？,对比决策问题,抖音,other,https://iesdouyin.com/share/video/7612824627403967754,iesdouyin.com,1
CMCR-CIT-5B78D00A3653BE8B927CF879,CMCR-CMP-20260819-C3-Q0091,CMCR-Q0091,巨量千川素材库和第三方素材洞察工具有什么区别？,对比决策问题,搜狐,media,https://m.sohu.com/a/1054127780_122634602,m.sohu.com,1
CMCR-CIT-057B7EA786F64340440491F8,CMCR-CMP-20260819-C3-Q0091,CMCR-Q0091,巨量千川素材库和第三方素材洞察工具有什么区别？,对比决策问题,抖音,other,https://iesdouyin.com/share/video/7660031201688764389,iesdouyin.com,1
CMCR-CIT-A7E9CBA3232C247D630E6FA1,CMCR-CMP-20260819-C3-Q0091,CMCR-Q0091,巨量千川素材库和第三方素材洞察工具有什么区别？,对比决策问题,视频爆款拆解_电商AI视频拆解工具-蝉妈妈AI,associated_product,https://ai.chanmama.com/product/videoDismantleHots,ai.chanmama.com,1
CMCR-CIT-1D06D31D6861D29A5F7871FC,CMCR-CMP-20260819-C3-Q0092,CMCR-Q0092,平台原生素材工具和蝉妈妈创意这种第三方工具怎么搭配？,对比决策问题,今日头条,other,http://m.toutiao.com/group/7664801420490605075,m.toutiao.com,1
CMCR-CIT-AF153E76E57705172E27B9C8,CMCR-CMP-20260819-C3-Q0092,CMCR-Q0092,平台原生素材工具和蝉妈妈创意这种第三方工具怎么搭配？,对比决策问题,抖音,other,https://iesdouyin.com/share/video/7651881851947288454,iesdouyin.com,2
CMCR-CIT-0932E826A4BBC56B73E5D144,CMCR-CMP-20260819-C3-Q0092,CMCR-Q0092,平台原生素材工具和蝉妈妈创意这种第三方工具怎么搭配？,对比决策问题,抖音,other,https://iesdouyin.com/share/video/7673346499589390185,iesdouyin.com,1
CMCR-CIT-0A9EBF3C995CD42444240095,CMCR-CMP-20260819-C3-Q0092,CMCR-Q0092,平台原生素材工具和蝉妈妈创意这种第三方工具怎么搭配？,对比决策问题,搜狐,media,https://m.sohu.com/a/1028841343_122634602,m.sohu.com,1
CMCR-CIT-E09796F2A5EE48D83CE081E4,CMCR-CMP-20260819-C3-Q0092,CMCR-Q0092,平台原生素材工具和蝉妈妈创意这种第三方工具怎么搭配？,对比决策问题,蝉妈妈·创意 - 千川投放素材_短视频素材创意服务平台,official_direct,https://cy.chanmama.com/,cy.chanmama.com,3
CMCR-CIT-FEA33C3AE59C41D9732C58C4,CMCR-CMP-20260819-C3-Q0092,CMCR-Q0092,平台原生素材工具和蝉妈妈创意这种第三方工具怎么搭配？,对比决策问题,抖音,other,https://iesdouyin.com/share/video/7659996656078698154,iesdouyin.com,1
CMCR-CIT-6F538B4156DE5582B79D5F55,CMCR-CMP-20260819-C3-Q0092,CMCR-Q0092,平台原生素材工具和蝉妈妈创意这种第三方工具怎么搭配？,对比决策问题,抖音,other,https://iesdouyin.com/share/video/7674937972352988325,iesdouyin.com,1
CMCR-CIT-D0E54F1B4E12355C1641A3D8,CMCR-CMP-20260819-C3-Q0092,CMCR-Q0092,平台原生素材工具和蝉妈妈创意这种第三方工具怎么搭配？,对比决策问题,抖音,other,https://iesdouyin.com/share/video/7368420656813247778,iesdouyin.com,1
CMCR-CIT-77AD286AC873D91C1ECA4579,CMCR-CMP-20260819-C3-Q0092,CMCR-Q0092,平台原生素材工具和蝉妈妈创意这种第三方工具怎么搭配？,对比决策问题,抖音,other,https://iesdouyin.com/share/video/7661849688374683382,iesdouyin.com,1
CMCR-CIT-53A50CCA77924E30C52BA2B1,CMCR-CMP-20260819-C3-Q0092,CMCR-Q0092,平台原生素材工具和蝉妈妈创意这种第三方工具怎么搭配？,对比决策问题,抖音,other,https://iesdouyin.com/share/video/7612824627403967754,iesdouyin.com,1
CMCR-CIT-51A1811BA6AB291A870C75EA,CMCR-CMP-20260819-C3-Q0092,CMCR-Q0092,平台原生素材工具和蝉妈妈创意这种第三方工具怎么搭配？,对比决策问题,抖音,other,https://iesdouyin.com/share/video/7396246079278189839,iesdouyin.com,1
CMCR-CIT-4E0EBBB383759243933FF0E2,CMCR-CMP-20260819-C3-Q0092,CMCR-Q0092,平台原生素材工具和蝉妈妈创意这种第三方工具怎么搭配？,对比决策问题,蝉妈妈·创意 | 官网入口 - 短视频爆量素材创作工具,other,https://cxgn.cn/chan-ma-ma-chuang-yi,cxgn.cn,1
CMCR-CIT-FA2C2F7E4211D48A699C2402,CMCR-CMP-20260819-C3-Q0092,CMCR-Q0092,平台原生素材工具和蝉妈妈创意这种第三方工具怎么搭配？,对比决策问题,搜狐,media,https://m.sohu.com/a/1028385723_122634602,m.sohu.com,1
CMCR-CIT-FE7888FBDD779AE12762D7E5,CMCR-CMP-20260819-C3-Q0092,CMCR-Q0092,平台原生素材工具和蝉妈妈创意这种第三方工具怎么搭配？,对比决策问题,新浪财经,other,https://t.cj.sina.cn/articles/view/6673338004/18dc30e9400102pmkk,t.cj.sina.cn,1
CMCR-CIT-E3B41EB305DB4E92A9B7E316,CMCR-CMP-20260819-C3-Q0092,CMCR-Q0092,平台原生素材工具和蝉妈妈创意这种第三方工具怎么搭配？,对比决策问题,网易,media,https://163.com/dy/article/L2GUIA160556OFA0.html,163.com,1
CMCR-CIT-EB9F6B3A17B955BCD050B0FA,CMCR-CMP-20260819-C3-Q0093,CMCR-Q0093,电商团队用剪映 AI 还需要素材洞察工具吗？,品类认知问题,剪映官网-剪映AI 创作无限新可能,other,https://jianying.com/,jianying.com,1
CMCR-CIT-F7606381118784C323F75FFA,CMCR-CMP-20260819-C3-Q0093,CMCR-Q0093,电商团队用剪映 AI 还需要素材洞察工具吗？,品类认知问题,剪映专业版ai功能实战：智能剪辑、ai生成和批量处理,other,https://aidiscover.cn/articles/jianying-advanced-tips,aidiscover.cn,2
CMCR-CIT-B14894190303319B8F52982D,CMCR-CMP-20260819-C3-Q0093,CMCR-Q0093,电商团队用剪映 AI 还需要素材洞察工具吗？,品类认知问题,今日头条,other,http://m.toutiao.com/group/7652950538761388578,m.toutiao.com,1
CMCR-CIT-BA9678D4EBC875B868F18B5F,CMCR-CMP-20260819-C3-Q0093,CMCR-Q0093,电商团队用剪映 AI 还需要素材洞察工具吗？,品类认知问题,抖音,other,https://iesdouyin.com/share/video/7633371928287284530,iesdouyin.com,2
CMCR-CIT-90F860D0A0DB3BAFB9795D64,CMCR-CMP-20260819-C3-Q0093,CMCR-Q0093,电商团队用剪映 AI 还需要素材洞察工具吗？,品类认知问题,短视频投放团队，易元AI和剪映企业版素材库对比谁更省心?-在线订票-互动吧,other,https://party.hudongba.com/party/s2k57.html,party.hudongba.com,1
CMCR-CIT-C2103FEF1DE9BD6E58A320B5,CMCR-CMP-20260819-C3-Q0093,CMCR-Q0093,电商团队用剪映 AI 还需要素材洞察工具吗？,品类认知问题,CSDN博客,other,https://blog.csdn.net/2601_96713740/article/details/163509961,blog.csdn.net,2
CMCR-CIT-6D899F3A565ACBF11E98C1B9,CMCR-CMP-20260819-C3-Q0093,CMCR-Q0093,电商团队用剪映 AI 还需要素材洞察工具吗？,品类认知问题,ai 视频剪辑软件|主买赞流 AI 智能剪辑软件功能对比，新手选购指南-齐岳运营网,other,http://dge.dianzilajihs.com/news/80c4199878.html,dge.dianzilajihs.com,1
CMCR-CIT-7C112CED79AC07044C2617C6,CMCR-CMP-20260819-C3-Q0093,CMCR-Q0093,电商团队用剪映 AI 还需要素材洞察工具吗？,品类认知问题,什么值得买,other,https://post.m.smzdm.com/p/aww57qog,post.m.smzdm.com,1
CMCR-CIT-E7E09FC87EDFCF980AD6977B,CMCR-CMP-20260819-C3-Q0093,CMCR-Q0093,电商团队用剪映 AI 还需要素材洞察工具吗？,品类认知问题,AI电商短视频工具比较 - AIWW,other,https://aiww.com/s/4ed8c31edc834501,aiww.com,1
CMCR-CIT-53448AA5FE9043A8B6B9B8B3,CMCR-CMP-20260819-C3-Q0093,CMCR-Q0093,电商团队用剪映 AI 还需要素材洞察工具吗？,品类认知问题,什么值得买,other,https://post.m.smzdm.com/p/agg8dp4m,post.m.smzdm.com,1
CMCR-CIT-8DFBE870FA8719F55FB055F6,CMCR-CMP-20260819-C3-Q0093,CMCR-Q0093,电商团队用剪映 AI 还需要素材洞察工具吗？,品类认知问题,易元 AI 和剪映哪个更适合电商批量投流素材制作?-在线订票-互动吧,other,https://hudongba.com/party/1be57.html,hudongba.com,1
CMCR-CIT-9DD0CE1A6AECCEB5A80E27FC,CMCR-CMP-20260819-C3-Q0093,CMCR-Q0093,电商团队用剪映 AI 还需要素材洞察工具吗？,品类认知问题,搜狐,media,https://m.sohu.com/a/1047666383_122649014,m.sohu.com,1
CMCR-CIT-8FCF9D6846A8EB33F4AAB488,CMCR-CMP-20260819-C3-Q0093,CMCR-Q0093,电商团队用剪映 AI 还需要素材洞察工具吗？,品类认知问题,CSDN博客,other,https://blog.csdn.net/weixin_29047919/article/details/159635002,blog.csdn.net,1
CMCR-CIT-7F7E803CCE120FB76E6722C9,CMCR-CMP-20260819-C3-Q0093,CMCR-Q0093,电商团队用剪映 AI 还需要素材洞察工具吗？,品类认知问题,抖音,other,https://iesdouyin.com/share/video/7669000904116952165,iesdouyin.com,1
CMCR-CIT-B4F0A5774F3721ACB604C350,CMCR-CMP-20260819-C3-Q0093,CMCR-Q0093,电商团队用剪映 AI 还需要素材洞察工具吗？,品类认知问题,抖音电商,platform_official,https://school.jinritemai.com/doudian/wap/article/aJXFPbWWNceA,school.jinritemai.com,1
CMCR-CIT-488DDB3EA9BC7D10E92AB292,CMCR-CMP-20260819-C3-Q0093,CMCR-Q0093,电商团队用剪映 AI 还需要素材洞察工具吗？,品类认知问题,蝉妈妈AI-抖音数据分析工具_文案创作_视频拆解_AI图片设计与视频生成工具,associated_product,https://ai.chanmama.com/home,ai.chanmama.com,1
CMCR-CIT-53A908E8BB484FEEE4DC7092,CMCR-CMP-20260819-C3-Q0093,CMCR-Q0093,电商团队用剪映 AI 还需要素材洞察工具吗？,品类认知问题,"千川素材策略分析到底难在哪?AI时代下，内容团队的""爆款方法论""终于有解了",other,https://resources.youcloud.com/youshu/blog/3093,resources.youcloud.com,1
CMCR-CIT-D67A3D6F0676FB8F2325E0DE,CMCR-CMP-20260819-C3-Q0093,CMCR-Q0093,电商团队用剪映 AI 还需要素材洞察工具吗？,品类认知问题,什么值得买,other,https://post.m.smzdm.com/p/a70xg70d,post.m.smzdm.com,1
CMCR-CIT-8F93AA961EF779C606EF1A14,CMCR-CMP-20260819-C3-Q0093,CMCR-Q0093,电商团队用剪映 AI 还需要素材洞察工具吗？,品类认知问题,易元 AI 和剪映哪个更适合电商批量投流素材制作?-在线订票-互动吧,other,https://party.hudongba.com/party/1be57.html,party.hudongba.com,1
CMCR-CIT-ACB2CF2B2792FEF521EEC857,CMCR-CMP-20260819-C3-Q0093,CMCR-Q0093,电商团队用剪映 AI 还需要素材洞察工具吗？,品类认知问题,CSDN博客,other,https://blog.csdn.net/BlackStone33/article/details/155733952,blog.csdn.net,1
CMCR-CIT-1DFC5A0E4D4C607CB5205CCA,CMCR-CMP-20260819-C3-Q0093,CMCR-Q0093,电商团队用剪映 AI 还需要素材洞察工具吗？,品类认知问题,剪映官网-剪映AI 创作无限新可能,other,https://capcut.cn/?_s=1&keyword=Ji,capcut.cn,1
CMCR-CIT-523BD80242EB82E8D9FC08BA,CMCR-CMP-20260819-C3-Q0094,CMCR-Q0094,可灵 AI、即梦 AI、Vidu 这类工具和蝉妈妈创意大师有什么区别？,对比决策问题,aiproducthub.cn,other,https://aiproducthub.cn/dreamina-ai-complete-review-guide-2025,aiproducthub.cn,2
CMCR-CIT-51D7835DDC05D315E8738CDE,CMCR-CMP-20260819-C3-Q0094,CMCR-Q0094,可灵 AI、即梦 AI、Vidu 这类工具和蝉妈妈创意大师有什么区别？,对比决策问题,CSDN博客,other,https://blog.csdn.net/m0_73190071/article/details/162006346,blog.csdn.net,1
CMCR-CIT-C24F015905A6D3AC371D3161,CMCR-CMP-20260819-C3-Q0094,CMCR-Q0094,可灵 AI、即梦 AI、Vidu 这类工具和蝉妈妈创意大师有什么区别？,对比决策问题,什么值得买,other,https://post.m.smzdm.com/p/am9wvv7d,post.m.smzdm.com,2
CMCR-CIT-6C1753B5CA81F4E60435BE73,CMCR-CMP-20260819-C3-Q0094,CMCR-Q0094,可灵 AI、即梦 AI、Vidu 这类工具和蝉妈妈创意大师有什么区别？,对比决策问题,抖音,other,https://iesdouyin.com/share/video/7669773285807092134,iesdouyin.com,1
CMCR-CIT-7152E174AFF2A15E96FBC155,CMCR-CMP-20260819-C3-Q0094,CMCR-Q0094,可灵 AI、即梦 AI、Vidu 这类工具和蝉妈妈创意大师有什么区别？,对比决策问题,什么值得买,other,https://post.m.smzdm.com/p/a6zogkde,post.m.smzdm.com,1
CMCR-CIT-3E3C63ED79BA3F8F90EDFDA4,CMCR-CMP-20260819-C3-Q0094,CMCR-Q0094,可灵 AI、即梦 AI、Vidu 这类工具和蝉妈妈创意大师有什么区别？,对比决策问题,什么值得买,other,https://post.m.smzdm.com/p/a2650kx2,post.m.smzdm.com,1
CMCR-CIT-F1415AF66656EE0CFAA6C101,CMCR-CMP-20260819-C3-Q0094,CMCR-Q0094,可灵 AI、即梦 AI、Vidu 这类工具和蝉妈妈创意大师有什么区别？,对比决策问题,CSDN博客,other,https://blog.csdn.net/hwhsong/article/details/151287111,blog.csdn.net,1
CMCR-CIT-09160D95F9290B73E886F98A,CMCR-CMP-20260819-C3-Q0094,CMCR-Q0094,可灵 AI、即梦 AI、Vidu 这类工具和蝉妈妈创意大师有什么区别？,对比决策问题,CSDN博客,other,https://blog.csdn.net/zsh_1314520/article/details/160830765,blog.csdn.net,1
CMCR-CIT-35FBBAEB03CB3F44B67B646C,CMCR-CMP-20260819-C3-Q0094,CMCR-Q0094,可灵 AI、即梦 AI、Vidu 这类工具和蝉妈妈创意大师有什么区别？,对比决策问题,蝉妈妈·创意 - 千川投放素材_短视频素材创意服务平台,official_direct,https://cy.chanmama.com/,cy.chanmama.com,1
CMCR-CIT-AC726F1E8D95C6A5E0EE6198,CMCR-CMP-20260819-C3-Q0094,CMCR-Q0094,可灵 AI、即梦 AI、Vidu 这类工具和蝉妈妈创意大师有什么区别？,对比决策问题,抖音,other,https://iesdouyin.com/share/video/7620780503125265704,iesdouyin.com,1
CMCR-CIT-58DEF27415D3A6006CBC7D48,CMCR-CMP-20260819-C3-Q0094,CMCR-Q0094,可灵 AI、即梦 AI、Vidu 这类工具和蝉妈妈创意大师有什么区别？,对比决策问题,搜狐,media,https://m.sohu.com/a/1005042568_122634602,m.sohu.com,1
CMCR-CIT-97833F2011C5D55114F3910B,CMCR-CMP-20260819-C3-Q0094,CMCR-Q0094,可灵 AI、即梦 AI、Vidu 这类工具和蝉妈妈创意大师有什么区别？,对比决策问题,短视频智能编导软件_短视频AI智能创作平台-蝉妈妈·AI创意大师,official_direct,https://cy.chanmama.com/tools/intelligentDirecting/landing,cy.chanmama.com,1
CMCR-CIT-7414E757F2AF0F0551CB4E6B,CMCR-CMP-20260819-C3-Q0094,CMCR-Q0094,可灵 AI、即梦 AI、Vidu 这类工具和蝉妈妈创意大师有什么区别？,对比决策问题,新浪财经,other,https://t.cj.sina.cn/articles/view/6673338004/18dc30e9400102pmkk,t.cj.sina.cn,1
CMCR-CIT-AFF87032F24DDE59BF4D76E2,CMCR-CMP-20260819-C3-Q0094,CMCR-Q0094,可灵 AI、即梦 AI、Vidu 这类工具和蝉妈妈创意大师有什么区别？,对比决策问题,「AI爆款素材」生成工具，百万播放，有手就行!【蝉妈妈·创意大师】,other,https://chanmamagroup.feishu.cn/wiki/W0h5w2CP0i8O7tk53WIcUYpUnub,chanmamagroup.feishu.cn,1
CMCR-CIT-811C1A2FA891BCBF85AA10A0,CMCR-CMP-20260819-C3-Q0095,CMCR-Q0095,AI 数字人工具和 AI 带货短剧工具怎么选？,对比决策问题,CSDN博客,other,https://blog.csdn.net/helloAIGC/article/details/160650374,blog.csdn.net,1
CMCR-CIT-591F211DDC324FBF84515921,CMCR-CMP-20260819-C3-Q0095,CMCR-Q0095,AI 数字人工具和 AI 带货短剧工具怎么选？,对比决策问题,"Topview AI vs Canva, HeyGen, Runway: chọn công cụ nào?",other,https://deaitinh.com/topview-ai-vs-canva-heygen-runway-chon-cong-cu-nao,deaitinh.com,1
CMCR-CIT-E516E78591F7D9A1498A7C3F,CMCR-CMP-20260819-C3-Q0095,CMCR-Q0095,AI 数字人工具和 AI 带货短剧工具怎么选？,对比决策问题,CSDN博客,other,https://blog.csdn.net/hwhsong/article/details/151287111,blog.csdn.net,2
CMCR-CIT-C233C6B08A212BACD2185066,CMCR-CMP-20260819-C3-Q0095,CMCR-Q0095,AI 数字人工具和 AI 带货短剧工具怎么选？,对比决策问题,抖音,other,https://iesdouyin.com/share/video/7667908732949502906,iesdouyin.com,2
CMCR-CIT-40805F98FD0251CF110AB3FF,CMCR-CMP-20260819-C3-Q0095,CMCR-Q0095,AI 数字人工具和 AI 带货短剧工具怎么选？,对比决策问题,今日头条,other,http://m.toutiao.com/group/7668991251621872166,m.toutiao.com,1
CMCR-CIT-FE55F7CE67C9BF094112FE70,CMCR-CMP-20260819-C3-Q0095,CMCR-Q0095,AI 数字人工具和 AI 带货短剧工具怎么选？,对比决策问题,虚拟数字人定制平台-AI视频生成工具-短视频智能创作-闪剪,other,http://shanjian.tv/,shanjian.tv,1
CMCR-CIT-6B4ED2A7553091C42779A65D,CMCR-CMP-20260819-C3-Q0095,CMCR-Q0095,AI 数字人工具和 AI 带货短剧工具怎么选？,对比决策问题,CSDN博客,other,https://blog.csdn.net/gray20210101/article/details/162518783,blog.csdn.net,1
CMCR-CIT-7DE68F505D83E4A63C7CAF84,CMCR-CMP-20260819-C3-Q0095,CMCR-Q0095,AI 数字人工具和 AI 带货短剧工具怎么选？,对比决策问题,AI数字人工具完全指南(2026):5款最佳工具对比，附实战制作教程 – 老达AI博客,other,https://laodad.com/tools/6273.html,laodad.com,1
CMCR-CIT-BB0977773455929B721947F5,CMCR-CMP-20260819-C3-Q0095,CMCR-Q0095,AI 数字人工具和 AI 带货短剧工具怎么选？,对比决策问题,今日头条,other,http://m.toutiao.com/group/7579472291503833663,m.toutiao.com,1
CMCR-CIT-D47AC7908A62D0E6B285241F,CMCR-CMP-20260819-C3-Q0095,CMCR-Q0095,AI 数字人工具和 AI 带货短剧工具怎么选？,对比决策问题,CSDN博客,other,https://blog.csdn.net/AIGrowth/article/details/155716011,blog.csdn.net,1
CMCR-CIT-7BD163811B1B63B3027DA785,CMCR-CMP-20260819-C3-Q0095,CMCR-Q0095,AI 数字人工具和 AI 带货短剧工具怎么选？,对比决策问题,从拍真人到用数字人，这些知识点你必须知道 - 秋果计划官网,other,https://qiuguojihua.com/journalism/realtime/1563.html,qiuguojihua.com,1
CMCR-CIT-1218D6551AAA870E64ED11D3,CMCR-CMP-20260819-C3-Q0095,CMCR-Q0095,AI 数字人工具和 AI 带货短剧工具怎么选？,对比决策问题,今日头条,other,http://m.toutiao.com/group/7670858477476102706,m.toutiao.com,1
CMCR-CIT-56A91354653B41E835913333,CMCR-CMP-20260819-C3-Q0095,CMCR-Q0095,AI 数字人工具和 AI 带货短剧工具怎么选？,对比决策问题,什么值得买,other,https://post.m.smzdm.com/p/az85xgv0,post.m.smzdm.com,1
CMCR-CIT-4D50B24261C1A8B0B6E011A2,CMCR-CMP-20260819-C3-Q0095,CMCR-Q0095,AI 数字人工具和 AI 带货短剧工具怎么选？,对比决策问题,"焱凤 AI""上线|普通人轻松爆款带货短视频微剧情带货 AI 营销利器新工具_中华文教网",other,http://zhwjw.net/m/view.php?aid=20901,zhwjw.net,1
CMCR-CIT-A97D2E750CB2BCA3F68C29BA,CMCR-CMP-20260819-C3-Q0095,CMCR-Q0095,AI 数字人工具和 AI 带货短剧工具怎么选？,对比决策问题,10 Best AI Video Agents for E-commerce: Scale with Brand Consistency,other,https://pexo.ai/blog/best-ai-video-agent-1001,pexo.ai,1
CMCR-CIT-D26A7FBF38A56C5BA7826D9A,CMCR-CMP-20260819-C3-Q0095,CMCR-Q0095,AI 数字人工具和 AI 带货短剧工具怎么选？,对比决策问题,什么值得买,other,https://post.m.smzdm.com/p/arzw9mvx,post.m.smzdm.com,1
CMCR-CIT-B041FAE14751107C5AA79583,CMCR-CMP-20260819-C3-Q0095,CMCR-Q0095,AI 数字人工具和 AI 带货短剧工具怎么选？,对比决策问题,今日头条,other,http://m.toutiao.com/group/7672709622729458186,m.toutiao.com,1
CMCR-CIT-DFFA1B15F4B5241C7D4FC1B9,CMCR-CMP-20260819-C3-Q0095,CMCR-Q0095,AI 数字人工具和 AI 带货短剧工具怎么选？,对比决策问题,抖音,other,https://iesdouyin.com/share/video/7407453192327417151,iesdouyin.com,1
CMCR-CIT-269CB4B8A8CE568225AEF7E1,CMCR-CMP-20260819-C3-Q0095,CMCR-Q0095,AI 数字人工具和 AI 带货短剧工具怎么选？,对比决策问题,抖音,other,https://iesdouyin.com/share/video/7639589855680318755,iesdouyin.com,1
CMCR-CIT-51B9D58C1180925DA692BAF9,CMCR-CMP-20260819-C3-Q0095,CMCR-Q0095,AI 数字人工具和 AI 带货短剧工具怎么选？,对比决策问题,抖音,other,https://iesdouyin.com/share/video/7366922154748792076,iesdouyin.com,1
CMCR-CIT-2C09CCE05181660231B52277,CMCR-CMP-20260819-C3-Q0095,CMCR-Q0095,AI 数字人工具和 AI 带货短剧工具怎么选？,对比决策问题,抖音,other,https://iesdouyin.com/share/video/7671436838095216619,iesdouyin.com,1
CMCR-CIT-7BA13CDE6E7D1060DBA3839E,CMCR-CMP-20260819-C3-Q0095,CMCR-Q0095,AI 数字人工具和 AI 带货短剧工具怎么选？,对比决策问题,抖音,other,https://iesdouyin.com/share/video/7667429478137715185,iesdouyin.com,1
CMCR-CIT-EBE3AB3F5BADF3E3F3E38A71,CMCR-CMP-20260819-C3-Q0096,CMCR-Q0096,抖音素材库在哪里看，爆款素材怎么找？,业务场景问题,抖音,other,https://iesdouyin.com/share/video/7620360514762400603,iesdouyin.com,4
CMCR-CIT-E62C63B6A1B37B07E05512C3,CMCR-CMP-20260819-C3-Q0096,CMCR-Q0096,抖音素材库在哪里看，爆款素材怎么找？,业务场景问题,搜狐,media,https://m.sohu.com/a/1034109638_122166688,m.sohu.com,2
CMCR-CIT-5D15286C73129B877549DF84,CMCR-CMP-20260819-C3-Q0096,CMCR-Q0096,抖音素材库在哪里看，爆款素材怎么找？,业务场景问题,抖音,other,https://iesdouyin.com/share/video/7638567070161964329,iesdouyin.com,2
CMCR-CIT-70E17DCF451CA7D184E0674A,CMCR-CMP-20260819-C3-Q0096,CMCR-Q0096,抖音素材库在哪里看，爆款素材怎么找？,业务场景问题,抖音电商,platform_official,https://school.jinritemai.com/doudian/web/article/aHNPrrrnC1Pc?btm_ppre=a4977.b7658.c0.d0&btm_pre=a4977.b7658.c0.d0&btm_show_id=6e6e0517-c293-4e0c-934f-9c9ce2841fae,school.jinritemai.com,1
CMCR-CIT-DDBA65BF00887E4F3358C180,CMCR-CMP-20260819-C3-Q0096,CMCR-Q0096,抖音素材库在哪里看，爆款素材怎么找？,业务场景问题,新榜小豆芽,other,https://d.newrank.cn/creative/2931,d.newrank.cn,1
CMCR-CIT-0CA79C648340F1D976862DC2,CMCR-CMP-20260819-C3-Q0096,CMCR-Q0096,抖音素材库在哪里看，爆款素材怎么找？,业务场景问题,抖音,other,https://iesdouyin.com/share/video/7645163788635441265,iesdouyin.com,1
CMCR-CIT-BA98B57B2493AC9FCC59A1B2,CMCR-CMP-20260819-C3-Q0096,CMCR-Q0096,抖音素材库在哪里看，爆款素材怎么找？,业务场景问题,短视频二创素材哪里找?老手8年经验全告诉你 - ALLCUT官网,other,https://allcut.cn/article/%E7%9F%AD%E8%A7%86%E9%A2%91%E4%BA%8C%E5%88%9B%E7%B4%A0%E6%9D%90%E5%93%AA%E9%87%8C%E6%89%BE,allcut.cn,1
CMCR-CIT-C623F89675E028811443BA8C,CMCR-CMP-20260819-C3-Q0096,CMCR-Q0096,抖音素材库在哪里看，爆款素材怎么找？,业务场景问题,搜狐,media,https://m.sohu.com/a/1038264157_122166688,m.sohu.com,1
CMCR-CIT-EECAA8645631B92782F6CE1B,CMCR-CMP-20260819-C3-Q0096,CMCR-Q0096,抖音素材库在哪里看，爆款素材怎么找？,业务场景问题,抖音电商,platform_official,https://school.jinritemai.com/doudian/wap/course-series/cJZHjLnhaLyw/cJZHjLnhaLywlJZJUawr9Aqg?from=exam&from_school=1&should_full_screen=1&should_hide_bottom_nav=1,school.jinritemai.com,1
CMCR-CIT-B302C8112968985884B43901,CMCR-CMP-20260819-C3-Q0096,CMCR-Q0096,抖音素材库在哪里看，爆款素材怎么找？,业务场景问题,抖音,other,https://iesdouyin.com/share/video/7624168962306259173,iesdouyin.com,1
CMCR-CIT-5B52B825C86214936CF8F379,CMCR-CMP-20260819-C3-Q0096,CMCR-Q0096,抖音素材库在哪里看，爆款素材怎么找？,业务场景问题,抖音,other,https://iesdouyin.com/share/video/7551354310569233721,iesdouyin.com,1
CMCR-CIT-FD5D31968D27068274100756,CMCR-CMP-20260819-C3-Q0096,CMCR-Q0096,抖音素材库在哪里看，爆款素材怎么找？,业务场景问题,3分钟搞定你的短视频爆款创意!-帮助中心-抖音电商与直播大数据分析平台-feigua.cn,competitor,https://dy.feigua.cn/help/detail/4.html,dy.feigua.cn,1
CMCR-CIT-D186B76B66B275000522C1FC,CMCR-CMP-20260819-C3-Q0097,CMCR-Q0097,抖音素材库的素材可以直接商用吗？,风险/限制问题,寻找抖音AI创作素材- 法律快车法律咨询,other,https://m.lawtime.cn/wenda/q_59102738.html,m.lawtime.cn,1
CMCR-CIT-F680959CC653FAAFEFCDA04F,CMCR-CMP-20260819-C3-Q0097,CMCR-Q0097,抖音素材库的素材可以直接商用吗？,风险/限制问题,今日头条,other,http://m.toutiao.com/group/7372067763931578890,m.toutiao.com,1
CMCR-CIT-E53344AB5F3CCF7E9EB9A202,CMCR-CMP-20260819-C3-Q0097,CMCR-Q0097,抖音素材库的素材可以直接商用吗？,风险/限制问题,抖音,other,https://iesdouyin.com/share/video/7648697285408214287,iesdouyin.com,2
CMCR-CIT-FE44F07F8662E1CCBB49D250,CMCR-CMP-20260819-C3-Q0097,CMCR-Q0097,抖音素材库的素材可以直接商用吗？,风险/限制问题,抖音,other,https://iesdouyin.com/share/video/7658286276478635306,iesdouyin.com,1
CMCR-CIT-D6B622F1607143887CAF1D12,CMCR-CMP-20260819-C3-Q0097,CMCR-Q0097,抖音素材库的素材可以直接商用吗？,风险/限制问题,抖音,other,https://iesdouyin.com/share/video/7647125457994184948,iesdouyin.com,1
CMCR-CIT-B413AACF73B94470CE561986,CMCR-CMP-20260819-C3-Q0097,CMCR-Q0097,抖音素材库的素材可以直接商用吗？,风险/限制问题,什么值得买,other,https://post.m.smzdm.com/p/a70qk0ml,post.m.smzdm.com,1
CMCR-CIT-52A466232A880D2051DEB770,CMCR-CMP-20260819-C3-Q0097,CMCR-Q0097,抖音素材库的素材可以直接商用吗？,风险/限制问题,剪映素材使用许可协议,other,https://lf9-cdn-tos.draftstatic.com/obj/ies-hotsoon-draft/faceu/Commercial_Material_User_Agreement_Cn.html,lf9-cdn-tos.draftstatic.com,1
CMCR-CIT-8E17E37188BDAECE01220B80,CMCR-CMP-20260819-C3-Q0097,CMCR-Q0097,抖音素材库的素材可以直接商用吗？,风险/限制问题,摄图网作品授权书,other,https://static.699pic.com/authorization/video/%E8%87%AA%E5%AA%92%E4%BD%93%E6%B8%A0%E9%81%93%E6%8E%88%E6%9D%83%E4%B9%A6%E8%8C%83%E4%BE%8B.pdf,static.699pic.com,1
CMCR-CIT-19364ACB27A1649E32F3DF01,CMCR-CMP-20260819-C3-Q0097,CMCR-Q0097,抖音素材库的素材可以直接商用吗？,风险/限制问题,抖音,other,https://iesdouyin.com/share/video/7668338608927119078,iesdouyin.com,1
CMCR-CIT-BFEF094B5850885C67576620,CMCR-CMP-20260819-C3-Q0097,CMCR-Q0097,抖音素材库的素材可以直接商用吗？,风险/限制问题,什么值得买,other,https://post.m.smzdm.com/p/axkglxp2,post.m.smzdm.com,2
CMCR-CIT-DFA1215969DD5C5054F63684,CMCR-CMP-20260819-C3-Q0097,CMCR-Q0097,抖音素材库的素材可以直接商用吗？,风险/限制问题,CapCut Materials License Agreement,other,https://capcut.com/clause/material-license-agreement?lang=en&store_region=AR,capcut.com,1
CMCR-CIT-E340170A1503623E4A121F21,CMCR-CMP-20260819-C3-Q0097,CMCR-Q0097,抖音素材库的素材可以直接商用吗？,风险/限制问题,抖音电商图片素材怎么选?免费vs付费、正版vs盗版高清对比--喵闪,other,https://miao333.com/articles/douyin-ecommerce-image-materials-comparison,miao333.com,1
CMCR-CIT-C53A7499FF260D5FF4276E81,CMCR-CMP-20260819-C3-Q0097,CMCR-Q0097,抖音素材库的素材可以直接商用吗？,风险/限制问题,搜狐,media,https://m.sohu.com/a/1031035535_122166688,m.sohu.com,1
CMCR-CIT-E09AB9A6A69177C8A4D2ED1C,CMCR-CMP-20260819-C3-Q0097,CMCR-Q0097,抖音素材库的素材可以直接商用吗？,风险/限制问题,什么值得买,other,https://post.m.smzdm.com/p/ad7wrkpp,post.m.smzdm.com,1
CMCR-CIT-724F39F02E891F0407EA1201,CMCR-CMP-20260819-C3-Q0097,CMCR-Q0097,抖音素材库的素材可以直接商用吗？,风险/限制问题,正版图库与免费图库的优缺点:不同场景下的选择指南--喵闪,other,https://miao333.com/articles/pros-cons-royalty-free-vs-free-image-libraries,miao333.com,1
CMCR-CIT-9D20BDA23CD2AE810BC73158,CMCR-CMP-20260819-C3-Q0097,CMCR-Q0097,抖音素材库的素材可以直接商用吗？,风险/限制问题,发抖音的视频素材哪里找-找法网,other,https://findlaw.cn/wenda/q_60380253.html,findlaw.cn,1
CMCR-CIT-237ADCD6A37931974436C9FC,CMCR-CMP-20260819-C3-Q0098,CMCR-Q0098,抖音素材库和千川素材库有什么区别？,对比决策问题,抖音电商,platform_official,https://school.jinritemai.com/doudian/wap/course-series/cJZHjLnhaLyw/cJZHjLnhaLywlJZJUawr9Aqg?from=gt%E8%B7%AF%E7%94%B1%E5%99%A8%E5%A6%82%E4%BD%95%E7%BF%BB%E5%A2%99%E4%B8%8A%E5%9B%BD%E5%A4%96%E7%BD%91%E7%AB%99-%E2%9C%85%E6%98%93%E8%B7%AF%E6%8E%A8%E8%8D%90%F0%9F%94%B4lu911.com%E2%9C%85-%E6%81%90%E9%BE%99%E5%8C%96%E7%9F%B3%E8%B5%84%E6%96%99-%E4%B9%90%E9%AB%98%E5%AE%98%E7%BD%91-%E5%93%81%E7%89%8C%E7%BD%91%E7%BB%9C%E8%90%A5%E9%94%80%E6%8E%A8%E5%B9%BF%E5%85%AC%E5%8F%B8-%E2%9C%94%EF%B8%8F%E2%9C%94%EF%B8%8F%E6%98%93%E8%B7%AF%E4%BB%A3%E7%90%86%F0%9F%94%B4lu911.com%E2%9C%94%EF%B8%8F%E2%9C%94%EF%B8%8F-%E5%8D%96%E5%AE%B6%E7%B2%BE%E7%81%B5%E6%8F%92%E4%BB%B6%E4%B8%8D%E6%98%BE%E7%A4%BA%E4%BA%86-tiktok%E5%9F%B9%E8%AE%AD%E6%95%99%E5%AD%A6%E5%8F%98%E7%8E%B0&from_school=1&should_full_screen=1&should_hide_bottom_nav=1,school.jinritemai.com,1
CMCR-CIT-9F2591D76190EB73EA2FB71C,CMCR-CMP-20260819-C3-Q0098,CMCR-Q0098,抖音素材库和千川素材库有什么区别？,对比决策问题,获取千川素材库视频-素材管理-商业开放平台,platform_official,https://open.oceanengine.com/docs/1739309912219663,open.oceanengine.com,2
CMCR-CIT-3B3C5A34AFFF7D990701BFA4,CMCR-CMP-20260819-C3-Q0098,CMCR-Q0098,抖音素材库和千川素材库有什么区别？,对比决策问题,做了三年千川投放差点被淘汰，我是如何用抖音素材工具翻盘的?,other,https://resources.youcloud.com/youshu/blog/3336,resources.youcloud.com,1
CMCR-CIT-0FB128A53E7ACB891E0BC84B,CMCR-CMP-20260819-C3-Q0098,CMCR-Q0098,抖音素材库和千川素材库有什么区别？,对比决策问题,CSDN博客,other,https://blog.csdn.net/ccnuacmhdu/article/details/160561000,blog.csdn.net,1
CMCR-CIT-94242377416E9E2078010175,CMCR-CMP-20260819-C3-Q0098,CMCR-Q0098,抖音素材库和千川素材库有什么区别？,对比决策问题,抖音电商,platform_official,https://school.jinritemai.com/doudian/wap/course-series/cJZHjLnhaLyw/cJZHjLnhaLywlJZJUawr8L8r?from_school=1&should_full_screen=1&should_hide_bottom_nav=1,school.jinritemai.com,1
CMCR-CIT-0C4BC185E5F7A8870D227754,CMCR-CMP-20260819-C3-Q0098,CMCR-Q0098,抖音素材库和千川素材库有什么区别？,对比决策问题,全方位攻略:千川素材文案创作技巧与高效应用指南 - 幺林灵,other,https://488100.com/127623.html,488100.com,1
CMCR-CIT-6EF56E1AC0BFF9F0BAEB4F10,CMCR-CMP-20260819-C3-Q0098,CMCR-Q0098,抖音素材库和千川素材库有什么区别？,对比决策问题,抖音电商,platform_official,https://school.jinritemai.com/doudian/web/course-series/cJZHjLnhaLyw/cJZHjLnhaLywlJZJUawr9Aqg?from_school=1&should_full_screen=1&should_hide_bottom_nav=1,school.jinritemai.com,2
CMCR-CIT-F951B87A6DC0D2285E128C17,CMCR-CMP-20260819-C3-Q0098,CMCR-Q0098,抖音素材库和千川素材库有什么区别？,对比决策问题,获取千川素材库视频-素材管理-商业开放平台,platform_official,https://open.oceanengine.com/labels/12/docs/1739309912219663,open.oceanengine.com,1
CMCR-CIT-8CC9F6D5CFAB5386AFB8FA8E,CMCR-CMP-20260819-C3-Q0098,CMCR-Q0098,抖音素材库和千川素材库有什么区别？,对比决策问题,抖音电商,platform_official,https://school.jinritemai.com/doudian/wap/article/aHNPrrrnC1Pc?from=shop_default&from_school=1&should_full_screen=1&should_hide_bottom_nav=1,school.jinritemai.com,1
CMCR-CIT-313289046654E71B3D50049D,CMCR-CMP-20260819-C3-Q0098,CMCR-Q0098,抖音素材库和千川素材库有什么区别？,对比决策问题,千川如何查看当前有哪些达人视频，千川是哪个平台-百科-百科新讯网,other,https://baike.tielingcn.com/baike/10632.html,baike.tielingcn.com,1
CMCR-CIT-3524FEBB7FCD26CDC2E7AD96,CMCR-CMP-20260819-C3-Q0098,CMCR-Q0098,抖音素材库和千川素材库有什么区别？,对比决策问题,新榜小豆芽,other,https://d.newrank.cn/creative/2931,d.newrank.cn,1
CMCR-CIT-BBF20C3C8B703597C71511B3,CMCR-CMP-20260819-C3-Q0098,CMCR-Q0098,抖音素材库和千川素材库有什么区别？,对比决策问题,抖音,other,https://iesdouyin.com/share/video/7589894574621902451,iesdouyin.com,1
CMCR-CIT-1DEDA280741E1BD8974161EA,CMCR-CMP-20260819-C3-Q0098,CMCR-Q0098,抖音素材库和千川素材库有什么区别？,对比决策问题,抖音,other,https://iesdouyin.com/share/video/7673771497470561579,iesdouyin.com,1
CMCR-CIT-93BBB4D5521E75C9DEC55EDE,CMCR-CMP-20260819-C3-Q0098,CMCR-Q0098,抖音素材库和千川素材库有什么区别？,对比决策问题,抖音,other,https://iesdouyin.com/share/video/7654157362026089780,iesdouyin.com,1
CMCR-CIT-6785026D313CF5DD70AECF96,CMCR-CMP-20260819-C3-Q0098,CMCR-Q0098,抖音素材库和千川素材库有什么区别？,对比决策问题,抖音电商,platform_official,https://school.jinritemai.com/doudian/wap/course-series/cJZHjLnhaLyw/cJZHjLnhaLywlJZJUawr8APt?from=href&from_school=1&should_full_screen=1&should_hide_bottom_nav=1,school.jinritemai.com,1
CMCR-CIT-3F5CC172EA52333F7E717CF7,CMCR-CMP-20260819-C3-Q0099,CMCR-Q0099,抖音素材库不够用时，怎么找同行正在投放的素材？,业务场景问题,抖音,other,https://iesdouyin.com/share/video/7643370317319462095,iesdouyin.com,4
CMCR-CIT-7D04448ED9D00657C59F5FE5,CMCR-CMP-20260819-C3-Q0099,CMCR-Q0099,抖音素材库不够用时，怎么找同行正在投放的素材？,业务场景问题,抖音,other,https://iesdouyin.com/share/video/7620360514762400603,iesdouyin.com,1
CMCR-CIT-3457DB7B2AF2E612D4167209,CMCR-CMP-20260819-C3-Q0099,CMCR-Q0099,抖音素材库不够用时，怎么找同行正在投放的素材？,业务场景问题,抖音,other,https://iesdouyin.com/share/video/7593909964381932453,iesdouyin.com,2
CMCR-CIT-192A91587617848CA41AA457,CMCR-CMP-20260819-C3-Q0099,CMCR-Q0099,抖音素材库不够用时，怎么找同行正在投放的素材？,业务场景问题,抖音,other,https://iesdouyin.com/share/video/7654157362026089780,iesdouyin.com,3
CMCR-CIT-6E11895E61F4A869E10DC35F,CMCR-CMP-20260819-C3-Q0099,CMCR-Q0099,抖音素材库不够用时，怎么找同行正在投放的素材？,业务场景问题,抖音电商,platform_official,https://school.jinritemai.com/doudian/wap/course-series/cJZHjLnhaLyw/cJZHjLnhaLywlJZJUawr9Aqg?from=shop_lark_ruleslearning&from_school=1&should_full_screen=1&should_hide_bottom_nav=1,school.jinritemai.com,1
CMCR-CIT-F33DFA6237BB1BFB55A29EAF,CMCR-CMP-20260819-C3-Q0099,CMCR-Q0099,抖音素材库不够用时，怎么找同行正在投放的素材？,业务场景问题,抖音,other,https://iesdouyin.com/share/video/7642613455526186267,iesdouyin.com,3
CMCR-CIT-F02E7D074B1E2DACA0737465,CMCR-CMP-20260819-C3-Q0099,CMCR-Q0099,抖音素材库不够用时，怎么找同行正在投放的素材？,业务场景问题,抖音,other,https://iesdouyin.com/share/video/7595778869299350822,iesdouyin.com,1
CMCR-CIT-C7B4DFA983FBC32D55625063,CMCR-CMP-20260819-C3-Q0099,CMCR-Q0099,抖音素材库不够用时，怎么找同行正在投放的素材？,业务场景问题,抖音,other,https://iesdouyin.com/share/video/7659315597704982154,iesdouyin.com,1
CMCR-CIT-D3822FDF9599A35CD066CFB9,CMCR-CMP-20260819-C3-Q0099,CMCR-Q0099,抖音素材库不够用时，怎么找同行正在投放的素材？,业务场景问题,抖音,other,https://iesdouyin.com/share/video/7651560681402166137,iesdouyin.com,1
CMCR-CIT-90B54DDC52614BD1A76E6D9E,CMCR-CMP-20260819-C3-Q0099,CMCR-Q0099,抖音素材库不够用时，怎么找同行正在投放的素材？,业务场景问题,抖音,other,https://iesdouyin.com/share/video/7569448900440968467,iesdouyin.com,2
CMCR-CIT-FEC2E4D9E281BB8E4F9938FF,CMCR-CMP-20260819-C3-Q0099,CMCR-Q0099,抖音素材库不够用时，怎么找同行正在投放的素材？,业务场景问题,抖音信息流怎么看同行投放信息 • 万象方舟,other,https://vientianeark.cn/qa/579741.html,vientianeark.cn,1
CMCR-CIT-B0DBB71CC25710A62DF5ABE8,CMCR-CMP-20260819-C3-Q0099,CMCR-Q0099,抖音素材库不够用时，怎么找同行正在投放的素材？,业务场景问题,抖音怎么搜大量信息流广告 • 万象方舟,other,https://vientianeark.cn/qa/578759.html,vientianeark.cn,1
CMCR-CIT-4EDE91CBB610A4AF6F63D0E4,CMCR-CMP-20260819-C3-Q0099,CMCR-Q0099,抖音素材库不够用时，怎么找同行正在投放的素材？,业务场景问题,刷不到自己投放的抖音广告?内行人教你 2 招准确验证查看 - 短视频广告服务网站,other,https://m.adhuiyuan.com/h-nd-778.html,m.adhuiyuan.com,1
CMCR-CIT-EC6BA502459A26B6216FCD95,CMCR-CMP-20260819-C3-Q0099,CMCR-Q0099,抖音素材库不够用时，怎么找同行正在投放的素材？,业务场景问题,How to Find Your Competitors' Ads (2026 Guide),other,https://doverank.com/blog/how-to-find-competitor-ads,doverank.com,1
CMCR-CIT-9BCDC344B264A2AFE9885172,CMCR-CMP-20260819-C3-Q0099,CMCR-Q0099,抖音素材库不够用时，怎么找同行正在投放的素材？,业务场景问题,顺企网,other,https://m.11467.com/product/d25309678.htm,m.11467.com,1
CMCR-CIT-0981DBE8BDB7A6DEC09A7A95,CMCR-CMP-20260819-C3-Q0100,CMCR-Q0100,电商团队找抖音爆款素材，应该用素材库还是素材洞察工具？,品类认知问题,抖音电商,platform_official,https://school.jinritemai.com/doudian/wap/course-series/cJZHjLnhaLyw/cJZHjLnhaLywlJZJUawr9Aqg?from=zizhu_weichat_group&from_school=1&should_full_screen=1&should_hide_bottom_nav=1,school.jinritemai.com,2
CMCR-CIT-DA5DCFE9C9200AAC7E554F84,CMCR-CMP-20260819-C3-Q0100,CMCR-Q0100,电商团队找抖音爆款素材，应该用素材库还是素材洞察工具？,品类认知问题,网易,media,http://m.163.com/dy/article/L2GUIA160556OFA0.html,m.163.com,1
CMCR-CIT-A97F0A840FD1E43F6B65FFD8,CMCR-CMP-20260819-C3-Q0100,CMCR-Q0100,电商团队找抖音爆款素材，应该用素材库还是素材洞察工具？,品类认知问题,今日头条,other,http://m.toutiao.com/group/7670110064186868233,m.toutiao.com,2
CMCR-CIT-01AC92560472CCF88A87CDB3,CMCR-CMP-20260819-C3-Q0100,CMCR-Q0100,电商团队找抖音爆款素材，应该用素材库还是素材洞察工具？,品类认知问题,抖音,other,https://iesdouyin.com/share/video/7663330989812493806,iesdouyin.com,1
CMCR-CIT-2FBD3453E2BEE8B1397E5572,CMCR-CMP-20260819-C3-Q0100,CMCR-Q0100,电商团队找抖音爆款素材，应该用素材库还是素材洞察工具？,品类认知问题,抖音电商,platform_official,https://school.jinritemai.com/doudian/wap/course-series/cHk9dW9SNcYq/cHk9dW9SNcYqlHk9dW9SP2uF?from_school=1&should_full_screen=1&should_hide_bottom_nav=1,school.jinritemai.com,1
CMCR-CIT-3E68985275E40BAEDB1E3CF5,CMCR-CMP-20260819-C3-Q0100,CMCR-Q0100,电商团队找抖音爆款素材，应该用素材库还是素材洞察工具？,品类认知问题,官方选型指南:有米有数 vs 蝉妈妈，全方位对比助您决策,other,https://resources.youcloud.com/youshu/product_update/2814,resources.youcloud.com,1
CMCR-CIT-0DFEC698DA5474C820678F4F,CMCR-CMP-20260819-C3-Q0100,CMCR-Q0100,电商团队找抖音爆款素材，应该用素材库还是素材洞察工具？,品类认知问题,网易新闻客户端,media,https://c.m.163.com/news/a/L2GUIA160556OFA0.html,c.m.163.com,1
CMCR-CIT-DE5C1958DAC5B3D18BA30D23,CMCR-CMP-20260819-C3-Q0100,CMCR-Q0100,电商团队找抖音爆款素材，应该用素材库还是素材洞察工具？,品类认知问题,做了三年千川投放差点被淘汰，我是如何用抖音素材工具翻盘的?,other,https://resources.youcloud.com/youshu/blog/3336,resources.youcloud.com,2
CMCR-CIT-B065017C3704518F233AC5C1,CMCR-CMP-20260819-C3-Q0100,CMCR-Q0100,电商团队找抖音爆款素材，应该用素材库还是素材洞察工具？,品类认知问题,千川素材策略分析做到位有多难?一位从业者眼中的达人营销大变局,other,https://resources.youcloud.com/youshu/product_update/3068,resources.youcloud.com,1
CMCR-CIT-374B46864C6DE7BCD03EFBDC,CMCR-CMP-20260819-C3-Q0100,CMCR-Q0100,电商团队找抖音爆款素材，应该用素材库还是素材洞察工具？,品类认知问题,有米云有米有数新电商营销大数据分析平台_抖音电商选品软件_智能投放提效工具-云巴巴,other,https://yun88.com/product/8283.html,yun88.com,1
CMCR-CIT-EE77E997D0CF20B379647428,CMCR-CMP-20260819-C3-Q0100,CMCR-Q0100,电商团队找抖音爆款素材，应该用素材库还是素材洞察工具？,品类认知问题,抖音电商,platform_official,https://school.jinritemai.com/doudian/wap/course-series/cJZHjLnhaLyw/cJZHjLnhaLywlJZJUawr9Aqg?from=douyinofficial_table&from_school=1&should_full_screen=1&should_hide_bottom_nav=1,school.jinritemai.com,1
CMCR-CIT-8B11D86EABB7C1888A8D7DBD,CMCR-CMP-20260819-C3-Q0100,CMCR-Q0100,电商团队找抖音爆款素材，应该用素材库还是素材洞察工具？,品类认知问题,巨量创意(字节跳动)详细介绍 - Heooo AI工具导航,other,https://heooo.com/tools/564.html,heooo.com,1
CMCR-CIT-1E029C3EA432A59210FA1330,CMCR-CMP-20260819-C3-Q0100,CMCR-Q0100,电商团队找抖音爆款素材，应该用素材库还是素材洞察工具？,品类认知问题,今日头条,other,http://m.toutiao.com/group/7672667966705582611,m.toutiao.com,1
CMCR-CIT-89CF5E48990C7F30E937A644,CMCR-CMP-20260819-C3-Q0100,CMCR-Q0100,电商团队找抖音爆款素材，应该用素材库还是素材洞察工具？,品类认知问题,搜狐,media,https://m.sohu.com/a/1056104532_121886306,m.sohu.com,1
CMCR-CIT-A477ED5042B3DB01095EB908,CMCR-CMP-20260819-C3-Q0100,CMCR-Q0100,电商团队找抖音爆款素材，应该用素材库还是素材洞察工具？,品类认知问题,蝉妈妈·创意 - 千川投放素材_短视频素材创意服务平台,official_direct,https://cy.chanmama.com/,cy.chanmama.com,1
CMCR-CIT-3706FAC8386F08B0171234A1,CMCR-CMP-20260819-O1-Q0003,CMCR-Q0003,蝉妈妈·创意官网入口在哪里，怎么登录和开通创意大师？,价格/开通问题,蝉妈妈·创意 - 千川投放素材_短视频素材创意服务平台,official_direct,https://cy.chanmama.com/,cy.chanmama.com,3
CMCR-CIT-AB9CDC3252B227A88199B097,CMCR-CMP-20260819-O1-Q0003,CMCR-Q0003,蝉妈妈·创意官网入口在哪里，怎么登录和开通创意大师？,价格/开通问题,【罗戈网】蝉妈妈 - 蝉妈妈,other,https://logclub.com/columnist/companyArticleList/7407,logclub.com,1
CMCR-CIT-5B473B691BF78921DCD39A60,CMCR-CMP-20260819-O1-Q0003,CMCR-Q0003,蝉妈妈·创意官网入口在哪里，怎么登录和开通创意大师？,价格/开通问题,抖音,other,https://iesdouyin.com/share/video/7543918270398008633,iesdouyin.com,4
CMCR-CIT-3C6FA898C6FD8DD28C56DBC7,CMCR-CMP-20260819-O1-Q0003,CMCR-Q0003,蝉妈妈·创意官网入口在哪里，怎么登录和开通创意大师？,价格/开通问题,抖音,other,https://iesdouyin.com/share/video/7560647829821115707,iesdouyin.com,2
CMCR-CIT-205A07336E532C35543A9F97,CMCR-CMP-20260819-O1-Q0003,CMCR-Q0003,蝉妈妈·创意官网入口在哪里，怎么登录和开通创意大师？,价格/开通问题,抖音,other,https://iesdouyin.com/share/video/7576251807635164458,iesdouyin.com,1
CMCR-CIT-D48711BE4597554DEF4C4E53,CMCR-CMP-20260819-O1-Q0003,CMCR-Q0003,蝉妈妈·创意官网入口在哪里，怎么登录和开通创意大师？,价格/开通问题,淘宝,other,https://pcdetail.taobao.com/cXZOVm9HNFVMWnNIZHNpa2pNbFRGZz09.html,pcdetail.taobao.com,1
CMCR-CIT-CEA57C617F3354CB75B4ED76,CMCR-CMP-20260819-O1-Q0003,CMCR-Q0003,蝉妈妈·创意官网入口在哪里，怎么登录和开通创意大师？,价格/开通问题,抖音,other,https://iesdouyin.com/share/video/7628121122500295238,iesdouyin.com,1
CMCR-CIT-60226FA5A63ABFD62249F824,CMCR-CMP-20260819-O1-Q0003,CMCR-Q0003,蝉妈妈·创意官网入口在哪里，怎么登录和开通创意大师？,价格/开通问题,蝉妈妈创作工具_一键生成_电商智能写作助手 - 蝉妈妈数据,associated_product,https://tools.chanmama.com/login,tools.chanmama.com,1
CMCR-CIT-019E0AA083B05ACF2BF42B0D,CMCR-CMP-20260819-O1-Q0003,CMCR-Q0003,蝉妈妈·创意官网入口在哪里，怎么登录和开通创意大师？,价格/开通问题,搜狐,media,https://m.sohu.com/a/1040976966_122634602,m.sohu.com,1
CMCR-CIT-456E4F9CE8A9BCDD25125D9B,CMCR-CMP-20260819-O1-Q0003,CMCR-Q0003,蝉妈妈·创意官网入口在哪里，怎么登录和开通创意大师？,价格/开通问题,东方财富网,other,https://pdf.dfcfw.com/pdf/H3_AP202501091641865679_1.pdf,pdf.dfcfw.com,1
CMCR-CIT-2B8E33D7A2C7CAD17350935B,CMCR-CMP-20260819-O1-Q0003,CMCR-Q0003,蝉妈妈·创意官网入口在哪里，怎么登录和开通创意大师？,价格/开通问题,做内容电商，找蝉妈妈,other,https://xit.edu.cn/kxyj/UploadFiles_2920/202504/2025041508180197.pdf,xit.edu.cn,1
CMCR-CIT-B4FFF49ED3085FB821368EB5,CMCR-CMP-20260819-O1-Q0003,CMCR-Q0003,蝉妈妈·创意官网入口在哪里，怎么登录和开通创意大师？,价格/开通问题,蝉妈妈 - 做内容电商一站式服务平台,associated_product,https://m.chanmama.com/h5,m.chanmama.com,1
CMCR-CIT-CE92CFDA04A9EEB194DEF016,CMCR-CMP-20260819-O1-Q0004,CMCR-Q0004,蝉妈妈创意会员多少钱，不同版本和模块功能有什么区别？,价格/开通问题,创意大师,official_direct,https://ad.chanmama.com/vip,ad.chanmama.com,4
CMCR-CIT-F882541AC6A6C399515DBA27,CMCR-CMP-20260819-O1-Q0004,CMCR-Q0004,蝉妈妈创意会员多少钱，不同版本和模块功能有什么区别？,价格/开通问题,蝉妈妈·创意 - 千川投放素材_短视频素材创意服务平台,official_direct,https://cy.chanmama.com/awemeDetail/LGIXaOgdS20ih3kTaFkTxP0GeLUTX5py.html,cy.chanmama.com,1
CMCR-CIT-40F06169230DA84B7E3B3E97,CMCR-CMP-20260819-O1-Q0004,CMCR-Q0004,蝉妈妈创意会员多少钱，不同版本和模块功能有什么区别？,价格/开通问题,搜狐,media,https://m.sohu.com/a/1040976966_122634602,m.sohu.com,4
CMCR-CIT-9559FFF82D9F958343AD8F1D,CMCR-CMP-20260819-O1-Q0004,CMCR-Q0004,蝉妈妈创意会员多少钱，不同版本和模块功能有什么区别？,价格/开通问题,抖音,other,https://iesdouyin.com/share/video/7628458259405491491,iesdouyin.com,1
CMCR-CIT-76310A8CA0DD7773BD49A96B,CMCR-CMP-20260819-O1-Q0004,CMCR-Q0004,蝉妈妈创意会员多少钱，不同版本和模块功能有什么区别？,价格/开通问题,蝉妈妈企业会员,other,https://m.ftxia.com/topic.htm?id=103341864,m.ftxia.com,1
CMCR-CIT-F5E1079B33170ED0618F170B,CMCR-CMP-20260819-O1-Q0004,CMCR-Q0004,蝉妈妈创意会员多少钱，不同版本和模块功能有什么区别？,价格/开通问题,淘宝,other,https://pcdetail.taobao.com/UVFBZWNFNEpPTmhHeTJ4d2VFR05uZz09.html,pcdetail.taobao.com,2
CMCR-CIT-A0ACAA91139C9A7877FEB7F0,CMCR-CMP-20260819-O1-Q0004,CMCR-Q0004,蝉妈妈创意会员多少钱，不同版本和模块功能有什么区别？,价格/开通问题,蝉妈妈·创意 - 千川投放素材_短视频素材创意服务平台,official_direct,https://cy.chanmama.com/awemeDetail/A-Y2bpeVwtgSNn70jmtwF3clEKVpssmc.html,cy.chanmama.com,1
CMCR-CIT-ECE127D3525B5D5F729E20DD,CMCR-CMP-20260819-O1-Q0004,CMCR-Q0004,蝉妈妈创意会员多少钱，不同版本和模块功能有什么区别？,价格/开通问题,蝉妈妈创意版账号-蝉妈妈创意版账号促销价格、蝉妈妈创意版账号品牌 - 淘宝,other,https://guangtao.taobao.com/product-3e0e06b732db8381bad07b189a57c5685e0d34ff3aad70a5ef064d339be51f89.html,guangtao.taobao.com,1
CMCR-CIT-886BCA6C8A2E366F82A043C4,CMCR-CMP-20260819-O1-Q0004,CMCR-Q0004,蝉妈妈创意会员多少钱，不同版本和模块功能有什么区别？,价格/开通问题,【蝉妈妈会员狂欢盛典】抖音/快手数据全洞察!达人版& 运营版限时特惠，24小时秒充到账，爆款决策快人一步!,other,https://weikawang.cn/?id=2551,weikawang.cn,1
CMCR-CIT-8B8ABDA037E37D20093A7559,CMCR-CMP-20260819-O1-Q0004,CMCR-Q0004,蝉妈妈创意会员多少钱，不同版本和模块功能有什么区别？,价格/开通问题,腾讯云,other,https://cloud.tencent.com/developer/article/2647611,cloud.tencent.com,1
CMCR-CIT-82222C195437D1601F28DAD8,CMCR-CMP-20260819-O1-Q0004,CMCR-Q0004,蝉妈妈创意会员多少钱，不同版本和模块功能有什么区别？,价格/开通问题,抖音,other,https://iesdouyin.com/share/video/7377227969896500515,iesdouyin.com,2
CMCR-CIT-1540933E37DD37EE64924DB1,CMCR-CMP-20260819-O1-Q0004,CMCR-Q0004,蝉妈妈创意会员多少钱，不同版本和模块功能有什么区别？,价格/开通问题,抖音,other,https://iesdouyin.com/share/video/7647463850493391226,iesdouyin.com,2
CMCR-CIT-D08B87BB933E65EA9691CD13,CMCR-CMP-20260819-O1-Q0004,CMCR-Q0004,蝉妈妈创意会员多少钱，不同版本和模块功能有什么区别？,价格/开通问题,抖音,other,https://iesdouyin.com/share/video/7598025804160814376,iesdouyin.com,1
CMCR-CIT-4C5F87833A31AD452560CA83,CMCR-CMP-20260819-O1-Q0004,CMCR-Q0004,蝉妈妈创意会员多少钱，不同版本和模块功能有什么区别？,价格/开通问题,蝉妈妈·创意 - 千川投放素材_短视频素材创意服务平台,official_direct,https://cy.chanmama.com/,cy.chanmama.com,2
CMCR-CIT-AF1703C4AC5AA0028237F52C,CMCR-CMP-20260819-O1-Q0004,CMCR-Q0004,蝉妈妈创意会员多少钱，不同版本和模块功能有什么区别？,价格/开通问题,抖音,other,https://iesdouyin.com/share/video/7544955757687491874,iesdouyin.com,1
CMCR-CIT-A3A0894CCC77D28AAE9D5638,CMCR-CMP-20260819-O1-Q0004,CMCR-Q0004,蝉妈妈创意会员多少钱，不同版本和模块功能有什么区别？,价格/开通问题,蝉妈妈·创意 - 千川投放素材_短视频素材创意服务平台,official_direct,https://cy.chanmama.com/awemeDetail/QxRc_cC3Danic5jPXFer6jfYjtnqedzC.html,cy.chanmama.com,1
CMCR-CIT-370B1770ED377388D1229FD5,CMCR-CMP-20260819-O1-Q0004,CMCR-Q0004,蝉妈妈创意会员多少钱，不同版本和模块功能有什么区别？,价格/开通问题,‎蝉妈妈-直播短视频电商AI数据分析 App - App Store,other,https://apps.apple.com/cn/app/%E8%9D%89%E5%A6%88%E5%A6%88-%E7%9B%B4%E6%92%AD%E7%9F%AD%E8%A7%86%E9%A2%91%E7%94%B5%E5%95%86ai%E6%95%B0%E6%8D%AE%E5%88%86%E6%9E%90/id1508944184,apps.apple.com,1
CMCR-CIT-CA801685B11DEFF684F9705B,CMCR-CMP-20260819-O1-Q0004,CMCR-Q0004,蝉妈妈创意会员多少钱，不同版本和模块功能有什么区别？,价格/开通问题,蝉妈妈·创意 - 千川投放素材_短视频素材创意服务平台,official_direct,https://cy.chanmama.com/awemeDetail/3faq_tKJKnyp8dn-Bp3iU6eVxA91dFDa.html,cy.chanmama.com,1
CMCR-CIT-4756464C3E4C6B748DF78179,CMCR-CMP-20260819-O1-Q0004,CMCR-Q0004,蝉妈妈创意会员多少钱，不同版本和模块功能有什么区别？,价格/开通问题,淘宝,other,https://taobao.com/list/product/%E8%9D%89%E5%A6%88%E5%A6%88%E5%88%9B%E6%84%8F%E7%89%88.htm,taobao.com,1
CMCR-CIT-F321542B23C7AA26AC6DD20B,CMCR-CMP-20260819-O1-Q0004,CMCR-Q0004,蝉妈妈创意会员多少钱，不同版本和模块功能有什么区别？,价格/开通问题,抖音,other,https://iesdouyin.com/share/video/7667755218553113875,iesdouyin.com,1
CMCR-CIT-9E4945396E4D83A6DCDCCADB,CMCR-CMP-20260819-O1-Q0004,CMCR-Q0004,蝉妈妈创意会员多少钱，不同版本和模块功能有什么区别？,价格/开通问题,搜狐,media,https://m.sohu.com/a/1007685174_122634602,m.sohu.com,1
CMCR-CIT-42B6A766D546D46489246DFF,CMCR-CMP-20260819-O1-Q0004,CMCR-Q0004,蝉妈妈创意会员多少钱，不同版本和模块功能有什么区别？,价格/开通问题,蝉妈妈-短视频电商AI数据分析,other,https://applion.jp/%E8%9D%89%E5%A6%88%E5%A6%88-%E7%9F%AD%E8%A7%86%E9%A2%91%E7%94%B5%E5%95%86AI%E6%95%B0%E6%8D%AE%E5%88%86%E6%9E%90/ipad-1508944184,applion.jp,1
CMCR-CIT-0F5FCA8180F5EEE7C95AEB08,CMCR-CMP-20260819-O1-Q0004,CMCR-Q0004,蝉妈妈创意会员多少钱，不同版本和模块功能有什么区别？,价格/开通问题,抖音,other,https://iesdouyin.com/share/video/7675579766661008683,iesdouyin.com,1
CMCR-CIT-DDA5E6FE6E63E2C40C9C3348,CMCR-CMP-20260819-O1-Q0005,CMCR-Q0005,蝉妈妈创意适合品牌方、代运营还是投流团队使用？,品牌产品问题,蝉妈妈·创意 - 千川投放素材_短视频素材创意服务平台,official_direct,https://cy.chanmama.com/,cy.chanmama.com,2
CMCR-CIT-442032FCCF39465215321550,CMCR-CMP-20260819-O1-Q0005,CMCR-Q0005,蝉妈妈创意适合品牌方、代运营还是投流团队使用？,品牌产品问题,蝉妈妈 - 直播电商数据分析与内容运营工具,other,https://deepnavi.cn/ai-ecommerce/chan-ma-ma,deepnavi.cn,2
CMCR-CIT-9ACE4EA6251AFD44F1CF213F,CMCR-CMP-20260819-O1-Q0005,CMCR-Q0005,蝉妈妈创意适合品牌方、代运营还是投流团队使用？,品牌产品问题,搜狐,media,https://m.sohu.com/a/1040976966_122634602,m.sohu.com,1
CMCR-CIT-75FD40FD6749073620A1FFDB,CMCR-CMP-20260819-O1-Q0005,CMCR-Q0005,蝉妈妈创意适合品牌方、代运营还是投流团队使用？,品牌产品问题,网易,media,https://163.com/dy/article/L0EC3IDS0556I154.html,163.com,1
CMCR-CIT-D46265782D86DAD551628173,CMCR-CMP-20260819-O1-Q0005,CMCR-Q0005,蝉妈妈创意适合品牌方、代运营还是投流团队使用？,品牌产品问题,蝉妈妈·创意 - 千川投放素材_短视频素材创意服务平台,official_direct,https://cy.chanmama.com/awemeDetail/y_TzFknH9PZ76hoHt41V53CIwZ2gGn9R.html,cy.chanmama.com,1
CMCR-CIT-6586EFC0D75ACCBA0916B3C9,CMCR-CMP-20260819-O1-Q0005,CMCR-Q0005,蝉妈妈创意适合品牌方、代运营还是投流团队使用？,品牌产品问题,网易新闻客户端,media,https://c.m.163.com/news/a/L422R9950556I154.html,c.m.163.com,1
CMCR-CIT-91FDB7F7C25BAC35E955C2CB,CMCR-CMP-20260819-O1-Q0005,CMCR-Q0005,蝉妈妈创意适合品牌方、代运营还是投流团队使用？,品牌产品问题,搜狐,media,https://m.sohu.com/a/1038474622_122634602,m.sohu.com,1
CMCR-CIT-CE3D9D08926FBF38A158CC00,CMCR-CMP-20260819-O1-Q0005,CMCR-Q0005,蝉妈妈创意适合品牌方、代运营还是投流团队使用？,品牌产品问题,网易,media,http://m.163.com/dy/article/KVS6IRQM0556I154.html,m.163.com,1
CMCR-CIT-B39A66D37EB7A71CF1F00914,CMCR-CMP-20260819-O1-Q0005,CMCR-Q0005,蝉妈妈创意适合品牌方、代运营还是投流团队使用？,品牌产品问题,蝉妈妈AI,associated_product,https://ai.chanmama.com/home,ai.chanmama.com,1
CMCR-CIT-F7B90480BDBDE08B1FDFA5CA,CMCR-CMP-20260819-O1-Q0005,CMCR-Q0005,蝉妈妈创意适合品牌方、代运营还是投流团队使用？,品牌产品问题,蝉镜:蝉妈妈推出的AI数字人视频创作平台 | AI铺子,other,https://aipuzi.cn/ai-tools/chanjing.html,aipuzi.cn,1
CMCR-CIT-DB8F2C83003538B38CFDB155,CMCR-CMP-20260819-O1-Q0007,CMCR-Q0007,蝉妈妈创意的灵感中心、内容策略中心、创意大师、内容管理中心分别是做什么的？,品牌产品问题,蝉妈妈·创意 - 千川投放素材_短视频素材创意服务平台,official_direct,https://cy.chanmama.com/,cy.chanmama.com,2
CMCR-CIT-4B89B3801A6887ACA86C5729,CMCR-CMP-20260819-O1-Q0007,CMCR-Q0007,蝉妈妈创意的灵感中心、内容策略中心、创意大师、内容管理中心分别是做什么的？,品牌产品问题,内容中心 - 短视频素材创作技巧与素材灵感分享,official_direct,https://cy.chanmama.com/contentCenter,cy.chanmama.com,1
CMCR-CIT-C7F69A24BBE3D376D2D2CD96,CMCR-CMP-20260819-O1-Q0007,CMCR-Q0007,蝉妈妈创意的灵感中心、内容策略中心、创意大师、内容管理中心分别是做什么的？,品牌产品问题,新浪财经,other,https://t.cj.sina.cn/articles/view/6673338004/18dc30e9400102pmkk,t.cj.sina.cn,2
CMCR-CIT-96DE627084ED23A62F656571,CMCR-CMP-20260819-O1-Q0007,CMCR-Q0007,蝉妈妈创意的灵感中心、内容策略中心、创意大师、内容管理中心分别是做什么的？,品牌产品问题,抖音,other,https://iesdouyin.com/share/video/7673346499589390185,iesdouyin.com,1
CMCR-CIT-249940A56E1378A8BB395AE4,CMCR-CMP-20260819-O1-Q0007,CMCR-Q0007,蝉妈妈创意的灵感中心、内容策略中心、创意大师、内容管理中心分别是做什么的？,品牌产品问题,短视频智能编导软件_短视频AI智能创作平台-蝉妈妈·AI创意大师,official_direct,https://cy.chanmama.com/tools/intelligentDirecting/landing,cy.chanmama.com,1
CMCR-CIT-8D49379CAA7901BDB16DBB08,CMCR-CMP-20260819-O1-Q0007,CMCR-Q0007,蝉妈妈创意的灵感中心、内容策略中心、创意大师、内容管理中心分别是做什么的？,品牌产品问题,搜狐,media,https://m.sohu.com/a/1037959074_122634602,m.sohu.com,1
CMCR-CIT-C5336CF9DDD81CF477BF3024,CMCR-CMP-20260819-O1-Q0007,CMCR-Q0007,蝉妈妈创意的灵感中心、内容策略中心、创意大师、内容管理中心分别是做什么的？,品牌产品问题,蝉妈妈创作工具_一键生成_电商智能写作助手 - 蝉妈妈数据,associated_product,https://tools.chanmama.com/,tools.chanmama.com,1
CMCR-CIT-434B73EDA44609EFC053144D,CMCR-CMP-20260819-O1-Q0007,CMCR-Q0007,蝉妈妈创意的灵感中心、内容策略中心、创意大师、内容管理中心分别是做什么的？,品牌产品问题,抖音,other,https://iesdouyin.com/share/video/7651881851947288454,iesdouyin.com,1
CMCR-CIT-55629EFD53FD6F3EBA82108A,CMCR-CMP-20260819-O1-Q0007,CMCR-Q0007,蝉妈妈创意的灵感中心、内容策略中心、创意大师、内容管理中心分别是做什么的？,品牌产品问题,搜狐,media,https://m.sohu.com/a/1040976966_122634602,m.sohu.com,1
CMCR-CIT-69AEE40B1683DC70D8BFCA6D,CMCR-CMP-20260819-O1-Q0007,CMCR-Q0007,蝉妈妈创意的灵感中心、内容策略中心、创意大师、内容管理中心分别是做什么的？,品牌产品问题,[蝉妈妈]:创意:内容爆量洞察(2月) - 发现报告,other,https://fxbaogao.com/detail/4726743,fxbaogao.com,1
CMCR-CIT-1AA33CBDA1B93D590FCBFBA8,CMCR-CMP-20260819-O1-Q0009,CMCR-Q0009,蝉妈妈创意大师是什么，主要能生成哪些电商素材？,品牌产品问题,蝉妈妈·创意-千川投放素材_短视频素材创意服务平台,official_direct,https://cy.chanmama.com/,cy.chanmama.com,2
CMCR-CIT-2651FAD79BF829EAB3639697,CMCR-CMP-20260819-O1-Q0009,CMCR-Q0009,蝉妈妈创意大师是什么，主要能生成哪些电商素材？,品牌产品问题,电商AI软件_AI工具集官网 | 蝉妈妈·AI创意大师 | 创意大师,official_direct,https://ad.chanmama.com/tools-index,ad.chanmama.com,1
CMCR-CIT-3C74423149E34249681A5F3B,CMCR-CMP-20260819-O1-Q0009,CMCR-Q0009,蝉妈妈创意大师是什么，主要能生成哪些电商素材？,品牌产品问题,抖音,other,https://iesdouyin.com/share/video/7604787181118483060,iesdouyin.com,2
CMCR-CIT-A4EF12530AB57317D9E39C71,CMCR-CMP-20260819-O1-Q0009,CMCR-Q0009,蝉妈妈创意大师是什么，主要能生成哪些电商素材？,品牌产品问题,抖音,other,https://iesdouyin.com/share/video/7651881851947288454,iesdouyin.com,1
CMCR-CIT-DA711B81CE6956461B032444,CMCR-CMP-20260819-O1-Q0009,CMCR-Q0009,蝉妈妈创意大师是什么，主要能生成哪些电商素材？,品牌产品问题,抖音,other,https://iesdouyin.com/share/video/7652196197238883178,iesdouyin.com,1
CMCR-CIT-8F22B8A84E3A4AC6C822BEE3,CMCR-CMP-20260819-O1-Q0009,CMCR-Q0009,蝉妈妈创意大师是什么，主要能生成哪些电商素材？,品牌产品问题,搜狐,media,https://m.sohu.com/a/1005042568_122634602,m.sohu.com,1
CMCR-CIT-1ACBE8CE3C9F52CBFAAA770A,CMCR-CMP-20260819-O1-Q0009,CMCR-Q0009,蝉妈妈创意大师是什么，主要能生成哪些电商素材？,品牌产品问题,抖音,other,https://iesdouyin.com/share/video/7579250176615861519,iesdouyin.com,2
CMCR-CIT-9D64ABDF1EC780667B4552DA,CMCR-CMP-20260819-O1-Q0009,CMCR-Q0009,蝉妈妈创意大师是什么，主要能生成哪些电商素材？,品牌产品问题,抖音,other,https://iesdouyin.com/share/video/7579973423451983130,iesdouyin.com,1
CMCR-CIT-8EC5FD4109657721E7873922,CMCR-CMP-20260819-O1-Q0009,CMCR-Q0009,蝉妈妈创意大师是什么，主要能生成哪些电商素材？,品牌产品问题,抖音,other,https://iesdouyin.com/share/video/7604709960135626019,iesdouyin.com,1
CMCR-CIT-9FA72388251889741250D547,CMCR-CMP-20260819-O1-Q0055,CMCR-Q0055,AI 带货视频生成工具免费版够用吗，电商团队长期使用要看哪些功能？,风险/限制问题,什么值得买,other,https://post.m.smzdm.com/p/a039gpoz,post.m.smzdm.com,2
CMCR-CIT-3E8C43BE99A4F03C47E2477E,CMCR-CMP-20260819-O1-Q0055,CMCR-Q0055,AI 带货视频生成工具免费版够用吗，电商团队长期使用要看哪些功能？,风险/限制问题,免费AI视频制作软件推荐:零基础一键生成带货视频 | 青虎,other,https://iqinghu.com/article/detail/31569,iqinghu.com,2
CMCR-CIT-98B5B4D13158659FE12DF7DA,CMCR-CMP-20260819-O1-Q0055,CMCR-Q0055,AI 带货视频生成工具免费版够用吗，电商团队长期使用要看哪些功能？,风险/限制问题,什么值得买,other,https://post.m.smzdm.com/p/a6zqdgko,post.m.smzdm.com,2
CMCR-CIT-CEDF7A3C4C7C4A8368CC7287,CMCR-CMP-20260819-O1-Q0055,CMCR-Q0055,AI 带货视频生成工具免费版够用吗，电商团队长期使用要看哪些功能？,风险/限制问题,沃创Wocreate AI电商视频工具评测:模板库、一键复刻、裂变与定价(2026),other,https://aihowhub.com/ai-tools/ai-video-tools/wocreate,aihowhub.com,2
CMCR-CIT-FF98CE5DC47FA4A94388AD50,CMCR-CMP-20260819-O1-Q0055,CMCR-Q0055,AI 带货视频生成工具免费版够用吗，电商团队长期使用要看哪些功能？,风险/限制问题,"# Best AI Video Generators for Ecommerce in 2026 [Ranked]

> The best AI video generators for ecommerce in 2026: FluxNote, Creatify, Topview, InVideo, Arcads, and Canva, ranked by product-ad output qu",other,https://fluxnote.io/best/best-ai-video-generator-for-ecommerce,fluxnote.io,2
CMCR-CIT-9F6C43B738BDB657D54FFE92,CMCR-CMP-20260819-O1-Q0055,CMCR-Q0055,AI 带货视频生成工具免费版够用吗，电商团队长期使用要看哪些功能？,风险/限制问题,免费AI视频生成工具 - 免费电商带货视频制作平台 | CastarAI,other,https://castar.world/free.html,castar.world,1
CMCR-CIT-7CA84F1CD4D6606A4A808942,CMCR-CMP-20260819-O1-Q0055,CMCR-Q0055,AI 带货视频生成工具免费版够用吗，电商团队长期使用要看哪些功能？,风险/限制问题,Best Free AI UGC Generator for E-Commerce 2026,other,https://videoai.me/blog/best-free-ai-ugc-generator-for-ecommerce-2026,videoai.me,1
CMCR-CIT-C85FBE578E83AE6DE0A0A360,CMCR-CMP-20260819-O1-Q0055,CMCR-Q0055,AI 带货视频生成工具免费版够用吗，电商团队长期使用要看哪些功能？,风险/限制问题,禅境AI-专业网商短视频数字人工具|酷创AI,other,https://kuchuangai.com/gongju/shipin/43.html,kuchuangai.com,1
CMCR-CIT-F9179116F8EE6F913AEEDEA1,CMCR-CMP-20260819-O1-Q0055,CMCR-Q0055,AI 带货视频生成工具免费版够用吗，电商团队长期使用要看哪些功能？,风险/限制问题,Best AI Tools for Ecommerce Product Videos in 2026,other,https://wireflow.ai/blog/best-ai-tools-for-ecommerce-product-videos-in-2026,wireflow.ai,1
CMCR-CIT-C88F3141B8CA0D28E211BE77,CMCR-CMP-20260819-O1-Q0055,CMCR-Q0055,AI 带货视频生成工具免费版够用吗，电商团队长期使用要看哪些功能？,风险/限制问题,AI-Powered Ad Creative Tools for E-commerce Advertising,other,https://tapflare.com/articles/en/pdfs/ai-ad-creative-tools-ecommerce.pdf,tapflare.com,1
CMCR-CIT-EFAF860411982267EC27EFBE,CMCR-CMP-20260819-O1-Q0055,CMCR-Q0055,AI 带货视频生成工具免费版够用吗，电商团队长期使用要看哪些功能？,风险/限制问题,小云AI - 企业级 AI 视频生成平台 | 从脚本到成片，一次生成,other,https://xiaoyun.com/,xiaoyun.com,1
CMCR-CIT-4F0F0C44214E9F927C77C7DB,CMCR-CMP-20260819-O1-Q0055,CMCR-Q0055,AI 带货视频生成工具免费版够用吗，电商团队长期使用要看哪些功能？,风险/限制问题,sora2pro版创意视频AI - 互站网,other,https://huzhan.com/code/goods483289.html,huzhan.com,1
CMCR-CIT-4C190471D1A1B0BCD99FBBD1,CMCR-CMP-20260819-O1-Q0055,CMCR-Q0055,AI 带货视频生成工具免费版够用吗，电商团队长期使用要看哪些功能？,风险/限制问题,AI产品视频生成器 | 创建电商产品展示视频 | VO3 AI,other,https://vo3ai.com/zh/ai-product-video-generator,vo3ai.com,1
CMCR-CIT-5AF88AC9590B63664918D7A5,CMCR-CMP-20260819-O1-Q0057,CMCR-Q0057,图片生成带货视频哪个软件好，电商团队怎么判断效果？,案例/效果问题,Best AI video generators for ecommerce in 2026: 7 picks,other,https://omniart.studio/blog/articles-tips/best-ai-video-generators-ecommerce-2026,omniart.studio,1
CMCR-CIT-A951293722E4B6BC25ED3B86,CMCR-CMP-20260819-O1-Q0057,CMCR-Q0057,图片生成带货视频哪个软件好，电商团队怎么判断效果？,案例/效果问题,什么值得买,other,https://post.m.smzdm.com/p/a030rz7z,post.m.smzdm.com,1
CMCR-CIT-19B6188FD573A91FFB550E92,CMCR-CMP-20260819-O1-Q0057,CMCR-Q0057,图片生成带货视频哪个软件好，电商团队怎么判断效果？,案例/效果问题,搜狐,media,https://m.sohu.com/a/1049622543_120317870,m.sohu.com,1
CMCR-CIT-F05C258183A014AD0ACA7CE4,CMCR-CMP-20260819-O1-Q0057,CMCR-Q0057,图片生成带货视频哪个软件好，电商团队怎么判断效果？,案例/效果问题,Top 8 AI Video Tools for Ecommerce Brands (2026),other,https://videowise.com/blog/ai-video-tools-ecommerce,videowise.com,1
CMCR-CIT-056F23766115D3E41801AB61,CMCR-CMP-20260819-O1-Q0057,CMCR-Q0057,图片生成带货视频哪个软件好，电商团队怎么判断效果？,案例/效果问题,Top 10 Best AI Ecommerce Product Video Generator of 2026,other,https://rawshot.ai/best/ai-ecommerce-product-video-generator,rawshot.ai,1
CMCR-CIT-EDCCA3251A8E41717A6CBF59,CMCR-CMP-20260819-O1-Q0057,CMCR-Q0057,图片生成带货视频哪个软件好，电商团队怎么判断效果？,案例/效果问题,The Definitive Guide to AI Ad Generation in 2026,other,https://getkoro.app/blog/koro-best-ai-ad-generator,getkoro.app,1
CMCR-CIT-48AE8D88EBDD955C84D3369E,CMCR-CMP-20260819-O1-Q0057,CMCR-Q0057,图片生成带货视频哪个软件好，电商团队怎么判断效果？,案例/效果问题,10 Best AI Video Generation Tools in 2026,other,https://blend-api.com/blog/best-ai-video-generation-tools-2026,blend-api.com,1
CMCR-CIT-CD09944C2920D825E45E4F59,CMCR-CMP-20260819-O1-Q0057,CMCR-Q0057,图片生成带货视频哪个软件好，电商团队怎么判断效果？,案例/效果问题,Best AI Tools for Ecommerce Product Videos in 2026,other,https://wireflow.ai/blog/best-ai-tools-for-ecommerce-product-videos-in-2026,wireflow.ai,1
CMCR-CIT-2D50B47A03834592DFE2F6FC,CMCR-CMP-20260819-O1-Q0057,CMCR-Q0057,图片生成带货视频哪个软件好，电商团队怎么判断效果？,案例/效果问题,Best AI Product Video Generators for Ecommerce Compared (2026),other,https://shotova.com/blog/best-ai-product-video-generators,shotova.com,1
CMCR-CIT-FD1BF5671FE4EB7DC10679AD,CMCR-CMP-20260819-O1-Q0057,CMCR-Q0057,图片生成带货视频哪个软件好，电商团队怎么判断效果？,案例/效果问题,AI Product Video Generator: Best Tools for Ecom Brands in 2026,other,https://avocadoai.co/blog/listicle/ai-product-video-generator-2026,avocadoai.co,1
CMCR-CIT-427BADEDA5BCDACBACD0033F,CMCR-CMP-20260819-O1-Q0057,CMCR-Q0057,图片生成带货视频哪个软件好，电商团队怎么判断效果？,案例/效果问题,什么值得买,other,https://post.m.smzdm.com/p/ae6p2zdk,post.m.smzdm.com,1
CMCR-CIT-B38E578EEB6AF39E40513C41,CMCR-CMP-20260819-O1-Q0057,CMCR-Q0057,图片生成带货视频哪个软件好，电商团队怎么判断效果？,案例/效果问题,Video Commerce ROI: The Complete Measurement Guide,other,https://videowise.com/blog/video-commerce-roi-complete-guide,videowise.com,1
CMCR-CIT-487B4E73958BF562000FB8D0,CMCR-CMP-20260819-O1-Q0057,CMCR-Q0057,图片生成带货视频哪个软件好，电商团队怎么判断效果？,案例/效果问题,顺企网,other,https://m.11467.com/product/d52129627.htm,m.11467.com,1
CMCR-CIT-218398179DF037357D47C2B2,CMCR-CMP-20260819-O1-Q0057,CMCR-Q0057,图片生成带货视频哪个软件好，电商团队怎么判断效果？,案例/效果问题,抖音,other,https://iesdouyin.com/share/video/7660779169324205169,iesdouyin.com,1
CMCR-CIT-B6AE8B5633FFDD411F9310D2,CMCR-CMP-20260819-O1-Q0057,CMCR-Q0057,图片生成带货视频哪个软件好，电商团队怎么判断效果？,案例/效果问题,抖音,other,https://iesdouyin.com/share/video/7664121763953129188,iesdouyin.com,1
CMCR-CIT-18AF4E418688941FA90ED04D,CMCR-CMP-20260819-O1-Q0057,CMCR-Q0057,图片生成带货视频哪个软件好，电商团队怎么判断效果？,案例/效果问题,电商内容营销ROI怎么算清楚?实在Agent比人工便宜方案 - 实在智能,other,https://ai-indeed.com/encyclopedia/18869.html,ai-indeed.com,1
CMCR-CIT-6717717D4B4114A3E13864E5,CMCR-CMP-20260819-O1-Q0057,CMCR-Q0057,图片生成带货视频哪个软件好，电商团队怎么判断效果？,案例/效果问题,5 Metrics to Track Shoppable Video Success,other,https://fractalapps.dev/blog/metrics-track-shoppable-video-success,fractalapps.dev,1
CMCR-CIT-2553CB90EEB9BC20C2B17B9C,CMCR-CMP-20260819-O1-Q0057,CMCR-Q0057,图片生成带货视频哪个软件好，电商团队怎么判断效果？,案例/效果问题,图生视频 - AI 图片转视频教程 | 万兴喵影用户指南-万兴喵影,other,https://miao.wondershare.cn/guide/image-to-video.html,miao.wondershare.cn,1
CMCR-CIT-C9A6E012BD4EB7EC19CB46C2,CMCR-CMP-20260819-O1-Q0057,CMCR-Q0057,图片生成带货视频哪个软件好，电商团队怎么判断效果？,案例/效果问题,CSDN博客,other,https://blog.csdn.net/m0_73190071/article/details/162006346,blog.csdn.net,1
CMCR-CIT-948ED89753FDA29228DF0598,CMCR-CMP-20260819-O1-Q0057,CMCR-Q0057,图片生成带货视频哪个软件好，电商团队怎么判断效果？,案例/效果问题,抖音,other,https://iesdouyin.com/share/video/7648964817089376869,iesdouyin.com,1
CMCR-CIT-5DC55424EB9E1A85DB52E99B,CMCR-CMP-20260819-O1-Q0057,CMCR-Q0057,图片生成带货视频哪个软件好，电商团队怎么判断效果？,案例/效果问题,aiproducthub.cn,other,https://aiproducthub.cn/dreamina-ai-complete-review-guide-2025,aiproducthub.cn,1
CMCR-CIT-1D91DABF5D95AC8FD639A91E,CMCR-CMP-20260819-O1-Q0057,CMCR-Q0057,图片生成带货视频哪个软件好，电商团队怎么判断效果？,案例/效果问题,国内14款图生视频AI工具推荐|短视频创作与电商营销必备神器 | AI工具箱,other,https://ai-bio.cn/ai-video-from-image-tools,ai-bio.cn,1
CMCR-CIT-0C548A8B8B66CF5211511CF5,CMCR-CMP-20260819-O1-Q0067,CMCR-Q0067,AI 视频复刻带货素材会不会同质化？,风险/限制问题,用AI做TikTok内容能做吗?用AI做TikTok内容解析思路!-出海问答-出海网,other,https://chwang.com/ask/207186285985,chwang.com,1
CMCR-CIT-5EFF27821A59A0B13B007ED5,CMCR-CMP-20260819-O1-Q0067,CMCR-Q0067,AI 视频复刻带货素材会不会同质化？,风险/限制问题,TikTok 爆款视频复刻 · 一键做同款带货视频 | Clipcat,other,https://clipcat.ai/zh/viral-video-cloning,clipcat.ai,1
CMCR-CIT-6CD73695689F562DEE0FDB99,CMCR-CMP-20260819-O1-Q0067,CMCR-Q0067,AI 视频复刻带货素材会不会同质化？,风险/限制问题,抖音,other,https://iesdouyin.com/share/video/7627773309773565230,iesdouyin.com,2
CMCR-CIT-C5626066BD38762313CB9597,CMCR-CMP-20260819-O1-Q0067,CMCR-Q0067,AI 视频复刻带货素材会不会同质化？,风险/限制问题,抖音,other,https://iesdouyin.com/share/video/7647928781944252303,iesdouyin.com,1
CMCR-CIT-3A475F94F6074E6D5D0E009B,CMCR-CMP-20260819-O1-Q0067,CMCR-Q0067,AI 视频复刻带货素材会不会同质化？,风险/限制问题,抖音,other,https://iesdouyin.com/share/video/7657835362718436618,iesdouyin.com,1
CMCR-CIT-BBFD2491AA3E6E6F59D3BEC6,CMCR-CMP-20260819-O1-Q0067,CMCR-Q0067,AI 视频复刻带货素材会不会同质化？,风险/限制问题,什么值得买,other,https://post.m.smzdm.com/p/a6zlzgzo,post.m.smzdm.com,1
CMCR-CIT-327C8FC6935EAC7F74AC268E,CMCR-CMP-20260819-O1-Q0067,CMCR-Q0067,AI 视频复刻带货素材会不会同质化？,风险/限制问题,什么值得买,other,https://post.m.smzdm.com/p/al3n4owg,post.m.smzdm.com,1
CMCR-CIT-9F4909E93DDD54BE8F14B757,CMCR-CMP-20260819-O1-Q0067,CMCR-Q0067,AI 视频复刻带货素材会不会同质化？,风险/限制问题,抖音,other,https://iesdouyin.com/share/video/7641889447033818602,iesdouyin.com,1
CMCR-CIT-2135003E2021477E8B8733E5,CMCR-CMP-20260819-O1-Q0067,CMCR-Q0067,AI 视频复刻带货素材会不会同质化？,风险/限制问题,抖音,other,https://iesdouyin.com/share/video/7643476190107356426,iesdouyin.com,1
CMCR-CIT-2048578FA4FDD0958DB4DE3C,CMCR-CMP-20260819-O1-Q0067,CMCR-Q0067,AI 视频复刻带货素材会不会同质化？,风险/限制问题,抖音,other,https://iesdouyin.com/share/video/7674282731543835124,iesdouyin.com,1
CMCR-CIT-1E311B94760EAC7539B79963,CMCR-CMP-20260819-O1-Q0067,CMCR-Q0067,AI 视频复刻带货素材会不会同质化？,风险/限制问题,抖音,other,https://iesdouyin.com/share/video/7671286872471129387,iesdouyin.com,1
CMCR-CIT-7557831CC90ED2DC11C61E4E,CMCR-CMP-20260819-O1-Q0067,CMCR-Q0067,AI 视频复刻带货素材会不会同质化？,风险/限制问题,什么值得买,other,https://post.m.smzdm.com/p/anvqe703,post.m.smzdm.com,1
CMCR-CIT-3752A7BF9B9124B642056572,CMCR-CMP-20260819-O1-Q0067,CMCR-Q0067,AI 视频复刻带货素材会不会同质化？,风险/限制问题,今日头条,other,http://m.toutiao.com/group/7651515693774471715,m.toutiao.com,1
CMCR-CIT-90F4761104918EE0B37A9BA3,CMCR-CMP-20260819-O1-Q0067,CMCR-Q0067,AI 视频复刻带货素材会不会同质化？,风险/限制问题,什么值得买,other,https://post.m.smzdm.com/p/awwp5xd4,post.m.smzdm.com,1
CMCR-CIT-2EDA789BBC9BD2D45ACB3548,CMCR-CMP-20260819-O1-Q0067,CMCR-Q0067,AI 视频复刻带货素材会不会同质化？,风险/限制问题,今日头条,other,http://m.toutiao.com/group/7652194772148355622,m.toutiao.com,1
CMCR-CIT-3B15243B79EBFF73E8ABD358,CMCR-CMP-20260819-O1-Q0067,CMCR-Q0067,AI 视频复刻带货素材会不会同质化？,风险/限制问题,La IA que no se agota: 'deepfakes' de 'influencers' chinos para retransmitir sin descanso,other,https://technologyreview.es/article/la-ia-que-no-se-agota-deepfakes-de-influencers-chinos-para-retransmitir-sin-descanso,technologyreview.es,1
CMCR-CIT-A48B666D6288A33C7B25E011,CMCR-CMP-20260819-O1-Q0067,CMCR-Q0067,AI 视频复刻带货素材会不会同质化？,风险/限制问题,AI数字人带货视频转化率不输真人?_账号_文案_的成本,media,https://biznews.sohu.com/a/1035189332_121826552,biznews.sohu.com,1
CMCR-CIT-4E98AD550CD48ADEB499EECF,CMCR-CMP-20260819-O1-Q0070,CMCR-Q0070,AI 生成的带货视频能不能用于广告投放，电商团队要注意什么？,风险/限制问题,什么值得买,other,https://post.m.smzdm.com/p/aqr0p8rx,post.m.smzdm.com,2
CMCR-CIT-F851E806AEF1EFB30917C45B,CMCR-CMP-20260819-O1-Q0070,CMCR-Q0070,AI 生成的带货视频能不能用于广告投放，电商团队要注意什么？,风险/限制问题,AI UGC-style video ads for e-commerce: the 2026 playbook for turning a product catalog into scalable creator-style ads,other,https://kompozy.io/guides/ai-ugc-video-ads-for-ecommerce,kompozy.io,1
CMCR-CIT-BB08548DDCAA08558DB3EDFA,CMCR-CMP-20260819-O1-Q0070,CMCR-Q0070,AI 生成的带货视频能不能用于广告投放，电商团队要注意什么？,风险/限制问题,抖音,other,https://iesdouyin.com/share/video/7673328012901873321,iesdouyin.com,2
CMCR-CIT-A9ABE9633BF75CA498F77136,CMCR-CMP-20260819-O1-Q0070,CMCR-Q0070,AI 生成的带货视频能不能用于广告投放，电商团队要注意什么？,风险/限制问题,抖音,other,https://iesdouyin.com/share/video/7664163306798591081,iesdouyin.com,1
CMCR-CIT-39B13350C9168000C1829F48,CMCR-CMP-20260819-O1-Q0070,CMCR-Q0070,AI 生成的带货视频能不能用于广告投放，电商团队要注意什么？,风险/限制问题,抖音,other,https://iesdouyin.com/share/video/7654773848256089390,iesdouyin.com,1
CMCR-CIT-4E24C4775E9F9A29AE8714C3,CMCR-CMP-20260819-O1-Q0070,CMCR-Q0070,AI 生成的带货视频能不能用于广告投放，电商团队要注意什么？,风险/限制问题,投放素材被拒 = 烧钱:2026 互联网广告新规 6 条逐字拆解 + 案例 - ByeRisk 博客,other,https://byerisk.com/blog/ad-placement-rejection-2026-6-rules-deep-dive,byerisk.com,1
CMCR-CIT-4406EDE95DF2500CF55835A8,CMCR-CMP-20260819-O1-Q0070,CMCR-Q0070,AI 生成的带货视频能不能用于广告投放，电商团队要注意什么？,风险/限制问题,投放审核-巨量星图侧违规案例参考【千川】-星图营销服务平台,competitor,https://xingtu.cn/help-center/demander/132165,xingtu.cn,1
CMCR-CIT-4AA48B4BECDED4B7DF15E5B4,CMCR-CMP-20260819-O1-Q0070,CMCR-Q0070,AI 生成的带货视频能不能用于广告投放，电商团队要注意什么？,风险/限制问题,原创力文档,other,https://m.book118.com/try_down/146054142204010201.pdf,m.book118.com,1
CMCR-CIT-3778BE2B9E00EB3EEB76AA09,CMCR-CMP-20260819-O1-Q0070,CMCR-Q0070,AI 生成的带货视频能不能用于广告投放，电商团队要注意什么？,风险/限制问题,抖音,other,https://iesdouyin.com/share/video/7634451222358936870,iesdouyin.com,1
CMCR-CIT-52E49D8CBC608DF5BD0D9A57,CMCR-CMP-20260819-O1-Q0070,CMCR-Q0070,AI 生成的带货视频能不能用于广告投放，电商团队要注意什么？,风险/限制问题,抖音短视频内容制作规范& 优质内容制作建议-星图营销服务平台,competitor,https://xingtu.cn/help-center/mcn/109213,xingtu.cn,1
CMCR-CIT-296676D190D8E9C5CF10DC17,CMCR-CMP-20260819-O1-Q0070,CMCR-Q0070,AI 生成的带货视频能不能用于广告投放，电商团队要注意什么？,风险/限制问题,搜狐,media,https://m.sohu.com/a/1062909173_121106842,m.sohu.com,1
CMCR-CIT-81DDCD9C30616D536FBD14A6,CMCR-CMP-20260819-O1-Q0070,CMCR-Q0070,AI 生成的带货视频能不能用于广告投放，电商团队要注意什么？,风险/限制问题,人民锐评:“内容由AI生成”不是“免责盾牌”--观点--人民网,other,http://opinion-app.people.cn/n1/2026/0807/c436867-40775807.html,opinion-app.people.cn,1
CMCR-CIT-6AE9BA09E12243EF5862B6B1,CMCR-CMP-20260819-O1-Q0070,CMCR-Q0070,AI 生成的带货视频能不能用于广告投放，电商团队要注意什么？,风险/限制问题,抖音,other,https://iesdouyin.com/share/video/7617499095645435496,iesdouyin.com,1
CMCR-CIT-989CEE4B9466911E71777A65,CMCR-CMP-20260819-O1-Q0070,CMCR-Q0070,AI 生成的带货视频能不能用于广告投放，电商团队要注意什么？,风险/限制问题,法律规制与技术治理的双重视角下探究生成式AI在电商中的应用风险,other,https://pdf.hanspub.org/ecl2025144_3162313740.pdf,pdf.hanspub.org,1
CMCR-CIT-FA566411979969C8ED87A8D0,CMCR-CMP-20260819-O1-Q0070,CMCR-Q0070,AI 生成的带货视频能不能用于广告投放，电商团队要注意什么？,风险/限制问题,中国经济网,other,http://ce.cn/cysc/zljd/gd/202607/t20260714_3085755.shtml,ce.cn,1
CMCR-CIT-B3D14B2F31112AC58DB1E95E,CMCR-CMP-20260819-O1-Q0070,CMCR-Q0070,AI 生成的带货视频能不能用于广告投放，电商团队要注意什么？,风险/限制问题,新华网,other,https://news.cn/20260320/ab6ff45d40ec47eeb8ba0b50916b59e1/c.html,news.cn,1
CMCR-CIT-A83478FDC54FD90E8E158072,CMCR-CMP-20260819-O1-Q0070,CMCR-Q0070,AI 生成的带货视频能不能用于广告投放，电商团队要注意什么？,风险/限制问题,焦点访谈|真假难辨 警惕AI带货“李鬼”!_新闻频道_央视网(cctv.com),other,http://big5.cctv.com/gate/big5/news.cctv.com/2025/10/11/ARTI477vlunzQ0Nx12LMaWcQ251011.shtml,big5.cctv.com,1
CMCR-CIT-4A79C5266FD65C041FA7D40A,CMCR-CMP-20260819-O1-Q0070,CMCR-Q0070,AI 生成的带货视频能不能用于广告投放，电商团队要注意什么？,风险/限制问题,员工用AI做了条宣传视频，公司被诉侵权?这5个风险你可能没想到丨贝斯哲 - 贝斯哲 贝斯哲,other,https://bestchoiceco.com/107665/.html,bestchoiceco.com,1
CMCR-CIT-5117BAD989D9FA60E07D0143,CMCR-CMP-20260819-O1-Q0070,CMCR-Q0070,AI 生成的带货视频能不能用于广告投放，电商团队要注意什么？,风险/限制问题,AI视频生成的内容能投广告吗，ai视频广告合规性 - 酷番云知识库,other,https://kufanyun.com/ask/580004.html,kufanyun.com,1
CMCR-CIT-7AE8DD58858B8B72142ABCF4,CMCR-CMP-20260819-O1-Q0070,CMCR-Q0070,AI 生成的带货视频能不能用于广告投放，电商团队要注意什么？,风险/限制问题,抖音,other,https://iesdouyin.com/share/video/7561724673379061051,iesdouyin.com,1
CMCR-CIT-753697A3EF206299514C4F2D,CMCR-CMP-20260819-O1-Q0070,CMCR-Q0070,AI 生成的带货视频能不能用于广告投放，电商团队要注意什么？,风险/限制问题,海南规范人工智能生成式广告发布_央广网,other,https://cnr.cn/hn/hksbs/20260615/t20260615_527661811.shtml,cnr.cn,1
CMCR-CIT-2780AE11DE172FB34E329ED0,CMCR-CMP-20260819-O1-Q0070,CMCR-Q0070,AI 生成的带货视频能不能用于广告投放，电商团队要注意什么？,风险/限制问题,今日头条,other,http://m.toutiao.com/group/7667180594887115287,m.toutiao.com,1
CMCR-CIT-540997C60A7A9CCED4B95DDA,CMCR-CMP-20260819-O1-Q0073,CMCR-Q0073,视频复刻是什么意思，适合用来做电商素材吗？,业务场景问题,电商爆款视频不用拍:AI视频复刻一句话搞定-美图设计室官网,other,https://designkit.cn/article/aishipin-daihuoshipin,designkit.cn,2
CMCR-CIT-2DE687D443DBFE74FB2A893F,CMCR-CMP-20260819-O1-Q0073,CMCR-Q0073,视频复刻是什么意思，适合用来做电商素材吗？,业务场景问题,AI 视频复刻 & 视频元素替换 | 录咖,other,https://reccloud.cn/ai-video-remaker,reccloud.cn,1
CMCR-CIT-C8CB7F7283DAE4292AB56F4A,CMCR-CMP-20260819-O1-Q0073,CMCR-Q0073,视频复刻是什么意思，适合用来做电商素材吗？,业务场景问题,抖音,other,https://iesdouyin.com/share/video/7586717382085840162,iesdouyin.com,1
CMCR-CIT-AFD0ADAC8D2A3A6388C85FB0,CMCR-CMP-20260819-O1-Q0073,CMCR-Q0073,视频复刻是什么意思，适合用来做电商素材吗？,业务场景问题,抖音,other,https://iesdouyin.com/share/video/7672708714024930600,iesdouyin.com,2
CMCR-CIT-E37764341676A4AE626A2C57,CMCR-CMP-20260819-O1-Q0073,CMCR-Q0073,视频复刻是什么意思，适合用来做电商素材吗？,业务场景问题,抖音,other,https://iesdouyin.com/share/video/7588812939600979377,iesdouyin.com,1
CMCR-CIT-F93E048B68A7D77235882E23,CMCR-CMP-20260819-O1-Q0073,CMCR-Q0073,视频复刻是什么意思，适合用来做电商素材吗？,业务场景问题,CSDN博客,other,https://blog.csdn.net/2501_94274536/article/details/162924529,blog.csdn.net,2
CMCR-CIT-B5FAE2378F6BF6E912A9641E,CMCR-CMP-20260819-O1-Q0073,CMCR-Q0073,视频复刻是什么意思，适合用来做电商素材吗？,业务场景问题,爆款视频能不能模仿?模仿和搬运的界线在这三条 - 海螺社博客,other,https://hailuoshe.com/blog/can-you-copy-viral-videos,hailuoshe.com,1
CMCR-CIT-14E454CA7F3D0CCFAD421C7E,CMCR-CMP-20260819-O1-Q0073,CMCR-Q0073,视频复刻是什么意思，适合用来做电商素材吗？,业务场景问题,抖音电商,platform_official,https://school.jinritemai.com/doudian/web/article/aJgesJDXZCkP,school.jinritemai.com,1
CMCR-CIT-7AF01E7C3E277F28F13A0033,CMCR-CMP-20260819-O1-Q0073,CMCR-Q0073,视频复刻是什么意思，适合用来做电商素材吗？,业务场景问题,抖音,other,https://iesdouyin.com/share/video/7672411744244993326,iesdouyin.com,1
CMCR-CIT-CCDA65FF671AB0230B9E1060,CMCR-CMP-20260819-O1-Q0073,CMCR-Q0073,视频复刻是什么意思，适合用来做电商素材吗？,业务场景问题,原创带货短视频，到底能不能随意照搬使用?-中国法院网,other,https://chinacourt.cn/article/detail/2026/06/id/9350747.shtml,chinacourt.cn,1
CMCR-CIT-7BB7022FE146BF17FDA1F8BF,CMCR-CMP-20260819-O1-Q0073,CMCR-Q0073,视频复刻是什么意思，适合用来做电商素材吗？,业务场景问题,商家复刻同行爆款短视频可以用哪些 AI 工具?-在线订票-互动吧,other,https://party.hudongba.com/party/y5o57.html,party.hudongba.com,1
CMCR-CIT-FDB9E6925D9E83DD8BEF6409,CMCR-CMP-20260819-O1-Q0073,CMCR-Q0073,视频复刻是什么意思，适合用来做电商素材吗？,业务场景问题,搜狐,media,https://m.sohu.com/a/1044383019_122649014,m.sohu.com,1
CMCR-CIT-9ADCE694E5524BABA403E279,CMCR-CMP-20260819-O1-Q0073,CMCR-Q0073,视频复刻是什么意思，适合用来做电商素材吗？,业务场景问题,抖音,other,https://iesdouyin.com/share/video/7650413585356573967,iesdouyin.com,1
CMCR-CIT-6795BDE10ADB18AEC780EFD9,CMCR-CMP-20260819-O1-Q0073,CMCR-Q0073,视频复刻是什么意思，适合用来做电商素材吗？,业务场景问题,TikTok照搬爆款视频却零播放怎么回事?TikTok复刻竞品素材不出单核心根源推荐!-出海问答-出海网,other,https://chwang.com/ask/207548964804,chwang.com,1
CMCR-CIT-970DA985DA0B04173B156B75,CMCR-CMP-20260819-O1-Q0073,CMCR-Q0073,视频复刻是什么意思，适合用来做电商素材吗？,业务场景问题,抖音,other,https://iesdouyin.com/share/video/7662163789336539385,iesdouyin.com,1
CMCR-CIT-9A134F79C7B38C4EEA0B88D2,CMCR-CMP-20260819-O1-Q0079,CMCR-Q0079,电商广告素材怎么打标签，后续才方便复用？,业务场景问题,海量电商素材分类归档用 AI 怎么做?三步搭建智能工作流 - 实在智能,other,https://ai-indeed.com/encyclopedia/22943.html,ai-indeed.com,2
CMCR-CIT-0BE1C480C6CB97B5A63C05B0,CMCR-CMP-20260819-O1-Q0079,CMCR-Q0079,电商广告素材怎么打标签，后续才方便复用？,业务场景问题,跨境电商视频素材库搭建与素材标签方法 - 深圳世纪一度影视传媒有限公司,other,http://m.onesmovies.com/sys-nd/687.html,m.onesmovies.com,2
CMCR-CIT-71AAD284D021A40405EC68D3,CMCR-CMP-20260819-O1-Q0079,CMCR-Q0079,电商广告素材怎么打标签，后续才方便复用？,业务场景问题,Custom Labels and Internal Label: Guide for Smarter Ad Campaigns,other,https://optifeed.com/blog/custom-labels-and-internal-label,optifeed.com,1
CMCR-CIT-C6EBD84D29E44508F825E50F,CMCR-CMP-20260819-O1-Q0079,CMCR-Q0079,电商广告素材怎么打标签，后续才方便复用？,业务场景问题,How Brands Should Tag Ads and Campaign Creatives: Lessons from This Week’s Standout Campaigns,other,https://tags.top/how-brands-should-tag-ads-and-campaign-creatives-lessons-fro,tags.top,1
CMCR-CIT-E5BCF4464401305AB5045B01,CMCR-CMP-20260819-O1-Q0079,CMCR-Q0079,电商广告素材怎么打标签，后续才方便复用？,业务场景问题,How to Tag Ad Creatives Automatically in 2026,other,https://segwise.ai/blog/how-to-tag-ad-creatives-automatically,segwise.ai,1
CMCR-CIT-09B9A463EDFA7A067DA3FEE0,CMCR-CMP-20260819-O1-Q0079,CMCR-Q0079,电商广告素材怎么打标签，后续才方便复用？,业务场景问题,Tagging Ad Inspiration Is a Competitive Advantage.,other,https://dailyintelservice.com/blog/traffic-source-intelligence/tagging-ad-inspiration-is-a-competitive-advantage,dailyintelservice.com,1
CMCR-CIT-02A725672FAE2AA419BA283C,CMCR-CMP-20260819-O1-Q0079,CMCR-Q0079,电商广告素材怎么打标签，后续才方便复用？,业务场景问题,图片素材标签如何写更精准——场景化标注提升搜索效率--喵闪,other,https://miao333.com/articles/how-to-write-precise-image-tags,miao333.com,1
CMCR-CIT-A653979AA46B1C6F921ED282,CMCR-CMP-20260819-O1-Q0079,CMCR-Q0079,电商广告素材怎么打标签，后续才方便复用？,业务场景问题,抖音,other,https://iesdouyin.com/share/video/7673801946855165247,iesdouyin.com,1
CMCR-CIT-F48A76848B708F53E4D041A1,CMCR-CMP-20260819-O1-Q0079,CMCR-Q0079,电商广告素材怎么打标签，后续才方便复用？,业务场景问题,电商广告图素材风格趋势与选图指南--喵闪,other,https://miao333.com/articles/ecommerce-ad-image-style-trends-guide,miao333.com,1
CMCR-CIT-450B486226910381AE737D1C,CMCR-CMP-20260819-O1-Q0079,CMCR-Q0079,电商广告素材怎么打标签，后续才方便复用？,业务场景问题,稀土掘金,other,https://juejin.cn/post/7576907627018092595,juejin.cn,1
CMCR-CIT-93A6C7CB7FE40BFA0A0C43F4,CMCR-CMP-20260819-O1-Q0079,CMCR-Q0079,电商广告素材怎么打标签，后续才方便复用？,业务场景问题,抖音电商,platform_official,https://school.jinritemai.com/doudian/wap/course-series/cJZHjLnhaLyw/cJZHjLnhaLywlJZJUawr95yC?from=douyin_shop_detail&from_school=1&should_full_screen=1&should_hide_bottom_nav=1,school.jinritemai.com,1
CMCR-CIT-59FD8F4DCF908FEE5F80C527,CMCR-CMP-20260819-O1-Q0079,CMCR-Q0079,电商广告素材怎么打标签，后续才方便复用？,业务场景问题,爆款标签视频模板素材免费下载-爆款标签AE模板-千图网,other,https://58pic.com/tupian-shipin/baokuanbiaoqian.html,58pic.com,1
CMCR-CIT-398FF1FE4A45AA39F04E1455,CMCR-CMP-20260819-O1-Q0079,CMCR-Q0079,电商广告素材怎么打标签，后续才方便复用？,业务场景问题,电商优秀素材解析,other,http://27252439.s21d.faiusrd.com/0/ABUIABA9GAAgp_C0iAYo6anPkwU.pdf?f=%E7%94%B5%E5%95%86%E8%A1%8C%E4%B8%9A%E7%B4%A0%E6%9D%90.pdf&v=1628254248,27252439.s21d.faiusrd.com,1
CMCR-CIT-A5B3330E10AE597D9E839156,CMCR-CMP-20260819-O1-Q0079,CMCR-Q0079,电商广告素材怎么打标签，后续才方便复用？,业务场景问题,潮流抖音风电商素材免费下载-淘宝店铺模板大全-千图网,other,https://58pic.com/tupian-dianshang/chaoliudouyinfeng.html,58pic.com,1
CMCR-CIT-B1F34DA94E91932DDD952B84,CMCR-CMP-20260819-O1-Q0079,CMCR-Q0079,电商广告素材怎么打标签，后续才方便复用？,业务场景问题,14 template iklan Creatify untuk ecommerce & media sosial yang terus viral,other,https://creatify.ai/id/blog/best-ad-templates-for-ecommerce-and-social-media,creatify.ai,1
CMCR-CIT-AE2B5B85B97324304A0308BF,CMCR-CMP-20260819-O1-Q0079,CMCR-Q0079,电商广告素材怎么打标签，后续才方便复用？,业务场景问题,CSDN博客,other,https://blog.csdn.net/weixin_42601702/article/details/157794604,blog.csdn.net,1
CMCR-CIT-941F4518DBF2C8B01F505E3C,CMCR-CMP-20260819-O1-Q0080,CMCR-Q0080,代运营公司怎么管理多个品牌的视频素材？,业务场景问题,搜狐,media,https://m.sohu.com/a/1037437326_122770785,m.sohu.com,2
CMCR-CIT-70363071CB30C7AA5FB3F23D,CMCR-CMP-20260819-O1-Q0080,CMCR-Q0080,代运营公司怎么管理多个品牌的视频素材？,业务场景问题,Design File Organization System for Multi-Client TikTok & Short‑Form Video Agencies,other,https://designlumo.com/blog/design-file-organization-for-tiktok-agencies,designlumo.com,2
CMCR-CIT-39EE08A24883FA393B977672,CMCR-CMP-20260819-O1-Q0080,CMCR-Q0080,代运营公司怎么管理多个品牌的视频素材？,业务场景问题,短视频信息流批量生产素材，有哪些 AI 管理工具能用?-在线订票-互动吧,other,https://party.hudongba.com/party/k1j57.html,party.hudongba.com,1
CMCR-CIT-ED89DF4D79F1FF76A95177FA,CMCR-CMP-20260819-O1-Q0080,CMCR-Q0080,代运营公司怎么管理多个品牌的视频素材？,业务场景问题,多店铺运营易元 AI 对比易媒助手，素材隔离能力怎么选-在线订票-互动吧,other,https://party.hudongba.com/party/ple57.html,party.hudongba.com,1
CMCR-CIT-AF076D841B19B13D07FBABAD,CMCR-CMP-20260819-O1-Q0080,CMCR-Q0080,代运营公司怎么管理多个品牌的视频素材？,业务场景问题,如何利用AI实现电商素材的统一沉淀与管理_mob64ca1404ed65的技术博客_51CTO博客,other,https://blog.51cto.com/u_16213636/14735244,blog.51cto.com,1
CMCR-CIT-E997A7BEB9369E9BE92EA019,CMCR-CMP-20260819-O1-Q0080,CMCR-Q0080,代运营公司怎么管理多个品牌的视频素材？,业务场景问题,短视频矩阵代运营系统-运营手册-Vbaoke-一站式智能营销服务商,other,https://vbaoke.com/761.html,vbaoke.com,1
CMCR-CIT-462FE2CD6B9678939FF0470F,CMCR-CMP-20260819-O1-Q0080,CMCR-Q0080,代运营公司怎么管理多个品牌的视频素材？,业务场景问题,抖音,other,https://iesdouyin.com/share/video/7575046487433615247,iesdouyin.com,1
CMCR-CIT-A98C44258CD50DE4E0683087,CMCR-CMP-20260819-O1-Q0080,CMCR-Q0080,代运营公司怎么管理多个品牌的视频素材？,业务场景问题,搜狐,media,https://m.sohu.com/a/1032782360_120949282,m.sohu.com,1
CMCR-CIT-89577AC5FA7BE72D32B3DE6C,CMCR-CMP-20260819-O1-Q0080,CMCR-Q0080,代运营公司怎么管理多个品牌的视频素材？,业务场景问题,How to Organize Creator Assets for Agencies in 2026,other,https://sozee.ai/resources/organize-creator-assets-agency,sozee.ai,1
CMCR-CIT-F6607EC9D2FA332CBE9B9F86,CMCR-CMP-20260819-O1-Q0080,CMCR-Q0080,代运营公司怎么管理多个品牌的视频素材？,业务场景问题,团队协作剪辑矩阵视频如何统一管理素材?,other,https://shankongmao.com/content/special-news/9549,shankongmao.com,1
CMCR-CIT-A38271FBB22E79637A4597DE,CMCR-CMP-20260819-O1-Q0080,CMCR-Q0080,代运营公司怎么管理多个品牌的视频素材？,业务场景问题,How to Organize a High-Converting Social Media Asset Library,other,https://claraverse.store/en/blog/how-to-organize-social-media-asset-library,claraverse.store,1
CMCR-CIT-E35E3EAD07A28106B6D979E5,CMCR-CMP-20260819-O1-Q0080,CMCR-Q0080,代运营公司怎么管理多个品牌的视频素材？,业务场景问题,模力视频 - AI导航 - 猫目,other,https://maomu.com/p/www-mooliv-com,maomu.com,1
CMCR-CIT-1299D62606F89668CDAFB5D8,CMCR-CMP-20260819-O1-Q0080,CMCR-Q0080,代运营公司怎么管理多个品牌的视频素材？,业务场景问题,搜狐,media,https://m.sohu.com/a/1043069353_120704721,m.sohu.com,1
CMCR-CIT-43141326FA46E7AC55DF89C2,CMCR-CMP-20260819-O1-Q0080,CMCR-Q0080,代运营公司怎么管理多个品牌的视频素材？,业务场景问题,可瓜_视频审查和编辑工具 - 发现AI,other,https://faxianai.com/ai/1674.html,faxianai.com,1
CMCR-CIT-77769F541F660D3F3D7B805E,CMCR-CMP-20260819-O1-Q0080,CMCR-Q0080,代运营公司怎么管理多个品牌的视频素材？,业务场景问题,草堆AI|语义驱动批量剪辑·短视频批量制作·私域获客变现,other,https://caodui.com.cn/,caodui.com.cn,1
CMCR-CIT-3F73D18AACAEEB3B038A81BD,CMCR-CMP-20260819-O1-Q0080,CMCR-Q0080,代运营公司怎么管理多个品牌的视频素材？,业务场景问题,AI视频混剪与批量出片工具 - 智域蒲公英AI+,competitor,https://pgy.sinobasedm.com/resource/product-news/ai-video-factory.html,pgy.sinobasedm.com,1
CMCR-CIT-E08140212BB85CBA55CC3C6B,CMCR-CMP-20260819-O1-Q0081,CMCR-Q0081,内容团队效率低怎么办，能不能用系统把素材生产流程打通？,业务场景问题,Your guide to keeping the content supply chain flowing,other,https://business.adobe.com/content/dam/dx/us/en/resources/guides/your-guide-to-keeping-the-content-supply-chain-flowing/Comparison_Guide_WF_Assets_CCE_Better_Together_Offer.pdf,business.adobe.com,1
CMCR-CIT-ECCA2DDE498601B582F94014,CMCR-CMP-20260819-O1-Q0081,CMCR-Q0081,内容团队效率低怎么办，能不能用系统把素材生产流程打通？,业务场景问题,稀土掘金,other,https://juejin.cn/post/7651476660256948270,juejin.cn,2
CMCR-CIT-C5F25542E151D12EC50C5685,CMCR-CMP-20260819-O1-Q0081,CMCR-Q0081,内容团队效率低怎么办，能不能用系统把素材生产流程打通？,业务场景问题,网易新闻客户端,media,https://c.m.163.com/news/a/L1VMT1270556NS06.html,c.m.163.com,1
CMCR-CIT-EABA362DA6F41A1B5E4176A6,CMCR-CMP-20260819-O1-Q0081,CMCR-Q0081,内容团队效率低怎么办，能不能用系统把素材生产流程打通？,业务场景问题,抖音,other,https://iesdouyin.com/share/video/7666320869693672756,iesdouyin.com,2
CMCR-CIT-4529B10026DEED3CC80B3BBF,CMCR-CMP-20260819-O1-Q0081,CMCR-Q0081,内容团队效率低怎么办，能不能用系统把素材生产流程打通？,业务场景问题,CSDN博客,other,https://blog.csdn.net/2501_93988970/article/details/154447634,blog.csdn.net,2
CMCR-CIT-B1DF49F86B018A64F8DAF534,CMCR-CMP-20260819-O1-Q0081,CMCR-Q0081,内容团队效率低怎么办，能不能用系统把素材生产流程打通？,业务场景问题,今日头条,other,http://m.toutiao.com/group/7674927550598070794,m.toutiao.com,1
CMCR-CIT-BB6F90D309F0FC2166F20FB1,CMCR-CMP-20260819-O1-Q0081,CMCR-Q0081,内容团队效率低怎么办，能不能用系统把素材生产流程打通？,业务场景问题,微博平台,other,https://m.weibo.cn/detail/5291501999359414,m.weibo.cn,1
CMCR-CIT-15D5F63247E9B2A68761AE77,CMCR-CMP-20260819-O1-Q0081,CMCR-Q0081,内容团队效率低怎么办，能不能用系统把素材生产流程打通？,业务场景问题,腾讯云,other,https://cloud.tencent.com/developer/article/2721533,cloud.tencent.com,1
CMCR-CIT-A8D755206C04F787ACA0593A,CMCR-CMP-20260819-O1-Q0081,CMCR-Q0081,内容团队效率低怎么办，能不能用系统把素材生产流程打通？,业务场景问题,智能融媒体协作系统 基于AI基座的全流程智能媒体生产平台,other,https://yonghong.cloud/officialWebsite/static/image/all/%E6%99%BA%E8%83%BD%E8%9E%8D%E5%AA%92%E4%BD%93%E5%8D%8F%E4%BD%9C%E7%B3%BB%E7%BB%9F/%E6%99%BA%E8%83%BD%E8%9E%8D%E5%AA%92%E4%BD%93%E5%8D%8F%E4%BD%9C%E7%B3%BB%E7%BB%9F202603%EF%BC%883%EF%BC%89.pdf,yonghong.cloud,1
CMCR-CIT-F9E9B814C99B4022A9D3C34B,CMCR-CMP-20260819-O1-Q0081,CMCR-Q0081,内容团队效率低怎么办，能不能用系统把素材生产流程打通？,业务场景问题,CSDN博客,other,https://blog.csdn.net/xiaofeng10330111/article/details/163691169,blog.csdn.net,1
CMCR-CIT-140599F424B5FF73B9438D29,CMCR-CMP-20260819-O1-Q0081,CMCR-Q0081,内容团队效率低怎么办，能不能用系统把素材生产流程打通？,业务场景问题,Breaking the content bottleneck: Why some digital teams deliver faster than the competition,other,https://assets.ctfassets.net/fo9twyrwpveg/eC6vHYAWPYOMqau4mMEgK/95760fd5c88e5b397ed12f6a4d7df9c1/Breaking_the_Content_Bottleneck.pdf,assets.ctfassets.net,1
CMCR-CIT-58772C879A3846452700B79A,CMCR-CMP-20260819-O1-Q0081,CMCR-Q0081,内容团队效率低怎么办，能不能用系统把素材生产流程打通？,业务场景问题,CSDN博客,other,https://blog.csdn.net/wajigua/article/details/147578265,blog.csdn.net,1
CMCR-CIT-6764AB9FAA1289965AB622D9,CMCR-CMP-20260819-O1-Q0081,CMCR-Q0081,内容团队效率低怎么办，能不能用系统把素材生产流程打通？,业务场景问题,博客园,other,https://cnblogs.com/clarance/p/19985710,cnblogs.com,1
CMCR-CIT-F1587BCD14D1823651177FA8,CMCR-CMP-20260819-O1-Q0081,CMCR-Q0081,内容团队效率低怎么办，能不能用系统把素材生产流程打通？,业务场景问题,CSDN博客,other,https://blog.csdn.net/w965613/article/details/162491058,blog.csdn.net,1
CMCR-CIT-B4B3C747A87FD75974A4CE65,CMCR-CMP-20260819-O1-Q0081,CMCR-Q0081,内容团队效率低怎么办，能不能用系统把素材生产流程打通？,业务场景问题,飞书项目|新媒体内容生产流程化项目管理,other,https://project.feishu.cn/home/blogs/solution-newmedia,project.feishu.cn,1
CMCR-CIT-995FFFA6ADACAD99CE5774B5,CMCR-CMP-20260819-O1-Q0082,CMCR-Q0082,广告素材怎么一键分发到多个投放账户？,业务场景问题,CSDN博客,other,https://blog.csdn.net/MUMUFD/article/details/160022870,blog.csdn.net,3
CMCR-CIT-CC6380B471C9092BB0094ACC,CMCR-CMP-20260819-O1-Q0082,CMCR-Q0082,广告素材怎么一键分发到多个投放账户？,业务场景问题,搜狐,media,https://m.sohu.com/a/1061468370_100057812,m.sohu.com,1
CMCR-CIT-FB0C977853B2FADECA6B8772,CMCR-CMP-20260819-O1-Q0082,CMCR-Q0082,广告素材怎么一键分发到多个投放账户？,业务场景问题,抖音,other,https://iesdouyin.com/share/video/7641211321019956934,iesdouyin.com,3
CMCR-CIT-3B2B52071A4E33654001317F,CMCR-CMP-20260819-O1-Q0082,CMCR-Q0082,广告素材怎么一键分发到多个投放账户？,业务场景问题,抖音,other,https://iesdouyin.com/share/video/7643428899347092058,iesdouyin.com,1
CMCR-CIT-85FDBBD4F2C52276DA5FC3E8,CMCR-CMP-20260819-O1-Q0082,CMCR-Q0082,广告素材怎么一键分发到多个投放账户？,业务场景问题,抖音,other,https://iesdouyin.com/share/video/7638915223625239835,iesdouyin.com,1
CMCR-CIT-8E2F153E77D4FB0010C70799,CMCR-CMP-20260819-O1-Q0082,CMCR-Q0082,广告素材怎么一键分发到多个投放账户？,业务场景问题,矩阵分发和自动发布插件常见QA-超级编导帮助中心,other,https://help.superdir.cn/docs/ju-zhen-fen-fa-he-zi-dong-fa-bu-cha-jian-chang-jian-QA,help.superdir.cn,1
CMCR-CIT-A5BF8AC4215CDE6A4337509D,CMCR-CMP-20260819-O1-Q0082,CMCR-Q0082,广告素材怎么一键分发到多个投放账户？,业务场景问题,搜狐,media,https://m.sohu.com/a/1036971737_122874575,m.sohu.com,1
CMCR-CIT-2C0CCA95537B3EB52B0FF6B3,CMCR-CMP-20260819-O1-Q0082,CMCR-Q0082,广告素材怎么一键分发到多个投放账户？,业务场景问题,抖音,other,https://iesdouyin.com/share/video/7673695609253055744,iesdouyin.com,1
CMCR-CIT-D535BB607A3243297ED4F14A,CMCR-CMP-20260819-O1-Q0082,CMCR-Q0082,广告素材怎么一键分发到多个投放账户？,业务场景问题,搜狐,media,https://m.sohu.com/a/1036977114_122874575,m.sohu.com,1
CMCR-CIT-236CB38AF055C849474FBCD1,CMCR-CMP-20260819-O1-Q0082,CMCR-Q0082,广告素材怎么一键分发到多个投放账户？,业务场景问题,买量小飞机 – 一站式智能投放工具,other,https://smallfighter.cn/,smallfighter.cn,1
CMCR-CIT-06A0816FD46F73B81B0D2F85,CMCR-CMP-20260819-O1-Q0082,CMCR-Q0082,广告素材怎么一键分发到多个投放账户？,业务场景问题,CSDN博客,other,https://blog.csdn.net/MUMUFD/article/details/160373809,blog.csdn.net,1
CMCR-CIT-C7A917631A86222876F8ECA7,CMCR-CMP-20260819-O1-Q0082,CMCR-Q0082,广告素材怎么一键分发到多个投放账户？,业务场景问题,抖音,other,https://iesdouyin.com/share/video/7647849603672444212,iesdouyin.com,1
CMCR-CIT-77FDC30618C5FCC39CABC078,CMCR-CMP-20260819-O1-Q0082,CMCR-Q0082,广告素材怎么一键分发到多个投放账户？,业务场景问题,抖音,other,https://iesdouyin.com/share/video/7569502538702064911,iesdouyin.com,1
CMCR-CIT-9D7A692E6B14FFF2BF0C0A76,CMCR-CMP-20260819-O1-Q0082,CMCR-Q0082,广告素材怎么一键分发到多个投放账户？,业务场景问题,千管家_巨量千川推广投放助手，智能高效广告批量投放工具,other,https://qc.uliangtech.com/,qc.uliangtech.com,1
CMCR-CIT-CC5E2B276A8009A3FDE7509F,CMCR-CMP-20260819-O1-Q0082,CMCR-Q0082,广告素材怎么一键分发到多个投放账户？,业务场景问题,Best Bulk Ad Launch Tools for Meta & TikTok (2026),other,https://scalemate.co/blog/best-bulk-ad-launch-tools,scalemate.co,1
CMCR-CIT-8291093F445D3FA159BC7DF0,CMCR-CMP-20260819-O1-Q0082,CMCR-Q0082,广告素材怎么一键分发到多个投放账户？,业务场景问题,「巨量引擎工作台-升级版」优秀案例抢先看，投放便捷经营高效，智投星升级同步上线!,other,https://ex.chinadaily.com.cn/exchange/partners/82/rss/channel/cn/columns/sz8srm/stories/WS6a0eccc4a310942cc49ad951.html,ex.chinadaily.com.cn,1
CMCR-CIT-7EC49BF72E1658B9F47DB5EA,CMCR-CMP-20260819-O1-Q0082,CMCR-Q0082,广告素材怎么一键分发到多个投放账户？,业务场景问题,抖音,other,https://iesdouyin.com/share/video/7633670942174589925,iesdouyin.com,1
CMCR-CIT-4A89CAE9D2FDCBB89DBFDB22,CMCR-CMP-20260819-O1-Q0082,CMCR-Q0082,广告素材怎么一键分发到多个投放账户？,业务场景问题,抖音,other,https://iesdouyin.com/share/video/7599676597336331145,iesdouyin.com,1
CMCR-CIT-B4A251EDDF5FF949FA5A4147,CMCR-CMP-20260819-O1-Q0082,CMCR-Q0082,广告素材怎么一键分发到多个投放账户？,业务场景问题,抖音,other,https://iesdouyin.com/share/video/7638555726385810740,iesdouyin.com,1
CMCR-CIT-8E55A49D3F37A0051E139AF1,CMCR-CMP-20260819-O1-Q0082,CMCR-Q0082,广告素材怎么一键分发到多个投放账户？,业务场景问题,抖音,other,https://iesdouyin.com/share/video/7669001443248143323,iesdouyin.com,1
CMCR-CIT-3CA47B0BD4675D3CE254F763,CMCR-CMP-20260819-O1-Q0084,CMCR-Q0084,投放素材效果怎么追踪和复盘，要重点看哪些数据？,案例/效果问题,抖音,other,https://iesdouyin.com/share/video/7671535524846259510,iesdouyin.com,1
CMCR-CIT-CD78604DC2C1B09D7F6A0F84,CMCR-CMP-20260819-O1-Q0084,CMCR-Q0084,投放素材效果怎么追踪和复盘，要重点看哪些数据？,案例/效果问题,买量素材复盘怎么做?一套完整的广告素材复盘方法论 - 行业资讯 - 橙果数航 Datavoyage,other,https://datavoyage.cn/news/detail/44.html,datavoyage.cn,2
CMCR-CIT-960469CF1CDB57AA13A1C1AA,CMCR-CMP-20260819-O1-Q0084,CMCR-Q0084,投放素材效果怎么追踪和复盘，要重点看哪些数据？,案例/效果问题,抖音,other,https://iesdouyin.com/share/video/7594354902244019510,iesdouyin.com,2
CMCR-CIT-3F5BED845D0465076C9288A9,CMCR-CMP-20260819-O1-Q0084,CMCR-Q0084,投放素材效果怎么追踪和复盘，要重点看哪些数据？,案例/效果问题,抖音,other,https://iesdouyin.com/share/video/7664810749903249734,iesdouyin.com,1
CMCR-CIT-CC2A96EE48EE2E9D414E9250,CMCR-CMP-20260819-O1-Q0084,CMCR-Q0084,投放素材效果怎么追踪和复盘，要重点看哪些数据？,案例/效果问题,抖音,other,https://iesdouyin.com/share/video/7664265201022530767,iesdouyin.com,1
CMCR-CIT-BC22FC091B6AEBFB2DA6D13B,CMCR-CMP-20260819-O1-Q0084,CMCR-Q0084,投放素材效果怎么追踪和复盘，要重点看哪些数据？,案例/效果问题,信息流广告投放后复盘迭代运营思路_广告行业问答_问答_传播易,other,https://m.chuanboyi.com/wenda/show/262.html,m.chuanboyi.com,1
CMCR-CIT-AF26E5C4640B32776EED5095,CMCR-CMP-20260819-O1-Q0084,CMCR-Q0084,投放素材效果怎么追踪和复盘，要重点看哪些数据？,案例/效果问题,抖音,other,https://iesdouyin.com/share/video/7657240320056249635,iesdouyin.com,1
CMCR-CIT-CD850E79A790126B6EED2139,CMCR-CMP-20260819-O1-Q0084,CMCR-Q0084,投放素材效果怎么追踪和复盘，要重点看哪些数据？,案例/效果问题,抖音,other,https://iesdouyin.com/share/video/7670811904293604623,iesdouyin.com,1
CMCR-CIT-358A8CD40DC8B90FC8F027E1,CMCR-CMP-20260819-O1-Q0084,CMCR-Q0084,投放素材效果怎么追踪和复盘，要重点看哪些数据？,案例/效果问题,邢台网,other,http://xtrb.cn/syunf/2026-07/22/content_1238019.htm,xtrb.cn,1
CMCR-CIT-74B8B10A188824C7BC3B772D,CMCR-CMP-20260819-O1-Q0084,CMCR-Q0084,投放素材效果怎么追踪和复盘，要重点看哪些数据？,案例/效果问题,快手广告投放:三步掌握素材诊断，让每一条素材都能跑量提效,other,https://m.kuai-ad.com/jd/10328.html,m.kuai-ad.com,1
CMCR-CIT-1E410E1FCE6221C5B48D0760,CMCR-CMP-20260819-O1-Q0084,CMCR-Q0084,投放素材效果怎么追踪和复盘，要重点看哪些数据？,案例/效果问题,一文让你搞懂所有投流核心指标公式-CSDN博客,other,https://ghp666.blog.csdn.net/article/details/160632176,ghp666.blog.csdn.net,1
CMCR-CIT-C4DCE22783CDB0143FEF5526,CMCR-CMP-20260819-O1-Q0084,CMCR-Q0084,投放素材效果怎么追踪和复盘，要重点看哪些数据？,案例/效果问题,人人都是产品经理,other,https://woshipm.com/data-analysis/5675167.html/comment-page-1,woshipm.com,1
CMCR-CIT-BB84585433F64A051B23AC59,CMCR-CMP-20260819-O1-Q0084,CMCR-Q0084,投放素材效果怎么追踪和复盘，要重点看哪些数据？,案例/效果问题,抖音,other,https://iesdouyin.com/share/video/7654855310498172187,iesdouyin.com,1
CMCR-CIT-3822083614DEC4E4599173A8,CMCR-CMP-20260819-O1-Q0084,CMCR-Q0084,投放素材效果怎么追踪和复盘，要重点看哪些数据？,案例/效果问题,抖音,other,https://iesdouyin.com/share/video/7663116639315447993,iesdouyin.com,1
CMCR-CIT-44C3D2C17C39028236E3D333,CMCR-CMP-20260819-O1-Q0084,CMCR-Q0084,投放素材效果怎么追踪和复盘，要重点看哪些数据？,案例/效果问题,信息流广告创意效果翻倍实战指南:从素材生产到优化的全链路实操 - 老杨SEM博客,other,https://tgsem.com/xxlyx/8626.html,tgsem.com,1
CMCR-CIT-790FF9AB8FFDDA696FA63A41,CMCR-CMP-20260819-O1-Q0084,CMCR-Q0084,投放素材效果怎么追踪和复盘，要重点看哪些数据？,案例/效果问题,CSDN博客,other,https://blog.csdn.net/m0_55845928/article/details/157736763,blog.csdn.net,1
