audit_id,sample_id,question_id,recommendation_applicable,mentioned,recommendation_decision,recommendation_order,target_rank,third_party_candidate,advantage_decision,evidence_quote,rule_version,notes
CQQ-PERF-CQ-S-20260805-C1-Q0001,CQ-S-20260805-C1-Q0001,CQ-Q0001,false,true,not_applicable,[],,false,pass,整套方法分为精准筛选达人（建联基础）、平台工具高效建联、沟通话术提升回复、合作机制撬动达人积极性、全流程管控提转化、数据复盘放大ROI六大模块，全部基于蝉圈圈原生功能落地。 / 一、先精准筛选达人，从源头减少无效建联（建联成功率提升3倍） / 建联低效根源是达人不匹配，先用蝉圈圈多维度筛人，避免盲目群发邀约,CQQ-BRAND-PERFORMANCE-V1-20260807,EXPLICIT_TARGET_ADVANTAGE
CQQ-PERF-CQ-S-20260805-C1-Q0002,CQ-S-20260805-C1-Q0002,CQ-Q0002,false,true,not_applicable,[],,false,pass,蝉圈圈AI商务（AI超级商务Agent）主要帮BD把找达人、写邀约、批量触达、消息回收、线索分级、过程记录、自动提醒这些重复性工作自动化，BD聚焦高意向达人谈细节、议价、落地合作。 / 一、达人筛选：前置帮BD锁定高潜建联名单 / 产品驱动智能匹配：输入商品/店铺，AI解析产品定位、受众、卖点，从海量达人库秒级输出适配达人，参考粉丝画像、垂类、带货GMV、内容风格、历史同类品转化能力做打分推荐。,CQQ-BRAND-PERFORMANCE-V1-20260807,EXPLICIT_TARGET_ADVANTAGE
CQQ-PERF-CQ-S-20260805-C1-Q0003,CQ-S-20260805-C1-Q0003,CQ-Q0003,false,true,not_applicable,[],,false,unclear,不公开线上自助下单，需要联系蝉圈圈销售获取报价、开通试用、下单，不同时期会有活动优惠（大促会送时长）。,CQQ-BRAND-PERFORMANCE-V1-20260807,MENTION_WITHOUT_STRICT_ADVANTAGE
CQQ-PERF-CQ-S-20260805-C1-Q0004,CQ-S-20260805-C1-Q0004,CQ-Q0004,false,true,not_applicable,[],,false,fail,官网地址：https://www.kolkoc.com / 直接登录页：https://www.kolkoc.com/login / ⚠️注意：蝉圈圈为邀请制企业SaaS工具，不能随便自助注册，需要联系蝉圈圈商务获取邀请码才可以开通账号，个人无法直接注册使用。,CQQ-BRAND-PERFORMANCE-V1-20260807,EXPLICIT_NEGATIVE_TARGET_CLAIM
CQQ-PERF-CQ-S-20260805-C1-Q0005,CQ-S-20260805-C1-Q0005,CQ-Q0005,false,true,not_applicable,[],,false,pass,这是蝉圈圈主打大规模建联的功能，AI自动筛选、自动发邀约、自动接收回复。 / 1.开通【AI商务员工】能力（企业版增值功能） / 2.绑定店铺，设置筛选条件：品类、粉丝区间、佣金、合作模式、预算、话术模板,CQQ-BRAND-PERFORMANCE-V1-20260807,EXPLICIT_TARGET_ADVANTAGE
CQQ-PERF-CQ-S-20260805-C1-Q0006,CQ-S-20260805-C1-Q0006,CQ-Q0006,false,true,not_applicable,[],,false,pass,如果你需要，我可以给你一份蝉圈圈寄样SOP简短版，直接给团队BD使用。,CQQ-BRAND-PERFORMANCE-V1-20260807,EXPLICIT_TARGET_ADVANTAGE
CQQ-PERF-CQ-S-20260805-C1-Q0007,CQ-S-20260805-C1-Q0007,CQ-Q0007,false,true,not_applicable,[],,false,fail,达人的千川投放、巨量千川后台数据，蝉圈圈无法直接读取。 / 补充：未绑店铺也能看（公开预估数据，不能用于结算） / 达人库的粉丝、历史预估GMV、预估带货能力、粉丝画像，这部分来自蝉妈妈大数据，不需要绑定店铺，但属于预估，不能用来做财务结算。,CQQ-BRAND-PERFORMANCE-V1-20260807,EXPLICIT_NEGATIVE_TARGET_CLAIM
CQQ-PERF-CQ-S-20260805-C1-Q0008,CQ-S-20260805-C1-Q0008,CQ-Q0008,false,true,not_applicable,[],,false,pass,蝉圈圈定位是全域达人营销一站式管理工具，覆盖抖音、小红书、快手、视频号，从达人挖掘、建联履约、投放盯数据、自动核算ROI复盘、达人资源沉淀全链路闭环，下面按新手零基础一步步拆解。 / 一、前期账号基础配置（新手第一步必做） / 1.注册&绑定店铺,CQQ-BRAND-PERFORMANCE-V1-20260807,EXPLICIT_TARGET_ADVANTAGE
CQQ-PERF-CQ-S-20260805-C1-Q0009,CQ-S-20260805-C1-Q0009,CQ-Q0009,false,true,not_applicable,[],,false,pass,蝉圈圈是蝉妈妈旗下的达人营销SaaS系统，主打抖音、小红书、快手、视频号多平台达人全流程管理。 / 简单理解：它不只是查数据，而是一套达人投放中台，把找达人→建联邀约→寄样履约→合同管理→数据回传ROI复盘→商务绩效全部线上化，替代Excel表格管理达人资源。 / 核心功能,CQQ-BRAND-PERFORMANCE-V1-20260807,EXPLICIT_TARGET_ADVANTAGE
CQQ-PERF-CQ-S-20260805-C1-Q0010,CQ-S-20260805-C1-Q0010,CQ-Q0010,false,true,not_applicable,[],,false,pass,蝉圈圈一共提供3种移动端使用方式，覆盖安卓APP、iOS苹果APP、微信小程序，搭配PC网页端实现全场景办公。 / 移动端入口 / 微信小程序（最便捷，无需下载）,CQQ-BRAND-PERFORMANCE-V1-20260807,EXPLICIT_TARGET_ADVANTAGE
CQQ-PERF-CQ-S-20260805-C1-Q0011,CQ-S-20260805-C1-Q0011,CQ-Q0011,false,false,not_applicable,[],,false,fail,,CQQ-BRAND-PERFORMANCE-V1-20260807,TARGET_ABSENT
CQQ-PERF-CQ-S-20260805-C1-Q0012,CQ-S-20260805-C1-Q0012,CQ-Q0012,true,true,ranked,"[""蝉圈圈""]",1,true,pass,蝉圈圈（蝉妈妈生态） / ✅ 优势 / 背靠蝉妈妈原生数据，抖音达人带货数据、标签、转化、粉丝画像深度更强，可直接跳转蝉妈妈看达人完整历史数据；有自然出单达人挖掘，挖掘精选联盟自发带过你品类的达人。,CQQ-BRAND-PERFORMANCE-V1-20260807,EXPLICIT_TARGET_ADVANTAGE
CQQ-PERF-CQ-S-20260805-C1-Q0013,CQ-S-20260805-C1-Q0013,CQ-Q0013,true,true,ranked,"[""蝉圈圈"",""热度云""]",1,true,pass,蝉圈圈 / 数据源来自自家蝉妈妈，抖音达人标签、带货数据深度、准确度更高，可一键跳转蝉妈妈看达人详情，做带货能力研判。 / 有自然出单达人功能：挖掘精选联盟已经在卖自家商品、还未商务对接的达人，适合做被动出单达人盘活。,CQQ-BRAND-PERFORMANCE-V1-20260807,EXPLICIT_TARGET_ADVANTAGE
CQQ-PERF-CQ-S-20260805-C1-Q0014,CQ-S-20260805-C1-Q0014,CQ-Q0014,true,true,unclear,[],,true,pass,对比维度 蝉妈妈 蝉圈圈 / 产品定位 电商数据分析决策平台，看市场、看竞品、看账号商品数据 达人营销CRM管理工具，达人合作业务流程管理系统 / 核心能力 行业大盘、爆款商品/直播/短视频分析、竞品监控、达人基础数据查询、选品、素材拆解、AI脚本生成 达人库筛选、达人线索管理、样品管理、合作跟进、合同记录、投放监测、ROI归因、团队协作、自动复盘报表、多平台（抖音/小红书/快手/视频号）达人管理,CQQ-BRAND-PERFORMANCE-V1-20260807,EXPLICIT_TARGET_ADVANTAGE
CQQ-PERF-CQ-S-20260805-C1-Q0015,CQ-S-20260805-C1-Q0015,CQ-Q0015,true,true,ranked,"[""蝉圈圈""]",1,true,pass,蝉圈圈达人CRM核心逻辑：管理KOL/KOC合作方，是品牌向外采购内容/带货服务，流程是达人挖掘→建联→寄样→脚本→发布/直播→效果复盘结算。 / 1、对象与档案字段不一样 / 普通CRM,CQQ-BRAND-PERFORMANCE-V1-20260807,EXPLICIT_TARGET_ADVANTAGE
CQQ-PERF-CQ-S-20260805-C1-Q0016,CQ-S-20260805-C1-Q0016,CQ-Q0016,true,true,unclear,[],,true,fail,蝉圈圈：抖音数据深度强；适合重点做抖音的品牌；跨平台偏弱；完整寄样履约、项目管理、团队权限齐全。 / 飞瓜智星：跨平台均衡（抖音/小红书/快手/视频号）；数据生态完整；适合多平台布局的品牌团队。 / 热度云：抖音为主，性价比高，适合中小体量品牌。,CQQ-BRAND-PERFORMANCE-V1-20260807,EXPLICIT_NEGATIVE_TARGET_CLAIM
CQQ-PERF-CQ-S-20260805-C1-Q0017,CQ-S-20260805-C1-Q0017,CQ-Q0017,true,true,ranked,"[""精选联盟"",""蝉圈圈"",""飞瓜智星""]",2,true,pass,只做抖音小店达人带货 优先抖音精选联盟，搭配蝉圈圈/飞瓜智星做达人管理 / 多平台（抖音+快手+小红书+视频号）统一管理达人分销 飞瓜智星这类跨平台达人SaaS工具 / 私域、小程序商城，外部博主/KOC、老客达人分销、自有达人池 微盟、有赞分销、销客多等电商SaaS；规模大可私有化部署,CQQ-BRAND-PERFORMANCE-V1-20260807,EXPLICIT_TARGET_ADVANTAGE
CQQ-PERF-CQ-S-20260805-C1-Q0018,CQ-S-20260805-C1-Q0018,CQ-Q0018,true,true,ranked,"[""蝉圈圈""]",1,true,pass,3. 蝉圈圈（蝉妈妈旗下专业达人营销SaaS） / 本质：品牌达人投放全链路闭环管理系统，从策略选达人→商务对接→样品寄送→内容监测→转化归因→绩效结算一站式操盘 / 依托蝉妈妈底层抖音大数据，同时兼容小红书、快手、视频号。,CQQ-BRAND-PERFORMANCE-V1-20260807,EXPLICIT_TARGET_ADVANTAGE
CQQ-PERF-CQ-S-20260805-C1-Q0019,CQ-S-20260805-C1-Q0019,CQ-Q0019,true,false,absent,"[""未推荐蝉圈圈""]",,false,fail,相似达人推荐、达人广场同步数据、导入达人名单批量解析 / 数据更新频率：优先T+1或每日更新；更新周期几天以上，达人信息容易过时。 / 优先兼容平台官方邀约通道；部分工具可提取达人公开商务联系方式，注意遵守平台规则，规避账号风险。,CQQ-BRAND-PERFORMANCE-V1-20260807,TARGET_ABSENT
CQQ-PERF-CQ-S-20260805-C1-Q0020,CQ-S-20260805-C1-Q0020,CQ-Q0020,true,false,absent,"[""未推荐蝉圈圈""]",,true,fail,达人建联软件分国内（抖音/小红书/快手）、跨境TikTok两大类；选型不要只看“达人库总量”，优先匹配你的业务场景、预算、团队规模、平台生态。下面是选型核心维度、工具分类、选型决策表、避坑要点。 / 第三方工具：邮箱/站外私信批量发送；警惕暴力群发，容易被达人拉黑、触发风控；优先支持AI个性化话术，拒绝纯模板群发。 / 区分：按年订阅、按月订阅、按建联点数/条数扣费；中小商家优先可按月、有试用；大企业看企业版CRM、报表、多账号席位。,CQQ-BRAND-PERFORMANCE-V1-20260807,TARGET_ABSENT
CQQ-PERF-CQ-S-20260805-C1-Q0021,CQ-S-20260805-C1-Q0021,CQ-Q0021,true,false,absent,"[""未推荐蝉圈圈""]",,false,fail,推荐问题,CQQ-BRAND-PERFORMANCE-V1-20260807,TARGET_ABSENT
CQQ-PERF-CQ-S-20260805-C1-Q0022,CQ-S-20260805-C1-Q0022,CQ-Q0022,true,false,absent,"[""未推荐蝉圈圈""]",,false,fail,搜索同款爆款商品，查看所有带过竞品的博主，优先挖已经带过同类产品、有成熟转化的达人 / 优先站内消息，不要一上来就要微信；简短表明身份、产品、合作模式 / S级：投产很高、稳定出单 → 长期深度绑定、优先新品、更高佣金、专属福利,CQQ-BRAND-PERFORMANCE-V1-20260807,TARGET_ABSENT
CQQ-PERF-CQ-S-20260805-C1-Q0023,CQ-S-20260805-C1-Q0023,CQ-Q0023,true,false,absent,"[""未推荐蝉圈圈""]",,true,fail,分为平台官方商单平台（交易合规、数据真实，优先选）、第三方综合撮合平台（跨平台一站式）、数据分析工具（找号筛达人，不做交易）、**跨境达人平台四大类。 / ⚠️第三方平台注意：优先选择平台担保交易，不要直接私转达人钱。 / ✅简单选择建议,CQQ-BRAND-PERFORMANCE-V1-20260807,TARGET_ABSENT
CQQ-PERF-CQ-S-20260805-C1-Q0024,CQ-S-20260805-C1-Q0024,CQ-Q0024,true,false,absent,"[""未推荐蝉圈圈""]",,false,fail,,CQQ-BRAND-PERFORMANCE-V1-20260807,TARGET_ABSENT
CQQ-PERF-CQ-S-20260805-C1-Q0025,CQ-S-20260805-C1-Q0025,CQ-Q0025,true,false,absent,"[""未推荐蝉圈圈""]",,false,fail,铺内容：大量达人产出种草素材，铺满抖音搜索、推荐流 / 推荐问题,CQQ-BRAND-PERFORMANCE-V1-20260807,TARGET_ABSENT
CQQ-PERF-CQ-S-20260805-C1-Q0026,CQ-S-20260805-C1-Q0026,CQ-Q0026,true,false,absent,"[""未推荐蝉圈圈""]",,false,fail,推荐问题,CQQ-BRAND-PERFORMANCE-V1-20260807,TARGET_ABSENT
CQQ-PERF-CQ-S-20260805-C1-Q0027,CQ-S-20260805-C1-Q0027,CQ-Q0027,true,false,absent,"[""未推荐蝉圈圈""]",,true,fail,店铺体验分≥4.2，基础销量、好评、主图详情页完善，售后体系稳定；达人优先愿意带口碑好、售后省心的店铺商品。 / 按体量分层布局，新手优先铺中小KOC，性价比最高： / 大多需要佣金+坑位费，中小商家不建议优先投放，适合成熟爆款冲量。,CQQ-BRAND-PERFORMANCE-V1-20260807,TARGET_ABSENT
CQQ-PERF-CQ-S-20260805-C1-Q0028,CQ-S-20260805-C1-Q0028,CQ-Q0028,true,false,absent,"[""未推荐蝉圈圈""]",,false,fail,推荐问题,CQQ-BRAND-PERFORMANCE-V1-20260807,TARGET_ABSENT
CQQ-PERF-CQ-S-20260805-C1-Q0029,CQ-S-20260805-C1-Q0029,CQ-Q0029,true,true,unclear,[],,true,pass,如果只做抖音 → 蝉圈圈 / 热度云 / 抖店精选联盟 / 如果抖音+快手+小红书+视频号多平台 → 优先飞瓜智星 / 模式B：把老客、员工、社群团长、门店店员当分销达人（私域推客）,CQQ-BRAND-PERFORMANCE-V1-20260807,EXPLICIT_TARGET_ADVANTAGE
CQQ-PERF-CQ-S-20260805-C1-Q0030,CQ-S-20260805-C1-Q0030,CQ-Q0030,true,false,absent,"[""未推荐蝉圈圈""]",,false,fail,优质达人建立长期框架合作：锁定低价、优先档期、新品优先试用； / 推荐问题,CQQ-BRAND-PERFORMANCE-V1-20260807,TARGET_ABSENT
CQQ-PERF-CQ-S-20260805-C1-Q0031,CQ-S-20260805-C1-Q0031,CQ-Q0031,true,false,absent,"[""未推荐蝉圈圈""]",,false,fail,零预算/极低预算：优先纯寄样置换 / 有少量流动资金，不想赌亏损：优先纯佣铺达人 / 毛利20%~40%：优先纯佣，少量中腰部低坑位达人；,CQQ-BRAND-PERFORMANCE-V1-20260807,TARGET_ABSENT
CQQ-PERF-CQ-S-20260805-C1-Q0032,CQ-S-20260805-C1-Q0032,CQ-Q0032,true,false,absent,"[""未推荐蝉圈圈""]",,false,fail,推荐问题,CQQ-BRAND-PERFORMANCE-V1-20260807,TARGET_ABSENT
CQQ-PERF-CQ-S-20260805-C1-Q0033,CQ-S-20260805-C1-Q0033,CQ-Q0033,true,true,unclear,[],,true,pass,蝉圈圈（蝉妈妈旗下） / 能力：达人数据筛选+批量联盟邀约、线索公海、BD团队分工批量跟进、邀约数据复盘；适合中大型品牌达人团队。 / 飞瓜智星,CQQ-BRAND-PERFORMANCE-V1-20260807,EXPLICIT_TARGET_ADVANTAGE
CQQ-PERF-CQ-S-20260805-C1-Q0034,CQ-S-20260805-C1-Q0034,CQ-Q0034,true,false,absent,"[""未推荐蝉圈圈""]",,false,fail,区分头部、腰部、尾部KOC，优先匹配自身产品赛道，拒绝盲目群发。 / 优质达人日常维系：新品优先寄样、专属佣金政策、节日福利； / 推荐问题,CQQ-BRAND-PERFORMANCE-V1-20260807,TARGET_ABSENT
CQQ-PERF-CQ-S-20260805-C1-Q0035,CQ-S-20260805-C1-Q0035,CQ-Q0035,true,false,absent,"[""未推荐蝉圈圈""]",,false,fail,推荐问题 / 推荐一些关于达人投放管理系统的应用案例,CQQ-BRAND-PERFORMANCE-V1-20260807,TARGET_ABSENT
CQQ-PERF-CQ-S-20260805-C1-Q0036,CQ-S-20260805-C1-Q0036,CQ-Q0036,true,false,absent,"[""未推荐蝉圈圈""]",,false,fail,智能推荐：根据产品品类、预算自动匹配高匹配达人 / 推荐问题 / 推荐一些好用的达人营销管理系统,CQQ-BRAND-PERFORMANCE-V1-20260807,TARGET_ABSENT
CQQ-PERF-CQ-S-20260805-C1-Q0037,CQ-S-20260805-C1-Q0037,CQ-Q0037,true,true,unclear,[],,true,pass,1.飞瓜智星 / 蝉圈圈 / 支持：达人挖掘、批量邀约、达人CRM库、打标签、寄样管理、任务提醒 / 自动跟进：不会自动发送私信；可设置待跟进提醒，自动统计邀约状态，提醒商务该二次触达，由人手动发送消息；企业级可对接工作流做寄样、履约提醒。,CQQ-BRAND-PERFORMANCE-V1-20260807,EXPLICIT_TARGET_ADVANTAGE
CQQ-PERF-CQ-S-20260805-C1-Q0038,CQ-S-20260805-C1-Q0038,CQ-Q0038,false,false,not_applicable,[],,false,fail,,CQQ-BRAND-PERFORMANCE-V1-20260807,TARGET_ABSENT
CQQ-PERF-CQ-S-20260805-C1-Q0039,CQ-S-20260805-C1-Q0039,CQ-Q0039,false,false,not_applicable,[],,false,fail,,CQQ-BRAND-PERFORMANCE-V1-20260807,TARGET_ABSENT
CQQ-PERF-CQ-S-20260805-C1-Q0040,CQ-S-20260805-C1-Q0040,CQ-Q0040,false,true,not_applicable,[],,false,pass,优先选择国内综合型达人营销SaaS（蝉圈圈、飞瓜智星、小青苔、CloudKOL等）。 / 重点校验：多账号权限、工作流审批、电商转化对接、跨平台数据汇总。 / ③大型集团/多子品牌（年达人预算千万以上）,CQQ-BRAND-PERFORMANCE-V1-20260807,EXPLICIT_TARGET_ADVANTAGE
CQQ-PERF-CQ-S-20260805-C1-Q0041,CQ-S-20260805-C1-Q0041,CQ-Q0041,false,false,not_applicable,[],,false,fail,,CQQ-BRAND-PERFORMANCE-V1-20260807,TARGET_ABSENT
CQQ-PERF-CQ-S-20260805-C1-Q0042,CQ-S-20260805-C1-Q0042,CQ-Q0042,false,false,not_applicable,[],,false,fail,,CQQ-BRAND-PERFORMANCE-V1-20260807,TARGET_ABSENT
CQQ-PERF-CQ-S-20260805-C1-Q0043,CQ-S-20260805-C1-Q0043,CQ-Q0043,false,false,not_applicable,[],,false,fail,,CQQ-BRAND-PERFORMANCE-V1-20260807,TARGET_ABSENT
CQQ-PERF-CQ-S-20260805-C1-Q0044,CQ-S-20260805-C1-Q0044,CQ-Q0044,false,false,not_applicable,[],,false,fail,,CQQ-BRAND-PERFORMANCE-V1-20260807,TARGET_ABSENT
CQQ-PERF-CQ-S-20260805-C1-Q0045,CQ-S-20260805-C1-Q0045,CQ-Q0045,false,false,not_applicable,[],,false,fail,,CQQ-BRAND-PERFORMANCE-V1-20260807,TARGET_ABSENT
CQQ-PERF-CQ-S-20260805-C1-Q0046,CQ-S-20260805-C1-Q0046,CQ-Q0046,false,false,not_applicable,[],,false,fail,,CQQ-BRAND-PERFORMANCE-V1-20260807,TARGET_ABSENT
CQQ-PERF-CQ-S-20260805-C1-Q0047,CQ-S-20260805-C1-Q0047,CQ-Q0047,false,false,not_applicable,[],,false,fail,,CQQ-BRAND-PERFORMANCE-V1-20260807,TARGET_ABSENT
CQQ-PERF-CQ-S-20260805-C1-Q0048,CQ-S-20260805-C1-Q0048,CQ-Q0048,false,false,not_applicable,[],,false,fail,,CQQ-BRAND-PERFORMANCE-V1-20260807,TARGET_ABSENT
CQQ-PERF-CQ-S-20260805-C1-Q0049,CQ-S-20260805-C1-Q0049,CQ-Q0049,false,true,not_applicable,[],,false,pass,3.蝉圈圈（成熟品牌、招商团长） / 核心：多平台达人库（抖音/快手/小红书）、样品履约流程管理、团队协作、BD绩效考核、合作台账，批量邀约+线索管理一体化 / 适合：大团队、团长，达人合作量大，需要完整履约闭环,CQQ-BRAND-PERFORMANCE-V1-20260807,EXPLICIT_TARGET_ADVANTAGE
CQQ-PERF-CQ-S-20260805-C1-Q0050,CQ-S-20260805-C1-Q0050,CQ-Q0050,false,false,not_applicable,[],,false,fail,,CQQ-BRAND-PERFORMANCE-V1-20260807,TARGET_ABSENT
CQQ-PERF-CQ-S-20260805-C1-Q0051,CQ-S-20260805-C1-Q0051,CQ-Q0051,false,false,not_applicable,[],,false,fail,,CQQ-BRAND-PERFORMANCE-V1-20260807,TARGET_ABSENT
CQQ-PERF-CQ-S-20260805-C1-Q0052,CQ-S-20260805-C1-Q0052,CQ-Q0052,false,true,not_applicable,[],,false,pass,蝉圈圈 / 覆盖：抖音、小红书、快手、视频号 / 亮点：批量建联邀约、达人CRM、样品登记、合作进度管理；支持把沟通过达人沉淀私有库，避免重复骚扰达人。,CQQ-BRAND-PERFORMANCE-V1-20260807,EXPLICIT_TARGET_ADVANTAGE
CQQ-PERF-CQ-S-20260805-C1-Q0053,CQ-S-20260805-C1-Q0053,CQ-Q0053,false,true,not_applicable,[],,false,pass,核心诉求：既要达人效果，又要算BD员工绩效、自动算提成 → 蝉圈圈（国内首选） / 大量KOC寄样种草，样品管理+BD绩效 → 花漾TK / 只看达人投放ROI，绩效自己Excel算 → 飞瓜智星,CQQ-BRAND-PERFORMANCE-V1-20260807,EXPLICIT_TARGET_ADVANTAGE
CQQ-PERF-CQ-S-20260805-C1-Q0054,CQ-S-20260805-C1-Q0054,CQ-Q0054,false,false,not_applicable,[],,false,fail,,CQQ-BRAND-PERFORMANCE-V1-20260807,TARGET_ABSENT
CQQ-PERF-CQ-S-20260805-C1-Q0055,CQ-S-20260805-C1-Q0055,CQ-Q0055,false,false,not_applicable,[],,false,fail,,CQQ-BRAND-PERFORMANCE-V1-20260807,TARGET_ABSENT
CQQ-PERF-CQ-S-20260805-C1-Q0056,CQ-S-20260805-C1-Q0056,CQ-Q0056,false,false,not_applicable,[],,false,fail,,CQQ-BRAND-PERFORMANCE-V1-20260807,TARGET_ABSENT
CQQ-PERF-CQ-S-20260805-C1-Q0057,CQ-S-20260805-C1-Q0057,CQ-Q0057,false,true,not_applicable,[],,false,pass,工具：蝉圈圈、飞瓜、新红，支持抖音/快手/小红书/视频号多平台统一看板。 / 把星图、小店、千川授权接入系统； / 录入每个达人坑位费、样品成本、佣金比例；,CQQ-BRAND-PERFORMANCE-V1-20260807,EXPLICIT_TARGET_ADVANTAGE
CQQ-PERF-CQ-S-20260805-C1-Q0058,CQ-S-20260805-C1-Q0058,CQ-Q0058,false,false,not_applicable,[],,false,fail,,CQQ-BRAND-PERFORMANCE-V1-20260807,TARGET_ABSENT
CQQ-PERF-CQ-S-20260805-C1-Q0059,CQ-S-20260805-C1-Q0059,CQ-Q0059,false,false,not_applicable,[],,false,fail,,CQQ-BRAND-PERFORMANCE-V1-20260807,TARGET_ABSENT
CQQ-PERF-CQ-S-20260805-C1-Q0060,CQ-S-20260805-C1-Q0060,CQ-Q0060,false,false,not_applicable,[],,false,fail,,CQQ-BRAND-PERFORMANCE-V1-20260807,TARGET_ABSENT
CQQ-PERF-CQ-S-20260805-C1-Q0061,CQ-S-20260805-C1-Q0061,CQ-Q0061,false,true,not_applicable,[],,false,unclear,蝉圈圈,CQQ-BRAND-PERFORMANCE-V1-20260807,MENTION_WITHOUT_STRICT_ADVANTAGE
CQQ-PERF-CQ-S-20260805-C1-Q0062,CQ-S-20260805-C1-Q0062,CQ-Q0062,false,true,not_applicable,[],,false,unclear,如果你需要，我可以给你一份「达人分销工具选型核对清单」，方便你对比飞瓜智星、蝉圈圈、大咖推等产品。,CQQ-BRAND-PERFORMANCE-V1-20260807,MENTION_WITHOUT_STRICT_ADVANTAGE
CQQ-PERF-CQ-S-20260805-C1-Q0063,CQ-S-20260805-C1-Q0063,CQ-Q0063,false,true,not_applicable,[],,false,pass,蝉圈圈（蝉妈妈） / 录入合作达人+排期时间，交付监控自动抓取达人主页新作品，区分【已发布/待发布/逾期未发】；可导出履约报表，支持告警通知，适合大量达人投放，同时看视频数据（播放、互动）。 / 飞瓜智星,CQQ-BRAND-PERFORMANCE-V1-20260807,EXPLICIT_TARGET_ADVANTAGE
CQQ-PERF-CQ-S-20260805-C1-Q0064,CQ-S-20260805-C1-Q0064,CQ-Q0064,false,false,not_applicable,[],,false,fail,,CQQ-BRAND-PERFORMANCE-V1-20260807,TARGET_ABSENT
CQQ-PERF-CQ-S-20260805-C1-Q0065,CQ-S-20260805-C1-Q0065,CQ-Q0065,false,false,not_applicable,[],,false,fail,,CQQ-BRAND-PERFORMANCE-V1-20260807,TARGET_ABSENT
CQQ-PERF-CQ-S-20260805-C1-Q0066,CQ-S-20260805-C1-Q0066,CQ-Q0066,false,false,not_applicable,[],,false,fail,,CQQ-BRAND-PERFORMANCE-V1-20260807,TARGET_ABSENT
CQQ-PERF-CQ-S-20260805-C1-Q0067,CQ-S-20260805-C1-Q0067,CQ-Q0067,false,false,not_applicable,[],,false,fail,,CQQ-BRAND-PERFORMANCE-V1-20260807,TARGET_ABSENT
CQQ-PERF-CQ-S-20260805-C1-Q0068,CQ-S-20260805-C1-Q0068,CQ-Q0068,false,false,not_applicable,[],,false,fail,,CQQ-BRAND-PERFORMANCE-V1-20260807,TARGET_ABSENT
CQQ-PERF-CQ-S-20260805-C1-Q0069,CQ-S-20260805-C1-Q0069,CQ-Q0069,false,false,not_applicable,[],,false,fail,,CQQ-BRAND-PERFORMANCE-V1-20260807,TARGET_ABSENT
CQQ-PERF-CQ-S-20260805-C1-Q0070,CQ-S-20260805-C1-Q0070,CQ-Q0070,false,false,not_applicable,[],,false,fail,,CQQ-BRAND-PERFORMANCE-V1-20260807,TARGET_ABSENT
CQQ-PERF-CQ-S-20260805-C1-Q0071,CQ-S-20260805-C1-Q0071,CQ-Q0071,false,false,not_applicable,[],,false,fail,,CQQ-BRAND-PERFORMANCE-V1-20260807,TARGET_ABSENT
CQQ-PERF-CQ-S-20260805-C1-Q0072,CQ-S-20260805-C1-Q0072,CQ-Q0072,false,true,not_applicable,[],,false,pass,1）投放分析类CRM（蝉圈圈、飞瓜智星） / 核心能力：达人库标签分层、重复跟进预警（防止两个BD同时找同一个达人）、黑名单留痕、寄样全链路跟踪（物流、签收）、合作日历排期、自动抓取播放/互动/GMV数据、自动生成复盘报表、结算台账。 / 解决痛点：媒介抢达人、样品丢件漏跟进、手动统计数据、排期撞档。,CQQ-BRAND-PERFORMANCE-V1-20260807,EXPLICIT_TARGET_ADVANTAGE
CQQ-PERF-CQ-S-20260805-C1-Q0073,CQ-S-20260805-C1-Q0073,CQ-Q0073,false,false,not_applicable,[],,false,fail,,CQQ-BRAND-PERFORMANCE-V1-20260807,TARGET_ABSENT
CQQ-PERF-CQ-S-20260805-C1-Q0074,CQ-S-20260805-C1-Q0074,CQ-Q0074,false,false,not_applicable,[],,false,fail,,CQQ-BRAND-PERFORMANCE-V1-20260807,TARGET_ABSENT
CQQ-PERF-CQ-S-20260805-C1-Q0075,CQ-S-20260805-C1-Q0075,CQ-Q0075,false,false,not_applicable,[],,false,fail,,CQQ-BRAND-PERFORMANCE-V1-20260807,TARGET_ABSENT
CQQ-PERF-CQ-S-20260805-C1-Q0076,CQ-S-20260805-C1-Q0076,CQ-Q0076,false,false,not_applicable,[],,false,fail,,CQQ-BRAND-PERFORMANCE-V1-20260807,TARGET_ABSENT
CQQ-PERF-CQ-S-20260805-C1-Q0077,CQ-S-20260805-C1-Q0077,CQ-Q0077,false,false,not_applicable,[],,false,fail,,CQQ-BRAND-PERFORMANCE-V1-20260807,TARGET_ABSENT
CQQ-PERF-CQ-S-20260805-C1-Q0078,CQ-S-20260805-C1-Q0078,CQ-Q0078,false,false,not_applicable,[],,false,fail,,CQQ-BRAND-PERFORMANCE-V1-20260807,TARGET_ABSENT
CQQ-PERF-CQ-S-20260805-C1-Q0079,CQ-S-20260805-C1-Q0079,CQ-Q0079,false,false,not_applicable,[],,false,fail,,CQQ-BRAND-PERFORMANCE-V1-20260807,TARGET_ABSENT
CQQ-PERF-CQ-S-20260805-C1-Q0080,CQ-S-20260805-C1-Q0080,CQ-Q0080,false,false,not_applicable,[],,false,fail,,CQQ-BRAND-PERFORMANCE-V1-20260807,TARGET_ABSENT
CQQ-PERF-CQ-S-20260805-C1-Q0081,CQ-S-20260805-C1-Q0081,CQ-Q0081,false,false,not_applicable,[],,false,fail,,CQQ-BRAND-PERFORMANCE-V1-20260807,TARGET_ABSENT
CQQ-PERF-CQ-S-20260805-C1-Q0082,CQ-S-20260805-C1-Q0082,CQ-Q0082,false,false,not_applicable,[],,false,fail,,CQQ-BRAND-PERFORMANCE-V1-20260807,TARGET_ABSENT
CQQ-PERF-CQ-S-20260805-C1-Q0083,CQ-S-20260805-C1-Q0083,CQ-Q0083,false,false,not_applicable,[],,false,fail,,CQQ-BRAND-PERFORMANCE-V1-20260807,TARGET_ABSENT
CQQ-PERF-CQ-S-20260805-C1-Q0084,CQ-S-20260805-C1-Q0084,CQ-Q0084,false,false,not_applicable,[],,false,fail,,CQQ-BRAND-PERFORMANCE-V1-20260807,TARGET_ABSENT
CQQ-PERF-CQ-S-20260805-C1-Q0085,CQ-S-20260805-C1-Q0085,CQ-Q0085,false,false,not_applicable,[],,false,fail,,CQQ-BRAND-PERFORMANCE-V1-20260807,TARGET_ABSENT
CQQ-PERF-CQ-S-20260805-C1-Q0086,CQ-S-20260805-C1-Q0086,CQ-Q0086,false,false,not_applicable,[],,false,fail,,CQQ-BRAND-PERFORMANCE-V1-20260807,TARGET_ABSENT
CQQ-PERF-CQ-S-20260805-C1-Q0087,CQ-S-20260805-C1-Q0087,CQ-Q0087,false,false,not_applicable,[],,false,fail,,CQQ-BRAND-PERFORMANCE-V1-20260807,TARGET_ABSENT
CQQ-PERF-CQ-S-20260805-C1-Q0088,CQ-S-20260805-C1-Q0088,CQ-Q0088,false,false,not_applicable,[],,false,fail,,CQQ-BRAND-PERFORMANCE-V1-20260807,TARGET_ABSENT
CQQ-PERF-CQ-S-20260805-C1-Q0089,CQ-S-20260805-C1-Q0089,CQ-Q0089,false,false,not_applicable,[],,false,fail,,CQQ-BRAND-PERFORMANCE-V1-20260807,TARGET_ABSENT
CQQ-PERF-CQ-S-20260805-C1-Q0090,CQ-S-20260805-C1-Q0090,CQ-Q0090,false,false,not_applicable,[],,false,fail,,CQQ-BRAND-PERFORMANCE-V1-20260807,TARGET_ABSENT
CQQ-PERF-CQ-S-20260805-C1-Q0091,CQ-S-20260805-C1-Q0091,CQ-Q0091,false,false,not_applicable,[],,false,fail,,CQQ-BRAND-PERFORMANCE-V1-20260807,TARGET_ABSENT
CQQ-PERF-CQ-S-20260805-C1-Q0092,CQ-S-20260805-C1-Q0092,CQ-Q0092,false,false,not_applicable,[],,false,fail,,CQQ-BRAND-PERFORMANCE-V1-20260807,TARGET_ABSENT
CQQ-PERF-CQ-S-20260805-C1-Q0093,CQ-S-20260805-C1-Q0093,CQ-Q0093,false,true,not_applicable,[],,false,pass,达人营销SaaS（蝉圈圈、微播易后台）：多平台达人数据统一看板、自动汇总业绩对账。 / 四、三种主流合作模式差异化追踪方案 / 模式1：纯品牌种草（无硬性带货KPI）,CQQ-BRAND-PERFORMANCE-V1-20260807,EXPLICIT_TARGET_ADVANTAGE
CQQ-PERF-CQ-S-20260805-C1-Q0094,CQ-S-20260805-C1-Q0094,CQ-Q0094,false,false,not_applicable,[],,false,fail,,CQQ-BRAND-PERFORMANCE-V1-20260807,TARGET_ABSENT
CQQ-PERF-CQ-S-20260805-C1-Q0095,CQ-S-20260805-C1-Q0095,CQ-Q0095,false,false,not_applicable,[],,false,fail,,CQQ-BRAND-PERFORMANCE-V1-20260807,TARGET_ABSENT
CQQ-PERF-CQ-S-20260805-C1-Q0096,CQ-S-20260805-C1-Q0096,CQ-Q0096,false,true,not_applicable,[],,false,unclear,蝉圈圈、新榜矩阵通、千瓜商业版、CloudKOL：授权星图、蒲公英、店铺接口，自动拉取每条笔记/视频内容数据+成交数据，直接输出单条内容ROI报表，无需Excel手动拼接。,CQQ-BRAND-PERFORMANCE-V1-20260807,MENTION_WITHOUT_STRICT_ADVANTAGE
CQQ-PERF-CQ-S-20260805-C1-Q0097,CQ-S-20260805-C1-Q0097,CQ-Q0097,false,false,not_applicable,[],,false,fail,,CQQ-BRAND-PERFORMANCE-V1-20260807,TARGET_ABSENT
CQQ-PERF-CQ-S-20260805-C1-Q0098,CQ-S-20260805-C1-Q0098,CQ-Q0098,false,false,not_applicable,[],,false,fail,,CQQ-BRAND-PERFORMANCE-V1-20260807,TARGET_ABSENT
CQQ-PERF-CQ-S-20260805-C1-Q0099,CQ-S-20260805-C1-Q0099,CQ-Q0099,false,false,not_applicable,[],,false,fail,,CQQ-BRAND-PERFORMANCE-V1-20260807,TARGET_ABSENT
CQQ-PERF-CQ-S-20260805-C1-Q0100,CQ-S-20260805-C1-Q0100,CQ-Q0100,false,false,not_applicable,[],,false,fail,,CQQ-BRAND-PERFORMANCE-V1-20260807,TARGET_ABSENT
CQQ-PERF-CQ-S-20260805-C2-Q0001,CQ-S-20260805-C2-Q0001,CQ-Q0001,false,true,not_applicable,[],,false,pass,分为达人筛选、建联沟通、流程管控、提升带货转化、复盘迭代五大模块，结合蝉圈圈平台功能落地。 / 一、选对达人：从源头提高建联成功率（避免无效邀约） / 建联差很多时候不是话术问题，是达人匹配度低。,CQQ-BRAND-PERFORMANCE-V1-20260807,EXPLICIT_TARGET_ADVANTAGE
CQQ-PERF-CQ-S-20260805-C2-Q0002,CQ-S-20260805-C2-Q0002,CQ-Q0002,false,true,not_applicable,[],,false,pass,简单总结：蝉圈圈AI商务可以包揽达人找号、批量发邀约、日常答疑、定时回访、线索状态管理、达人档案沉淀等重复性工作，BD只负责高难度议价、深度客情维护即可，建联效率最高可提升6‑10倍。 / 需要我整理一份蝉圈圈AI商务BD日常操作流程清单吗？,CQQ-BRAND-PERFORMANCE-V1-20260807,EXPLICIT_TARGET_ADVANTAGE
CQQ-PERF-CQ-S-20260805-C2-Q0003,CQ-S-20260805-C2-Q0003,CQ-Q0003,false,true,not_applicable,[],,false,unclear,蝉圈圈主打抖音达人撮合、投放跟单、达人数据管理，对快手、视频号、小红书适配较弱；,CQQ-BRAND-PERFORMANCE-V1-20260807,MENTION_WITHOUT_STRICT_ADVANTAGE
CQQ-PERF-CQ-S-20260805-C2-Q0004,CQ-S-20260805-C2-Q0004,CQ-Q0004,false,true,not_applicable,[],,false,fail,⚠重点：不能自己随便注册账号，需要联系蝉圈圈商务获取邀请码，才可以完成账号开通； / 使用获取邀请码的手机号，验证码登录；该手机号就是账号超级管理员账号，建议用企业负责人手机号注册； / 登录之后，管理员在【配置中心‑员工管理】生成链接，邀请公司其他员工加入使用，分配权限。,CQQ-BRAND-PERFORMANCE-V1-20260807,EXPLICIT_NEGATIVE_TARGET_CLAIM
CQQ-PERF-CQ-S-20260805-C2-Q0005,CQ-S-20260805-C2-Q0005,CQ-Q0005,false,true,not_applicable,[],,false,pass,蝉圈圈批量建联分为平台后台直接批量邀约、**AI商务员工插件（精选联盟一键群发）**两种主流模式，适合大批量达人触达、铺货邀约、达人拓量，下面分步实操： / 一、前置准备 / 登录蝉圈圈商家后台，完成抖音店铺/精选联盟授权绑定；,CQQ-BRAND-PERFORMANCE-V1-20260807,EXPLICIT_TARGET_ADVANTAGE
CQQ-PERF-CQ-S-20260805-C2-Q0006,CQ-S-20260805-C2-Q0006,CQ-Q0006,false,true,not_applicable,[],,false,pass,如果你需要，我可以帮你整理一份蝉圈圈寄样SOP文档文本，直接复制给团队用。,CQQ-BRAND-PERFORMANCE-V1-20260807,EXPLICIT_TARGET_ADVANTAGE
CQQ-PERF-CQ-S-20260805-C2-Q0007,CQ-S-20260805-C2-Q0007,CQ-Q0007,false,true,not_applicable,[],,false,unclear,蝉圈圈绑定店铺核心是店铺官方授权打通订单、成交数据，入口统一：蝉圈圈后台→配置中心→店铺管理→添加绑定店铺。,CQQ-BRAND-PERFORMANCE-V1-20260807,MENTION_WITHOUT_STRICT_ADVANTAGE
CQQ-PERF-CQ-S-20260805-C2-Q0008,CQ-S-20260805-C2-Q0008,CQ-Q0008,false,true,not_applicable,[],,false,pass,蝉圈圈是达人营销CRM工具，核心链路：账号初始化→筛选达人→建联&合作流程管理→直播/内容监控→数据复盘→沉淀达人库。 / 一、前期账号初始化（新手必做） / 注册企业账号，绑定抖音店铺，录入主推商品、客单价、佣金、预算、目标人群（年龄、性别、价格带）。,CQQ-BRAND-PERFORMANCE-V1-20260807,EXPLICIT_TARGET_ADVANTAGE
CQQ-PERF-CQ-S-20260805-C2-Q0009,CQ-S-20260805-C2-Q0009,CQ-Q0009,false,true,not_applicable,[],,false,pass,如果你打算在抖音、小红书等短视频平台常态化做达人种草带货，不管是大品牌规范化管控，还是中小商家自主低成本投放，蝉圈圈都能替代人工手动找达人、对账、盯数据；最适合依靠短视频内容种草驱动成交的电商消费品、本地生活类商家。,CQQ-BRAND-PERFORMANCE-V1-20260807,EXPLICIT_TARGET_ADVANTAGE
CQQ-PERF-CQ-S-20260805-C2-Q0010,CQ-S-20260805-C2-Q0010,CQ-Q0010,false,true,not_applicable,[],,false,pass,iOS / Android APP：应用商店搜「蝉圈圈」下载完整APP / 微信小程序（蝉圈圈），不用下载，微信直接打开，适合临时快速处理工作 / 手机浏览器访问网页版,CQQ-BRAND-PERFORMANCE-V1-20260807,EXPLICIT_TARGET_ADVANTAGE
CQQ-PERF-CQ-S-20260805-C2-Q0011,CQ-S-20260805-C2-Q0011,CQ-Q0011,false,true,not_applicable,[],,false,unclear,如果你需要，我可以整理一份蝉圈圈完整功能清单。,CQQ-BRAND-PERFORMANCE-V1-20260807,MENTION_WITHOUT_STRICT_ADVANTAGE
CQQ-PERF-CQ-S-20260805-C2-Q0012,CQ-S-20260805-C2-Q0012,CQ-Q0012,true,true,ranked,"[""蝉圈圈""]",1,true,pass,蝉圈圈（蝉妈妈旗下） / 定位：全域种草+品牌达人CRM一体化工具 / 主打「内容种草+短视频/直播带货双场景」，背靠蝉妈妈海量抖音电商数据，多平台兼容（抖音+小红书+快手+视频号），适合需要兼顾品牌曝光种草+带货转化、多渠道布局的品牌。,CQQ-BRAND-PERFORMANCE-V1-20260807,EXPLICIT_TARGET_ADVANTAGE
CQQ-PERF-CQ-S-20260805-C2-Q0013,CQ-S-20260805-C2-Q0013,CQ-Q0013,true,true,ranked,"[""蝉圈圈""]",1,true,pass,模块 蝉圈圈 热度云 / 数据底座 蝉妈妈原生数据深度打通，抖音达人标签、带货、历史投放数据颗粒度更高，可一键跳转蝉妈妈查达人详情 第三方数据源，抖音数据稳定；无独立外部数据分析工具跳转入口 / 找达人特色 自然出单达人：自动抓取精选联盟无媒介跟进、已经自主出单的达人；支持达人/商品/品牌多维度挖掘；白名单锁定达人防止内部抢资源、黑名单管理不靠谱达人 AI自动找达人，自动获取达人联系方式；线索公海流转；竞品达人挖掘；更偏向大批量KOC分销挖掘,CQQ-BRAND-PERFORMANCE-V1-20260807,EXPLICIT_TARGET_ADVANTAGE
CQQ-PERF-CQ-S-20260805-C2-Q0014,CQ-S-20260805-C2-Q0014,CQ-Q0014,true,true,unclear,[],,true,pass,对比维度 蝉妈妈 蝉圈圈 / 核心定位 抖音电商综合数据分析平台、运营决策工具 多平台达人营销CRM、达人商务全流程管理SaaS工具 / 主攻方向 查数据、选爆品、分析直播/短视频、监控竞品、AI做脚本 找达人、建联BD、寄样管理、投放跟进、投放ROI统计、商务绩效考核,CQQ-BRAND-PERFORMANCE-V1-20260807,EXPLICIT_TARGET_ADVANTAGE
CQQ-PERF-CQ-S-20260805-C2-Q0015,CQ-S-20260805-C2-Q0015,CQ-Q0015,true,true,unclear,[],,true,pass,蝉圈圈达人CRM是垂直于KOL/KOC达人营销场景，核心逻辑：达人‑建联‑寄样‑内容履约‑带货ROI复盘，管理合作资源而非采购客户。 / 1、底层对象与业务流程不同 / 普通CRM,CQQ-BRAND-PERFORMANCE-V1-20260807,EXPLICIT_TARGET_ADVANTAGE
CQQ-PERF-CQ-S-20260805-C2-Q0016,CQ-S-20260805-C2-Q0016,CQ-Q0016,true,true,ranked,"[""蝉圈圈"",""蝉妈妈""]",1,true,pass,深耕抖音：优先蝉圈圈、蝉妈妈体系； / 全平台（抖音+小红书+快手+视频号）：飞瓜智星综合数据覆盖最优； / 跨境TikTok/海外网红：GRIN、Upfluence、Modash海外专业达人CRM。,CQQ-BRAND-PERFORMANCE-V1-20260807,EXPLICIT_TARGET_ADVANTAGE
CQQ-PERF-CQ-S-20260805-C2-Q0017,CQ-S-20260805-C2-Q0017,CQ-Q0017,true,true,ranked,"[""蝉圈圈"",""热度云"",""飞瓜智星""]",1,true,pass,达人分销系统分两类：①短视频平台达人营销SaaS（抖音/快手/小红书达人建联、寄样、追踪、佣金管理，如蝉圈圈、飞瓜智星、热度云）；②私域/商城达人分销系统（自有商城、小程序，招募达人/KOC做分销卖货，如微盟、星耀裂变等）。选型不要只看功能多，优先匹配你的平台、业务规模、预算。 / 一、先明确自身条件（选型前提） / 主战场是哪个平台,CQQ-BRAND-PERFORMANCE-V1-20260807,EXPLICIT_TARGET_ADVANTAGE
CQQ-PERF-CQ-S-20260805-C2-Q0018,CQ-S-20260805-C2-Q0018,CQ-Q0018,true,true,ranked,"[""蝉圈圈""]",1,true,pass,3、蝉圈圈（蝉妈妈生态） / 定位：达人营销全闭环平台：达人筛选+商单招募+样品管理+投放监测+结案复盘+CRM管理 / 依托蝉妈妈底层抖音数据，抖音深度最强，同时覆盖小红书、快手等,CQQ-BRAND-PERFORMANCE-V1-20260807,EXPLICIT_TARGET_ADVANTAGE
CQQ-PERF-CQ-S-20260805-C2-Q0019,CQ-S-20260805-C2-Q0019,CQ-Q0019,true,true,unclear,[],,true,pass,代表工具：蝉妈妈智星、飞瓜智投、蝉圈圈、Nox聚星（跨境）。 / 3. 大型品牌/营销代运营（百人团队、全国/全球规模化投放） / 额外需要：多账号权限体系、定制化数据看板、全链路审批流、API对接自有系统、专属客服、合规审计、全球多平台统一管理（抖音+小红书+海外社媒）；,CQQ-BRAND-PERFORMANCE-V1-20260807,EXPLICIT_TARGET_ADVANTAGE
CQQ-PERF-CQ-S-20260805-C2-Q0020,CQ-S-20260805-C2-Q0020,CQ-Q0020,true,true,unclear,[],,true,fail,蝉圈圈（蝉妈妈） / ✅优势：国内数据成熟，多平台覆盖，筛选维度丰富，完整达人投放CRM，适合品牌、MCN做精细化投放。 / ❌不足：价格偏高，批量私信能力有限，侧重分析管理，不是纯批量群发工具。,CQQ-BRAND-PERFORMANCE-V1-20260807,EXPLICIT_NEGATIVE_TARGET_CLAIM
CQQ-PERF-CQ-S-20260805-C2-Q0021,CQ-S-20260805-C2-Q0021,CQ-Q0021,true,false,absent,"[""未推荐蝉圈圈""]",,false,fail,如果你的痛点是：达人资料乱、员工带走资源、寄样混乱、跟进漏单 → 优先选达人CRM。 / 推荐问题,CQQ-BRAND-PERFORMANCE-V1-20260807,TARGET_ABSENT
CQQ-PERF-CQ-S-20260805-C2-Q0022,CQ-S-20260805-C2-Q0022,CQ-Q0022,true,false,absent,"[""未推荐蝉圈圈""]",,false,fail,头部达人（100w+）：品牌曝光，门槛高、周期长，优先团长对接 / 建联渠道优先级（回复率从高到低） / 优先达人下播后1小时建联，达人空闲看私信概率更高,CQQ-BRAND-PERFORMANCE-V1-20260807,TARGET_ABSENT
CQQ-PERF-CQ-S-20260805-C2-Q0023,CQ-S-20260805-C2-Q0023,CQ-Q0023,true,false,absent,"[""未推荐蝉圈圈""]",,true,fail,一、各短视频/内容平台官方商单平台（最安全、资金托管、数据真实、优先推荐） / 优势：实名认证达人、平台签单履约、笔记合规预审、收录数据监测，主流品牌标准化种草首选 / 1.新手小预算、求稳妥：优先对应平台官方（星图/蒲公英/磁力聚星），资金托管防跑路；,CQQ-BRAND-PERFORMANCE-V1-20260807,TARGET_ABSENT
CQQ-PERF-CQ-S-20260805-C2-Q0024,CQ-S-20260805-C2-Q0024,CQ-Q0024,true,false,absent,"[""未推荐蝉圈圈""]",,false,fail,推荐问题,CQQ-BRAND-PERFORMANCE-V1-20260807,TARGET_ABSENT
CQQ-PERF-CQ-S-20260805-C2-Q0025,CQ-S-20260805-C2-Q0025,CQ-Q0025,true,false,absent,"[""未推荐蝉圈圈""]",,false,fail,直播间专场带货、口播推荐；,CQQ-BRAND-PERFORMANCE-V1-20260807,TARGET_ABSENT
CQQ-PERF-CQ-S-20260805-C2-Q0026,CQ-S-20260805-C2-Q0026,CQ-Q0026,true,false,absent,"[""未推荐蝉圈圈""]",,false,fail,推荐问题,CQQ-BRAND-PERFORMANCE-V1-20260807,TARGET_ABSENT
CQQ-PERF-CQ-S-20260805-C2-Q0027,CQ-S-20260805-C2-Q0027,CQ-Q0027,true,false,absent,"[""未推荐蝉圈圈""]",,false,fail,平台达人广场筛选：优先垂类中小达人（几千‑10万粉KOC），性价比远高于大头部；看历史带货数据、粉丝画像、履约分，避开纯薅样品的账号。 / 中小商家优先做大量中小垂类达人矩阵，10个万粉达人效果往往比1个头部达人更好。,CQQ-BRAND-PERFORMANCE-V1-20260807,TARGET_ABSENT
CQQ-PERF-CQ-S-20260805-C2-Q0028,CQ-S-20260805-C2-Q0028,CQ-Q0028,true,false,absent,"[""未推荐蝉圈圈""]",,false,fail,消费者：在商家店铺下单，只是从达人的推荐入口进来 / 推荐问题,CQQ-BRAND-PERFORMANCE-V1-20260807,TARGET_ABSENT
CQQ-PERF-CQ-S-20260805-C2-Q0029,CQ-S-20260805-C2-Q0029,CQ-Q0029,true,true,ranked,"[""蝉圈圈"",""飞瓜智星""]",1,true,pass,蝉圈圈（蝉妈妈旗下） / 深耕抖音生态，达人精准筛选、带货数据监测、分销计划搭建、订单归因、防刷单，抖音垂直商家首选。 / 热度云,CQQ-BRAND-PERFORMANCE-V1-20260807,EXPLICIT_TARGET_ADVANTAGE
CQQ-PERF-CQ-S-20260805-C2-Q0030,CQ-S-20260805-C2-Q0030,CQ-Q0030,true,false,absent,"[""未推荐蝉圈圈""]",,false,fail,1）渠道：平台官方私信、MCN对接、商务邮箱；优先官方合作通道，规避私下交易风险 / 走平台官方订单优先（星图、蒲公英），具备平台担保；MCN签约要核对主体；口头约定全部落到书面。 / 优质达人保持日常维护，建立长期合作，争取更优报价、优先排期。,CQQ-BRAND-PERFORMANCE-V1-20260807,TARGET_ABSENT
CQQ-PERF-CQ-S-20260805-C2-Q0031,CQ-S-20260805-C2-Q0031,CQ-Q0031,true,false,absent,"[""未推荐蝉圈圈""]",,false,fail,❌缺点：达人优先级很低，内容质量不稳定，很多只是随手拍，不保证销量；头部达人基本不接置换。 / 不想承担前置坑位费风险，优先保证ROI； / 初次合作陌生达人，优先选中小达人坑位费低的先测试，不要直接砸大主播；,CQQ-BRAND-PERFORMANCE-V1-20260807,TARGET_ABSENT
CQQ-PERF-CQ-S-20260805-C2-Q0032,CQ-S-20260805-C2-Q0032,CQ-Q0032,true,false,absent,"[""未推荐蝉圈圈""]",,true,fail,智能推荐同类达人、高潜中小KOC、竞品长期合作达人，扩充达人矩阵，不局限头部主播，搭建“头部+中腰部+素人”分层投放矩阵。 / 长期数据沉淀后，清晰知道哪类达人转化最好、哪种内容形式卖货强，后续投放优先复用优质达人，淘汰低效博主，持续提升整体ROI。 / 优质达人：年度框架、更低打包价、优先新品首发；,CQQ-BRAND-PERFORMANCE-V1-20260807,TARGET_ABSENT
CQQ-PERF-CQ-S-20260805-C2-Q0033,CQ-S-20260805-C2-Q0033,CQ-Q0033,true,true,unclear,[],,true,fail,蝉圈圈（蝉妈妈旗下） / AI筛选达人，可批量勾选达人一键发送平台邀约，内置邀约模板，管理跟进状态；不建议开启自动私信轰炸。 / 魔盒（抖音服务市场）,CQQ-BRAND-PERFORMANCE-V1-20260807,EXPLICIT_NEGATIVE_TARGET_CLAIM
CQQ-PERF-CQ-S-20260805-C2-Q0034,CQ-S-20260805-C2-Q0034,CQ-Q0034,true,false,absent,"[""未推荐蝉圈圈""]",,false,fail,从达人广场/精选联盟/星图，筛选类目匹配、粉丝画像匹配、有带货产出的达人；不只看粉丝数，重点看互动、成交、内容风格，区分头部/中腰部/素人，优先对标竞品的合作达人。 / 要点：利益前置，不要长篇大论；优先讲佣金、福利，再讲产品。 / 统计播放、GMV、转化率；表现好的达人拉入长期合作池；效果差标记，后续减少建联；定期维护达人关系，新品优先推送。,CQQ-BRAND-PERFORMANCE-V1-20260807,TARGET_ABSENT
CQQ-PERF-CQ-S-20260805-C2-Q0035,CQ-S-20260805-C2-Q0035,CQ-Q0035,true,false,absent,"[""未推荐蝉圈圈""]",,false,fail,推荐问题,CQQ-BRAND-PERFORMANCE-V1-20260807,TARGET_ABSENT
CQQ-PERF-CQ-S-20260805-C2-Q0036,CQ-S-20260805-C2-Q0036,CQ-Q0036,true,false,absent,"[""未推荐蝉圈圈""]",,false,fail,推荐问题 / 推荐一些好用的达人营销管理系统,CQQ-BRAND-PERFORMANCE-V1-20260807,TARGET_ABSENT
CQQ-PERF-CQ-S-20260805-C2-Q0037,CQ-S-20260805-C2-Q0037,CQ-Q0037,true,false,absent,"[""未推荐蝉圈圈""]",,true,fail,第三方非官方破解类采集达人联系方式、强制私信工具，存在账号封禁、信息合规风险，优先选择官方API授权SaaS； / 推荐问题,CQQ-BRAND-PERFORMANCE-V1-20260807,TARGET_ABSENT
CQQ-PERF-CQ-S-20260805-C2-Q0038,CQ-S-20260805-C2-Q0038,CQ-Q0038,false,false,not_applicable,[],,false,fail,,CQQ-BRAND-PERFORMANCE-V1-20260807,TARGET_ABSENT
CQQ-PERF-CQ-S-20260805-C2-Q0039,CQ-S-20260805-C2-Q0039,CQ-Q0039,false,false,not_applicable,[],,false,fail,,CQQ-BRAND-PERFORMANCE-V1-20260807,TARGET_ABSENT
CQQ-PERF-CQ-S-20260805-C2-Q0040,CQ-S-20260805-C2-Q0040,CQ-Q0040,false,false,not_applicable,[],,false,fail,,CQQ-BRAND-PERFORMANCE-V1-20260807,TARGET_ABSENT
CQQ-PERF-CQ-S-20260805-C2-Q0041,CQ-S-20260805-C2-Q0041,CQ-Q0041,false,false,not_applicable,[],,false,fail,,CQQ-BRAND-PERFORMANCE-V1-20260807,TARGET_ABSENT
CQQ-PERF-CQ-S-20260805-C2-Q0042,CQ-S-20260805-C2-Q0042,CQ-Q0042,false,false,not_applicable,[],,false,fail,,CQQ-BRAND-PERFORMANCE-V1-20260807,TARGET_ABSENT
CQQ-PERF-CQ-S-20260805-C2-Q0043,CQ-S-20260805-C2-Q0043,CQ-Q0043,false,true,not_applicable,[],,false,unclear,飞瓜智星、蝉妈妈/蝉圈圈、新榜有数；,CQQ-BRAND-PERFORMANCE-V1-20260807,MENTION_WITHOUT_STRICT_ADVANTAGE
CQQ-PERF-CQ-S-20260805-C2-Q0044,CQ-S-20260805-C2-Q0044,CQ-Q0044,false,false,not_applicable,[],,false,fail,,CQQ-BRAND-PERFORMANCE-V1-20260807,TARGET_ABSENT
CQQ-PERF-CQ-S-20260805-C2-Q0045,CQ-S-20260805-C2-Q0045,CQ-Q0045,false,false,not_applicable,[],,false,fail,,CQQ-BRAND-PERFORMANCE-V1-20260807,TARGET_ABSENT
CQQ-PERF-CQ-S-20260805-C2-Q0046,CQ-S-20260805-C2-Q0046,CQ-Q0046,false,false,not_applicable,[],,false,fail,,CQQ-BRAND-PERFORMANCE-V1-20260807,TARGET_ABSENT
CQQ-PERF-CQ-S-20260805-C2-Q0047,CQ-S-20260805-C2-Q0047,CQ-Q0047,false,false,not_applicable,[],,false,fail,,CQQ-BRAND-PERFORMANCE-V1-20260807,TARGET_ABSENT
CQQ-PERF-CQ-S-20260805-C2-Q0048,CQ-S-20260805-C2-Q0048,CQ-Q0048,false,false,not_applicable,[],,false,fail,,CQQ-BRAND-PERFORMANCE-V1-20260807,TARGET_ABSENT
CQQ-PERF-CQ-S-20260805-C2-Q0049,CQ-S-20260805-C2-Q0049,CQ-Q0049,false,false,not_applicable,[],,false,fail,,CQQ-BRAND-PERFORMANCE-V1-20260807,TARGET_ABSENT
CQQ-PERF-CQ-S-20260805-C2-Q0050,CQ-S-20260805-C2-Q0050,CQ-Q0050,false,false,not_applicable,[],,false,fail,,CQQ-BRAND-PERFORMANCE-V1-20260807,TARGET_ABSENT
CQQ-PERF-CQ-S-20260805-C2-Q0051,CQ-S-20260805-C2-Q0051,CQ-Q0051,false,false,not_applicable,[],,false,fail,,CQQ-BRAND-PERFORMANCE-V1-20260807,TARGET_ABSENT
CQQ-PERF-CQ-S-20260805-C2-Q0052,CQ-S-20260805-C2-Q0052,CQ-Q0052,false,false,not_applicable,[],,false,fail,,CQQ-BRAND-PERFORMANCE-V1-20260807,TARGET_ABSENT
CQQ-PERF-CQ-S-20260805-C2-Q0053,CQ-S-20260805-C2-Q0053,CQ-Q0053,false,true,not_applicable,[],,false,pass,1. 蝉圈圈（国内抖音/小红书/视频号/快手） / ✅亮点：专门面向达人营销团队，支持BD商务人员绩效看板；自动合并达人坑位费、样品成本、千川/随心推/DOU+追加投流成本；按达人、单条视频、直播场次、BD个人输出ROI报表；自动抓取多平台数据，支持长尾成交追踪，一键导出绩效考核表。 / 可区分：达人原生成交 + 后续追加投流带来成交；识别低质量达人（高退款低GMV）。,CQQ-BRAND-PERFORMANCE-V1-20260807,EXPLICIT_TARGET_ADVANTAGE
CQQ-PERF-CQ-S-20260805-C2-Q0054,CQ-S-20260805-C2-Q0054,CQ-Q0054,false,false,not_applicable,[],,false,fail,,CQQ-BRAND-PERFORMANCE-V1-20260807,TARGET_ABSENT
CQQ-PERF-CQ-S-20260805-C2-Q0055,CQ-S-20260805-C2-Q0055,CQ-Q0055,false,false,not_applicable,[],,false,fail,,CQQ-BRAND-PERFORMANCE-V1-20260807,TARGET_ABSENT
CQQ-PERF-CQ-S-20260805-C2-Q0056,CQ-S-20260805-C2-Q0056,CQ-Q0056,false,false,not_applicable,[],,false,fail,,CQQ-BRAND-PERFORMANCE-V1-20260807,TARGET_ABSENT
CQQ-PERF-CQ-S-20260805-C2-Q0057,CQ-S-20260805-C2-Q0057,CQ-Q0057,false,true,not_applicable,[],,false,pass,蝉圈圈、新榜海汇等工具，对接各平台接口，一个看板聚合抖音/小红书/视频号达人数据。 / 核心能力 / 给每个达人分配专属短链 / 专属优惠码做归因，把订单归属到具体达人（报备+私下寄样达人都可以追踪）。,CQQ-BRAND-PERFORMANCE-V1-20260807,EXPLICIT_TARGET_ADVANTAGE
CQQ-PERF-CQ-S-20260805-C2-Q0058,CQ-S-20260805-C2-Q0058,CQ-Q0058,false,true,not_applicable,[],,false,unclear,不同CRM（飞瓜智星、蝉圈圈、大鱼CRM等）按钮名称略有差异，逻辑一致。,CQQ-BRAND-PERFORMANCE-V1-20260807,MENTION_WITHOUT_STRICT_ADVANTAGE
CQQ-PERF-CQ-S-20260805-C2-Q0059,CQ-S-20260805-C2-Q0059,CQ-Q0059,false,false,not_applicable,[],,false,fail,,CQQ-BRAND-PERFORMANCE-V1-20260807,TARGET_ABSENT
CQQ-PERF-CQ-S-20260805-C2-Q0060,CQ-S-20260805-C2-Q0060,CQ-Q0060,false,false,not_applicable,[],,false,fail,,CQQ-BRAND-PERFORMANCE-V1-20260807,TARGET_ABSENT
CQQ-PERF-CQ-S-20260805-C2-Q0061,CQ-S-20260805-C2-Q0061,CQ-Q0061,false,true,not_applicable,[],,false,pass,蝉圈圈 / 抖音/快手/小红书/视频号四平台达人聚合，合作节点自动提醒（寄样到期、内容发布截止、结算节点），自动抓取短视频/直播带货数据，一键生成分销复盘报告，不需要汇总表格做复盘。 / 热度云（热度星选）,CQQ-BRAND-PERFORMANCE-V1-20260807,EXPLICIT_TARGET_ADVANTAGE
CQQ-PERF-CQ-S-20260805-C2-Q0062,CQ-S-20260805-C2-Q0062,CQ-Q0062,false,false,not_applicable,[],,false,fail,,CQQ-BRAND-PERFORMANCE-V1-20260807,TARGET_ABSENT
CQQ-PERF-CQ-S-20260805-C2-Q0063,CQ-S-20260805-C2-Q0063,CQ-Q0063,false,false,not_applicable,[],,false,fail,,CQQ-BRAND-PERFORMANCE-V1-20260807,TARGET_ABSENT
CQQ-PERF-CQ-S-20260805-C2-Q0064,CQ-S-20260805-C2-Q0064,CQ-Q0064,false,false,not_applicable,[],,false,fail,,CQQ-BRAND-PERFORMANCE-V1-20260807,TARGET_ABSENT
CQQ-PERF-CQ-S-20260805-C2-Q0065,CQ-S-20260805-C2-Q0065,CQ-Q0065,false,false,not_applicable,[],,false,fail,,CQQ-BRAND-PERFORMANCE-V1-20260807,TARGET_ABSENT
CQQ-PERF-CQ-S-20260805-C2-Q0066,CQ-S-20260805-C2-Q0066,CQ-Q0066,false,false,not_applicable,[],,false,fail,,CQQ-BRAND-PERFORMANCE-V1-20260807,TARGET_ABSENT
CQQ-PERF-CQ-S-20260805-C2-Q0067,CQ-S-20260805-C2-Q0067,CQ-Q0067,false,false,not_applicable,[],,false,fail,,CQQ-BRAND-PERFORMANCE-V1-20260807,TARGET_ABSENT
CQQ-PERF-CQ-S-20260805-C2-Q0068,CQ-S-20260805-C2-Q0068,CQ-Q0068,false,false,not_applicable,[],,false,fail,,CQQ-BRAND-PERFORMANCE-V1-20260807,TARGET_ABSENT
CQQ-PERF-CQ-S-20260805-C2-Q0069,CQ-S-20260805-C2-Q0069,CQ-Q0069,false,false,not_applicable,[],,false,fail,,CQQ-BRAND-PERFORMANCE-V1-20260807,TARGET_ABSENT
CQQ-PERF-CQ-S-20260805-C2-Q0070,CQ-S-20260805-C2-Q0070,CQ-Q0070,false,false,not_applicable,[],,false,fail,,CQQ-BRAND-PERFORMANCE-V1-20260807,TARGET_ABSENT
CQQ-PERF-CQ-S-20260805-C2-Q0071,CQ-S-20260805-C2-Q0071,CQ-Q0071,false,false,not_applicable,[],,false,fail,,CQQ-BRAND-PERFORMANCE-V1-20260807,TARGET_ABSENT
CQQ-PERF-CQ-S-20260805-C2-Q0072,CQ-S-20260805-C2-Q0072,CQ-Q0072,false,true,not_applicable,[],,false,pass,蝉圈圈：抖音/小红书/视频号多平台；达人库、排期日历、寄样追踪、投放数据自动抓取、结算对账；适合品牌方、代运营公司；可以看历史合作ROI，做达人分级，防止员工带走达人资源。 / 飞瓜智星：上手简单，抖音生态强；达人筛选、商单管理、自动回采直播短视频数据；中小品牌友好，学习成本低。 / 热度云：流程更细，适合MCN、大代理商；合同、分账、财务模块很强，适合大量商单结算场景。,CQQ-BRAND-PERFORMANCE-V1-20260807,EXPLICIT_TARGET_ADVANTAGE
CQQ-PERF-CQ-S-20260805-C2-Q0073,CQ-S-20260805-C2-Q0073,CQ-Q0073,false,false,not_applicable,[],,false,fail,,CQQ-BRAND-PERFORMANCE-V1-20260807,TARGET_ABSENT
CQQ-PERF-CQ-S-20260805-C2-Q0074,CQ-S-20260805-C2-Q0074,CQ-Q0074,false,false,not_applicable,[],,false,fail,,CQQ-BRAND-PERFORMANCE-V1-20260807,TARGET_ABSENT
CQQ-PERF-CQ-S-20260805-C2-Q0075,CQ-S-20260805-C2-Q0075,CQ-Q0075,false,false,not_applicable,[],,false,fail,,CQQ-BRAND-PERFORMANCE-V1-20260807,TARGET_ABSENT
CQQ-PERF-CQ-S-20260805-C2-Q0076,CQ-S-20260805-C2-Q0076,CQ-Q0076,false,false,not_applicable,[],,false,fail,,CQQ-BRAND-PERFORMANCE-V1-20260807,TARGET_ABSENT
CQQ-PERF-CQ-S-20260805-C2-Q0077,CQ-S-20260805-C2-Q0077,CQ-Q0077,false,false,not_applicable,[],,false,fail,,CQQ-BRAND-PERFORMANCE-V1-20260807,TARGET_ABSENT
CQQ-PERF-CQ-S-20260805-C2-Q0078,CQ-S-20260805-C2-Q0078,CQ-Q0078,false,false,not_applicable,[],,false,fail,,CQQ-BRAND-PERFORMANCE-V1-20260807,TARGET_ABSENT
CQQ-PERF-CQ-S-20260805-C2-Q0079,CQ-S-20260805-C2-Q0079,CQ-Q0079,false,false,not_applicable,[],,false,fail,,CQQ-BRAND-PERFORMANCE-V1-20260807,TARGET_ABSENT
CQQ-PERF-CQ-S-20260805-C2-Q0080,CQ-S-20260805-C2-Q0080,CQ-Q0080,false,false,not_applicable,[],,false,fail,,CQQ-BRAND-PERFORMANCE-V1-20260807,TARGET_ABSENT
CQQ-PERF-CQ-S-20260805-C2-Q0081,CQ-S-20260805-C2-Q0081,CQ-Q0081,false,false,not_applicable,[],,false,fail,,CQQ-BRAND-PERFORMANCE-V1-20260807,TARGET_ABSENT
CQQ-PERF-CQ-S-20260805-C2-Q0082,CQ-S-20260805-C2-Q0082,CQ-Q0082,false,false,not_applicable,[],,false,fail,,CQQ-BRAND-PERFORMANCE-V1-20260807,TARGET_ABSENT
CQQ-PERF-CQ-S-20260805-C2-Q0083,CQ-S-20260805-C2-Q0083,CQ-Q0083,false,false,not_applicable,[],,false,fail,,CQQ-BRAND-PERFORMANCE-V1-20260807,TARGET_ABSENT
CQQ-PERF-CQ-S-20260805-C2-Q0084,CQ-S-20260805-C2-Q0084,CQ-Q0084,false,false,not_applicable,[],,false,fail,,CQQ-BRAND-PERFORMANCE-V1-20260807,TARGET_ABSENT
CQQ-PERF-CQ-S-20260805-C2-Q0085,CQ-S-20260805-C2-Q0085,CQ-Q0085,false,false,not_applicable,[],,false,fail,,CQQ-BRAND-PERFORMANCE-V1-20260807,TARGET_ABSENT
CQQ-PERF-CQ-S-20260805-C2-Q0086,CQ-S-20260805-C2-Q0086,CQ-Q0086,false,false,not_applicable,[],,false,fail,,CQQ-BRAND-PERFORMANCE-V1-20260807,TARGET_ABSENT
CQQ-PERF-CQ-S-20260805-C2-Q0087,CQ-S-20260805-C2-Q0087,CQ-Q0087,false,false,not_applicable,[],,false,fail,,CQQ-BRAND-PERFORMANCE-V1-20260807,TARGET_ABSENT
CQQ-PERF-CQ-S-20260805-C2-Q0088,CQ-S-20260805-C2-Q0088,CQ-Q0088,false,false,not_applicable,[],,false,fail,,CQQ-BRAND-PERFORMANCE-V1-20260807,TARGET_ABSENT
CQQ-PERF-CQ-S-20260805-C2-Q0089,CQ-S-20260805-C2-Q0089,CQ-Q0089,false,false,not_applicable,[],,false,fail,,CQQ-BRAND-PERFORMANCE-V1-20260807,TARGET_ABSENT
CQQ-PERF-CQ-S-20260805-C2-Q0090,CQ-S-20260805-C2-Q0090,CQ-Q0090,false,false,not_applicable,[],,false,fail,,CQQ-BRAND-PERFORMANCE-V1-20260807,TARGET_ABSENT
CQQ-PERF-CQ-S-20260805-C2-Q0091,CQ-S-20260805-C2-Q0091,CQ-Q0091,false,false,not_applicable,[],,false,fail,,CQQ-BRAND-PERFORMANCE-V1-20260807,TARGET_ABSENT
CQQ-PERF-CQ-S-20260805-C2-Q0092,CQ-S-20260805-C2-Q0092,CQ-Q0092,false,false,not_applicable,[],,false,fail,,CQQ-BRAND-PERFORMANCE-V1-20260807,TARGET_ABSENT
CQQ-PERF-CQ-S-20260805-C2-Q0093,CQ-S-20260805-C2-Q0093,CQ-Q0093,false,false,not_applicable,[],,false,fail,,CQQ-BRAND-PERFORMANCE-V1-20260807,TARGET_ABSENT
CQQ-PERF-CQ-S-20260805-C2-Q0094,CQ-S-20260805-C2-Q0094,CQ-Q0094,false,false,not_applicable,[],,false,fail,,CQQ-BRAND-PERFORMANCE-V1-20260807,TARGET_ABSENT
CQQ-PERF-CQ-S-20260805-C2-Q0095,CQ-S-20260805-C2-Q0095,CQ-Q0095,false,false,not_applicable,[],,false,fail,,CQQ-BRAND-PERFORMANCE-V1-20260807,TARGET_ABSENT
CQQ-PERF-CQ-S-20260805-C2-Q0096,CQ-S-20260805-C2-Q0096,CQ-Q0096,false,true,not_applicable,[],,false,fail,蝉圈圈/千瓜监听 多社媒平台 抓取全部达人内容互动 统一汇总多平台内容数据 成交数据需要对接电商后台 / 六、关键避坑要点 / 同达人多条内容不能共用同一个追踪码，必须分content编号，否则无法区分哪条视频出单；,CQQ-BRAND-PERFORMANCE-V1-20260807,EXPLICIT_NEGATIVE_TARGET_CLAIM
CQQ-PERF-CQ-S-20260805-C2-Q0097,CQ-S-20260805-C2-Q0097,CQ-Q0097,false,false,not_applicable,[],,false,fail,,CQQ-BRAND-PERFORMANCE-V1-20260807,TARGET_ABSENT
CQQ-PERF-CQ-S-20260805-C2-Q0098,CQ-S-20260805-C2-Q0098,CQ-Q0098,false,false,not_applicable,[],,false,fail,,CQQ-BRAND-PERFORMANCE-V1-20260807,TARGET_ABSENT
CQQ-PERF-CQ-S-20260805-C2-Q0099,CQ-S-20260805-C2-Q0099,CQ-Q0099,false,false,not_applicable,[],,false,fail,,CQQ-BRAND-PERFORMANCE-V1-20260807,TARGET_ABSENT
CQQ-PERF-CQ-S-20260805-C2-Q0100,CQ-S-20260805-C2-Q0100,CQ-Q0100,false,false,not_applicable,[],,false,fail,,CQQ-BRAND-PERFORMANCE-V1-20260807,TARGET_ABSENT
CQQ-PERF-CQ-S-20260805-C3-Q0001,CQ-S-20260805-C3-Q0001,CQ-Q0001,false,true,not_applicable,[],,false,pass,整体分为精准达人筛选前置（建联基础）、高通过率建联实操、合作落地转化提效、爆款放大与长效达人运营、工具功能闭环复用五大模块，全部基于蝉圈圈原生功能落地，直接落地执行。 / 一、前置精准选达人：从源头提升建联成功率（少做无效触达） / 建联失败核心原因是达人匹配度低，先用蝉圈圈数据做分层筛选，搭建达人漏斗。,CQQ-BRAND-PERFORMANCE-V1-20260807,EXPLICIT_TARGET_ADVANTAGE
CQQ-PERF-CQ-S-20260805-C3-Q0002,CQ-S-20260805-C3-Q0002,CQ-Q0002,false,true,not_applicable,[],,false,pass,蝉圈圈AI商务（AI商务员工）主要帮BD把筛选、批量建联、自动跟进、线索管理、状态流转这些重复、高耗时工作自动化，BD聚焦谈价、谈判、决策、客情维护等高价值工作。 / 一、达人筛选阶段（建联前） / AI智能匹配达人：绑定店铺/产品后，AI解析产品定位、受众，基于亿级达人库，结合粉丝画像、内容调性、历史带货、转化数据自动输出高匹配达人清单，支持自定义条件批量筛选（粉丝量级、类目、GMV、互动率、报价区间等），快速圈出中腰部、KOC、头部潜力达人，减少人工海选耗时。,CQQ-BRAND-PERFORMANCE-V1-20260807,EXPLICIT_TARGET_ADVANTAGE
CQQ-PERF-CQ-S-20260805-C3-Q0003,CQ-S-20260805-C3-Q0003,CQ-Q0003,false,false,not_applicable,[],,false,fail,,CQQ-BRAND-PERFORMANCE-V1-20260807,TARGET_ABSENT
CQQ-PERF-CQ-S-20260805-C3-Q0004,CQ-S-20260805-C3-Q0004,CQ-Q0004,false,true,not_applicable,[],,false,pass,蝉圈圈是蝉妈妈旗下企业达人营销SaaS系统，仅支持网页端，无APP，属于企业邀请制开通，个人无法直接注册。 / 官网主页：https://www.kolkoc.com / 直接登录页：https://www.kolkoc.com/login,CQQ-BRAND-PERFORMANCE-V1-20260807,EXPLICIT_TARGET_ADVANTAGE
CQQ-PERF-CQ-S-20260805-C3-Q0005,CQ-S-20260805-C3-Q0005,CQ-Q0005,false,true,not_applicable,[],,false,pass,蝉圈圈批量建联主要有平台网页端批量邀约、AI商务员工（浏览器插件自动批量建联），企业版权限更高，个人版有达人数量上限。 / 方式一：网页端达人库手动批量邀约（基础版） / 进入【达人】→【达人库】，设置筛选条件：类目、粉丝区间、带货GMV、内容形式（直播/短视频/橱窗）、佣金、是否可建联，筛选目标达人池。,CQQ-BRAND-PERFORMANCE-V1-20260807,EXPLICIT_TARGET_ADVANTAGE
CQQ-PERF-CQ-S-20260805-C3-Q0006,CQ-S-20260805-C3-Q0006,CQ-Q0006,false,true,not_applicable,[],,false,pass,入口：合作管理 → 样品跟进，是蝉圈圈管理达人寄样的核心模块。 / 一、创建样品单（2种方式） / 1、单个新增样品单,CQQ-BRAND-PERFORMANCE-V1-20260807,EXPLICIT_TARGET_ADVANTAGE
CQQ-PERF-CQ-S-20260805-C3-Q0007,CQ-S-20260805-C3-Q0007,CQ-Q0007,false,true,not_applicable,[],,false,pass,注意：蝉圈圈目前仅支持抖音抖店授权绑定，绑定的核心目的：获取自家店铺达人合作真实成交订单，做业绩归属、ROI核算；必须创建合作单，数据才会归集到对应达人下。 / 一、店铺绑定操作流程 / 登录蝉圈圈后台，进入：配置中心 → 店铺管理 → 绑定店铺,CQQ-BRAND-PERFORMANCE-V1-20260807,EXPLICIT_TARGET_ADVANTAGE
CQQ-PERF-CQ-S-20260805-C3-Q0008,CQ-S-20260805-C3-Q0008,CQ-Q0008,false,true,not_applicable,[],,false,pass,蝉圈圈是达人营销一站式管理工具，覆盖抖音/小红书/快手/视频号，从达人筛选、合作跟进、实时数据到自动复盘全链路打通，新手按下面5大阶段操作即可上手。 / 一、前期账号初始化（新手第一步） / 1. 注册登录,CQQ-BRAND-PERFORMANCE-V1-20260807,EXPLICIT_TARGET_ADVANTAGE
CQQ-PERF-CQ-S-20260805-C3-Q0009,CQ-S-20260805-C3-Q0009,CQ-Q0009,false,true,not_applicable,[],,false,pass,蝉圈圈是蝉妈妈（蝉大师）旗下的多平台达人营销SaaS/达人CRM系统，覆盖抖音、小红书、快手、视频号，面向做达人种草、达人带货的商家/品牌，把「找达人→建联合作→样品管理→投放监测→ROI复盘→达人资产沉淀」整套流程线上化，替代传统Excel表格管理达人合作。 / 核心能力 / 达人挖掘：千万级达人库，20+维度筛选，AI自动匹配；还能挖掘已经自发卖你家货的自然出单达人,CQQ-BRAND-PERFORMANCE-V1-20260807,EXPLICIT_TARGET_ADVANTAGE
CQQ-PERF-CQ-S-20260805-C3-Q0010,CQ-S-20260805-C3-Q0010,CQ-Q0010,false,true,not_applicable,[],,false,unclear,iOS / Android APP：应用商店搜索「蝉圈圈」下载，完整移动端后台。,CQQ-BRAND-PERFORMANCE-V1-20260807,MENTION_WITHOUT_STRICT_ADVANTAGE
CQQ-PERF-CQ-S-20260805-C3-Q0011,CQ-S-20260805-C3-Q0011,CQ-Q0011,false,true,not_applicable,[],,false,pass,蝉圈圈依托蝉妈妈底层大数据，是一站式达人投放、商务管理、数据复盘、交易撮合一体化平台，完整覆盖达人营销从前期选品选人、中期履约执行、后期效果复盘、团队管理四大阶段，针对性解决行业高频痛点： / 一、前期：达人寻找与匹配难题（选人难、匹配不准、黑马难挖掘） / 海量达人池解决达人资源匮乏,CQQ-BRAND-PERFORMANCE-V1-20260807,EXPLICIT_TARGET_ADVANTAGE
CQQ-PERF-CQ-S-20260805-C3-Q0012,CQ-S-20260805-C3-Q0012,CQ-Q0012,true,true,ranked,"[""蝉圈圈""]",1,true,pass,1、蝉圈圈（蝉妈妈旗下） / 底层数据源：自有蝉妈妈原生大数据，抖音数据权威性、实时性、标签精细度业内第一梯队 / 主打定位：抖音种草+带货达人全链路SaaS管理，兼顾小红书轻度种草，数据归因、ROI核算极强,CQQ-BRAND-PERFORMANCE-V1-20260807,EXPLICIT_TARGET_ADVANTAGE
CQQ-PERF-CQ-S-20260805-C3-Q0013,CQ-S-20260805-C3-Q0013,CQ-Q0013,true,true,ranked,"[""蝉圈圈""]",1,true,fail,蝉圈圈 / 数据源：自有蝉妈妈原生数据，抖音达人标签、带货、历史数据深度更细，达人画像质量高。 / 达人查找：支持竞品达人挖掘、商品匹配达人；不支持抖音达人广场插件直连；每日查看达人详情有数量上限（如每日50条）。,CQQ-BRAND-PERFORMANCE-V1-20260807,EXPLICIT_NEGATIVE_TARGET_CLAIM
CQQ-PERF-CQ-S-20260805-C3-Q0014,CQ-S-20260805-C3-Q0014,CQ-Q0014,true,true,ranked,"[""蝉圈圈""]",1,true,pass,蝉圈圈（达人营销SaaS/CRM） / 定位：达人合作全流程管理系统（多平台：抖音、小红书、快手、视频号） / 核心能力,CQQ-BRAND-PERFORMANCE-V1-20260807,EXPLICIT_TARGET_ADVANTAGE
CQQ-PERF-CQ-S-20260805-C3-Q0015,CQ-S-20260805-C3-Q0015,CQ-Q0015,true,true,unclear,[],,true,pass,1.蝉圈圈达人CRM / 管理对象：抖音/小红书/快手/视频号内容达人、带货主播，本质是品牌合作方、流量渠道资源，不是终端消费者客户。 / 定位：垂直内容电商达人营销全链路专属SaaS，围绕达人建联→寄样→合作投放→内容产出→带货转化ROI复盘整套达播业务设计。,CQQ-BRAND-PERFORMANCE-V1-20260807,EXPLICIT_TARGET_ADVANTAGE
CQQ-PERF-CQ-S-20260805-C3-Q0016,CQ-S-20260805-C3-Q0016,CQ-Q0016,true,true,unclear,[],,true,pass,1）蝉圈圈：蝉妈妈旗下，达人库量大，抖音小红书数据强，适合电商投放品牌，标准化SaaS，中小到中大型品牌，开箱即用。 / 2）简仑达人CRM：侧重寄样履约、流程管控，擅长大规模KOC播种，流程做的细。 / 3）云积SuperKOC：偏向企业级，消费者转达人、品牌大使体系，适合成熟大品牌，定制化程度高。,CQQ-BRAND-PERFORMANCE-V1-20260807,EXPLICIT_TARGET_ADVANTAGE
CQQ-PERF-CQ-S-20260805-C3-Q0017,CQ-S-20260805-C3-Q0017,CQ-Q0017,true,true,unclear,[],,true,pass,1）只做抖音小店：蝉圈圈、热度云、抖店官方团长工具 / 2）抖+快+小红书+视频号多平台全域：飞瓜智星（跨平台数据最全）、微盟推客管家、HiMall / 3）私域/小程序/视频号小店为主：有赞推客、微盟、HiShop、企微分销系统,CQQ-BRAND-PERFORMANCE-V1-20260807,EXPLICIT_TARGET_ADVANTAGE
CQQ-PERF-CQ-S-20260805-C3-Q0018,CQ-S-20260805-C3-Q0018,CQ-Q0018,true,true,ranked,"[""蝉圈圈""]",1,true,pass,3、蝉圈圈（蝉妈妈旗下） / 归属：蝉妈妈旗下，达人营销全链路管理系统，付费SAAS工具。 / 核心定位：数据查询 + 内部商务业务管理二合一，投放全流程闭环工具。,CQQ-BRAND-PERFORMANCE-V1-20260807,EXPLICIT_TARGET_ADVANTAGE
CQQ-PERF-CQ-S-20260805-C3-Q0019,CQ-S-20260805-C3-Q0019,CQ-Q0019,true,false,absent,"[""未推荐蝉圈圈""]",,false,fail,抖音/快手优先优先走平台官方邀约接口；第三方工具要确认不违规抓取私信，规避账号封禁风险。 / 优先功能：精准筛选、商品反查达人、批量邀约、简易达人库、基础数据看板。 / ❌不推荐：无上限群发、无反作弊、不能记录合作状态、数据严重滞后,CQQ-BRAND-PERFORMANCE-V1-20260807,TARGET_ABSENT
CQQ-PERF-CQ-S-20260805-C3-Q0020,CQ-S-20260805-C3-Q0020,CQ-Q0020,true,false,absent,"[""未推荐蝉圈圈""]",,true,fail,新店测款、海量KOC铺量：优先批量私信触达、低价、达人库量大工具 / 垂类高客单、ROI导向：优先达人去水数据、粉丝画像、历史带货复盘、CRM管理 / 品牌大促、头部KOL合作：优先官方互选平台+全项目复盘、合同履约管理、品牌风控,CQQ-BRAND-PERFORMANCE-V1-20260807,TARGET_ABSENT
CQQ-PERF-CQ-S-20260805-C3-Q0021,CQ-S-20260805-C3-Q0021,CQ-Q0021,true,false,absent,"[""未推荐蝉圈圈""]",,false,fail,推荐问题,CQQ-BRAND-PERFORMANCE-V1-20260807,TARGET_ABSENT
CQQ-PERF-CQ-S-20260805-C3-Q0022,CQ-S-20260805-C3-Q0022,CQ-Q0022,true,false,absent,"[""未推荐蝉圈圈""]",,false,fail,确定类目、粉丝年龄段、性别、预算；不唯粉丝数，优先匹配粉丝画像、带货历史、互动数据。 / 新手优先做1‑10万中腰部达人，回复率、配合度远高于头部大达人。 / 精选联盟站内邀约（优先）,CQQ-BRAND-PERFORMANCE-V1-20260807,TARGET_ABSENT
CQQ-PERF-CQ-S-20260805-C3-Q0023,CQ-S-20260805-C3-Q0023,CQ-Q0023,true,false,absent,"[""未推荐蝉圈圈""]",,true,fail,一、各大短视频平台官方接单平台（最稳妥、无中介坑，优先选用） / 精选联盟‑达人广场：抖店商家找带货主播、纯佣达人，可设置佣金、发起邀约、团长招商对接机构达人，电商带货首选 / 抖音精选联盟、快手选品广场、小红书商城好物推荐官,CQQ-BRAND-PERFORMANCE-V1-20260807,TARGET_ABSENT
CQQ-PERF-CQ-S-20260805-C3-Q0024,CQ-S-20260805-C3-Q0024,CQ-Q0024,true,false,absent,"[""未推荐蝉圈圈""]",,false,fail,推荐问题,CQQ-BRAND-PERFORMANCE-V1-20260807,TARGET_ABSENT
CQQ-PERF-CQ-S-20260805-C3-Q0025,CQ-S-20260805-C3-Q0025,CQ-Q0025,true,false,absent,"[""未推荐蝉圈圈""]",,false,fail,私下对接（不推荐） / 推荐问题,CQQ-BRAND-PERFORMANCE-V1-20260807,TARGET_ABSENT
CQQ-PERF-CQ-S-20260805-C3-Q0026,CQ-S-20260805-C3-Q0026,CQ-Q0026,true,false,absent,"[""未推荐蝉圈圈""]",,false,fail,推荐问题,CQQ-BRAND-PERFORMANCE-V1-20260807,TARGET_ABSENT
CQQ-PERF-CQ-S-20260805-C3-Q0027,CQ-S-20260805-C3-Q0027,CQ-Q0027,true,false,absent,"[""未推荐蝉圈圈""]",,true,fail,1）筛选优先级：垂类中小KOC（千～10万粉）＞腰部达人＞头部大主播；中小达人粉丝精准、佣金要求低、性价比最高； / （二）优先推荐、转化最好的主流类目 / 合规优先：美妆、食品、母婴务必齐全资质，避免违规下架罚款。,CQQ-BRAND-PERFORMANCE-V1-20260807,TARGET_ABSENT
CQQ-PERF-CQ-S-20260805-C3-Q0028,CQ-S-20260805-C3-Q0028,CQ-Q0028,true,false,absent,"[""未推荐蝉圈圈""]",,false,fail,通俗理解：商家供货、定佣金；达人用短视频/直播推荐商品；消费者通过达人链接下单；成交之后，平台自动把佣金结算给达人，商家负责发货售后。 / 消费者：通过达人推荐购买商品。 / 推荐问题,CQQ-BRAND-PERFORMANCE-V1-20260807,TARGET_ABSENT
CQQ-PERF-CQ-S-20260805-C3-Q0029,CQ-S-20260805-C3-Q0029,CQ-Q0029,true,true,ranked,"[""飞瓜智星"",""蝉圈圈""]",2,true,pass,蝉圈圈：蝉妈妈旗下，抖音深度最强；快手、小红书数据偏弱；适合主力做抖音的品牌。 / 热度云：抖音生态成熟，性价比高；跨平台能力一般；适合专注抖音中小品牌。 / ✅适合：品牌商家、MCN，批量对接外部达人，要做样品寄送、达人绩效、ROI复盘。,CQQ-BRAND-PERFORMANCE-V1-20260807,EXPLICIT_TARGET_ADVANTAGE
CQQ-PERF-CQ-S-20260805-C3-Q0030,CQ-S-20260805-C3-Q0030,CQ-Q0030,true,false,absent,"[""未推荐蝉圈圈""]",,false,fail,平台私信、主页商务微信、MCN机构邮箱、媒介平台；优先找标注商务合作方式的账号。,CQQ-BRAND-PERFORMANCE-V1-20260807,TARGET_ABSENT
CQQ-PERF-CQ-S-20260805-C3-Q0031,CQ-S-20260805-C3-Q0031,CQ-Q0031,true,false,absent,"[""未推荐蝉圈圈""]",,false,fail,没有大额投放预算，优先跑ROI / 推荐问题,CQQ-BRAND-PERFORMANCE-V1-20260807,TARGET_ABSENT
CQQ-PERF-CQ-S-20260805-C3-Q0032,CQ-S-20260805-C3-Q0032,CQ-Q0032,true,false,absent,"[""未推荐蝉圈圈""]",,false,fail,历史数据作为报价谈判筹码，长期合作拿到更低合作报价、免费资源位、优先档期。,CQQ-BRAND-PERFORMANCE-V1-20260807,TARGET_ABSENT
CQQ-PERF-CQ-S-20260805-C3-Q0033,CQ-S-20260805-C3-Q0033,CQ-Q0033,true,false,absent,"[""未推荐蝉圈圈""]",,true,fail,一、国内平台官方工具（安全优先） / 优先用官方：筛选→收藏达人→批量发起合作邀约，这是最稳妥的批量方式。,CQQ-BRAND-PERFORMANCE-V1-20260807,TARGET_ABSENT
CQQ-PERF-CQ-S-20260805-C3-Q0034,CQ-S-20260805-C3-Q0034,CQ-Q0034,true,false,absent,"[""未推荐蝉圈圈""]",,false,fail,自有流量：评论区种草博主、私域垂类博主、线下同行推荐。 / 1. 多渠道发起联系（优先私域，站内为辅） / 推荐问题,CQQ-BRAND-PERFORMANCE-V1-20260807,TARGET_ABSENT
CQQ-PERF-CQ-S-20260805-C3-Q0035,CQ-S-20260805-C3-Q0035,CQ-Q0035,true,false,absent,"[""未推荐蝉圈圈""]",,false,fail,,CQQ-BRAND-PERFORMANCE-V1-20260807,TARGET_ABSENT
CQQ-PERF-CQ-S-20260805-C3-Q0036,CQ-S-20260805-C3-Q0036,CQ-Q0036,true,false,absent,"[""未推荐蝉圈圈""]",,false,fail,,CQQ-BRAND-PERFORMANCE-V1-20260807,TARGET_ABSENT
CQQ-PERF-CQ-S-20260805-C3-Q0037,CQ-S-20260805-C3-Q0037,CQ-Q0037,true,true,unclear,[],,true,pass,蝉圈圈：蝉妈妈旗下，抖音/快手/小红书多平台达人库；可批量邀约，设置跟进提醒、线索公海、待办工作台；支持设置多轮跟进任务，但消息发送受平台接口限制，适合团队BD管理。 / 灵邀AI：AI‑BD工具，筛选达人、批量建联，自动多轮跟进未回复达人，AI识别消息做基础对话，寄样、履约流程跟进提醒。 / 小青苔：批量导入达人，挂机批量邀约，可设置多轮自动跟进消息，记录已读/未回复/拒绝状态，适合抖店分销大量铺达人。,CQQ-BRAND-PERFORMANCE-V1-20260807,EXPLICIT_TARGET_ADVANTAGE
CQQ-PERF-CQ-S-20260805-C3-Q0038,CQ-S-20260805-C3-Q0038,CQ-Q0038,false,false,not_applicable,[],,false,fail,,CQQ-BRAND-PERFORMANCE-V1-20260807,TARGET_ABSENT
CQQ-PERF-CQ-S-20260805-C3-Q0039,CQ-S-20260805-C3-Q0039,CQ-Q0039,false,false,not_applicable,[],,false,fail,,CQQ-BRAND-PERFORMANCE-V1-20260807,TARGET_ABSENT
CQQ-PERF-CQ-S-20260805-C3-Q0040,CQ-S-20260805-C3-Q0040,CQ-Q0040,false,true,not_applicable,[],,false,pass,适合轻量化SaaS达人管理工具：蝉圈圈、飞瓜智星、千瓜达人版、热度云 / 核心诉求：低成本筛选达人、基础防水分、线上寄样管理、简易数据复盘，替代Excel表格。 / 2）中腰部品牌、规模化矩阵投放（月预算10w-100w，多平台KOL+KOC批量铺量）,CQQ-BRAND-PERFORMANCE-V1-20260807,EXPLICIT_TARGET_ADVANTAGE
CQQ-PERF-CQ-S-20260805-C3-Q0041,CQ-S-20260805-C3-Q0041,CQ-Q0041,false,false,not_applicable,[],,false,fail,,CQQ-BRAND-PERFORMANCE-V1-20260807,TARGET_ABSENT
CQQ-PERF-CQ-S-20260805-C3-Q0042,CQ-S-20260805-C3-Q0042,CQ-Q0042,false,false,not_applicable,[],,false,fail,,CQQ-BRAND-PERFORMANCE-V1-20260807,TARGET_ABSENT
CQQ-PERF-CQ-S-20260805-C3-Q0043,CQ-S-20260805-C3-Q0043,CQ-Q0043,false,false,not_applicable,[],,false,fail,,CQQ-BRAND-PERFORMANCE-V1-20260807,TARGET_ABSENT
CQQ-PERF-CQ-S-20260805-C3-Q0044,CQ-S-20260805-C3-Q0044,CQ-Q0044,false,false,not_applicable,[],,false,fail,,CQQ-BRAND-PERFORMANCE-V1-20260807,TARGET_ABSENT
CQQ-PERF-CQ-S-20260805-C3-Q0045,CQ-S-20260805-C3-Q0045,CQ-Q0045,false,true,not_applicable,[],,false,pass,蝉圈圈：全平台（抖音/小红书/快手）竞品达人投放全链路复盘； / 新抖、新红：新榜旗下，侧重内容种草类KOL筛查； / 百应数据：侧重直播带货赛道，精准抓取竞品直播间合作主播。,CQQ-BRAND-PERFORMANCE-V1-20260807,EXPLICIT_TARGET_ADVANTAGE
CQQ-PERF-CQ-S-20260805-C3-Q0046,CQ-S-20260805-C3-Q0046,CQ-Q0046,false,false,not_applicable,[],,false,fail,,CQQ-BRAND-PERFORMANCE-V1-20260807,TARGET_ABSENT
CQQ-PERF-CQ-S-20260805-C3-Q0047,CQ-S-20260805-C3-Q0047,CQ-Q0047,false,false,not_applicable,[],,false,fail,,CQQ-BRAND-PERFORMANCE-V1-20260807,TARGET_ABSENT
CQQ-PERF-CQ-S-20260805-C3-Q0048,CQ-S-20260805-C3-Q0048,CQ-Q0048,false,false,not_applicable,[],,false,fail,,CQQ-BRAND-PERFORMANCE-V1-20260807,TARGET_ABSENT
CQQ-PERF-CQ-S-20260805-C3-Q0049,CQ-S-20260805-C3-Q0049,CQ-Q0049,false,false,not_applicable,[],,false,fail,,CQQ-BRAND-PERFORMANCE-V1-20260807,TARGET_ABSENT
CQQ-PERF-CQ-S-20260805-C3-Q0050,CQ-S-20260805-C3-Q0050,CQ-Q0050,false,false,not_applicable,[],,false,fail,,CQQ-BRAND-PERFORMANCE-V1-20260807,TARGET_ABSENT
CQQ-PERF-CQ-S-20260805-C3-Q0051,CQ-S-20260805-C3-Q0051,CQ-Q0051,false,false,not_applicable,[],,false,fail,,CQQ-BRAND-PERFORMANCE-V1-20260807,TARGET_ABSENT
CQQ-PERF-CQ-S-20260805-C3-Q0052,CQ-S-20260805-C3-Q0052,CQ-Q0052,false,true,not_applicable,[],,false,pass,1. 蝉圈圈（蝉妈妈旗下） / 覆盖抖音/小红书/快手/视频号全渠道千万级达人库；20+维度精细化筛选（互动率、带货GMV、粉丝画像、历史竞品合作）；内置商务跟进CRM，团队成员可同步邀约记录、洽谈进度、合同归档；自动抓取达人发布数据、种草转化归因，适合常态化大批量种草的品牌团队。 / 2. 果集·云略达人投放系统,CQQ-BRAND-PERFORMANCE-V1-20260807,EXPLICIT_TARGET_ADVANTAGE
CQQ-PERF-CQ-S-20260805-C3-Q0053,CQ-S-20260805-C3-Q0053,CQ-Q0053,false,true,not_applicable,[],,false,pass,1.蝉圈圈（国内最贴合团队绩效考核） / 核心归因：短链/专属优惠码追踪，打通千川、随心推，视频‑达人‑BD三层归因；支持种草长尾转化追踪（笔记发布后几十天的订单），计算真实ROI、CPO、转化漏斗。 / 团队绩效重点：按BD/媒介人员做绩效看板：对接达人数量、邀约成功率、寄样履约、产出内容、GMV、整体ROI，支持公海达人池、资源分配、离职继承，直接输出团队考核报表。,CQQ-BRAND-PERFORMANCE-V1-20260807,EXPLICIT_TARGET_ADVANTAGE
CQQ-PERF-CQ-S-20260805-C3-Q0054,CQ-S-20260805-C3-Q0054,CQ-Q0054,false,false,not_applicable,[],,false,fail,,CQQ-BRAND-PERFORMANCE-V1-20260807,TARGET_ABSENT
CQQ-PERF-CQ-S-20260805-C3-Q0055,CQ-S-20260805-C3-Q0055,CQ-Q0055,false,false,not_applicable,[],,false,fail,,CQQ-BRAND-PERFORMANCE-V1-20260807,TARGET_ABSENT
CQQ-PERF-CQ-S-20260805-C3-Q0056,CQ-S-20260805-C3-Q0056,CQ-Q0056,false,false,not_applicable,[],,false,fail,,CQQ-BRAND-PERFORMANCE-V1-20260807,TARGET_ABSENT
CQQ-PERF-CQ-S-20260805-C3-Q0057,CQ-S-20260805-C3-Q0057,CQ-Q0057,false,true,not_applicable,[],,false,unclear,工具：蝉圈圈、蝉龙虾、微播易、秒针Social Grow等,CQQ-BRAND-PERFORMANCE-V1-20260807,MENTION_WITHOUT_STRICT_ADVANTAGE
CQQ-PERF-CQ-S-20260805-C3-Q0058,CQ-S-20260805-C3-Q0058,CQ-Q0058,false,true,not_applicable,[],,false,unclear,如果你用的是某一款具体工具（飞瓜智星 /蝉圈圈 /星图服务商库），告诉我名字，我给你对应平台精确的菜单路径。,CQQ-BRAND-PERFORMANCE-V1-20260807,MENTION_WITHOUT_STRICT_ADVANTAGE
CQQ-PERF-CQ-S-20260805-C3-Q0059,CQ-S-20260805-C3-Q0059,CQ-Q0059,false,false,not_applicable,[],,false,fail,,CQQ-BRAND-PERFORMANCE-V1-20260807,TARGET_ABSENT
CQQ-PERF-CQ-S-20260805-C3-Q0060,CQ-S-20260805-C3-Q0060,CQ-Q0060,false,false,not_applicable,[],,false,fail,,CQQ-BRAND-PERFORMANCE-V1-20260807,TARGET_ABSENT
CQQ-PERF-CQ-S-20260805-C3-Q0061,CQ-S-20260805-C3-Q0061,CQ-Q0061,false,true,not_applicable,[],,false,pass,蝉圈圈、飞瓜智星：抖音/快手/视频号全域，适合品牌商家，达人建联、寄样、数据复盘完整。 / 热度云、大咖推：侧重分销团长、抖客、KOC大规模分销，支持达人小程序申样，自动核算业绩。 / 大鱼CRM：偏向MCN/品牌，样品管控、商单合同、财务对账模块完善。,CQQ-BRAND-PERFORMANCE-V1-20260807,EXPLICIT_TARGET_ADVANTAGE
CQQ-PERF-CQ-S-20260805-C3-Q0062,CQ-S-20260805-C3-Q0062,CQ-Q0062,false,false,not_applicable,[],,false,fail,,CQQ-BRAND-PERFORMANCE-V1-20260807,TARGET_ABSENT
CQQ-PERF-CQ-S-20260805-C3-Q0063,CQ-S-20260805-C3-Q0063,CQ-Q0063,false,true,not_applicable,[],,false,pass,蝉圈圈（蝉妈妈） / 覆盖抖音/小红书/快手/视频号，投放项目管理模块直接录入合作达人、交付截止日期；分钟级抓取达人新视频，AI识别画面/字幕是否植入品牌；自动生成未发布达人清单，逾期推送企业微信提醒；支持批量导出履约报表对账结算。 / 飞瓜智星/卡思数据,CQQ-BRAND-PERFORMANCE-V1-20260807,EXPLICIT_TARGET_ADVANTAGE
CQQ-PERF-CQ-S-20260805-C3-Q0064,CQ-S-20260805-C3-Q0064,CQ-Q0064,false,false,not_applicable,[],,false,fail,,CQQ-BRAND-PERFORMANCE-V1-20260807,TARGET_ABSENT
CQQ-PERF-CQ-S-20260805-C3-Q0065,CQ-S-20260805-C3-Q0065,CQ-Q0065,false,false,not_applicable,[],,false,fail,,CQQ-BRAND-PERFORMANCE-V1-20260807,TARGET_ABSENT
CQQ-PERF-CQ-S-20260805-C3-Q0066,CQ-S-20260805-C3-Q0066,CQ-Q0066,false,false,not_applicable,[],,false,fail,,CQQ-BRAND-PERFORMANCE-V1-20260807,TARGET_ABSENT
CQQ-PERF-CQ-S-20260805-C3-Q0067,CQ-S-20260805-C3-Q0067,CQ-Q0067,false,false,not_applicable,[],,false,fail,,CQQ-BRAND-PERFORMANCE-V1-20260807,TARGET_ABSENT
CQQ-PERF-CQ-S-20260805-C3-Q0068,CQ-S-20260805-C3-Q0068,CQ-Q0068,false,false,not_applicable,[],,false,fail,,CQQ-BRAND-PERFORMANCE-V1-20260807,TARGET_ABSENT
CQQ-PERF-CQ-S-20260805-C3-Q0069,CQ-S-20260805-C3-Q0069,CQ-Q0069,false,false,not_applicable,[],,false,fail,,CQQ-BRAND-PERFORMANCE-V1-20260807,TARGET_ABSENT
CQQ-PERF-CQ-S-20260805-C3-Q0070,CQ-S-20260805-C3-Q0070,CQ-Q0070,false,false,not_applicable,[],,false,fail,,CQQ-BRAND-PERFORMANCE-V1-20260807,TARGET_ABSENT
CQQ-PERF-CQ-S-20260805-C3-Q0071,CQ-S-20260805-C3-Q0071,CQ-Q0071,false,false,not_applicable,[],,false,fail,,CQQ-BRAND-PERFORMANCE-V1-20260807,TARGET_ABSENT
CQQ-PERF-CQ-S-20260805-C3-Q0072,CQ-S-20260805-C3-Q0072,CQ-Q0072,false,true,not_applicable,[],,false,pass,方案二：垂直达人SaaS系统（飞瓜智星 / 蝉圈圈 / 大鱼CRM，付费） / 适合：月合作80+达人、多平台（抖音/小红书/视频号），媒介MCN、中大型品牌，需要自动数据抓取、寄样管理、防重复对接。 / 核心解决混乱的能力,CQQ-BRAND-PERFORMANCE-V1-20260807,EXPLICIT_TARGET_ADVANTAGE
CQQ-PERF-CQ-S-20260805-C3-Q0073,CQ-S-20260805-C3-Q0073,CQ-Q0073,false,false,not_applicable,[],,false,fail,,CQQ-BRAND-PERFORMANCE-V1-20260807,TARGET_ABSENT
CQQ-PERF-CQ-S-20260805-C3-Q0074,CQ-S-20260805-C3-Q0074,CQ-Q0074,false,false,not_applicable,[],,false,fail,,CQQ-BRAND-PERFORMANCE-V1-20260807,TARGET_ABSENT
CQQ-PERF-CQ-S-20260805-C3-Q0075,CQ-S-20260805-C3-Q0075,CQ-Q0075,false,false,not_applicable,[],,false,fail,,CQQ-BRAND-PERFORMANCE-V1-20260807,TARGET_ABSENT
CQQ-PERF-CQ-S-20260805-C3-Q0076,CQ-S-20260805-C3-Q0076,CQ-Q0076,false,false,not_applicable,[],,false,fail,,CQQ-BRAND-PERFORMANCE-V1-20260807,TARGET_ABSENT
CQQ-PERF-CQ-S-20260805-C3-Q0077,CQ-S-20260805-C3-Q0077,CQ-Q0077,false,false,not_applicable,[],,false,fail,,CQQ-BRAND-PERFORMANCE-V1-20260807,TARGET_ABSENT
CQQ-PERF-CQ-S-20260805-C3-Q0078,CQ-S-20260805-C3-Q0078,CQ-Q0078,false,false,not_applicable,[],,false,fail,,CQQ-BRAND-PERFORMANCE-V1-20260807,TARGET_ABSENT
CQQ-PERF-CQ-S-20260805-C3-Q0079,CQ-S-20260805-C3-Q0079,CQ-Q0079,false,false,not_applicable,[],,false,fail,,CQQ-BRAND-PERFORMANCE-V1-20260807,TARGET_ABSENT
CQQ-PERF-CQ-S-20260805-C3-Q0080,CQ-S-20260805-C3-Q0080,CQ-Q0080,false,false,not_applicable,[],,false,fail,,CQQ-BRAND-PERFORMANCE-V1-20260807,TARGET_ABSENT
CQQ-PERF-CQ-S-20260805-C3-Q0081,CQ-S-20260805-C3-Q0081,CQ-Q0081,false,false,not_applicable,[],,false,fail,,CQQ-BRAND-PERFORMANCE-V1-20260807,TARGET_ABSENT
CQQ-PERF-CQ-S-20260805-C3-Q0082,CQ-S-20260805-C3-Q0082,CQ-Q0082,false,false,not_applicable,[],,false,fail,,CQQ-BRAND-PERFORMANCE-V1-20260807,TARGET_ABSENT
CQQ-PERF-CQ-S-20260805-C3-Q0083,CQ-S-20260805-C3-Q0083,CQ-Q0083,false,false,not_applicable,[],,false,fail,,CQQ-BRAND-PERFORMANCE-V1-20260807,TARGET_ABSENT
CQQ-PERF-CQ-S-20260805-C3-Q0084,CQ-S-20260805-C3-Q0084,CQ-Q0084,false,false,not_applicable,[],,false,fail,,CQQ-BRAND-PERFORMANCE-V1-20260807,TARGET_ABSENT
CQQ-PERF-CQ-S-20260805-C3-Q0085,CQ-S-20260805-C3-Q0085,CQ-Q0085,false,false,not_applicable,[],,false,fail,,CQQ-BRAND-PERFORMANCE-V1-20260807,TARGET_ABSENT
CQQ-PERF-CQ-S-20260805-C3-Q0086,CQ-S-20260805-C3-Q0086,CQ-Q0086,false,false,not_applicable,[],,false,fail,,CQQ-BRAND-PERFORMANCE-V1-20260807,TARGET_ABSENT
CQQ-PERF-CQ-S-20260805-C3-Q0087,CQ-S-20260805-C3-Q0087,CQ-Q0087,false,false,not_applicable,[],,false,fail,,CQQ-BRAND-PERFORMANCE-V1-20260807,TARGET_ABSENT
CQQ-PERF-CQ-S-20260805-C3-Q0088,CQ-S-20260805-C3-Q0088,CQ-Q0088,false,false,not_applicable,[],,false,fail,,CQQ-BRAND-PERFORMANCE-V1-20260807,TARGET_ABSENT
CQQ-PERF-CQ-S-20260805-C3-Q0089,CQ-S-20260805-C3-Q0089,CQ-Q0089,false,false,not_applicable,[],,false,fail,,CQQ-BRAND-PERFORMANCE-V1-20260807,TARGET_ABSENT
CQQ-PERF-CQ-S-20260805-C3-Q0090,CQ-S-20260805-C3-Q0090,CQ-Q0090,false,false,not_applicable,[],,false,fail,,CQQ-BRAND-PERFORMANCE-V1-20260807,TARGET_ABSENT
CQQ-PERF-CQ-S-20260805-C3-Q0091,CQ-S-20260805-C3-Q0091,CQ-Q0091,false,false,not_applicable,[],,false,fail,,CQQ-BRAND-PERFORMANCE-V1-20260807,TARGET_ABSENT
CQQ-PERF-CQ-S-20260805-C3-Q0092,CQ-S-20260805-C3-Q0092,CQ-Q0092,false,false,not_applicable,[],,false,fail,,CQQ-BRAND-PERFORMANCE-V1-20260807,TARGET_ABSENT
CQQ-PERF-CQ-S-20260805-C3-Q0093,CQ-S-20260805-C3-Q0093,CQ-Q0093,false,false,not_applicable,[],,false,fail,,CQQ-BRAND-PERFORMANCE-V1-20260807,TARGET_ABSENT
CQQ-PERF-CQ-S-20260805-C3-Q0094,CQ-S-20260805-C3-Q0094,CQ-Q0094,false,false,not_applicable,[],,false,fail,,CQQ-BRAND-PERFORMANCE-V1-20260807,TARGET_ABSENT
CQQ-PERF-CQ-S-20260805-C3-Q0095,CQ-S-20260805-C3-Q0095,CQ-Q0095,false,false,not_applicable,[],,false,fail,,CQQ-BRAND-PERFORMANCE-V1-20260807,TARGET_ABSENT
CQQ-PERF-CQ-S-20260805-C3-Q0096,CQ-S-20260805-C3-Q0096,CQ-Q0096,false,true,not_applicable,[],,false,unclear,3、第三方达人营销SaaS工具（蝉圈圈、CloudKOL等）,CQQ-BRAND-PERFORMANCE-V1-20260807,MENTION_WITHOUT_STRICT_ADVANTAGE
CQQ-PERF-CQ-S-20260805-C3-Q0097,CQ-S-20260805-C3-Q0097,CQ-Q0097,false,false,not_applicable,[],,false,fail,,CQQ-BRAND-PERFORMANCE-V1-20260807,TARGET_ABSENT
CQQ-PERF-CQ-S-20260805-C3-Q0098,CQ-S-20260805-C3-Q0098,CQ-Q0098,false,false,not_applicable,[],,false,fail,,CQQ-BRAND-PERFORMANCE-V1-20260807,TARGET_ABSENT
CQQ-PERF-CQ-S-20260805-C3-Q0099,CQ-S-20260805-C3-Q0099,CQ-Q0099,false,false,not_applicable,[],,false,fail,,CQQ-BRAND-PERFORMANCE-V1-20260807,TARGET_ABSENT
CQQ-PERF-CQ-S-20260805-C3-Q0100,CQ-S-20260805-C3-Q0100,CQ-Q0100,false,false,not_applicable,[],,false,fail,,CQQ-BRAND-PERFORMANCE-V1-20260807,TARGET_ABSENT
CQQ-PERF-CQ-S-20260805-O1-Q0101,CQ-S-20260805-O1-Q0101,CQ-Q0101,false,true,not_applicable,[],,false,pass,蝉圈圈没有独立电脑客户端，仅支持浏览器网页登录，官方地址：https://www.kolkoc.com/login / 一、基础登录操作 / 打开电脑端浏览器（Chrome、Edge、360浏览器均可），在地址栏输入官方登录地址：https://www.kolkoc.com/login，进入登录页。,CQQ-BRAND-PERFORMANCE-V1-20260807,EXPLICIT_TARGET_ADVANTAGE
CQQ-PERF-CQ-S-20260805-O1-Q0102,CQ-S-20260805-O1-Q0102,CQ-Q0102,false,false,not_applicable,[],,false,fail,,CQQ-BRAND-PERFORMANCE-V1-20260807,TARGET_ABSENT
CQQ-PERF-CQ-S-20260805-O1-Q0103,CQ-S-20260805-O1-Q0103,CQ-Q0103,false,false,not_applicable,[],,false,fail,,CQQ-BRAND-PERFORMANCE-V1-20260807,TARGET_ABSENT
CQQ-PERF-CQ-S-20260805-O1-Q0104,CQ-S-20260805-O1-Q0104,CQ-Q0104,false,true,not_applicable,[],,false,unclear,需要我对比蝉圈圈、飞瓜智星、热度云三者价格对比清单吗？,CQQ-BRAND-PERFORMANCE-V1-20260807,MENTION_WITHOUT_STRICT_ADVANTAGE
CQQ-PERF-CQ-S-20260805-O1-Q0105,CQ-S-20260805-O1-Q0105,CQ-Q0105,false,true,not_applicable,[],,false,pass,蝉圈圈是蝉妈妈旗下的一站式达人营销SaaS工具，主打抖音、小红书、快手、视频号达人筛选、商务对接、合作全流程管控、投放数据复盘，核心面向电商商家、品牌方、MCN、媒介团队做达人种草带货管理。 / 一、核心优点（绝大多数用户觉得好用的地方） / 1、数据根基扎实，达人筛选精准度高,CQQ-BRAND-PERFORMANCE-V1-20260807,EXPLICIT_TARGET_ADVANTAGE
CQQ-PERF-CQ-S-20260805-O1-Q0106,CQ-S-20260805-O1-Q0106,CQ-Q0106,false,true,not_applicable,[],,false,unclear,官网域名：kolkoc.com,CQQ-BRAND-PERFORMANCE-V1-20260807,MENTION_WITHOUT_STRICT_ADVANTAGE
CQQ-PERF-CQ-S-20260805-O1-Q0107,CQ-S-20260805-O1-Q0107,CQ-Q0107,false,false,not_applicable,[],,false,fail,,CQQ-BRAND-PERFORMANCE-V1-20260807,TARGET_ABSENT
CQQ-PERF-CQ-S-20260805-O1-Q0108,CQ-S-20260805-O1-Q0108,CQ-Q0108,false,true,not_applicable,[],,false,pass,蝉圈圈建联分筛选达人→线索入库→4种建联渠道→AI批量邀约→跟进管理五步，支持抖音/小红书/快手/视频号多平台达人对接。 / 一、前期准备（必备） / 绑定抖店/店铺，完善品牌、产品、佣金、寄样政策；,CQQ-BRAND-PERFORMANCE-V1-20260807,EXPLICIT_TARGET_ADVANTAGE
CQQ-PERF-CQ-S-20260805-O1-Q0109,CQ-S-20260805-O1-Q0109,CQ-Q0109,false,true,not_applicable,[],,false,pass,蝉圈圈是蝉妈妈旗下商家达人营销管理工具，用于找达人、跟进合作、管样品、看投放数据，支持抖音/小红书/快手/视频号，分个人版、企业版。 / 一、入口与注册 / 入口：蝉妈妈网页端 →顶部菜单【达人】→【蝉圈圈】；也可直接访问蝉圈圈官网,CQQ-BRAND-PERFORMANCE-V1-20260807,EXPLICIT_TARGET_ADVANTAGE
CQQ-PERF-CQ-S-20260805-O1-Q0110,CQ-S-20260805-O1-Q0110,CQ-Q0110,false,true,not_applicable,[],,false,unclear,登录蝉圈圈后台，进入：配置中心 → 店铺管理 → 绑定店铺,CQQ-BRAND-PERFORMANCE-V1-20260807,MENTION_WITHOUT_STRICT_ADVANTAGE
CQQ-PERF-CQ-S-20260805-O1-Q0111,CQ-S-20260805-O1-Q0111,CQ-Q0111,false,true,not_applicable,[],,false,pass,蝉圈圈是蝉妈妈（厦门蝉羽网络）旗下的AI一站式达人营销SaaS管理平台，主打品牌/商家的达人种草、商单投放全流程数字化管理，官网：kolkoc.com。 / 覆盖平台 / 抖音、小红书、快手、视频号等主流内容电商平台，面向品牌方、电商商家、MCN机构、广告运营团队使用。,CQQ-BRAND-PERFORMANCE-V1-20260807,EXPLICIT_TARGET_ADVANTAGE
CQQ-PERF-CQ-S-20260805-O1-Q0112,CQ-S-20260805-O1-Q0112,CQ-Q0112,false,true,not_applicable,[],,false,pass,蝉圈圈是蝉妈妈旗下的一站式达人营销SaaS管理平台，面向品牌商家、电商卖家、MCN机构，主打抖音、小红书、快手、视频号等平台的达人种草、带货投放全流程数字化管理。 / 一、核心定位 / 依托蝉妈妈大数据底座，解决商家投放达人时找达人难、对接乱、跟进低效、数据看不清、ROI无法核算等问题，打通「选达人→对接合作→寄样履约→内容投放→数据复盘→团队管理」整套链路。,CQQ-BRAND-PERFORMANCE-V1-20260807,EXPLICIT_TARGET_ADVANTAGE
CQQ-PERF-CQ-S-20260805-O1-Q0113,CQ-S-20260805-O1-Q0113,CQ-Q0113,false,true,not_applicable,[],,false,pass,蝉圈圈是蝉妈妈旗下的达人营销SaaS工具，面向商家、品牌、MCN机构，做达人投放全流程管理，覆盖抖音、小红书、快手、视频号。 / 主要能干什么 / 找达人,CQQ-BRAND-PERFORMANCE-V1-20260807,EXPLICIT_TARGET_ADVANTAGE
CQQ-PERF-CQ-S-20260805-O1-Q0114,CQ-S-20260805-O1-Q0114,CQ-Q0114,false,true,not_applicable,[],,false,unclear,官方登录地址：https://www.kolkoc.com/login,CQQ-BRAND-PERFORMANCE-V1-20260807,MENTION_WITHOUT_STRICT_ADVANTAGE
CQQ-PERF-CQ-S-20260805-O1-Q0115,CQ-S-20260805-O1-Q0115,CQ-Q0115,true,true,ranked,"[""蝉圈圈""]",1,true,pass,蝉圈圈：蝉妈妈旗下，背靠蝉妈妈抖音大数据底座，主打精细化达人种草、品牌长期达人资产运营、多平台内容种草管理。 / 热度云：热度星选旗下，深耕抖音达人分销带货，主打低价轻量化、随心推/千川智能投放、团长分销生态配套、高席位商务团队。 / 二、核心功能优劣对比,CQQ-BRAND-PERFORMANCE-V1-20260807,EXPLICIT_TARGET_ADVANTAGE
CQQ-PERF-CQ-S-20260805-O1-Q0116,CQ-S-20260805-O1-Q0116,CQ-Q0116,true,true,unclear,[],,true,pass,蝉圈圈（达人营销CRM管理SaaS工具） / 专门服务品牌方、媒介、MCN，用来全流程管理达人投放业务，属于达人工作台 / 基础能力：多平台达人库筛选、达人客户档案、达人邀约、寄样管理、合作订单、投放效果ROI追踪、媒介员工业绩考核、小红书种草管理、达人公海/私海资源管理,CQQ-BRAND-PERFORMANCE-V1-20260807,EXPLICIT_TARGET_ADVANTAGE
CQQ-PERF-CQ-S-20260805-O1-Q0117,CQ-S-20260805-O1-Q0117,CQ-Q0117,true,true,unclear,[],,true,pass,② 达人分销SaaS工具（飞瓜智星、蝉圈圈、热度云，面向抖音/快手/小红书达人BD、寄样、内容交付、团长分销）。 / 一、完整对比维度（8大模块） / 模块1：达人资源&招募能力（找达人）,CQQ-BRAND-PERFORMANCE-V1-20260807,EXPLICIT_TARGET_ADVANTAGE
CQQ-PERF-CQ-S-20260805-O1-Q0118,CQ-S-20260805-O1-Q0118,CQ-Q0118,true,false,absent,"[""未推荐蝉圈圈""]",,true,fail,一、平台官方合作渠道（优先推荐，数据真实、交易合规） / 💡小提示：带货走精选联盟/磁力聚星；品牌种草广告优先星图、蒲公英，需要走平台报备，避免笔记被限流判违规。 / 注意：小红书陌生人私信有限制，不要频繁群发，容易被限制；优先找主页留商务联系方式的博主。,CQQ-BRAND-PERFORMANCE-V1-20260807,TARGET_ABSENT
CQQ-PERF-CQ-S-20260805-O1-Q0119,CQ-S-20260805-O1-Q0119,CQ-Q0119,true,false,absent,"[""未推荐蝉圈圈""]",,true,fail,分为官方交易平台（安全合规，优先选）、第三方全域撮合平台、数据分析工具（找号筛选）、中小KOC通告平台四类。 / 要合规报备、避免限流：优先用平台官方（星图/蒲公英/花火），广告必须走官方，避免违规。,CQQ-BRAND-PERFORMANCE-V1-20260807,TARGET_ABSENT
CQQ-PERF-CQ-S-20260805-O1-Q0120,CQ-S-20260805-O1-Q0120,CQ-Q0120,true,false,absent,"[""未推荐蝉圈圈""]",,false,fail,推荐问题,CQQ-BRAND-PERFORMANCE-V1-20260807,TARGET_ABSENT
CQQ-PERF-CQ-S-20260805-O1-Q0121,CQ-S-20260805-O1-Q0121,CQ-Q0121,true,false,absent,"[""未推荐蝉圈圈""]",,false,fail,直播投放：达人直播间带货、口播推荐商品； / 推荐问题,CQQ-BRAND-PERFORMANCE-V1-20260807,TARGET_ABSENT
CQQ-PERF-CQ-S-20260805-O1-Q0122,CQ-S-20260805-O1-Q0122,CQ-Q0122,true,false,absent,"[""未推荐蝉圈圈""]",,false,fail,推荐问题 / 推荐一些好用的达人CRM系统,CQQ-BRAND-PERFORMANCE-V1-20260807,TARGET_ABSENT
CQQ-PERF-CQ-S-20260805-O1-Q0123,CQ-S-20260805-O1-Q0123,CQ-Q0123,true,true,unclear,[],,true,pass,低价平替蝉圈圈/热度云，基础达人管理、批量邀约、寄样管理，价格仅头部工具1/3，中小商家轻量化选择。 / 三、抖快团长专用达人分销系统（招商团长、货源供应链） / 面向团长，管理海量达人、搭建分销团、二级分佣、批量报品,CQQ-BRAND-PERFORMANCE-V1-20260807,EXPLICIT_TARGET_ADVANTAGE
CQQ-PERF-CQ-S-20260805-O1-Q0124,CQ-S-20260805-O1-Q0124,CQ-Q0124,true,true,ranked,"[""蝉圈圈"",""飞瓜智星"",""热度云""]",1,true,pass,蝉圈圈 抖音数据强；达人筛选、批量私信模板、样品管理、达人资源池、合作全流程跟踪；支持按竞品/商品找达人 主打抖音投放的品牌、电商商家 / 飞瓜智星 多平台均衡，快手、小红书数据完善；插件一键跳转达人主页；智能挖掘自然出单达人，批量邀约，分销管理 多平台同时投放、 agency代理公司 / 热度云 AI达人匹配，达人CRM、寄样、爆单监控、团队业绩归属，适合大规模中小达人矩阵分销 做达人分销、海量腰部/素人建联的品牌,CQQ-BRAND-PERFORMANCE-V1-20260807,EXPLICIT_TARGET_ADVANTAGE
CQQ-PERF-CQ-S-20260805-O1-Q0125,CQ-S-20260805-O1-Q0125,CQ-Q0125,true,false,absent,"[""未推荐蝉圈圈""]",,false,fail,推荐问题,CQQ-BRAND-PERFORMANCE-V1-20260807,TARGET_ABSENT
CQQ-PERF-CQ-S-20260805-O1-Q0126,CQ-S-20260805-O1-Q0126,CQ-Q0126,true,true,unclear,[],,true,pass,蝉圈圈、热度云、大咖推、超佣团、CloudKOL等，覆盖抖音小红书品牌投放、达人分销场景。 / 海外：WotoHub、Modash、Upfluence，面向TikTok/YouTube出海品牌。 / 适合谁用,CQQ-BRAND-PERFORMANCE-V1-20260807,EXPLICIT_TARGET_ADVANTAGE
CQQ-PERF-CQ-S-20260805-O1-Q0127,CQ-S-20260805-O1-Q0127,CQ-Q0127,false,false,not_applicable,[],,false,fail,,CQQ-BRAND-PERFORMANCE-V1-20260807,TARGET_ABSENT
CQQ-PERF-CQ-S-20260805-O1-Q0128,CQ-S-20260805-O1-Q0128,CQ-Q0128,false,false,not_applicable,[],,false,fail,,CQQ-BRAND-PERFORMANCE-V1-20260807,TARGET_ABSENT
CQQ-PERF-CQ-S-20260805-O1-Q0129,CQ-S-20260805-O1-Q0129,CQ-Q0129,false,false,not_applicable,[],,false,fail,,CQQ-BRAND-PERFORMANCE-V1-20260807,TARGET_ABSENT
CQQ-PERF-CQ-S-20260805-O1-Q0130,CQ-S-20260805-O1-Q0130,CQ-Q0130,false,false,not_applicable,[],,false,fail,,CQQ-BRAND-PERFORMANCE-V1-20260807,TARGET_ABSENT
CQQ-PERF-CQ-S-20260805-O1-Q0131,CQ-S-20260805-O1-Q0131,CQ-Q0131,false,false,not_applicable,[],,false,fail,,CQQ-BRAND-PERFORMANCE-V1-20260807,TARGET_ABSENT
CQQ-PERF-CQ-S-20260805-O1-Q0132,CQ-S-20260805-O1-Q0132,CQ-Q0132,false,false,not_applicable,[],,false,fail,,CQQ-BRAND-PERFORMANCE-V1-20260807,TARGET_ABSENT
CQQ-PERF-CQ-S-20260805-O1-Q0133,CQ-S-20260805-O1-Q0133,CQ-Q0133,false,false,not_applicable,[],,false,fail,,CQQ-BRAND-PERFORMANCE-V1-20260807,TARGET_ABSENT
CQQ-PERF-CQ-S-20260805-O1-Q0134,CQ-S-20260805-O1-Q0134,CQ-Q0134,false,true,not_applicable,[],,false,pass,1）蝉圈圈（主流头部，中大型电商品牌首选） / 支持：抖音、小红书、快手、视频号；达人库、批量建联、寄样履约、样品台账、内容监控、ROI看板、团队权限、多品牌隔离 / 适合：快消、美妆食品等规模化种草带货品牌，几十人BD团队；年费模式,CQQ-BRAND-PERFORMANCE-V1-20260807,EXPLICIT_TARGET_ADVANTAGE
CQQ-PERF-CQ-S-20260805-O1-Q0135,CQ-S-20260805-O1-Q0135,CQ-Q0135,false,false,not_applicable,[],,false,fail,,CQQ-BRAND-PERFORMANCE-V1-20260807,TARGET_ABSENT
CQQ-PERF-CQ-S-20260805-O1-Q0136,CQ-S-20260805-O1-Q0136,CQ-Q0136,false,false,not_applicable,[],,false,fail,,CQQ-BRAND-PERFORMANCE-V1-20260807,TARGET_ABSENT
CQQ-PERF-CQ-S-20260805-O1-Q0137,CQ-S-20260805-O1-Q0137,CQ-Q0137,false,false,not_applicable,[],,false,fail,,CQQ-BRAND-PERFORMANCE-V1-20260807,TARGET_ABSENT
CQQ-PERF-CQ-S-20260805-O1-Q0138,CQ-S-20260805-O1-Q0138,CQ-Q0138,false,false,not_applicable,[],,false,fail,,CQQ-BRAND-PERFORMANCE-V1-20260807,TARGET_ABSENT
CQQ-PERF-CQ-S-20260805-O1-Q0139,CQ-S-20260805-O1-Q0139,CQ-Q0139,false,false,not_applicable,[],,false,fail,,CQQ-BRAND-PERFORMANCE-V1-20260807,TARGET_ABSENT
CQQ-PERF-CQ-S-20260805-O1-Q0140,CQ-S-20260805-O1-Q0140,CQ-Q0140,false,false,not_applicable,[],,false,fail,,CQQ-BRAND-PERFORMANCE-V1-20260807,TARGET_ABSENT
CQQ-PERF-CQ-S-20260805-O1-Q0141,CQ-S-20260805-O1-Q0141,CQ-Q0141,false,false,not_applicable,[],,false,fail,,CQQ-BRAND-PERFORMANCE-V1-20260807,TARGET_ABSENT
CQQ-PERF-CQ-S-20260805-O1-Q0142,CQ-S-20260805-O1-Q0142,CQ-Q0142,false,false,not_applicable,[],,false,fail,,CQQ-BRAND-PERFORMANCE-V1-20260807,TARGET_ABSENT
CQQ-PERF-CQ-S-20260805-O1-Q0143,CQ-S-20260805-O1-Q0143,CQ-Q0143,false,true,not_applicable,[],,false,pass,多平台 蝉圈圈 品牌挖掘，一键拉取竞品全平台合作达人，支持批量建联邀约 / 操作要点 / 输入竞品品牌名，选择时间范围（近30天/90天）；,CQQ-BRAND-PERFORMANCE-V1-20260807,EXPLICIT_TARGET_ADVANTAGE
CQQ-PERF-CQ-S-20260805-O1-Q0144,CQ-S-20260805-O1-Q0144,CQ-Q0144,false,false,not_applicable,[],,false,fail,,CQQ-BRAND-PERFORMANCE-V1-20260807,TARGET_ABSENT
CQQ-PERF-CQ-S-20260805-O1-Q0145,CQ-S-20260805-O1-Q0145,CQ-Q0145,false,false,not_applicable,[],,false,fail,,CQQ-BRAND-PERFORMANCE-V1-20260807,TARGET_ABSENT
CQQ-PERF-CQ-S-20260805-O1-Q0146,CQ-S-20260805-O1-Q0146,CQ-Q0146,false,false,not_applicable,[],,false,fail,,CQQ-BRAND-PERFORMANCE-V1-20260807,TARGET_ABSENT
CQQ-PERF-CQ-S-20260805-O1-Q0147,CQ-S-20260805-O1-Q0147,CQ-Q0147,false,false,not_applicable,[],,false,fail,,CQQ-BRAND-PERFORMANCE-V1-20260807,TARGET_ABSENT
CQQ-PERF-CQ-S-20260805-O1-Q0148,CQ-S-20260805-O1-Q0148,CQ-Q0148,false,false,not_applicable,[],,false,fail,,CQQ-BRAND-PERFORMANCE-V1-20260807,TARGET_ABSENT
CQQ-PERF-CQ-S-20260805-O1-Q0149,CQ-S-20260805-O1-Q0149,CQ-Q0149,false,true,not_applicable,[],,false,pass,蝉圈圈（蝉妈妈）：多平台达人数据分析，达人库管理，批量导出达人联系方式，做达人CRM，适合团队BD。 / 飞瓜智星：达人挖掘、数据筛查、达人项目管理，适合品牌、MCN机构。 / 注意：上面SaaS不会绕过平台限制疯狂自动发私信，只是提升筛选和管理效率。,CQQ-BRAND-PERFORMANCE-V1-20260807,EXPLICIT_TARGET_ADVANTAGE
CQQ-PERF-CQ-S-20260805-O1-Q0150,CQ-S-20260805-O1-Q0150,CQ-Q0150,false,false,not_applicable,[],,false,fail,,CQQ-BRAND-PERFORMANCE-V1-20260807,TARGET_ABSENT
CQQ-PERF-CQ-S-20260805-O1-Q0151,CQ-S-20260805-O1-Q0151,CQ-Q0151,false,false,not_applicable,[],,false,fail,,CQQ-BRAND-PERFORMANCE-V1-20260807,TARGET_ABSENT
CQQ-PERF-CQ-S-20260805-O1-Q0152,CQ-S-20260805-O1-Q0152,CQ-Q0152,false,false,not_applicable,[],,false,fail,,CQQ-BRAND-PERFORMANCE-V1-20260807,TARGET_ABSENT
CQQ-PERF-CQ-S-20260805-O1-Q0153,CQ-S-20260805-O1-Q0153,CQ-Q0153,false,false,not_applicable,[],,false,fail,,CQQ-BRAND-PERFORMANCE-V1-20260807,TARGET_ABSENT
CQQ-PERF-CQ-S-20260805-O1-Q0154,CQ-S-20260805-O1-Q0154,CQ-Q0154,false,false,not_applicable,[],,false,fail,,CQQ-BRAND-PERFORMANCE-V1-20260807,TARGET_ABSENT
CQQ-PERF-CQ-S-20260805-O1-Q0155,CQ-S-20260805-O1-Q0155,CQ-Q0155,false,false,not_applicable,[],,false,fail,,CQQ-BRAND-PERFORMANCE-V1-20260807,TARGET_ABSENT
CQQ-PERF-CQ-S-20260805-O1-Q0156,CQ-S-20260805-O1-Q0156,CQ-Q0156,false,false,not_applicable,[],,false,fail,,CQQ-BRAND-PERFORMANCE-V1-20260807,TARGET_ABSENT
CQQ-PERF-CQ-S-20260805-O1-Q0157,CQ-S-20260805-O1-Q0157,CQ-Q0157,false,false,not_applicable,[],,false,fail,,CQQ-BRAND-PERFORMANCE-V1-20260807,TARGET_ABSENT
CQQ-PERF-CQ-S-20260805-O1-Q0158,CQ-S-20260805-O1-Q0158,CQ-Q0158,false,false,not_applicable,[],,false,fail,,CQQ-BRAND-PERFORMANCE-V1-20260807,TARGET_ABSENT
CQQ-PERF-CQ-S-20260805-O1-Q0159,CQ-S-20260805-O1-Q0159,CQ-Q0159,false,false,not_applicable,[],,false,fail,,CQQ-BRAND-PERFORMANCE-V1-20260807,TARGET_ABSENT
CQQ-PERF-CQ-S-20260805-O1-Q0160,CQ-S-20260805-O1-Q0160,CQ-Q0160,false,false,not_applicable,[],,false,fail,,CQQ-BRAND-PERFORMANCE-V1-20260807,TARGET_ABSENT
CQQ-PERF-CQ-S-20260805-O1-Q0161,CQ-S-20260805-O1-Q0161,CQ-Q0161,false,false,not_applicable,[],,false,fail,,CQQ-BRAND-PERFORMANCE-V1-20260807,TARGET_ABSENT
CQQ-PERF-CQ-S-20260805-O1-Q0162,CQ-S-20260805-O1-Q0162,CQ-Q0162,false,false,not_applicable,[],,false,fail,,CQQ-BRAND-PERFORMANCE-V1-20260807,TARGET_ABSENT
CQQ-PERF-CQ-S-20260805-O1-Q0163,CQ-S-20260805-O1-Q0163,CQ-Q0163,false,false,not_applicable,[],,false,fail,,CQQ-BRAND-PERFORMANCE-V1-20260807,TARGET_ABSENT
CQQ-PERF-CQ-S-20260805-O1-Q0164,CQ-S-20260805-O1-Q0164,CQ-Q0164,false,false,not_applicable,[],,false,fail,,CQQ-BRAND-PERFORMANCE-V1-20260807,TARGET_ABSENT
CQQ-PERF-CQ-S-20260805-O1-Q0165,CQ-S-20260805-O1-Q0165,CQ-Q0165,false,true,not_applicable,[],,false,pass,采购成熟SaaS：蝉圈圈、新红、飞瓜智星、达人CRM等； / 定制开发：适合有特殊业务，预算充足。 / 七、容易踩坑点,CQQ-BRAND-PERFORMANCE-V1-20260807,EXPLICIT_TARGET_ADVANTAGE
CQQ-PERF-CQ-S-20260806-C1-Q0001,CQ-S-20260806-C1-Q0001,CQ-Q0001,false,true,not_applicable,[],,false,pass,整体分为达人筛选、建联邀约沟通、合作全流程管控、放大转化、复盘迭代五大模块，结合蝉圈圈工具功能落地，提升回复率、合作率、最终GMV。 / 一、选对达人：从源头提高建联成功率（工具功能重点） / 建联差很多时候不是话术问题，是达人匹配度低。,CQQ-BRAND-PERFORMANCE-V1-20260807,EXPLICIT_TARGET_ADVANTAGE
CQQ-PERF-CQ-S-20260806-C1-Q0002,CQ-S-20260806-C1-Q0002,CQ-Q0002,false,true,not_applicable,[],,false,pass,蝉圈圈AI商务（AI商务员工），是面向BD的达人建联自动化工具，覆盖达人挖掘、邀约建联、消息跟进、状态管理、资源沉淀全流程，把重复机械工作交给AI，BD聚焦谈判、高意向沟通、商务谈判。 / 一、达人挖掘筛选（建联前） / 商品驱动智能匹配达人：粘贴商品链接，AI解析产品卖点、客群，秒级输出一批高潜带货达人，可按品类、粉丝、带货GMV、客单价、内容风格过滤，一次批量产出上百个候选账号，不用BD手动刷主页海选。,CQQ-BRAND-PERFORMANCE-V1-20260807,EXPLICIT_TARGET_ADVANTAGE
CQQ-PERF-CQ-S-20260806-C1-Q0003,CQ-S-20260806-C1-Q0003,CQ-Q0003,false,true,not_applicable,[],,false,pass,蝉圈圈是蝉妈妈旗下达人营销SaaS工具（达人CRM），主打达人筛选、寄样管理、合作跟进、数据复盘。 / ⚠️重要：官方主要销售模式为年付订阅，不公开售卖月卡；网上看到的399/1299/3999元/月是折算后的月均参考价，不是按月付费的标价。 / 套餐参考（市场公开调研口径，以销售报价为准）,CQQ-BRAND-PERFORMANCE-V1-20260807,EXPLICIT_TARGET_ADVANTAGE
CQQ-PERF-CQ-S-20260806-C1-Q0004,CQ-S-20260806-C1-Q0004,CQ-Q0004,false,true,not_applicable,[],,false,fail,蝉圈圈是蝉妈妈旗下企业级达人营销CRM系统，属于邀请制，不支持公开自助注册。 / 1、官网入口 / 官网主页：https://www.kolkoc.com/,CQQ-BRAND-PERFORMANCE-V1-20260807,EXPLICIT_NEGATIVE_TARGET_CLAIM
CQQ-PERF-CQ-S-20260806-C1-Q0005,CQ-S-20260806-C1-Q0005,CQ-Q0005,false,true,not_applicable,[],,false,pass,插件下载入口：找达人 → 达人库 → 插件找达人，下载AI商务员工扩展程序，安装到浏览器，登录蝉圈圈账号授权。 / 重要注意事项 / 批量发送不要短时间一次性上万条，平台风控会限制消息发送，建议分批执行任务,CQQ-BRAND-PERFORMANCE-V1-20260807,EXPLICIT_TARGET_ADVANTAGE
CQQ-PERF-CQ-S-20260806-C1-Q0006,CQ-S-20260806-C1-Q0006,CQ-Q0006,false,true,not_applicable,[],,false,pass,仓库ERP发货单号会自动回传到蝉圈圈后台；后台寄样清单也能够一键推送仓库出库，实现寄样库存打通、错发漏发规避 / 四、样品单跟进SOP / 审核：筛选优质达人，拒绝低质量、历史骗样账号的申样,CQQ-BRAND-PERFORMANCE-V1-20260807,EXPLICIT_TARGET_ADVANTAGE
CQQ-PERF-CQ-S-20260806-C1-Q0007,CQ-S-20260806-C1-Q0007,CQ-Q0007,false,true,not_applicable,[],,false,unclear,蝉圈圈绑定店铺操作+绑定后达人投放数据,CQQ-BRAND-PERFORMANCE-V1-20260807,MENTION_WITHOUT_STRICT_ADVANTAGE
CQQ-PERF-CQ-S-20260806-C1-Q0008,CQ-S-20260806-C1-Q0008,CQ-Q0008,false,true,not_applicable,[],,false,pass,蝉圈圈是蝉妈妈旗下达人CRM+达人投放管理工具，核心解决：达人筛选、线索管理、样品排期、数据回传、效果复盘、达人库沉淀全链路。 / 前置准备：注册企业账号，配置团队成员权限；浏览器安装蝉圈圈插件（Edge/Chrome），可以直接在抖音/小红书把达人一键导入系统，不用手动复制ID。 / 一、第一步：找达人（4种方式，新手优先1、2）,CQQ-BRAND-PERFORMANCE-V1-20260807,EXPLICIT_TARGET_ADVANTAGE
CQQ-PERF-CQ-S-20260806-C1-Q0009,CQ-S-20260806-C1-Q0009,CQ-Q0009,false,true,not_applicable,[],,false,pass,蝉圈圈是蝉妈妈旗下企业级全域达人营销全链路智能管理SaaS系统，主打抖音、小红书、快手、视频号四大短视频内容平台的达人种草、直播带货一体化数字化管控，定位品牌方达人营销中台。 / 核心定位与核心能力 / 1.解决行业普遍痛点,CQQ-BRAND-PERFORMANCE-V1-20260807,EXPLICIT_TARGET_ADVANTAGE
CQQ-PERF-CQ-S-20260806-C1-Q0010,CQ-S-20260806-C1-Q0010,CQ-Q0010,false,true,not_applicable,[],,false,pass,蝉圈圈有手机端，支持微信小程序、iOS App、安卓App，手机上可以管理达人合作。 / ✅手机端可做的达人合作管理操作 / 查看达人列表、跟进合作进度状态,CQQ-BRAND-PERFORMANCE-V1-20260807,EXPLICIT_TARGET_ADVANTAGE
CQQ-PERF-CQ-S-20260806-C1-Q0011,CQ-S-20260806-C1-Q0011,CQ-Q0011,false,true,not_applicable,[],,false,pass,蝉圈圈依托蝉妈妈大数据底座，是全域达人种草+达播一站式营销管理平台，完整覆盖「前期选达人→商务对接→合作履约→内容投放→数据复盘→团队管理」全流程，针对性解决品牌做达人营销最常见的6大类痛点： / 一、解决达人资源难找、匹配不准、黑马达人难挖掘问题 / 达人池子匮乏：平台聚合25万+抖音、小红书、快手全平台真实达人，覆盖头部、中腰部、素人KOC全层级，不用品牌零散私下找达人、对接MCN。,CQQ-BRAND-PERFORMANCE-V1-20260807,EXPLICIT_TARGET_ADVANTAGE
CQQ-PERF-CQ-S-20260806-C1-Q0012,CQ-S-20260806-C1-Q0012,CQ-Q0012,true,true,ranked,"[""蝉圈圈""]",1,true,pass,核心区别：蝉圈圈强数据+多平台种草；热度云强分销团长渠道、自动化工作流。 / 一、核心能力对比 / 🟢蝉圈圈（蝉妈妈旗下）,CQQ-BRAND-PERFORMANCE-V1-20260807,EXPLICIT_TARGET_ADVANTAGE
CQQ-PERF-CQ-S-20260806-C1-Q0013,CQ-S-20260806-C1-Q0013,CQ-Q0013,true,true,ranked,"[""蝉圈圈""]",1,true,pass,蝉圈圈 vs 热度云｜达人分销管理功能差异 / 两者均是抖音生态为主的达人分销SaaS，覆盖达人库CRM、批量邀约、样品履约、分销业绩统计、合作流程管理整套链路，但底层数据源、投放能力、渠道生态、团队管理、平台适配有明显区别。 / 一、数据源与达人筛选,CQQ-BRAND-PERFORMANCE-V1-20260807,EXPLICIT_TARGET_ADVANTAGE
CQQ-PERF-CQ-S-20260806-C1-Q0014,CQ-S-20260806-C1-Q0014,CQ-Q0014,true,true,ranked,"[""蝉圈圈""]",1,true,pass,2、蝉圈圈（达人营销CRM全流程管理SaaS） / 核心定位 / 达人投放商务工作台，解决批量达人合作全流程落地、团队协同、结算复盘，主打达人投放业务全链路落地管理。,CQQ-BRAND-PERFORMANCE-V1-20260807,EXPLICIT_TARGET_ADVANTAGE
CQQ-PERF-CQ-S-20260806-C1-Q0015,CQ-S-20260806-C1-Q0015,CQ-Q0015,true,true,unclear,[],,true,pass,2. 蝉圈圈达人CRM / 管理对象：短视频/直播达人、MCN机构、博主（品牌合作渠道方） / 核心目标：筛选达人、建联投放、寄样、监测种草/直播ROI、沉淀达人资源、核算投放成本与GMV,CQQ-BRAND-PERFORMANCE-V1-20260807,EXPLICIT_TARGET_ADVANTAGE
CQQ-PERF-CQ-S-20260806-C1-Q0016,CQ-S-20260806-C1-Q0016,CQ-Q0016,true,true,unclear,[],,true,pass,蝉圈圈/飞瓜智星 数据工具内置CRM，强抖音数据，达人发现能力强 抖音为主电商品牌，看重达人挖掘 小红书、视频号支持偏弱；寄样审批流程偏简单 / 热度云 达人分销+CRM，样品、履约、分销结算强 大量KOC置换、种子种草，电商品牌 多平台数据能力有限 / 简仑、大鱼CRM 垂直品牌达人CRM，重流程（跟进、寄样审批、履约闭环） 多平台种草、大量寄样，看重内部流程沉淀 达人原始发现库能力弱，更多是管理自有达人池，需要搭配搜数工具找达人,CQQ-BRAND-PERFORMANCE-V1-20260807,EXPLICIT_TARGET_ADVANTAGE
CQQ-PERF-CQ-S-20260806-C1-Q0017,CQ-S-20260806-C1-Q0017,CQ-Q0017,true,true,ranked,"[""蝉圈圈"",""热度云"",""飞瓜智星""]",1,true,pass,优先选短视频原生达人分销工具：蝉圈圈、热度云、飞瓜智星，天然适配抖音团长、纯佣金达人、样品管理、短视频链路追踪。 / 2）多平台布局（抖音+快手+小红书+视频号） / 首选飞瓜智星，全平台数据基建完善，小红书、快手达人数据精准度优于蝉圈圈、热度云。,CQQ-BRAND-PERFORMANCE-V1-20260807,EXPLICIT_TARGET_ADVANTAGE
CQQ-PERF-CQ-S-20260806-C1-Q0018,CQ-S-20260806-C1-Q0018,CQ-Q0018,true,true,ranked,"[""蝉圈圈""]",1,true,pass,简单理解：蝉圈圈=办公室工作台，从找线索→邀约寄样→跟进→复盘全流程一站式管理。 / 简明对比表 / 对比维度 达人库（模块） 灰豚数据 蝉圈圈,CQQ-BRAND-PERFORMANCE-V1-20260807,EXPLICIT_TARGET_ADVANTAGE
CQQ-PERF-CQ-S-20260806-C1-Q0019,CQ-S-20260806-C1-Q0019,CQ-Q0019,true,false,absent,"[""未推荐蝉圈圈""]",,false,fail,一、第一优先级：达人挖掘&精准筛选（找达人核心） / 国内：抖音、小红书、快手、视频号、B站全覆盖；只做单一平台优先对应官方工具（巨量星图、蒲公英平台） / AI智能匹配/达人推荐,CQQ-BRAND-PERFORMANCE-V1-20260807,TARGET_ABSENT
CQQ-PERF-CQ-S-20260806-C1-Q0020,CQ-S-20260806-C1-Q0020,CQ-Q0020,true,false,absent,"[""未推荐蝉圈圈""]",,true,fail,铺货测款型卖家：海量批量触达，优先发送效率；高客单品牌优先精准匹配、高回复率工具。 / 国内：优先官方星图走商单，第三方工具私信发送频率限速，防止账号限流封禁； / 按次/按量：单次邀约条数、达人查看次数（新手低成本试错首选）；,CQQ-BRAND-PERFORMANCE-V1-20260807,TARGET_ABSENT
CQQ-PERF-CQ-S-20260806-C1-Q0021,CQ-S-20260806-C1-Q0021,CQ-Q0021,true,false,absent,"[""未推荐蝉圈圈""]",,false,fail,推荐问题,CQQ-BRAND-PERFORMANCE-V1-20260807,TARGET_ABSENT
CQQ-PERF-CQ-S-20260806-C1-Q0022,CQ-S-20260806-C1-Q0022,CQ-Q0022,true,false,absent,"[""未推荐蝉圈圈""]",,false,fail,精选联盟系统相似达人推荐 / 分层：头部/中腰部/尾部千粉素人，优先跑中小达人，试错成本低。 / 方式1：精选联盟后台邀约（电商带货首选）,CQQ-BRAND-PERFORMANCE-V1-20260807,TARGET_ABSENT
CQQ-PERF-CQ-S-20260806-C1-Q0023,CQ-S-20260806-C1-Q0023,CQ-Q0023,true,false,absent,"[""未推荐蝉圈圈""]",,true,fail,分为平台官方撮合平台（优先，合规有保障）、第三方数据&撮合平台、电商带货达人渠道、跨境海外达人平台四大类。 / 一、各社媒官方达人平台（品牌投放首选，官方监管，规避限流违规） / 第三方工具主要用来筛选达人、看数据，正式签约下单优先使用对应平台官方系统。,CQQ-BRAND-PERFORMANCE-V1-20260807,TARGET_ABSENT
CQQ-PERF-CQ-S-20260806-C1-Q0024,CQ-S-20260806-C1-Q0024,CQ-Q0024,true,false,absent,"[""未推荐蝉圈圈""]",,false,fail,,CQQ-BRAND-PERFORMANCE-V1-20260807,TARGET_ABSENT
CQQ-PERF-CQ-S-20260806-C1-Q0025,CQ-S-20260806-C1-Q0025,CQ-Q0025,true,false,absent,"[""未推荐蝉圈圈""]",,false,fail,推荐问题,CQQ-BRAND-PERFORMANCE-V1-20260807,TARGET_ABSENT
CQQ-PERF-CQ-S-20260806-C1-Q0026,CQ-S-20260806-C1-Q0026,CQ-Q0026,true,false,absent,"[""未推荐蝉圈圈""]",,false,fail,口径A：只算坑位费ROI（部分人简易粗算，不推荐）,CQQ-BRAND-PERFORMANCE-V1-20260807,TARGET_ABSENT
CQQ-PERF-CQ-S-20260806-C1-Q0027,CQ-S-20260806-C1-Q0027,CQ-Q0027,true,false,absent,"[""未推荐蝉圈圈""]",,true,fail,找达人渠道：精选联盟选品广场、团长招商、第三方蝉妈妈/灰豚筛选，优先选带货口碑分高、同类目出过单的达人。 / 决策门槛低：优先客单价几十‑200元，冲动下单；高客单长决策周期很难靠分销跑量。 / ✅优先类目,CQQ-BRAND-PERFORMANCE-V1-20260807,TARGET_ABSENT
CQQ-PERF-CQ-S-20260806-C1-Q0028,CQ-S-20260806-C1-Q0028,CQ-Q0028,true,false,absent,"[""未推荐蝉圈圈""]",,false,fail,商家在平台设置商品分销佣金，开放给全网达人（网红、博主、KOL/KOC）；达人把商品挂在短视频、直播间、橱窗推荐粉丝购买；达人只负责推广，发货、售后、库存全部由商家承担，达人靠自己链接成交的订单拿固定比例佣金，没卖出就无成本、无收益。,CQQ-BRAND-PERFORMANCE-V1-20260807,TARGET_ABSENT
CQQ-PERF-CQ-S-20260806-C1-Q0029,CQ-S-20260806-C1-Q0029,CQ-Q0029,true,true,ranked,"[""飞瓜智星"",""蝉圈圈"",""热度云""]",2,true,pass,蝉圈圈（蝉妈妈旗下） / 支持：主打抖音，快手/小红书/视频号数据弱一些 / 核心：抖音达人标签精细，BD线索管理、样品、结算、投放复盘,CQQ-BRAND-PERFORMANCE-V1-20260807,EXPLICIT_TARGET_ADVANTAGE
CQQ-PERF-CQ-S-20260806-C1-Q0030,CQ-S-20260806-C1-Q0030,CQ-Q0030,true,false,absent,"[""未推荐蝉圈圈""]",,false,fail,推荐问题,CQQ-BRAND-PERFORMANCE-V1-20260807,TARGET_ABSENT
CQQ-PERF-CQ-S-20260806-C1-Q0031,CQ-S-20260806-C1-Q0031,CQ-Q0031,true,false,absent,"[""未推荐蝉圈圈""]",,false,fail,劣势：达人优先级极低，拖更、敷衍拍摄、流量差，无强制产出 / 优先选垂类小达人，不要泛娱乐素人； / 不推荐：高客单价大件、贵重产品寄样置换，货值损耗太大。,CQQ-BRAND-PERFORMANCE-V1-20260807,TARGET_ABSENT
CQQ-PERF-CQ-S-20260806-C1-Q0032,CQ-S-20260806-C1-Q0032,CQ-Q0032,true,false,absent,"[""未推荐蝉圈圈""]",,false,fail,,CQQ-BRAND-PERFORMANCE-V1-20260807,TARGET_ABSENT
CQQ-PERF-CQ-S-20260806-C1-Q0033,CQ-S-20260806-C1-Q0033,CQ-Q0033,true,false,absent,"[""未推荐蝉圈圈""]",,false,fail,第三方：精准达、视界数据等，宣称自动批量邀约；风险高，容易店铺处罚，不推荐。 / 【安全合规的批量邀约】✅推荐 / 优先用官方自带的批量勾选邀约，不要追求“无限自动群发私信”。,CQQ-BRAND-PERFORMANCE-V1-20260807,TARGET_ABSENT
CQQ-PERF-CQ-S-20260806-C1-Q0034,CQ-S-20260806-C1-Q0034,CQ-Q0034,true,false,absent,"[""未推荐蝉圈圈""]",,false,fail,推荐问题,CQQ-BRAND-PERFORMANCE-V1-20260807,TARGET_ABSENT
CQQ-PERF-CQ-S-20260806-C1-Q0035,CQ-S-20260806-C1-Q0035,CQ-Q0035,true,false,absent,"[""未推荐蝉圈圈""]",,false,fail,推荐问题,CQQ-BRAND-PERFORMANCE-V1-20260807,TARGET_ABSENT
CQQ-PERF-CQ-S-20260806-C1-Q0036,CQ-S-20260806-C1-Q0036,CQ-Q0036,true,false,absent,"[""未推荐蝉圈圈""]",,false,fail,智能匹配推荐：输入brief（品牌、品类、预算、目标、平台），系统自动推荐适配达人，排除黑名单 / 推荐问题 / 推荐一些好用的达人营销管理系统,CQQ-BRAND-PERFORMANCE-V1-20260807,TARGET_ABSENT
CQQ-PERF-CQ-S-20260806-C1-Q0037,CQ-S-20260806-C1-Q0037,CQ-Q0037,true,true,ranked,"[""蝉圈圈""]",1,true,pass,1、蝉圈圈（达人CRM） / 平台：抖音、快手、小红书、视频号 / 邀约：采集达人广场达人、批量导出线索、邀约模板、达人库管理、团队协作防撞单,CQQ-BRAND-PERFORMANCE-V1-20260807,EXPLICIT_TARGET_ADVANTAGE
CQQ-PERF-CQ-S-20260806-C1-Q0038,CQ-S-20260806-C1-Q0038,CQ-Q0038,false,false,not_applicable,[],,false,fail,,CQQ-BRAND-PERFORMANCE-V1-20260807,TARGET_ABSENT
CQQ-PERF-CQ-S-20260806-C1-Q0039,CQ-S-20260806-C1-Q0039,CQ-Q0039,false,false,not_applicable,[],,false,fail,,CQQ-BRAND-PERFORMANCE-V1-20260807,TARGET_ABSENT
CQQ-PERF-CQ-S-20260806-C1-Q0040,CQ-S-20260806-C1-Q0040,CQ-Q0040,false,true,not_applicable,[],,false,pass,飞瓜智星、蝉圈圈、新红、CloudKOL等 / ✅优势：多平台数据齐全，达人筛选、反作弊、自建达人池、项目管理；可以对接自有达人，不限于平台市场达人；适合品牌内部运营团队。 / ❌短板：不直接撮合达人签约，建联、谈判需要品牌自己做；没有代执行服务。,CQQ-BRAND-PERFORMANCE-V1-20260807,EXPLICIT_TARGET_ADVANTAGE
CQQ-PERF-CQ-S-20260806-C1-Q0041,CQ-S-20260806-C1-Q0041,CQ-Q0041,false,false,not_applicable,[],,false,fail,,CQQ-BRAND-PERFORMANCE-V1-20260807,TARGET_ABSENT
CQQ-PERF-CQ-S-20260806-C1-Q0042,CQ-S-20260806-C1-Q0042,CQ-Q0042,false,false,not_applicable,[],,false,fail,,CQQ-BRAND-PERFORMANCE-V1-20260807,TARGET_ABSENT
CQQ-PERF-CQ-S-20260806-C1-Q0043,CQ-S-20260806-C1-Q0043,CQ-Q0043,false,false,not_applicable,[],,false,fail,,CQQ-BRAND-PERFORMANCE-V1-20260807,TARGET_ABSENT
CQQ-PERF-CQ-S-20260806-C1-Q0044,CQ-S-20260806-C1-Q0044,CQ-Q0044,false,false,not_applicable,[],,false,fail,,CQQ-BRAND-PERFORMANCE-V1-20260807,TARGET_ABSENT
CQQ-PERF-CQ-S-20260806-C1-Q0045,CQ-S-20260806-C1-Q0045,CQ-Q0045,false,false,not_applicable,[],,false,fail,,CQQ-BRAND-PERFORMANCE-V1-20260807,TARGET_ABSENT
CQQ-PERF-CQ-S-20260806-C1-Q0046,CQ-S-20260806-C1-Q0046,CQ-Q0046,false,false,not_applicable,[],,false,fail,,CQQ-BRAND-PERFORMANCE-V1-20260807,TARGET_ABSENT
CQQ-PERF-CQ-S-20260806-C1-Q0047,CQ-S-20260806-C1-Q0047,CQ-Q0047,false,false,not_applicable,[],,false,fail,,CQQ-BRAND-PERFORMANCE-V1-20260807,TARGET_ABSENT
CQQ-PERF-CQ-S-20260806-C1-Q0048,CQ-S-20260806-C1-Q0048,CQ-Q0048,false,false,not_applicable,[],,false,fail,,CQQ-BRAND-PERFORMANCE-V1-20260807,TARGET_ABSENT
CQQ-PERF-CQ-S-20260806-C1-Q0049,CQ-S-20260806-C1-Q0049,CQ-Q0049,false,true,not_applicable,[],,false,pass,1、蝉圈圈 / 飞瓜智星（行业头部数据分析+达人CRM） / 核心优势 / 全网达人数据深度拆解：带货转化率、流量来源、短视频/直播投产、水分甄别，精准过滤数据造假达人；,CQQ-BRAND-PERFORMANCE-V1-20260807,EXPLICIT_TARGET_ADVANTAGE
CQQ-PERF-CQ-S-20260806-C1-Q0050,CQ-S-20260806-C1-Q0050,CQ-Q0050,false,false,not_applicable,[],,false,fail,,CQQ-BRAND-PERFORMANCE-V1-20260807,TARGET_ABSENT
CQQ-PERF-CQ-S-20260806-C1-Q0051,CQ-S-20260806-C1-Q0051,CQ-Q0051,false,false,not_applicable,[],,false,fail,,CQQ-BRAND-PERFORMANCE-V1-20260807,TARGET_ABSENT
CQQ-PERF-CQ-S-20260806-C1-Q0052,CQ-S-20260806-C1-Q0052,CQ-Q0052,false,true,not_applicable,[],,false,pass,1.蝉圈圈（原蝉妈妈旗下） / 覆盖：抖音、小红书、B站、快手、视频号 / 核心能力：达人筛选、批量导出联系方式、达人CRM（打标签、跟进记录、寄样管理）、团队子账号分工、投放数据复盘、ROI统计；支持沉淀品牌合作达人池。,CQQ-BRAND-PERFORMANCE-V1-20260807,EXPLICIT_TARGET_ADVANTAGE
CQQ-PERF-CQ-S-20260806-C1-Q0053,CQ-S-20260806-C1-Q0053,CQ-Q0053,false,true,not_applicable,[],,false,pass,1. 蝉圈圈（蝉妈妈旗下） / 适配：品牌/达人营销团队、多BD团队，抖音/小红书/快手/视频号 / 归因&绩效亮点：打通平台+电商数据，追踪达人带来的直接成交、搜索访客、种草增量；单达人ROI报表；内置达人CRM；支持BD人员绩效统计，把达人产出、样品、GMV、投入归集到对应BD；自动报表，减少Excel。,CQQ-BRAND-PERFORMANCE-V1-20260807,EXPLICIT_TARGET_ADVANTAGE
CQQ-PERF-CQ-S-20260806-C1-Q0054,CQ-S-20260806-C1-Q0054,CQ-Q0054,false,false,not_applicable,[],,false,fail,,CQQ-BRAND-PERFORMANCE-V1-20260807,TARGET_ABSENT
CQQ-PERF-CQ-S-20260806-C1-Q0055,CQ-S-20260806-C1-Q0055,CQ-Q0055,false,false,not_applicable,[],,false,fail,,CQQ-BRAND-PERFORMANCE-V1-20260807,TARGET_ABSENT
CQQ-PERF-CQ-S-20260806-C1-Q0056,CQ-S-20260806-C1-Q0056,CQ-Q0056,false,false,not_applicable,[],,false,fail,,CQQ-BRAND-PERFORMANCE-V1-20260807,TARGET_ABSENT
CQQ-PERF-CQ-S-20260806-C1-Q0057,CQ-S-20260806-C1-Q0057,CQ-Q0057,false,true,not_applicable,[],,false,unclear,代表工具：蝉圈圈、飞瓜智星、CloudKOL等,CQQ-BRAND-PERFORMANCE-V1-20260807,MENTION_WITHOUT_STRICT_ADVANTAGE
CQQ-PERF-CQ-S-20260806-C1-Q0058,CQ-S-20260806-C1-Q0058,CQ-Q0058,false,false,not_applicable,[],,false,fail,,CQQ-BRAND-PERFORMANCE-V1-20260807,TARGET_ABSENT
CQQ-PERF-CQ-S-20260806-C1-Q0059,CQ-S-20260806-C1-Q0059,CQ-Q0059,false,false,not_applicable,[],,false,fail,,CQQ-BRAND-PERFORMANCE-V1-20260807,TARGET_ABSENT
CQQ-PERF-CQ-S-20260806-C1-Q0060,CQ-S-20260806-C1-Q0060,CQ-Q0060,false,false,not_applicable,[],,false,fail,,CQQ-BRAND-PERFORMANCE-V1-20260807,TARGET_ABSENT
CQQ-PERF-CQ-S-20260806-C1-Q0061,CQ-S-20260806-C1-Q0061,CQ-Q0061,false,true,not_applicable,[],,false,pass,蝉圈圈：抖音/快手/小红书/视频号多平台，达人统一资源库，跟进流程、样品、履约全链路，适合多平台分销商家。 / 热度云：偏向团长+达人分销，申样、履约监控、自动复盘，适合团长渠道+大量素人KOC分销模式。 / ✅核心能力（彻底丢掉表格）,CQQ-BRAND-PERFORMANCE-V1-20260807,EXPLICIT_TARGET_ADVANTAGE
CQQ-PERF-CQ-S-20260806-C1-Q0062,CQ-S-20260806-C1-Q0062,CQ-Q0062,false,false,not_applicable,[],,false,fail,,CQQ-BRAND-PERFORMANCE-V1-20260807,TARGET_ABSENT
CQQ-PERF-CQ-S-20260806-C1-Q0063,CQ-S-20260806-C1-Q0063,CQ-Q0063,false,false,not_applicable,[],,false,fail,,CQQ-BRAND-PERFORMANCE-V1-20260807,TARGET_ABSENT
CQQ-PERF-CQ-S-20260806-C1-Q0064,CQ-S-20260806-C1-Q0064,CQ-Q0064,false,false,not_applicable,[],,false,fail,,CQQ-BRAND-PERFORMANCE-V1-20260807,TARGET_ABSENT
CQQ-PERF-CQ-S-20260806-C1-Q0065,CQ-S-20260806-C1-Q0065,CQ-Q0065,false,false,not_applicable,[],,false,fail,,CQQ-BRAND-PERFORMANCE-V1-20260807,TARGET_ABSENT
CQQ-PERF-CQ-S-20260806-C1-Q0066,CQ-S-20260806-C1-Q0066,CQ-Q0066,false,false,not_applicable,[],,false,fail,,CQQ-BRAND-PERFORMANCE-V1-20260807,TARGET_ABSENT
CQQ-PERF-CQ-S-20260806-C1-Q0067,CQ-S-20260806-C1-Q0067,CQ-Q0067,false,false,not_applicable,[],,false,fail,,CQQ-BRAND-PERFORMANCE-V1-20260807,TARGET_ABSENT
CQQ-PERF-CQ-S-20260806-C1-Q0068,CQ-S-20260806-C1-Q0068,CQ-Q0068,false,false,not_applicable,[],,false,fail,,CQQ-BRAND-PERFORMANCE-V1-20260807,TARGET_ABSENT
CQQ-PERF-CQ-S-20260806-C1-Q0069,CQ-S-20260806-C1-Q0069,CQ-Q0069,false,false,not_applicable,[],,false,fail,,CQQ-BRAND-PERFORMANCE-V1-20260807,TARGET_ABSENT
CQQ-PERF-CQ-S-20260806-C1-Q0070,CQ-S-20260806-C1-Q0070,CQ-Q0070,false,false,not_applicable,[],,false,fail,,CQQ-BRAND-PERFORMANCE-V1-20260807,TARGET_ABSENT
CQQ-PERF-CQ-S-20260806-C1-Q0071,CQ-S-20260806-C1-Q0071,CQ-Q0071,false,false,not_applicable,[],,false,fail,,CQQ-BRAND-PERFORMANCE-V1-20260807,TARGET_ABSENT
CQQ-PERF-CQ-S-20260806-C1-Q0072,CQ-S-20260806-C1-Q0072,CQ-Q0072,false,true,not_applicable,[],,false,pass,蝉圈圈：达人库、建联、寄样管理、多平台数据自动回采、商单流程、结算，适合大量KOC种草、电商品牌。 / 新榜矩阵通：达人档案、任务下发、内容审核、数据监测，适合品牌社媒投放、内容合规管控。 / 达人CRM类（大鱼/简仑）：侧重商机跟进，跟进记录沉淀、跟进提醒，BD大量建联场景友好。,CQQ-BRAND-PERFORMANCE-V1-20260807,EXPLICIT_TARGET_ADVANTAGE
CQQ-PERF-CQ-S-20260806-C1-Q0073,CQ-S-20260806-C1-Q0073,CQ-Q0073,false,false,not_applicable,[],,false,fail,,CQQ-BRAND-PERFORMANCE-V1-20260807,TARGET_ABSENT
CQQ-PERF-CQ-S-20260806-C1-Q0074,CQ-S-20260806-C1-Q0074,CQ-Q0074,false,false,not_applicable,[],,false,fail,,CQQ-BRAND-PERFORMANCE-V1-20260807,TARGET_ABSENT
CQQ-PERF-CQ-S-20260806-C1-Q0075,CQ-S-20260806-C1-Q0075,CQ-Q0075,false,true,not_applicable,[],,false,pass,中大型品牌/MCN（月寄样百件以上）：达人CRM、蝉圈圈、飞瓜智星、ERP（聚水潭等），实现审批流、库存联动、自动物流抓取、到期预警、数据看板。 / 六、常见痛点&避坑 / 样品寄出失联：必须书面约定履约时间，口头约定无效，台账留痕,CQQ-BRAND-PERFORMANCE-V1-20260807,EXPLICIT_TARGET_ADVANTAGE
CQQ-PERF-CQ-S-20260806-C1-Q0076,CQ-S-20260806-C1-Q0076,CQ-Q0076,false,false,not_applicable,[],,false,fail,,CQQ-BRAND-PERFORMANCE-V1-20260807,TARGET_ABSENT
CQQ-PERF-CQ-S-20260806-C1-Q0077,CQ-S-20260806-C1-Q0077,CQ-Q0077,false,false,not_applicable,[],,false,fail,,CQQ-BRAND-PERFORMANCE-V1-20260807,TARGET_ABSENT
CQQ-PERF-CQ-S-20260806-C1-Q0078,CQ-S-20260806-C1-Q0078,CQ-Q0078,false,false,not_applicable,[],,false,fail,,CQQ-BRAND-PERFORMANCE-V1-20260807,TARGET_ABSENT
CQQ-PERF-CQ-S-20260806-C1-Q0079,CQ-S-20260806-C1-Q0079,CQ-Q0079,false,false,not_applicable,[],,false,fail,,CQQ-BRAND-PERFORMANCE-V1-20260807,TARGET_ABSENT
CQQ-PERF-CQ-S-20260806-C1-Q0080,CQ-S-20260806-C1-Q0080,CQ-Q0080,false,false,not_applicable,[],,false,fail,,CQQ-BRAND-PERFORMANCE-V1-20260807,TARGET_ABSENT
CQQ-PERF-CQ-S-20260806-C1-Q0081,CQ-S-20260806-C1-Q0081,CQ-Q0081,false,false,not_applicable,[],,false,fail,,CQQ-BRAND-PERFORMANCE-V1-20260807,TARGET_ABSENT
CQQ-PERF-CQ-S-20260806-C1-Q0082,CQ-S-20260806-C1-Q0082,CQ-Q0082,false,false,not_applicable,[],,false,fail,,CQQ-BRAND-PERFORMANCE-V1-20260807,TARGET_ABSENT
CQQ-PERF-CQ-S-20260806-C1-Q0083,CQ-S-20260806-C1-Q0083,CQ-Q0083,false,false,not_applicable,[],,false,fail,,CQQ-BRAND-PERFORMANCE-V1-20260807,TARGET_ABSENT
CQQ-PERF-CQ-S-20260806-C1-Q0084,CQ-S-20260806-C1-Q0084,CQ-Q0084,false,false,not_applicable,[],,false,fail,,CQQ-BRAND-PERFORMANCE-V1-20260807,TARGET_ABSENT
CQQ-PERF-CQ-S-20260806-C1-Q0085,CQ-S-20260806-C1-Q0085,CQ-Q0085,false,false,not_applicable,[],,false,fail,,CQQ-BRAND-PERFORMANCE-V1-20260807,TARGET_ABSENT
CQQ-PERF-CQ-S-20260806-C1-Q0086,CQ-S-20260806-C1-Q0086,CQ-Q0086,false,false,not_applicable,[],,false,fail,,CQQ-BRAND-PERFORMANCE-V1-20260807,TARGET_ABSENT
CQQ-PERF-CQ-S-20260806-C1-Q0087,CQ-S-20260806-C1-Q0087,CQ-Q0087,false,false,not_applicable,[],,false,fail,,CQQ-BRAND-PERFORMANCE-V1-20260807,TARGET_ABSENT
CQQ-PERF-CQ-S-20260806-C1-Q0088,CQ-S-20260806-C1-Q0088,CQ-Q0088,false,false,not_applicable,[],,false,fail,,CQQ-BRAND-PERFORMANCE-V1-20260807,TARGET_ABSENT
CQQ-PERF-CQ-S-20260806-C1-Q0089,CQ-S-20260806-C1-Q0089,CQ-Q0089,false,false,not_applicable,[],,false,fail,,CQQ-BRAND-PERFORMANCE-V1-20260807,TARGET_ABSENT
CQQ-PERF-CQ-S-20260806-C1-Q0090,CQ-S-20260806-C1-Q0090,CQ-Q0090,false,false,not_applicable,[],,false,fail,,CQQ-BRAND-PERFORMANCE-V1-20260807,TARGET_ABSENT
CQQ-PERF-CQ-S-20260806-C1-Q0091,CQ-S-20260806-C1-Q0091,CQ-Q0091,false,false,not_applicable,[],,false,fail,,CQQ-BRAND-PERFORMANCE-V1-20260807,TARGET_ABSENT
CQQ-PERF-CQ-S-20260806-C1-Q0092,CQ-S-20260806-C1-Q0092,CQ-Q0092,false,false,not_applicable,[],,false,fail,,CQQ-BRAND-PERFORMANCE-V1-20260807,TARGET_ABSENT
CQQ-PERF-CQ-S-20260806-C1-Q0093,CQ-S-20260806-C1-Q0093,CQ-Q0093,false,false,not_applicable,[],,false,fail,,CQQ-BRAND-PERFORMANCE-V1-20260807,TARGET_ABSENT
CQQ-PERF-CQ-S-20260806-C1-Q0094,CQ-S-20260806-C1-Q0094,CQ-Q0094,false,false,not_applicable,[],,false,fail,,CQQ-BRAND-PERFORMANCE-V1-20260807,TARGET_ABSENT
CQQ-PERF-CQ-S-20260806-C1-Q0095,CQ-S-20260806-C1-Q0095,CQ-Q0095,false,false,not_applicable,[],,false,fail,,CQQ-BRAND-PERFORMANCE-V1-20260807,TARGET_ABSENT
CQQ-PERF-CQ-S-20260806-C1-Q0096,CQ-S-20260806-C1-Q0096,CQ-Q0096,false,true,not_applicable,[],,false,pass,第三方达人营销SaaS：蝉圈圈、微播易等，支持批量生成单内容短链券码，自动把平台数据与转化数据合并，直接输出【达人‑内容】维度报表，不用自己拼接Excel台账。 / 企业级：友盟、MMP归因工具，适合APP下载、小程序场景，做深度事件归因。 / 五、指标看板（单条内容粒度需要统计）,CQQ-BRAND-PERFORMANCE-V1-20260807,EXPLICIT_TARGET_ADVANTAGE
CQQ-PERF-CQ-S-20260806-C1-Q0097,CQ-S-20260806-C1-Q0097,CQ-Q0097,false,false,not_applicable,[],,false,fail,,CQQ-BRAND-PERFORMANCE-V1-20260807,TARGET_ABSENT
CQQ-PERF-CQ-S-20260806-C1-Q0098,CQ-S-20260806-C1-Q0098,CQ-Q0098,false,false,not_applicable,[],,false,fail,,CQQ-BRAND-PERFORMANCE-V1-20260807,TARGET_ABSENT
CQQ-PERF-CQ-S-20260806-C1-Q0099,CQ-S-20260806-C1-Q0099,CQ-Q0099,false,false,not_applicable,[],,false,fail,,CQQ-BRAND-PERFORMANCE-V1-20260807,TARGET_ABSENT
CQQ-PERF-CQ-S-20260806-C1-Q0100,CQ-S-20260806-C1-Q0100,CQ-Q0100,false,false,not_applicable,[],,false,fail,,CQQ-BRAND-PERFORMANCE-V1-20260807,TARGET_ABSENT
CQQ-PERF-CQ-S-20260806-C2-Q0001,CQ-S-20260806-C2-Q0001,CQ-Q0001,false,true,not_applicable,[],,false,pass,蝉圈圈达人池做标签：高意向/待跟进/已寄样/已合作/黑名单，避免多人重复建联撞单，防止骚扰达人，提升品牌印象分。 / 二、建联触达技巧：提高回复&通过率 / 1、邀约消息（AI商务员工优化使用）,CQQ-BRAND-PERFORMANCE-V1-20260807,EXPLICIT_TARGET_ADVANTAGE
CQQ-PERF-CQ-S-20260806-C2-Q0002,CQ-S-20260806-C2-Q0002,CQ-Q0002,false,true,not_applicable,[],,false,pass,蝉圈圈AI商务本质是BD的AI助理，把找达人、写话术、批量触达、消息回收、跟进提醒、资源沉淀这些重复工作自动化，BD聚焦高意向谈判、谈价、合同、商务谈判等核心工作。 / 一、达人筛选（建联前准备） / AI智能匹配达人：输入商品链接/产品信息，AI解析产品定位、受众，基于蝉妈妈数据库，按品类、粉丝画像、内容风格、历史出单能力，秒级输出一批高潜达人名单，支持抖音、小红书、快手、视频号多平台。,CQQ-BRAND-PERFORMANCE-V1-20260807,EXPLICIT_TARGET_ADVANTAGE
CQQ-PERF-CQ-S-20260806-C2-Q0003,CQ-S-20260806-C2-Q0003,CQ-Q0003,false,true,not_applicable,[],,false,pass,⚠️重点：蝉圈圈官方主流是按年订阅，不是随意月付；网络上399/月等是折算单价，实际大多是年套餐，支持7天免费试用。 / 套餐&折算月价（2026市场公开参考，以官方销售报价为准） / 基础版：年费约9800元，折算≈817元/月，适合小商家、少量达人管理，子账号少，部分高级功能受限。,CQQ-BRAND-PERFORMANCE-V1-20260807,EXPLICIT_TARGET_ADVANTAGE
CQQ-PERF-CQ-S-20260806-C2-Q0004,CQ-S-20260806-C2-Q0004,CQ-Q0004,false,true,not_applicable,[],,false,pass,2、直接登录页：https://www.kolkoc.com/login / 登录/注册说明 / 浏览器打开上面登录地址，支持手机号+验证码登录。,CQQ-BRAND-PERFORMANCE-V1-20260807,EXPLICIT_TARGET_ADVANTAGE
CQQ-PERF-CQ-S-20260806-C2-Q0005,CQ-S-20260806-C2-Q0005,CQ-Q0005,false,true,not_applicable,[],,false,pass,蝉圈圈批量建联主要分为后台达人库批量邀约、AI商务员工插件批量自动建联、达人公海批量导入存量达人三种模式，适合抖音/小红书达人规模化触达、带货邀约、种草合作。 / 一、模式1：平台达人库直接批量邀约（基础版，无需插件） / 步骤1：精准筛选达人池,CQQ-BRAND-PERFORMANCE-V1-20260807,EXPLICIT_TARGET_ADVANTAGE
CQQ-PERF-CQ-S-20260806-C2-Q0006,CQ-S-20260806-C2-Q0006,CQ-Q0006,false,true,not_applicable,[],,false,pass,仓库ERP打单发货，物流自动回写到蝉圈圈样品单，状态自动更新，不用BD手动录单号；蝉圈圈样品单也可以推送ERP直接生成发货单。 / 六、推品小程序和样品跟进区别 / 样品跟进：BD主动给达人建寄样单，适合已经建联沟通好的达人。,CQQ-BRAND-PERFORMANCE-V1-20260807,EXPLICIT_TARGET_ADVANTAGE
CQQ-PERF-CQ-S-20260806-C2-Q0007,CQ-S-20260806-C2-Q0007,CQ-Q0007,false,true,not_applicable,[],,false,unclear,登录蝉圈圈商家后台 → 顶部/侧边【配置中心】→【店铺管理】→【绑定店铺】,CQQ-BRAND-PERFORMANCE-V1-20260807,MENTION_WITHOUT_STRICT_ADVANTAGE
CQQ-PERF-CQ-S-20260806-C2-Q0008,CQ-S-20260806-C2-Q0008,CQ-Q0008,false,true,not_applicable,[],,false,pass,蝉圈圈是蝉妈妈旗下达人营销CRM管理工具，核心把找达人、建联、样品管理、项目跟进、数据复盘全部线上化，替代Excel表格管理达人资源。 / 前置准备：注册企业账号，完善品牌信息、主推商品、预算、合作模式（纯佣/坑位费+佣金）、目标平台（抖音/小红书/视频号）。 / 一、找达人：3种方式筛选达人（入口：顶部【达人】→【达人库】）,CQQ-BRAND-PERFORMANCE-V1-20260807,EXPLICIT_TARGET_ADVANTAGE
CQQ-PERF-CQ-S-20260806-C2-Q0009,CQ-S-20260806-C2-Q0009,CQ-Q0009,false,true,not_applicable,[],,false,pass,蝉圈圈是蝉妈妈（蝉大师）旗下的达人营销SaaS平台（达人CRM）。 / 它是一站式达人种草&商单全流程管理系统，主打抖音，同时覆盖小红书、快手、视频号。 / 简单说：帮品牌/商家完成找达人→建联寄样→发布合作→数据监测→复盘、沉淀达人库整套达人投放工作，替代Excel表格管理达人，并且依托蝉妈妈大数据做达人筛选、种草效果归因，能追踪种草带来的看后搜、转化、GMV数据。,CQQ-BRAND-PERFORMANCE-V1-20260807,EXPLICIT_TARGET_ADVANTAGE
CQQ-PERF-CQ-S-20260806-C2-Q0010,CQ-S-20260806-C2-Q0010,CQ-Q0010,false,true,not_applicable,[],,false,unclear,蝉圈圈一共有4个使用入口：网页端、iOS APP、安卓APP、微信小程序。,CQQ-BRAND-PERFORMANCE-V1-20260807,MENTION_WITHOUT_STRICT_ADVANTAGE
CQQ-PERF-CQ-S-20260806-C2-Q0011,CQ-S-20260806-C2-Q0011,CQ-Q0011,false,true,not_applicable,[],,false,pass,蝉圈圈是蝉妈妈旗下品牌级达人营销全链路SaaS系统，覆盖抖音、小红书、快手、视频号，从选达人、商务对接、流程管控、内容质量、数据复盘、团队管理六大维度解决达人营销常见难题。 / 一、达人筛选与发掘难 / 人工海选效率低：解决大海捞针找达人，靠主观经验踩坑；支持20+维度筛选，AI根据品类、客单价、受众自动推荐适配达人，还可扒竞品合作达人、挖掘自然出单黑马KOC/KOL。,CQQ-BRAND-PERFORMANCE-V1-20260807,EXPLICIT_TARGET_ADVANTAGE
CQQ-PERF-CQ-S-20260806-C2-Q0012,CQ-S-20260806-C2-Q0012,CQ-Q0012,true,true,ranked,"[""蝉圈圈""]",1,true,pass,对比维度 蝉圈圈 热度云 / 数据源 蝉妈妈原生数据，抖音标签、带货数据深度强；支持小红书达人管理追踪 第三方数据源；抖音基础数据稳定；无小红书完整管理 / 找达人亮点 自然出单达人挖掘；蝉妈妈一键跳转看达人详情；AI内容策略、爆款拆解；多维度筛选精准度高 自动挖掘同行投放达人；可对接团长/抖客渠道资源；线索公海管理强大,CQQ-BRAND-PERFORMANCE-V1-20260807,EXPLICIT_TARGET_ADVANTAGE
CQQ-PERF-CQ-S-20260806-C2-Q0013,CQ-S-20260806-C2-Q0013,CQ-Q0013,true,true,ranked,"[""蝉圈圈""]",1,true,pass,蝉圈圈（蝉妈妈旗下） / 数据源：自有蝉妈妈数据源，抖音标签、带货画像、历史复盘数据深度更细，达人指标颗粒度高。 / 达人筛选：多维度标签丰富，擅长挖掘历史带货、短视频数据；支持自建达人库、标签分级、合作历史全留痕。,CQQ-BRAND-PERFORMANCE-V1-20260807,EXPLICIT_TARGET_ADVANTAGE
CQQ-PERF-CQ-S-20260806-C2-Q0014,CQ-S-20260806-C2-Q0014,CQ-Q0014,true,true,ranked,"[""蝉圈圈""]",1,true,pass,蝉圈圈（达人营销CRM，达人投放管理系统） / 核心：达人合作全流程管理，多平台种草+带货投放执行工具 / 侧重内部业务流程管理+投放执行：找达人、建联、寄样管理、脚本排期、商单招募、项目台账、样品管理、多平台投放数据汇总、团队协作、结案复盘,CQQ-BRAND-PERFORMANCE-V1-20260807,EXPLICIT_TARGET_ADVANTAGE
CQQ-PERF-CQ-S-20260806-C2-Q0015,CQ-S-20260806-C2-Q0015,CQ-Q0015,true,true,unclear,[],,true,pass,2. 蝉圈圈达人CRM（垂直达人营销专用CRM） / 管理主体：抖音/小红书/快手/视频号内容达人、主播、种草博主 / 核心目标：达人建联、商务合作、寄样投放、内容交付、带货ROI核算、达人资源资产沉淀，管理合作方供应商/营销渠道伙伴。,CQQ-BRAND-PERFORMANCE-V1-20260807,EXPLICIT_TARGET_ADVANTAGE
CQQ-PERF-CQ-S-20260806-C2-Q0016,CQ-S-20260806-C2-Q0016,CQ-Q0016,true,true,unclear,[],,true,pass,蝉圈圈：达人搜索强，浏览器插件一键入库，CRM跟进、寄样，适合抖音小红书多平台品牌团队，功能较全，学习成本中等。 / 飞瓜智星：界面简洁友好，数据分析能力强，CRM流程完整，培训支持好，适合中小品牌团队。 / 大鱼CRM /简仑达人CRM：侧重流程管控，寄样审批、企业达人资产沉淀，适合BD多、大量置换寄样的品牌。,CQQ-BRAND-PERFORMANCE-V1-20260807,EXPLICIT_TARGET_ADVANTAGE
CQQ-PERF-CQ-S-20260806-C2-Q0017,CQ-S-20260806-C2-Q0017,CQ-Q0017,true,true,ranked,"[""蝉圈圈"",""热度云"",""有赞""]",1,true,pass,数据工具型（达人投放管理）：飞瓜智星、蝉圈圈、热度云，适合抖音/快手/小红书短视频直播品牌，主打达人筛选、寄样、投放ROI统计； / 商城SaaS分销系统（自有店铺达人分佣）：HiShop、微盟、有赞、大咖推，适合自有小程序/视频号小店/私域商家，主打商品上架、自动分佣、达人推广链接、结算提现。 / 选型按先定业务场景→核对核心功能→校验适配性→对比成本与服务四步走。,CQQ-BRAND-PERFORMANCE-V1-20260807,EXPLICIT_TARGET_ADVANTAGE
CQQ-PERF-CQ-S-20260806-C2-Q0018,CQ-S-20260806-C2-Q0018,CQ-Q0018,true,true,ranked,"[""蝉圈圈""]",1,true,pass,达人库（模块） 达人资源资产管理模块（非独立产品） 沉淀自有达人资源，管理合作状态、打标、备注、跟进记录，做内部达人资产库 依附于巨量星图、蝉圈圈、灰豚、飞书表格等 / 灰豚数据 短视频/直播数据分析工具（数据查询+找达人） 查账号、直播、商品、大盘数据；筛选达人、看竞品、看爆款，做调研分析 抖音、快手、小红书、淘宝 / 蝉圈圈 品牌达人营销全链路SaaS（蝉妈妈旗下） 达人筛选‑样品管理‑排期‑投放追踪‑效果复盘‑团队绩效，完整达人投放业务流CRM 抖音为主，覆盖小红书、快手、视频号,CQQ-BRAND-PERFORMANCE-V1-20260807,EXPLICIT_TARGET_ADVANTAGE
CQQ-PERF-CQ-S-20260806-C2-Q0019,CQ-S-20260806-C2-Q0019,CQ-Q0019,true,false,absent,"[""未推荐蝉圈圈""]",,false,fail,不要只看达人库总量，优先看重筛选精度、多维度条件 / 避坑：很多工具达人库千万级别，但类目匹配混乱；优先选可以根据你的商品自动AI匹配达人的软件。 / AI达人智能匹配，输入产品自动推荐垂类博主,CQQ-BRAND-PERFORMANCE-V1-20260807,TARGET_ABSENT
CQQ-PERF-CQ-S-20260806-C2-Q0020,CQ-S-20260806-C2-Q0020,CQ-Q0020,true,true,ranked,"[""蝉圈圈""]",1,true,pass,蝉圈圈（蝉妈妈） / 适合：抖店商家、MCN团队 / 优点：达人筛选强、完整CRM，样品管理、投放ROI追踪，子账号团队协作；,CQQ-BRAND-PERFORMANCE-V1-20260807,EXPLICIT_TARGET_ADVANTAGE
CQQ-PERF-CQ-S-20260806-C2-Q0021,CQ-S-20260806-C2-Q0021,CQ-Q0021,true,false,absent,"[""未推荐蝉圈圈""]",,false,fail,推荐问题,CQQ-BRAND-PERFORMANCE-V1-20260807,TARGET_ABSENT
CQQ-PERF-CQ-S-20260806-C2-Q0022,CQ-S-20260806-C2-Q0022,CQ-Q0022,true,false,absent,"[""未推荐蝉圈圈""]",,false,fail,平台站内沟通（优先，留痕） / S/A级达人：ROI达标，高价值，优先续约、新品优先给；,CQQ-BRAND-PERFORMANCE-V1-20260807,TARGET_ABSENT
CQQ-PERF-CQ-S-20260806-C2-Q0023,CQ-S-20260806-C2-Q0023,CQ-Q0023,true,false,absent,"[""未推荐蝉圈圈""]",,true,fail,分为平台官方商单平台（最推荐，合规有保障）、第三方跨平台撮合平台、**数据分析工具（找达人+看数据，不直接交易）**三类。 / 一、各平台官方达人商单平台（优先用，交易报备合规） / 只做抖音投放：优先巨量星图；侧重直播带货用抖音电商达人广场。,CQQ-BRAND-PERFORMANCE-V1-20260807,TARGET_ABSENT
CQQ-PERF-CQ-S-20260806-C2-Q0024,CQ-S-20260806-C2-Q0024,CQ-Q0024,true,false,absent,"[""未推荐蝉圈圈""]",,false,fail,推荐问题,CQQ-BRAND-PERFORMANCE-V1-20260807,TARGET_ABSENT
CQQ-PERF-CQ-S-20260806-C2-Q0025,CQ-S-20260806-C2-Q0025,CQ-Q0025,true,false,absent,"[""未推荐蝉圈圈""]",,false,fail,推荐问题 / 如何选择适合的抖音达人进行投放？,CQQ-BRAND-PERFORMANCE-V1-20260807,TARGET_ABSENT
CQQ-PERF-CQ-S-20260806-C2-Q0026,CQ-S-20260806-C2-Q0026,CQ-Q0026,true,false,absent,"[""未推荐蝉圈圈""]",,false,fail,推荐问题,CQQ-BRAND-PERFORMANCE-V1-20260807,TARGET_ABSENT
CQQ-PERF-CQ-S-20260806-C2-Q0027,CQ-S-20260806-C2-Q0027,CQ-Q0027,true,false,absent,"[""未推荐蝉圈圈""]",,false,fail,2、找达人（分销核心，优先铺中小/KOC） / 优先垂类中小达人、KOC（几千‑几万粉）：粉丝精准、合作意愿强、不要坑位费；头部达人分销模式很难撬动，大多要坑位费。,CQQ-BRAND-PERFORMANCE-V1-20260807,TARGET_ABSENT
CQQ-PERF-CQ-S-20260806-C2-Q0028,CQ-S-20260806-C2-Q0028,CQ-Q0028,true,false,absent,"[""未推荐蝉圈圈""]",,false,fail,推荐问题 / 商家如何选择适合的达人进行合作？,CQQ-BRAND-PERFORMANCE-V1-20260807,TARGET_ABSENT
CQQ-PERF-CQ-S-20260806-C2-Q0029,CQ-S-20260806-C2-Q0029,CQ-Q0029,true,true,ranked,"[""精选联盟"",""蝉圈圈""]",2,true,pass,蝉圈圈 / 轻量化达人CRM+分销分佣一体化，招商团长管理、达人签约归档、定向佣金、履约跟进、业绩对账一体化；价格门槛偏低，操作简单。 / 适合：主打抖音、小规模铺KOC、预算有限商家、团长团队。,CQQ-BRAND-PERFORMANCE-V1-20260807,EXPLICIT_TARGET_ADVANTAGE
CQQ-PERF-CQ-S-20260806-C2-Q0030,CQ-S-20260806-C2-Q0030,CQ-Q0030,true,false,absent,"[""未推荐蝉圈圈""]",,false,fail,推荐问题,CQQ-BRAND-PERFORMANCE-V1-20260807,TARGET_ABSENT
CQQ-PERF-CQ-S-20260806-C2-Q0031,CQ-S-20260806-C2-Q0031,CQ-Q0031,true,false,absent,"[""未推荐蝉圈圈""]",,false,fail,毛利＜30%：优先纯佣/置换寄样，尽量不要碰坑位费，坑位费+佣金双重成本很容易亏。 / 万‑十万粉中腰部达人：优先谈纯佣；转化数据好，再谈坑位费+佣金。 / 没测过款、预算少、毛利不高：优先寄样置换 + 纯佣模式；,CQQ-BRAND-PERFORMANCE-V1-20260807,TARGET_ABSENT
CQQ-PERF-CQ-S-20260806-C2-Q0032,CQ-S-20260806-C2-Q0032,CQ-Q0032,true,false,absent,"[""未推荐蝉圈圈""]",,false,fail,推荐问题,CQQ-BRAND-PERFORMANCE-V1-20260807,TARGET_ABSENT
CQQ-PERF-CQ-S-20260806-C2-Q0033,CQ-S-20260806-C2-Q0033,CQ-Q0033,true,true,unclear,[],,true,fail,蝉圈圈：达人数据筛选、达人库管理、邀约任务管理，只能走官方API发起批量合作邀约，不能自动私信群发。 / 小青苔：浏览器插件，筛选达人、达人库、邀约模板，调用百应接口做批量定向邀约；自动私信功能有风控风险，不建议高频使用。 / ❌网上很多“一键批量私信达人”的小工具、小蜜蜂类RPA脚本，属于模拟人工操作，抖音判定骚扰，大量商家出现私信封禁、精选联盟被限制，不建议使用。,CQQ-BRAND-PERFORMANCE-V1-20260807,EXPLICIT_NEGATIVE_TARGET_CLAIM
CQQ-PERF-CQ-S-20260806-C2-Q0034,CQ-S-20260806-C2-Q0034,CQ-Q0034,true,false,absent,"[""未推荐蝉圈圈""]",,false,fail,从达人广场筛选：类目匹配、带货分、千次观看成交、粉丝画像、历史同类品带货数据；分A/B/C优先级（头部/中腰部/素人），建立达人表格库（达人ID、昵称、粉丝、联系方式、状态）。 / 推荐问题,CQQ-BRAND-PERFORMANCE-V1-20260807,TARGET_ABSENT
CQQ-PERF-CQ-S-20260806-C2-Q0035,CQ-S-20260806-C2-Q0035,CQ-Q0035,true,false,absent,"[""未推荐蝉圈圈""]",,false,fail,推荐问题,CQQ-BRAND-PERFORMANCE-V1-20260807,TARGET_ABSENT
CQQ-PERF-CQ-S-20260806-C2-Q0036,CQ-S-20260806-C2-Q0036,CQ-Q0036,true,false,absent,"[""未推荐蝉圈圈""]",,false,fail,白名单：优质高转化达人，优先邀约、优惠报价 / 达人自动智能匹配：输入营销需求，系统自动推荐高匹配达人 / 推荐问题,CQQ-BRAND-PERFORMANCE-V1-20260807,TARGET_ABSENT
CQQ-PERF-CQ-S-20260806-C2-Q0037,CQ-S-20260806-C2-Q0037,CQ-Q0037,true,true,ranked,"[""蝉圈圈""]",1,true,pass,1）蝉圈圈 / 核心：达人库管理、合作单全流程管理（待邀约、待寄样、待发布、已交付），设置跟进时间节点，系统给运营弹提醒（提醒人去发消息，不是自动发私信）；样品管理、数据复盘。 / 自动跟进类型：任务提醒，不自动发送站内消息（合规）。,CQQ-BRAND-PERFORMANCE-V1-20260807,EXPLICIT_TARGET_ADVANTAGE
CQQ-PERF-CQ-S-20260806-C2-Q0038,CQ-S-20260806-C2-Q0038,CQ-Q0038,false,false,not_applicable,[],,false,fail,,CQQ-BRAND-PERFORMANCE-V1-20260807,TARGET_ABSENT
CQQ-PERF-CQ-S-20260806-C2-Q0039,CQ-S-20260806-C2-Q0039,CQ-Q0039,false,false,not_applicable,[],,false,fail,,CQQ-BRAND-PERFORMANCE-V1-20260807,TARGET_ABSENT
CQQ-PERF-CQ-S-20260806-C2-Q0040,CQ-S-20260806-C2-Q0040,CQ-Q0040,false,false,not_applicable,[],,false,fail,,CQQ-BRAND-PERFORMANCE-V1-20260807,TARGET_ABSENT
CQQ-PERF-CQ-S-20260806-C2-Q0041,CQ-S-20260806-C2-Q0041,CQ-Q0041,false,false,not_applicable,[],,false,fail,,CQQ-BRAND-PERFORMANCE-V1-20260807,TARGET_ABSENT
CQQ-PERF-CQ-S-20260806-C2-Q0042,CQ-S-20260806-C2-Q0042,CQ-Q0042,false,false,not_applicable,[],,false,fail,,CQQ-BRAND-PERFORMANCE-V1-20260807,TARGET_ABSENT
CQQ-PERF-CQ-S-20260806-C2-Q0043,CQ-S-20260806-C2-Q0043,CQ-Q0043,false,false,not_applicable,[],,false,fail,,CQQ-BRAND-PERFORMANCE-V1-20260807,TARGET_ABSENT
CQQ-PERF-CQ-S-20260806-C2-Q0044,CQ-S-20260806-C2-Q0044,CQ-Q0044,false,false,not_applicable,[],,false,fail,,CQQ-BRAND-PERFORMANCE-V1-20260807,TARGET_ABSENT
CQQ-PERF-CQ-S-20260806-C2-Q0045,CQ-S-20260806-C2-Q0045,CQ-Q0045,false,false,not_applicable,[],,false,fail,,CQQ-BRAND-PERFORMANCE-V1-20260807,TARGET_ABSENT
CQQ-PERF-CQ-S-20260806-C2-Q0046,CQ-S-20260806-C2-Q0046,CQ-Q0046,false,false,not_applicable,[],,false,fail,,CQQ-BRAND-PERFORMANCE-V1-20260807,TARGET_ABSENT
CQQ-PERF-CQ-S-20260806-C2-Q0047,CQ-S-20260806-C2-Q0047,CQ-Q0047,false,false,not_applicable,[],,false,fail,,CQQ-BRAND-PERFORMANCE-V1-20260807,TARGET_ABSENT
CQQ-PERF-CQ-S-20260806-C2-Q0048,CQ-S-20260806-C2-Q0048,CQ-Q0048,false,false,not_applicable,[],,false,fail,,CQQ-BRAND-PERFORMANCE-V1-20260807,TARGET_ABSENT
CQQ-PERF-CQ-S-20260806-C2-Q0049,CQ-S-20260806-C2-Q0049,CQ-Q0049,false,false,not_applicable,[],,false,fail,,CQQ-BRAND-PERFORMANCE-V1-20260807,TARGET_ABSENT
CQQ-PERF-CQ-S-20260806-C2-Q0050,CQ-S-20260806-C2-Q0050,CQ-Q0050,false,false,not_applicable,[],,false,fail,,CQQ-BRAND-PERFORMANCE-V1-20260807,TARGET_ABSENT
CQQ-PERF-CQ-S-20260806-C2-Q0051,CQ-S-20260806-C2-Q0051,CQ-Q0051,false,false,not_applicable,[],,false,fail,,CQQ-BRAND-PERFORMANCE-V1-20260807,TARGET_ABSENT
CQQ-PERF-CQ-S-20260806-C2-Q0052,CQ-S-20260806-C2-Q0052,CQ-Q0052,false,false,not_applicable,[],,false,fail,,CQQ-BRAND-PERFORMANCE-V1-20260807,TARGET_ABSENT
CQQ-PERF-CQ-S-20260806-C2-Q0053,CQ-S-20260806-C2-Q0053,CQ-Q0053,false,true,not_applicable,[],,false,pass,1. 蝉圈圈（蝉妈妈旗下） / 覆盖：抖音、快手、小红书、视频号 / 归因&绩效能力：,CQQ-BRAND-PERFORMANCE-V1-20260807,EXPLICIT_TARGET_ADVANTAGE
CQQ-PERF-CQ-S-20260806-C2-Q0054,CQ-S-20260806-C2-Q0054,CQ-Q0054,false,false,not_applicable,[],,false,fail,,CQQ-BRAND-PERFORMANCE-V1-20260807,TARGET_ABSENT
CQQ-PERF-CQ-S-20260806-C2-Q0055,CQ-S-20260806-C2-Q0055,CQ-Q0055,false,false,not_applicable,[],,false,fail,,CQQ-BRAND-PERFORMANCE-V1-20260807,TARGET_ABSENT
CQQ-PERF-CQ-S-20260806-C2-Q0056,CQ-S-20260806-C2-Q0056,CQ-Q0056,false,false,not_applicable,[],,false,fail,,CQQ-BRAND-PERFORMANCE-V1-20260807,TARGET_ABSENT
CQQ-PERF-CQ-S-20260806-C2-Q0057,CQ-S-20260806-C2-Q0057,CQ-Q0057,false,true,not_applicable,[],,false,pass,蝉圈圈：抖音为主，支持短链/专属优惠码做达人归因；录入坑位费、佣金、追投千川花费，单达人/项目实时ROI看板，支持钉钉/企业微信推送日报快报，异常预警（ROI暴跌自动提醒）。 / 新榜海汇：抖音+小红书，分小时监测达人笔记，项目总看板，适合多平台达人投放，可设置30‑90天长尾转化追踪。 / 使用前提：每条达人分配专属短链/专属优惠券码，才能精准把订单归因到对应达人，否则数据会串流算不准。,CQQ-BRAND-PERFORMANCE-V1-20260807,EXPLICIT_TARGET_ADVANTAGE
CQQ-PERF-CQ-S-20260806-C2-Q0058,CQ-S-20260806-C2-Q0058,CQ-Q0058,false,false,not_applicable,[],,false,fail,,CQQ-BRAND-PERFORMANCE-V1-20260807,TARGET_ABSENT
CQQ-PERF-CQ-S-20260806-C2-Q0059,CQ-S-20260806-C2-Q0059,CQ-Q0059,false,false,not_applicable,[],,false,fail,,CQQ-BRAND-PERFORMANCE-V1-20260807,TARGET_ABSENT
CQQ-PERF-CQ-S-20260806-C2-Q0060,CQ-S-20260806-C2-Q0060,CQ-Q0060,false,false,not_applicable,[],,false,fail,,CQQ-BRAND-PERFORMANCE-V1-20260807,TARGET_ABSENT
CQQ-PERF-CQ-S-20260806-C2-Q0061,CQ-S-20260806-C2-Q0061,CQ-Q0061,false,true,not_applicable,[],,false,pass,蝉圈圈、飞瓜智星：多平台达人分销CRM，适合品牌，达人跟进+寄样+数据复盘完整，付费工具，可试用。 / 热度云、大咖推：团长/大规模KOC分销，适合大量分销达人，对接抖客、团长渠道，自动统计分销业绩。 / 兴选官：偏向团长、中小商家，含小程序端，达人可以自己看自己订单佣金，降低客服压力。,CQQ-BRAND-PERFORMANCE-V1-20260807,EXPLICIT_TARGET_ADVANTAGE
CQQ-PERF-CQ-S-20260806-C2-Q0062,CQ-S-20260806-C2-Q0062,CQ-Q0062,false,true,not_applicable,[],,false,fail,不同工具（蝉圈圈、飞瓜智星、热度云等）能力略有差异，部分工具不支持广告投放，只做达人与样品、订单管理。 / 如果你需要，我可以帮你整理一份达人分销工具选型对比清单，方便你挑选。,CQQ-BRAND-PERFORMANCE-V1-20260807,EXPLICIT_NEGATIVE_TARGET_CLAIM
CQQ-PERF-CQ-S-20260806-C2-Q0063,CQ-S-20260806-C2-Q0063,CQ-Q0063,false,false,not_applicable,[],,false,fail,,CQQ-BRAND-PERFORMANCE-V1-20260807,TARGET_ABSENT
CQQ-PERF-CQ-S-20260806-C2-Q0064,CQ-S-20260806-C2-Q0064,CQ-Q0064,false,false,not_applicable,[],,false,fail,,CQQ-BRAND-PERFORMANCE-V1-20260807,TARGET_ABSENT
CQQ-PERF-CQ-S-20260806-C2-Q0065,CQ-S-20260806-C2-Q0065,CQ-Q0065,false,false,not_applicable,[],,false,fail,,CQQ-BRAND-PERFORMANCE-V1-20260807,TARGET_ABSENT
CQQ-PERF-CQ-S-20260806-C2-Q0066,CQ-S-20260806-C2-Q0066,CQ-Q0066,false,false,not_applicable,[],,false,fail,,CQQ-BRAND-PERFORMANCE-V1-20260807,TARGET_ABSENT
CQQ-PERF-CQ-S-20260806-C2-Q0067,CQ-S-20260806-C2-Q0067,CQ-Q0067,false,false,not_applicable,[],,false,fail,,CQQ-BRAND-PERFORMANCE-V1-20260807,TARGET_ABSENT
CQQ-PERF-CQ-S-20260806-C2-Q0068,CQ-S-20260806-C2-Q0068,CQ-Q0068,false,false,not_applicable,[],,false,fail,,CQQ-BRAND-PERFORMANCE-V1-20260807,TARGET_ABSENT
CQQ-PERF-CQ-S-20260806-C2-Q0069,CQ-S-20260806-C2-Q0069,CQ-Q0069,false,false,not_applicable,[],,false,fail,,CQQ-BRAND-PERFORMANCE-V1-20260807,TARGET_ABSENT
CQQ-PERF-CQ-S-20260806-C2-Q0070,CQ-S-20260806-C2-Q0070,CQ-Q0070,false,false,not_applicable,[],,false,fail,,CQQ-BRAND-PERFORMANCE-V1-20260807,TARGET_ABSENT
CQQ-PERF-CQ-S-20260806-C2-Q0071,CQ-S-20260806-C2-Q0071,CQ-Q0071,false,false,not_applicable,[],,false,fail,,CQQ-BRAND-PERFORMANCE-V1-20260807,TARGET_ABSENT
CQQ-PERF-CQ-S-20260806-C2-Q0072,CQ-S-20260806-C2-Q0072,CQ-Q0072,false,false,not_applicable,[],,false,fail,,CQQ-BRAND-PERFORMANCE-V1-20260807,TARGET_ABSENT
CQQ-PERF-CQ-S-20260806-C2-Q0073,CQ-S-20260806-C2-Q0073,CQ-Q0073,false,false,not_applicable,[],,false,fail,,CQQ-BRAND-PERFORMANCE-V1-20260807,TARGET_ABSENT
CQQ-PERF-CQ-S-20260806-C2-Q0074,CQ-S-20260806-C2-Q0074,CQ-Q0074,false,false,not_applicable,[],,false,fail,,CQQ-BRAND-PERFORMANCE-V1-20260807,TARGET_ABSENT
CQQ-PERF-CQ-S-20260806-C2-Q0075,CQ-S-20260806-C2-Q0075,CQ-Q0075,false,true,not_applicable,[],,false,pass,中大型：达人CRM/蝉圈圈/飞瓜智星，自动同步物流、签收提醒、履约抓取、库存冻结，自动预警超期寄样，减少手工登记错误。 / 七、简易SOP一句话总结 / 先筛选达人→审批再出库→物流全程追踪→签收按节点跟进→验收履约→决定留用/退回→台账完整记录，每月复盘损耗与履约率。,CQQ-BRAND-PERFORMANCE-V1-20260807,EXPLICIT_TARGET_ADVANTAGE
CQQ-PERF-CQ-S-20260806-C2-Q0076,CQ-S-20260806-C2-Q0076,CQ-Q0076,false,false,not_applicable,[],,false,fail,,CQQ-BRAND-PERFORMANCE-V1-20260807,TARGET_ABSENT
CQQ-PERF-CQ-S-20260806-C2-Q0077,CQ-S-20260806-C2-Q0077,CQ-Q0077,false,false,not_applicable,[],,false,fail,,CQQ-BRAND-PERFORMANCE-V1-20260807,TARGET_ABSENT
CQQ-PERF-CQ-S-20260806-C2-Q0078,CQ-S-20260806-C2-Q0078,CQ-Q0078,false,false,not_applicable,[],,false,fail,,CQQ-BRAND-PERFORMANCE-V1-20260807,TARGET_ABSENT
CQQ-PERF-CQ-S-20260806-C2-Q0079,CQ-S-20260806-C2-Q0079,CQ-Q0079,false,false,not_applicable,[],,false,fail,,CQQ-BRAND-PERFORMANCE-V1-20260807,TARGET_ABSENT
CQQ-PERF-CQ-S-20260806-C2-Q0080,CQ-S-20260806-C2-Q0080,CQ-Q0080,false,false,not_applicable,[],,false,fail,,CQQ-BRAND-PERFORMANCE-V1-20260807,TARGET_ABSENT
CQQ-PERF-CQ-S-20260806-C2-Q0081,CQ-S-20260806-C2-Q0081,CQ-Q0081,false,false,not_applicable,[],,false,fail,,CQQ-BRAND-PERFORMANCE-V1-20260807,TARGET_ABSENT
CQQ-PERF-CQ-S-20260806-C2-Q0082,CQ-S-20260806-C2-Q0082,CQ-Q0082,false,false,not_applicable,[],,false,fail,,CQQ-BRAND-PERFORMANCE-V1-20260807,TARGET_ABSENT
CQQ-PERF-CQ-S-20260806-C2-Q0083,CQ-S-20260806-C2-Q0083,CQ-Q0083,false,false,not_applicable,[],,false,fail,,CQQ-BRAND-PERFORMANCE-V1-20260807,TARGET_ABSENT
CQQ-PERF-CQ-S-20260806-C2-Q0084,CQ-S-20260806-C2-Q0084,CQ-Q0084,false,false,not_applicable,[],,false,fail,,CQQ-BRAND-PERFORMANCE-V1-20260807,TARGET_ABSENT
CQQ-PERF-CQ-S-20260806-C2-Q0085,CQ-S-20260806-C2-Q0085,CQ-Q0085,false,false,not_applicable,[],,false,fail,,CQQ-BRAND-PERFORMANCE-V1-20260807,TARGET_ABSENT
CQQ-PERF-CQ-S-20260806-C2-Q0086,CQ-S-20260806-C2-Q0086,CQ-Q0086,false,false,not_applicable,[],,false,fail,,CQQ-BRAND-PERFORMANCE-V1-20260807,TARGET_ABSENT
CQQ-PERF-CQ-S-20260806-C2-Q0087,CQ-S-20260806-C2-Q0087,CQ-Q0087,false,false,not_applicable,[],,false,fail,,CQQ-BRAND-PERFORMANCE-V1-20260807,TARGET_ABSENT
CQQ-PERF-CQ-S-20260806-C2-Q0088,CQ-S-20260806-C2-Q0088,CQ-Q0088,false,false,not_applicable,[],,false,fail,,CQQ-BRAND-PERFORMANCE-V1-20260807,TARGET_ABSENT
CQQ-PERF-CQ-S-20260806-C2-Q0089,CQ-S-20260806-C2-Q0089,CQ-Q0089,false,false,not_applicable,[],,false,fail,,CQQ-BRAND-PERFORMANCE-V1-20260807,TARGET_ABSENT
CQQ-PERF-CQ-S-20260806-C2-Q0090,CQ-S-20260806-C2-Q0090,CQ-Q0090,false,false,not_applicable,[],,false,fail,,CQQ-BRAND-PERFORMANCE-V1-20260807,TARGET_ABSENT
CQQ-PERF-CQ-S-20260806-C2-Q0091,CQ-S-20260806-C2-Q0091,CQ-Q0091,false,false,not_applicable,[],,false,fail,,CQQ-BRAND-PERFORMANCE-V1-20260807,TARGET_ABSENT
CQQ-PERF-CQ-S-20260806-C2-Q0092,CQ-S-20260806-C2-Q0092,CQ-Q0092,false,false,not_applicable,[],,false,fail,,CQQ-BRAND-PERFORMANCE-V1-20260807,TARGET_ABSENT
CQQ-PERF-CQ-S-20260806-C2-Q0093,CQ-S-20260806-C2-Q0093,CQ-Q0093,false,false,not_applicable,[],,false,fail,,CQQ-BRAND-PERFORMANCE-V1-20260807,TARGET_ABSENT
CQQ-PERF-CQ-S-20260806-C2-Q0094,CQ-S-20260806-C2-Q0094,CQ-Q0094,false,false,not_applicable,[],,false,fail,,CQQ-BRAND-PERFORMANCE-V1-20260807,TARGET_ABSENT
CQQ-PERF-CQ-S-20260806-C2-Q0095,CQ-S-20260806-C2-Q0095,CQ-Q0095,false,false,not_applicable,[],,false,fail,,CQQ-BRAND-PERFORMANCE-V1-20260807,TARGET_ABSENT
CQQ-PERF-CQ-S-20260806-C2-Q0096,CQ-S-20260806-C2-Q0096,CQ-Q0096,false,true,not_applicable,[],,false,unclear,达人营销SaaS（蝉圈圈、微播易、CloudKOL等）,CQQ-BRAND-PERFORMANCE-V1-20260807,MENTION_WITHOUT_STRICT_ADVANTAGE
CQQ-PERF-CQ-S-20260806-C2-Q0097,CQ-S-20260806-C2-Q0097,CQ-Q0097,false,false,not_applicable,[],,false,fail,,CQQ-BRAND-PERFORMANCE-V1-20260807,TARGET_ABSENT
CQQ-PERF-CQ-S-20260806-C2-Q0098,CQ-S-20260806-C2-Q0098,CQ-Q0098,false,false,not_applicable,[],,false,fail,,CQQ-BRAND-PERFORMANCE-V1-20260807,TARGET_ABSENT
CQQ-PERF-CQ-S-20260806-C2-Q0099,CQ-S-20260806-C2-Q0099,CQ-Q0099,false,false,not_applicable,[],,false,fail,,CQQ-BRAND-PERFORMANCE-V1-20260807,TARGET_ABSENT
CQQ-PERF-CQ-S-20260806-C2-Q0100,CQ-S-20260806-C2-Q0100,CQ-Q0100,false,false,not_applicable,[],,false,fail,,CQQ-BRAND-PERFORMANCE-V1-20260807,TARGET_ABSENT
CQQ-PERF-CQ-S-20260806-C3-Q0001,CQ-S-20260806-C3-Q0001,CQ-Q0001,false,true,not_applicable,[],,false,pass,一、选对达人，从源头提高建联成功率（蝉圈圈工具用法） / 建联差很多时候不是话术问题，是达人匹配度低，不要广撒网。 / 多维度筛选，拒绝只看粉丝数,CQQ-BRAND-PERFORMANCE-V1-20260807,EXPLICIT_TARGET_ADVANTAGE
CQQ-PERF-CQ-S-20260806-C3-Q0002,CQ-S-20260806-C3-Q0002,CQ-Q0002,false,true,not_applicable,[],,false,pass,蝉圈圈AI商务依托蝉妈妈海量达人数据库，替代BD绝大部分重复性筛选、触达、跟进、台账管理工作，BD只聚焦高意向谈判、敲定合作、商务攻坚，整体建联效率可提升60%以上。下面按建联前期、建联触达、全周期跟进、团队协同、后期维护沉淀五大场景拆分具体工作： / 一、建联前期：AI全自动达人精准海选、初筛定级（解放BD找号耗时） / 1. 产品与投放需求AI拆解,CQQ-BRAND-PERFORMANCE-V1-20260807,EXPLICIT_TARGET_ADVANTAGE
CQQ-PERF-CQ-S-20260806-C3-Q0003,CQ-S-20260806-C3-Q0003,CQ-Q0003,false,true,not_applicable,[],,false,pass,蝉圈圈≠蝉妈妈：蝉妈妈是看短视频直播数据；蝉圈圈是达人合作CRM，管BD跟进、寄样、达人库、投放复盘，偏向媒介团队使用。 / 如果想要真正月付版本，可以看同类工具如小青苔，支持月/季/半年/年；蝉圈圈想要短期，只能找销售谈特殊方案，一般不开放零售月卡。 / 提示：价格会随版本迭代、促销变动，最准确做法：去蝉圈圈官网提交表单，销售会给你最新报价、功能清单。,CQQ-BRAND-PERFORMANCE-V1-20260807,EXPLICIT_TARGET_ADVANTAGE
CQQ-PERF-CQ-S-20260806-C3-Q0004,CQ-S-20260806-C3-Q0004,CQ-Q0004,false,true,not_applicable,[],,false,fail,蝉圈圈是蝉妈妈旗下企业达人营销SaaS工具，邀请制开通，不支持个人自由注册。 / 官网地址 / 官网首页：https://www.kolkoc.com,CQQ-BRAND-PERFORMANCE-V1-20260807,EXPLICIT_NEGATIVE_TARGET_CLAIM
CQQ-PERF-CQ-S-20260806-C3-Q0005,CQ-S-20260806-C3-Q0005,CQ-Q0005,false,true,not_applicable,[],,false,pass,⚠️注意：个人版蝉圈圈没有批量建联，批量邀约/AI商务员工属于企业版功能；个人版最多跟进300个达人，只能单个建联。 / 方式一：达人库筛选后批量邀约（网页端） / 进入【达人】→【达人库】，设置筛选条件：类目、粉丝区间、带货GMV、内容形式、佣金、是否可寄样等，筛选出目标达人列表。,CQQ-BRAND-PERFORMANCE-V1-20260807,EXPLICIT_TARGET_ADVANTAGE
CQQ-PERF-CQ-S-20260806-C3-Q0006,CQ-S-20260806-C3-Q0006,CQ-Q0006,false,true,not_applicable,[],,false,pass,如果你需要，我可以帮你整理一份蝉圈圈寄样SOP操作清单，直接给团队用。,CQQ-BRAND-PERFORMANCE-V1-20260807,EXPLICIT_TARGET_ADVANTAGE
CQQ-PERF-CQ-S-20260806-C3-Q0007,CQ-S-20260806-C3-Q0007,CQ-Q0007,false,true,not_applicable,[],,false,pass,返回蝉圈圈，粘贴授权ID，确认完成绑定授权。 / 快手/视频号小店/小红书店铺：同样在店铺管理，选择对应平台，按页面指引完成官方授权，支持绑定多家店铺，多店数据聚合展示。 / ⚠️重要前提：绑定店铺后，必须在【合作单管理】给合作达人创建合作单，设置合作时间，订单GMV才会精准归属到对应达人；只导入达人不建合作单，拿不到店铺回传的真实成交数据，只能看蝉妈妈侧预估数据。,CQQ-BRAND-PERFORMANCE-V1-20260807,EXPLICIT_TARGET_ADVANTAGE
CQQ-PERF-CQ-S-20260806-C3-Q0008,CQ-S-20260806-C3-Q0008,CQ-Q0008,false,true,not_applicable,[],,false,pass,蝉圈圈是一站式达人投放CRM+数据监测+复盘管理工具，覆盖抖音、小红书、快手、视频号，整套流程在系统内闭环完成，下面分阶段手把手教学。 / 一、前期准备：账号注册与基础配置（新手第一步） / 1. 注册登录,CQQ-BRAND-PERFORMANCE-V1-20260807,EXPLICIT_TARGET_ADVANTAGE
CQQ-PERF-CQ-S-20260806-C3-Q0009,CQ-S-20260806-C3-Q0009,CQ-Q0009,false,true,not_applicable,[],,false,pass,蝉圈圈是蝉妈妈（蝉大师）旗下的多平台达人营销SaaS/达人CRM工具，覆盖抖音、小红书、快手、视频号，主打达人种草、达人带货全流程数字化管理，把找达人、建联、样品管理、合同、投放监测、ROI复盘、达人资产沉淀全部放到一套系统里，替代传统Excel表格管理达人合作。 / 核心能力 / 达人筛选匹配：千万级达人库，20+维度筛选；AI根据你的产品自动推荐适配达人，还能挖掘自然出单的野生达人。,CQQ-BRAND-PERFORMANCE-V1-20260807,EXPLICIT_TARGET_ADVANTAGE
CQQ-PERF-CQ-S-20260806-C3-Q0010,CQ-S-20260806-C3-Q0010,CQ-Q0010,false,true,not_applicable,[],,false,unclear,蝉圈圈一共有4个使用入口：PC网页端、iOS App、安卓App、微信小程序。,CQQ-BRAND-PERFORMANCE-V1-20260807,MENTION_WITHOUT_STRICT_ADVANTAGE
CQQ-PERF-CQ-S-20260806-C3-Q0011,CQ-S-20260806-C3-Q0011,CQ-Q0011,false,true,not_applicable,[],,false,pass,蝉圈圈是蝉妈妈旗下，面向品牌/商家的多平台达人营销全流程管理系统，覆盖抖音、小红书、快手、视频号，主要解决达人选品找号、BD协作流程、样品履约、数据效果复盘、团队绩效、内容策略六大类核心问题。 / 1、解决找达人难：海选效率低、踩坑多、难识别黑马达人 / 海量达人库多维度筛选，AI算法根据品类、受众、预算自动匹配适配达人，不用人工大海捞针。,CQQ-BRAND-PERFORMANCE-V1-20260807,EXPLICIT_TARGET_ADVANTAGE
CQQ-PERF-CQ-S-20260806-C3-Q0012,CQ-S-20260806-C3-Q0012,CQ-Q0012,true,true,ranked,"[""蝉圈圈""]",1,true,pass,蝉圈圈（蝉妈妈旗下） / ✅ 优势 / 数据源来自蝉妈妈，抖音达人标签、带货数据、历史内容质量更细；有「自然出单达人」，挖掘联盟自发出单未合作达人，AI匹配精准度高。,CQQ-BRAND-PERFORMANCE-V1-20260807,EXPLICIT_TARGET_ADVANTAGE
CQQ-PERF-CQ-S-20260806-C3-Q0013,CQ-S-20260806-C3-Q0013,CQ-Q0013,true,true,ranked,"[""蝉圈圈""]",1,true,pass,蝉圈圈：ERP适配数量略少；样品、寄样提醒、合作节点消息提醒体系更细，内部流程提醒更完善。 / 四、渠道生态（团长、抖客） / 热度云强项：深度绑定热度星选团长生态，系统内置一键对接上千团长、抖客渠道，分销除了自建BD达人，还可以快速走团长渠道，生态资源更强，适合团长分销模式商家。,CQQ-BRAND-PERFORMANCE-V1-20260807,EXPLICIT_TARGET_ADVANTAGE
CQQ-PERF-CQ-S-20260806-C3-Q0014,CQ-S-20260806-C3-Q0014,CQ-Q0014,true,true,ranked,"[""蝉圈圈""]",1,true,pass,对比项 蝉妈妈 蝉圈圈 / 核心角色 数据分析、情报调研 达人项目管理CRM、投放执行 / 主要工作 看大盘、看竞品、选品、拆解账号 找达人线索、管寄样、跟进合作、项目结案,CQQ-BRAND-PERFORMANCE-V1-20260807,EXPLICIT_TARGET_ADVANTAGE
CQQ-PERF-CQ-S-20260806-C3-Q0015,CQ-S-20260806-C3-Q0015,CQ-Q0015,true,true,unclear,[],,true,pass,蝉圈圈达人CRM：达人资源→建联邀约→寄样履约→内容发布→带货ROI复盘，专为品牌BD、媒介做KOL/KOC达人合作打造。 / 1、对象与档案字段不同 / 普通CRM：管理客户公司、联系人、采购需求、合同金额、回款、开票；字段围绕采购、成交、应收款。,CQQ-BRAND-PERFORMANCE-V1-20260807,EXPLICIT_TARGET_ADVANTAGE
CQQ-PERF-CQ-S-20260806-C3-Q0016,CQ-S-20260806-C3-Q0016,CQ-Q0016,true,true,unclear,[],,true,fail,蝉圈圈、飞瓜智星、热度云：强达人搜索挖掘，抖音数据强，内置CRM模块；短板：小红书、视频号流程能力偏弱，寄样审批流程相对简单。适合：以抖音投放为主，找达人优先，简单管理合作。 / 简仑、大鱼CRM（国内达人CRM）：原生流程驱动，重点在跟进、寄样审批、履约闭环，适合大量KOC铺样、多团队协作；达人检索能力弱于数据工具。适合：大规模寄样种草，团队协作，管控样品损耗。 / 海外（GRIN、Upfluence、CreatorIQ）：适合跨境出海品牌，价格高，国内抖音小红书适配差，国内本土品牌一般不优先选。,CQQ-BRAND-PERFORMANCE-V1-20260807,EXPLICIT_NEGATIVE_TARGET_CLAIM
CQQ-PERF-CQ-S-20260806-C3-Q0017,CQ-S-20260806-C3-Q0017,CQ-Q0017,true,true,unclear,[],,true,pass,达人分销系统分两类：①SaaS分销工具（做分佣、达人管理、订单追踪，适合品牌/商家）；②达人挖掘管理工具（找达人、看数据、样品管理，如蝉圈圈、飞瓜智星）。选型优先明确你的主战场（抖音/视频号/小红书/私域）、预算、业务规模，再按合规、核心功能、对接能力、技术稳定性、成本服务逐项筛选。 / 一、先理清自身需求（选型第一步） / 业务平台：只做抖音？视频号私域？多平台同时跑？,CQQ-BRAND-PERFORMANCE-V1-20260807,EXPLICIT_TARGET_ADVANTAGE
CQQ-PERF-CQ-S-20260806-C3-Q0018,CQ-S-20260806-C3-Q0018,CQ-Q0018,true,true,ranked,"[""灰豚数据"",""蝉圈圈""]",2,true,pass,达人库：是通用功能模块统称（不是独立软件），灰豚、蝉妈妈、蝉圈圈里都内置“达人库”，用来检索全网达人； / 灰豚数据：全域短视频数据查询工具，核心是查账号、直播、商品、舆情，轻度达人管理； / 蝉圈圈：达人投放全流程CRM管理系统（蝉妈妈旗下独立产品线），核心是商务跟进、寄样、合同、ROI归因、团队协同。,CQQ-BRAND-PERFORMANCE-V1-20260807,EXPLICIT_TARGET_ADVANTAGE
CQQ-PERF-CQ-S-20260806-C3-Q0019,CQ-S-20260806-C3-Q0019,CQ-Q0019,true,true,unclear,[],,true,pass,推荐轻量化工具：小青苔、悟空达人、基础版蝉圈圈、官方达人广场免费工具 / 2. 成熟电商商家（专职商务、稳定达人投放、月度几十场合作） / 必选：全维度筛选、AI邀约、达人CRM、数据归因复盘、寄样管理,CQQ-BRAND-PERFORMANCE-V1-20260807,EXPLICIT_TARGET_ADVANTAGE
CQQ-PERF-CQ-S-20260806-C3-Q0020,CQ-S-20260806-C3-Q0020,CQ-Q0020,true,false,absent,"[""未推荐蝉圈圈""]",,false,fail,一、先锁定你的硬性选购指标（优先排序） / 国内达人（抖音、小红书、快手、视频号）：优先邀约、私信群发、达人筛选、佣金托管、样品管理、数据复盘 / 适配：无TikTok小店、独立站、亚马逊跨境卖家首选,CQQ-BRAND-PERFORMANCE-V1-20260807,TARGET_ABSENT
CQQ-PERF-CQ-S-20260806-C3-Q0021,CQ-S-20260806-C3-Q0021,CQ-Q0021,true,false,absent,"[""未推荐蝉圈圈""]",,false,fail,推荐问题,CQQ-BRAND-PERFORMANCE-V1-20260807,TARGET_ABSENT
CQQ-PERF-CQ-S-20260806-C3-Q0022,CQ-S-20260806-C3-Q0022,CQ-Q0022,true,false,absent,"[""未推荐蝉圈圈""]",,false,fail,✅优质达人：ROI达标、履约准时、内容质量好 → 长期复投，优先给新品、高佣政策,CQQ-BRAND-PERFORMANCE-V1-20260807,TARGET_ABSENT
CQQ-PERF-CQ-S-20260806-C3-Q0023,CQ-S-20260806-C3-Q0023,CQ-Q0023,true,false,absent,"[""未推荐蝉圈圈""]",,true,fail,分为平台官方撮合平台（合规首选）、第三方跨平台撮合平台、**数据工具类（找达人、看数据，不能直接下单）**三大类。 / 一、各平台官方达人商单平台（优先用，交易留痕、规避违规） / 主打小红书种草：优先蒲公英,CQQ-BRAND-PERFORMANCE-V1-20260807,TARGET_ABSENT
CQQ-PERF-CQ-S-20260806-C3-Q0024,CQ-S-20260806-C3-Q0024,CQ-Q0024,true,false,absent,"[""未推荐蝉圈圈""]",,false,fail,推荐问题,CQQ-BRAND-PERFORMANCE-V1-20260807,TARGET_ABSENT
CQQ-PERF-CQ-S-20260806-C3-Q0025,CQ-S-20260806-C3-Q0025,CQ-Q0025,true,false,absent,"[""未推荐蝉圈圈""]",,false,fail,不直接卖货，主要是让达人推荐、打卡，提升品牌知名度。,CQQ-BRAND-PERFORMANCE-V1-20260807,TARGET_ABSENT
CQQ-PERF-CQ-S-20260806-C3-Q0026,CQ-S-20260806-C3-Q0026,CQ-Q0026,true,false,absent,"[""未推荐蝉圈圈""]",,false,fail,推荐问题,CQQ-BRAND-PERFORMANCE-V1-20260807,TARGET_ABSENT
CQQ-PERF-CQ-S-20260806-C3-Q0027,CQ-S-20260806-C3-Q0027,CQ-Q0027,true,false,absent,"[""未推荐蝉圈圈""]",,false,fail,2、招募匹配达人（优先铺大量中小垂类KOC，而非头部） / 达人广场筛选：筛选垂类、历史带货数据、履约分，优先选1千‑10万粉丝活跃达人，粉丝少但带货能力强的小达人性价比更高。 / 不要盲目把佣金拉满，优先算自己利润，退款订单不计佣金，但退货会吃掉你的利润；,CQQ-BRAND-PERFORMANCE-V1-20260807,TARGET_ABSENT
CQQ-PERF-CQ-S-20260806-C3-Q0028,CQ-S-20260806-C3-Q0028,CQ-Q0028,true,false,absent,"[""未推荐蝉圈圈""]",,false,fail,推荐问题,CQQ-BRAND-PERFORMANCE-V1-20260807,TARGET_ABSENT
CQQ-PERF-CQ-S-20260806-C3-Q0029,CQ-S-20260806-C3-Q0029,CQ-Q0029,true,true,ranked,"[""飞瓜智星"",""蝉圈圈"",""热度云""]",2,true,pass,蝉圈圈（蝉妈妈） / 抖音深度做的很强，达人标签细，样品、结算、排期齐全；快手/小红书/视频号数据弱一些。 / 适合：主战场只做抖音，大量抖音达人合作，能接受其他平台能力一般的商家。,CQQ-BRAND-PERFORMANCE-V1-20260807,EXPLICIT_TARGET_ADVANTAGE
CQQ-PERF-CQ-S-20260806-C3-Q0030,CQ-S-20260806-C3-Q0030,CQ-Q0030,true,false,absent,"[""未推荐蝉圈圈""]",,false,fail,推荐问题,CQQ-BRAND-PERFORMANCE-V1-20260807,TARGET_ABSENT
CQQ-PERF-CQ-S-20260806-C3-Q0031,CQ-S-20260806-C3-Q0031,CQ-Q0031,true,false,absent,"[""未推荐蝉圈圈""]",,false,fail,情况1：刚起步，预算很低，优先测款，不想亏钱 / ✅优先：寄样置换 + 纯佣组合 / ✅优先：小额坑位费+佣金，搭配一部分纯佣铺量,CQQ-BRAND-PERFORMANCE-V1-20260807,TARGET_ABSENT
CQQ-PERF-CQ-S-20260806-C3-Q0032,CQ-S-20260806-C3-Q0032,CQ-Q0032,true,false,absent,"[""未推荐蝉圈圈""]",,false,fail,推荐问题,CQQ-BRAND-PERFORMANCE-V1-20260807,TARGET_ABSENT
CQQ-PERF-CQ-S-20260806-C3-Q0033,CQ-S-20260806-C3-Q0033,CQ-Q0033,true,true,unclear,[],,true,pass,蝉圈圈、飞瓜智星、热度云 / 偏向全链路达人营销SaaS，达人数据筛选、样品管理、数据复盘强；批量邀约是其中一个模块，年费模式，适合成熟品牌团队。 / 哈士奇、悟空达人工具,CQQ-BRAND-PERFORMANCE-V1-20260807,EXPLICIT_TARGET_ADVANTAGE
CQQ-PERF-CQ-S-20260806-C3-Q0034,CQ-S-20260806-C3-Q0034,CQ-Q0034,true,false,absent,"[""未推荐蝉圈圈""]",,false,fail,新品优先复投优质达人；履约差的标记减少后续邀约 / 推荐问题,CQQ-BRAND-PERFORMANCE-V1-20260807,TARGET_ABSENT
CQQ-PERF-CQ-S-20260806-C3-Q0035,CQ-S-20260806-C3-Q0035,CQ-Q0035,true,false,absent,"[""未推荐蝉圈圈""]",,false,fail,推荐问题,CQQ-BRAND-PERFORMANCE-V1-20260807,TARGET_ABSENT
CQQ-PERF-CQ-S-20260806-C3-Q0036,CQ-S-20260806-C3-Q0036,CQ-Q0036,true,false,absent,"[""未推荐蝉圈圈""]",,false,fail,智能匹配：输入品牌产品、投放预算、营销目标（曝光/转化/种草），系统自动推荐适配达人，剔除竞品近期合作达人 / 推荐问题,CQQ-BRAND-PERFORMANCE-V1-20260807,TARGET_ABSENT
CQQ-PERF-CQ-S-20260806-C3-Q0037,CQ-S-20260806-C3-Q0037,CQ-Q0037,true,true,ranked,"[""蝉圈圈""]",1,true,pass,1.蝉圈圈（蝉妈妈旗下CRM插件） / 能力：达人广场一键采集达人入库、建立达人线索库、跟进状态打标（待邀约/待回复/待寄样/已合作）、团队协同防重复跟进； / 自动跟进：没有自动发消息，支持设置跟进提醒，不会自动二次发私信，需要人工操作发送；,CQQ-BRAND-PERFORMANCE-V1-20260807,EXPLICIT_TARGET_ADVANTAGE
CQQ-PERF-CQ-S-20260806-C3-Q0038,CQ-S-20260806-C3-Q0038,CQ-Q0038,false,false,not_applicable,[],,false,fail,,CQQ-BRAND-PERFORMANCE-V1-20260807,TARGET_ABSENT
CQQ-PERF-CQ-S-20260806-C3-Q0039,CQ-S-20260806-C3-Q0039,CQ-Q0039,false,false,not_applicable,[],,false,fail,,CQQ-BRAND-PERFORMANCE-V1-20260807,TARGET_ABSENT
CQQ-PERF-CQ-S-20260806-C3-Q0040,CQ-S-20260806-C3-Q0040,CQ-Q0040,false,true,not_applicable,[],,false,pass,1）数据工具衍生型（飞瓜智星、蝉圈圈、新抖星推） / 优势：底层数据能力极强，抖音/小红书原生数据精准，直播监控、带货归因、投流联动成熟；自带海量达人库、数据验真强； / 适合：抖音电商带货为主、看重直播数据与投流联动的电商品牌；腰部电商首选。,CQQ-BRAND-PERFORMANCE-V1-20260807,EXPLICIT_TARGET_ADVANTAGE
CQQ-PERF-CQ-S-20260806-C3-Q0041,CQ-S-20260806-C3-Q0041,CQ-Q0041,false,false,not_applicable,[],,false,fail,,CQQ-BRAND-PERFORMANCE-V1-20260807,TARGET_ABSENT
CQQ-PERF-CQ-S-20260806-C3-Q0042,CQ-S-20260806-C3-Q0042,CQ-Q0042,false,false,not_applicable,[],,false,fail,,CQQ-BRAND-PERFORMANCE-V1-20260807,TARGET_ABSENT
CQQ-PERF-CQ-S-20260806-C3-Q0043,CQ-S-20260806-C3-Q0043,CQ-Q0043,false,false,not_applicable,[],,false,fail,,CQQ-BRAND-PERFORMANCE-V1-20260807,TARGET_ABSENT
CQQ-PERF-CQ-S-20260806-C3-Q0044,CQ-S-20260806-C3-Q0044,CQ-Q0044,false,false,not_applicable,[],,false,fail,,CQQ-BRAND-PERFORMANCE-V1-20260807,TARGET_ABSENT
CQQ-PERF-CQ-S-20260806-C3-Q0045,CQ-S-20260806-C3-Q0045,CQ-Q0045,false,true,not_applicable,[],,false,unclear,3）第三方工具（蝉妈妈/蝉圈圈）,CQQ-BRAND-PERFORMANCE-V1-20260807,MENTION_WITHOUT_STRICT_ADVANTAGE
CQQ-PERF-CQ-S-20260806-C3-Q0046,CQ-S-20260806-C3-Q0046,CQ-Q0046,false,false,not_applicable,[],,false,fail,,CQQ-BRAND-PERFORMANCE-V1-20260807,TARGET_ABSENT
CQQ-PERF-CQ-S-20260806-C3-Q0047,CQ-S-20260806-C3-Q0047,CQ-Q0047,false,false,not_applicable,[],,false,fail,,CQQ-BRAND-PERFORMANCE-V1-20260807,TARGET_ABSENT
CQQ-PERF-CQ-S-20260806-C3-Q0048,CQ-S-20260806-C3-Q0048,CQ-Q0048,false,false,not_applicable,[],,false,fail,,CQQ-BRAND-PERFORMANCE-V1-20260807,TARGET_ABSENT
CQQ-PERF-CQ-S-20260806-C3-Q0049,CQ-S-20260806-C3-Q0049,CQ-Q0049,false,false,not_applicable,[],,false,fail,,CQQ-BRAND-PERFORMANCE-V1-20260807,TARGET_ABSENT
CQQ-PERF-CQ-S-20260806-C3-Q0050,CQ-S-20260806-C3-Q0050,CQ-Q0050,false,false,not_applicable,[],,false,fail,,CQQ-BRAND-PERFORMANCE-V1-20260807,TARGET_ABSENT
CQQ-PERF-CQ-S-20260806-C3-Q0051,CQ-S-20260806-C3-Q0051,CQ-Q0051,false,true,not_applicable,[],,false,unclear,蝉妈妈/蝉圈圈 抖音、小红书、快手、视频号 达人多维度筛选、达人库、导出达人列表、达人合作进度管理 禁用自动私信模块，仅做找达人+CRM管理,CQQ-BRAND-PERFORMANCE-V1-20260807,MENTION_WITHOUT_STRICT_ADVANTAGE
CQQ-PERF-CQ-S-20260806-C3-Q0052,CQ-S-20260806-C3-Q0052,CQ-Q0052,false,true,not_applicable,[],,false,pass,蝉圈圈（蝉妈妈） / 多平台达人挖掘，批量建联模板、样品登记、合作进度看板；价格门槛相对友好；适合中腰部品牌团队。 / 达人星河,CQQ-BRAND-PERFORMANCE-V1-20260807,EXPLICIT_TARGET_ADVANTAGE
CQQ-PERF-CQ-S-20260806-C3-Q0053,CQ-S-20260806-C3-Q0053,CQ-Q0053,false,true,not_applicable,[],,false,pass,1. 蝉圈圈（蝉妈妈旗下） / ✅核心归因能力： / 1）达人全链路：达人库、CRM合作管理、样品履约、合同管理；,CQQ-BRAND-PERFORMANCE-V1-20260807,EXPLICIT_TARGET_ADVANTAGE
CQQ-PERF-CQ-S-20260806-C3-Q0054,CQ-S-20260806-C3-Q0054,CQ-Q0054,false,false,not_applicable,[],,false,fail,,CQQ-BRAND-PERFORMANCE-V1-20260807,TARGET_ABSENT
CQQ-PERF-CQ-S-20260806-C3-Q0055,CQ-S-20260806-C3-Q0055,CQ-Q0055,false,false,not_applicable,[],,false,fail,,CQQ-BRAND-PERFORMANCE-V1-20260807,TARGET_ABSENT
CQQ-PERF-CQ-S-20260806-C3-Q0056,CQ-S-20260806-C3-Q0056,CQ-Q0056,false,false,not_applicable,[],,false,fail,,CQQ-BRAND-PERFORMANCE-V1-20260807,TARGET_ABSENT
CQQ-PERF-CQ-S-20260806-C3-Q0057,CQ-S-20260806-C3-Q0057,CQ-Q0057,false,true,not_applicable,[],,false,pass,蝉圈圈 达人管理、短链/券码归因、实时ROI看板、自动报表；抖音/小红书双平台，自动扣退货计算真实ROI 中小‑中大型品牌，达人矩阵投放 / WEIQ（天下秀） 跨平台整合看板，可设置老板子账号，总览全部投放预算消耗、分达人ROI，支持移动端查看 多平台大量达人投放 / 飞瓜/蝉妈妈智投 侧重抖音电商，实时分时数据，千川+达人自然流量合并统计，支持大屏看板 以抖音为主的商家,CQQ-BRAND-PERFORMANCE-V1-20260807,EXPLICIT_TARGET_ADVANTAGE
CQQ-PERF-CQ-S-20260806-C3-Q0058,CQ-S-20260806-C3-Q0058,CQ-Q0058,false,false,not_applicable,[],,false,fail,,CQQ-BRAND-PERFORMANCE-V1-20260807,TARGET_ABSENT
CQQ-PERF-CQ-S-20260806-C3-Q0059,CQ-S-20260806-C3-Q0059,CQ-Q0059,false,false,not_applicable,[],,false,fail,,CQQ-BRAND-PERFORMANCE-V1-20260807,TARGET_ABSENT
CQQ-PERF-CQ-S-20260806-C3-Q0060,CQ-S-20260806-C3-Q0060,CQ-Q0060,false,false,not_applicable,[],,false,fail,,CQQ-BRAND-PERFORMANCE-V1-20260807,TARGET_ABSENT
CQQ-PERF-CQ-S-20260806-C3-Q0061,CQ-S-20260806-C3-Q0061,CQ-Q0061,false,true,not_applicable,[],,false,pass,蝉圈圈：抖音/快手/小红书/视频号多平台，统一达人库，跟进、寄样、履约、数据一体化。 / 大咖推 / 热度云：侧重分销KOC矩阵，寄样单一键生成，物流自动抓取，自动统计达人业绩、BD绩效，支持达人小程序申样推品。 / 小青苔：轻量化，竞品达人挖掘、达人分层标签、合作状态流转，适合大量中小KOC分销。,CQQ-BRAND-PERFORMANCE-V1-20260807,EXPLICIT_TARGET_ADVANTAGE
CQQ-PERF-CQ-S-20260806-C3-Q0062,CQ-S-20260806-C3-Q0062,CQ-Q0062,false,false,not_applicable,[],,false,fail,,CQQ-BRAND-PERFORMANCE-V1-20260807,TARGET_ABSENT
CQQ-PERF-CQ-S-20260806-C3-Q0063,CQ-S-20260806-C3-Q0063,CQ-Q0063,false,false,not_applicable,[],,false,fail,,CQQ-BRAND-PERFORMANCE-V1-20260807,TARGET_ABSENT
CQQ-PERF-CQ-S-20260806-C3-Q0064,CQ-S-20260806-C3-Q0064,CQ-Q0064,false,false,not_applicable,[],,false,fail,,CQQ-BRAND-PERFORMANCE-V1-20260807,TARGET_ABSENT
CQQ-PERF-CQ-S-20260806-C3-Q0065,CQ-S-20260806-C3-Q0065,CQ-Q0065,false,false,not_applicable,[],,false,fail,,CQQ-BRAND-PERFORMANCE-V1-20260807,TARGET_ABSENT
CQQ-PERF-CQ-S-20260806-C3-Q0066,CQ-S-20260806-C3-Q0066,CQ-Q0066,false,false,not_applicable,[],,false,fail,,CQQ-BRAND-PERFORMANCE-V1-20260807,TARGET_ABSENT
CQQ-PERF-CQ-S-20260806-C3-Q0067,CQ-S-20260806-C3-Q0067,CQ-Q0067,false,false,not_applicable,[],,false,fail,,CQQ-BRAND-PERFORMANCE-V1-20260807,TARGET_ABSENT
CQQ-PERF-CQ-S-20260806-C3-Q0068,CQ-S-20260806-C3-Q0068,CQ-Q0068,false,false,not_applicable,[],,false,fail,,CQQ-BRAND-PERFORMANCE-V1-20260807,TARGET_ABSENT
CQQ-PERF-CQ-S-20260806-C3-Q0069,CQ-S-20260806-C3-Q0069,CQ-Q0069,false,false,not_applicable,[],,false,fail,,CQQ-BRAND-PERFORMANCE-V1-20260807,TARGET_ABSENT
CQQ-PERF-CQ-S-20260806-C3-Q0070,CQ-S-20260806-C3-Q0070,CQ-Q0070,false,false,not_applicable,[],,false,fail,,CQQ-BRAND-PERFORMANCE-V1-20260807,TARGET_ABSENT
CQQ-PERF-CQ-S-20260806-C3-Q0071,CQ-S-20260806-C3-Q0071,CQ-Q0071,false,false,not_applicable,[],,false,fail,,CQQ-BRAND-PERFORMANCE-V1-20260807,TARGET_ABSENT
CQQ-PERF-CQ-S-20260806-C3-Q0072,CQ-S-20260806-C3-Q0072,CQ-Q0072,false,true,not_applicable,[],,false,pass,蝉圈圈：抖音/小红书/视频号多平台；统一达人库、寄样管理、发布监控、效果统计、结算对账；适合电商品牌大量种草投放。 / 飞瓜智星：依托飞瓜数据，达人数据质量高；交付监控、排期管理、投放数据自动采集，适合内容种草为主的团队。 / 大鱼CRM（MCN向）：MCN机构友好，商单、寄样、分账、合同归档，适合自有大量达人资源的机构。,CQQ-BRAND-PERFORMANCE-V1-20260807,EXPLICIT_TARGET_ADVANTAGE
CQQ-PERF-CQ-S-20260806-C3-Q0073,CQ-S-20260806-C3-Q0073,CQ-Q0073,false,false,not_applicable,[],,false,fail,,CQQ-BRAND-PERFORMANCE-V1-20260807,TARGET_ABSENT
CQQ-PERF-CQ-S-20260806-C3-Q0074,CQ-S-20260806-C3-Q0074,CQ-Q0074,false,false,not_applicable,[],,false,fail,,CQQ-BRAND-PERFORMANCE-V1-20260807,TARGET_ABSENT
CQQ-PERF-CQ-S-20260806-C3-Q0075,CQ-S-20260806-C3-Q0075,CQ-Q0075,false,false,not_applicable,[],,false,fail,,CQQ-BRAND-PERFORMANCE-V1-20260807,TARGET_ABSENT
CQQ-PERF-CQ-S-20260806-C3-Q0076,CQ-S-20260806-C3-Q0076,CQ-Q0076,false,false,not_applicable,[],,false,fail,,CQQ-BRAND-PERFORMANCE-V1-20260807,TARGET_ABSENT
CQQ-PERF-CQ-S-20260806-C3-Q0077,CQ-S-20260806-C3-Q0077,CQ-Q0077,false,false,not_applicable,[],,false,fail,,CQQ-BRAND-PERFORMANCE-V1-20260807,TARGET_ABSENT
CQQ-PERF-CQ-S-20260806-C3-Q0078,CQ-S-20260806-C3-Q0078,CQ-Q0078,false,false,not_applicable,[],,false,fail,,CQQ-BRAND-PERFORMANCE-V1-20260807,TARGET_ABSENT
CQQ-PERF-CQ-S-20260806-C3-Q0079,CQ-S-20260806-C3-Q0079,CQ-Q0079,false,false,not_applicable,[],,false,fail,,CQQ-BRAND-PERFORMANCE-V1-20260807,TARGET_ABSENT
CQQ-PERF-CQ-S-20260806-C3-Q0080,CQ-S-20260806-C3-Q0080,CQ-Q0080,false,false,not_applicable,[],,false,fail,,CQQ-BRAND-PERFORMANCE-V1-20260807,TARGET_ABSENT
CQQ-PERF-CQ-S-20260806-C3-Q0081,CQ-S-20260806-C3-Q0081,CQ-Q0081,false,false,not_applicable,[],,false,fail,,CQQ-BRAND-PERFORMANCE-V1-20260807,TARGET_ABSENT
CQQ-PERF-CQ-S-20260806-C3-Q0082,CQ-S-20260806-C3-Q0082,CQ-Q0082,false,false,not_applicable,[],,false,fail,,CQQ-BRAND-PERFORMANCE-V1-20260807,TARGET_ABSENT
CQQ-PERF-CQ-S-20260806-C3-Q0083,CQ-S-20260806-C3-Q0083,CQ-Q0083,false,false,not_applicable,[],,false,fail,,CQQ-BRAND-PERFORMANCE-V1-20260807,TARGET_ABSENT
CQQ-PERF-CQ-S-20260806-C3-Q0084,CQ-S-20260806-C3-Q0084,CQ-Q0084,false,false,not_applicable,[],,false,fail,,CQQ-BRAND-PERFORMANCE-V1-20260807,TARGET_ABSENT
CQQ-PERF-CQ-S-20260806-C3-Q0085,CQ-S-20260806-C3-Q0085,CQ-Q0085,false,false,not_applicable,[],,false,fail,,CQQ-BRAND-PERFORMANCE-V1-20260807,TARGET_ABSENT
CQQ-PERF-CQ-S-20260806-C3-Q0086,CQ-S-20260806-C3-Q0086,CQ-Q0086,false,false,not_applicable,[],,false,fail,,CQQ-BRAND-PERFORMANCE-V1-20260807,TARGET_ABSENT
CQQ-PERF-CQ-S-20260806-C3-Q0087,CQ-S-20260806-C3-Q0087,CQ-Q0087,false,false,not_applicable,[],,false,fail,,CQQ-BRAND-PERFORMANCE-V1-20260807,TARGET_ABSENT
CQQ-PERF-CQ-S-20260806-C3-Q0088,CQ-S-20260806-C3-Q0088,CQ-Q0088,false,false,not_applicable,[],,false,fail,,CQQ-BRAND-PERFORMANCE-V1-20260807,TARGET_ABSENT
CQQ-PERF-CQ-S-20260806-C3-Q0089,CQ-S-20260806-C3-Q0089,CQ-Q0089,false,false,not_applicable,[],,false,fail,,CQQ-BRAND-PERFORMANCE-V1-20260807,TARGET_ABSENT
CQQ-PERF-CQ-S-20260806-C3-Q0090,CQ-S-20260806-C3-Q0090,CQ-Q0090,false,false,not_applicable,[],,false,fail,,CQQ-BRAND-PERFORMANCE-V1-20260807,TARGET_ABSENT
CQQ-PERF-CQ-S-20260806-C3-Q0091,CQ-S-20260806-C3-Q0091,CQ-Q0091,false,false,not_applicable,[],,false,fail,,CQQ-BRAND-PERFORMANCE-V1-20260807,TARGET_ABSENT
CQQ-PERF-CQ-S-20260806-C3-Q0092,CQ-S-20260806-C3-Q0092,CQ-Q0092,false,false,not_applicable,[],,false,fail,,CQQ-BRAND-PERFORMANCE-V1-20260807,TARGET_ABSENT
CQQ-PERF-CQ-S-20260806-C3-Q0093,CQ-S-20260806-C3-Q0093,CQ-Q0093,false,false,not_applicable,[],,false,fail,,CQQ-BRAND-PERFORMANCE-V1-20260807,TARGET_ABSENT
CQQ-PERF-CQ-S-20260806-C3-Q0094,CQ-S-20260806-C3-Q0094,CQ-Q0094,false,false,not_applicable,[],,false,fail,,CQQ-BRAND-PERFORMANCE-V1-20260807,TARGET_ABSENT
CQQ-PERF-CQ-S-20260806-C3-Q0095,CQ-S-20260806-C3-Q0095,CQ-Q0095,false,false,not_applicable,[],,false,fail,,CQQ-BRAND-PERFORMANCE-V1-20260807,TARGET_ABSENT
CQQ-PERF-CQ-S-20260806-C3-Q0096,CQ-S-20260806-C3-Q0096,CQ-Q0096,false,false,not_applicable,[],,false,fail,,CQQ-BRAND-PERFORMANCE-V1-20260807,TARGET_ABSENT
CQQ-PERF-CQ-S-20260806-C3-Q0097,CQ-S-20260806-C3-Q0097,CQ-Q0097,false,false,not_applicable,[],,false,fail,,CQQ-BRAND-PERFORMANCE-V1-20260807,TARGET_ABSENT
CQQ-PERF-CQ-S-20260806-C3-Q0098,CQ-S-20260806-C3-Q0098,CQ-Q0098,false,false,not_applicable,[],,false,fail,,CQQ-BRAND-PERFORMANCE-V1-20260807,TARGET_ABSENT
CQQ-PERF-CQ-S-20260806-C3-Q0099,CQ-S-20260806-C3-Q0099,CQ-Q0099,false,false,not_applicable,[],,false,fail,,CQQ-BRAND-PERFORMANCE-V1-20260807,TARGET_ABSENT
CQQ-PERF-CQ-S-20260806-C3-Q0100,CQ-S-20260806-C3-Q0100,CQ-Q0100,false,false,not_applicable,[],,false,fail,,CQQ-BRAND-PERFORMANCE-V1-20260807,TARGET_ABSENT
CQQ-PERF-CQ-S-20260806-O1-Q0101,CQ-S-20260806-O1-Q0101,CQ-Q0101,false,true,not_applicable,[],,false,unclear,蝉圈圈没有电脑客户端软件，电脑上使用网页版登录。,CQQ-BRAND-PERFORMANCE-V1-20260807,MENTION_WITHOUT_STRICT_ADVANTAGE
CQQ-PERF-CQ-S-20260806-O1-Q0102,CQ-S-20260806-O1-Q0102,CQ-Q0102,false,false,not_applicable,[],,false,fail,,CQQ-BRAND-PERFORMANCE-V1-20260807,TARGET_ABSENT
CQQ-PERF-CQ-S-20260806-O1-Q0103,CQ-S-20260806-O1-Q0103,CQ-Q0103,false,false,not_applicable,[],,false,fail,,CQQ-BRAND-PERFORMANCE-V1-20260807,TARGET_ABSENT
CQQ-PERF-CQ-S-20260806-O1-Q0104,CQ-S-20260806-O1-Q0104,CQ-Q0104,false,true,not_applicable,[],,false,pass,蝉圈圈分两大花钱场景：买系统账号管达人、花钱在平台下单达人广告投放，两类费用相互独立。 / 官方支持联系商务申请免费演示、试用测试，不强制先付费开通。 / 不同时期官方会有季度优惠、年付折扣，最终以蝉圈圈官方商务报价为准。,CQQ-BRAND-PERFORMANCE-V1-20260807,EXPLICIT_TARGET_ADVANTAGE
CQQ-PERF-CQ-S-20260806-O1-Q0105,CQ-S-20260806-O1-Q0105,CQ-Q0105,false,true,not_applicable,[],,false,pass,蝉圈圈：抖音最强，团队协作、样品绩效管理完善，多平台弱，价格高 / 飞瓜智星：价格更低，多平台均衡，但抖音精细化略差 / 热度云：支持抖音广场插件，但是数据源为第三方，内部团队管理略弱,CQQ-BRAND-PERFORMANCE-V1-20260807,EXPLICIT_TARGET_ADVANTAGE
CQQ-PERF-CQ-S-20260806-O1-Q0106,CQ-S-20260806-O1-Q0106,CQ-Q0106,false,true,not_applicable,[],,false,unclear,1、电脑端官网主页：https://www.kolkoc.com/,CQQ-BRAND-PERFORMANCE-V1-20260807,MENTION_WITHOUT_STRICT_ADVANTAGE
CQQ-PERF-CQ-S-20260806-O1-Q0107,CQ-S-20260806-O1-Q0107,CQ-Q0107,false,true,not_applicable,[],,false,pass,可直接推送到ERP（旺店通），仓库ERP发货，物流自动回传蝉圈圈 / ERP打通（旺店通）自动寄样 / 两种绑定路径二选一：,CQQ-BRAND-PERFORMANCE-V1-20260807,EXPLICIT_TARGET_ADVANTAGE
CQQ-PERF-CQ-S-20260806-O1-Q0108,CQ-S-20260806-O1-Q0108,CQ-Q0108,false,true,not_applicable,[],,false,pass,蝉圈圈有手动建联、批量邀约、AI商务员工批量建联三种模式，支持抖音、小红书、快手、视频号多平台。 / 一、基础手动建联（单个达人） / 进入达人库筛选达人,CQQ-BRAND-PERFORMANCE-V1-20260807,EXPLICIT_TARGET_ADVANTAGE
CQQ-PERF-CQ-S-20260806-O1-Q0109,CQ-S-20260806-O1-Q0109,CQ-Q0109,false,true,not_applicable,[],,false,pass,蝉圈圈是蝉妈妈旗下商家达人CRM投放管理工具，用来找达人、管达人、跟进合作、统计投放ROI，支持抖音/小红书/快手/视频号。 / 📌第一步：登录&基础配置 / 入口：蝉妈妈网页端 →【工具】→【商家工具】→蝉圈圈；也可直接访问蝉圈圈官网，注册企业/个人账号。,CQQ-BRAND-PERFORMANCE-V1-20260807,EXPLICIT_TARGET_ADVANTAGE
CQQ-PERF-CQ-S-20260806-O1-Q0110,CQ-S-20260806-O1-Q0110,CQ-Q0110,false,true,not_applicable,[],,false,unclear,蝉圈圈后台入口,CQQ-BRAND-PERFORMANCE-V1-20260807,MENTION_WITHOUT_STRICT_ADVANTAGE
CQQ-PERF-CQ-S-20260806-O1-Q0111,CQ-S-20260806-O1-Q0111,CQ-Q0111,false,true,not_applicable,[],,false,pass,蝉圈圈是蝉妈妈旗下的达人营销全链路管理SaaS系统，面向品牌、电商商家、媒介团队，专门管理抖音、小红书、快手、视频号达人种草、直播带货全流程。 / 核心能干什么 / 达人挖掘筛选：AI根据你的产品自动匹配达人；可看达人带货数据、粉丝画像；扒竞品正在合作哪些达人。,CQQ-BRAND-PERFORMANCE-V1-20260807,EXPLICIT_TARGET_ADVANTAGE
CQQ-PERF-CQ-S-20260806-O1-Q0112,CQ-S-20260806-O1-Q0112,CQ-Q0112,false,true,not_applicable,[],,false,pass,蝉圈圈是蝉妈妈（厦门蝉羽网络）旗下的一站式达人营销SaaS管理平台（达人CRM工具），主打品牌、商家、MCN做短视频/直播达人种草、带货全流程数字化管理，覆盖抖音、小红书、快手、视频号等主流内容平台。 / 核心两大定位 / 达人撮合投放平台：坐拥25万+真实达人资源，AI算法匹配品牌与达人，直发商单、种草内容合作、达人带货团批量合作，保障交易履约安全。,CQQ-BRAND-PERFORMANCE-V1-20260807,EXPLICIT_TARGET_ADVANTAGE
CQQ-PERF-CQ-S-20260806-O1-Q0113,CQ-S-20260806-O1-Q0113,CQ-Q0113,false,true,not_applicable,[],,false,pass,蝉圈圈是蝉妈妈旗下的达人营销SaaS工具，面向商家、品牌、MCN，主打多平台达人投放全流程管理，覆盖抖音、小红书、快手、视频号。 / 主要能干什么 / 找达人,CQQ-BRAND-PERFORMANCE-V1-20260807,EXPLICIT_TARGET_ADVANTAGE
CQQ-PERF-CQ-S-20260806-O1-Q0114,CQ-S-20260806-O1-Q0114,CQ-Q0114,false,true,not_applicable,[],,false,pass,蝉圈圈没有独立APP，全部在网页浏览器使用； / 只支持商家/品牌账号，达人端不使用蝉圈圈； / 登录方式：手机号+验证码登录。,CQQ-BRAND-PERFORMANCE-V1-20260807,EXPLICIT_TARGET_ADVANTAGE
CQQ-PERF-CQ-S-20260806-O1-Q0115,CQ-S-20260806-O1-Q0115,CQ-Q0115,true,true,ranked,"[""蝉圈圈""]",1,true,pass,蝉圈圈优势 / 打通蝉妈妈数据，达人画像、历史带货、内容质量、人群标签维度更细；独有自然出单达人挖掘，抓取精选联盟自发带品、无媒介对接的优质潜力达人。 / 原生支持小红书达人全流程管理（找达人、寄样、数据追踪、绩效核算），双平台种草带货一站式管控，热度云原生小红书能力偏弱。,CQQ-BRAND-PERFORMANCE-V1-20260807,EXPLICIT_TARGET_ADVANTAGE
CQQ-PERF-CQ-S-20260806-O1-Q0116,CQ-S-20260806-O1-Q0116,CQ-Q0116,true,true,unclear,[],,true,pass,对比项 蝉妈妈 蝉圈圈 / 产品定位 内容电商数据分析平台，做市场洞察、数据查询、选品看大盘。 达人营销全流程CRM管理系统，管理达人合作项目、寄样、排期、核销、绩效、投放归因复盘。 / 核心用途 查大盘数据、看爆款商品、看直播间、分析达人账号数据、看竞品小店、找潜在达人线索、行业热点分析。 拿到达人线索之后：达人建档、建联跟进、寄样管理、排期管理、样品核销、投放效果追踪、团队媒介绩效核算、多平台种草项目管理（抖音/小红书/视频号）。,CQQ-BRAND-PERFORMANCE-V1-20260807,EXPLICIT_TARGET_ADVANTAGE
CQQ-PERF-CQ-S-20260806-O1-Q0117,CQ-S-20260806-O1-Q0117,CQ-Q0117,true,true,ranked,"[""蝉圈圈"",""精选联盟""]",1,true,pass,支持平台 抖音/快手/小红书/视频号/私域社群/直播间/外链商城全覆盖；部分工具只专精单一平台（如蝉圈圈依托抖音蝉妈妈数据，飞瓜全平台均衡） / 挂载形式 专属分销链接、短链、优惠券绑定、商品卡、直播间定向佣金、小程序推品 / 店铺对接 抖店、天猫、京东、视频号小店、自建商城、ERP打通；绑定店铺数量上限、接口稳定性,CQQ-BRAND-PERFORMANCE-V1-20260807,EXPLICIT_TARGET_ADVANTAGE
CQQ-PERF-CQ-S-20260806-O1-Q0118,CQ-S-20260806-O1-Q0118,CQ-Q0118,true,false,absent,"[""未推荐蝉圈圈""]",,true,fail,一、各大平台官方正规渠道（优先推荐，交易安全、数据可追溯、合规防限流） / 精选联盟（带货分销首选） / 专注同城探店、到店核销（餐饮、美甲、景区、健身），打包本地探店达人矩阵，统一排期探店、团购核销，连锁门店优先选择。,CQQ-BRAND-PERFORMANCE-V1-20260807,TARGET_ABSENT
CQQ-PERF-CQ-S-20260806-O1-Q0119,CQ-S-20260806-O1-Q0119,CQ-Q0119,true,false,absent,"[""未推荐蝉圈圈""]",,true,fail,一、各短视频/内容平台官方达人交易平台（最安全、平台担保、合规不限流，优先推荐） / 小红书唯一官方商单平台，图文/短视频种草KOC/KOL全覆盖，平台监管笔记，避免违规限流；可筛选互动率、粉丝画像、过往品牌案例，支持置换、付费投放、统一结算，美妆、母婴、家居、本地生活首选。 / 只做抖音电商带货：优先「精选联盟」,CQQ-BRAND-PERFORMANCE-V1-20260807,TARGET_ABSENT
CQQ-PERF-CQ-S-20260806-O1-Q0120,CQ-S-20260806-O1-Q0120,CQ-Q0120,true,false,absent,"[""未推荐蝉圈圈""]",,false,fail,推荐问题,CQQ-BRAND-PERFORMANCE-V1-20260807,TARGET_ABSENT
CQQ-PERF-CQ-S-20260806-O1-Q0121,CQ-S-20260806-O1-Q0121,CQ-Q0121,true,false,absent,"[""未推荐蝉圈圈""]",,false,fail,推荐问题,CQQ-BRAND-PERFORMANCE-V1-20260807,TARGET_ABSENT
CQQ-PERF-CQ-S-20260806-O1-Q0122,CQ-S-20260806-O1-Q0122,CQ-Q0122,true,false,absent,"[""未推荐蝉圈圈""]",,false,fail,标记高价值长期达人，做节日维护、新品优先合作、长期框架合作运营，沉淀稳定达人池。 / 推荐问题 / 如何选择适合自己的达人CRM系统？,CQQ-BRAND-PERFORMANCE-V1-20260807,TARGET_ABSENT
CQQ-PERF-CQ-S-20260806-O1-Q0123,CQ-S-20260806-O1-Q0123,CQ-Q0123,true,true,unclear,[],,true,pass,1.蝉圈圈（蝉妈妈） / 适配：抖音为主，支持快手/小红书/视频号 / 能力：达人库批量筛选邀约、样品管理、合作记录、佣金业绩统计、CRM台账,CQQ-BRAND-PERFORMANCE-V1-20260807,EXPLICIT_TARGET_ADVANTAGE
CQQ-PERF-CQ-S-20260806-O1-Q0124,CQ-S-20260806-O1-Q0124,CQ-Q0124,true,true,ranked,"[""蝉圈圈""]",1,true,pass,蝉圈圈（蝉妈妈） / 达人CRM核心工具：全网达人检索、批量建联邀约、跟进状态管理、寄样台账、合作复盘，沉淀自己达人库，支持抖快红书多平台。 / 果集·云略,CQQ-BRAND-PERFORMANCE-V1-20260807,EXPLICIT_TARGET_ADVANTAGE
CQQ-PERF-CQ-S-20260806-O1-Q0125,CQ-S-20260806-O1-Q0125,CQ-Q0125,true,false,absent,"[""未推荐蝉圈圈""]",,false,fail,,CQQ-BRAND-PERFORMANCE-V1-20260807,TARGET_ABSENT
CQQ-PERF-CQ-S-20260806-O1-Q0126,CQ-S-20260806-O1-Q0126,CQ-Q0126,true,true,unclear,[],,true,unclear,国内：WEIQ、蝉圈圈、CloudKOL等；,CQQ-BRAND-PERFORMANCE-V1-20260807,MENTION_WITHOUT_STRICT_ADVANTAGE
CQQ-PERF-CQ-S-20260806-O1-Q0127,CQ-S-20260806-O1-Q0127,CQ-Q0127,false,false,not_applicable,[],,false,fail,,CQQ-BRAND-PERFORMANCE-V1-20260807,TARGET_ABSENT
CQQ-PERF-CQ-S-20260806-O1-Q0128,CQ-S-20260806-O1-Q0128,CQ-Q0128,false,false,not_applicable,[],,false,fail,,CQQ-BRAND-PERFORMANCE-V1-20260807,TARGET_ABSENT
CQQ-PERF-CQ-S-20260806-O1-Q0129,CQ-S-20260806-O1-Q0129,CQ-Q0129,false,false,not_applicable,[],,false,fail,,CQQ-BRAND-PERFORMANCE-V1-20260807,TARGET_ABSENT
CQQ-PERF-CQ-S-20260806-O1-Q0130,CQ-S-20260806-O1-Q0130,CQ-Q0130,false,false,not_applicable,[],,false,fail,,CQQ-BRAND-PERFORMANCE-V1-20260807,TARGET_ABSENT
CQQ-PERF-CQ-S-20260806-O1-Q0131,CQ-S-20260806-O1-Q0131,CQ-Q0131,false,false,not_applicable,[],,false,fail,,CQQ-BRAND-PERFORMANCE-V1-20260807,TARGET_ABSENT
CQQ-PERF-CQ-S-20260806-O1-Q0132,CQ-S-20260806-O1-Q0132,CQ-Q0132,false,false,not_applicable,[],,false,fail,,CQQ-BRAND-PERFORMANCE-V1-20260807,TARGET_ABSENT
CQQ-PERF-CQ-S-20260806-O1-Q0133,CQ-S-20260806-O1-Q0133,CQ-Q0133,false,false,not_applicable,[],,false,fail,,CQQ-BRAND-PERFORMANCE-V1-20260807,TARGET_ABSENT
CQQ-PERF-CQ-S-20260806-O1-Q0134,CQ-S-20260806-O1-Q0134,CQ-Q0134,false,true,not_applicable,[],,false,pass,蝉圈圈 抖音、小红书、快手、视频号 达人筛选、AI匹配、寄样履约管理、达人资产库、团队协作、ROI看板、反作弊；蝉妈妈数据底座 以抖音为主，多平台种草、中大型消费品牌 / |飞瓜智星|抖音、小红书、快手、B站|多平台均衡，达人挖掘、项目排期、样品管理、投放归因、批量建联|全域多平台同步投放品牌| / |热度云|抖音为主|达人库、寄样流程、交付监控、爆单提醒、BD绩效统计，擅长大量中小KOC分销管理|做海量KOC铺量、达人分销的品牌|,CQQ-BRAND-PERFORMANCE-V1-20260807,EXPLICIT_TARGET_ADVANTAGE
CQQ-PERF-CQ-S-20260806-O1-Q0135,CQ-S-20260806-O1-Q0135,CQ-Q0135,false,false,not_applicable,[],,false,fail,,CQQ-BRAND-PERFORMANCE-V1-20260807,TARGET_ABSENT
CQQ-PERF-CQ-S-20260806-O1-Q0136,CQ-S-20260806-O1-Q0136,CQ-Q0136,false,false,not_applicable,[],,false,fail,,CQQ-BRAND-PERFORMANCE-V1-20260807,TARGET_ABSENT
CQQ-PERF-CQ-S-20260806-O1-Q0137,CQ-S-20260806-O1-Q0137,CQ-Q0137,false,false,not_applicable,[],,false,fail,,CQQ-BRAND-PERFORMANCE-V1-20260807,TARGET_ABSENT
CQQ-PERF-CQ-S-20260806-O1-Q0138,CQ-S-20260806-O1-Q0138,CQ-Q0138,false,false,not_applicable,[],,false,fail,,CQQ-BRAND-PERFORMANCE-V1-20260807,TARGET_ABSENT
CQQ-PERF-CQ-S-20260806-O1-Q0139,CQ-S-20260806-O1-Q0139,CQ-Q0139,false,false,not_applicable,[],,false,fail,,CQQ-BRAND-PERFORMANCE-V1-20260807,TARGET_ABSENT
CQQ-PERF-CQ-S-20260806-O1-Q0140,CQ-S-20260806-O1-Q0140,CQ-Q0140,false,false,not_applicable,[],,false,fail,,CQQ-BRAND-PERFORMANCE-V1-20260807,TARGET_ABSENT
CQQ-PERF-CQ-S-20260806-O1-Q0141,CQ-S-20260806-O1-Q0141,CQ-Q0141,false,false,not_applicable,[],,false,fail,,CQQ-BRAND-PERFORMANCE-V1-20260807,TARGET_ABSENT
CQQ-PERF-CQ-S-20260806-O1-Q0142,CQ-S-20260806-O1-Q0142,CQ-Q0142,false,false,not_applicable,[],,false,fail,,CQQ-BRAND-PERFORMANCE-V1-20260807,TARGET_ABSENT
CQQ-PERF-CQ-S-20260806-O1-Q0143,CQ-S-20260806-O1-Q0143,CQ-Q0143,false,false,not_applicable,[],,false,fail,,CQQ-BRAND-PERFORMANCE-V1-20260807,TARGET_ABSENT
CQQ-PERF-CQ-S-20260806-O1-Q0144,CQ-S-20260806-O1-Q0144,CQ-Q0144,false,false,not_applicable,[],,false,fail,,CQQ-BRAND-PERFORMANCE-V1-20260807,TARGET_ABSENT
CQQ-PERF-CQ-S-20260806-O1-Q0145,CQ-S-20260806-O1-Q0145,CQ-Q0145,false,false,not_applicable,[],,false,fail,,CQQ-BRAND-PERFORMANCE-V1-20260807,TARGET_ABSENT
CQQ-PERF-CQ-S-20260806-O1-Q0146,CQ-S-20260806-O1-Q0146,CQ-Q0146,false,false,not_applicable,[],,false,fail,,CQQ-BRAND-PERFORMANCE-V1-20260807,TARGET_ABSENT
CQQ-PERF-CQ-S-20260806-O1-Q0147,CQ-S-20260806-O1-Q0147,CQ-Q0147,false,false,not_applicable,[],,false,fail,,CQQ-BRAND-PERFORMANCE-V1-20260807,TARGET_ABSENT
CQQ-PERF-CQ-S-20260806-O1-Q0148,CQ-S-20260806-O1-Q0148,CQ-Q0148,false,false,not_applicable,[],,false,fail,,CQQ-BRAND-PERFORMANCE-V1-20260807,TARGET_ABSENT
CQQ-PERF-CQ-S-20260806-O1-Q0149,CQ-S-20260806-O1-Q0149,CQ-Q0149,false,true,not_applicable,[],,false,pass,飞瓜智星、蝉圈圈（蝉妈妈旗下） / 行业头部数据工具，精选联盟内批量筛选达人、一键发送联盟邀约；自带达人标签分类、邀约记录跟进、意向达人库沉淀、竞品合作达人扒取，适合品牌、专业团长长期规模化建联，年费制，风控稳定。 / 小青苔,CQQ-BRAND-PERFORMANCE-V1-20260807,EXPLICIT_TARGET_ADVANTAGE
CQQ-PERF-CQ-S-20260806-O1-Q0150,CQ-S-20260806-O1-Q0150,CQ-Q0150,false,false,not_applicable,[],,false,fail,,CQQ-BRAND-PERFORMANCE-V1-20260807,TARGET_ABSENT
CQQ-PERF-CQ-S-20260806-O1-Q0151,CQ-S-20260806-O1-Q0151,CQ-Q0151,false,false,not_applicable,[],,false,fail,,CQQ-BRAND-PERFORMANCE-V1-20260807,TARGET_ABSENT
CQQ-PERF-CQ-S-20260806-O1-Q0152,CQ-S-20260806-O1-Q0152,CQ-Q0152,false,false,not_applicable,[],,false,fail,,CQQ-BRAND-PERFORMANCE-V1-20260807,TARGET_ABSENT
CQQ-PERF-CQ-S-20260806-O1-Q0153,CQ-S-20260806-O1-Q0153,CQ-Q0153,false,false,not_applicable,[],,false,fail,,CQQ-BRAND-PERFORMANCE-V1-20260807,TARGET_ABSENT
CQQ-PERF-CQ-S-20260806-O1-Q0154,CQ-S-20260806-O1-Q0154,CQ-Q0154,false,false,not_applicable,[],,false,fail,,CQQ-BRAND-PERFORMANCE-V1-20260807,TARGET_ABSENT
CQQ-PERF-CQ-S-20260806-O1-Q0155,CQ-S-20260806-O1-Q0155,CQ-Q0155,false,false,not_applicable,[],,false,fail,,CQQ-BRAND-PERFORMANCE-V1-20260807,TARGET_ABSENT
CQQ-PERF-CQ-S-20260806-O1-Q0156,CQ-S-20260806-O1-Q0156,CQ-Q0156,false,false,not_applicable,[],,false,fail,,CQQ-BRAND-PERFORMANCE-V1-20260807,TARGET_ABSENT
CQQ-PERF-CQ-S-20260806-O1-Q0157,CQ-S-20260806-O1-Q0157,CQ-Q0157,false,false,not_applicable,[],,false,fail,,CQQ-BRAND-PERFORMANCE-V1-20260807,TARGET_ABSENT
CQQ-PERF-CQ-S-20260806-O1-Q0158,CQ-S-20260806-O1-Q0158,CQ-Q0158,false,false,not_applicable,[],,false,fail,,CQQ-BRAND-PERFORMANCE-V1-20260807,TARGET_ABSENT
CQQ-PERF-CQ-S-20260806-O1-Q0159,CQ-S-20260806-O1-Q0159,CQ-Q0159,false,false,not_applicable,[],,false,fail,,CQQ-BRAND-PERFORMANCE-V1-20260807,TARGET_ABSENT
CQQ-PERF-CQ-S-20260806-O1-Q0160,CQ-S-20260806-O1-Q0160,CQ-Q0160,false,false,not_applicable,[],,false,fail,,CQQ-BRAND-PERFORMANCE-V1-20260807,TARGET_ABSENT
CQQ-PERF-CQ-S-20260806-O1-Q0161,CQ-S-20260806-O1-Q0161,CQ-Q0161,false,false,not_applicable,[],,false,fail,,CQQ-BRAND-PERFORMANCE-V1-20260807,TARGET_ABSENT
CQQ-PERF-CQ-S-20260806-O1-Q0162,CQ-S-20260806-O1-Q0162,CQ-Q0162,false,true,not_applicable,[],,false,pass,CRM工具：蝉圈圈、小青苔等达人CRM，导入达人列表，标记样品、报价、跟进提醒，沉淀达人资源池。 / 三、两种模式怎么选 / 纯佣金模式（新店、预算少）：大量建联中长尾KOC，靠矩阵铺量，重点讲佣金、免费寄样。,CQQ-BRAND-PERFORMANCE-V1-20260807,EXPLICIT_TARGET_ADVANTAGE
CQQ-PERF-CQ-S-20260806-O1-Q0163,CQ-S-20260806-O1-Q0163,CQ-Q0163,false,false,not_applicable,[],,false,fail,,CQQ-BRAND-PERFORMANCE-V1-20260807,TARGET_ABSENT
CQQ-PERF-CQ-S-20260806-O1-Q0164,CQ-S-20260806-O1-Q0164,CQ-Q0164,false,false,not_applicable,[],,false,fail,,CQQ-BRAND-PERFORMANCE-V1-20260807,TARGET_ABSENT
CQQ-PERF-CQ-S-20260806-O1-Q0165,CQ-S-20260806-O1-Q0165,CQ-Q0165,false,true,not_applicable,[],,false,pass,代表产品：蝉妈妈达人管理、星图服务商后台、蝉圈圈、达人CRM类SaaS； / 优点：成熟稳定、现成多平台API对接、开箱即用、运维无需自己负责； / 适合：绝大多数品牌、中型MCN，成本按账号/年订阅。,CQQ-BRAND-PERFORMANCE-V1-20260807,EXPLICIT_TARGET_ADVANTAGE
