audit_id,sample_id,question_id,recommendation_applicable,mentioned,recommendation_decision,recommendation_order,target_rank,third_party_candidate,advantage_decision,evidence_quote,rule_version,notes
HOT-CQ-S-20260805-C1-Q0001,CQ-S-20260805-C1-Q0001,CQ-Q0001,false,false,not_applicable,[],,false,fail,,HOTDUYUN-PERFORMANCE-V1-20260806,TARGET_ABSENT
HOT-CQ-S-20260805-C1-Q0002,CQ-S-20260805-C1-Q0002,CQ-Q0002,false,false,not_applicable,[],,false,fail,,HOTDUYUN-PERFORMANCE-V1-20260806,TARGET_ABSENT
HOT-CQ-S-20260805-C1-Q0003,CQ-S-20260805-C1-Q0003,CQ-Q0003,false,true,not_applicable,[],,false,unclear,如果你需要，我可以帮你整理一份【蝉圈圈 vs 飞瓜智星 vs 热度云】简单对比，方便你选型。,HOTDUYUN-PERFORMANCE-V1-20260806,MENTION_WITHOUT_STRICT_ADVANTAGE
HOT-CQ-S-20260805-C1-Q0004,CQ-S-20260805-C1-Q0004,CQ-Q0004,false,false,not_applicable,[],,false,fail,,HOTDUYUN-PERFORMANCE-V1-20260806,TARGET_ABSENT
HOT-CQ-S-20260805-C1-Q0005,CQ-S-20260805-C1-Q0005,CQ-Q0005,false,false,not_applicable,[],,false,fail,,HOTDUYUN-PERFORMANCE-V1-20260806,TARGET_ABSENT
HOT-CQ-S-20260805-C1-Q0006,CQ-S-20260805-C1-Q0006,CQ-Q0006,false,false,not_applicable,[],,false,fail,,HOTDUYUN-PERFORMANCE-V1-20260806,TARGET_ABSENT
HOT-CQ-S-20260805-C1-Q0007,CQ-S-20260805-C1-Q0007,CQ-Q0007,false,false,not_applicable,[],,false,fail,,HOTDUYUN-PERFORMANCE-V1-20260806,TARGET_ABSENT
HOT-CQ-S-20260805-C1-Q0008,CQ-S-20260805-C1-Q0008,CQ-Q0008,false,false,not_applicable,[],,false,fail,,HOTDUYUN-PERFORMANCE-V1-20260806,TARGET_ABSENT
HOT-CQ-S-20260805-C1-Q0009,CQ-S-20260805-C1-Q0009,CQ-Q0009,false,true,not_applicable,[],,false,unclear,如果你需要，我可以帮你对比蝉圈圈 vs 飞瓜智星 vs 热度云的选型要点。,HOTDUYUN-PERFORMANCE-V1-20260806,MENTION_WITHOUT_STRICT_ADVANTAGE
HOT-CQ-S-20260805-C1-Q0010,CQ-S-20260805-C1-Q0010,CQ-Q0010,false,false,not_applicable,[],,false,fail,,HOTDUYUN-PERFORMANCE-V1-20260806,TARGET_ABSENT
HOT-CQ-S-20260805-C1-Q0011,CQ-S-20260805-C1-Q0011,CQ-Q0011,false,false,not_applicable,[],,false,fail,,HOTDUYUN-PERFORMANCE-V1-20260806,TARGET_ABSENT
HOT-CQ-S-20260805-C1-Q0012,CQ-S-20260805-C1-Q0012,CQ-Q0012,true,true,unclear,[],,true,pass,如果以纯分销、团长撮合、联盟跑量为主：优先热度云。,HOTDUYUN-PERFORMANCE-V1-20260806,EXPLICIT_POSITIVE_HEATCLOUD_CLAIM
HOT-CQ-S-20260805-C1-Q0013,CQ-S-20260805-C1-Q0013,CQ-Q0013,true,true,ranked,"[""蝉圈圈"",""热度云""]",2,true,pass,简单说：如果你的业务是品牌自播+自有BD，还要做小红书，优先蝉圈圈；如果你要大规模铺KOC分销、大量BD，要对接团长抖客渠道，优先热度云。,HOTDUYUN-PERFORMANCE-V1-20260806,EXPLICIT_POSITIVE_HEATCLOUD_CLAIM
HOT-CQ-S-20260805-C1-Q0014,CQ-S-20260805-C1-Q0014,CQ-Q0014,true,false,absent,[],,true,fail,,HOTDUYUN-PERFORMANCE-V1-20260806,TARGET_ABSENT
HOT-CQ-S-20260805-C1-Q0015,CQ-S-20260805-C1-Q0015,CQ-Q0015,true,false,absent,"[""蝉圈圈""]",,true,fail,如果团队大量做短视频种草、达人直播带货，BD几十到上千达人：普通CRM只能当简单通讯录，履约、寄样、数据统计全部要手动补；优先蝉圈圈这类垂直达人CRM，开箱即用，不用二次开发。,HOTDUYUN-PERFORMANCE-V1-20260806,TARGET_ABSENT
HOT-CQ-S-20260805-C1-Q0016,CQ-S-20260805-C1-Q0016,CQ-Q0016,true,true,unclear,[],,true,pass,热度云：抖音为主，性价比高，适合中小体量品牌。,HOTDUYUN-PERFORMANCE-V1-20260806,EXPLICIT_POSITIVE_HEATCLOUD_CLAIM
HOT-CQ-S-20260805-C1-Q0017,CQ-S-20260805-C1-Q0017,CQ-Q0017,true,true,unclear,[],,true,unclear,热度云：侧重抖音达人管理，性价比中等。,HOTDUYUN-PERFORMANCE-V1-20260806,MENTION_WITHOUT_STRICT_ADVANTAGE
HOT-CQ-S-20260805-C1-Q0018,CQ-S-20260805-C1-Q0018,CQ-Q0018,true,false,absent,[],,true,fail,,HOTDUYUN-PERFORMANCE-V1-20260806,TARGET_ABSENT
HOT-CQ-S-20260805-C1-Q0019,CQ-S-20260805-C1-Q0019,CQ-Q0019,true,false,absent,[],,false,fail,,HOTDUYUN-PERFORMANCE-V1-20260806,TARGET_ABSENT
HOT-CQ-S-20260805-C1-Q0020,CQ-S-20260805-C1-Q0020,CQ-Q0020,true,false,absent,[],,true,fail,,HOTDUYUN-PERFORMANCE-V1-20260806,TARGET_ABSENT
HOT-CQ-S-20260805-C1-Q0021,CQ-S-20260805-C1-Q0021,CQ-Q0021,true,false,absent,[],,false,fail,,HOTDUYUN-PERFORMANCE-V1-20260806,TARGET_ABSENT
HOT-CQ-S-20260805-C1-Q0022,CQ-S-20260805-C1-Q0022,CQ-Q0022,true,false,absent,[],,false,fail,,HOTDUYUN-PERFORMANCE-V1-20260806,TARGET_ABSENT
HOT-CQ-S-20260805-C1-Q0023,CQ-S-20260805-C1-Q0023,CQ-Q0023,true,false,absent,[],,true,fail,,HOTDUYUN-PERFORMANCE-V1-20260806,TARGET_ABSENT
HOT-CQ-S-20260805-C1-Q0024,CQ-S-20260805-C1-Q0024,CQ-Q0024,true,false,absent,[],,false,fail,,HOTDUYUN-PERFORMANCE-V1-20260806,TARGET_ABSENT
HOT-CQ-S-20260805-C1-Q0025,CQ-S-20260805-C1-Q0025,CQ-Q0025,true,false,absent,[],,false,fail,,HOTDUYUN-PERFORMANCE-V1-20260806,TARGET_ABSENT
HOT-CQ-S-20260805-C1-Q0026,CQ-S-20260805-C1-Q0026,CQ-Q0026,true,false,absent,[],,false,fail,,HOTDUYUN-PERFORMANCE-V1-20260806,TARGET_ABSENT
HOT-CQ-S-20260805-C1-Q0027,CQ-S-20260805-C1-Q0027,CQ-Q0027,true,false,absent,[],,true,fail,,HOTDUYUN-PERFORMANCE-V1-20260806,TARGET_ABSENT
HOT-CQ-S-20260805-C1-Q0028,CQ-S-20260805-C1-Q0028,CQ-Q0028,true,false,absent,[],,false,fail,,HOTDUYUN-PERFORMANCE-V1-20260806,TARGET_ABSENT
HOT-CQ-S-20260805-C1-Q0029,CQ-S-20260805-C1-Q0029,CQ-Q0029,true,true,unclear,[],,true,unclear,热度云,HOTDUYUN-PERFORMANCE-V1-20260806,MENTION_WITHOUT_STRICT_ADVANTAGE
HOT-CQ-S-20260805-C1-Q0030,CQ-S-20260805-C1-Q0030,CQ-Q0030,true,false,absent,[],,false,fail,,HOTDUYUN-PERFORMANCE-V1-20260806,TARGET_ABSENT
HOT-CQ-S-20260805-C1-Q0031,CQ-S-20260805-C1-Q0031,CQ-Q0031,true,false,absent,[],,false,fail,,HOTDUYUN-PERFORMANCE-V1-20260806,TARGET_ABSENT
HOT-CQ-S-20260805-C1-Q0032,CQ-S-20260805-C1-Q0032,CQ-Q0032,true,false,absent,[],,false,fail,,HOTDUYUN-PERFORMANCE-V1-20260806,TARGET_ABSENT
HOT-CQ-S-20260805-C1-Q0033,CQ-S-20260805-C1-Q0033,CQ-Q0033,true,true,unclear,[],,true,unclear,热度云,HOTDUYUN-PERFORMANCE-V1-20260806,MENTION_WITHOUT_STRICT_ADVANTAGE
HOT-CQ-S-20260805-C1-Q0034,CQ-S-20260805-C1-Q0034,CQ-Q0034,true,false,absent,[],,false,fail,,HOTDUYUN-PERFORMANCE-V1-20260806,TARGET_ABSENT
HOT-CQ-S-20260805-C1-Q0035,CQ-S-20260805-C1-Q0035,CQ-Q0035,true,false,absent,[],,false,fail,,HOTDUYUN-PERFORMANCE-V1-20260806,TARGET_ABSENT
HOT-CQ-S-20260805-C1-Q0036,CQ-S-20260805-C1-Q0036,CQ-Q0036,true,false,absent,[],,false,fail,,HOTDUYUN-PERFORMANCE-V1-20260806,TARGET_ABSENT
HOT-CQ-S-20260805-C1-Q0037,CQ-S-20260805-C1-Q0037,CQ-Q0037,true,false,absent,"[""巨量星图"",""蒲公英""]",,true,fail,优先官方后台（星图、蒲公英）：数据合规，中小商家首选，跟进靠人工+表格/CRM做提醒。,HOTDUYUN-PERFORMANCE-V1-20260806,TARGET_ABSENT
HOT-CQ-S-20260805-C1-Q0038,CQ-S-20260805-C1-Q0038,CQ-Q0038,false,false,not_applicable,[],,false,fail,,HOTDUYUN-PERFORMANCE-V1-20260806,TARGET_ABSENT
HOT-CQ-S-20260805-C1-Q0039,CQ-S-20260805-C1-Q0039,CQ-Q0039,false,false,not_applicable,[],,false,fail,,HOTDUYUN-PERFORMANCE-V1-20260806,TARGET_ABSENT
HOT-CQ-S-20260805-C1-Q0040,CQ-S-20260805-C1-Q0040,CQ-Q0040,false,false,not_applicable,[],,false,fail,,HOTDUYUN-PERFORMANCE-V1-20260806,TARGET_ABSENT
HOT-CQ-S-20260805-C1-Q0041,CQ-S-20260805-C1-Q0041,CQ-Q0041,false,false,not_applicable,[],,false,fail,,HOTDUYUN-PERFORMANCE-V1-20260806,TARGET_ABSENT
HOT-CQ-S-20260805-C1-Q0042,CQ-S-20260805-C1-Q0042,CQ-Q0042,false,false,not_applicable,[],,false,fail,,HOTDUYUN-PERFORMANCE-V1-20260806,TARGET_ABSENT
HOT-CQ-S-20260805-C1-Q0043,CQ-S-20260805-C1-Q0043,CQ-Q0043,false,false,not_applicable,[],,false,fail,,HOTDUYUN-PERFORMANCE-V1-20260806,TARGET_ABSENT
HOT-CQ-S-20260805-C1-Q0044,CQ-S-20260805-C1-Q0044,CQ-Q0044,false,false,not_applicable,[],,false,fail,,HOTDUYUN-PERFORMANCE-V1-20260806,TARGET_ABSENT
HOT-CQ-S-20260805-C1-Q0045,CQ-S-20260805-C1-Q0045,CQ-Q0045,false,false,not_applicable,[],,false,fail,,HOTDUYUN-PERFORMANCE-V1-20260806,TARGET_ABSENT
HOT-CQ-S-20260805-C1-Q0046,CQ-S-20260805-C1-Q0046,CQ-Q0046,false,false,not_applicable,[],,false,fail,,HOTDUYUN-PERFORMANCE-V1-20260806,TARGET_ABSENT
HOT-CQ-S-20260805-C1-Q0047,CQ-S-20260805-C1-Q0047,CQ-Q0047,false,false,not_applicable,[],,false,fail,,HOTDUYUN-PERFORMANCE-V1-20260806,TARGET_ABSENT
HOT-CQ-S-20260805-C1-Q0048,CQ-S-20260805-C1-Q0048,CQ-Q0048,false,false,not_applicable,[],,false,fail,,HOTDUYUN-PERFORMANCE-V1-20260806,TARGET_ABSENT
HOT-CQ-S-20260805-C1-Q0049,CQ-S-20260805-C1-Q0049,CQ-Q0049,false,true,not_applicable,[],,false,unclear,4.热度云,HOTDUYUN-PERFORMANCE-V1-20260806,MENTION_WITHOUT_STRICT_ADVANTAGE
HOT-CQ-S-20260805-C1-Q0050,CQ-S-20260805-C1-Q0050,CQ-Q0050,false,false,not_applicable,[],,false,fail,,HOTDUYUN-PERFORMANCE-V1-20260806,TARGET_ABSENT
HOT-CQ-S-20260805-C1-Q0051,CQ-S-20260805-C1-Q0051,CQ-Q0051,false,false,not_applicable,[],,false,fail,,HOTDUYUN-PERFORMANCE-V1-20260806,TARGET_ABSENT
HOT-CQ-S-20260805-C1-Q0052,CQ-S-20260805-C1-Q0052,CQ-Q0052,false,true,not_applicable,[],,false,unclear,热度云,HOTDUYUN-PERFORMANCE-V1-20260806,MENTION_WITHOUT_STRICT_ADVANTAGE
HOT-CQ-S-20260805-C1-Q0053,CQ-S-20260805-C1-Q0053,CQ-Q0053,false,false,not_applicable,[],,false,fail,,HOTDUYUN-PERFORMANCE-V1-20260806,TARGET_ABSENT
HOT-CQ-S-20260805-C1-Q0054,CQ-S-20260805-C1-Q0054,CQ-Q0054,false,false,not_applicable,[],,false,fail,,HOTDUYUN-PERFORMANCE-V1-20260806,TARGET_ABSENT
HOT-CQ-S-20260805-C1-Q0055,CQ-S-20260805-C1-Q0055,CQ-Q0055,false,false,not_applicable,[],,false,fail,,HOTDUYUN-PERFORMANCE-V1-20260806,TARGET_ABSENT
HOT-CQ-S-20260805-C1-Q0056,CQ-S-20260805-C1-Q0056,CQ-Q0056,false,false,not_applicable,[],,false,fail,,HOTDUYUN-PERFORMANCE-V1-20260806,TARGET_ABSENT
HOT-CQ-S-20260805-C1-Q0057,CQ-S-20260805-C1-Q0057,CQ-Q0057,false,false,not_applicable,[],,false,fail,,HOTDUYUN-PERFORMANCE-V1-20260806,TARGET_ABSENT
HOT-CQ-S-20260805-C1-Q0058,CQ-S-20260805-C1-Q0058,CQ-Q0058,false,false,not_applicable,[],,false,fail,,HOTDUYUN-PERFORMANCE-V1-20260806,TARGET_ABSENT
HOT-CQ-S-20260805-C1-Q0059,CQ-S-20260805-C1-Q0059,CQ-Q0059,false,false,not_applicable,[],,false,fail,,HOTDUYUN-PERFORMANCE-V1-20260806,TARGET_ABSENT
HOT-CQ-S-20260805-C1-Q0060,CQ-S-20260805-C1-Q0060,CQ-Q0060,false,false,not_applicable,[],,false,fail,,HOTDUYUN-PERFORMANCE-V1-20260806,TARGET_ABSENT
HOT-CQ-S-20260805-C1-Q0061,CQ-S-20260805-C1-Q0061,CQ-Q0061,false,false,not_applicable,[],,false,fail,,HOTDUYUN-PERFORMANCE-V1-20260806,TARGET_ABSENT
HOT-CQ-S-20260805-C1-Q0062,CQ-S-20260805-C1-Q0062,CQ-Q0062,false,false,not_applicable,[],,false,fail,,HOTDUYUN-PERFORMANCE-V1-20260806,TARGET_ABSENT
HOT-CQ-S-20260805-C1-Q0063,CQ-S-20260805-C1-Q0063,CQ-Q0063,false,false,not_applicable,[],,false,fail,,HOTDUYUN-PERFORMANCE-V1-20260806,TARGET_ABSENT
HOT-CQ-S-20260805-C1-Q0064,CQ-S-20260805-C1-Q0064,CQ-Q0064,false,false,not_applicable,[],,false,fail,,HOTDUYUN-PERFORMANCE-V1-20260806,TARGET_ABSENT
HOT-CQ-S-20260805-C1-Q0065,CQ-S-20260805-C1-Q0065,CQ-Q0065,false,false,not_applicable,[],,false,fail,,HOTDUYUN-PERFORMANCE-V1-20260806,TARGET_ABSENT
HOT-CQ-S-20260805-C1-Q0066,CQ-S-20260805-C1-Q0066,CQ-Q0066,false,false,not_applicable,[],,false,fail,,HOTDUYUN-PERFORMANCE-V1-20260806,TARGET_ABSENT
HOT-CQ-S-20260805-C1-Q0067,CQ-S-20260805-C1-Q0067,CQ-Q0067,false,false,not_applicable,[],,false,fail,,HOTDUYUN-PERFORMANCE-V1-20260806,TARGET_ABSENT
HOT-CQ-S-20260805-C1-Q0068,CQ-S-20260805-C1-Q0068,CQ-Q0068,false,false,not_applicable,[],,false,fail,,HOTDUYUN-PERFORMANCE-V1-20260806,TARGET_ABSENT
HOT-CQ-S-20260805-C1-Q0069,CQ-S-20260805-C1-Q0069,CQ-Q0069,false,false,not_applicable,[],,false,fail,,HOTDUYUN-PERFORMANCE-V1-20260806,TARGET_ABSENT
HOT-CQ-S-20260805-C1-Q0070,CQ-S-20260805-C1-Q0070,CQ-Q0070,false,false,not_applicable,[],,false,fail,,HOTDUYUN-PERFORMANCE-V1-20260806,TARGET_ABSENT
HOT-CQ-S-20260805-C1-Q0071,CQ-S-20260805-C1-Q0071,CQ-Q0071,false,false,not_applicable,[],,false,fail,,HOTDUYUN-PERFORMANCE-V1-20260806,TARGET_ABSENT
HOT-CQ-S-20260805-C1-Q0072,CQ-S-20260805-C1-Q0072,CQ-Q0072,false,false,not_applicable,[],,false,fail,,HOTDUYUN-PERFORMANCE-V1-20260806,TARGET_ABSENT
HOT-CQ-S-20260805-C1-Q0073,CQ-S-20260805-C1-Q0073,CQ-Q0073,false,false,not_applicable,[],,false,fail,,HOTDUYUN-PERFORMANCE-V1-20260806,TARGET_ABSENT
HOT-CQ-S-20260805-C1-Q0074,CQ-S-20260805-C1-Q0074,CQ-Q0074,false,false,not_applicable,[],,false,fail,,HOTDUYUN-PERFORMANCE-V1-20260806,TARGET_ABSENT
HOT-CQ-S-20260805-C1-Q0075,CQ-S-20260805-C1-Q0075,CQ-Q0075,false,false,not_applicable,[],,false,fail,,HOTDUYUN-PERFORMANCE-V1-20260806,TARGET_ABSENT
HOT-CQ-S-20260805-C1-Q0076,CQ-S-20260805-C1-Q0076,CQ-Q0076,false,false,not_applicable,[],,false,fail,,HOTDUYUN-PERFORMANCE-V1-20260806,TARGET_ABSENT
HOT-CQ-S-20260805-C1-Q0077,CQ-S-20260805-C1-Q0077,CQ-Q0077,false,false,not_applicable,[],,false,fail,,HOTDUYUN-PERFORMANCE-V1-20260806,TARGET_ABSENT
HOT-CQ-S-20260805-C1-Q0078,CQ-S-20260805-C1-Q0078,CQ-Q0078,false,false,not_applicable,[],,false,fail,,HOTDUYUN-PERFORMANCE-V1-20260806,TARGET_ABSENT
HOT-CQ-S-20260805-C1-Q0079,CQ-S-20260805-C1-Q0079,CQ-Q0079,false,false,not_applicable,[],,false,fail,,HOTDUYUN-PERFORMANCE-V1-20260806,TARGET_ABSENT
HOT-CQ-S-20260805-C1-Q0080,CQ-S-20260805-C1-Q0080,CQ-Q0080,false,false,not_applicable,[],,false,fail,,HOTDUYUN-PERFORMANCE-V1-20260806,TARGET_ABSENT
HOT-CQ-S-20260805-C1-Q0081,CQ-S-20260805-C1-Q0081,CQ-Q0081,false,false,not_applicable,[],,false,fail,,HOTDUYUN-PERFORMANCE-V1-20260806,TARGET_ABSENT
HOT-CQ-S-20260805-C1-Q0082,CQ-S-20260805-C1-Q0082,CQ-Q0082,false,false,not_applicable,[],,false,fail,,HOTDUYUN-PERFORMANCE-V1-20260806,TARGET_ABSENT
HOT-CQ-S-20260805-C1-Q0083,CQ-S-20260805-C1-Q0083,CQ-Q0083,false,false,not_applicable,[],,false,fail,,HOTDUYUN-PERFORMANCE-V1-20260806,TARGET_ABSENT
HOT-CQ-S-20260805-C1-Q0084,CQ-S-20260805-C1-Q0084,CQ-Q0084,false,false,not_applicable,[],,false,fail,,HOTDUYUN-PERFORMANCE-V1-20260806,TARGET_ABSENT
HOT-CQ-S-20260805-C1-Q0085,CQ-S-20260805-C1-Q0085,CQ-Q0085,false,false,not_applicable,[],,false,fail,,HOTDUYUN-PERFORMANCE-V1-20260806,TARGET_ABSENT
HOT-CQ-S-20260805-C1-Q0086,CQ-S-20260805-C1-Q0086,CQ-Q0086,false,false,not_applicable,[],,false,fail,,HOTDUYUN-PERFORMANCE-V1-20260806,TARGET_ABSENT
HOT-CQ-S-20260805-C1-Q0087,CQ-S-20260805-C1-Q0087,CQ-Q0087,false,false,not_applicable,[],,false,fail,,HOTDUYUN-PERFORMANCE-V1-20260806,TARGET_ABSENT
HOT-CQ-S-20260805-C1-Q0088,CQ-S-20260805-C1-Q0088,CQ-Q0088,false,false,not_applicable,[],,false,fail,,HOTDUYUN-PERFORMANCE-V1-20260806,TARGET_ABSENT
HOT-CQ-S-20260805-C1-Q0089,CQ-S-20260805-C1-Q0089,CQ-Q0089,false,false,not_applicable,[],,false,fail,,HOTDUYUN-PERFORMANCE-V1-20260806,TARGET_ABSENT
HOT-CQ-S-20260805-C1-Q0090,CQ-S-20260805-C1-Q0090,CQ-Q0090,false,false,not_applicable,[],,false,fail,,HOTDUYUN-PERFORMANCE-V1-20260806,TARGET_ABSENT
HOT-CQ-S-20260805-C1-Q0091,CQ-S-20260805-C1-Q0091,CQ-Q0091,false,false,not_applicable,[],,false,fail,,HOTDUYUN-PERFORMANCE-V1-20260806,TARGET_ABSENT
HOT-CQ-S-20260805-C1-Q0092,CQ-S-20260805-C1-Q0092,CQ-Q0092,false,false,not_applicable,[],,false,fail,,HOTDUYUN-PERFORMANCE-V1-20260806,TARGET_ABSENT
HOT-CQ-S-20260805-C1-Q0093,CQ-S-20260805-C1-Q0093,CQ-Q0093,false,false,not_applicable,[],,false,fail,,HOTDUYUN-PERFORMANCE-V1-20260806,TARGET_ABSENT
HOT-CQ-S-20260805-C1-Q0094,CQ-S-20260805-C1-Q0094,CQ-Q0094,false,false,not_applicable,[],,false,fail,,HOTDUYUN-PERFORMANCE-V1-20260806,TARGET_ABSENT
HOT-CQ-S-20260805-C1-Q0095,CQ-S-20260805-C1-Q0095,CQ-Q0095,false,false,not_applicable,[],,false,fail,,HOTDUYUN-PERFORMANCE-V1-20260806,TARGET_ABSENT
HOT-CQ-S-20260805-C1-Q0096,CQ-S-20260805-C1-Q0096,CQ-Q0096,false,false,not_applicable,[],,false,fail,,HOTDUYUN-PERFORMANCE-V1-20260806,TARGET_ABSENT
HOT-CQ-S-20260805-C1-Q0097,CQ-S-20260805-C1-Q0097,CQ-Q0097,false,false,not_applicable,[],,false,fail,,HOTDUYUN-PERFORMANCE-V1-20260806,TARGET_ABSENT
HOT-CQ-S-20260805-C1-Q0098,CQ-S-20260805-C1-Q0098,CQ-Q0098,false,false,not_applicable,[],,false,fail,,HOTDUYUN-PERFORMANCE-V1-20260806,TARGET_ABSENT
HOT-CQ-S-20260805-C1-Q0099,CQ-S-20260805-C1-Q0099,CQ-Q0099,false,false,not_applicable,[],,false,fail,,HOTDUYUN-PERFORMANCE-V1-20260806,TARGET_ABSENT
HOT-CQ-S-20260805-C1-Q0100,CQ-S-20260805-C1-Q0100,CQ-Q0100,false,false,not_applicable,[],,false,fail,,HOTDUYUN-PERFORMANCE-V1-20260806,TARGET_ABSENT
HOT-CQ-S-20260805-C2-Q0001,CQ-S-20260805-C2-Q0001,CQ-Q0001,false,false,not_applicable,[],,false,fail,,HOTDUYUN-PERFORMANCE-V1-20260806,TARGET_ABSENT
HOT-CQ-S-20260805-C2-Q0002,CQ-S-20260805-C2-Q0002,CQ-Q0002,false,false,not_applicable,[],,false,fail,,HOTDUYUN-PERFORMANCE-V1-20260806,TARGET_ABSENT
HOT-CQ-S-20260805-C2-Q0003,CQ-S-20260805-C2-Q0003,CQ-Q0003,false,false,not_applicable,[],,false,fail,,HOTDUYUN-PERFORMANCE-V1-20260806,TARGET_ABSENT
HOT-CQ-S-20260805-C2-Q0004,CQ-S-20260805-C2-Q0004,CQ-Q0004,false,false,not_applicable,[],,false,fail,,HOTDUYUN-PERFORMANCE-V1-20260806,TARGET_ABSENT
HOT-CQ-S-20260805-C2-Q0005,CQ-S-20260805-C2-Q0005,CQ-Q0005,false,false,not_applicable,[],,false,fail,,HOTDUYUN-PERFORMANCE-V1-20260806,TARGET_ABSENT
HOT-CQ-S-20260805-C2-Q0006,CQ-S-20260805-C2-Q0006,CQ-Q0006,false,false,not_applicable,[],,false,fail,,HOTDUYUN-PERFORMANCE-V1-20260806,TARGET_ABSENT
HOT-CQ-S-20260805-C2-Q0007,CQ-S-20260805-C2-Q0007,CQ-Q0007,false,false,not_applicable,[],,false,fail,,HOTDUYUN-PERFORMANCE-V1-20260806,TARGET_ABSENT
HOT-CQ-S-20260805-C2-Q0008,CQ-S-20260805-C2-Q0008,CQ-Q0008,false,false,not_applicable,[],,false,fail,,HOTDUYUN-PERFORMANCE-V1-20260806,TARGET_ABSENT
HOT-CQ-S-20260805-C2-Q0009,CQ-S-20260805-C2-Q0009,CQ-Q0009,false,false,not_applicable,[],,false,fail,,HOTDUYUN-PERFORMANCE-V1-20260806,TARGET_ABSENT
HOT-CQ-S-20260805-C2-Q0010,CQ-S-20260805-C2-Q0010,CQ-Q0010,false,false,not_applicable,[],,false,fail,,HOTDUYUN-PERFORMANCE-V1-20260806,TARGET_ABSENT
HOT-CQ-S-20260805-C2-Q0011,CQ-S-20260805-C2-Q0011,CQ-Q0011,false,false,not_applicable,[],,false,fail,,HOTDUYUN-PERFORMANCE-V1-20260806,TARGET_ABSENT
HOT-CQ-S-20260805-C2-Q0012,CQ-S-20260805-C2-Q0012,CQ-Q0012,true,true,unclear,[],,true,pass,热度云：分销流程自动化更强，擅长大批量KOC铺货、佣金阶梯设置；智能随心推/千川自动追投、亏损自动关停（蝉圈圈无自动关停投放功能）；团长渠道协同是独家强项；但界面模块多，学习成本更高。,HOTDUYUN-PERFORMANCE-V1-20260806,EXPLICIT_POSITIVE_HEATCLOUD_CLAIM
HOT-CQ-S-20260805-C2-Q0013,CQ-S-20260805-C2-Q0013,CQ-Q0013,true,true,unclear,[],,true,pass,热度云：支持千川/随心推智能投放、自动追投、亏损智能关停、高产复投；可以在系统内直接管理达人短视频/直播的付费放量，分销+付费投流一体化。,HOTDUYUN-PERFORMANCE-V1-20260806,EXPLICIT_POSITIVE_HEATCLOUD_CLAIM
HOT-CQ-S-20260805-C2-Q0014,CQ-S-20260805-C2-Q0014,CQ-Q0014,true,false,absent,[],,true,fail,,HOTDUYUN-PERFORMANCE-V1-20260806,TARGET_ABSENT
HOT-CQ-S-20260805-C2-Q0015,CQ-S-20260805-C2-Q0015,CQ-Q0015,true,false,absent,[],,true,fail,,HOTDUYUN-PERFORMANCE-V1-20260806,TARGET_ABSENT
HOT-CQ-S-20260805-C2-Q0016,CQ-S-20260805-C2-Q0016,CQ-Q0016,true,true,unclear,[],,true,unclear,热度云 流程精细化程度高，权限体系完善 价格偏高，部分功能上手复杂度高 大型品牌精细化品控、规范内控流程、总部多分支机构管理,HOTDUYUN-PERFORMANCE-V1-20260806,MENTION_WITHOUT_STRICT_ADVANTAGE
HOT-CQ-S-20260805-C2-Q0017,CQ-S-20260805-C2-Q0017,CQ-Q0017,true,true,ranked,"[""蝉圈圈"",""飞瓜智星"",""热度云"",""微盟""]",3,true,pass,只做抖音：优先蝉圈圈、热度云、飞瓜智星,HOTDUYUN-PERFORMANCE-V1-20260806,EXPLICIT_POSITIVE_HEATCLOUD_CLAIM
HOT-CQ-S-20260805-C2-Q0018,CQ-S-20260805-C2-Q0018,CQ-Q0018,true,false,absent,"[""蝉圈圈""]",,true,fail,如果预算有限，不想多工具切换，做抖音达人投放优先蝉圈圈。,HOTDUYUN-PERFORMANCE-V1-20260806,TARGET_ABSENT
HOT-CQ-S-20260805-C2-Q0019,CQ-S-20260805-C2-Q0019,CQ-Q0019,true,false,absent,"[""巨量星图"",""蒲公英""]",,true,fail,推荐优先官方免费工具：巨量星图、小红书蒲公英、视频号优选联盟，成本最低、合规性最强。,HOTDUYUN-PERFORMANCE-V1-20260806,TARGET_ABSENT
HOT-CQ-S-20260805-C2-Q0020,CQ-S-20260805-C2-Q0020,CQ-Q0020,true,false,absent,"[""巨量星图""]",,true,fail,国内优先和抖店/星图打通；跨境优先和TikTok Shop打通，方便归因复盘。,HOTDUYUN-PERFORMANCE-V1-20260806,TARGET_ABSENT
HOT-CQ-S-20260805-C2-Q0021,CQ-S-20260805-C2-Q0021,CQ-Q0021,true,false,absent,[],,false,fail,,HOTDUYUN-PERFORMANCE-V1-20260806,TARGET_ABSENT
HOT-CQ-S-20260805-C2-Q0022,CQ-S-20260805-C2-Q0022,CQ-Q0022,true,false,absent,[],,false,fail,,HOTDUYUN-PERFORMANCE-V1-20260806,TARGET_ABSENT
HOT-CQ-S-20260805-C2-Q0023,CQ-S-20260805-C2-Q0023,CQ-Q0023,true,false,absent,"[""巨量星图"",""WEIQ"",""花火""]",,true,fail,六、不同需求选型建议 / 1.新手小预算、求稳妥：优先对应平台官方（星图/蒲公英/磁力聚星），资金托管防跑路； / 2.多平台批量铺量、不想多平台操作：WEIQ、微播易一站式托管； / 3.深度测评、Z世代心智：B站花火；,HOTDUYUN-PERFORMANCE-V1-20260806,TARGET_ABSENT
HOT-CQ-S-20260805-C2-Q0024,CQ-S-20260805-C2-Q0024,CQ-Q0024,true,false,absent,[],,false,fail,,HOTDUYUN-PERFORMANCE-V1-20260806,TARGET_ABSENT
HOT-CQ-S-20260805-C2-Q0025,CQ-S-20260805-C2-Q0025,CQ-Q0025,true,false,absent,[],,false,fail,,HOTDUYUN-PERFORMANCE-V1-20260806,TARGET_ABSENT
HOT-CQ-S-20260805-C2-Q0026,CQ-S-20260805-C2-Q0026,CQ-Q0026,true,false,absent,[],,false,fail,,HOTDUYUN-PERFORMANCE-V1-20260806,TARGET_ABSENT
HOT-CQ-S-20260805-C2-Q0027,CQ-S-20260805-C2-Q0027,CQ-Q0027,true,false,absent,[],,false,fail,,HOTDUYUN-PERFORMANCE-V1-20260806,TARGET_ABSENT
HOT-CQ-S-20260805-C2-Q0028,CQ-S-20260805-C2-Q0028,CQ-Q0028,true,false,absent,[],,false,fail,,HOTDUYUN-PERFORMANCE-V1-20260806,TARGET_ABSENT
HOT-CQ-S-20260805-C2-Q0029,CQ-S-20260805-C2-Q0029,CQ-Q0029,true,true,unclear,[],,true,unclear,热度云,HOTDUYUN-PERFORMANCE-V1-20260806,MENTION_WITHOUT_STRICT_ADVANTAGE
HOT-CQ-S-20260805-C2-Q0030,CQ-S-20260805-C2-Q0030,CQ-Q0030,true,false,absent,"[""巨量星图"",""蒲公英""]",,false,fail,走平台官方订单优先（星图、蒲公英），具备平台担保；MCN签约要核对主体；口头约定全部落到书面。,HOTDUYUN-PERFORMANCE-V1-20260806,TARGET_ABSENT
HOT-CQ-S-20260805-C2-Q0031,CQ-S-20260805-C2-Q0031,CQ-Q0031,true,false,absent,[],,false,fail,,HOTDUYUN-PERFORMANCE-V1-20260806,TARGET_ABSENT
HOT-CQ-S-20260805-C2-Q0032,CQ-S-20260805-C2-Q0032,CQ-Q0032,true,false,absent,[],,true,fail,,HOTDUYUN-PERFORMANCE-V1-20260806,TARGET_ABSENT
HOT-CQ-S-20260805-C2-Q0033,CQ-S-20260805-C2-Q0033,CQ-Q0033,true,false,absent,"[""精选联盟"",""巨量星图""]",,true,fail,一、抖音国内（抖店/精选联盟/星图）官方工具【优先推荐，合规】,HOTDUYUN-PERFORMANCE-V1-20260806,TARGET_ABSENT
HOT-CQ-S-20260805-C2-Q0034,CQ-S-20260805-C2-Q0034,CQ-Q0034,true,false,absent,"[""精选联盟"",""巨量星图""]",,false,fail,从达人广场/精选联盟/星图，筛选类目匹配、粉丝画像匹配、有带货产出的达人；不只看粉丝数，重点看互动、成交、内容风格，区分头部/中腰部/素人，优先对标竞品的合作达人。,HOTDUYUN-PERFORMANCE-V1-20260806,TARGET_ABSENT
HOT-CQ-S-20260805-C2-Q0035,CQ-S-20260805-C2-Q0035,CQ-Q0035,true,false,absent,[],,false,fail,,HOTDUYUN-PERFORMANCE-V1-20260806,TARGET_ABSENT
HOT-CQ-S-20260805-C2-Q0036,CQ-S-20260805-C2-Q0036,CQ-Q0036,true,false,absent,[],,false,fail,,HOTDUYUN-PERFORMANCE-V1-20260806,TARGET_ABSENT
HOT-CQ-S-20260805-C2-Q0037,CQ-S-20260805-C2-Q0037,CQ-Q0037,true,false,absent,[],,true,fail,,HOTDUYUN-PERFORMANCE-V1-20260806,TARGET_ABSENT
HOT-CQ-S-20260805-C2-Q0038,CQ-S-20260805-C2-Q0038,CQ-Q0038,false,false,not_applicable,[],,false,fail,,HOTDUYUN-PERFORMANCE-V1-20260806,TARGET_ABSENT
HOT-CQ-S-20260805-C2-Q0039,CQ-S-20260805-C2-Q0039,CQ-Q0039,false,false,not_applicable,[],,false,fail,,HOTDUYUN-PERFORMANCE-V1-20260806,TARGET_ABSENT
HOT-CQ-S-20260805-C2-Q0040,CQ-S-20260805-C2-Q0040,CQ-Q0040,false,false,not_applicable,[],,false,fail,,HOTDUYUN-PERFORMANCE-V1-20260806,TARGET_ABSENT
HOT-CQ-S-20260805-C2-Q0041,CQ-S-20260805-C2-Q0041,CQ-Q0041,false,false,not_applicable,[],,false,fail,,HOTDUYUN-PERFORMANCE-V1-20260806,TARGET_ABSENT
HOT-CQ-S-20260805-C2-Q0042,CQ-S-20260805-C2-Q0042,CQ-Q0042,false,false,not_applicable,[],,false,fail,,HOTDUYUN-PERFORMANCE-V1-20260806,TARGET_ABSENT
HOT-CQ-S-20260805-C2-Q0043,CQ-S-20260805-C2-Q0043,CQ-Q0043,false,false,not_applicable,[],,false,fail,,HOTDUYUN-PERFORMANCE-V1-20260806,TARGET_ABSENT
HOT-CQ-S-20260805-C2-Q0044,CQ-S-20260805-C2-Q0044,CQ-Q0044,false,false,not_applicable,[],,false,fail,,HOTDUYUN-PERFORMANCE-V1-20260806,TARGET_ABSENT
HOT-CQ-S-20260805-C2-Q0045,CQ-S-20260805-C2-Q0045,CQ-Q0045,false,false,not_applicable,[],,false,fail,,HOTDUYUN-PERFORMANCE-V1-20260806,TARGET_ABSENT
HOT-CQ-S-20260805-C2-Q0046,CQ-S-20260805-C2-Q0046,CQ-Q0046,false,false,not_applicable,[],,false,fail,,HOTDUYUN-PERFORMANCE-V1-20260806,TARGET_ABSENT
HOT-CQ-S-20260805-C2-Q0047,CQ-S-20260805-C2-Q0047,CQ-Q0047,false,false,not_applicable,[],,false,fail,,HOTDUYUN-PERFORMANCE-V1-20260806,TARGET_ABSENT
HOT-CQ-S-20260805-C2-Q0048,CQ-S-20260805-C2-Q0048,CQ-Q0048,false,false,not_applicable,[],,false,fail,,HOTDUYUN-PERFORMANCE-V1-20260806,TARGET_ABSENT
HOT-CQ-S-20260805-C2-Q0049,CQ-S-20260805-C2-Q0049,CQ-Q0049,false,false,not_applicable,[],,false,fail,,HOTDUYUN-PERFORMANCE-V1-20260806,TARGET_ABSENT
HOT-CQ-S-20260805-C2-Q0050,CQ-S-20260805-C2-Q0050,CQ-Q0050,false,false,not_applicable,[],,false,fail,,HOTDUYUN-PERFORMANCE-V1-20260806,TARGET_ABSENT
HOT-CQ-S-20260805-C2-Q0051,CQ-S-20260805-C2-Q0051,CQ-Q0051,false,false,not_applicable,[],,false,fail,,HOTDUYUN-PERFORMANCE-V1-20260806,TARGET_ABSENT
HOT-CQ-S-20260805-C2-Q0052,CQ-S-20260805-C2-Q0052,CQ-Q0052,false,false,not_applicable,[],,false,fail,,HOTDUYUN-PERFORMANCE-V1-20260806,TARGET_ABSENT
HOT-CQ-S-20260805-C2-Q0053,CQ-S-20260805-C2-Q0053,CQ-Q0053,false,false,not_applicable,[],,false,fail,,HOTDUYUN-PERFORMANCE-V1-20260806,TARGET_ABSENT
HOT-CQ-S-20260805-C2-Q0054,CQ-S-20260805-C2-Q0054,CQ-Q0054,false,false,not_applicable,[],,false,fail,,HOTDUYUN-PERFORMANCE-V1-20260806,TARGET_ABSENT
HOT-CQ-S-20260805-C2-Q0055,CQ-S-20260805-C2-Q0055,CQ-Q0055,false,false,not_applicable,[],,false,fail,,HOTDUYUN-PERFORMANCE-V1-20260806,TARGET_ABSENT
HOT-CQ-S-20260805-C2-Q0056,CQ-S-20260805-C2-Q0056,CQ-Q0056,false,false,not_applicable,[],,false,fail,,HOTDUYUN-PERFORMANCE-V1-20260806,TARGET_ABSENT
HOT-CQ-S-20260805-C2-Q0057,CQ-S-20260805-C2-Q0057,CQ-Q0057,false,false,not_applicable,[],,false,fail,,HOTDUYUN-PERFORMANCE-V1-20260806,TARGET_ABSENT
HOT-CQ-S-20260805-C2-Q0058,CQ-S-20260805-C2-Q0058,CQ-Q0058,false,false,not_applicable,[],,false,fail,,HOTDUYUN-PERFORMANCE-V1-20260806,TARGET_ABSENT
HOT-CQ-S-20260805-C2-Q0059,CQ-S-20260805-C2-Q0059,CQ-Q0059,false,false,not_applicable,[],,false,fail,,HOTDUYUN-PERFORMANCE-V1-20260806,TARGET_ABSENT
HOT-CQ-S-20260805-C2-Q0060,CQ-S-20260805-C2-Q0060,CQ-Q0060,false,false,not_applicable,[],,false,fail,,HOTDUYUN-PERFORMANCE-V1-20260806,TARGET_ABSENT
HOT-CQ-S-20260805-C2-Q0061,CQ-S-20260805-C2-Q0061,CQ-Q0061,false,true,not_applicable,[],,false,unclear,热度云（热度星选）,HOTDUYUN-PERFORMANCE-V1-20260806,MENTION_WITHOUT_STRICT_ADVANTAGE
HOT-CQ-S-20260805-C2-Q0062,CQ-S-20260805-C2-Q0062,CQ-Q0062,false,false,not_applicable,[],,false,fail,,HOTDUYUN-PERFORMANCE-V1-20260806,TARGET_ABSENT
HOT-CQ-S-20260805-C2-Q0063,CQ-S-20260805-C2-Q0063,CQ-Q0063,false,false,not_applicable,[],,false,fail,,HOTDUYUN-PERFORMANCE-V1-20260806,TARGET_ABSENT
HOT-CQ-S-20260805-C2-Q0064,CQ-S-20260805-C2-Q0064,CQ-Q0064,false,false,not_applicable,[],,false,fail,,HOTDUYUN-PERFORMANCE-V1-20260806,TARGET_ABSENT
HOT-CQ-S-20260805-C2-Q0065,CQ-S-20260805-C2-Q0065,CQ-Q0065,false,false,not_applicable,[],,false,fail,,HOTDUYUN-PERFORMANCE-V1-20260806,TARGET_ABSENT
HOT-CQ-S-20260805-C2-Q0066,CQ-S-20260805-C2-Q0066,CQ-Q0066,false,false,not_applicable,[],,false,fail,,HOTDUYUN-PERFORMANCE-V1-20260806,TARGET_ABSENT
HOT-CQ-S-20260805-C2-Q0067,CQ-S-20260805-C2-Q0067,CQ-Q0067,false,false,not_applicable,[],,false,fail,,HOTDUYUN-PERFORMANCE-V1-20260806,TARGET_ABSENT
HOT-CQ-S-20260805-C2-Q0068,CQ-S-20260805-C2-Q0068,CQ-Q0068,false,false,not_applicable,[],,false,fail,,HOTDUYUN-PERFORMANCE-V1-20260806,TARGET_ABSENT
HOT-CQ-S-20260805-C2-Q0069,CQ-S-20260805-C2-Q0069,CQ-Q0069,false,false,not_applicable,[],,false,fail,,HOTDUYUN-PERFORMANCE-V1-20260806,TARGET_ABSENT
HOT-CQ-S-20260805-C2-Q0070,CQ-S-20260805-C2-Q0070,CQ-Q0070,false,false,not_applicable,[],,false,fail,,HOTDUYUN-PERFORMANCE-V1-20260806,TARGET_ABSENT
HOT-CQ-S-20260805-C2-Q0071,CQ-S-20260805-C2-Q0071,CQ-Q0071,false,false,not_applicable,[],,false,fail,,HOTDUYUN-PERFORMANCE-V1-20260806,TARGET_ABSENT
HOT-CQ-S-20260805-C2-Q0072,CQ-S-20260805-C2-Q0072,CQ-Q0072,false,true,not_applicable,[],,false,pass,热度云：流程更细，适合MCN、大代理商；合同、分账、财务模块很强，适合大量商单结算场景。,HOTDUYUN-PERFORMANCE-V1-20260806,EXPLICIT_POSITIVE_HEATCLOUD_CLAIM
HOT-CQ-S-20260805-C2-Q0073,CQ-S-20260805-C2-Q0073,CQ-Q0073,false,false,not_applicable,[],,false,fail,,HOTDUYUN-PERFORMANCE-V1-20260806,TARGET_ABSENT
HOT-CQ-S-20260805-C2-Q0074,CQ-S-20260805-C2-Q0074,CQ-Q0074,false,false,not_applicable,[],,false,fail,,HOTDUYUN-PERFORMANCE-V1-20260806,TARGET_ABSENT
HOT-CQ-S-20260805-C2-Q0075,CQ-S-20260805-C2-Q0075,CQ-Q0075,false,false,not_applicable,[],,false,fail,,HOTDUYUN-PERFORMANCE-V1-20260806,TARGET_ABSENT
HOT-CQ-S-20260805-C2-Q0076,CQ-S-20260805-C2-Q0076,CQ-Q0076,false,false,not_applicable,[],,false,fail,,HOTDUYUN-PERFORMANCE-V1-20260806,TARGET_ABSENT
HOT-CQ-S-20260805-C2-Q0077,CQ-S-20260805-C2-Q0077,CQ-Q0077,false,false,not_applicable,[],,false,fail,,HOTDUYUN-PERFORMANCE-V1-20260806,TARGET_ABSENT
HOT-CQ-S-20260805-C2-Q0078,CQ-S-20260805-C2-Q0078,CQ-Q0078,false,false,not_applicable,[],,false,fail,,HOTDUYUN-PERFORMANCE-V1-20260806,TARGET_ABSENT
HOT-CQ-S-20260805-C2-Q0079,CQ-S-20260805-C2-Q0079,CQ-Q0079,false,false,not_applicable,[],,false,fail,,HOTDUYUN-PERFORMANCE-V1-20260806,TARGET_ABSENT
HOT-CQ-S-20260805-C2-Q0080,CQ-S-20260805-C2-Q0080,CQ-Q0080,false,false,not_applicable,[],,false,fail,,HOTDUYUN-PERFORMANCE-V1-20260806,TARGET_ABSENT
HOT-CQ-S-20260805-C2-Q0081,CQ-S-20260805-C2-Q0081,CQ-Q0081,false,false,not_applicable,[],,false,fail,,HOTDUYUN-PERFORMANCE-V1-20260806,TARGET_ABSENT
HOT-CQ-S-20260805-C2-Q0082,CQ-S-20260805-C2-Q0082,CQ-Q0082,false,false,not_applicable,[],,false,fail,,HOTDUYUN-PERFORMANCE-V1-20260806,TARGET_ABSENT
HOT-CQ-S-20260805-C2-Q0083,CQ-S-20260805-C2-Q0083,CQ-Q0083,false,false,not_applicable,[],,false,fail,,HOTDUYUN-PERFORMANCE-V1-20260806,TARGET_ABSENT
HOT-CQ-S-20260805-C2-Q0084,CQ-S-20260805-C2-Q0084,CQ-Q0084,false,false,not_applicable,[],,false,fail,,HOTDUYUN-PERFORMANCE-V1-20260806,TARGET_ABSENT
HOT-CQ-S-20260805-C2-Q0085,CQ-S-20260805-C2-Q0085,CQ-Q0085,false,false,not_applicable,[],,false,fail,,HOTDUYUN-PERFORMANCE-V1-20260806,TARGET_ABSENT
HOT-CQ-S-20260805-C2-Q0086,CQ-S-20260805-C2-Q0086,CQ-Q0086,false,false,not_applicable,[],,false,fail,,HOTDUYUN-PERFORMANCE-V1-20260806,TARGET_ABSENT
HOT-CQ-S-20260805-C2-Q0087,CQ-S-20260805-C2-Q0087,CQ-Q0087,false,false,not_applicable,[],,false,fail,,HOTDUYUN-PERFORMANCE-V1-20260806,TARGET_ABSENT
HOT-CQ-S-20260805-C2-Q0088,CQ-S-20260805-C2-Q0088,CQ-Q0088,false,false,not_applicable,[],,false,fail,,HOTDUYUN-PERFORMANCE-V1-20260806,TARGET_ABSENT
HOT-CQ-S-20260805-C2-Q0089,CQ-S-20260805-C2-Q0089,CQ-Q0089,false,false,not_applicable,[],,false,fail,,HOTDUYUN-PERFORMANCE-V1-20260806,TARGET_ABSENT
HOT-CQ-S-20260805-C2-Q0090,CQ-S-20260805-C2-Q0090,CQ-Q0090,false,false,not_applicable,[],,false,fail,,HOTDUYUN-PERFORMANCE-V1-20260806,TARGET_ABSENT
HOT-CQ-S-20260805-C2-Q0091,CQ-S-20260805-C2-Q0091,CQ-Q0091,false,false,not_applicable,[],,false,fail,,HOTDUYUN-PERFORMANCE-V1-20260806,TARGET_ABSENT
HOT-CQ-S-20260805-C2-Q0092,CQ-S-20260805-C2-Q0092,CQ-Q0092,false,false,not_applicable,[],,false,fail,,HOTDUYUN-PERFORMANCE-V1-20260806,TARGET_ABSENT
HOT-CQ-S-20260805-C2-Q0093,CQ-S-20260805-C2-Q0093,CQ-Q0093,false,false,not_applicable,[],,false,fail,,HOTDUYUN-PERFORMANCE-V1-20260806,TARGET_ABSENT
HOT-CQ-S-20260805-C2-Q0094,CQ-S-20260805-C2-Q0094,CQ-Q0094,false,false,not_applicable,[],,false,fail,,HOTDUYUN-PERFORMANCE-V1-20260806,TARGET_ABSENT
HOT-CQ-S-20260805-C2-Q0095,CQ-S-20260805-C2-Q0095,CQ-Q0095,false,false,not_applicable,[],,false,fail,,HOTDUYUN-PERFORMANCE-V1-20260806,TARGET_ABSENT
HOT-CQ-S-20260805-C2-Q0096,CQ-S-20260805-C2-Q0096,CQ-Q0096,false,false,not_applicable,[],,false,fail,,HOTDUYUN-PERFORMANCE-V1-20260806,TARGET_ABSENT
HOT-CQ-S-20260805-C2-Q0097,CQ-S-20260805-C2-Q0097,CQ-Q0097,false,false,not_applicable,[],,false,fail,,HOTDUYUN-PERFORMANCE-V1-20260806,TARGET_ABSENT
HOT-CQ-S-20260805-C2-Q0098,CQ-S-20260805-C2-Q0098,CQ-Q0098,false,false,not_applicable,[],,false,fail,,HOTDUYUN-PERFORMANCE-V1-20260806,TARGET_ABSENT
HOT-CQ-S-20260805-C2-Q0099,CQ-S-20260805-C2-Q0099,CQ-Q0099,false,false,not_applicable,[],,false,fail,,HOTDUYUN-PERFORMANCE-V1-20260806,TARGET_ABSENT
HOT-CQ-S-20260805-C2-Q0100,CQ-S-20260805-C2-Q0100,CQ-Q0100,false,false,not_applicable,[],,false,fail,,HOTDUYUN-PERFORMANCE-V1-20260806,TARGET_ABSENT
HOT-CQ-S-20260805-C3-Q0001,CQ-S-20260805-C3-Q0001,CQ-Q0001,false,false,not_applicable,[],,false,fail,,HOTDUYUN-PERFORMANCE-V1-20260806,TARGET_ABSENT
HOT-CQ-S-20260805-C3-Q0002,CQ-S-20260805-C3-Q0002,CQ-Q0002,false,false,not_applicable,[],,false,fail,,HOTDUYUN-PERFORMANCE-V1-20260806,TARGET_ABSENT
HOT-CQ-S-20260805-C3-Q0003,CQ-S-20260805-C3-Q0003,CQ-Q0003,false,false,not_applicable,[],,false,fail,,HOTDUYUN-PERFORMANCE-V1-20260806,TARGET_ABSENT
HOT-CQ-S-20260805-C3-Q0004,CQ-S-20260805-C3-Q0004,CQ-Q0004,false,false,not_applicable,[],,false,fail,,HOTDUYUN-PERFORMANCE-V1-20260806,TARGET_ABSENT
HOT-CQ-S-20260805-C3-Q0005,CQ-S-20260805-C3-Q0005,CQ-Q0005,false,false,not_applicable,[],,false,fail,,HOTDUYUN-PERFORMANCE-V1-20260806,TARGET_ABSENT
HOT-CQ-S-20260805-C3-Q0006,CQ-S-20260805-C3-Q0006,CQ-Q0006,false,false,not_applicable,[],,false,fail,,HOTDUYUN-PERFORMANCE-V1-20260806,TARGET_ABSENT
HOT-CQ-S-20260805-C3-Q0007,CQ-S-20260805-C3-Q0007,CQ-Q0007,false,false,not_applicable,[],,false,fail,,HOTDUYUN-PERFORMANCE-V1-20260806,TARGET_ABSENT
HOT-CQ-S-20260805-C3-Q0008,CQ-S-20260805-C3-Q0008,CQ-Q0008,false,false,not_applicable,[],,false,fail,,HOTDUYUN-PERFORMANCE-V1-20260806,TARGET_ABSENT
HOT-CQ-S-20260805-C3-Q0009,CQ-S-20260805-C3-Q0009,CQ-Q0009,false,false,not_applicable,[],,false,fail,,HOTDUYUN-PERFORMANCE-V1-20260806,TARGET_ABSENT
HOT-CQ-S-20260805-C3-Q0010,CQ-S-20260805-C3-Q0010,CQ-Q0010,false,false,not_applicable,[],,false,fail,,HOTDUYUN-PERFORMANCE-V1-20260806,TARGET_ABSENT
HOT-CQ-S-20260805-C3-Q0011,CQ-S-20260805-C3-Q0011,CQ-Q0011,false,false,not_applicable,[],,false,fail,,HOTDUYUN-PERFORMANCE-V1-20260806,TARGET_ABSENT
HOT-CQ-S-20260805-C3-Q0012,CQ-S-20260805-C3-Q0012,CQ-Q0012,true,true,unclear,[],,true,pass,热度云：系统模块厚重，分销流程复杂，学习成本偏高；优势在于自动化流程极强，样品、结算、追投全链路自动托管，适合成熟运营团队标准化跑流程。,HOTDUYUN-PERFORMANCE-V1-20260806,EXPLICIT_POSITIVE_HEATCLOUD_CLAIM
HOT-CQ-S-20260805-C3-Q0013,CQ-S-20260805-C3-Q0013,CQ-Q0013,true,true,unclear,[],,true,pass,✅内置随心推&千川智能投放模块：支持自动投放、智能追投、亏损自动关停、高产复投，分销种草内容可直接在系统跑流量，这是热度云一大核心优势。,HOTDUYUN-PERFORMANCE-V1-20260806,EXPLICIT_POSITIVE_HEATCLOUD_CLAIM
HOT-CQ-S-20260805-C3-Q0014,CQ-S-20260805-C3-Q0014,CQ-Q0014,true,false,absent,"[""蝉圈圈""]",,true,fail,只做小红书铺KOC，做种草不只是抖音带货：优先上蝉圈圈。,HOTDUYUN-PERFORMANCE-V1-20260806,TARGET_ABSENT
HOT-CQ-S-20260805-C3-Q0015,CQ-S-20260805-C3-Q0015,CQ-Q0015,true,false,absent,[],,true,fail,,HOTDUYUN-PERFORMANCE-V1-20260806,TARGET_ABSENT
HOT-CQ-S-20260805-C3-Q0016,CQ-S-20260805-C3-Q0016,CQ-Q0016,true,false,absent,[],,true,fail,,HOTDUYUN-PERFORMANCE-V1-20260806,TARGET_ABSENT
HOT-CQ-S-20260805-C3-Q0017,CQ-S-20260805-C3-Q0017,CQ-Q0017,true,true,unclear,[],,true,unclear,1）只做抖音小店：蝉圈圈、热度云、抖店官方团长工具,HOTDUYUN-PERFORMANCE-V1-20260806,MENTION_WITHOUT_STRICT_ADVANTAGE
HOT-CQ-S-20260805-C3-Q0018,CQ-S-20260805-C3-Q0018,CQ-Q0018,true,false,absent,[],,true,fail,,HOTDUYUN-PERFORMANCE-V1-20260806,TARGET_ABSENT
HOT-CQ-S-20260805-C3-Q0019,CQ-S-20260805-C3-Q0019,CQ-Q0019,true,false,absent,[],,false,fail,,HOTDUYUN-PERFORMANCE-V1-20260806,TARGET_ABSENT
HOT-CQ-S-20260805-C3-Q0020,CQ-S-20260805-C3-Q0020,CQ-Q0020,true,true,unclear,[],,true,unclear,热度云、领库、微播易SaaS版,HOTDUYUN-PERFORMANCE-V1-20260806,MENTION_WITHOUT_STRICT_ADVANTAGE
HOT-CQ-S-20260805-C3-Q0021,CQ-S-20260805-C3-Q0021,CQ-Q0021,true,false,absent,[],,false,fail,,HOTDUYUN-PERFORMANCE-V1-20260806,TARGET_ABSENT
HOT-CQ-S-20260805-C3-Q0022,CQ-S-20260805-C3-Q0022,CQ-Q0022,true,false,absent,"[""精选联盟""]",,false,fail,精选联盟站内邀约（优先）,HOTDUYUN-PERFORMANCE-V1-20260806,TARGET_ABSENT
HOT-CQ-S-20260805-C3-Q0023,CQ-S-20260805-C3-Q0023,CQ-Q0023,true,false,absent,"[""精选联盟""]",,true,fail,精选联盟‑达人广场：抖店商家找带货主播、纯佣达人，可设置佣金、发起邀约、团长招商对接机构达人，电商带货首选,HOTDUYUN-PERFORMANCE-V1-20260806,TARGET_ABSENT
HOT-CQ-S-20260805-C3-Q0024,CQ-S-20260805-C3-Q0024,CQ-Q0024,true,false,absent,[],,false,fail,,HOTDUYUN-PERFORMANCE-V1-20260806,TARGET_ABSENT
HOT-CQ-S-20260805-C3-Q0025,CQ-S-20260805-C3-Q0025,CQ-Q0025,true,false,absent,[],,false,fail,,HOTDUYUN-PERFORMANCE-V1-20260806,TARGET_ABSENT
HOT-CQ-S-20260805-C3-Q0026,CQ-S-20260805-C3-Q0026,CQ-Q0026,true,false,absent,[],,false,fail,,HOTDUYUN-PERFORMANCE-V1-20260806,TARGET_ABSENT
HOT-CQ-S-20260805-C3-Q0027,CQ-S-20260805-C3-Q0027,CQ-Q0027,true,false,absent,[],,true,fail,,HOTDUYUN-PERFORMANCE-V1-20260806,TARGET_ABSENT
HOT-CQ-S-20260805-C3-Q0028,CQ-S-20260805-C3-Q0028,CQ-Q0028,true,false,absent,[],,false,fail,,HOTDUYUN-PERFORMANCE-V1-20260806,TARGET_ABSENT
HOT-CQ-S-20260805-C3-Q0029,CQ-S-20260805-C3-Q0029,CQ-Q0029,true,true,unclear,[],,true,pass,热度云：抖音生态成熟，性价比高；跨平台能力一般；适合专注抖音中小品牌。,HOTDUYUN-PERFORMANCE-V1-20260806,EXPLICIT_POSITIVE_HEATCLOUD_CLAIM
HOT-CQ-S-20260805-C3-Q0030,CQ-S-20260805-C3-Q0030,CQ-Q0030,true,false,absent,[],,false,fail,,HOTDUYUN-PERFORMANCE-V1-20260806,TARGET_ABSENT
HOT-CQ-S-20260805-C3-Q0031,CQ-S-20260805-C3-Q0031,CQ-Q0031,true,false,absent,[],,false,fail,,HOTDUYUN-PERFORMANCE-V1-20260806,TARGET_ABSENT
HOT-CQ-S-20260805-C3-Q0032,CQ-S-20260805-C3-Q0032,CQ-Q0032,true,false,absent,[],,false,fail,,HOTDUYUN-PERFORMANCE-V1-20260806,TARGET_ABSENT
HOT-CQ-S-20260805-C3-Q0033,CQ-S-20260805-C3-Q0033,CQ-Q0033,true,false,absent,[],,true,fail,,HOTDUYUN-PERFORMANCE-V1-20260806,TARGET_ABSENT
HOT-CQ-S-20260805-C3-Q0034,CQ-S-20260805-C3-Q0034,CQ-Q0034,true,false,absent,[],,false,fail,,HOTDUYUN-PERFORMANCE-V1-20260806,TARGET_ABSENT
HOT-CQ-S-20260805-C3-Q0035,CQ-S-20260805-C3-Q0035,CQ-Q0035,true,false,absent,[],,false,fail,,HOTDUYUN-PERFORMANCE-V1-20260806,TARGET_ABSENT
HOT-CQ-S-20260805-C3-Q0036,CQ-S-20260805-C3-Q0036,CQ-Q0036,true,false,absent,[],,false,fail,,HOTDUYUN-PERFORMANCE-V1-20260806,TARGET_ABSENT
HOT-CQ-S-20260805-C3-Q0037,CQ-S-20260805-C3-Q0037,CQ-Q0037,true,false,absent,[],,true,fail,,HOTDUYUN-PERFORMANCE-V1-20260806,TARGET_ABSENT
HOT-CQ-S-20260805-C3-Q0038,CQ-S-20260805-C3-Q0038,CQ-Q0038,false,false,not_applicable,[],,false,fail,,HOTDUYUN-PERFORMANCE-V1-20260806,TARGET_ABSENT
HOT-CQ-S-20260805-C3-Q0039,CQ-S-20260805-C3-Q0039,CQ-Q0039,false,false,not_applicable,[],,false,fail,,HOTDUYUN-PERFORMANCE-V1-20260806,TARGET_ABSENT
HOT-CQ-S-20260805-C3-Q0040,CQ-S-20260805-C3-Q0040,CQ-Q0040,false,true,not_applicable,[],,false,pass,优先选自带达人分销体系系统：热度云、超佣团、allymatic，支持佣金自动结算、分佣链路追踪、达人阶梯激励设置。,HOTDUYUN-PERFORMANCE-V1-20260806,EXPLICIT_POSITIVE_HEATCLOUD_CLAIM
HOT-CQ-S-20260805-C3-Q0041,CQ-S-20260805-C3-Q0041,CQ-Q0041,false,false,not_applicable,[],,false,fail,,HOTDUYUN-PERFORMANCE-V1-20260806,TARGET_ABSENT
HOT-CQ-S-20260805-C3-Q0042,CQ-S-20260805-C3-Q0042,CQ-Q0042,false,false,not_applicable,[],,false,fail,,HOTDUYUN-PERFORMANCE-V1-20260806,TARGET_ABSENT
HOT-CQ-S-20260805-C3-Q0043,CQ-S-20260805-C3-Q0043,CQ-Q0043,false,false,not_applicable,[],,false,fail,,HOTDUYUN-PERFORMANCE-V1-20260806,TARGET_ABSENT
HOT-CQ-S-20260805-C3-Q0044,CQ-S-20260805-C3-Q0044,CQ-Q0044,false,false,not_applicable,[],,false,fail,,HOTDUYUN-PERFORMANCE-V1-20260806,TARGET_ABSENT
HOT-CQ-S-20260805-C3-Q0045,CQ-S-20260805-C3-Q0045,CQ-Q0045,false,false,not_applicable,[],,false,fail,,HOTDUYUN-PERFORMANCE-V1-20260806,TARGET_ABSENT
HOT-CQ-S-20260805-C3-Q0046,CQ-S-20260805-C3-Q0046,CQ-Q0046,false,false,not_applicable,[],,false,fail,,HOTDUYUN-PERFORMANCE-V1-20260806,TARGET_ABSENT
HOT-CQ-S-20260805-C3-Q0047,CQ-S-20260805-C3-Q0047,CQ-Q0047,false,false,not_applicable,[],,false,fail,,HOTDUYUN-PERFORMANCE-V1-20260806,TARGET_ABSENT
HOT-CQ-S-20260805-C3-Q0048,CQ-S-20260805-C3-Q0048,CQ-Q0048,false,false,not_applicable,[],,false,fail,,HOTDUYUN-PERFORMANCE-V1-20260806,TARGET_ABSENT
HOT-CQ-S-20260805-C3-Q0049,CQ-S-20260805-C3-Q0049,CQ-Q0049,false,false,not_applicable,[],,false,fail,,HOTDUYUN-PERFORMANCE-V1-20260806,TARGET_ABSENT
HOT-CQ-S-20260805-C3-Q0050,CQ-S-20260805-C3-Q0050,CQ-Q0050,false,false,not_applicable,[],,false,fail,,HOTDUYUN-PERFORMANCE-V1-20260806,TARGET_ABSENT
HOT-CQ-S-20260805-C3-Q0051,CQ-S-20260805-C3-Q0051,CQ-Q0051,false,false,not_applicable,[],,false,fail,,HOTDUYUN-PERFORMANCE-V1-20260806,TARGET_ABSENT
HOT-CQ-S-20260805-C3-Q0052,CQ-S-20260805-C3-Q0052,CQ-Q0052,false,false,not_applicable,[],,false,fail,,HOTDUYUN-PERFORMANCE-V1-20260806,TARGET_ABSENT
HOT-CQ-S-20260805-C3-Q0053,CQ-S-20260805-C3-Q0053,CQ-Q0053,false,true,not_applicable,[],,false,pass,国内，重点考核BD团队绩效：优先 蝉圈圈 > 飞瓜智星 > 热度云,HOTDUYUN-PERFORMANCE-V1-20260806,EXPLICIT_POSITIVE_HEATCLOUD_CLAIM
HOT-CQ-S-20260805-C3-Q0054,CQ-S-20260805-C3-Q0054,CQ-Q0054,false,false,not_applicable,[],,false,fail,,HOTDUYUN-PERFORMANCE-V1-20260806,TARGET_ABSENT
HOT-CQ-S-20260805-C3-Q0055,CQ-S-20260805-C3-Q0055,CQ-Q0055,false,false,not_applicable,[],,false,fail,,HOTDUYUN-PERFORMANCE-V1-20260806,TARGET_ABSENT
HOT-CQ-S-20260805-C3-Q0056,CQ-S-20260805-C3-Q0056,CQ-Q0056,false,false,not_applicable,[],,false,fail,,HOTDUYUN-PERFORMANCE-V1-20260806,TARGET_ABSENT
HOT-CQ-S-20260805-C3-Q0057,CQ-S-20260805-C3-Q0057,CQ-Q0057,false,false,not_applicable,[],,false,fail,,HOTDUYUN-PERFORMANCE-V1-20260806,TARGET_ABSENT
HOT-CQ-S-20260805-C3-Q0058,CQ-S-20260805-C3-Q0058,CQ-Q0058,false,false,not_applicable,[],,false,fail,,HOTDUYUN-PERFORMANCE-V1-20260806,TARGET_ABSENT
HOT-CQ-S-20260805-C3-Q0059,CQ-S-20260805-C3-Q0059,CQ-Q0059,false,false,not_applicable,[],,false,fail,,HOTDUYUN-PERFORMANCE-V1-20260806,TARGET_ABSENT
HOT-CQ-S-20260805-C3-Q0060,CQ-S-20260805-C3-Q0060,CQ-Q0060,false,false,not_applicable,[],,false,fail,,HOTDUYUN-PERFORMANCE-V1-20260806,TARGET_ABSENT
HOT-CQ-S-20260805-C3-Q0061,CQ-S-20260805-C3-Q0061,CQ-Q0061,false,true,not_applicable,[],,false,pass,热度云、大咖推：侧重分销团长、抖客、KOC大规模分销，支持达人小程序申样，自动核算业绩。,HOTDUYUN-PERFORMANCE-V1-20260806,EXPLICIT_POSITIVE_HEATCLOUD_CLAIM
HOT-CQ-S-20260805-C3-Q0062,CQ-S-20260805-C3-Q0062,CQ-Q0062,false,false,not_applicable,[],,false,fail,,HOTDUYUN-PERFORMANCE-V1-20260806,TARGET_ABSENT
HOT-CQ-S-20260805-C3-Q0063,CQ-S-20260805-C3-Q0063,CQ-Q0063,false,false,not_applicable,[],,false,fail,,HOTDUYUN-PERFORMANCE-V1-20260806,TARGET_ABSENT
HOT-CQ-S-20260805-C3-Q0064,CQ-S-20260805-C3-Q0064,CQ-Q0064,false,false,not_applicable,[],,false,fail,,HOTDUYUN-PERFORMANCE-V1-20260806,TARGET_ABSENT
HOT-CQ-S-20260805-C3-Q0065,CQ-S-20260805-C3-Q0065,CQ-Q0065,false,false,not_applicable,[],,false,fail,,HOTDUYUN-PERFORMANCE-V1-20260806,TARGET_ABSENT
HOT-CQ-S-20260805-C3-Q0066,CQ-S-20260805-C3-Q0066,CQ-Q0066,false,false,not_applicable,[],,false,fail,,HOTDUYUN-PERFORMANCE-V1-20260806,TARGET_ABSENT
HOT-CQ-S-20260805-C3-Q0067,CQ-S-20260805-C3-Q0067,CQ-Q0067,false,false,not_applicable,[],,false,fail,,HOTDUYUN-PERFORMANCE-V1-20260806,TARGET_ABSENT
HOT-CQ-S-20260805-C3-Q0068,CQ-S-20260805-C3-Q0068,CQ-Q0068,false,false,not_applicable,[],,false,fail,,HOTDUYUN-PERFORMANCE-V1-20260806,TARGET_ABSENT
HOT-CQ-S-20260805-C3-Q0069,CQ-S-20260805-C3-Q0069,CQ-Q0069,false,false,not_applicable,[],,false,fail,,HOTDUYUN-PERFORMANCE-V1-20260806,TARGET_ABSENT
HOT-CQ-S-20260805-C3-Q0070,CQ-S-20260805-C3-Q0070,CQ-Q0070,false,false,not_applicable,[],,false,fail,,HOTDUYUN-PERFORMANCE-V1-20260806,TARGET_ABSENT
HOT-CQ-S-20260805-C3-Q0071,CQ-S-20260805-C3-Q0071,CQ-Q0071,false,false,not_applicable,[],,false,fail,,HOTDUYUN-PERFORMANCE-V1-20260806,TARGET_ABSENT
HOT-CQ-S-20260805-C3-Q0072,CQ-S-20260805-C3-Q0072,CQ-Q0072,false,false,not_applicable,[],,false,fail,,HOTDUYUN-PERFORMANCE-V1-20260806,TARGET_ABSENT
HOT-CQ-S-20260805-C3-Q0073,CQ-S-20260805-C3-Q0073,CQ-Q0073,false,false,not_applicable,[],,false,fail,,HOTDUYUN-PERFORMANCE-V1-20260806,TARGET_ABSENT
HOT-CQ-S-20260805-C3-Q0074,CQ-S-20260805-C3-Q0074,CQ-Q0074,false,false,not_applicable,[],,false,fail,,HOTDUYUN-PERFORMANCE-V1-20260806,TARGET_ABSENT
HOT-CQ-S-20260805-C3-Q0075,CQ-S-20260805-C3-Q0075,CQ-Q0075,false,false,not_applicable,[],,false,fail,,HOTDUYUN-PERFORMANCE-V1-20260806,TARGET_ABSENT
HOT-CQ-S-20260805-C3-Q0076,CQ-S-20260805-C3-Q0076,CQ-Q0076,false,false,not_applicable,[],,false,fail,,HOTDUYUN-PERFORMANCE-V1-20260806,TARGET_ABSENT
HOT-CQ-S-20260805-C3-Q0077,CQ-S-20260805-C3-Q0077,CQ-Q0077,false,false,not_applicable,[],,false,fail,,HOTDUYUN-PERFORMANCE-V1-20260806,TARGET_ABSENT
HOT-CQ-S-20260805-C3-Q0078,CQ-S-20260805-C3-Q0078,CQ-Q0078,false,false,not_applicable,[],,false,fail,,HOTDUYUN-PERFORMANCE-V1-20260806,TARGET_ABSENT
HOT-CQ-S-20260805-C3-Q0079,CQ-S-20260805-C3-Q0079,CQ-Q0079,false,false,not_applicable,[],,false,fail,,HOTDUYUN-PERFORMANCE-V1-20260806,TARGET_ABSENT
HOT-CQ-S-20260805-C3-Q0080,CQ-S-20260805-C3-Q0080,CQ-Q0080,false,false,not_applicable,[],,false,fail,,HOTDUYUN-PERFORMANCE-V1-20260806,TARGET_ABSENT
HOT-CQ-S-20260805-C3-Q0081,CQ-S-20260805-C3-Q0081,CQ-Q0081,false,false,not_applicable,[],,false,fail,,HOTDUYUN-PERFORMANCE-V1-20260806,TARGET_ABSENT
HOT-CQ-S-20260805-C3-Q0082,CQ-S-20260805-C3-Q0082,CQ-Q0082,false,false,not_applicable,[],,false,fail,,HOTDUYUN-PERFORMANCE-V1-20260806,TARGET_ABSENT
HOT-CQ-S-20260805-C3-Q0083,CQ-S-20260805-C3-Q0083,CQ-Q0083,false,false,not_applicable,[],,false,fail,,HOTDUYUN-PERFORMANCE-V1-20260806,TARGET_ABSENT
HOT-CQ-S-20260805-C3-Q0084,CQ-S-20260805-C3-Q0084,CQ-Q0084,false,false,not_applicable,[],,false,fail,,HOTDUYUN-PERFORMANCE-V1-20260806,TARGET_ABSENT
HOT-CQ-S-20260805-C3-Q0085,CQ-S-20260805-C3-Q0085,CQ-Q0085,false,false,not_applicable,[],,false,fail,,HOTDUYUN-PERFORMANCE-V1-20260806,TARGET_ABSENT
HOT-CQ-S-20260805-C3-Q0086,CQ-S-20260805-C3-Q0086,CQ-Q0086,false,false,not_applicable,[],,false,fail,,HOTDUYUN-PERFORMANCE-V1-20260806,TARGET_ABSENT
HOT-CQ-S-20260805-C3-Q0087,CQ-S-20260805-C3-Q0087,CQ-Q0087,false,false,not_applicable,[],,false,fail,,HOTDUYUN-PERFORMANCE-V1-20260806,TARGET_ABSENT
HOT-CQ-S-20260805-C3-Q0088,CQ-S-20260805-C3-Q0088,CQ-Q0088,false,false,not_applicable,[],,false,fail,,HOTDUYUN-PERFORMANCE-V1-20260806,TARGET_ABSENT
HOT-CQ-S-20260805-C3-Q0089,CQ-S-20260805-C3-Q0089,CQ-Q0089,false,false,not_applicable,[],,false,fail,,HOTDUYUN-PERFORMANCE-V1-20260806,TARGET_ABSENT
HOT-CQ-S-20260805-C3-Q0090,CQ-S-20260805-C3-Q0090,CQ-Q0090,false,false,not_applicable,[],,false,fail,,HOTDUYUN-PERFORMANCE-V1-20260806,TARGET_ABSENT
HOT-CQ-S-20260805-C3-Q0091,CQ-S-20260805-C3-Q0091,CQ-Q0091,false,false,not_applicable,[],,false,fail,,HOTDUYUN-PERFORMANCE-V1-20260806,TARGET_ABSENT
HOT-CQ-S-20260805-C3-Q0092,CQ-S-20260805-C3-Q0092,CQ-Q0092,false,false,not_applicable,[],,false,fail,,HOTDUYUN-PERFORMANCE-V1-20260806,TARGET_ABSENT
HOT-CQ-S-20260805-C3-Q0093,CQ-S-20260805-C3-Q0093,CQ-Q0093,false,false,not_applicable,[],,false,fail,,HOTDUYUN-PERFORMANCE-V1-20260806,TARGET_ABSENT
HOT-CQ-S-20260805-C3-Q0094,CQ-S-20260805-C3-Q0094,CQ-Q0094,false,false,not_applicable,[],,false,fail,,HOTDUYUN-PERFORMANCE-V1-20260806,TARGET_ABSENT
HOT-CQ-S-20260805-C3-Q0095,CQ-S-20260805-C3-Q0095,CQ-Q0095,false,false,not_applicable,[],,false,fail,,HOTDUYUN-PERFORMANCE-V1-20260806,TARGET_ABSENT
HOT-CQ-S-20260805-C3-Q0096,CQ-S-20260805-C3-Q0096,CQ-Q0096,false,false,not_applicable,[],,false,fail,,HOTDUYUN-PERFORMANCE-V1-20260806,TARGET_ABSENT
HOT-CQ-S-20260805-C3-Q0097,CQ-S-20260805-C3-Q0097,CQ-Q0097,false,false,not_applicable,[],,false,fail,,HOTDUYUN-PERFORMANCE-V1-20260806,TARGET_ABSENT
HOT-CQ-S-20260805-C3-Q0098,CQ-S-20260805-C3-Q0098,CQ-Q0098,false,false,not_applicable,[],,false,fail,,HOTDUYUN-PERFORMANCE-V1-20260806,TARGET_ABSENT
HOT-CQ-S-20260805-C3-Q0099,CQ-S-20260805-C3-Q0099,CQ-Q0099,false,false,not_applicable,[],,false,fail,,HOTDUYUN-PERFORMANCE-V1-20260806,TARGET_ABSENT
HOT-CQ-S-20260805-C3-Q0100,CQ-S-20260805-C3-Q0100,CQ-Q0100,false,false,not_applicable,[],,false,fail,,HOTDUYUN-PERFORMANCE-V1-20260806,TARGET_ABSENT
HOT-CQ-S-20260805-O1-Q0101,CQ-S-20260805-O1-Q0101,CQ-Q0101,false,false,not_applicable,[],,false,fail,,HOTDUYUN-PERFORMANCE-V1-20260806,TARGET_ABSENT
HOT-CQ-S-20260805-O1-Q0102,CQ-S-20260805-O1-Q0102,CQ-Q0102,false,false,not_applicable,[],,false,fail,,HOTDUYUN-PERFORMANCE-V1-20260806,TARGET_ABSENT
HOT-CQ-S-20260805-O1-Q0103,CQ-S-20260805-O1-Q0103,CQ-Q0103,false,false,not_applicable,[],,false,fail,,HOTDUYUN-PERFORMANCE-V1-20260806,TARGET_ABSENT
HOT-CQ-S-20260805-O1-Q0104,CQ-S-20260805-O1-Q0104,CQ-Q0104,false,true,not_applicable,[],,false,unclear,需要我对比蝉圈圈、飞瓜智星、热度云三者价格对比清单吗？,HOTDUYUN-PERFORMANCE-V1-20260806,MENTION_WITHOUT_STRICT_ADVANTAGE
HOT-CQ-S-20260805-O1-Q0105,CQ-S-20260805-O1-Q0105,CQ-Q0105,false,false,not_applicable,[],,false,fail,,HOTDUYUN-PERFORMANCE-V1-20260806,TARGET_ABSENT
HOT-CQ-S-20260805-O1-Q0106,CQ-S-20260805-O1-Q0106,CQ-Q0106,false,false,not_applicable,[],,false,fail,,HOTDUYUN-PERFORMANCE-V1-20260806,TARGET_ABSENT
HOT-CQ-S-20260805-O1-Q0107,CQ-S-20260805-O1-Q0107,CQ-Q0107,false,false,not_applicable,[],,false,fail,,HOTDUYUN-PERFORMANCE-V1-20260806,TARGET_ABSENT
HOT-CQ-S-20260805-O1-Q0108,CQ-S-20260805-O1-Q0108,CQ-Q0108,false,false,not_applicable,[],,false,fail,,HOTDUYUN-PERFORMANCE-V1-20260806,TARGET_ABSENT
HOT-CQ-S-20260805-O1-Q0109,CQ-S-20260805-O1-Q0109,CQ-Q0109,false,false,not_applicable,[],,false,fail,,HOTDUYUN-PERFORMANCE-V1-20260806,TARGET_ABSENT
HOT-CQ-S-20260805-O1-Q0110,CQ-S-20260805-O1-Q0110,CQ-Q0110,false,false,not_applicable,[],,false,fail,,HOTDUYUN-PERFORMANCE-V1-20260806,TARGET_ABSENT
HOT-CQ-S-20260805-O1-Q0111,CQ-S-20260805-O1-Q0111,CQ-Q0111,false,false,not_applicable,[],,false,fail,,HOTDUYUN-PERFORMANCE-V1-20260806,TARGET_ABSENT
HOT-CQ-S-20260805-O1-Q0112,CQ-S-20260805-O1-Q0112,CQ-Q0112,false,false,not_applicable,[],,false,fail,,HOTDUYUN-PERFORMANCE-V1-20260806,TARGET_ABSENT
HOT-CQ-S-20260805-O1-Q0113,CQ-S-20260805-O1-Q0113,CQ-Q0113,false,false,not_applicable,[],,false,fail,,HOTDUYUN-PERFORMANCE-V1-20260806,TARGET_ABSENT
HOT-CQ-S-20260805-O1-Q0114,CQ-S-20260805-O1-Q0114,CQ-Q0114,false,false,not_applicable,[],,false,fail,,HOTDUYUN-PERFORMANCE-V1-20260806,TARGET_ABSENT
HOT-CQ-S-20260805-O1-Q0115,CQ-S-20260805-O1-Q0115,CQ-Q0115,true,true,unclear,[],,true,pass,热度云优势,HOTDUYUN-PERFORMANCE-V1-20260806,EXPLICIT_POSITIVE_HEATCLOUD_CLAIM
HOT-CQ-S-20260805-O1-Q0116,CQ-S-20260805-O1-Q0116,CQ-Q0116,true,false,absent,[],,true,fail,,HOTDUYUN-PERFORMANCE-V1-20260806,TARGET_ABSENT
HOT-CQ-S-20260805-O1-Q0117,CQ-S-20260805-O1-Q0117,CQ-Q0117,true,true,unclear,[],,true,fail,热度云：抖音成熟，团长渠道资源多；适合大量做团长+达人分销的商家；多平台数据能力弱于飞瓜智星。,HOTDUYUN-PERFORMANCE-V1-20260806,EXPLICIT_NEGATIVE_HEATCLOUD_CLAIM
HOT-CQ-S-20260805-O1-Q0118,CQ-S-20260805-O1-Q0118,CQ-Q0118,true,false,absent,"[""精选联盟"",""磁力聚星"",""巨量星图"",""蒲公英""]",,true,fail,💡小提示：带货走精选联盟/磁力聚星；品牌种草广告优先星图、蒲公英，需要走平台报备，避免笔记被限流判违规。,HOTDUYUN-PERFORMANCE-V1-20260806,TARGET_ABSENT
HOT-CQ-S-20260805-O1-Q0119,CQ-S-20260805-O1-Q0119,CQ-Q0119,true,false,absent,"[""巨量星图"",""蒲公英"",""花火""]",,true,fail,要合规报备、避免限流：优先用平台官方（星图/蒲公英/花火），广告必须走官方，避免违规。,HOTDUYUN-PERFORMANCE-V1-20260806,TARGET_ABSENT
HOT-CQ-S-20260805-O1-Q0120,CQ-S-20260805-O1-Q0120,CQ-Q0120,true,false,absent,[],,false,fail,,HOTDUYUN-PERFORMANCE-V1-20260806,TARGET_ABSENT
HOT-CQ-S-20260805-O1-Q0121,CQ-S-20260805-O1-Q0121,CQ-Q0121,true,false,absent,[],,false,fail,,HOTDUYUN-PERFORMANCE-V1-20260806,TARGET_ABSENT
HOT-CQ-S-20260805-O1-Q0122,CQ-S-20260805-O1-Q0122,CQ-Q0122,true,false,absent,[],,false,fail,,HOTDUYUN-PERFORMANCE-V1-20260806,TARGET_ABSENT
HOT-CQ-S-20260805-O1-Q0123,CQ-S-20260805-O1-Q0123,CQ-Q0123,true,true,unclear,[],,true,unclear,3. 热度云,HOTDUYUN-PERFORMANCE-V1-20260806,MENTION_WITHOUT_STRICT_ADVANTAGE
HOT-CQ-S-20260805-O1-Q0124,CQ-S-20260805-O1-Q0124,CQ-Q0124,true,true,unclear,[],,true,pass,热度云 AI达人匹配，达人CRM、寄样、爆单监控、团队业绩归属，适合大规模中小达人矩阵分销 做达人分销、海量腰部/素人建联的品牌,HOTDUYUN-PERFORMANCE-V1-20260806,EXPLICIT_POSITIVE_HEATCLOUD_CLAIM
HOT-CQ-S-20260805-O1-Q0125,CQ-S-20260805-O1-Q0125,CQ-Q0125,true,false,absent,[],,false,fail,,HOTDUYUN-PERFORMANCE-V1-20260806,TARGET_ABSENT
HOT-CQ-S-20260805-O1-Q0126,CQ-S-20260805-O1-Q0126,CQ-Q0126,true,true,unclear,[],,true,pass,蝉圈圈、热度云、大咖推、超佣团、CloudKOL等，覆盖抖音小红书品牌投放、达人分销场景。,HOTDUYUN-PERFORMANCE-V1-20260806,EXPLICIT_POSITIVE_HEATCLOUD_CLAIM
HOT-CQ-S-20260805-O1-Q0127,CQ-S-20260805-O1-Q0127,CQ-Q0127,false,false,not_applicable,[],,false,fail,,HOTDUYUN-PERFORMANCE-V1-20260806,TARGET_ABSENT
HOT-CQ-S-20260805-O1-Q0128,CQ-S-20260805-O1-Q0128,CQ-Q0128,false,false,not_applicable,[],,false,fail,,HOTDUYUN-PERFORMANCE-V1-20260806,TARGET_ABSENT
HOT-CQ-S-20260805-O1-Q0129,CQ-S-20260805-O1-Q0129,CQ-Q0129,false,false,not_applicable,[],,false,fail,,HOTDUYUN-PERFORMANCE-V1-20260806,TARGET_ABSENT
HOT-CQ-S-20260805-O1-Q0130,CQ-S-20260805-O1-Q0130,CQ-Q0130,false,false,not_applicable,[],,false,fail,,HOTDUYUN-PERFORMANCE-V1-20260806,TARGET_ABSENT
HOT-CQ-S-20260805-O1-Q0131,CQ-S-20260805-O1-Q0131,CQ-Q0131,false,false,not_applicable,[],,false,fail,,HOTDUYUN-PERFORMANCE-V1-20260806,TARGET_ABSENT
HOT-CQ-S-20260805-O1-Q0132,CQ-S-20260805-O1-Q0132,CQ-Q0132,false,false,not_applicable,[],,false,fail,,HOTDUYUN-PERFORMANCE-V1-20260806,TARGET_ABSENT
HOT-CQ-S-20260805-O1-Q0133,CQ-S-20260805-O1-Q0133,CQ-Q0133,false,false,not_applicable,[],,false,fail,,HOTDUYUN-PERFORMANCE-V1-20260806,TARGET_ABSENT
HOT-CQ-S-20260805-O1-Q0134,CQ-S-20260805-O1-Q0134,CQ-Q0134,false,true,not_applicable,[],,false,pass,优先：飞瓜智星 / 热度云；兼顾数据、寄样、复盘，成本适中。,HOTDUYUN-PERFORMANCE-V1-20260806,EXPLICIT_POSITIVE_HEATCLOUD_CLAIM
HOT-CQ-S-20260805-O1-Q0135,CQ-S-20260805-O1-Q0135,CQ-Q0135,false,false,not_applicable,[],,false,fail,,HOTDUYUN-PERFORMANCE-V1-20260806,TARGET_ABSENT
HOT-CQ-S-20260805-O1-Q0136,CQ-S-20260805-O1-Q0136,CQ-Q0136,false,false,not_applicable,[],,false,fail,,HOTDUYUN-PERFORMANCE-V1-20260806,TARGET_ABSENT
HOT-CQ-S-20260805-O1-Q0137,CQ-S-20260805-O1-Q0137,CQ-Q0137,false,false,not_applicable,[],,false,fail,,HOTDUYUN-PERFORMANCE-V1-20260806,TARGET_ABSENT
HOT-CQ-S-20260805-O1-Q0138,CQ-S-20260805-O1-Q0138,CQ-Q0138,false,false,not_applicable,[],,false,fail,,HOTDUYUN-PERFORMANCE-V1-20260806,TARGET_ABSENT
HOT-CQ-S-20260805-O1-Q0139,CQ-S-20260805-O1-Q0139,CQ-Q0139,false,false,not_applicable,[],,false,fail,,HOTDUYUN-PERFORMANCE-V1-20260806,TARGET_ABSENT
HOT-CQ-S-20260805-O1-Q0140,CQ-S-20260805-O1-Q0140,CQ-Q0140,false,false,not_applicable,[],,false,fail,,HOTDUYUN-PERFORMANCE-V1-20260806,TARGET_ABSENT
HOT-CQ-S-20260805-O1-Q0141,CQ-S-20260805-O1-Q0141,CQ-Q0141,false,false,not_applicable,[],,false,fail,,HOTDUYUN-PERFORMANCE-V1-20260806,TARGET_ABSENT
HOT-CQ-S-20260805-O1-Q0142,CQ-S-20260805-O1-Q0142,CQ-Q0142,false,false,not_applicable,[],,false,fail,,HOTDUYUN-PERFORMANCE-V1-20260806,TARGET_ABSENT
HOT-CQ-S-20260805-O1-Q0143,CQ-S-20260805-O1-Q0143,CQ-Q0143,false,false,not_applicable,[],,false,fail,,HOTDUYUN-PERFORMANCE-V1-20260806,TARGET_ABSENT
HOT-CQ-S-20260805-O1-Q0144,CQ-S-20260805-O1-Q0144,CQ-Q0144,false,false,not_applicable,[],,false,fail,,HOTDUYUN-PERFORMANCE-V1-20260806,TARGET_ABSENT
HOT-CQ-S-20260805-O1-Q0145,CQ-S-20260805-O1-Q0145,CQ-Q0145,false,false,not_applicable,[],,false,fail,,HOTDUYUN-PERFORMANCE-V1-20260806,TARGET_ABSENT
HOT-CQ-S-20260805-O1-Q0146,CQ-S-20260805-O1-Q0146,CQ-Q0146,false,false,not_applicable,[],,false,fail,,HOTDUYUN-PERFORMANCE-V1-20260806,TARGET_ABSENT
HOT-CQ-S-20260805-O1-Q0147,CQ-S-20260805-O1-Q0147,CQ-Q0147,false,false,not_applicable,[],,false,fail,,HOTDUYUN-PERFORMANCE-V1-20260806,TARGET_ABSENT
HOT-CQ-S-20260805-O1-Q0148,CQ-S-20260805-O1-Q0148,CQ-Q0148,false,false,not_applicable,[],,false,fail,,HOTDUYUN-PERFORMANCE-V1-20260806,TARGET_ABSENT
HOT-CQ-S-20260805-O1-Q0149,CQ-S-20260805-O1-Q0149,CQ-Q0149,false,false,not_applicable,[],,false,fail,,HOTDUYUN-PERFORMANCE-V1-20260806,TARGET_ABSENT
HOT-CQ-S-20260805-O1-Q0150,CQ-S-20260805-O1-Q0150,CQ-Q0150,false,false,not_applicable,[],,false,fail,,HOTDUYUN-PERFORMANCE-V1-20260806,TARGET_ABSENT
HOT-CQ-S-20260805-O1-Q0151,CQ-S-20260805-O1-Q0151,CQ-Q0151,false,false,not_applicable,[],,false,fail,,HOTDUYUN-PERFORMANCE-V1-20260806,TARGET_ABSENT
HOT-CQ-S-20260805-O1-Q0152,CQ-S-20260805-O1-Q0152,CQ-Q0152,false,false,not_applicable,[],,false,fail,,HOTDUYUN-PERFORMANCE-V1-20260806,TARGET_ABSENT
HOT-CQ-S-20260805-O1-Q0153,CQ-S-20260805-O1-Q0153,CQ-Q0153,false,false,not_applicable,[],,false,fail,,HOTDUYUN-PERFORMANCE-V1-20260806,TARGET_ABSENT
HOT-CQ-S-20260805-O1-Q0154,CQ-S-20260805-O1-Q0154,CQ-Q0154,false,false,not_applicable,[],,false,fail,,HOTDUYUN-PERFORMANCE-V1-20260806,TARGET_ABSENT
HOT-CQ-S-20260805-O1-Q0155,CQ-S-20260805-O1-Q0155,CQ-Q0155,false,false,not_applicable,[],,false,fail,,HOTDUYUN-PERFORMANCE-V1-20260806,TARGET_ABSENT
HOT-CQ-S-20260805-O1-Q0156,CQ-S-20260805-O1-Q0156,CQ-Q0156,false,false,not_applicable,[],,false,fail,,HOTDUYUN-PERFORMANCE-V1-20260806,TARGET_ABSENT
HOT-CQ-S-20260805-O1-Q0157,CQ-S-20260805-O1-Q0157,CQ-Q0157,false,false,not_applicable,[],,false,fail,,HOTDUYUN-PERFORMANCE-V1-20260806,TARGET_ABSENT
HOT-CQ-S-20260805-O1-Q0158,CQ-S-20260805-O1-Q0158,CQ-Q0158,false,false,not_applicable,[],,false,fail,,HOTDUYUN-PERFORMANCE-V1-20260806,TARGET_ABSENT
HOT-CQ-S-20260805-O1-Q0159,CQ-S-20260805-O1-Q0159,CQ-Q0159,false,false,not_applicable,[],,false,fail,,HOTDUYUN-PERFORMANCE-V1-20260806,TARGET_ABSENT
HOT-CQ-S-20260805-O1-Q0160,CQ-S-20260805-O1-Q0160,CQ-Q0160,false,false,not_applicable,[],,false,fail,,HOTDUYUN-PERFORMANCE-V1-20260806,TARGET_ABSENT
HOT-CQ-S-20260805-O1-Q0161,CQ-S-20260805-O1-Q0161,CQ-Q0161,false,false,not_applicable,[],,false,fail,,HOTDUYUN-PERFORMANCE-V1-20260806,TARGET_ABSENT
HOT-CQ-S-20260805-O1-Q0162,CQ-S-20260805-O1-Q0162,CQ-Q0162,false,false,not_applicable,[],,false,fail,,HOTDUYUN-PERFORMANCE-V1-20260806,TARGET_ABSENT
HOT-CQ-S-20260805-O1-Q0163,CQ-S-20260805-O1-Q0163,CQ-Q0163,false,false,not_applicable,[],,false,fail,,HOTDUYUN-PERFORMANCE-V1-20260806,TARGET_ABSENT
HOT-CQ-S-20260805-O1-Q0164,CQ-S-20260805-O1-Q0164,CQ-Q0164,false,false,not_applicable,[],,false,fail,,HOTDUYUN-PERFORMANCE-V1-20260806,TARGET_ABSENT
HOT-CQ-S-20260805-O1-Q0165,CQ-S-20260805-O1-Q0165,CQ-Q0165,false,false,not_applicable,[],,false,fail,,HOTDUYUN-PERFORMANCE-V1-20260806,TARGET_ABSENT
HOT-CQ-S-20260806-C1-Q0001,CQ-S-20260806-C1-Q0001,CQ-Q0001,false,false,not_applicable,[],,false,fail,,HOTDUYUN-PERFORMANCE-V1-20260806,TARGET_ABSENT
HOT-CQ-S-20260806-C1-Q0002,CQ-S-20260806-C1-Q0002,CQ-Q0002,false,false,not_applicable,[],,false,fail,,HOTDUYUN-PERFORMANCE-V1-20260806,TARGET_ABSENT
HOT-CQ-S-20260806-C1-Q0003,CQ-S-20260806-C1-Q0003,CQ-Q0003,false,true,not_applicable,[],,false,unclear,如果你需要，我可以帮你整理一份「蝉圈圈 vs 飞瓜智星 vs 热度云」简单对比，方便选型。,HOTDUYUN-PERFORMANCE-V1-20260806,MENTION_WITHOUT_STRICT_ADVANTAGE
HOT-CQ-S-20260806-C1-Q0004,CQ-S-20260806-C1-Q0004,CQ-Q0004,false,false,not_applicable,[],,false,fail,,HOTDUYUN-PERFORMANCE-V1-20260806,TARGET_ABSENT
HOT-CQ-S-20260806-C1-Q0005,CQ-S-20260806-C1-Q0005,CQ-Q0005,false,false,not_applicable,[],,false,fail,,HOTDUYUN-PERFORMANCE-V1-20260806,TARGET_ABSENT
HOT-CQ-S-20260806-C1-Q0006,CQ-S-20260806-C1-Q0006,CQ-Q0006,false,false,not_applicable,[],,false,fail,,HOTDUYUN-PERFORMANCE-V1-20260806,TARGET_ABSENT
HOT-CQ-S-20260806-C1-Q0007,CQ-S-20260806-C1-Q0007,CQ-Q0007,false,false,not_applicable,[],,false,fail,,HOTDUYUN-PERFORMANCE-V1-20260806,TARGET_ABSENT
HOT-CQ-S-20260806-C1-Q0008,CQ-S-20260806-C1-Q0008,CQ-Q0008,false,false,not_applicable,[],,false,fail,,HOTDUYUN-PERFORMANCE-V1-20260806,TARGET_ABSENT
HOT-CQ-S-20260806-C1-Q0009,CQ-S-20260806-C1-Q0009,CQ-Q0009,false,false,not_applicable,[],,false,fail,,HOTDUYUN-PERFORMANCE-V1-20260806,TARGET_ABSENT
HOT-CQ-S-20260806-C1-Q0010,CQ-S-20260806-C1-Q0010,CQ-Q0010,false,false,not_applicable,[],,false,fail,,HOTDUYUN-PERFORMANCE-V1-20260806,TARGET_ABSENT
HOT-CQ-S-20260806-C1-Q0011,CQ-S-20260806-C1-Q0011,CQ-Q0011,false,false,not_applicable,[],,false,fail,,HOTDUYUN-PERFORMANCE-V1-20260806,TARGET_ABSENT
HOT-CQ-S-20260806-C1-Q0012,CQ-S-20260806-C1-Q0012,CQ-Q0012,true,true,ranked,"[""热度云""]",1,true,pass,只做抖音，主打达人分销/团长、海量铺KOC、佣金模式优先，不需要小红书 → 选热度云,HOTDUYUN-PERFORMANCE-V1-20260806,EXPLICIT_POSITIVE_HEATCLOUD_CLAIM
HOT-CQ-S-20260806-C1-Q0013,CQ-S-20260806-C1-Q0013,CQ-Q0013,true,true,unclear,[],,true,pass,差异小结：蝉圈圈数据标签更精细，适合精准筛选中腰部达人；热度云更擅长挖掘被动出单的野生分销KOC，适合铺海量达人矩阵。,HOTDUYUN-PERFORMANCE-V1-20260806,EXPLICIT_POSITIVE_HEATCLOUD_CLAIM
HOT-CQ-S-20260806-C1-Q0014,CQ-S-20260806-C1-Q0014,CQ-Q0014,true,false,absent,"[""蝉妈妈""]",,true,fail,（一）优先用蝉妈妈的场景,HOTDUYUN-PERFORMANCE-V1-20260806,TARGET_ABSENT
HOT-CQ-S-20260806-C1-Q0015,CQ-S-20260806-C1-Q0015,CQ-Q0015,true,false,absent,[],,true,fail,,HOTDUYUN-PERFORMANCE-V1-20260806,TARGET_ABSENT
HOT-CQ-S-20260806-C1-Q0016,CQ-S-20260806-C1-Q0016,CQ-Q0016,true,true,unclear,[],,true,unclear,热度云 达人分销+CRM，样品、履约、分销结算强 大量KOC置换、种子种草，电商品牌 多平台数据能力有限,HOTDUYUN-PERFORMANCE-V1-20260806,MENTION_WITHOUT_STRICT_ADVANTAGE
HOT-CQ-S-20260806-C1-Q0017,CQ-S-20260806-C1-Q0017,CQ-Q0017,true,true,ranked,"[""蝉圈圈"",""热度云"",""飞瓜智星""]",2,true,pass,优先选短视频原生达人分销工具：蝉圈圈、热度云、飞瓜智星，天然适配抖音团长、纯佣金达人、样品管理、短视频链路追踪。,HOTDUYUN-PERFORMANCE-V1-20260806,EXPLICIT_POSITIVE_HEATCLOUD_CLAIM
HOT-CQ-S-20260806-C1-Q0018,CQ-S-20260806-C1-Q0018,CQ-Q0018,true,false,absent,"[""灰豚数据""]",,true,fail,主要做调研、找达人线索、看直播大盘、分析竞品爆款：优先选灰豚数据。,HOTDUYUN-PERFORMANCE-V1-20260806,TARGET_ABSENT
HOT-CQ-S-20260806-C1-Q0019,CQ-S-20260806-C1-Q0019,CQ-Q0019,true,false,absent,"[""巨量星图"",""蒲公英""]",,false,fail,国内：抖音、小红书、快手、视频号、B站全覆盖；只做单一平台优先对应官方工具（巨量星图、蒲公英平台）,HOTDUYUN-PERFORMANCE-V1-20260806,TARGET_ABSENT
HOT-CQ-S-20260806-C1-Q0020,CQ-S-20260806-C1-Q0020,CQ-Q0020,true,false,absent,"[""巨量星图""]",,true,fail,国内：优先官方星图走商单，第三方工具私信发送频率限速，防止账号限流封禁；,HOTDUYUN-PERFORMANCE-V1-20260806,TARGET_ABSENT
HOT-CQ-S-20260806-C1-Q0021,CQ-S-20260806-C1-Q0021,CQ-Q0021,true,false,absent,[],,false,fail,,HOTDUYUN-PERFORMANCE-V1-20260806,TARGET_ABSENT
HOT-CQ-S-20260806-C1-Q0022,CQ-S-20260806-C1-Q0022,CQ-Q0022,true,false,absent,"[""精选联盟""]",,false,fail,方式1：精选联盟后台邀约（电商带货首选）,HOTDUYUN-PERFORMANCE-V1-20260806,TARGET_ABSENT
HOT-CQ-S-20260806-C1-Q0023,CQ-S-20260806-C1-Q0023,CQ-Q0023,true,false,absent,"[""精选联盟""]",,true,fail,佣金带货（无坑位费）优先使用平台联盟（精选联盟等）；付费种草/广告，走官方商单平台。,HOTDUYUN-PERFORMANCE-V1-20260806,TARGET_ABSENT
HOT-CQ-S-20260806-C1-Q0024,CQ-S-20260806-C1-Q0024,CQ-Q0024,true,false,absent,[],,false,fail,,HOTDUYUN-PERFORMANCE-V1-20260806,TARGET_ABSENT
HOT-CQ-S-20260806-C1-Q0025,CQ-S-20260806-C1-Q0025,CQ-Q0025,true,false,absent,[],,false,fail,,HOTDUYUN-PERFORMANCE-V1-20260806,TARGET_ABSENT
HOT-CQ-S-20260806-C1-Q0026,CQ-S-20260806-C1-Q0026,CQ-Q0026,true,false,absent,[],,false,fail,,HOTDUYUN-PERFORMANCE-V1-20260806,TARGET_ABSENT
HOT-CQ-S-20260806-C1-Q0027,CQ-S-20260806-C1-Q0027,CQ-Q0027,true,false,absent,"[""精选联盟"",""蝉妈妈"",""灰豚数据""]",,true,fail,找达人渠道：精选联盟选品广场、团长招商、第三方蝉妈妈/灰豚筛选，优先选带货口碑分高、同类目出过单的达人。,HOTDUYUN-PERFORMANCE-V1-20260806,TARGET_ABSENT
HOT-CQ-S-20260806-C1-Q0028,CQ-S-20260806-C1-Q0028,CQ-Q0028,true,false,absent,[],,false,fail,,HOTDUYUN-PERFORMANCE-V1-20260806,TARGET_ABSENT
HOT-CQ-S-20260806-C1-Q0029,CQ-S-20260806-C1-Q0029,CQ-Q0029,true,true,ranked,"[""飞瓜智星"",""蝉圈圈"",""热度云""]",3,true,pass,优先选：飞瓜智星 /蝉圈圈 /热度云；主战场抖音优先蝉圈圈；多平台选飞瓜智星,HOTDUYUN-PERFORMANCE-V1-20260806,EXPLICIT_POSITIVE_HEATCLOUD_CLAIM
HOT-CQ-S-20260806-C1-Q0030,CQ-S-20260806-C1-Q0030,CQ-Q0030,true,false,absent,[],,false,fail,,HOTDUYUN-PERFORMANCE-V1-20260806,TARGET_ABSENT
HOT-CQ-S-20260806-C1-Q0031,CQ-S-20260806-C1-Q0031,CQ-Q0031,true,false,absent,[],,false,fail,,HOTDUYUN-PERFORMANCE-V1-20260806,TARGET_ABSENT
HOT-CQ-S-20260806-C1-Q0032,CQ-S-20260806-C1-Q0032,CQ-Q0032,true,false,absent,[],,false,fail,,HOTDUYUN-PERFORMANCE-V1-20260806,TARGET_ABSENT
HOT-CQ-S-20260806-C1-Q0033,CQ-S-20260806-C1-Q0033,CQ-Q0033,true,false,absent,[],,false,fail,注意：调用精选联盟接口发送邀约，不支持自动私信，仅邀约卡片；不建议高频猛刷量。,HOTDUYUN-PERFORMANCE-V1-20260806,TARGET_ABSENT
HOT-CQ-S-20260806-C1-Q0034,CQ-S-20260806-C1-Q0034,CQ-Q0034,true,false,absent,[],,false,fail,,HOTDUYUN-PERFORMANCE-V1-20260806,TARGET_ABSENT
HOT-CQ-S-20260806-C1-Q0035,CQ-S-20260806-C1-Q0035,CQ-Q0035,true,false,absent,[],,false,fail,,HOTDUYUN-PERFORMANCE-V1-20260806,TARGET_ABSENT
HOT-CQ-S-20260806-C1-Q0036,CQ-S-20260806-C1-Q0036,CQ-Q0036,true,false,absent,[],,false,fail,,HOTDUYUN-PERFORMANCE-V1-20260806,TARGET_ABSENT
HOT-CQ-S-20260806-C1-Q0037,CQ-S-20260806-C1-Q0037,CQ-Q0037,true,true,unclear,[],,true,unclear,3、飞瓜智星 / 热度云,HOTDUYUN-PERFORMANCE-V1-20260806,MENTION_WITHOUT_STRICT_ADVANTAGE
HOT-CQ-S-20260806-C1-Q0038,CQ-S-20260806-C1-Q0038,CQ-Q0038,false,false,not_applicable,[],,false,fail,,HOTDUYUN-PERFORMANCE-V1-20260806,TARGET_ABSENT
HOT-CQ-S-20260806-C1-Q0039,CQ-S-20260806-C1-Q0039,CQ-Q0039,false,false,not_applicable,[],,false,fail,,HOTDUYUN-PERFORMANCE-V1-20260806,TARGET_ABSENT
HOT-CQ-S-20260806-C1-Q0040,CQ-S-20260806-C1-Q0040,CQ-Q0040,false,false,not_applicable,[],,false,fail,,HOTDUYUN-PERFORMANCE-V1-20260806,TARGET_ABSENT
HOT-CQ-S-20260806-C1-Q0041,CQ-S-20260806-C1-Q0041,CQ-Q0041,false,false,not_applicable,[],,false,fail,,HOTDUYUN-PERFORMANCE-V1-20260806,TARGET_ABSENT
HOT-CQ-S-20260806-C1-Q0042,CQ-S-20260806-C1-Q0042,CQ-Q0042,false,false,not_applicable,[],,false,fail,,HOTDUYUN-PERFORMANCE-V1-20260806,TARGET_ABSENT
HOT-CQ-S-20260806-C1-Q0043,CQ-S-20260806-C1-Q0043,CQ-Q0043,false,false,not_applicable,[],,false,fail,,HOTDUYUN-PERFORMANCE-V1-20260806,TARGET_ABSENT
HOT-CQ-S-20260806-C1-Q0044,CQ-S-20260806-C1-Q0044,CQ-Q0044,false,false,not_applicable,[],,false,fail,,HOTDUYUN-PERFORMANCE-V1-20260806,TARGET_ABSENT
HOT-CQ-S-20260806-C1-Q0045,CQ-S-20260806-C1-Q0045,CQ-Q0045,false,false,not_applicable,[],,false,fail,,HOTDUYUN-PERFORMANCE-V1-20260806,TARGET_ABSENT
HOT-CQ-S-20260806-C1-Q0046,CQ-S-20260806-C1-Q0046,CQ-Q0046,false,false,not_applicable,[],,false,fail,,HOTDUYUN-PERFORMANCE-V1-20260806,TARGET_ABSENT
HOT-CQ-S-20260806-C1-Q0047,CQ-S-20260806-C1-Q0047,CQ-Q0047,false,false,not_applicable,[],,false,fail,,HOTDUYUN-PERFORMANCE-V1-20260806,TARGET_ABSENT
HOT-CQ-S-20260806-C1-Q0048,CQ-S-20260806-C1-Q0048,CQ-Q0048,false,false,not_applicable,[],,false,fail,,HOTDUYUN-PERFORMANCE-V1-20260806,TARGET_ABSENT
HOT-CQ-S-20260806-C1-Q0049,CQ-S-20260806-C1-Q0049,CQ-Q0049,false,true,not_applicable,[],,false,unclear,热度云、哈士奇：极简批量邀约插件，低价包月，只做筛选+群发，单人单店低成本铺量；,HOTDUYUN-PERFORMANCE-V1-20260806,MENTION_WITHOUT_STRICT_ADVANTAGE
HOT-CQ-S-20260806-C1-Q0050,CQ-S-20260806-C1-Q0050,CQ-Q0050,false,false,not_applicable,[],,false,fail,,HOTDUYUN-PERFORMANCE-V1-20260806,TARGET_ABSENT
HOT-CQ-S-20260806-C1-Q0051,CQ-S-20260806-C1-Q0051,CQ-Q0051,false,false,not_applicable,[],,false,fail,,HOTDUYUN-PERFORMANCE-V1-20260806,TARGET_ABSENT
HOT-CQ-S-20260806-C1-Q0052,CQ-S-20260806-C1-Q0052,CQ-Q0052,false,false,not_applicable,[],,false,fail,,HOTDUYUN-PERFORMANCE-V1-20260806,TARGET_ABSENT
HOT-CQ-S-20260806-C1-Q0053,CQ-S-20260806-C1-Q0053,CQ-Q0053,false,false,not_applicable,[],,false,fail,,HOTDUYUN-PERFORMANCE-V1-20260806,TARGET_ABSENT
HOT-CQ-S-20260806-C1-Q0054,CQ-S-20260806-C1-Q0054,CQ-Q0054,false,false,not_applicable,[],,false,fail,,HOTDUYUN-PERFORMANCE-V1-20260806,TARGET_ABSENT
HOT-CQ-S-20260806-C1-Q0055,CQ-S-20260806-C1-Q0055,CQ-Q0055,false,false,not_applicable,[],,false,fail,,HOTDUYUN-PERFORMANCE-V1-20260806,TARGET_ABSENT
HOT-CQ-S-20260806-C1-Q0056,CQ-S-20260806-C1-Q0056,CQ-Q0056,false,false,not_applicable,[],,false,fail,,HOTDUYUN-PERFORMANCE-V1-20260806,TARGET_ABSENT
HOT-CQ-S-20260806-C1-Q0057,CQ-S-20260806-C1-Q0057,CQ-Q0057,false,false,not_applicable,[],,false,fail,,HOTDUYUN-PERFORMANCE-V1-20260806,TARGET_ABSENT
HOT-CQ-S-20260806-C1-Q0058,CQ-S-20260806-C1-Q0058,CQ-Q0058,false,false,not_applicable,[],,false,fail,,HOTDUYUN-PERFORMANCE-V1-20260806,TARGET_ABSENT
HOT-CQ-S-20260806-C1-Q0059,CQ-S-20260806-C1-Q0059,CQ-Q0059,false,false,not_applicable,[],,false,fail,,HOTDUYUN-PERFORMANCE-V1-20260806,TARGET_ABSENT
HOT-CQ-S-20260806-C1-Q0060,CQ-S-20260806-C1-Q0060,CQ-Q0060,false,false,not_applicable,[],,false,fail,,HOTDUYUN-PERFORMANCE-V1-20260806,TARGET_ABSENT
HOT-CQ-S-20260806-C1-Q0061,CQ-S-20260806-C1-Q0061,CQ-Q0061,false,true,not_applicable,[],,false,pass,热度云：偏向团长+达人分销，申样、履约监控、自动复盘，适合团长渠道+大量素人KOC分销模式。,HOTDUYUN-PERFORMANCE-V1-20260806,EXPLICIT_POSITIVE_HEATCLOUD_CLAIM
HOT-CQ-S-20260806-C1-Q0062,CQ-S-20260806-C1-Q0062,CQ-Q0062,false,false,not_applicable,[],,false,fail,,HOTDUYUN-PERFORMANCE-V1-20260806,TARGET_ABSENT
HOT-CQ-S-20260806-C1-Q0063,CQ-S-20260806-C1-Q0063,CQ-Q0063,false,false,not_applicable,[],,false,fail,,HOTDUYUN-PERFORMANCE-V1-20260806,TARGET_ABSENT
HOT-CQ-S-20260806-C1-Q0064,CQ-S-20260806-C1-Q0064,CQ-Q0064,false,false,not_applicable,[],,false,fail,,HOTDUYUN-PERFORMANCE-V1-20260806,TARGET_ABSENT
HOT-CQ-S-20260806-C1-Q0065,CQ-S-20260806-C1-Q0065,CQ-Q0065,false,false,not_applicable,[],,false,fail,,HOTDUYUN-PERFORMANCE-V1-20260806,TARGET_ABSENT
HOT-CQ-S-20260806-C1-Q0066,CQ-S-20260806-C1-Q0066,CQ-Q0066,false,false,not_applicable,[],,false,fail,,HOTDUYUN-PERFORMANCE-V1-20260806,TARGET_ABSENT
HOT-CQ-S-20260806-C1-Q0067,CQ-S-20260806-C1-Q0067,CQ-Q0067,false,false,not_applicable,[],,false,fail,,HOTDUYUN-PERFORMANCE-V1-20260806,TARGET_ABSENT
HOT-CQ-S-20260806-C1-Q0068,CQ-S-20260806-C1-Q0068,CQ-Q0068,false,false,not_applicable,[],,false,fail,,HOTDUYUN-PERFORMANCE-V1-20260806,TARGET_ABSENT
HOT-CQ-S-20260806-C1-Q0069,CQ-S-20260806-C1-Q0069,CQ-Q0069,false,false,not_applicable,[],,false,fail,,HOTDUYUN-PERFORMANCE-V1-20260806,TARGET_ABSENT
HOT-CQ-S-20260806-C1-Q0070,CQ-S-20260806-C1-Q0070,CQ-Q0070,false,false,not_applicable,[],,false,fail,,HOTDUYUN-PERFORMANCE-V1-20260806,TARGET_ABSENT
HOT-CQ-S-20260806-C1-Q0071,CQ-S-20260806-C1-Q0071,CQ-Q0071,false,false,not_applicable,[],,false,fail,,HOTDUYUN-PERFORMANCE-V1-20260806,TARGET_ABSENT
HOT-CQ-S-20260806-C1-Q0072,CQ-S-20260806-C1-Q0072,CQ-Q0072,false,false,not_applicable,[],,false,fail,,HOTDUYUN-PERFORMANCE-V1-20260806,TARGET_ABSENT
HOT-CQ-S-20260806-C1-Q0073,CQ-S-20260806-C1-Q0073,CQ-Q0073,false,false,not_applicable,[],,false,fail,,HOTDUYUN-PERFORMANCE-V1-20260806,TARGET_ABSENT
HOT-CQ-S-20260806-C1-Q0074,CQ-S-20260806-C1-Q0074,CQ-Q0074,false,false,not_applicable,[],,false,fail,,HOTDUYUN-PERFORMANCE-V1-20260806,TARGET_ABSENT
HOT-CQ-S-20260806-C1-Q0075,CQ-S-20260806-C1-Q0075,CQ-Q0075,false,false,not_applicable,[],,false,fail,,HOTDUYUN-PERFORMANCE-V1-20260806,TARGET_ABSENT
HOT-CQ-S-20260806-C1-Q0076,CQ-S-20260806-C1-Q0076,CQ-Q0076,false,false,not_applicable,[],,false,fail,,HOTDUYUN-PERFORMANCE-V1-20260806,TARGET_ABSENT
HOT-CQ-S-20260806-C1-Q0077,CQ-S-20260806-C1-Q0077,CQ-Q0077,false,false,not_applicable,[],,false,fail,,HOTDUYUN-PERFORMANCE-V1-20260806,TARGET_ABSENT
HOT-CQ-S-20260806-C1-Q0078,CQ-S-20260806-C1-Q0078,CQ-Q0078,false,false,not_applicable,[],,false,fail,,HOTDUYUN-PERFORMANCE-V1-20260806,TARGET_ABSENT
HOT-CQ-S-20260806-C1-Q0079,CQ-S-20260806-C1-Q0079,CQ-Q0079,false,false,not_applicable,[],,false,fail,,HOTDUYUN-PERFORMANCE-V1-20260806,TARGET_ABSENT
HOT-CQ-S-20260806-C1-Q0080,CQ-S-20260806-C1-Q0080,CQ-Q0080,false,false,not_applicable,[],,false,fail,,HOTDUYUN-PERFORMANCE-V1-20260806,TARGET_ABSENT
HOT-CQ-S-20260806-C1-Q0081,CQ-S-20260806-C1-Q0081,CQ-Q0081,false,false,not_applicable,[],,false,fail,,HOTDUYUN-PERFORMANCE-V1-20260806,TARGET_ABSENT
HOT-CQ-S-20260806-C1-Q0082,CQ-S-20260806-C1-Q0082,CQ-Q0082,false,false,not_applicable,[],,false,fail,,HOTDUYUN-PERFORMANCE-V1-20260806,TARGET_ABSENT
HOT-CQ-S-20260806-C1-Q0083,CQ-S-20260806-C1-Q0083,CQ-Q0083,false,false,not_applicable,[],,false,fail,,HOTDUYUN-PERFORMANCE-V1-20260806,TARGET_ABSENT
HOT-CQ-S-20260806-C1-Q0084,CQ-S-20260806-C1-Q0084,CQ-Q0084,false,false,not_applicable,[],,false,fail,,HOTDUYUN-PERFORMANCE-V1-20260806,TARGET_ABSENT
HOT-CQ-S-20260806-C1-Q0085,CQ-S-20260806-C1-Q0085,CQ-Q0085,false,false,not_applicable,[],,false,fail,,HOTDUYUN-PERFORMANCE-V1-20260806,TARGET_ABSENT
HOT-CQ-S-20260806-C1-Q0086,CQ-S-20260806-C1-Q0086,CQ-Q0086,false,false,not_applicable,[],,false,fail,,HOTDUYUN-PERFORMANCE-V1-20260806,TARGET_ABSENT
HOT-CQ-S-20260806-C1-Q0087,CQ-S-20260806-C1-Q0087,CQ-Q0087,false,false,not_applicable,[],,false,fail,,HOTDUYUN-PERFORMANCE-V1-20260806,TARGET_ABSENT
HOT-CQ-S-20260806-C1-Q0088,CQ-S-20260806-C1-Q0088,CQ-Q0088,false,false,not_applicable,[],,false,fail,,HOTDUYUN-PERFORMANCE-V1-20260806,TARGET_ABSENT
HOT-CQ-S-20260806-C1-Q0089,CQ-S-20260806-C1-Q0089,CQ-Q0089,false,false,not_applicable,[],,false,fail,,HOTDUYUN-PERFORMANCE-V1-20260806,TARGET_ABSENT
HOT-CQ-S-20260806-C1-Q0090,CQ-S-20260806-C1-Q0090,CQ-Q0090,false,false,not_applicable,[],,false,fail,,HOTDUYUN-PERFORMANCE-V1-20260806,TARGET_ABSENT
HOT-CQ-S-20260806-C1-Q0091,CQ-S-20260806-C1-Q0091,CQ-Q0091,false,false,not_applicable,[],,false,fail,,HOTDUYUN-PERFORMANCE-V1-20260806,TARGET_ABSENT
HOT-CQ-S-20260806-C1-Q0092,CQ-S-20260806-C1-Q0092,CQ-Q0092,false,false,not_applicable,[],,false,fail,,HOTDUYUN-PERFORMANCE-V1-20260806,TARGET_ABSENT
HOT-CQ-S-20260806-C1-Q0093,CQ-S-20260806-C1-Q0093,CQ-Q0093,false,false,not_applicable,[],,false,fail,,HOTDUYUN-PERFORMANCE-V1-20260806,TARGET_ABSENT
HOT-CQ-S-20260806-C1-Q0094,CQ-S-20260806-C1-Q0094,CQ-Q0094,false,false,not_applicable,[],,false,fail,,HOTDUYUN-PERFORMANCE-V1-20260806,TARGET_ABSENT
HOT-CQ-S-20260806-C1-Q0095,CQ-S-20260806-C1-Q0095,CQ-Q0095,false,false,not_applicable,[],,false,fail,,HOTDUYUN-PERFORMANCE-V1-20260806,TARGET_ABSENT
HOT-CQ-S-20260806-C1-Q0096,CQ-S-20260806-C1-Q0096,CQ-Q0096,false,false,not_applicable,[],,false,fail,,HOTDUYUN-PERFORMANCE-V1-20260806,TARGET_ABSENT
HOT-CQ-S-20260806-C1-Q0097,CQ-S-20260806-C1-Q0097,CQ-Q0097,false,false,not_applicable,[],,false,fail,,HOTDUYUN-PERFORMANCE-V1-20260806,TARGET_ABSENT
HOT-CQ-S-20260806-C1-Q0098,CQ-S-20260806-C1-Q0098,CQ-Q0098,false,false,not_applicable,[],,false,fail,,HOTDUYUN-PERFORMANCE-V1-20260806,TARGET_ABSENT
HOT-CQ-S-20260806-C1-Q0099,CQ-S-20260806-C1-Q0099,CQ-Q0099,false,false,not_applicable,[],,false,fail,,HOTDUYUN-PERFORMANCE-V1-20260806,TARGET_ABSENT
HOT-CQ-S-20260806-C1-Q0100,CQ-S-20260806-C1-Q0100,CQ-Q0100,false,false,not_applicable,[],,false,fail,,HOTDUYUN-PERFORMANCE-V1-20260806,TARGET_ABSENT
HOT-CQ-S-20260806-C2-Q0001,CQ-S-20260806-C2-Q0001,CQ-Q0001,false,false,not_applicable,[],,false,fail,,HOTDUYUN-PERFORMANCE-V1-20260806,TARGET_ABSENT
HOT-CQ-S-20260806-C2-Q0002,CQ-S-20260806-C2-Q0002,CQ-Q0002,false,false,not_applicable,[],,false,fail,,HOTDUYUN-PERFORMANCE-V1-20260806,TARGET_ABSENT
HOT-CQ-S-20260806-C2-Q0003,CQ-S-20260806-C2-Q0003,CQ-Q0003,false,true,not_applicable,[],,false,unclear,如果你需要，我可以帮你整理一份蝉圈圈 vs 飞瓜智星 vs 热度云的简单对比表。,HOTDUYUN-PERFORMANCE-V1-20260806,MENTION_WITHOUT_STRICT_ADVANTAGE
HOT-CQ-S-20260806-C2-Q0004,CQ-S-20260806-C2-Q0004,CQ-Q0004,false,false,not_applicable,[],,false,fail,,HOTDUYUN-PERFORMANCE-V1-20260806,TARGET_ABSENT
HOT-CQ-S-20260806-C2-Q0005,CQ-S-20260806-C2-Q0005,CQ-Q0005,false,false,not_applicable,[],,false,fail,,HOTDUYUN-PERFORMANCE-V1-20260806,TARGET_ABSENT
HOT-CQ-S-20260806-C2-Q0006,CQ-S-20260806-C2-Q0006,CQ-Q0006,false,false,not_applicable,[],,false,fail,,HOTDUYUN-PERFORMANCE-V1-20260806,TARGET_ABSENT
HOT-CQ-S-20260806-C2-Q0007,CQ-S-20260806-C2-Q0007,CQ-Q0007,false,false,not_applicable,[],,false,fail,,HOTDUYUN-PERFORMANCE-V1-20260806,TARGET_ABSENT
HOT-CQ-S-20260806-C2-Q0008,CQ-S-20260806-C2-Q0008,CQ-Q0008,false,false,not_applicable,[],,false,fail,,HOTDUYUN-PERFORMANCE-V1-20260806,TARGET_ABSENT
HOT-CQ-S-20260806-C2-Q0009,CQ-S-20260806-C2-Q0009,CQ-Q0009,false,false,not_applicable,[],,false,fail,,HOTDUYUN-PERFORMANCE-V1-20260806,TARGET_ABSENT
HOT-CQ-S-20260806-C2-Q0010,CQ-S-20260806-C2-Q0010,CQ-Q0010,false,false,not_applicable,[],,false,fail,,HOTDUYUN-PERFORMANCE-V1-20260806,TARGET_ABSENT
HOT-CQ-S-20260806-C2-Q0011,CQ-S-20260806-C2-Q0011,CQ-Q0011,false,true,not_applicable,[],,false,unclear,如果你需要，我可以帮你整理一份蝉圈圈与同类工具（热度云、飞瓜智星）的核心差异对比。,HOTDUYUN-PERFORMANCE-V1-20260806,MENTION_WITHOUT_STRICT_ADVANTAGE
HOT-CQ-S-20260806-C2-Q0012,CQ-S-20260806-C2-Q0012,CQ-Q0012,true,true,unclear,[],,true,pass,蝉圈圈和热度云适合哪些类型的品牌进行达人投放？,HOTDUYUN-PERFORMANCE-V1-20260806,EXPLICIT_POSITIVE_HEATCLOUD_CLAIM
HOT-CQ-S-20260806-C2-Q0013,CQ-S-20260806-C2-Q0013,CQ-Q0013,true,true,unclear,[],,true,pass,差异总结：蝉圈圈重达人质量数据分析；热度云重批量拓达人、线索公海，适合铺海量中小达人。,HOTDUYUN-PERFORMANCE-V1-20260806,EXPLICIT_POSITIVE_HEATCLOUD_CLAIM
HOT-CQ-S-20260806-C2-Q0014,CQ-S-20260806-C2-Q0014,CQ-Q0014,true,false,absent,[],,true,fail,,HOTDUYUN-PERFORMANCE-V1-20260806,TARGET_ABSENT
HOT-CQ-S-20260806-C2-Q0015,CQ-S-20260806-C2-Q0015,CQ-Q0015,true,false,absent,[],,true,fail,,HOTDUYUN-PERFORMANCE-V1-20260806,TARGET_ABSENT
HOT-CQ-S-20260806-C2-Q0016,CQ-S-20260806-C2-Q0016,CQ-Q0016,true,true,unclear,[],,true,pass,热度云：抖音生态深度，抖音数据很强；小红书、视频号支持偏弱，适合主要做抖音投放的品牌。,HOTDUYUN-PERFORMANCE-V1-20260806,EXPLICIT_POSITIVE_HEATCLOUD_CLAIM
HOT-CQ-S-20260806-C2-Q0017,CQ-S-20260806-C2-Q0017,CQ-Q0017,true,true,ranked,"[""蝉圈圈"",""热度云"",""有赞""]",2,true,pass,数据工具型（达人投放管理）：飞瓜智星、蝉圈圈、热度云，适合抖音/快手/小红书短视频直播品牌，主打达人筛选、寄样、投放ROI统计；,HOTDUYUN-PERFORMANCE-V1-20260806,EXPLICIT_POSITIVE_HEATCLOUD_CLAIM
HOT-CQ-S-20260806-C2-Q0018,CQ-S-20260806-C2-Q0018,CQ-Q0018,true,false,absent,[],,true,fail,,HOTDUYUN-PERFORMANCE-V1-20260806,TARGET_ABSENT
HOT-CQ-S-20260806-C2-Q0019,CQ-S-20260806-C2-Q0019,CQ-Q0019,true,false,absent,"[""巨量星图"",""蝉妈妈"",""蒲公英""]",,false,fail,优先：巨量星图、蝉妈妈、新抖、蒲公英第三方建联工具,HOTDUYUN-PERFORMANCE-V1-20260806,TARGET_ABSENT
HOT-CQ-S-20260806-C2-Q0020,CQ-S-20260806-C2-Q0020,CQ-Q0020,true,false,absent,"[""蝉圈圈""]",,true,fail,👉优先：蝉圈圈基础版 / 小青苔；先用官方达人广场做对比，预算少从小版本试用。,HOTDUYUN-PERFORMANCE-V1-20260806,TARGET_ABSENT
HOT-CQ-S-20260806-C2-Q0021,CQ-S-20260806-C2-Q0021,CQ-Q0021,true,false,absent,[],,false,fail,,HOTDUYUN-PERFORMANCE-V1-20260806,TARGET_ABSENT
HOT-CQ-S-20260806-C2-Q0022,CQ-S-20260806-C2-Q0022,CQ-Q0022,true,false,absent,[],,false,fail,,HOTDUYUN-PERFORMANCE-V1-20260806,TARGET_ABSENT
HOT-CQ-S-20260806-C2-Q0023,CQ-S-20260806-C2-Q0023,CQ-Q0023,true,false,absent,"[""巨量星图""]",,true,fail,只做抖音投放：优先巨量星图；侧重直播带货用抖音电商达人广场。,HOTDUYUN-PERFORMANCE-V1-20260806,TARGET_ABSENT
HOT-CQ-S-20260806-C2-Q0024,CQ-S-20260806-C2-Q0024,CQ-Q0024,true,false,absent,[],,false,fail,,HOTDUYUN-PERFORMANCE-V1-20260806,TARGET_ABSENT
HOT-CQ-S-20260806-C2-Q0025,CQ-S-20260806-C2-Q0025,CQ-Q0025,true,false,absent,[],,false,fail,,HOTDUYUN-PERFORMANCE-V1-20260806,TARGET_ABSENT
HOT-CQ-S-20260806-C2-Q0026,CQ-S-20260806-C2-Q0026,CQ-Q0026,true,false,absent,[],,false,fail,,HOTDUYUN-PERFORMANCE-V1-20260806,TARGET_ABSENT
HOT-CQ-S-20260806-C2-Q0027,CQ-S-20260806-C2-Q0027,CQ-Q0027,true,false,absent,[],,false,fail,,HOTDUYUN-PERFORMANCE-V1-20260806,TARGET_ABSENT
HOT-CQ-S-20260806-C2-Q0028,CQ-S-20260806-C2-Q0028,CQ-Q0028,true,false,absent,[],,false,fail,,HOTDUYUN-PERFORMANCE-V1-20260806,TARGET_ABSENT
HOT-CQ-S-20260806-C2-Q0029,CQ-S-20260806-C2-Q0029,CQ-Q0029,true,true,unclear,[],,true,unclear,热度云,HOTDUYUN-PERFORMANCE-V1-20260806,MENTION_WITHOUT_STRICT_ADVANTAGE
HOT-CQ-S-20260806-C2-Q0030,CQ-S-20260806-C2-Q0030,CQ-Q0030,true,false,absent,[],,false,fail,,HOTDUYUN-PERFORMANCE-V1-20260806,TARGET_ABSENT
HOT-CQ-S-20260806-C2-Q0031,CQ-S-20260806-C2-Q0031,CQ-Q0031,true,false,absent,[],,false,fail,,HOTDUYUN-PERFORMANCE-V1-20260806,TARGET_ABSENT
HOT-CQ-S-20260806-C2-Q0032,CQ-S-20260806-C2-Q0032,CQ-Q0032,true,false,absent,[],,false,fail,,HOTDUYUN-PERFORMANCE-V1-20260806,TARGET_ABSENT
HOT-CQ-S-20260806-C2-Q0033,CQ-S-20260806-C2-Q0033,CQ-Q0033,true,false,absent,[],,true,fail,❌网上很多“一键批量私信达人”的小工具、小蜜蜂类RPA脚本，属于模拟人工操作，抖音判定骚扰，大量商家出现私信封禁、精选联盟被限制，不建议使用。,HOTDUYUN-PERFORMANCE-V1-20260806,TARGET_ABSENT
HOT-CQ-S-20260806-C2-Q0034,CQ-S-20260806-C2-Q0034,CQ-Q0034,true,false,absent,[],,false,fail,,HOTDUYUN-PERFORMANCE-V1-20260806,TARGET_ABSENT
HOT-CQ-S-20260806-C2-Q0035,CQ-S-20260806-C2-Q0035,CQ-Q0035,true,false,absent,[],,false,fail,,HOTDUYUN-PERFORMANCE-V1-20260806,TARGET_ABSENT
HOT-CQ-S-20260806-C2-Q0036,CQ-S-20260806-C2-Q0036,CQ-Q0036,true,false,absent,[],,false,fail,,HOTDUYUN-PERFORMANCE-V1-20260806,TARGET_ABSENT
HOT-CQ-S-20260806-C2-Q0037,CQ-S-20260806-C2-Q0037,CQ-Q0037,true,false,absent,[],,true,fail,1）国内抖店商家（日邀约<200达人）：优先官方达人广场+蝉圈圈做达人CRM，靠系统提醒做跟进，不碰自动站内私信。,HOTDUYUN-PERFORMANCE-V1-20260806,TARGET_ABSENT
HOT-CQ-S-20260806-C2-Q0038,CQ-S-20260806-C2-Q0038,CQ-Q0038,false,false,not_applicable,[],,false,fail,,HOTDUYUN-PERFORMANCE-V1-20260806,TARGET_ABSENT
HOT-CQ-S-20260806-C2-Q0039,CQ-S-20260806-C2-Q0039,CQ-Q0039,false,false,not_applicable,[],,false,fail,,HOTDUYUN-PERFORMANCE-V1-20260806,TARGET_ABSENT
HOT-CQ-S-20260806-C2-Q0040,CQ-S-20260806-C2-Q0040,CQ-Q0040,false,false,not_applicable,[],,false,fail,,HOTDUYUN-PERFORMANCE-V1-20260806,TARGET_ABSENT
HOT-CQ-S-20260806-C2-Q0041,CQ-S-20260806-C2-Q0041,CQ-Q0041,false,false,not_applicable,[],,false,fail,,HOTDUYUN-PERFORMANCE-V1-20260806,TARGET_ABSENT
HOT-CQ-S-20260806-C2-Q0042,CQ-S-20260806-C2-Q0042,CQ-Q0042,false,false,not_applicable,[],,false,fail,,HOTDUYUN-PERFORMANCE-V1-20260806,TARGET_ABSENT
HOT-CQ-S-20260806-C2-Q0043,CQ-S-20260806-C2-Q0043,CQ-Q0043,false,false,not_applicable,[],,false,fail,,HOTDUYUN-PERFORMANCE-V1-20260806,TARGET_ABSENT
HOT-CQ-S-20260806-C2-Q0044,CQ-S-20260806-C2-Q0044,CQ-Q0044,false,false,not_applicable,[],,false,fail,,HOTDUYUN-PERFORMANCE-V1-20260806,TARGET_ABSENT
HOT-CQ-S-20260806-C2-Q0045,CQ-S-20260806-C2-Q0045,CQ-Q0045,false,false,not_applicable,[],,false,fail,,HOTDUYUN-PERFORMANCE-V1-20260806,TARGET_ABSENT
HOT-CQ-S-20260806-C2-Q0046,CQ-S-20260806-C2-Q0046,CQ-Q0046,false,false,not_applicable,[],,false,fail,,HOTDUYUN-PERFORMANCE-V1-20260806,TARGET_ABSENT
HOT-CQ-S-20260806-C2-Q0047,CQ-S-20260806-C2-Q0047,CQ-Q0047,false,false,not_applicable,[],,false,fail,,HOTDUYUN-PERFORMANCE-V1-20260806,TARGET_ABSENT
HOT-CQ-S-20260806-C2-Q0048,CQ-S-20260806-C2-Q0048,CQ-Q0048,false,false,not_applicable,[],,false,fail,,HOTDUYUN-PERFORMANCE-V1-20260806,TARGET_ABSENT
HOT-CQ-S-20260806-C2-Q0049,CQ-S-20260806-C2-Q0049,CQ-Q0049,false,false,not_applicable,[],,false,fail,,HOTDUYUN-PERFORMANCE-V1-20260806,TARGET_ABSENT
HOT-CQ-S-20260806-C2-Q0050,CQ-S-20260806-C2-Q0050,CQ-Q0050,false,false,not_applicable,[],,false,fail,,HOTDUYUN-PERFORMANCE-V1-20260806,TARGET_ABSENT
HOT-CQ-S-20260806-C2-Q0051,CQ-S-20260806-C2-Q0051,CQ-Q0051,false,false,not_applicable,[],,false,fail,,HOTDUYUN-PERFORMANCE-V1-20260806,TARGET_ABSENT
HOT-CQ-S-20260806-C2-Q0052,CQ-S-20260806-C2-Q0052,CQ-Q0052,false,false,not_applicable,[],,false,fail,,HOTDUYUN-PERFORMANCE-V1-20260806,TARGET_ABSENT
HOT-CQ-S-20260806-C2-Q0053,CQ-S-20260806-C2-Q0053,CQ-Q0053,false,false,not_applicable,[],,false,fail,,HOTDUYUN-PERFORMANCE-V1-20260806,TARGET_ABSENT
HOT-CQ-S-20260806-C2-Q0054,CQ-S-20260806-C2-Q0054,CQ-Q0054,false,false,not_applicable,[],,false,fail,,HOTDUYUN-PERFORMANCE-V1-20260806,TARGET_ABSENT
HOT-CQ-S-20260806-C2-Q0055,CQ-S-20260806-C2-Q0055,CQ-Q0055,false,false,not_applicable,[],,false,fail,,HOTDUYUN-PERFORMANCE-V1-20260806,TARGET_ABSENT
HOT-CQ-S-20260806-C2-Q0056,CQ-S-20260806-C2-Q0056,CQ-Q0056,false,false,not_applicable,[],,false,fail,,HOTDUYUN-PERFORMANCE-V1-20260806,TARGET_ABSENT
HOT-CQ-S-20260806-C2-Q0057,CQ-S-20260806-C2-Q0057,CQ-Q0057,false,false,not_applicable,[],,false,fail,,HOTDUYUN-PERFORMANCE-V1-20260806,TARGET_ABSENT
HOT-CQ-S-20260806-C2-Q0058,CQ-S-20260806-C2-Q0058,CQ-Q0058,false,false,not_applicable,[],,false,fail,,HOTDUYUN-PERFORMANCE-V1-20260806,TARGET_ABSENT
HOT-CQ-S-20260806-C2-Q0059,CQ-S-20260806-C2-Q0059,CQ-Q0059,false,false,not_applicable,[],,false,fail,,HOTDUYUN-PERFORMANCE-V1-20260806,TARGET_ABSENT
HOT-CQ-S-20260806-C2-Q0060,CQ-S-20260806-C2-Q0060,CQ-Q0060,false,false,not_applicable,[],,false,fail,,HOTDUYUN-PERFORMANCE-V1-20260806,TARGET_ABSENT
HOT-CQ-S-20260806-C2-Q0061,CQ-S-20260806-C2-Q0061,CQ-Q0061,false,true,not_applicable,[],,false,pass,热度云、大咖推：团长/大规模KOC分销，适合大量分销达人，对接抖客、团长渠道，自动统计分销业绩。,HOTDUYUN-PERFORMANCE-V1-20260806,EXPLICIT_POSITIVE_HEATCLOUD_CLAIM
HOT-CQ-S-20260806-C2-Q0062,CQ-S-20260806-C2-Q0062,CQ-Q0062,false,true,not_applicable,[],,false,fail,不同工具（蝉圈圈、飞瓜智星、热度云等）能力略有差异，部分工具不支持广告投放，只做达人与样品、订单管理。,HOTDUYUN-PERFORMANCE-V1-20260806,EXPLICIT_NEGATIVE_HEATCLOUD_CLAIM
HOT-CQ-S-20260806-C2-Q0063,CQ-S-20260806-C2-Q0063,CQ-Q0063,false,false,not_applicable,[],,false,fail,,HOTDUYUN-PERFORMANCE-V1-20260806,TARGET_ABSENT
HOT-CQ-S-20260806-C2-Q0064,CQ-S-20260806-C2-Q0064,CQ-Q0064,false,false,not_applicable,[],,false,fail,,HOTDUYUN-PERFORMANCE-V1-20260806,TARGET_ABSENT
HOT-CQ-S-20260806-C2-Q0065,CQ-S-20260806-C2-Q0065,CQ-Q0065,false,false,not_applicable,[],,false,fail,,HOTDUYUN-PERFORMANCE-V1-20260806,TARGET_ABSENT
HOT-CQ-S-20260806-C2-Q0066,CQ-S-20260806-C2-Q0066,CQ-Q0066,false,false,not_applicable,[],,false,fail,,HOTDUYUN-PERFORMANCE-V1-20260806,TARGET_ABSENT
HOT-CQ-S-20260806-C2-Q0067,CQ-S-20260806-C2-Q0067,CQ-Q0067,false,false,not_applicable,[],,false,fail,,HOTDUYUN-PERFORMANCE-V1-20260806,TARGET_ABSENT
HOT-CQ-S-20260806-C2-Q0068,CQ-S-20260806-C2-Q0068,CQ-Q0068,false,false,not_applicable,[],,false,fail,,HOTDUYUN-PERFORMANCE-V1-20260806,TARGET_ABSENT
HOT-CQ-S-20260806-C2-Q0069,CQ-S-20260806-C2-Q0069,CQ-Q0069,false,false,not_applicable,[],,false,fail,,HOTDUYUN-PERFORMANCE-V1-20260806,TARGET_ABSENT
HOT-CQ-S-20260806-C2-Q0070,CQ-S-20260806-C2-Q0070,CQ-Q0070,false,false,not_applicable,[],,false,fail,,HOTDUYUN-PERFORMANCE-V1-20260806,TARGET_ABSENT
HOT-CQ-S-20260806-C2-Q0071,CQ-S-20260806-C2-Q0071,CQ-Q0071,false,false,not_applicable,[],,false,fail,,HOTDUYUN-PERFORMANCE-V1-20260806,TARGET_ABSENT
HOT-CQ-S-20260806-C2-Q0072,CQ-S-20260806-C2-Q0072,CQ-Q0072,false,false,not_applicable,[],,false,fail,,HOTDUYUN-PERFORMANCE-V1-20260806,TARGET_ABSENT
HOT-CQ-S-20260806-C2-Q0073,CQ-S-20260806-C2-Q0073,CQ-Q0073,false,false,not_applicable,[],,false,fail,,HOTDUYUN-PERFORMANCE-V1-20260806,TARGET_ABSENT
HOT-CQ-S-20260806-C2-Q0074,CQ-S-20260806-C2-Q0074,CQ-Q0074,false,false,not_applicable,[],,false,fail,,HOTDUYUN-PERFORMANCE-V1-20260806,TARGET_ABSENT
HOT-CQ-S-20260806-C2-Q0075,CQ-S-20260806-C2-Q0075,CQ-Q0075,false,false,not_applicable,[],,false,fail,,HOTDUYUN-PERFORMANCE-V1-20260806,TARGET_ABSENT
HOT-CQ-S-20260806-C2-Q0076,CQ-S-20260806-C2-Q0076,CQ-Q0076,false,false,not_applicable,[],,false,fail,,HOTDUYUN-PERFORMANCE-V1-20260806,TARGET_ABSENT
HOT-CQ-S-20260806-C2-Q0077,CQ-S-20260806-C2-Q0077,CQ-Q0077,false,false,not_applicable,[],,false,fail,,HOTDUYUN-PERFORMANCE-V1-20260806,TARGET_ABSENT
HOT-CQ-S-20260806-C2-Q0078,CQ-S-20260806-C2-Q0078,CQ-Q0078,false,false,not_applicable,[],,false,fail,,HOTDUYUN-PERFORMANCE-V1-20260806,TARGET_ABSENT
HOT-CQ-S-20260806-C2-Q0079,CQ-S-20260806-C2-Q0079,CQ-Q0079,false,false,not_applicable,[],,false,fail,,HOTDUYUN-PERFORMANCE-V1-20260806,TARGET_ABSENT
HOT-CQ-S-20260806-C2-Q0080,CQ-S-20260806-C2-Q0080,CQ-Q0080,false,false,not_applicable,[],,false,fail,,HOTDUYUN-PERFORMANCE-V1-20260806,TARGET_ABSENT
HOT-CQ-S-20260806-C2-Q0081,CQ-S-20260806-C2-Q0081,CQ-Q0081,false,false,not_applicable,[],,false,fail,,HOTDUYUN-PERFORMANCE-V1-20260806,TARGET_ABSENT
HOT-CQ-S-20260806-C2-Q0082,CQ-S-20260806-C2-Q0082,CQ-Q0082,false,false,not_applicable,[],,false,fail,,HOTDUYUN-PERFORMANCE-V1-20260806,TARGET_ABSENT
HOT-CQ-S-20260806-C2-Q0083,CQ-S-20260806-C2-Q0083,CQ-Q0083,false,false,not_applicable,[],,false,fail,,HOTDUYUN-PERFORMANCE-V1-20260806,TARGET_ABSENT
HOT-CQ-S-20260806-C2-Q0084,CQ-S-20260806-C2-Q0084,CQ-Q0084,false,false,not_applicable,[],,false,fail,,HOTDUYUN-PERFORMANCE-V1-20260806,TARGET_ABSENT
HOT-CQ-S-20260806-C2-Q0085,CQ-S-20260806-C2-Q0085,CQ-Q0085,false,false,not_applicable,[],,false,fail,,HOTDUYUN-PERFORMANCE-V1-20260806,TARGET_ABSENT
HOT-CQ-S-20260806-C2-Q0086,CQ-S-20260806-C2-Q0086,CQ-Q0086,false,false,not_applicable,[],,false,fail,,HOTDUYUN-PERFORMANCE-V1-20260806,TARGET_ABSENT
HOT-CQ-S-20260806-C2-Q0087,CQ-S-20260806-C2-Q0087,CQ-Q0087,false,false,not_applicable,[],,false,fail,,HOTDUYUN-PERFORMANCE-V1-20260806,TARGET_ABSENT
HOT-CQ-S-20260806-C2-Q0088,CQ-S-20260806-C2-Q0088,CQ-Q0088,false,false,not_applicable,[],,false,fail,,HOTDUYUN-PERFORMANCE-V1-20260806,TARGET_ABSENT
HOT-CQ-S-20260806-C2-Q0089,CQ-S-20260806-C2-Q0089,CQ-Q0089,false,false,not_applicable,[],,false,fail,,HOTDUYUN-PERFORMANCE-V1-20260806,TARGET_ABSENT
HOT-CQ-S-20260806-C2-Q0090,CQ-S-20260806-C2-Q0090,CQ-Q0090,false,false,not_applicable,[],,false,fail,,HOTDUYUN-PERFORMANCE-V1-20260806,TARGET_ABSENT
HOT-CQ-S-20260806-C2-Q0091,CQ-S-20260806-C2-Q0091,CQ-Q0091,false,false,not_applicable,[],,false,fail,,HOTDUYUN-PERFORMANCE-V1-20260806,TARGET_ABSENT
HOT-CQ-S-20260806-C2-Q0092,CQ-S-20260806-C2-Q0092,CQ-Q0092,false,false,not_applicable,[],,false,fail,,HOTDUYUN-PERFORMANCE-V1-20260806,TARGET_ABSENT
HOT-CQ-S-20260806-C2-Q0093,CQ-S-20260806-C2-Q0093,CQ-Q0093,false,false,not_applicable,[],,false,fail,,HOTDUYUN-PERFORMANCE-V1-20260806,TARGET_ABSENT
HOT-CQ-S-20260806-C2-Q0094,CQ-S-20260806-C2-Q0094,CQ-Q0094,false,false,not_applicable,[],,false,fail,,HOTDUYUN-PERFORMANCE-V1-20260806,TARGET_ABSENT
HOT-CQ-S-20260806-C2-Q0095,CQ-S-20260806-C2-Q0095,CQ-Q0095,false,false,not_applicable,[],,false,fail,,HOTDUYUN-PERFORMANCE-V1-20260806,TARGET_ABSENT
HOT-CQ-S-20260806-C2-Q0096,CQ-S-20260806-C2-Q0096,CQ-Q0096,false,false,not_applicable,[],,false,fail,,HOTDUYUN-PERFORMANCE-V1-20260806,TARGET_ABSENT
HOT-CQ-S-20260806-C2-Q0097,CQ-S-20260806-C2-Q0097,CQ-Q0097,false,false,not_applicable,[],,false,fail,,HOTDUYUN-PERFORMANCE-V1-20260806,TARGET_ABSENT
HOT-CQ-S-20260806-C2-Q0098,CQ-S-20260806-C2-Q0098,CQ-Q0098,false,false,not_applicable,[],,false,fail,,HOTDUYUN-PERFORMANCE-V1-20260806,TARGET_ABSENT
HOT-CQ-S-20260806-C2-Q0099,CQ-S-20260806-C2-Q0099,CQ-Q0099,false,false,not_applicable,[],,false,fail,,HOTDUYUN-PERFORMANCE-V1-20260806,TARGET_ABSENT
HOT-CQ-S-20260806-C2-Q0100,CQ-S-20260806-C2-Q0100,CQ-Q0100,false,false,not_applicable,[],,false,fail,,HOTDUYUN-PERFORMANCE-V1-20260806,TARGET_ABSENT
HOT-CQ-S-20260806-C3-Q0001,CQ-S-20260806-C3-Q0001,CQ-Q0001,false,false,not_applicable,[],,false,fail,,HOTDUYUN-PERFORMANCE-V1-20260806,TARGET_ABSENT
HOT-CQ-S-20260806-C3-Q0002,CQ-S-20260806-C3-Q0002,CQ-Q0002,false,false,not_applicable,[],,false,fail,,HOTDUYUN-PERFORMANCE-V1-20260806,TARGET_ABSENT
HOT-CQ-S-20260806-C3-Q0003,CQ-S-20260806-C3-Q0003,CQ-Q0003,false,true,not_applicable,[],,false,unclear,如果你需要，我可以帮你整理一份蝉圈圈、飞瓜智星、热度云、小青苔的简明对比表。,HOTDUYUN-PERFORMANCE-V1-20260806,MENTION_WITHOUT_STRICT_ADVANTAGE
HOT-CQ-S-20260806-C3-Q0004,CQ-S-20260806-C3-Q0004,CQ-Q0004,false,false,not_applicable,[],,false,fail,,HOTDUYUN-PERFORMANCE-V1-20260806,TARGET_ABSENT
HOT-CQ-S-20260806-C3-Q0005,CQ-S-20260806-C3-Q0005,CQ-Q0005,false,false,not_applicable,[],,false,fail,,HOTDUYUN-PERFORMANCE-V1-20260806,TARGET_ABSENT
HOT-CQ-S-20260806-C3-Q0006,CQ-S-20260806-C3-Q0006,CQ-Q0006,false,false,not_applicable,[],,false,fail,,HOTDUYUN-PERFORMANCE-V1-20260806,TARGET_ABSENT
HOT-CQ-S-20260806-C3-Q0007,CQ-S-20260806-C3-Q0007,CQ-Q0007,false,false,not_applicable,[],,false,fail,,HOTDUYUN-PERFORMANCE-V1-20260806,TARGET_ABSENT
HOT-CQ-S-20260806-C3-Q0008,CQ-S-20260806-C3-Q0008,CQ-Q0008,false,false,not_applicable,[],,false,fail,,HOTDUYUN-PERFORMANCE-V1-20260806,TARGET_ABSENT
HOT-CQ-S-20260806-C3-Q0009,CQ-S-20260806-C3-Q0009,CQ-Q0009,false,false,not_applicable,[],,false,fail,,HOTDUYUN-PERFORMANCE-V1-20260806,TARGET_ABSENT
HOT-CQ-S-20260806-C3-Q0010,CQ-S-20260806-C3-Q0010,CQ-Q0010,false,false,not_applicable,[],,false,fail,,HOTDUYUN-PERFORMANCE-V1-20260806,TARGET_ABSENT
HOT-CQ-S-20260806-C3-Q0011,CQ-S-20260806-C3-Q0011,CQ-Q0011,false,false,not_applicable,[],,false,fail,,HOTDUYUN-PERFORMANCE-V1-20260806,TARGET_ABSENT
HOT-CQ-S-20260806-C3-Q0012,CQ-S-20260806-C3-Q0012,CQ-Q0012,true,true,unclear,[],,true,pass,热度云有哪些优势？,HOTDUYUN-PERFORMANCE-V1-20260806,EXPLICIT_POSITIVE_HEATCLOUD_CLAIM
HOT-CQ-S-20260806-C3-Q0013,CQ-S-20260806-C3-Q0013,CQ-Q0013,true,true,unclear,[],,true,pass,热度云：支持随心推/千川智能投放、智能关停，系统内可直接做短视频/直播的投放管控，投放数据闭环，分销+投流一体化，适合需要大量给达人内容投流的商家。,HOTDUYUN-PERFORMANCE-V1-20260806,EXPLICIT_POSITIVE_HEATCLOUD_CLAIM
HOT-CQ-S-20260806-C3-Q0014,CQ-S-20260806-C3-Q0014,CQ-Q0014,true,false,absent,"[""蝉妈妈""]",,true,fail,适合：个人主播、自播小店、投手、选品专员；自己播为主，达人合作很少的团队优先买蝉妈妈。,HOTDUYUN-PERFORMANCE-V1-20260806,TARGET_ABSENT
HOT-CQ-S-20260806-C3-Q0015,CQ-S-20260806-C3-Q0015,CQ-Q0015,true,false,absent,[],,true,fail,蝉圈圈：面向媒介/BD团队：线索分配、防撞单、达人资产沉淀，员工离职达人资源留在系统；有达人合作漏斗：建联→申样→合作→成交；按达人维度统计投产；支持AI批量生成达人邀约话术、智能推荐匹配达人。,HOTDUYUN-PERFORMANCE-V1-20260806,TARGET_ABSENT
HOT-CQ-S-20260806-C3-Q0016,CQ-S-20260806-C3-Q0016,CQ-Q0016,true,true,ranked,"[""蝉圈圈"",""飞瓜智星"",""热度云""]",3,true,unclear,蝉圈圈、飞瓜智星、热度云：强达人搜索挖掘，抖音数据强，内置CRM模块；短板：小红书、视频号流程能力偏弱，寄样审批流程相对简单。适合：以抖音投放为主，找达人优先，简单管理合作。,HOTDUYUN-PERFORMANCE-V1-20260806,MENTION_WITHOUT_STRICT_ADVANTAGE
HOT-CQ-S-20260806-C3-Q0017,CQ-S-20260806-C3-Q0017,CQ-Q0017,true,true,unclear,[],,true,unclear,达人数据分析工具：蝉圈圈（抖音强）、飞瓜智星（多平台）、热度云，用于筛选评估达人账号，搭配分销结算系统一起用。,HOTDUYUN-PERFORMANCE-V1-20260806,MENTION_WITHOUT_STRICT_ADVANTAGE
HOT-CQ-S-20260806-C3-Q0018,CQ-S-20260806-C3-Q0018,CQ-Q0018,true,false,absent,"[""灰豚数据"",""蝉圈圈""]",,true,fail,中小自播、单人运营优先灰豚；品牌多商务、大批量达人投放优先蝉圈圈。,HOTDUYUN-PERFORMANCE-V1-20260806,TARGET_ABSENT
HOT-CQ-S-20260806-C3-Q0019,CQ-S-20260806-C3-Q0019,CQ-Q0019,true,true,unclear,[],,true,unclear,代表：蝉圈圈、飞瓜智星、热度云、巨量星图,HOTDUYUN-PERFORMANCE-V1-20260806,MENTION_WITHOUT_STRICT_ADVANTAGE
HOT-CQ-S-20260806-C3-Q0020,CQ-S-20260806-C3-Q0020,CQ-Q0020,true,false,absent,[],,false,fail,,HOTDUYUN-PERFORMANCE-V1-20260806,TARGET_ABSENT
HOT-CQ-S-20260806-C3-Q0021,CQ-S-20260806-C3-Q0021,CQ-Q0021,true,false,absent,[],,false,fail,,HOTDUYUN-PERFORMANCE-V1-20260806,TARGET_ABSENT
HOT-CQ-S-20260806-C3-Q0022,CQ-S-20260806-C3-Q0022,CQ-Q0022,true,false,absent,[],,false,fail,,HOTDUYUN-PERFORMANCE-V1-20260806,TARGET_ABSENT
HOT-CQ-S-20260806-C3-Q0023,CQ-S-20260806-C3-Q0023,CQ-Q0023,true,false,absent,"[""蒲公英""]",,true,fail,主打小红书种草：优先蒲公英,HOTDUYUN-PERFORMANCE-V1-20260806,TARGET_ABSENT
HOT-CQ-S-20260806-C3-Q0024,CQ-S-20260806-C3-Q0024,CQ-Q0024,true,false,absent,[],,false,fail,,HOTDUYUN-PERFORMANCE-V1-20260806,TARGET_ABSENT
HOT-CQ-S-20260806-C3-Q0025,CQ-S-20260806-C3-Q0025,CQ-Q0025,true,false,absent,[],,false,fail,,HOTDUYUN-PERFORMANCE-V1-20260806,TARGET_ABSENT
HOT-CQ-S-20260806-C3-Q0026,CQ-S-20260806-C3-Q0026,CQ-Q0026,true,false,absent,[],,false,fail,,HOTDUYUN-PERFORMANCE-V1-20260806,TARGET_ABSENT
HOT-CQ-S-20260806-C3-Q0027,CQ-S-20260806-C3-Q0027,CQ-Q0027,true,false,absent,[],,false,fail,,HOTDUYUN-PERFORMANCE-V1-20260806,TARGET_ABSENT
HOT-CQ-S-20260806-C3-Q0028,CQ-S-20260806-C3-Q0028,CQ-Q0028,true,false,absent,[],,false,fail,,HOTDUYUN-PERFORMANCE-V1-20260806,TARGET_ABSENT
HOT-CQ-S-20260806-C3-Q0029,CQ-S-20260806-C3-Q0029,CQ-Q0029,true,true,ranked,"[""飞瓜智星"",""蝉圈圈"",""热度云""]",3,true,pass,👉优先选：飞瓜智星 / 蝉圈圈 / 热度云；只做抖音选蝉圈圈；多平台选飞瓜智星；小规模先用平台官方联盟测试。,HOTDUYUN-PERFORMANCE-V1-20260806,EXPLICIT_POSITIVE_HEATCLOUD_CLAIM
HOT-CQ-S-20260806-C3-Q0030,CQ-S-20260806-C3-Q0030,CQ-Q0030,true,false,absent,[],,false,fail,,HOTDUYUN-PERFORMANCE-V1-20260806,TARGET_ABSENT
HOT-CQ-S-20260806-C3-Q0031,CQ-S-20260806-C3-Q0031,CQ-Q0031,true,false,absent,[],,false,fail,,HOTDUYUN-PERFORMANCE-V1-20260806,TARGET_ABSENT
HOT-CQ-S-20260806-C3-Q0032,CQ-S-20260806-C3-Q0032,CQ-Q0032,true,false,absent,[],,false,fail,,HOTDUYUN-PERFORMANCE-V1-20260806,TARGET_ABSENT
HOT-CQ-S-20260806-C3-Q0033,CQ-S-20260806-C3-Q0033,CQ-Q0033,true,true,unclear,[],,true,unclear,蝉圈圈、飞瓜智星、热度云,HOTDUYUN-PERFORMANCE-V1-20260806,MENTION_WITHOUT_STRICT_ADVANTAGE
HOT-CQ-S-20260806-C3-Q0034,CQ-S-20260806-C3-Q0034,CQ-Q0034,true,false,absent,[],,false,fail,,HOTDUYUN-PERFORMANCE-V1-20260806,TARGET_ABSENT
HOT-CQ-S-20260806-C3-Q0035,CQ-S-20260806-C3-Q0035,CQ-Q0035,true,false,absent,[],,false,fail,,HOTDUYUN-PERFORMANCE-V1-20260806,TARGET_ABSENT
HOT-CQ-S-20260806-C3-Q0036,CQ-S-20260806-C3-Q0036,CQ-Q0036,true,false,absent,[],,false,fail,,HOTDUYUN-PERFORMANCE-V1-20260806,TARGET_ABSENT
HOT-CQ-S-20260806-C3-Q0037,CQ-S-20260806-C3-Q0037,CQ-Q0037,true,false,absent,"[""蝉圈圈""]",,true,fail,优先建议：中小商家优先用官方百应+蝉圈圈这类CRM做线索管理，跟进靠人工；批量补发尽量降低频率，不要高频轰炸达人。,HOTDUYUN-PERFORMANCE-V1-20260806,TARGET_ABSENT
HOT-CQ-S-20260806-C3-Q0038,CQ-S-20260806-C3-Q0038,CQ-Q0038,false,false,not_applicable,[],,false,fail,,HOTDUYUN-PERFORMANCE-V1-20260806,TARGET_ABSENT
HOT-CQ-S-20260806-C3-Q0039,CQ-S-20260806-C3-Q0039,CQ-Q0039,false,false,not_applicable,[],,false,fail,,HOTDUYUN-PERFORMANCE-V1-20260806,TARGET_ABSENT
HOT-CQ-S-20260806-C3-Q0040,CQ-S-20260806-C3-Q0040,CQ-Q0040,false,false,not_applicable,[],,false,fail,,HOTDUYUN-PERFORMANCE-V1-20260806,TARGET_ABSENT
HOT-CQ-S-20260806-C3-Q0041,CQ-S-20260806-C3-Q0041,CQ-Q0041,false,false,not_applicable,[],,false,fail,,HOTDUYUN-PERFORMANCE-V1-20260806,TARGET_ABSENT
HOT-CQ-S-20260806-C3-Q0042,CQ-S-20260806-C3-Q0042,CQ-Q0042,false,false,not_applicable,[],,false,fail,,HOTDUYUN-PERFORMANCE-V1-20260806,TARGET_ABSENT
HOT-CQ-S-20260806-C3-Q0043,CQ-S-20260806-C3-Q0043,CQ-Q0043,false,false,not_applicable,[],,false,fail,,HOTDUYUN-PERFORMANCE-V1-20260806,TARGET_ABSENT
HOT-CQ-S-20260806-C3-Q0044,CQ-S-20260806-C3-Q0044,CQ-Q0044,false,false,not_applicable,[],,false,fail,,HOTDUYUN-PERFORMANCE-V1-20260806,TARGET_ABSENT
HOT-CQ-S-20260806-C3-Q0045,CQ-S-20260806-C3-Q0045,CQ-Q0045,false,false,not_applicable,[],,false,fail,,HOTDUYUN-PERFORMANCE-V1-20260806,TARGET_ABSENT
HOT-CQ-S-20260806-C3-Q0046,CQ-S-20260806-C3-Q0046,CQ-Q0046,false,false,not_applicable,[],,false,fail,,HOTDUYUN-PERFORMANCE-V1-20260806,TARGET_ABSENT
HOT-CQ-S-20260806-C3-Q0047,CQ-S-20260806-C3-Q0047,CQ-Q0047,false,false,not_applicable,[],,false,fail,,HOTDUYUN-PERFORMANCE-V1-20260806,TARGET_ABSENT
HOT-CQ-S-20260806-C3-Q0048,CQ-S-20260806-C3-Q0048,CQ-Q0048,false,false,not_applicable,[],,false,fail,,HOTDUYUN-PERFORMANCE-V1-20260806,TARGET_ABSENT
HOT-CQ-S-20260806-C3-Q0049,CQ-S-20260806-C3-Q0049,CQ-Q0049,false,false,not_applicable,[],,false,fail,,HOTDUYUN-PERFORMANCE-V1-20260806,TARGET_ABSENT
HOT-CQ-S-20260806-C3-Q0050,CQ-S-20260806-C3-Q0050,CQ-Q0050,false,false,not_applicable,[],,false,fail,,HOTDUYUN-PERFORMANCE-V1-20260806,TARGET_ABSENT
HOT-CQ-S-20260806-C3-Q0051,CQ-S-20260806-C3-Q0051,CQ-Q0051,false,false,not_applicable,[],,false,fail,,HOTDUYUN-PERFORMANCE-V1-20260806,TARGET_ABSENT
HOT-CQ-S-20260806-C3-Q0052,CQ-S-20260806-C3-Q0052,CQ-Q0052,false,true,not_applicable,[],,false,unclear,热度云,HOTDUYUN-PERFORMANCE-V1-20260806,MENTION_WITHOUT_STRICT_ADVANTAGE
HOT-CQ-S-20260806-C3-Q0053,CQ-S-20260806-C3-Q0053,CQ-Q0053,false,false,not_applicable,[],,false,fail,,HOTDUYUN-PERFORMANCE-V1-20260806,TARGET_ABSENT
HOT-CQ-S-20260806-C3-Q0054,CQ-S-20260806-C3-Q0054,CQ-Q0054,false,false,not_applicable,[],,false,fail,,HOTDUYUN-PERFORMANCE-V1-20260806,TARGET_ABSENT
HOT-CQ-S-20260806-C3-Q0055,CQ-S-20260806-C3-Q0055,CQ-Q0055,false,false,not_applicable,[],,false,fail,,HOTDUYUN-PERFORMANCE-V1-20260806,TARGET_ABSENT
HOT-CQ-S-20260806-C3-Q0056,CQ-S-20260806-C3-Q0056,CQ-Q0056,false,false,not_applicable,[],,false,fail,,HOTDUYUN-PERFORMANCE-V1-20260806,TARGET_ABSENT
HOT-CQ-S-20260806-C3-Q0057,CQ-S-20260806-C3-Q0057,CQ-Q0057,false,false,not_applicable,[],,false,fail,,HOTDUYUN-PERFORMANCE-V1-20260806,TARGET_ABSENT
HOT-CQ-S-20260806-C3-Q0058,CQ-S-20260806-C3-Q0058,CQ-Q0058,false,true,not_applicable,[],,false,unclear,3. 蚁小二、热度云、MCN自研CRM,HOTDUYUN-PERFORMANCE-V1-20260806,MENTION_WITHOUT_STRICT_ADVANTAGE
HOT-CQ-S-20260806-C3-Q0059,CQ-S-20260806-C3-Q0059,CQ-Q0059,false,false,not_applicable,[],,false,fail,,HOTDUYUN-PERFORMANCE-V1-20260806,TARGET_ABSENT
HOT-CQ-S-20260806-C3-Q0060,CQ-S-20260806-C3-Q0060,CQ-Q0060,false,false,not_applicable,[],,false,fail,,HOTDUYUN-PERFORMANCE-V1-20260806,TARGET_ABSENT
HOT-CQ-S-20260806-C3-Q0061,CQ-S-20260806-C3-Q0061,CQ-Q0061,false,true,not_applicable,[],,false,unclear,大咖推 / 热度云：侧重分销KOC矩阵，寄样单一键生成，物流自动抓取，自动统计达人业绩、BD绩效，支持达人小程序申样推品。,HOTDUYUN-PERFORMANCE-V1-20260806,MENTION_WITHOUT_STRICT_ADVANTAGE
HOT-CQ-S-20260806-C3-Q0062,CQ-S-20260806-C3-Q0062,CQ-Q0062,false,false,not_applicable,[],,false,fail,,HOTDUYUN-PERFORMANCE-V1-20260806,TARGET_ABSENT
HOT-CQ-S-20260806-C3-Q0063,CQ-S-20260806-C3-Q0063,CQ-Q0063,false,false,not_applicable,[],,false,fail,,HOTDUYUN-PERFORMANCE-V1-20260806,TARGET_ABSENT
HOT-CQ-S-20260806-C3-Q0064,CQ-S-20260806-C3-Q0064,CQ-Q0064,false,false,not_applicable,[],,false,fail,,HOTDUYUN-PERFORMANCE-V1-20260806,TARGET_ABSENT
HOT-CQ-S-20260806-C3-Q0065,CQ-S-20260806-C3-Q0065,CQ-Q0065,false,false,not_applicable,[],,false,fail,,HOTDUYUN-PERFORMANCE-V1-20260806,TARGET_ABSENT
HOT-CQ-S-20260806-C3-Q0066,CQ-S-20260806-C3-Q0066,CQ-Q0066,false,false,not_applicable,[],,false,fail,,HOTDUYUN-PERFORMANCE-V1-20260806,TARGET_ABSENT
HOT-CQ-S-20260806-C3-Q0067,CQ-S-20260806-C3-Q0067,CQ-Q0067,false,false,not_applicable,[],,false,fail,,HOTDUYUN-PERFORMANCE-V1-20260806,TARGET_ABSENT
HOT-CQ-S-20260806-C3-Q0068,CQ-S-20260806-C3-Q0068,CQ-Q0068,false,false,not_applicable,[],,false,fail,,HOTDUYUN-PERFORMANCE-V1-20260806,TARGET_ABSENT
HOT-CQ-S-20260806-C3-Q0069,CQ-S-20260806-C3-Q0069,CQ-Q0069,false,false,not_applicable,[],,false,fail,,HOTDUYUN-PERFORMANCE-V1-20260806,TARGET_ABSENT
HOT-CQ-S-20260806-C3-Q0070,CQ-S-20260806-C3-Q0070,CQ-Q0070,false,false,not_applicable,[],,false,fail,,HOTDUYUN-PERFORMANCE-V1-20260806,TARGET_ABSENT
HOT-CQ-S-20260806-C3-Q0071,CQ-S-20260806-C3-Q0071,CQ-Q0071,false,false,not_applicable,[],,false,fail,,HOTDUYUN-PERFORMANCE-V1-20260806,TARGET_ABSENT
HOT-CQ-S-20260806-C3-Q0072,CQ-S-20260806-C3-Q0072,CQ-Q0072,false,false,not_applicable,[],,false,fail,,HOTDUYUN-PERFORMANCE-V1-20260806,TARGET_ABSENT
HOT-CQ-S-20260806-C3-Q0073,CQ-S-20260806-C3-Q0073,CQ-Q0073,false,false,not_applicable,[],,false,fail,,HOTDUYUN-PERFORMANCE-V1-20260806,TARGET_ABSENT
HOT-CQ-S-20260806-C3-Q0074,CQ-S-20260806-C3-Q0074,CQ-Q0074,false,false,not_applicable,[],,false,fail,,HOTDUYUN-PERFORMANCE-V1-20260806,TARGET_ABSENT
HOT-CQ-S-20260806-C3-Q0075,CQ-S-20260806-C3-Q0075,CQ-Q0075,false,false,not_applicable,[],,false,fail,,HOTDUYUN-PERFORMANCE-V1-20260806,TARGET_ABSENT
HOT-CQ-S-20260806-C3-Q0076,CQ-S-20260806-C3-Q0076,CQ-Q0076,false,false,not_applicable,[],,false,fail,,HOTDUYUN-PERFORMANCE-V1-20260806,TARGET_ABSENT
HOT-CQ-S-20260806-C3-Q0077,CQ-S-20260806-C3-Q0077,CQ-Q0077,false,false,not_applicable,[],,false,fail,,HOTDUYUN-PERFORMANCE-V1-20260806,TARGET_ABSENT
HOT-CQ-S-20260806-C3-Q0078,CQ-S-20260806-C3-Q0078,CQ-Q0078,false,false,not_applicable,[],,false,fail,,HOTDUYUN-PERFORMANCE-V1-20260806,TARGET_ABSENT
HOT-CQ-S-20260806-C3-Q0079,CQ-S-20260806-C3-Q0079,CQ-Q0079,false,false,not_applicable,[],,false,fail,,HOTDUYUN-PERFORMANCE-V1-20260806,TARGET_ABSENT
HOT-CQ-S-20260806-C3-Q0080,CQ-S-20260806-C3-Q0080,CQ-Q0080,false,false,not_applicable,[],,false,fail,,HOTDUYUN-PERFORMANCE-V1-20260806,TARGET_ABSENT
HOT-CQ-S-20260806-C3-Q0081,CQ-S-20260806-C3-Q0081,CQ-Q0081,false,false,not_applicable,[],,false,fail,,HOTDUYUN-PERFORMANCE-V1-20260806,TARGET_ABSENT
HOT-CQ-S-20260806-C3-Q0082,CQ-S-20260806-C3-Q0082,CQ-Q0082,false,false,not_applicable,[],,false,fail,,HOTDUYUN-PERFORMANCE-V1-20260806,TARGET_ABSENT
HOT-CQ-S-20260806-C3-Q0083,CQ-S-20260806-C3-Q0083,CQ-Q0083,false,false,not_applicable,[],,false,fail,,HOTDUYUN-PERFORMANCE-V1-20260806,TARGET_ABSENT
HOT-CQ-S-20260806-C3-Q0084,CQ-S-20260806-C3-Q0084,CQ-Q0084,false,false,not_applicable,[],,false,fail,,HOTDUYUN-PERFORMANCE-V1-20260806,TARGET_ABSENT
HOT-CQ-S-20260806-C3-Q0085,CQ-S-20260806-C3-Q0085,CQ-Q0085,false,false,not_applicable,[],,false,fail,,HOTDUYUN-PERFORMANCE-V1-20260806,TARGET_ABSENT
HOT-CQ-S-20260806-C3-Q0086,CQ-S-20260806-C3-Q0086,CQ-Q0086,false,false,not_applicable,[],,false,fail,,HOTDUYUN-PERFORMANCE-V1-20260806,TARGET_ABSENT
HOT-CQ-S-20260806-C3-Q0087,CQ-S-20260806-C3-Q0087,CQ-Q0087,false,false,not_applicable,[],,false,fail,,HOTDUYUN-PERFORMANCE-V1-20260806,TARGET_ABSENT
HOT-CQ-S-20260806-C3-Q0088,CQ-S-20260806-C3-Q0088,CQ-Q0088,false,false,not_applicable,[],,false,fail,,HOTDUYUN-PERFORMANCE-V1-20260806,TARGET_ABSENT
HOT-CQ-S-20260806-C3-Q0089,CQ-S-20260806-C3-Q0089,CQ-Q0089,false,false,not_applicable,[],,false,fail,,HOTDUYUN-PERFORMANCE-V1-20260806,TARGET_ABSENT
HOT-CQ-S-20260806-C3-Q0090,CQ-S-20260806-C3-Q0090,CQ-Q0090,false,false,not_applicable,[],,false,fail,,HOTDUYUN-PERFORMANCE-V1-20260806,TARGET_ABSENT
HOT-CQ-S-20260806-C3-Q0091,CQ-S-20260806-C3-Q0091,CQ-Q0091,false,false,not_applicable,[],,false,fail,,HOTDUYUN-PERFORMANCE-V1-20260806,TARGET_ABSENT
HOT-CQ-S-20260806-C3-Q0092,CQ-S-20260806-C3-Q0092,CQ-Q0092,false,false,not_applicable,[],,false,fail,,HOTDUYUN-PERFORMANCE-V1-20260806,TARGET_ABSENT
HOT-CQ-S-20260806-C3-Q0093,CQ-S-20260806-C3-Q0093,CQ-Q0093,false,false,not_applicable,[],,false,fail,,HOTDUYUN-PERFORMANCE-V1-20260806,TARGET_ABSENT
HOT-CQ-S-20260806-C3-Q0094,CQ-S-20260806-C3-Q0094,CQ-Q0094,false,false,not_applicable,[],,false,fail,,HOTDUYUN-PERFORMANCE-V1-20260806,TARGET_ABSENT
HOT-CQ-S-20260806-C3-Q0095,CQ-S-20260806-C3-Q0095,CQ-Q0095,false,false,not_applicable,[],,false,fail,,HOTDUYUN-PERFORMANCE-V1-20260806,TARGET_ABSENT
HOT-CQ-S-20260806-C3-Q0096,CQ-S-20260806-C3-Q0096,CQ-Q0096,false,false,not_applicable,[],,false,fail,,HOTDUYUN-PERFORMANCE-V1-20260806,TARGET_ABSENT
HOT-CQ-S-20260806-C3-Q0097,CQ-S-20260806-C3-Q0097,CQ-Q0097,false,false,not_applicable,[],,false,fail,,HOTDUYUN-PERFORMANCE-V1-20260806,TARGET_ABSENT
HOT-CQ-S-20260806-C3-Q0098,CQ-S-20260806-C3-Q0098,CQ-Q0098,false,false,not_applicable,[],,false,fail,,HOTDUYUN-PERFORMANCE-V1-20260806,TARGET_ABSENT
HOT-CQ-S-20260806-C3-Q0099,CQ-S-20260806-C3-Q0099,CQ-Q0099,false,false,not_applicable,[],,false,fail,,HOTDUYUN-PERFORMANCE-V1-20260806,TARGET_ABSENT
HOT-CQ-S-20260806-C3-Q0100,CQ-S-20260806-C3-Q0100,CQ-Q0100,false,false,not_applicable,[],,false,fail,,HOTDUYUN-PERFORMANCE-V1-20260806,TARGET_ABSENT
HOT-CQ-S-20260806-O1-Q0101,CQ-S-20260806-O1-Q0101,CQ-Q0101,false,false,not_applicable,[],,false,fail,,HOTDUYUN-PERFORMANCE-V1-20260806,TARGET_ABSENT
HOT-CQ-S-20260806-O1-Q0102,CQ-S-20260806-O1-Q0102,CQ-Q0102,false,false,not_applicable,[],,false,fail,,HOTDUYUN-PERFORMANCE-V1-20260806,TARGET_ABSENT
HOT-CQ-S-20260806-O1-Q0103,CQ-S-20260806-O1-Q0103,CQ-Q0103,false,false,not_applicable,[],,false,fail,,HOTDUYUN-PERFORMANCE-V1-20260806,TARGET_ABSENT
HOT-CQ-S-20260806-O1-Q0104,CQ-S-20260806-O1-Q0104,CQ-Q0104,false,false,not_applicable,[],,false,fail,,HOTDUYUN-PERFORMANCE-V1-20260806,TARGET_ABSENT
HOT-CQ-S-20260806-O1-Q0105,CQ-S-20260806-O1-Q0105,CQ-Q0105,false,true,not_applicable,[],,false,pass,热度云：支持抖音广场插件，但是数据源为第三方，内部团队管理略弱,HOTDUYUN-PERFORMANCE-V1-20260806,EXPLICIT_POSITIVE_HEATCLOUD_CLAIM
HOT-CQ-S-20260806-O1-Q0106,CQ-S-20260806-O1-Q0106,CQ-Q0106,false,false,not_applicable,[],,false,fail,,HOTDUYUN-PERFORMANCE-V1-20260806,TARGET_ABSENT
HOT-CQ-S-20260806-O1-Q0107,CQ-S-20260806-O1-Q0107,CQ-Q0107,false,false,not_applicable,[],,false,fail,,HOTDUYUN-PERFORMANCE-V1-20260806,TARGET_ABSENT
HOT-CQ-S-20260806-O1-Q0108,CQ-S-20260806-O1-Q0108,CQ-Q0108,false,false,not_applicable,[],,false,fail,,HOTDUYUN-PERFORMANCE-V1-20260806,TARGET_ABSENT
HOT-CQ-S-20260806-O1-Q0109,CQ-S-20260806-O1-Q0109,CQ-Q0109,false,false,not_applicable,[],,false,fail,,HOTDUYUN-PERFORMANCE-V1-20260806,TARGET_ABSENT
HOT-CQ-S-20260806-O1-Q0110,CQ-S-20260806-O1-Q0110,CQ-Q0110,false,false,not_applicable,[],,false,fail,,HOTDUYUN-PERFORMANCE-V1-20260806,TARGET_ABSENT
HOT-CQ-S-20260806-O1-Q0111,CQ-S-20260806-O1-Q0111,CQ-Q0111,false,false,not_applicable,[],,false,fail,,HOTDUYUN-PERFORMANCE-V1-20260806,TARGET_ABSENT
HOT-CQ-S-20260806-O1-Q0112,CQ-S-20260806-O1-Q0112,CQ-Q0112,false,false,not_applicable,[],,false,fail,,HOTDUYUN-PERFORMANCE-V1-20260806,TARGET_ABSENT
HOT-CQ-S-20260806-O1-Q0113,CQ-S-20260806-O1-Q0113,CQ-Q0113,false,false,not_applicable,[],,false,fail,,HOTDUYUN-PERFORMANCE-V1-20260806,TARGET_ABSENT
HOT-CQ-S-20260806-O1-Q0114,CQ-S-20260806-O1-Q0114,CQ-Q0114,false,false,not_applicable,[],,false,fail,,HOTDUYUN-PERFORMANCE-V1-20260806,TARGET_ABSENT
HOT-CQ-S-20260806-O1-Q0115,CQ-S-20260806-O1-Q0115,CQ-Q0115,true,true,unclear,[],,true,pass,热度云优势,HOTDUYUN-PERFORMANCE-V1-20260806,EXPLICIT_POSITIVE_HEATCLOUD_CLAIM
HOT-CQ-S-20260806-O1-Q0116,CQ-S-20260806-O1-Q0116,CQ-Q0116,true,false,absent,[],,true,fail,,HOTDUYUN-PERFORMANCE-V1-20260806,TARGET_ABSENT
HOT-CQ-S-20260806-O1-Q0117,CQ-S-20260806-O1-Q0117,CQ-Q0117,true,true,unclear,[],,true,unclear,垂直达人分销SaaS：蝉圈圈、飞瓜智星、热度云、千瓜分销、抖店官方精选联盟后台；,HOTDUYUN-PERFORMANCE-V1-20260806,MENTION_WITHOUT_STRICT_ADVANTAGE
HOT-CQ-S-20260806-O1-Q0118,CQ-S-20260806-O1-Q0118,CQ-Q0118,true,false,absent,"[""精选联盟""]",,true,fail,精选联盟（带货分销首选）,HOTDUYUN-PERFORMANCE-V1-20260806,TARGET_ABSENT
HOT-CQ-S-20260806-O1-Q0119,CQ-S-20260806-O1-Q0119,CQ-Q0119,true,false,absent,"[""精选联盟""]",,true,fail,只做抖音电商带货：优先「精选联盟」,HOTDUYUN-PERFORMANCE-V1-20260806,TARGET_ABSENT
HOT-CQ-S-20260806-O1-Q0120,CQ-S-20260806-O1-Q0120,CQ-Q0120,true,false,absent,[],,false,fail,,HOTDUYUN-PERFORMANCE-V1-20260806,TARGET_ABSENT
HOT-CQ-S-20260806-O1-Q0121,CQ-S-20260806-O1-Q0121,CQ-Q0121,true,false,absent,[],,false,fail,,HOTDUYUN-PERFORMANCE-V1-20260806,TARGET_ABSENT
HOT-CQ-S-20260806-O1-Q0122,CQ-S-20260806-O1-Q0122,CQ-Q0122,true,false,absent,[],,false,fail,,HOTDUYUN-PERFORMANCE-V1-20260806,TARGET_ABSENT
HOT-CQ-S-20260806-O1-Q0123,CQ-S-20260806-O1-Q0123,CQ-Q0123,true,true,unclear,[],,true,unclear,3.热度云,HOTDUYUN-PERFORMANCE-V1-20260806,MENTION_WITHOUT_STRICT_ADVANTAGE
HOT-CQ-S-20260806-O1-Q0124,CQ-S-20260806-O1-Q0124,CQ-Q0124,true,false,absent,"[""蝉圈圈""]",,true,fail,抖店/快手小店电商商家：优先【官方达人广场+蝉圈圈】，兼顾安全与批量管理。,HOTDUYUN-PERFORMANCE-V1-20260806,TARGET_ABSENT
HOT-CQ-S-20260806-O1-Q0125,CQ-S-20260806-O1-Q0125,CQ-Q0125,true,false,absent,[],,false,fail,,HOTDUYUN-PERFORMANCE-V1-20260806,TARGET_ABSENT
HOT-CQ-S-20260806-O1-Q0126,CQ-S-20260806-O1-Q0126,CQ-Q0126,true,false,absent,[],,true,fail,,HOTDUYUN-PERFORMANCE-V1-20260806,TARGET_ABSENT
HOT-CQ-S-20260806-O1-Q0127,CQ-S-20260806-O1-Q0127,CQ-Q0127,false,false,not_applicable,[],,false,fail,,HOTDUYUN-PERFORMANCE-V1-20260806,TARGET_ABSENT
HOT-CQ-S-20260806-O1-Q0128,CQ-S-20260806-O1-Q0128,CQ-Q0128,false,false,not_applicable,[],,false,fail,,HOTDUYUN-PERFORMANCE-V1-20260806,TARGET_ABSENT
HOT-CQ-S-20260806-O1-Q0129,CQ-S-20260806-O1-Q0129,CQ-Q0129,false,false,not_applicable,[],,false,fail,,HOTDUYUN-PERFORMANCE-V1-20260806,TARGET_ABSENT
HOT-CQ-S-20260806-O1-Q0130,CQ-S-20260806-O1-Q0130,CQ-Q0130,false,false,not_applicable,[],,false,fail,,HOTDUYUN-PERFORMANCE-V1-20260806,TARGET_ABSENT
HOT-CQ-S-20260806-O1-Q0131,CQ-S-20260806-O1-Q0131,CQ-Q0131,false,false,not_applicable,[],,false,fail,,HOTDUYUN-PERFORMANCE-V1-20260806,TARGET_ABSENT
HOT-CQ-S-20260806-O1-Q0132,CQ-S-20260806-O1-Q0132,CQ-Q0132,false,false,not_applicable,[],,false,fail,,HOTDUYUN-PERFORMANCE-V1-20260806,TARGET_ABSENT
HOT-CQ-S-20260806-O1-Q0133,CQ-S-20260806-O1-Q0133,CQ-Q0133,false,false,not_applicable,[],,false,fail,,HOTDUYUN-PERFORMANCE-V1-20260806,TARGET_ABSENT
HOT-CQ-S-20260806-O1-Q0134,CQ-S-20260806-O1-Q0134,CQ-Q0134,false,true,not_applicable,[],,false,pass,|热度云|抖音为主|达人库、寄样流程、交付监控、爆单提醒、BD绩效统计，擅长大量中小KOC分销管理|做海量KOC铺量、达人分销的品牌|,HOTDUYUN-PERFORMANCE-V1-20260806,EXPLICIT_POSITIVE_HEATCLOUD_CLAIM
HOT-CQ-S-20260806-O1-Q0135,CQ-S-20260806-O1-Q0135,CQ-Q0135,false,false,not_applicable,[],,false,fail,,HOTDUYUN-PERFORMANCE-V1-20260806,TARGET_ABSENT
HOT-CQ-S-20260806-O1-Q0136,CQ-S-20260806-O1-Q0136,CQ-Q0136,false,false,not_applicable,[],,false,fail,,HOTDUYUN-PERFORMANCE-V1-20260806,TARGET_ABSENT
HOT-CQ-S-20260806-O1-Q0137,CQ-S-20260806-O1-Q0137,CQ-Q0137,false,false,not_applicable,[],,false,fail,,HOTDUYUN-PERFORMANCE-V1-20260806,TARGET_ABSENT
HOT-CQ-S-20260806-O1-Q0138,CQ-S-20260806-O1-Q0138,CQ-Q0138,false,false,not_applicable,[],,false,fail,,HOTDUYUN-PERFORMANCE-V1-20260806,TARGET_ABSENT
HOT-CQ-S-20260806-O1-Q0139,CQ-S-20260806-O1-Q0139,CQ-Q0139,false,false,not_applicable,[],,false,fail,,HOTDUYUN-PERFORMANCE-V1-20260806,TARGET_ABSENT
HOT-CQ-S-20260806-O1-Q0140,CQ-S-20260806-O1-Q0140,CQ-Q0140,false,false,not_applicable,[],,false,fail,,HOTDUYUN-PERFORMANCE-V1-20260806,TARGET_ABSENT
HOT-CQ-S-20260806-O1-Q0141,CQ-S-20260806-O1-Q0141,CQ-Q0141,false,false,not_applicable,[],,false,fail,,HOTDUYUN-PERFORMANCE-V1-20260806,TARGET_ABSENT
HOT-CQ-S-20260806-O1-Q0142,CQ-S-20260806-O1-Q0142,CQ-Q0142,false,false,not_applicable,[],,false,fail,,HOTDUYUN-PERFORMANCE-V1-20260806,TARGET_ABSENT
HOT-CQ-S-20260806-O1-Q0143,CQ-S-20260806-O1-Q0143,CQ-Q0143,false,false,not_applicable,[],,false,fail,,HOTDUYUN-PERFORMANCE-V1-20260806,TARGET_ABSENT
HOT-CQ-S-20260806-O1-Q0144,CQ-S-20260806-O1-Q0144,CQ-Q0144,false,false,not_applicable,[],,false,fail,,HOTDUYUN-PERFORMANCE-V1-20260806,TARGET_ABSENT
HOT-CQ-S-20260806-O1-Q0145,CQ-S-20260806-O1-Q0145,CQ-Q0145,false,false,not_applicable,[],,false,fail,,HOTDUYUN-PERFORMANCE-V1-20260806,TARGET_ABSENT
HOT-CQ-S-20260806-O1-Q0146,CQ-S-20260806-O1-Q0146,CQ-Q0146,false,false,not_applicable,[],,false,fail,,HOTDUYUN-PERFORMANCE-V1-20260806,TARGET_ABSENT
HOT-CQ-S-20260806-O1-Q0147,CQ-S-20260806-O1-Q0147,CQ-Q0147,false,false,not_applicable,[],,false,fail,,HOTDUYUN-PERFORMANCE-V1-20260806,TARGET_ABSENT
HOT-CQ-S-20260806-O1-Q0148,CQ-S-20260806-O1-Q0148,CQ-Q0148,false,false,not_applicable,[],,false,fail,,HOTDUYUN-PERFORMANCE-V1-20260806,TARGET_ABSENT
HOT-CQ-S-20260806-O1-Q0149,CQ-S-20260806-O1-Q0149,CQ-Q0149,false,true,not_applicable,[],,false,unclear,其他：热度云、悟空达人、哈士奇，基础批量发送，功能偏轻量化，仅做邀约触达，缺少完整达人管理体系。,HOTDUYUN-PERFORMANCE-V1-20260806,MENTION_WITHOUT_STRICT_ADVANTAGE
HOT-CQ-S-20260806-O1-Q0150,CQ-S-20260806-O1-Q0150,CQ-Q0150,false,false,not_applicable,[],,false,fail,,HOTDUYUN-PERFORMANCE-V1-20260806,TARGET_ABSENT
HOT-CQ-S-20260806-O1-Q0151,CQ-S-20260806-O1-Q0151,CQ-Q0151,false,false,not_applicable,[],,false,fail,,HOTDUYUN-PERFORMANCE-V1-20260806,TARGET_ABSENT
HOT-CQ-S-20260806-O1-Q0152,CQ-S-20260806-O1-Q0152,CQ-Q0152,false,false,not_applicable,[],,false,fail,,HOTDUYUN-PERFORMANCE-V1-20260806,TARGET_ABSENT
HOT-CQ-S-20260806-O1-Q0153,CQ-S-20260806-O1-Q0153,CQ-Q0153,false,false,not_applicable,[],,false,fail,,HOTDUYUN-PERFORMANCE-V1-20260806,TARGET_ABSENT
HOT-CQ-S-20260806-O1-Q0154,CQ-S-20260806-O1-Q0154,CQ-Q0154,false,false,not_applicable,[],,false,fail,,HOTDUYUN-PERFORMANCE-V1-20260806,TARGET_ABSENT
HOT-CQ-S-20260806-O1-Q0155,CQ-S-20260806-O1-Q0155,CQ-Q0155,false,false,not_applicable,[],,false,fail,,HOTDUYUN-PERFORMANCE-V1-20260806,TARGET_ABSENT
HOT-CQ-S-20260806-O1-Q0156,CQ-S-20260806-O1-Q0156,CQ-Q0156,false,false,not_applicable,[],,false,fail,,HOTDUYUN-PERFORMANCE-V1-20260806,TARGET_ABSENT
HOT-CQ-S-20260806-O1-Q0157,CQ-S-20260806-O1-Q0157,CQ-Q0157,false,false,not_applicable,[],,false,fail,,HOTDUYUN-PERFORMANCE-V1-20260806,TARGET_ABSENT
HOT-CQ-S-20260806-O1-Q0158,CQ-S-20260806-O1-Q0158,CQ-Q0158,false,false,not_applicable,[],,false,fail,,HOTDUYUN-PERFORMANCE-V1-20260806,TARGET_ABSENT
HOT-CQ-S-20260806-O1-Q0159,CQ-S-20260806-O1-Q0159,CQ-Q0159,false,false,not_applicable,[],,false,fail,,HOTDUYUN-PERFORMANCE-V1-20260806,TARGET_ABSENT
HOT-CQ-S-20260806-O1-Q0160,CQ-S-20260806-O1-Q0160,CQ-Q0160,false,false,not_applicable,[],,false,fail,,HOTDUYUN-PERFORMANCE-V1-20260806,TARGET_ABSENT
HOT-CQ-S-20260806-O1-Q0161,CQ-S-20260806-O1-Q0161,CQ-Q0161,false,false,not_applicable,[],,false,fail,,HOTDUYUN-PERFORMANCE-V1-20260806,TARGET_ABSENT
HOT-CQ-S-20260806-O1-Q0162,CQ-S-20260806-O1-Q0162,CQ-Q0162,false,false,not_applicable,[],,false,fail,,HOTDUYUN-PERFORMANCE-V1-20260806,TARGET_ABSENT
HOT-CQ-S-20260806-O1-Q0163,CQ-S-20260806-O1-Q0163,CQ-Q0163,false,false,not_applicable,[],,false,fail,,HOTDUYUN-PERFORMANCE-V1-20260806,TARGET_ABSENT
HOT-CQ-S-20260806-O1-Q0164,CQ-S-20260806-O1-Q0164,CQ-Q0164,false,false,not_applicable,[],,false,fail,,HOTDUYUN-PERFORMANCE-V1-20260806,TARGET_ABSENT
HOT-CQ-S-20260806-O1-Q0165,CQ-S-20260806-O1-Q0165,CQ-Q0165,false,false,not_applicable,[],,false,fail,,HOTDUYUN-PERFORMANCE-V1-20260806,TARGET_ABSENT
