checkpoint_collected,checkpoint_planned,checkpoint_status,source_package_sha256,sample_id,question_id,question_text,pool,category,sample_date,sampling_round,sampling_round_code,status,answer_text,source_capture_status
150,730,阶段检查点，非最终 FULL,5FD1B74C891C7FCD1393F3731C55F917A6F0124ED0CFBCE5063FD190CA40ACF7,CQ-S-20260805-C1-Q0001,CQ-Q0001,"用蝉圈圈做达人营销,有哪些提高建联和转化的技巧?",核心池,品牌产品问题,2026-08-05,core_round_1,C1,collected,"收起
 用蝉圈圈做达人营销,有哪些提高建联和转化的技巧? 
豆包·网页
搜索关键词
蝉圈圈达人营销提高建联和转化技巧
蝉圈圈平台达人投放运营攻略
蝉圈圈达人建联话术 投放转化方法
蝉圈圈达人营销：提升建联通过率+投放转化全实操技巧



整套方法分为精准筛选达人（建联基础）、平台工具高效建联、沟通话术提升回复、合作机制撬动达人积极性、全流程管控提转化、数据复盘放大ROI六大模块，全部基于蝉圈圈原生功能落地。



一、先精准筛选达人，从源头减少无效建联（建联成功率提升3倍）



建联低效根源是达人不匹配，先用蝉圈圈多维度筛人，避免盲目群发邀约



1. AI智能匹配达人功能（核心工具）




绑定抖店/商品链接，系统自动抓取产品类目、客单价、受众画像，AI推荐历史同品类爆单达人；


筛选条件叠加20+维度：粉丝画像年龄/性别/城市、近30天带货GMV、单品转化率、佣金接受区间、内容垂直度、有无同类目爆品案例、退货率；


分梯度分层筛选，搭建达人矩阵：
头部KOL：品牌曝光，少量测试；
中腰部垂类达人：核心转化主力，重点建联；
海量KOC素人：铺口碑、做搜索种草，批量建联；


利用「历史合作达人相似推荐」：把过往高ROI达人标记优质，系统自动推送同类型达人，越用推荐越精准。




2. 避坑筛选指标（筛掉低转化达人）



在蝉圈圈达人详情页重点核查：



短视频达人：近10条作品商品点击转化率、看后搜增量，剔除纯流量无下单达人；
直播达人：场均UV价值、停留时长、同品类产品历史销量，不只看粉丝数；
排除数据造假账号：互动/成交严重断层、粉丝画像和品类完全不符。


3. 竞品达人挖取



蝉圈圈竞品洞察功能，直接抓取同行高转化达人，这类达人本身接受同类产品，建联意愿远高于陌生达人。



二、用好蝉圈圈原生工具，批量高效建联，减少人工重复劳动


1. AI商务员工批量邀约（大幅提升建联覆盖量）




一次筛选200+目标达人，一键批量发送合作邀约，7×24小时自动触达；


AI自动迭代高回复话术，过滤达人反感的生硬模板，越发送回复率越高；


全流程进度可视化：达人已读/未读/意向/拒绝分类管理，不用手动表格登记；


自动跟进提醒：3天未回复达人，AI二次轻量化触达，降低漏联率。




2. 达人CRM统一管理，避免内部撞单、重复建联




给达人打标签：待建联、已寄样、合作中、高ROI黑名单达人，团队权限隔离；


同一达人仅分配单一商务跟进，杜绝多名员工反复打扰达人导致反感；


达人沟通记录、历史合作数据、报价全部存档，二次建联不用重复介绍品牌，降低沟通成本。




3. 线上标准化商单流程，降低达人合作顾虑



蝉圈圈内置线上签约、样品单、佣金托管功能：



在线一键发起样品单，物流同步推送达人，样品签收系统自动提醒达人提交脚本；
佣金平台托管，达人无需担心拖欠结算，建联时主动强调平台担保，大幅提高达人接单意愿；
异常节点自动短信提醒：达人忘交脚本、临近直播未排期，系统自动推送，减少沟通拉扯。


三、建联话术&沟通技巧，提升达人通过率（核心转化关键点）


1. 加好友验证消息（决定达人是否通过你）



蝉圈圈邀约附带验证文案模板，分4类高通过率版本：





数据案例型（垂类带货达人首选）
XX品类商家，同赛道达人合作单场GMV10w+，高稳定佣金，免费寄样，诚邀测品带货


福利阶梯型（KOC素人）
免费全系列样品+阶梯佣金，短视频/直播均可，出单额外补贴投流预算


精准匹配型（中腰部垂类达人）
看你往期XX产品带货数据优秀，我们产品受众和你的粉丝高度重合，长期稳定复投


简短高效型（批量群发）
品牌直招带货达人，无坑位费，佣金可观，可免费寄样，有意详聊




2. 初次私聊开场3个核心要素（达人最关心3点）




证明匹配：点明看过他的内容/同类带货数据；


给出收益：佣金、阶梯奖励、投流扶持、免费样品；


降低门槛：无强制直播场次、脚本可自由发挥、平台结算保障。




3. 建联黄金时间



达人下播后1小时、发布短视频当天下午18-22点，此时达人高频查看私信，回复率提升50%，蝉圈圈可设置定时批量发送邀约。



四、合作激励机制：达人愿意卖力带货，直接拉高整体转化



建联只是第一步，合理政策能让达人主动冲销量，蝉圈圈可直接落地阶梯佣金设置





阶梯佣金（最通用）
基础佣金+销量梯度上浮：月销500单佣金+3%，月销1000单佣金+5%，在蝉圈圈商单里预设阶梯方案，建联直接告知达人，刺激冲单；


低佣+品牌投流扶持
不愿高佣的中腰部达人：基础低佣金，品牌承担随心推/千川预算，达人只负责内容讲解，直播间流量兜底，达人零流量压力，更容易答应合作；


爆款达人专属福利
蝉圈圈标记高转化达人，提供新品优先测、独家款分销、线下活动、固定月度长期单，锁定优质达人长期合作；


直播间互动物料支持
免费福袋、专属优惠券、赠品套装给到达人，达人直播间用福利拉停留、促下单，转化明显提升。




五、投放全流程管控：从寄样到直播复盘，全链路提升成交转化


1. 样品管理闭环，减少低效内容产出



蝉圈圈样品单统一管理：寄样、签收、脚本提交、成片发布全节点追踪，样品签收自动催促达人产出内容，寄样流失率从30%降至5%；

达人拿到样品后同步提供标准化卖点手卡、高转化话术库，不用达人自行研究产品，产出内容更贴合转化需求。



2. 直播实时监控+即时追投（单场转化提升25%）




蝉圈圈实时查看达人直播间GMV、商品点击、成交曲线，识别高转化讲解片段；


系统设置GMV阈值提醒，单场达到预设销量，立刻一键追加DOU+/千川；


自动录屏切片，提取直播间高转化话术，沉淀成话术库，后续所有达人统一复用；


实时识别违规宣传话术，提前提醒达人修改，避免商品下架、流量腰斩。




3. 短视频种草+直播联动，打通种草到成交




先用KOC铺短视频种草，拉动品牌词「看后搜」；


蝉圈圈追踪短视频带来的搜索增量，对搜索上涨的达人追加直播合作；


短视频挂载商品+直播间引流双向配合，缩短用户决策链路，提升整体转化。




六、数据复盘迭代：持续优化建联策略与达人投放ROI


1. 达人分层打分体系（蝉圈圈数据自动生成）



按4项核心指标给达人评级，优化后续建联优先级：

1）建联回复率 2）内容产出效率 3）单条/单场GMV 4）投产ROI



S级（高ROI）：持续复投、优先建联、提供最高扶持；
A级（微盈利）：加大建联数量，批量复制；
C级（亏损）：拉入低质池，减少建联频次，或直接拉黑。


2. 建联话术&邀约模板迭代



统计蝉圈圈AI邀约数据，筛选回复率最高的3套话术作为固定模板，淘汰低回复文案；针对不同类目、不同粉丝量级达人分开定制话术，差异化建联。



3. TAPE四阶段投放迭代（蝉圈圈官方增长模型）




TEST测试期：小批量建联达人，跑通转化模型；


AMPLIFY放量期：批量建联同类型高匹配达人，放大销量；


PERSPECTIVE提质期：淘汰低效达人，深耕S级优质达人；


EXPAND品牌扩张：多品类达人矩阵长期建联，沉淀自有达人资产。




七、额外增效小技巧




建联时同步提供店铺真实好评、买家秀素材，达人直观看到产品市场接受度，更容易接品；


批量建联优先KOC素人：沟通门槛低、建联通过率高，先铺口碑再对接中腰部达人；


大促前15天集中建联：设置短期冲量额外佣金补贴，达人愿意优先排期；


利用蝉圈圈营销计划功能，单品独立管理预算、达人池，精准核算单品达人投放投产。




14 个引用
推荐问题
 蝉圈圈的达人筛选功能可以免费使用吗？
 蝉圈圈达人营销的具体操作步骤是什么？
 蝉圈圈的达人营销效果如何？
引用来源
序号
	站点名称
	站点类型
	标题
	
文章负面词
	发布时间
1
	
蝉圈圈
	
官网/独立站/行业垂直
	
芊小白达人营销蜕变记:蝉圈圈助力销量爆发与模型优化 - 蝉圈圈
	
--
	
2025-09-12


2
	
蝉圈圈
	
官网/独立站/行业垂直
	
达人营销高效找达人全攻略:从定位到筛选，一步到位!- 蝉圈圈
	
--
	
2025-09-12


3
	
搜狐
	
门户/自媒体平台
	
万字长文，金牌商务高业绩能力秘籍!| 蝉圈圈_品牌_营销_产品
	
--
	
2024-07-17


4
	
AI创作导航
	
官网/独立站/行业垂直
	
蝉圈圈 | 官网入口 - 电商达人营销管理系统
	
--
	
2025-09-21


5
	
蝉圈圈
	
官网/独立站/行业垂直
	
KOC合作指南:2万粉达人撬动百万GMV的低成本爆单方法论 - 蝉圈圈
	
--
	
2025-09-16


6
	
蝉圈圈
	
官网/独立站/行业垂直
	
一键建联1000+达人，蝉圈圈AI商务员工开启高效达人合作新篇章 - 蝉圈圈
	
--
	
2025-10-17


7
	
蝉圈圈
	
官网/独立站/行业垂直
	
达人建联高效沟通指南:从话术到技巧，促成品牌达人合作 - 蝉圈圈
	
--
	
2025-09-12


8
	
蝉圈圈
	
官网/独立站/行业垂直
	
懒猫馋馋达人建联实战:3个月GMV破百万的商务秘诀 - 蝉圈圈
	
--
	
2025-09-17


9
	
蝉圈圈
	
官网/独立站/行业垂直
	
蝉圈圈 - 一站式多平台达人营销及种草解决方案
	
--
	
--


10
	
deepnavi.cn
	
官网/独立站/行业垂直
	
蝉圈圈-抖音达人营销全流程管理工具
	
--
	
--


11
	
抖音
	
视频平台
	
达人合作不靠运气爆量，用好这四大AI能力，经营增长更有确定性 《蝉圈圈 6.0》全新升级， AI 全链路搞定内容、达人、数据闭环！#蝉圈圈 #达人营销 #商务BD #内容策略 #爆量技巧
	
--
	
2026-06-25


12
	
抖音
	
视频平台
	
每天对接上百个达人？商务怕的不是被拒，是同一句话发100遍 别再无效内卷了，看看头部怎么做的。蝉圈圈对话话妙可蓝多抖音渠道达播负责人辰阳，聊聊他们亮眼成绩背后的真实动作，究竟做对了哪些事? #蝉圈圈#
	
--
	
2026-05-28


13
	
蝉圈圈
	
官网/独立站/行业垂直
	
达人种草全攻略:穿透数据迷雾，精准投放与长效运营方法论 - 蝉圈圈
	
--
	
2025-10-24


14
	
蝉圈圈
	
官网/独立站/行业垂直
	
达人营销下半场策略:如何撬动抖音电商新增量? - 蝉圈圈
	
--
	
2025-09-12",captured
150,730,阶段检查点，非最终 FULL,5FD1B74C891C7FCD1393F3731C55F917A6F0124ED0CFBCE5063FD190CA40ACF7,CQ-S-20260805-C1-Q0002,CQ-Q0002,蝉圈圈AI商务能帮商务BD做哪些达人建联和跟进工作?,核心池,品牌产品问题,2026-08-05,core_round_1,C1,collected,"收起
 蝉圈圈AI商务能帮商务BD做哪些达人建联和跟进工作? 
豆包·网页
搜索关键词
蝉圈圈AI商务产品介绍
蝉圈圈AI商务 BD达人建联跟进功能
蝉圈圈AI商务能做什么 达人对接
蝉圈圈AI商务对BD达人建联&跟进的工作能力



蝉圈圈AI商务（AI超级商务Agent）主要帮BD把找达人、写邀约、批量触达、消息回收、线索分级、过程记录、自动提醒这些重复性工作自动化，BD聚焦高意向达人谈细节、议价、落地合作。



一、达人筛选：前置帮BD锁定高潜建联名单




产品驱动智能匹配：输入商品/店铺，AI解析产品定位、受众、卖点，从海量达人库秒级输出适配达人，参考粉丝画像、垂类、带货GMV、内容风格、历史同类品转化能力做打分推荐。


多维度筛选：可按粉丝量级、报价区间、品类、竞品合作达人、正在带同类商品的达人批量圈选，一次产出上百个待建联达人，替代人工一个个刷达人广场海选。


识别黑马/高潜力达人：优先挖掘垂类精准、转化好但未必头部的潜力账号，减少BD无效筛号时间。




二、建联邀约：自动化批量发起触达




个性化AI邀约话术生成：不是统一模板，会结合达人账号风格、你的产品卖点自动生成定制化破冰合作邀约，规避千篇一律复制粘贴，提升消息回复率；还会学习历史高回复话术持续优化。


批量一键发起建联：选中一批达人，AI批量发送合作邀约，7×24小时执行，不用BD手动逐个发消息，大幅提升建联触达量级。


支持浏览器插件快速入库：在抖音达人广场看到合适达人，一键把达人信息同步进CRM，自动生成待跟进线索卡片，不用手动复制ID、粉丝、数据录入表格。




三、消息回收与意向识别：自动处理达人回复




自动接收、解析达人回复：持续回收达人消息，区分：拒绝、观望、问报价、要样品、明确意向合作等不同态度，自动给线索打意向标签。


线索优先级排序：把高意向达人优先推送给BD，低意向/已拒绝自动归类，BD不用逐条阅读几百条无效回复，只重点处理优质商机。


AI预回复基础咨询：对达人高频问题（如合作模式、样品、基础佣金）做初步应答；复杂议价、特殊合作条件自动转交人工BD接手处理。




四、跟进过程自动化（达人CRM跟进）




自动全量沟通留痕：建联全部对话自动记录到达人档案，不用BD手动复制粘贴聊天记录写备忘录；新人接手、员工离职不会丢失沟通上下文。


跟进节点自动提醒：对“待回复、待寄样、待确认排期、样品已寄出未反馈、超期未跟进”等状态设置待办提醒，防止漏跟进线索。


合作阶段流转管理：线索自动流转：待建联→已建联→待寄样→寄样中→合作谈判→合作中→合作完成，可标记报价、样品状态、坑位费、佣金条件，替代Excel管理达人池。


团队防撞单：同一个达人会显示当前跟进人，避免多个BD重复建联同一个达人；支持公海/私海规则，长期无进展线索自动回流公海重新分配。




五、数据沉淀与复盘，辅助BD持续优化建联策略




沉淀达人资产：把所有建联过达人、沟通记录、合作结果存入企业达人库，成为公司资产，不会跟着BD员工流失带走资源。


建联效果数据统计：统计邀约发送量、回复率、意向率、寄样转化率，帮助BD看哪类达人、哪套话术效果更好，迭代建联策略。




六、BD人工保留的核心工作



AI替代的是筛选、发消息、基础答疑、记录、提醒；议价、谈特殊合作条件、合同确认、排期、深度客情维护、问题达人博弈依然需要BD人工完成，AI是提升BD的建联量级，而不是完全替代商务。






简单总结：蝉圈圈AI商务 = 帮BD做“大量线索挖掘+批量发起建联+自动回收回复+线索分级+过程留痕提醒”，解放BD精力，专注谈成高价值合作。






如果你需要，我可以帮你整理一份「蝉圈圈AI商务BD落地操作清单」，告诉你从上传产品到批量建联的实操步骤。



13 个引用
推荐问题
 蝉圈圈AI商务的达人筛选功能具体是如何操作的？
 蝉圈圈AI商务的线索分级是如何进行的？
 蝉圈圈AI商务的消息回收功能可以回收哪些消息？
引用来源
序号
	站点名称
	站点类型
	标题
	
文章负面词
	发布时间
1
	
蝉圈圈
	
官网/独立站/行业垂直
	
蝉圈圈—经营你的达人圈，达人合作管理、品效合一全流程管理工具
	
--
	
--


2
	
蝉圈圈
	
官网/独立站/行业垂直
	
蝉圈圈AI超级商务Agent:达人营销全流程自动化的革命者 - 蝉圈圈
	
--
	
2025-10-21


3
	
AI创作导航
	
官网/独立站/行业垂直
	
蝉圈圈 | 官网入口 - 电商达人营销管理系统
	
--
	
2025-09-21


4
	
蝉圈圈
	
官网/独立站/行业垂直
	
一键建联1000+达人，蝉圈圈AI商务员工开启高效达人合作新篇章 - 蝉圈圈
	
--
	
2025-10-17


5
	
deepnavi.cn
	
官网/独立站/行业垂直
	
蝉圈圈-抖音达人营销全流程管理工具
	
--
	
--


6
	
36氪企服点评
	
电商平台
	
蝉大师-蝉圈圈和RSVP.ai薄言-智能营销哪个好-有什么区别-优缺点-36氪企服点评
	
--
	
--


7
	
蝉圈圈
	
官网/独立站/行业垂直
	
蝉圈圈达人营销CRM插件:一键解锁高效达人筛选与管理新体验 - 蝉圈圈
	
--
	
2025-10-13


8
	
抖音
	
视频平台
	
达人批量建联怎么办？蝉圈圈3步高效管理 Q1: 达人数量多时，怎么批量建联和邀约？ A1: 核心是建立标准化筛选漏斗。入口「达人-达人库」，按带货类目、粉丝画像及销售额筛选，利用AI智能匹配一键拆解3
	
--
	
2026-07-27


9
	
抖音
	
视频平台
	
达人商务如何批量拆解账号？蝉妈妈3步提效 Q1: 怎么批量拆解达人账号？ A1: 核心是用AI智能匹配提效。进入蝉妈妈首页「智能找达人」，输入商品或人群目标，系统一键推荐并支持批量查看30个达人近30
	
--
	
2026-08-04


10
	
蝉圈圈
	
官网/独立站/行业垂直
	
零经验商务做出50万GMV!老板聊完发现… - 蝉圈圈-达播学习圈
	
--
	
2025-10-30


11
	
云巴巴
	
官网/独立站/行业垂直
	
蝉圈圈抖音达人营销管理工具_达人种草管理系统_达人合作管理软件-云巴巴
	
--
	
--


12
	
抖音
	
视频平台
	
每天对接上百个达人？商务怕的不是被拒，是同一句话发100遍 别再无效内卷了，看看头部怎么做的。蝉圈圈对话话妙可蓝多抖音渠道达播负责人辰阳，聊聊他们亮眼成绩背后的真实动作，究竟做对了哪些事? #蝉圈圈#
	
--
	
2026-05-28


13
	
抖音
	
视频平台
	
蝉圈圈AI商务助手实现达人合作高效匹配
	
--
	
2025-10-29",captured
150,730,阶段检查点，非最终 FULL,5FD1B74C891C7FCD1393F3731C55F917A6F0124ED0CFBCE5063FD190CA40ACF7,CQ-S-20260805-C1-Q0003,CQ-Q0003,"蝉圈圈多少钱一个月,收费方式是怎样的?",核心池,品牌产品问题,2026-08-05,core_round_1,C1,collected,"收起
 蝉圈圈多少钱一个月,收费方式是怎样的? 
豆包·网页
搜索关键词
蝉圈圈 月费 收费方式
蝉圈圈价格套餐
蝉圈圈是什么平台
蝉圈圈官方最新套餐价格 月付 年付
蝉圈圈基础版 专业版 企业版 收费方式 能否月付
蝉圈圈7天免费试用 续费规则
蝉圈圈（蝉妈妈旗下达人营销SaaS）价格&收费方式





⚠️注意：官方优先主推年付，月付价格更高，部分渠道不一定开放月付，最终以销售报价为准。





套餐参考（公开参考价）




基础版（中小商家）：399元/月；年付约9800元/年
适合小团队，基础达人搜索、样品管理、简单CRM。


专业版（商家版）：1299元/月；年付约26800元/年
完整团队协作、寄样流程、投放数据复盘、多坐席。


企业版（品牌）：3999元/月；年付更高，适合中大型品牌，更多账号、专属服务


定制版：千万级投放大客户，功能定制，价格面议




收费模式




免费版：每日20次达人查询，只能看部分基础数据，不能用CRM全流程，适合简单体验。


7天免费试用：可以申请完整版本试用7天，需要联系销售开通。


订阅付费




支持月付 / 年付；年付折扣力度更大；月付单价贵很多。
按账号套餐售卖，不是按单次查询扣费，开通后整个周期内享用套餐额度。




无按次扣费：是SaaS订阅，买时长，达人商单合作是另外单独结算（达人坑位费/佣金另算，和工具会员费无关）。




购买方式


不公开线上自助下单，需要联系蝉圈圈销售获取报价、开通试用、下单，不同时期会有活动优惠（大促会送时长）。





提示：网上第三方平台报价会有差异，建议直接找官方销售确认最新实际报价、是否开放月付、坐席数量、查询额度。






如果你需要，我可以帮你整理一份【蝉圈圈 vs 飞瓜智星 vs 热度云】简单对比，方便你选型。



22 个引用
推荐问题
 蝉圈圈的收费模式是预付费吗？
 蝉圈圈的定制版可以试用吗？
 蝉圈圈基础版和专业版的区别是什么？
引用来源
序号
	站点名称
	站点类型
	标题
	
文章负面词
	发布时间
1
	
deepnavi.cn
	
官网/独立站/行业垂直
	
蝉圈圈-抖音达人营销全流程管理工具
	
--
	
--


2
	
新浪财经
	
门户/自媒体平台
	
热度云vs飞瓜智星vs蝉圈圈:达人分销管理工具深度对比_财经头条
	
--
	
2025-08-21


3
	
circles-legal.s3.ap-southeast-1.amazonaws.com
	
官网/独立站/行业垂直
	
CRITICAL INFORMATION SUMMARY
	
--
	
--


4
	
36氪企服点评
	
电商平台
	
蝉大师-蝉圈圈和zohocrm哪个好-有什么区别-优缺点-36氪企服点评
	
--
	
--


5
	
wyc.68mei.com
	
官网/独立站/行业垂直
	
会员中心 -
	
--
	
--


6
	
蝉圈圈
	
官网/独立站/行业垂直
	
蝉圈圈达人营销CRM插件:一键解锁高效达人筛选与管理新体验 - 蝉圈圈
	
--
	
2025-10-13


7
	
36氪企服点评
	
电商平台
	
蝉大师-蝉圈圈和大猫自动化营销哪个好-有什么区别-优缺点-36氪企服点评
	
--
	
--


8
	
抖音
	
视频平台
	
抖音电商蝉妈妈特价618#特价秒杀
	
--
	
2026-05-31


9
	
蝉圈圈
	
官网/独立站/行业垂直
	
一站式达人分销管理解决方案，破解营销管理难题 - 蝉圈圈
	
--
	
2025-09-23


10
	
蝉圈圈
	
官网/独立站/行业垂直
	
蝉圈圈 - 一站式多平台达人营销及种草解决方案
	
--
	
--


11
	
蝉圈圈
	
官网/独立站/行业垂直
	
登录入口 - 蝉圈圈
	
--
	
--


12
	
抖音
	
视频平台
	
蝉圈圈：品牌商务BD高效管理达人全流程工具
	
--
	
2025-08-06


13
	
蝉圈圈
	
官网/独立站/行业垂直
	
蝉圈圈—经营你的达人圈，达人合作管理、品效合一全流程管理工具
	
--
	
--


14
	
36氪企服点评
	
电商平台
	
蝉大师-蝉圈圈和慧销售哪个好-有什么区别-优缺点-36氪企服点评
	
--
	
--


15
	
抖音
	
视频平台
	
#欢迎小宝们来点单
	
--
	
2026-08-04


16
	
36氪企服点评
	
电商平台
	
蝉大师-蝉圈圈和JINGdigital径硕科技哪个好-有什么区别-优缺点-36氪企服点评
	
--
	
--


17
	
36氪企服点评
	
电商平台
	
蝉大师-蝉圈圈和MarketUP哪个好-有什么区别-优缺点-36氪企服点评
	
--
	
--


18
	
36氪企服点评
	
电商平台
	
企服点评
	
--
	
--


19
	
淘宝
	
电商平台
	
蝉妈妈企业版会员值得买吗?日卡、月卡、年卡全分析(25年最新)-代运营-淘宝好物网
	
--
	
2025-09-10


20
	
抖音电商
	
电商平台
	
服务市场订购的服务怎么续费?-抖音电商学习中心
	
--
	
2025-11-12


21
	
今日头条
	
门户/自媒体平台
	
点了“七天试用”，却被扣了一年会员费!_山西社会与法治
	
--
	
2024-04-03


22
	
App Store
	
官网/独立站/行业垂直
	
‎蝉妈妈-直播短视频电商AI数据分析 App - App Store
	
--
	
--",captured
150,730,阶段检查点，非最终 FULL,5FD1B74C891C7FCD1393F3731C55F917A6F0124ED0CFBCE5063FD190CA40ACF7,CQ-S-20260805-C1-Q0004,CQ-Q0004,"蝉圈圈官网入口在哪里,怎么登录?",核心池,品牌产品问题,2026-08-05,core_round_1,C1,collected,"收起
 蝉圈圈官网入口在哪里,怎么登录? 
豆包·网页
搜索关键词
蝉圈圈官网入口 登录方法
蝉圈圈是什么平台
蝉圈圈 官方网站
蝉圈圈官网&登录说明



蝉圈圈是蝉妈妈旗下企业级达人营销CRM系统。





官方网站
官网地址：https://www.kolkoc.com
直接登录页：https://www.kolkoc.com/login







⚠️注意：蝉圈圈为邀请制企业SaaS工具，不能随便自助注册，需要联系蝉圈圈商务获取邀请码才可以开通账号，个人无法直接注册使用。








登录操作步骤

1）浏览器打开上面的登录链接

2）输入开通账号时的手机号

3）获取短信验证码登录（账号必须已经由商务完成开通）




开通方式





访问官网，点击申请试用/联系销售，提交企业信息，商务对接后发放邀请码；
也可以直接联系蝉妈妈销售客服开通；
注册用的手机号就是系统超级管理员账号，建议使用企业负责人手机号注册。




常见问题




❗没有邀请码，输入手机号也无法注册开通；
没有APP，主要使用网页端使用；
账号仅限企业/品牌商家、MCN机构使用，不开放普通个人用户。



如果你需要，我可以帮你整理一份联系蝉圈圈商务的咨询话术。



12 个引用
推荐问题
 蝉圈圈和蝉妈妈是什么关系？
 蝉圈圈的客服电话是多少？
 蝉圈圈的收费标准是怎样的？
引用来源
序号
	站点名称
	站点类型
	标题
	
文章负面词
	发布时间
1
	
蝉圈圈
	
官网/独立站/行业垂直
	
登录入口 - 蝉圈圈
	
--
	
--


2
	
站长工具网
	
官网/独立站/行业垂直
	
蝉圈圈:蝉妈妈推出的一站式多平台达人营销及种草数据运营分析工具 - 站长工具网
	
--
	
2025-07-28


3
	
AI创作导航
	
官网/独立站/行业垂直
	
蝉圈圈 | 官网入口 - 电商达人营销管理系统
	
--
	
2025-09-21


4
	
蝉圈圈
	
官网/独立站/行业垂直
	
一键建联1000+达人，蝉圈圈AI商务员工开启高效达人合作新篇章 - 蝉圈圈
	
--
	
2025-10-17


5
	
蝉圈圈
	
官网/独立站/行业垂直
	
蝉圈圈 - 一站式多平台达人营销及种草解决方案
	
--
	
--


6
	
蝉圈圈
	
官网/独立站/行业垂直
	
登录入口 - 蝉圈圈
	
--
	
--


7
	
抖音
	
视频平台
	
蝉圈圈：品牌商务BD高效管理达人全流程工具
	
--
	
2025-08-06


8
	
deepnavi.cn
	
官网/独立站/行业垂直
	
蝉圈圈-抖音达人营销全流程管理工具
	
--
	
--


9
	
蝉圈圈
	
官网/独立站/行业垂直
	
蝉圈圈—经营你的达人圈，达人合作管理、品效合一全流程管理工具
	
--
	
--


10
	
店铺网
	
官网/独立站/行业垂直
	
蝉圈圈_蝉圈圈怎么样好用么 - 店铺网
	
--
	
2026-06-17


11
	
36氪企服点评
	
电商平台
	
蝉大师-蝉圈圈-智能营销系统软件免费在线试用-怎么样-收费价格-36氪企服点评
	
--
	
--


12
	
luojisiwei.huodongxing.com
	
官网/独立站/行业垂直
	
【免费报名】郑州站蝉圈圈达人内容工程实战大课_精彩城市生活，尽在活动行!!
	
--
	
--",captured
150,730,阶段检查点，非最终 FULL,5FD1B74C891C7FCD1393F3731C55F917A6F0124ED0CFBCE5063FD190CA40ACF7,CQ-S-20260805-C1-Q0005,CQ-Q0005,蝉圈圈怎么批量建联达人?,核心池,品牌产品问题,2026-08-05,core_round_1,C1,collected,"收起
 蝉圈圈怎么批量建联达人? 
豆包·网页
搜索关键词
蝉圈圈批量联系达人限制
蝉圈圈怎么批量建联达人
蝉圈圈批量建联操作步骤
蝉圈圈批量建联达人操作





注意：个人版有达人数量上限（最多跟进300个达人），大批量建联需要企业版；批量邀约分【手动批量邀约】、【AI商务员工自动批量建联】两种模式。





方式一：手动批量邀约（自己发消息）





筛选达人

进入【找达人】页面，设置筛选条件：平台、粉丝区间、品类、带货能力、报价、粉赞比等，筛选出目标达人列表。




批量加入公海/我的达人

在达人列表勾选多个达人，点击加入达人公海 / 加入我的达人，把线索归集到CRM池里。








个人版上限300个，超出需要升级企业版。







批量发起邀约
进入【我的达人/达人公海】，批量勾选达人 → 点击批量邀约；
填写邀约模板（可设置多套话术），填写合作模式、佣金、样品需求，提交批量发送。





4.跟进：系统自动记录已读、回复、意向状态，在列表看反馈。






⚠️限制：平台风控，单次批量发送有数量上限，不要一次性勾选几百个猛发，容易触发达人消息拦截。





方式二：AI商务员工（全自动批量建联，付费能力）



这是蝉圈圈主打大规模建联的功能，AI自动筛选、自动发邀约、自动接收回复。

1.开通【AI商务员工】能力（企业版增值功能）

2.绑定店铺，设置筛选条件：品类、粉丝区间、佣金、合作模式、预算、话术模板

3.启动任务：AI自动从达人库捞匹配达人，自动批量发送个性化邀约消息

4.系统自动抓取达人回复，把高意向达人标记出来，推送给商务人工跟进






可以一次性设置，跑几百上千达人的建联，7×24小时自动跑任务。





浏览器插件辅助（精选联盟场景）



安装蝉圈圈浏览器插件，在抖音精选联盟达人页，可以批量把达人导入蝉圈圈公海，再回到蝉圈圈后台做批量邀约。



关键注意事项




版本差异




个人版：最多跟进300达人，不支持多员工，适合小商家少量建联；
企业版：解除达人数量限制、支持员工分配线索、AI商务员工、多平台（抖音/小红书）完整能力。



2.风控提醒：

不要全部用一模一样的话术，尽量准备2‑3套模板轮换；短时间大量群发，达人容易举报，消息会被平台拦截，回复率暴跌。




3.线索配置：企业版管理员在【业务配置】可以设置每日可建联上限、达人抢占规则，防止团队抢线索。




如果你需要，我可以帮你写2套蝉圈圈批量邀约达人的高回复话术。



10 个引用
推荐问题
 开通蝉圈圈的AI商务员工功能有哪些注意事项？
 蝉圈圈的AI商务员工功能的邀约成功率高吗？
 蝉圈圈的AI商务员工功能是如何收费的？
引用来源
序号
	站点名称
	站点类型
	标题
	
文章负面词
	发布时间
1
	
蝉圈圈
	
官网/独立站/行业垂直
	
一键建联1000+达人，蝉圈圈AI商务员工开启高效达人合作新篇章 - 蝉圈圈
	
--
	
2025-10-17


2
	
搜狐
	
门户/自媒体平台
	
kol营销 | 找达人不精准、合作管理乱、统计数据费时......一个蝉圈圈全搞定!_支持_难点_团队
	
--
	
2022-08-12


3
	
蝉圈圈
	
官网/独立站/行业垂直
	
好念头鸡蛋品牌达人营销之路:半年内月GMV近千万的实战解析 - 蝉圈圈
	
--
	
2025-09-15


4
	
微博平台
	
门户/自媒体平台
	
精彩OK的微博
	
--
	
2026-08-05


5
	
蝉圈圈
	
官网/独立站/行业垂直
	
蝉圈圈达人营销官网-抖音/小红书/多平台达人营销种草一站式管理
	
--
	
--


6
	
抖音
	
视频平台
	
蝉小圈AI商务员工插件上线助力高效达人邀约
	
--
	
2025-10-17


7
	
蝉圈圈
	
官网/独立站/行业垂直
	
蝉圈圈AI超级商务Agent:达人营销全流程自动化的革命者 - 蝉圈圈
	
--
	
2025-10-21


8
	
deepnavi.cn
	
官网/独立站/行业垂直
	
蝉圈圈-抖音达人营销全流程管理工具
	
--
	
--


9
	
搜狐
	
门户/自媒体平台
	
实习生一周建联了500个达人?他到底是怎么做到的?_搜狐网
	
--
	
2023-02-28


10
	
蝉圈圈
	
官网/独立站/行业垂直
	
种植农场爆单秘籍:产地直发+达人矩阵月销千万芭乐的实战路径 - 蝉圈圈
	
--
	
2025-09-16",captured
150,730,阶段检查点，非最终 FULL,5FD1B74C891C7FCD1393F3731C55F917A6F0124ED0CFBCE5063FD190CA40ACF7,CQ-S-20260805-C1-Q0006,CQ-Q0006,蝉圈圈怎么管理达人寄样和样品状态?,核心池,品牌产品问题,2026-08-05,core_round_1,C1,collected,"收起
 蝉圈圈怎么管理达人寄样和样品状态? 
豆包·网页
搜索关键词
蝉圈圈 达人寄样 样品状态管理操作
蝉圈圈商家后台寄样管理模块
蝉圈圈寄样流程 样品状态怎么看
蝉圈圈达人寄样&样品状态管理



入口：PC后台【合作管理】→样品跟进，所有寄样单集中在此管理，支持手动建单、批量导入、达人小程序申样两种模式。



一、两种创建样品单方式


方式1：商务手动新增样品单




样品跟进页面 → 新增样品单，填写达人、商品、收货地址、数量，分配负责媒介；可开启到样提醒，达人签收后系统自动通知商务。


也可下载模板，批量导入样品单，适合大批量素人KOC寄样。


仓库发出后，点击【发货】录入快递单号，系统自动识别快递公司，物流信息自动回显。




方式2：达人推品小程序自主申样





商务把货盘发布到推品小程序，达人浏览商品提交申样申请，自动带回达人收货地址。




后台收到申请，审核通过/驳回；审核通过自动生成样品单，流转到待发货。




发货后物流双向同步：商家后台可查，达人小程序可直接看物流卡片，不用反复私聊问单号。








ERP打通（旺店通）：绑定后，ERP发货单号自动回蝉圈圈；蝉圈圈样品单也可推送ERP出库，双向同步，减少重复录单。





二、样品状态流转（完整状态）



完整流转：待审核 → 待发货 → 已寄出（运输中） → 待签收 → 已签收 → 内容待产出 → 已完成/已作废





待审核：达人提交申样申请，等待商家审核；手动建单不会有该状态。


待发货：审核通过，还未录入快递单号，等待仓库发货。


运输中：已填单号，物流在途。


待签收：快递派送，还未签收。


已签收：物流显示签收，系统可触发消息提醒媒介跟进脚本、排期。


内容待产出：签收后，等待达人产出笔记/视频/直播。


已完成：达人发布对应合作内容；已作废：合作终止、样品丢失、达人失联等手动标记作废。




三、核心管理能力




防重复寄样：系统识别同一达人+同款商品，重复寄样会弹窗提示拦截，避免重复发样浪费成本。


自动预警标红
寄出5天还未签收：标红提醒，排查丢件、异常物流；
签收15天达人还未产出内容：标红预警，跟进达人排期/催内容。


筛选与检索：可按样品状态、达人、商品、媒介负责人、时间筛选导出全部样品单，方便对账统计样品成本。


消息通知：物流节点（发货、签收）同时通知商务和达人，减少来回确认物流的沟通成本。




四、日常跟进操作要点




发货务必录入物流单号，否则无法触发物流跟踪与预警；


物流异常丢件，可手动标记样品单作废，重新新建样品单补发；


达人完成发布后，在样品单关联对应内容链接，标记为【已完成】闭环；


管理者可以直接看全部媒介的寄样数量、签收率、样品完成率，做团队绩效统计。





如果你需要，我可以给你一份蝉圈圈寄样SOP简短版，直接给团队BD使用。



10 个引用
推荐问题
 蝉圈圈如何查看达人的申样申请记录？
生成蝉圈圈达人寄样管理PPT
 蝉圈圈如何查看样品的物流信息？
引用来源
序号
	站点名称
	站点类型
	标题
	
文章负面词
	发布时间
1
	
蝉圈圈
	
官网/独立站/行业垂直
	
解决达人多账号运营痛点!蝉圈圈多平台达人协作系统，让数据、寄样全可控
	
--
	
2025-12-26


2
	
蝉选
	
官网/独立站/行业垂直
	
蝉圈圈的样品跟进功能简介-蝉选运营圈
	
--
	
2023-04-10


3
	
蝉圈圈
	
官网/独立站/行业垂直
	
蝉圈圈推品助手:商务合作高效沟通新利器 - 蝉圈圈
	
--
	
2025-09-17


4
	
蝉圈圈
	
官网/独立站/行业垂直
	
品牌达人合作破局指南:从混乱到精细化的三步管理法
	
--
	
2025-11-14


5
	
AI创作导航
	
官网/独立站/行业垂直
	
蝉圈圈 | 官网入口 - 电商达人营销管理系统
	
--
	
2025-09-21


6
	
蝉圈圈
	
官网/独立站/行业垂直
	
蝉圈圈「推品小程序」:双11样品管理革命，解放品牌商务双手 - 蝉圈圈
	
--
	
2025-10-24


7
	
抖音
	
视频平台
	
用心寄出样品，用品质换取信任#建筑包装袋#阀口袋厂家#编织袋#大米袋
	
--
	
2026-08-04


8
	
抖音
	
视频平台
	
寄样全流程。判断客户➡️确认样品➡️打包检查➡️选快递➡️跟进➡️纪录，样品什么样，客户眼里的你公司就什么样#寄样品 #外贸出口 #外贸业务员#个人soho外贸 #注意事项
	
--
	
2026-08-04


9
	
TT123
	
官网/独立站/行业垂直
	
【全球适用】免费样品功能使用指南_TikTok Shop功能指南-TT123卖家导航
	
--
	
2026-08-05


10
	
蝉圈圈
	
官网/独立站/行业垂直
	
告别内耗，解锁达人合作高效密码:从角色管理到数据决策
	
--
	
2025-11-06",captured
150,730,阶段检查点，非最终 FULL,5FD1B74C891C7FCD1393F3731C55F917A6F0124ED0CFBCE5063FD190CA40ACF7,CQ-S-20260805-C1-Q0007,CQ-Q0007,"蝉圈圈怎么绑定店铺,绑定后能看哪些达人投放数据?",核心池,品牌产品问题,2026-08-05,core_round_1,C1,collected,"收起
 蝉圈圈怎么绑定店铺,绑定后能看哪些达人投放数据? 
豆包·网页
搜索关键词
蝉圈圈绑定店铺操作步骤
蝉圈圈店铺绑定后数据权限
蝉圈圈怎么绑定店铺 绑定后能看哪些达人投放数据
蝉圈圈店铺绑定操作&绑定后达人投放数据





注意：目前主要是抖店需要在抖店服务市场订购应用授权；快手、小红书、视频号小店也支持绑定，操作逻辑略有差异。





一、抖店绑定完整步骤




登录蝉圈圈后台，进入 配置中心 → 店铺管理 → 绑定店铺


选择抖音店铺，跳转至抖店服务市场，订购「蝉蝉短信」应用授权


抖店主账号：服务市场 → 我的订单 → 找到该应用 →【去使用】


复制生成的店铺授权ID，回到蝉圈圈粘贴ID，确认完成绑定。







⚠️重要前提：绑定店铺后，必须在【合作单管理】给合作达人创建合作单，设置合作时间，订单、GMV才会归属到对应达人；只导入达人不建合作单，看不到真实成交数据。

权限区分：蝉圈圈内部角色（管理员/主管/普通媒介）看到的数据范围不一样，普通员工仅看自己跟进达人数据。





二、绑定店铺后可查看的达人投放数据





区分两类：①店铺授权回流的真实成交数据（用于核算）；②蝉妈妈公开的达人预估数据（未绑定店铺也能看）。





✅绑定店铺授权后，可拿到达人真实带货回流数据（核心）




成交交易指标（合作单维度、达人维度）
GMV成交金额、订单量、销量、退款金额、退款率、净销售额、佣金基数
订单明细：订单号、下单时间、商品、实付、退款状态、归属媒介/商务，支持筛选导出（最多近3个月）


内容流量数据（视频/直播）
视频/直播播放、点赞、评论、收藏、转发、商品点击跳转；
直播间UV、GPM、转化率；


ROI与费效核算
可录入达人坑位费、佣金，系统自动计算ROI、费比、投入产出；
按达人、商品、媒介、项目做投放复盘报表。


商品维度
每个达人对应不同商品的出单、成交、退款，识别哪些达人带爆哪款货。


团队媒介归属统计
将订单归属对应媒介，统计不同媒介手上达人的投放产出、业绩。




❗绑定店铺不能看的内容




非你店铺商品的达人成交数据：只能看投放你自家店铺商品产生的订单；达人在外面带别家货的真实成交拿不到，只能看蝉妈妈公开预估数据。


达人的千川投放、巨量千川后台数据，蝉圈圈无法直接读取。




补充：未绑店铺也能看（公开预估数据，不能用于结算）



达人库的粉丝、历史预估GMV、预估带货能力、粉丝画像，这部分来自蝉妈妈大数据，不需要绑定店铺，但属于预估，不能用来做财务结算。



三、常见踩坑




绑完店铺没数据：大概率没有创建合作单，没有设置合作时间区间，订单无法归属到达人身上。


数据和抖店有差异：蝉圈圈只统计归属到合作单的达人订单；自卖订单、非合作达人产生订单不会计入达人合作单。





如果你需要，我可以帮你整理一份蝉圈圈达人投放复盘简易表格模板。



12 个引用
推荐问题
 蝉圈圈绑定店铺后，如何查看达人的预估数据？
 抖店绑定蝉圈圈具体操作步骤的视频教程
 蝉圈圈绑定店铺后，如何给合作达人创建合作单？
引用来源
序号
	站点名称
	站点类型
	标题
	
文章负面词
	发布时间
1
	
deepnavi.cn
	
官网/独立站/行业垂直
	
蝉圈圈-抖音达人营销全流程管理工具
	
--
	
--


2
	
蝉圈圈
	
官网/独立站/行业垂直
	
达人带货全流程追踪利器，以数据赋能品效合一营销 - 蝉圈圈
	
--
	
2025-10-11


3
	
蝉圈圈
	
官网/独立站/行业垂直
	
达人种草全攻略:穿透数据迷雾，精准投放与长效运营方法论 - 蝉圈圈
	
--
	
2025-10-24


4
	
搜狐
	
门户/自媒体平台
	
运营怎么查抖音电商数据?蝉妈妈深度分析攻略_模块_商品_直播
	
--
	
2026-07-01


5
	
蝉圈圈
	
官网/独立站/行业垂直
	
蝉圈圈 - 一站式多平台达人营销及种草解决方案
	
--
	
--


6
	
飞书
	
官网/独立站/行业垂直
	
2、添加店铺
	
--
	
--


7
	
蝉圈圈
	
官网/独立站/行业垂直
	
登录入口 - 蝉圈圈
	
--
	
--


8
	
蝉圈圈
	
官网/独立站/行业垂直
	
用户协议 - 蝉圈圈
	
--
	
--


9
	
蝉选
	
官网/独立站/行业垂直
	
蝉圈圈新功能-订单管理-蝉选运营圈
	
--
	
2023-04-06


10
	
微博平台
	
门户/自媒体平台
	
山水怀柔的微博
	
--
	
2026-08-04


11
	
抖音
	
视频平台
	
多平台多店铺聚合 达人分销玩法，很多商家是多抖店、多视频号小店、多小红书店铺情况下，蝉圈圈支持多平台多店铺聚合。#达人分销#蝉圈圈
	
--
	
2025-02-07


12
	
搜狐
	
门户/自媒体平台
	
蝉妈妈经营分析能多账号管理吗?电商运营统一监控实操指南_数据
	
--
	
2026-07-20",captured
150,730,阶段检查点，非最终 FULL,5FD1B74C891C7FCD1393F3731C55F917A6F0124ED0CFBCE5063FD190CA40ACF7,CQ-S-20260805-C1-Q0008,CQ-Q0008,"蝉圈圈新手怎么用,从找达人到复盘怎么操作?",核心池,品牌产品问题,2026-08-05,core_round_1,C1,collected,"收起
 蝉圈圈新手怎么用,从找达人到复盘怎么操作? 
豆包·网页
搜索关键词
蝉圈圈数据复盘使用方法
蝉圈圈找达人操作步骤
蝉圈圈新手完整使用教程 找达人到复盘全流程
蝉圈圈新手全流程实操：注册入驻→找达人→合作执行→实时监测→数据复盘全步骤



蝉圈圈定位是全域达人营销一站式管理工具，覆盖抖音、小红书、快手、视频号，从达人挖掘、建联履约、投放盯数据、自动核算ROI复盘、达人资源沉淀全链路闭环，下面按新手零基础一步步拆解。



一、前期账号基础配置（新手第一步必做）


1.注册&绑定店铺




官网/蝉妈妈后台进入蝉圈圈，注册企业/商家账号；


绑定抖音小店、小红书店铺等渠道店铺，授权数据同步；


完善基础资料：主营类目、产品客单价、投放预算、主推平台、合作模式（纯佣金/坑位费+佣金、置换样品）；


配置团队权限：管理员、媒介商务、财务分开权限，媒介仅查看自己对接达人，财务查看提成结算数据。




2.基础前置准备


商品上架精选联盟，设置好佣金、优惠券；
整理样品寄送地址、合作报价模板、标准合作合同；
在后台录入主推商品，系统后续可基于商品精准匹配达人。


二、阶段1：精准找达人（4种主流找达人方式，新手优先AI智能匹配）



入口：左侧菜单栏【达人库】【AI智能找达人】【商品找达人】【竞品达人追踪】



方式1：AI智能一键匹配（新手首选）




打开【AI智能找达人】，选择已绑定店铺主推商品；


设置筛选条件：
基础：投放平台（抖音/小红书）、粉丝量级（KOC千粉/万粉腰部/头部）、账号类型（短视频种草/直播带货）；
人群：粉丝年龄、性别、地域、消费层级，贴合你的产品受众；
带货硬性指标：近30天同类目GMV、转化率、退货率、接受合作模式（纯佣/坑位费）；


AI自动批量推荐匹配达人，系统给出匹配度评分，优先90分以上高适配达人；


支持每日自动推送上新优质潜力达人，无需手动反复刷选。




方式2：商品反向找达人（对标爆品带货达人）




进入【商品找达人】，粘贴自家商品链接/竞品爆款商品链接；


系统抓取近3个月带过同款/同类爆品的达人；


筛选标准：带这款品时ROI稳定、退货率低、内容自然种草的达人，这类达人已经验证过品类转化能力，踩坑概率低。




方式3：精细化多条件手动筛选



达人库组合筛选核心维度：





账号基础：粉丝数、活跃度、近30天更新频率、账号垂直度；


带货数据：场均GMV、转化率、带货费比、退款率（高退款达人直接排除）；


合作属性：是否可接纯佣金、是否需要寄样、有无联系方式、档期空闲时间；


内容标签：日常内容关键词（如油皮护肤、大码女装），匹配产品卖点；
筛选后可按GMV、投产、粉丝性价比排序，批量勾选达人加入候选池。




方式4：监控竞品投放达人



【订阅竞品】功能：绑定同行竞品店铺，自动抓取竞品近期合作全部达人；

优势：竞品已经验证有效的投放达人，直接截流建联，省去试错成本。



达人筛选完成后操作




选中合适达人→加入达人候选池/自建达人库；


给达人打标签：纯佣达人、高转化优质达人、待寄样、已合作、黑名单高退款达人，搭建自有达人CRM资源池；


查看达人详情页：粉丝画像、历史带货数据、评论风向、往期合作报价，评估性价比。




三、阶段2：达人建联+线上合作履约（蝉圈圈全流程线上管理）





一键发起合作邀约

选中达人，后台填写合作方案：合作形式（短视频/直播）、坑位费、佣金比例、交付时间、内容要求、样品需求，系统内置标准化邀约话术，可自定义修改，批量一键群发邀约。




合作线上化履约





达人确认接单后，线上签订电子合作合同、托管坑位费保证金；
后台录入样品单号，全程追踪样品物流签收状态；
设置交付节点提醒：脚本审核、视频发布、直播排期，系统自动给商务弹窗提醒，避免漏对接。




达人发布内容后，进入实时数据监测阶段




四、阶段3：投放中实时数据监控



入口：【数据大盘】【合作单监测】





自动抓取实时数据，无需手动跨平台复制：
短视频：播放、点赞、评论、商品点击跳转、下单、实时GMV；
直播：场观、UV、转化率、客单价、实时成交、佣金消耗；


重点盯异常：
流量高但是点击商品极低：达人内容种草力不足；
下单高退款率＞30%：达人粉丝质量差，标记后续减少合作；
前期流量平缓后期缓慢出单：存在长尾转化，持续观察7~15天数据；


数据看板支持按天导出趋势图，直观查看投放走势。




五、阶段4：投放结束完整数据复盘（核心环节，系统自动生成报表）


第一步：选定复盘维度与时间周期



投放结束7~15天复盘（计入长尾成交），筛选维度：单达人、单商品、单个商务、全渠道投放整体数据。



第二步：核心复盘指标解读（蝉圈圈自动计算）


1）单达人投产分析（判断达人价值）


核心指标	判断标准	优化动作
整体ROI=成交GMV÷（坑位费+佣金+样品成本）	ROI＞1.5盈利优质达人；0.8~1微亏可优化；＜0.5低效淘汰	高ROI达人锁定长期合作；低效达人暂停复用
单品转化率	高于行业均值合格，偏低说明内容话术引导不足	优化脚本、直播间逼单话术
退货率	＞25%风险达人；＜15%优质粉丝池	高退货拉黑标记，不再合作
千次曝光成交GMV	衡量达人流量变现效率	优先复用千次产出高的达人


2）整体投放大盘复盘




渠道结构：抖音/小红书/视频号各自GMV占比，判断哪个平台投产最优；


达人分层效果：头部/腰部/KOC铺量各自ROI，确定最优达人矩阵配比；


商品维度：哪款产品靠达人打爆、引流款/利润款表现，后续重点主推爆品；


成本核算：整体投放总成本、毛利、整体投产，判断本次达人投放是否盈利。




第三步：后台复盘实操操作





进入【报表中心】，选择对应合作订单、时间区间，一键生成全域投放复盘报告，支持Excel/PDF导出本地存档；




团队绩效复盘：自动统计每位商务对接达人的总GMV、平均ROI、业绩完成率，财务可直接导出提成结算表，不用手动核算提成；




达人标签二次优化：

优质高ROI达人：标记【白名单优质达人】，后续优先排期合作；
数据一般达人：标注优化点（内容需优化、佣金调高再试）；
低转化、高退款、履约差达人：拉入黑名单，杜绝再次合作。




第四步：输出优化策略




达人端：加大优质达人投放量级，淘汰低效达人；复制优质达人的账号类型、粉丝画像批量扩量；


内容端：拆解高转化达人的脚本、直播话术，做成标准化脚本模板；


投放结构：调整坑位费与纯佣比例，高ROI纯佣达人加大铺量；


货品端：针对达人带爆的商品，定向给同类型达人倾斜资源。




六、新手常见避坑要点




不要只看粉丝量选人：优先看同类目历史带货ROI、转化率，几万粉垂类KOC投产往往优于几十万泛流量达人；


复盘一定要拉长周期：短视频种草普遍存在7~15天长尾成交，不要刚发布3天没出单就直接判定达人无效；


做好达人标签分层管理，避免团队重复对接同一达人、优质达人被内部争抢；


数据以蝉圈圈同步数据为准，系统自动对接平台官方接口，数据准确度高于手动统计。




七、极简一日工作流（新手日常标准化流程）




上午：查看AI新推荐达人，筛选优质达人批量发起邀约；


中午：跟进待履约达人样品、脚本审核；


下午：实时监测在投内容直播数据，处理异常订单；


晚间/周度：导出本周投放数据，复盘达人投产，更新自有达人资源库标签。





需要我给你一份可直接套用的**蝉圈圈新手达人筛选筛选模板（筛选条件参数）**和周度复盘Excel简易模板吗？



14 个引用
推荐问题
 蝉圈圈的收费标准是怎样的？
 蝉圈圈的数据复盘功能具体能提供哪些数据？
 蝉圈圈的AI智能匹配功能是如何工作的？
引用来源
序号
	站点名称
	站点类型
	标题
	
文章负面词
	发布时间
1
	
蝉圈圈
	
官网/独立站/行业垂直
	
达人带货全流程追踪利器，以数据赋能品效合一营销 - 蝉圈圈
	
--
	
2025-10-11


2
	
蝉妈妈AI助手
	
官网/独立站/行业垂直
	
蝉妈妈AI_电商人专属的营销助手-电商数据分析_AI图片设计_视频拆解提取分析在线平台
	
--
	
--


3
	
蝉圈圈
	
官网/独立站/行业垂直
	
蝉圈圈:告别提成心累，绩效管理自动化神器，助力达人营销高效增长!
	
--
	
2025-11-20


4
	
蝉圈圈
	
官网/独立站/行业垂直
	
达人种草全攻略:穿透数据迷雾，精准投放与长效运营方法论 - 蝉圈圈
	
--
	
2025-10-24


5
	
deepnavi.cn
	
官网/独立站/行业垂直
	
蝉圈圈-抖音达人营销全流程管理工具
	
--
	
--


6
	
蝉圈圈
	
官网/独立站/行业垂直
	
达人营销高效找达人全攻略:从定位到筛选，一步到位!- 蝉圈圈
	
--
	
2025-09-12


7
	
蝉圈圈
	
官网/独立站/行业垂直
	
koc合作没效果？来get这个达播新策略玩法！
	
--
	
2025-09-16


8
	
搜狐
	
门户/自媒体平台
	
电商运营怎么查抖音直播带货达人数据与爆款选品?5个技巧用蝉妈妈数据分析平台实操指南_实时_品牌
	
--
	
2026-06-17


9
	
蝉圈圈
	
官网/独立站/行业垂直
	
达人营销新视角:交个朋友揭秘品牌与达人共赢的五步法 - 蝉圈圈
	
--
	
2025-09-12


10
	
蝉圈圈
	
官网/独立站/行业垂直
	
一键建联1000+达人，蝉圈圈AI商务员工开启高效达人合作新篇章 - 蝉圈圈
	
--
	
2025-10-17


11
	
抖音
	
视频平台
	
运营怎么查抖音达人数据？#抖音达人数据 #达人数据分析 #蝉妈妈
	
--
	
2026-06-30


12
	
抖音
	
视频平台
	
商家借助达人分销与蝉圈圈工具提升出单效率
	
--
	
2025-08-06


13
	
蝉圈圈
	
官网/独立站/行业垂直
	
这届达人营销商务的破防瞬间!蝉圈圈搞定达人截胡 / 踩坑 / 低效筛选
	
--
	
2025-11-26


14
	
搜狐
	
门户/自媒体平台
	
还在手动找达人?AI每天推800个出单达人给你!_圈圈_商品_品牌
	
--
	
2024-04-30",captured
150,730,阶段检查点，非最终 FULL,5FD1B74C891C7FCD1393F3731C55F917A6F0124ED0CFBCE5063FD190CA40ACF7,CQ-S-20260805-C1-Q0009,CQ-Q0009,"蝉圈圈是什么,适合什么样的品牌或商家用?",核心池,品牌产品问题,2026-08-05,core_round_1,C1,collected,"收起
 蝉圈圈是什么,适合什么样的品牌或商家用? 
豆包·网页
搜索关键词
蝉圈圈 功能介绍
蝉圈圈是什么 适合什么品牌商家
蝉圈圈和蝉妈妈关系
蝉圈圈是什么



蝉圈圈是蝉妈妈旗下的达人营销SaaS系统，主打抖音、小红书、快手、视频号多平台达人全流程管理。

简单理解：它不只是查数据，而是一套达人投放中台，把找达人→建联邀约→寄样履约→合同管理→数据回传ROI复盘→商务绩效全部线上化，替代Excel表格管理达人资源。



核心功能




达人挖掘：千万级达人库，可按竞品、商品、行业、画像筛选；AI自动推荐高转化达人，抓取自然出单的潜力KOC。


CRM合作全流程：达人资源库、资源锁定保护、黑名单、跟进记录、寄样物流追踪、商单、合同管理，多商务团队协同，防止重复对接、踩坑。


AI内容策略：拆解行业爆款要素，生成脚本方向，分析竞品达人投放矩阵。


效果归因复盘：追踪短视频/直播带货数据、看后搜、种草引流，计算每个达人ROI，自动生成报表、核算BD绩效提成。




✅适合哪些品牌/商家


1）优先适合（价值最大）


有专职媒介/BD团队的品牌方（2人及以上做达人投放）：美妆护肤、食品零食、家居家电、母婴、个护、保健品、快消新消费品牌；大量铺KOL+KOC矩阵、新品种草、节点大促达人投放量大的品牌。





场景：每月合作几十～几百个达人，需要统一管理达人库、管控寄样、统计ROI、核算商务绩效，不想用Excel混乱管理。






抖音/小红书的成熟电商商家：走达人分销、纯佣、坑位费模式，大量腰尾部KOC铺量，需要识别“默默出单但是没主动合作过”的潜力达人。

MCN、代运营DP公司：同时服务多个客户，多项目管理达人资源、区分客户达人池，自动算佣金坑位费，财务对账提效。



2）可以用，但收益有限


中小商家：每月只合作少量（＜10个）达人，没有专职BD。也能用，但工具年费成本占比偏高，很多基础功能发挥不出来。


❌不适合


只做自播、完全不找外部达人合作；
只看短视频数据，不需要管理达人合作流程（这类直接用蝉妈妈标准版就够）；
只做私域，完全不做抖音/小红书/视频号内容达人投放。


和蝉妈妈的区别


蝉妈妈：偏数据分析工具，看短视频、直播、商品大盘数据；
蝉圈圈：偏执行管理中台，从找达人到合作履约、复盘全流程管理，是给媒介BD团队干活用的系统。


简单总结





如果你家业务核心就是靠达人种草、达人带货，有团队在对接大量达人，经常被达人管理、寄样混乱、ROI算不清困扰，蝉圈圈非常匹配；如果只是偶尔找一两个达人，没必要上这套系统。






如果你需要，我可以帮你对比蝉圈圈 vs 飞瓜智星 vs 热度云的选型要点。



15 个引用
引用来源
序号
	站点名称
	站点类型
	标题
	
文章负面词
	发布时间
1
	
蝉圈圈
	
官网/独立站/行业垂直
	
蝉圈圈—经营你的达人圈，达人合作管理、品效合一全流程管理工具
	
--
	
--


2
	
抖音
	
视频平台
	
蝉圈圈：品牌商务BD高效管理达人全流程工具
	
--
	
2025-08-06


3
	
抖音
	
视频平台
	
做商务一定要学会找达人❗️。蝉圈圈、飞瓜智星、热度云的找达人功能，各有千秋 #蝉圈圈 #热度云 #飞瓜智星 #找达人带货 #找达人合作技巧
	
--
	
2025-08-25


4
	
deepnavi.cn
	
官网/独立站/行业垂直
	
蝉圈圈-抖音达人营销全流程管理工具
	
--
	
--


5
	
蝉圈圈
	
官网/独立站/行业垂直
	
这届达人营销商务的破防瞬间!蝉圈圈搞定达人截胡 / 踩坑 / 低效筛选
	
--
	
2025-11-26


6
	
抖音百科
	
官网/独立站/行业垂直
	
蝉妈妈[厦门蝉羽网络科技有限公司旗下产品]_百科
	
--
	
--


7
	
活动行
	
官网/独立站/行业垂直
	
【广州 | 郑州 | 杭州】蝉圈圈达人内容工程实战大课预报名_精彩城市生活，尽在活动行!!
	
--
	
--


8
	
蝉圈圈
	
官网/独立站/行业垂直
	
蝉圈圈 - 一站式多平台达人营销及种草解决方案
	
--
	
--


9
	
抖音
	
视频平台
	
宝贝你听，夏天树上的知了在叫啦🔔 知了宝宝，要在泥土里沉睡好几年 才有机会来到阳光下 褪去硬硬的外壳，长出透明翅膀 用尽全力，唱响整个夏天 教会孩子敬畏每一个小小的生命🌿 #亲子科普 #知了知多少 #大自然的秘密#知了知了童年回忆 #选择有爱又专业的幼儿园
	
--
	
2026-08-04


10
	
网易新闻客户端
	
门户/自媒体平台
	
2026年数据AI方案怎么选?厦门蝉羽网络科技的实操参考
	
--
	
2026-08-05


11
	
蝉圈圈
	
官网/独立站/行业垂直
	
蝉圈圈 - 一站式多平台达人营销及种草解决方案
	
--
	
--


12
	
蝉圈圈
	
官网/独立站/行业垂直
	
蝉圈圈达人营销官网-抖音/小红书/多平台达人营销种草一站式管理
	
--
	
--


13
	
AI创作导航
	
官网/独立站/行业垂直
	
蝉圈圈 | 官网入口 - 电商达人营销管理系统
	
--
	
2025-09-21


14
	
搜狐
	
门户/自媒体平台
	
蝉圈圈、小青苔、热度云、飞瓜智星、哈士奇、悟空达人营销工具_管理_合作_团队
	
--
	
2026-07-17


15
	
蝉圈圈
	
官网/独立站/行业垂直
	
达人种草全攻略:穿透数据迷雾，精准投放与长效运营方法论 - 蝉圈圈
	
--
	
2025-10-24",captured
150,730,阶段检查点，非最终 FULL,5FD1B74C891C7FCD1393F3731C55F917A6F0124ED0CFBCE5063FD190CA40ACF7,CQ-S-20260805-C1-Q0010,CQ-Q0010,"蝉圈圈有没有手机版,手机上能不能管理达人合作?",核心池,品牌产品问题,2026-08-05,core_round_1,C1,collected,"收起
 蝉圈圈有没有手机版,手机上能不能管理达人合作? 
豆包·网页
搜索关键词
蝉圈圈有没有手机版 手机管理达人合作
蝉圈圈手机APP 小程序
蝉圈圈移动端使用方法
一、蝉圈圈有完整手机端版本，手机完全可以管理达人合作



蝉圈圈一共提供3种移动端使用方式，覆盖安卓APP、iOS苹果APP、微信小程序，搭配PC网页端实现全场景办公。



移动端入口




微信小程序（最便捷，无需下载）
关注「蝉圈圈」官方公众号，顶部菜单栏找到移动端一键登录，直接使用管理功能。


原生手机APP（安卓+iOS）
在手机应用商店搜索「蝉圈圈」下载安装，登录账号后功能完整度最高。




二、手机端可实现的达人合作核心管理功能




达人资源管理
查看达人库、达人合作历史、跟进记录、达人标签归档，随时新增/编辑达人档案。


合作流程跟进（核心刚需）
新建合作单、修改合作进度、查看邀约状态、线上确认合作细节；
样品全流程管理：创建寄样单、审核达人申样、查看物流签收状态、标记样品完结。


数据实时查看
移动端数据大盘，查看达人带货GMV、合作消耗、投产数据、直播爆单/开播微信消息提醒。


商务协作处理
接收团队协作消息、处理达人对接消息、快速导出简易台账，外出、出差不用电脑也能处理合作琐事。




三、使用小提示


轻度外勤、临时跟进达人、查数据、审样品：用微信小程序最省事；
日常高频管理、批量操作、长期办公：下载手机APP，适配更好、消息推送更稳定；
重度批量达人筛选、表格导出、合同定稿、复杂后台配置，依旧建议使用PC网页端操作。



简单总结：蝉圈圈有手机APP+小程序双移动端，手机可以完成绝大多数达人合作日常管理工作，仅重度复杂配置依赖电脑网页版。

需要我给你一份移动端常用操作快捷步骤吗？



14 个引用
推荐问题
 如何在蝉圈圈APP上查看达人带货数据？
 蝉圈圈APP和微信小程序的数据是实时同步的吗？
 蝉圈圈手机版的使用教程
引用来源
序号
	站点名称
	站点类型
	标题
	
文章负面词
	发布时间
1
	
deepnavi.cn
	
官网/独立站/行业垂直
	
蝉圈圈-抖音达人营销全流程管理工具
	
--
	
--


2
	
抖店
	
官网/独立站/行业垂直
	
抖店服务市场-服务详情
	
--
	
--


3
	
抖音
	
视频平台
	
蝉小圈AI商务员工插件上线助力高效达人邀约
	
--
	
2025-10-17


4
	
蝉选
	
官网/独立站/行业垂直
	
蝉圈圈我的合作单功能简介-蝉选运营圈
	
--
	
2023-04-10


5
	
蝉圈圈
	
官网/独立站/行业垂直
	
蝉圈圈达人营销官网-抖音/小红书/多平台达人营销种草一站式管理
	
--
	
--


6
	
BOSS直聘
	
官网/独立站/行业垂直
	
测试实习生是什么职位_蝉妈妈2026年测试实习生前景待遇-BOSS直聘
	
--
	
2026-08-05


7
	
蝉圈圈
	
官网/独立站/行业垂直
	
且初抖音突围:个护品牌亿级GMV的达人营销密码 - 蝉圈圈
	
--
	
2025-09-17


8
	
AI创作导航
	
官网/独立站/行业垂直
	
蝉圈圈 | 官网入口 - 电商达人营销管理系统
	
--
	
2025-09-21


9
	
M123跨境工具导航
	
官网/独立站/行业垂直
	
蝉大师 - M123跨境工具导航
	
--
	
--


10
	
蝉圈圈
	
官网/独立站/行业垂直
	
双11前置备战：如何让商务从100个日寄样中“解放双手”？
	
--
	
2025-10-24


11
	
抖音
	
视频平台
	
啊 这个这个这个 啊
	
--
	
2026-08-04


12
	
Feishu
	
官网/独立站/行业垂直
	
蝉圈圈全平台找达人插件安装使用教程
	
--
	
--


13
	
蝉圈圈
	
官网/独立站/行业垂直
	
登录入口 - 蝉圈圈
	
--
	
--


14
	
搜狐
	
门户/自媒体平台
	
还在手动找达人?AI每天推800个出单达人给你!_圈圈_商品_品牌
	
--
	
2024-04-30",captured
150,730,阶段检查点，非最终 FULL,5FD1B74C891C7FCD1393F3731C55F917A6F0124ED0CFBCE5063FD190CA40ACF7,CQ-S-20260805-C1-Q0011,CQ-Q0011,蝉圈圈这个平台主要能解决达人营销里的哪些问题?,核心池,品牌产品问题,2026-08-05,core_round_1,C1,collected,"收起
 蝉圈圈这个平台主要能解决达人营销里的哪些问题? 
豆包·网页
搜索关键词
蝉圈圈平台主要解决达人营销哪些问题
蝉圈圈介绍
蝉圈圈（蝉妈妈旗下一站式达人营销SaaS平台）针对性解决达人营销全链路八大核心痛点


一、达人甄选难题：找人慢、匹配差、优质黑马难挖掘


原有痛点



人工全网搜罗达人、靠经验判断账号质量，垂直匹配度低；真假数据水分难甄别；中小体量潜力KOC、黑马达人很难高效发掘；多平台账号分散查找效率极低。



平台解决方案




坐拥抖音、小红书、快手、视频号千万级全量级达人资源库，20+筛选维度（粉丝量级、垂类赛道、受众画像、历史带货转化、报价区间、过往种草ROI）精准筛选；


AI智能算法依据品牌品类、预算、营销目标自动匹配达人，规避人工主观误判，大幅提升匹配准确率；


依托蝉妈妈底层数据核验账号真实数据，筛除刷量、数据注水账号，锁定高性价比真实达人；


一键发布招募任务，5分钟发起招募，48小时极速撮合达人接单，省去大量商务建联时间。




二、合作履约流程混乱：对接低效、履约失控、交易无保障


原有痛点



微信、表格零散对接，寄样、排期、脚本确认、履约进度全靠人工盯梢；线上线下签约杂乱，定金结算无监管；达人跳票、拖稿、临时违约追责难；团队多媒介跟进信息割裂、工作重复、进度无法可视化。



平台解决方案




内置一体化商单系统+线上电子签约、资金托管，定金托管担保，规避违约、拖欠结算风险；


全流程数字化管控：邀约洽谈→样品申领物流追踪→脚本审核→发布排期锁定→上线验收全链路留痕可视化；


品牌专属达人CRM，沉淀达人档案、合作记录、合作偏好，内部信息互通，避免多人重复对接同一达人。




三、团队内部管理低效：Excel台账杂乱、协作黑箱、绩效考核难落地


原有痛点



依靠Excel手工记录达人、订单、数据；媒介工作进度不透明；投放业绩、人效核算繁琐；投放数据分散在员工手里，人员离职带走达人资源与合作经验。



平台解决方案




统一中台统筹所有投放项目，项目看板实时查看在投、待履约、已结案订单；


自动统计媒介建联量、成单率、投产数据，一键核算团队绩效与提成；


全部达人资源、沟通记录、投放数据沉淀为品牌私有资产，不会因人员流动流失。




四、内容质量失控：同质化严重、爆款难复刻、脚本审核效率低


原有痛点



达人产出内容同质化严重、卖点偏离品牌诉求；优质爆款内容无法拆解复用；海量达人脚本挨个人工审核耗时巨大；不清楚什么样的脚本结构更容易出曝光与转化。



平台解决方案




AI拆解行业爆款内容九大核心要素，输出标准化脚本模板、卖点话术、拍摄场景指引，降低内容翻车概率；


批量线上提交脚本预审，统一把控品牌口径；


抓取投放优质内容，自动拆解高转化内容逻辑，沉淀可复用内容模板，批量复制爆款种草模式；


直播自动录屏、高光片段智能切片二次分发放大流量。




五、投放数据割裂：数据孤岛、效果看不见、ROI无法精准归因


原有痛点



播放、点赞等浅层数据与店铺成交割裂；只能看表面曝光，分不清是哪条达人内容带来下单、搜索进店；需要多平台导出数据手动汇总制表，复盘效率极低；投放好坏全凭经验判断。



平台解决方案




全维度实时监控：短视频/笔记曝光、互动、评论风向、商品点击跳转、直播间数据实时更新；


打通内容平台与电商店铺数据链路，精准归因每条达人内容带来的店铺访客、搜索增量、加购、GMV；


自动生成投放日报、周报、结案报表，无需人工汇总；量化单个达人ROI，清晰分辨优质达人与低效账号，优化投放预算倾斜方向。




六、竞品对标与投放策略盲目：不懂同行打法、热点把握滞后


原有痛点



不清楚竞品投放哪些达人、内容策略、投放节奏；行业流量热点、用户偏好捕捉滞后；投放没有系统化策略，盲目投流试错成本高。



平台解决方案




竞品达人投放洞察：查看竞品合作达人矩阵、内容方向、投放时段、大致投放量级与数据表现，快速制定差异化打法；


AI结合行业趋势、当下热点给出种草选题、投放节点建议；


前期免费做投放诊断，定位当前投放卡点，输出定制化达人投放组合方案（头部KOL造势+腰部达人铺量+海量KOC渗透）。




七、资金与投放成本管控：预算失控、报价虚高、性价比难以评估


原有痛点



达人报价不透明，议价无数据支撑；投放预算拆分混乱，超支无法及时预警；分不清高价头部达人与平价垂类达人谁投产更高。



平台解决方案




平台内置达人历史成交报价参考，合理议价；按项目拆分预算，投放消耗实时监控，超支预警；


依据历史数据测算不同层级达人投产预期，合理配比预算，避免盲目重金投放头部大账号。




八、营销资产无法沉淀：投放经验零散，无法形成长效增长体系


原有痛点



每一轮投放结束后数据、达人经验、内容经验零散丢失，下一轮投放依旧从零试错，无法形成稳定可复制的达人种草增长模式。



平台解决方案



沉淀三类核心资产：





优质达人资产库：标记高ROI长期合作达人，搭建品牌自有达人矩阵；


优质内容资产库：留存爆款脚本、实拍素材，二次剪辑复用；


投放策略资产：沉淀最优达人配比、投放节奏、预算分配逻辑，持续迭代优化投放模型，降低试错成本。




适用场景覆盖



新品冷启动种草、大促节点集中造势、口碑测评铺量、事件话题营销、日常持续带货种草等主流达人营销场景一站式落地执行。



10 个引用
推荐问题
 蝉圈圈平台的达人资源覆盖哪些领域？
 蝉圈圈平台的收费标准是怎样的？
 蝉圈圈平台的电子签约功能是否安全可靠？
引用来源
序号
	站点名称
	站点类型
	标题
	
文章负面词
	发布时间
1
	
蝉圈圈
	
官网/独立站/行业垂直
	
蝉圈圈 - 一站式多平台达人营销及种草解决方案
	
--
	
--


2
	
蝉圈圈
	
官网/独立站/行业垂直
	
蝉圈圈达人营销官网-抖音/小红书/多平台达人营销种草一站式管理
	
--
	
--


3
	
deepnavi.cn
	
官网/独立站/行业垂直
	
蝉圈圈-抖音达人营销全流程管理工具
	
--
	
--


4
	
抖音
	
视频平台
	
蝉圈圈数字化达人营销管理提升团队效率与数据决策
	
--
	
2022-12-12


5
	
蝉圈圈
	
官网/独立站/行业垂直
	
告别数据碎片化!如何打造达人营销的“数据中枢”，让流量变资产 - 蝉圈圈
	
--
	
2025-09-26


6
	
云巴巴
	
官网/独立站/行业垂直
	
蝉圈圈抖音达人营销管理工具_达人种草管理系统_达人合作管理软件-云巴巴
	
--
	
--


7
	
蝉圈圈
	
官网/独立站/行业垂直
	
蝉圈圈—经营你的达人圈，达人合作管理、品效合一全流程管理工具
	
--
	
--


8
	
驱动中国
	
官网/独立站/行业垂直
	
蝉圈圈3.0重磅发布:杜绝无效种草 达人营销助力品牌出圈 _ 驱动中国
	
--
	
--


9
	
店铺网
	
官网/独立站/行业垂直
	
蝉圈圈_蝉圈圈怎么样好用么 - 店铺网
	
--
	
2026-06-17


10
	
站长工具网
	
官网/独立站/行业垂直
	
蝉圈圈:蝉妈妈推出的一站式多平台达人营销及种草数据运营分析工具 - 站长工具网
	
--
	
2025-07-28",captured
150,730,阶段检查点，非最终 FULL,5FD1B74C891C7FCD1393F3731C55F917A6F0124ED0CFBCE5063FD190CA40ACF7,CQ-S-20260805-C1-Q0012,CQ-Q0012,"蝉圈圈和热度云哪个好用,品牌做达人投放该怎么选?",核心池,对比决策问题,2026-08-05,core_round_1,C1,collected,"收起
 蝉圈圈和热度云哪个好用,品牌做达人投放该怎么选? 
豆包·网页
搜索关键词
蝉圈圈和热度云对比 达人投放选哪个
热度云工具功能 优缺点
品牌达人投放工具怎么选
蝉圈圈工具功能 优缺点
蝉圈圈 vs 热度云｜品牌达人投放怎么选



二者都是抖音达人分销/投放全流程SaaS工具，覆盖找达人、达人CRM、样品管理、绩效核算、投放复盘；核心差异在数据底座、平台覆盖、附加渠道、价格、团队适配。



核心对比


蝉圈圈（蝉妈妈生态）



✅ 优势





背靠蝉妈妈原生数据，抖音达人带货数据、标签、转化、粉丝画像深度更强，可直接跳转蝉妈妈看达人完整历史数据；有自然出单达人挖掘，挖掘精选联盟自发带过你品类的达人。


支持小红书达人管理（找达人、线索、样品、数据追踪），抖音+小红书双平台投放一套系统搞定，热度云不支持小红书。


看板维度丰富：达人/商品/媒介/样品多维度排行，爆单提醒、竞品达人投放洞察，迭代更新快，UI操作路径友好。


全链路：达人筛选→邀约→寄样物流追踪→数据回传→绩效结算完整闭环。





❌ 短板



快手、视频号能力偏弱；高级版本价格偏高；每日达人查看有数量限制。
没有自带团长分销撮合渠道。



👉 适合谁



品牌主战场抖音+小红书双平台种草带货；
看重达人数据质量，需要深挖达人历史带货、筛虚假达人；
媒介团队3‑15人，需要精细化管理样品、达人线索、团队绩效；
美妆、食品、家居等需要大量KOC铺量的品牌。


热度云（热度星选/考古加生态）



✅ 优势





基础抖音投放能力齐全；自带团长、抖客分销渠道资源，不仅是工具，还可以对接大量团长资源做分销放量，这是最大差异化优势。


同等预算下，商务账号席位给的更多，适合BD人多的团队；入门版本价格门槛更低，中小商家起盘友好。


自动化找达人、线索抓取成熟，移动端可用，自带商学院SOP培训，适合刚入局达人分销的团队。





❌ 短板



不支持小红书；数据源来自考古加，数据深度、标签细度弱于蝉妈妈原生底座；跨平台能力差。
数据看板维度少于蝉圈圈，没有小红书全流程管理。



👉 适合谁



只做抖音，不做小红书；希望达人分销+团长渠道一起做，需要外部分销资源加持；
中小商家、新起盘项目，预算有限，BD人员多；
目标重点做精选联盟分销、团长带货，不止是付费达人投放。


快速选型口诀




抖音+小红书都要做 → 选蝉圈圈


只做抖音，要团长分销渠道、预算有限 → 选热度云


看重达人数据深度、筛虚假达人、大量KOC铺样管理 → 蝉圈圈


BD团队人数多，需要大量账号席位，想拿团长资源放量 → 热度云




品牌达人投放选型实操建议




先试用：两个都开7天试用，拿你家真实品类，搜同赛道达人，对比：达人匹配度、预估GMV、转化数据是否和你认知一致。


明确你的核心诉求
如果以付费投放（坑位费+佣金）、内容种草为主：优先蝉圈圈；
如果以纯分销、团长撮合、联盟跑量为主：优先热度云。


工具只是底座：无论选哪个，工具解决的是找达人、管流程；ROI高低取决于选品、样品策略、brief质量、达人赛马测试。


如果同时要做快手、视频号多平台投放，可以再看飞瓜智星做备选。







小提示：两个工具都不能100%规避刷量达人，工具数据做初筛，重要达人一定要二次人工复核：看评论真实度、近30条作品的转化、历史同品类合作案例。






如果你告诉我：你的品类、投放平台（是否做小红书）、媒介人数、预算、主要是付费投放还是分销，我可以直接帮你敲定选哪一个。



19 个引用
推荐问题
 蝉圈圈和热度云的达人数据准确度高吗？
 蝉圈圈和热度云的团队规模一般在多少人比较合适？
 蝉圈圈和热度云的收费标准分别是怎样的？
引用来源
序号
	站点名称
	站点类型
	标题
	
文章负面词
	发布时间
1
	
新浪财经
	
门户/自媒体平台
	
热度云vs飞瓜智星vs蝉圈圈:达人分销管理工具深度对比_财经头条
	
--
	
2025-08-21


2
	
网易新闻客户端
	
门户/自媒体平台
	
蝉圈圈、飞瓜智星、热度云，应该怎么选?
	
--
	
2025-08-21


3
	
抖音
	
视频平台
	
达人分销系统产品功能对比，蝉圈圈VS热度云。咱们公司更适合哪个呢？#达人分销 #热度云 #蝉圈圈
	
--
	
2024-04-18


4
	
天眼查
	
官网/独立站/行业垂直
	
头部达人分销管理工具深度对比:飞瓜智星 vs 热度云 vs 蝉圈圈-其他_ 天眼查新闻
	
--
	
2025-08-21


5
	
deepnavi.cn
	
官网/独立站/行业垂直
	
蝉圈圈-抖音达人营销全流程管理工具
	
--
	
--


6
	
蝉圈圈
	
官网/独立站/行业垂直
	
蝉圈圈—经营你的达人圈，达人合作管理、品效合一全流程管理工具
	
--
	
--


7
	
AI创作导航
	
官网/独立站/行业垂直
	
蝉圈圈 | 官网入口 - 电商达人营销管理系统
	
--
	
2025-09-21


8
	
蝉圈圈
	
官网/独立站/行业垂直
	
别再浪费样品!我敢说95%的品牌都不知道的达播降本增效玩法 - 蝉圈圈
	
--
	
2025-10-17


9
	
抖音开放平台
	
视频平台
	
热度云-达人分销全链路解决工具 - 抖音开放平台
	
--
	
--


10
	
CSDN博客
	
社区/论坛/博客
	
「超盘云」品牌全新升级为「热度云」，热度星选完成A2轮融资-CSDN博客
	
--
	
2026-07-08


11
	
新浪财经
	
门户/自媒体平台
	
达人分销sass工具「热度云」怎么样?_财经头条
	
--
	
2025-06-06


12
	
网易
	
门户/自媒体平台
	
蝉圈圈、飞瓜智星、热度云，应该怎么选?|热度云|蝉圈圈|飞瓜智星_手机网易网
	
--
	
2025-08-21


13
	
艾瑞网
	
官网/独立站/行业垂直
	
热度云3.0发布|重磅推出达人分销全方位业务辅助方案_互联网_艾瑞网
	
--
	
2024-01-02


14
	
新京报
	
央媒/主流媒体
	
2026最适合跨境电商卖家的10大网红营销工具测评
	
--
	
2026-03-19


15
	
Hypefy
	
官网/独立站/行业垂直
	
The 10 Best Influencer Marketing Tools in 2026 (Honest, Tested)
	
--
	
2026-05-28


16
	
Hypefy
	
官网/独立站/行业垂直
	
9 Best AI Tools for Building Influencer Campaign Briefs and Automating Creator Selection
	
--
	
2026-07-02


17
	
SuperX
	
官网/独立站/行业垂直
	
Top 10 Influencer Analytics Tools for 2026
	
--
	
2026-06-19


18
	
Lessie AI
	
官网/独立站/行业垂直
	
Best AI Tools for Influencer Marketing 2026: Discovery, Outreach & Campaigns
	
--
	
2026-04-08


19
	
ShortGenius
	
官网/独立站/行业垂直
	
Las 12 mejores herramientas de IA para el marketing de influencers en 2026
	
--
	
2026-04-04",captured
150,730,阶段检查点，非最终 FULL,5FD1B74C891C7FCD1393F3731C55F917A6F0124ED0CFBCE5063FD190CA40ACF7,CQ-S-20260805-C1-Q0013,CQ-Q0013,蝉圈圈和热度云在达人分销管理上有什么功能差异?,核心池,对比决策问题,2026-08-05,core_round_1,C1,collected,"收起
 蝉圈圈和热度云在达人分销管理上有什么功能差异? 
豆包·网页
搜索关键词
热度云达人分销管理功能介绍
蝉圈圈达人分销管理功能介绍
蝉圈圈和热度云达人分销管理功能差异
蝉圈圈 vs 热度云｜达人分销管理功能差异



两者都是抖音生态为主的达人分销SaaS，都具备达人CRM、样品管理、合作流程、业绩核算、爆单提醒核心能力；核心差异集中在数据源、找达人方式、跨平台、渠道资源、团队权限、投放联动、附加服务几个方面。



一、数据源与达人库


蝉圈圈




数据源来自自家蝉妈妈，抖音达人标签、带货数据深度、准确度更高，可一键跳转蝉妈妈看达人详情，做带货能力研判。


有自然出单达人功能：挖掘精选联盟已经在卖自家商品、还未商务对接的达人，适合做被动出单达人盘活。


每日达人查看/导出有数量上限限制。


支持小红书达人营销全流程（找达人、线索、寄样、效果追踪、绩效核算），快手/视频号能力弱于抖音。




热度云




数据源为第三方接口，抖音基础数据可用，但达人深度分析弱于蝉圈圈。


支持抖音达人广场插件直采，直接抓取达人广场线索，线索获取不设每日查看上限。


主打抖音分销，小红书仅基础线索，缺少完整小红书分销效果追踪核算能力。




二、找达人 & 建联能力


蝉圈圈


多维度筛选：商品找达人、品牌竞品找达人、自然出单达人挖掘；
线索、合作、寄样、绩效全链路闭环；
更偏向品牌内部BD团队精细化运营，适合深耕已有达人资产，做复购、长期分销维护。


热度云


AI自动找达人、自动扒取联系方式，公海线索流转，撞单防抢占机制完善；
独有团长/抖客渠道对接能力：一键对接上千团长渠道、热度星选货盘渠道，适合快速扩分销渠道，不仅管理BD，还管理团长渠道分销业务；
小程序推品，达人端操作链路轻，适合大量批量触达陌生KOC分销。


三、样品、流程与数据看板


蝉圈圈




样品全流程：申请‑寄样‑签收‑未履约回收，可对接ERP，样品异常自动提醒；


多维度排行榜：达人榜、商品榜、媒介BD榜、样品榜单，方便管理者看团队人效；


UI与操作路径更短；提醒体系完善：样品、合作状态、爆单、静默不产出的异常达人提醒齐全；


数据侧重达人分销ROI、媒介人效复盘，更偏向品牌内部管理视角。




热度云




同样完整样品履约监控，支持多ERP打通；


看板侧重GMV、渠道、团长业绩；支持直播录屏、短视频素材自动抓取沉淀内容资产；


特色：联动千川/随心推投放，可以把达人分销产出和付费投放做联合监控，看分销+投放的综合效果；


任务模式强：可发布种草分销任务，达人自主报名，设置销量/播放门槛结算，适合大规模KOC种草分销。




四、团队权限、席位、店铺


蝉圈圈


同等价位，绑定店铺数量更多，适合多店铺品牌；商务席位上限相对少；
CRM强，达人资产完整沉淀，员工离职，全部沟通、寄样、业绩记录留存企业资产，防止达人资源流失。


热度云


同等价位，BD商务账号席位数量更高，适合大量BD人员团队；绑定店铺数量偏少；
公海‑私海流转机制更强，适合大规模BD团队做线索分配、防止撞单，目标业绩考核模块完善，适合销售型BD团队考核管理。


五、附加增值服务


蝉圈圈



以工具产品为主；迭代响应商家实际工作流需求；配套以产品功能支持为主，无重度分销训练营、团长撮合服务。



热度云



工具+服务一体：分销SOP培训、分销训练营、团长撮合对接，不仅提供管理工具，还输出分销业务方法论与渠道资源，适合分销刚起步，需要外部渠道赋能的商家。



六、选型总结


维度	蝉圈圈	热度云
适合商家	深耕抖音，同时做小红书种草；内部BD团队，看重达人深度数据分析、多店铺管理	大规模BD团队，需要对接团长/抖客渠道；大量KOC任务分销，分销业务刚起盘需要渠道赋能
核心强项	蝉妈妈原生数据、小红书完整闭环、媒介人效精细化管理	插件批量捞达人、团长渠道对接、千川投放联动、大量BD席位、分销业务配套服务
短板	达人查看有上限；外部渠道撮合能力弱	数据来自第三方，小红书能力弱；同等价位店铺绑定数量少





简单说：如果你的业务是品牌自播+自有BD，还要做小红书，优先蝉圈圈；如果你要大规模铺KOC分销、大量BD，要对接团长抖客渠道，优先热度云。






如果你告诉我你的团队规模、平台（是否做小红书）、是否需要对接团长渠道，我可以帮你进一步给出更精简选型建议。



12 个引用
推荐问题
 蝉圈圈和热度云的渠道资源有哪些不同？
 蝉圈圈和热度云在达人合作流程上有哪些不同？
 蝉圈圈和热度云的团队权限有哪些不同？
引用来源
序号
	站点名称
	站点类型
	标题
	
文章负面词
	发布时间
1
	
新浪财经
	
门户/自媒体平台
	
热度云vs飞瓜智星vs蝉圈圈:达人分销管理工具深度对比_财经头条
	
--
	
2025-08-21


2
	
蝉圈圈
	
官网/独立站/行业垂直
	
一站式达人分销管理解决方案，破解营销管理难题 - 蝉圈圈
	
--
	
2025-09-23


3
	
抖音
	
视频平台
	
达人分销系统产品功能对比，蝉圈圈VS热度云。咱们公司更适合哪个呢？#达人分销 #热度云 #蝉圈圈
	
--
	
2024-04-18


4
	
CSDN博客
	
社区/论坛/博客
	
热度云3.0发布|重磅推出达人分销全方位业务辅助方案_热度商学院达人课程分享-CSDN博客
	
--
	
2026-07-02


5
	
热度云
	
官网/独立站/行业垂直
	
热度云-达人分销一站式解决方案
	
--
	
--


6
	
抖店
	
官网/独立站/行业垂直
	
抖店服务市场-服务详情
	
--
	
--


7
	
蝉圈圈
	
官网/独立站/行业垂直
	
达播负责人每日必看数据看板，多维度掌握业务进度!
	
--
	
2025-10-30


8
	
蝉圈圈
	
官网/独立站/行业垂直
	
诺特兰德达人营销揭秘:亿级销售引擎如何打造? - 蝉圈圈
	
--
	
2025-09-10


9
	
CSDN博客
	
社区/论坛/博客
	
「超盘云」品牌全新升级为「热度云」，热度星选完成A2轮融资-CSDN博客
	
--
	
2026-07-08


10
	
热度云
	
官网/独立站/行业垂直
	
热度云-达人分销一站式解决方案
	
--
	
--


11
	
抖音
	
视频平台
	
热度云全链路管理系统助力品牌高效达人分销
	
--
	
2025-09-16


12
	
搜狐
	
门户/自媒体平台
	
热度云|达人合作全链路管理，助力品牌营销升级_智能化_分销_效率
	
--
	
2025-04-17",captured
150,730,阶段检查点，非最终 FULL,5FD1B74C891C7FCD1393F3731C55F917A6F0124ED0CFBCE5063FD190CA40ACF7,CQ-S-20260805-C1-Q0014,CQ-Q0014,"蝉圈圈和蝉妈妈有什么区别,分别适合什么场景?",核心池,对比决策问题,2026-08-05,core_round_1,C1,collected,"收起
 蝉圈圈和蝉妈妈有什么区别,分别适合什么场景? 
豆包·网页
搜索关键词
蝉圈圈和蝉妈妈区别 适用场景
蝉圈圈是什么工具 蝉妈妈是什么工具
蝉圈圈功能介绍 蝉妈妈功能介绍
蝉妈妈 vs 蝉圈圈





两者同属蝉羽网络，蝉妈妈是电商数据分析工具；蝉圈圈是达人CRM/达人营销管理SaaS工具，蝉圈圈底层数据来自蝉妈妈。简单理解：蝉妈妈看大盘、做调研；蝉圈圈管达人合作全流程、做执行落地。





核心区别对比


对比维度	蝉妈妈	蝉圈圈
产品定位	电商数据分析决策平台，看市场、看竞品、看账号商品数据	达人营销CRM管理工具，达人合作业务流程管理系统
核心能力	行业大盘、爆款商品/直播/短视频分析、竞品监控、达人基础数据查询、选品、素材拆解、AI脚本生成	达人库筛选、达人线索管理、样品管理、合作跟进、合同记录、投放监测、ROI归因、团队协作、自动复盘报表、多平台（抖音/小红书/快手/视频号）达人管理
侧重点	看数据，做策略调研；对外看市场竞品，对内看自家账号直播短视频数据	管业务，做执行管理；管商务BD全流程，把达人合作从找、聊、寄样、投放、结算全部线上留痕管理
团队协作	偏个人/小团队看数；可监控，但没有达人合作业务管理模块	支持多员工账号、公海达人池、任务分配、样品台账、绩效统计，适合媒介/商务团队协同办公
平台覆盖	以抖音为主，兼顾快手、小红书数据查询	抖音+小红书+快手+视频号，多平台达人投放统一管理
输出结果	行业报告、爆款案例、商品榜单、账号数据看板	达人跟进台账、样品记录、投放ROI报表、结案数据、合作记录存档


各自适合什么场景


🟦蝉妈妈适合场景（调研分析为主）




商家/达人做前期市场调研：看赛道热度、找爆款商品、拆解竞品直播/短视频、看大盘趋势；


个人主播、小店商家、投手：监控自己直播间数据，看同行账号，找潜力商品；


初步筛选达人：看达人历史GMV、粉丝画像、带货能力，做初步筛选；


短视频素材分析：扒爆款脚本、看跑量素材，做内容策划；


只看数据，不需要管理大量达人合作。







✅适合人群：个人商家、主播、投手、运营；还没大规模铺达人合作，重在分析市场、选品、看账号数据。





🟩蝉圈圈适合场景（达人营销业务执行）




品牌、有商务/媒介团队、MCN机构，大量做达人种草/达播：几十上百个达人同时对接，需要统一管理线索、跟进进度、寄样记录；


多平台达人投放（抖音+小红书+快手+视频号），希望一个系统统一管理所有达人项目；


需要追踪达人投放真实ROI：统计每个达人种草带来成交，自动生成结案报表，减少财务手工统计工作量；


团队协作：多个商务分工，达人公海分配、跟进记录沉淀，防止人员流失丢失达人资源；


样品管理、合作合同留痕、项目复盘。







✅适合人群：品牌方、DP、MCN、有专职达人商务的商家；已经规模化做达人投放，痛点是达人对接混乱、样品乱、结算统计麻烦。





组合怎么用（最常用）




蝉妈妈做前期调研：分析赛道，初步圈一批潜力达人；


导入蝉圈圈做全流程管理：达人线索入库、跟进、寄样、投放监测、复盘ROI；







蝉圈圈可以直接读取蝉妈妈底层达人数据，两个工具可以打通使用。





简单一句话总结


只想看数据、找爆款、看直播短视频 → 用蝉妈妈
大量找达人合作，要管商务、样品、投放效果、团队协同 → 用蝉圈圈



如果你需要，我可以帮你整理一份选型判断清单，快速判断你该买哪个版本。



10 个引用
引用来源
序号
	站点名称
	站点类型
	标题
	
文章负面词
	发布时间
1
	
网易新闻客户端
	
门户/自媒体平台
	
2026年数据AI方案怎么选?厦门蝉羽网络科技的实操参考
	
--
	
2026-08-05


2
	
360应用
	
官网/独立站/行业垂直
	
蝉妈妈_360应用
	
--
	
2026-08-04


3
	
抖音
	
视频平台
	
电商流量红利的逐渐衰退，在当下长期主义商家都要布局达人分销 #蝉圈圈 #达人分销达哥 #云图语喧 #蝉妈妈 #兴趣电商
	
--
	
2025-07-02


4
	
deepnavi.cn
	
官网/独立站/行业垂直
	
蝉圈圈-抖音达人营销全流程管理工具
	
--
	
--


5
	
蝉大师
	
官网/独立站/行业垂直
	
蝉大师 - 为社会赋能数字营销能力
	
--
	
--


6
	
驱动中国
	
官网/独立站/行业垂直
	
蝉大师宣布品牌升级:数字营销助力中国企业增长 _ 驱动中国
	
--
	
--


7
	
deepnavi.cn
	
官网/独立站/行业垂直
	
蝉妈妈 - 直播电商数据分析与内容运营工具
	
--
	
--


8
	
蝉圈圈
	
官网/独立站/行业垂直
	
蝉圈圈 - 一站式多平台达人营销及种草解决方案
	
--
	
--


9
	
抖音
	
视频平台
	
达人合作不靠运气爆量，用好这四大AI能力，经营增长更有确定性 《蝉圈圈 6.0》全新升级， AI 全链路搞定内容、达人、数据闭环！#蝉圈圈 #达人营销 #商务BD #内容策略 #爆量技巧
	
--
	
2026-06-25


10
	
360应用
	
官网/独立站/行业垂直
	
蝉妈妈_360应用
	
--
	
2026-08-04",captured
150,730,阶段检查点，非最终 FULL,5FD1B74C891C7FCD1393F3731C55F917A6F0124ED0CFBCE5063FD190CA40ACF7,CQ-S-20260805-C1-Q0015,CQ-Q0015,蝉圈圈的达人CRM和普通CRM有什么区别?,核心池,对比决策问题,2026-08-05,core_round_1,C1,collected,"收起
 蝉圈圈的达人CRM和普通CRM有什么区别? 
豆包·网页
搜索关键词
蝉圈圈达人CRM功能介绍
普通CRM和达人CRM差异
蝉圈圈达人CRM和普通CRM区别
蝉圈圈达人CRM vs 普通CRM



普通CRM核心逻辑：管理B端客户、销售线索、卖货给客户，流程是线索→跟进→签单收款。

蝉圈圈达人CRM核心逻辑：管理KOL/KOC合作方，是品牌向外采购内容/带货服务，流程是达人挖掘→建联→寄样→脚本→发布/直播→效果复盘结算。



1、对象与档案字段不一样



普通CRM

管理经销商、采购商、企业客户；档案是公司、联系人、电话、报价、合同金额、回款、采购记录。




蝉圈圈达人CRM

管理抖音/小红书/快手/视频号达人；档案自动同步平台数据：粉丝、互动率、品类标签、报价、历史带货GMV、坑位费、佣金比例、内容风格、过往合作评价、黑名单/白名单标记、寄样记录。






可以一键抓取达人主页信息，不用手动录入。





2、核心业务流程差异（最大区别）



普通CRM：销售成交闭环

线索→跟进拜访→商机→合同→收款，围绕签单回款。




蝉圈圈达人CRM：达人合作履约闭环

待建联→邀约→达人意向→**申样/寄样管理（物流跟踪、样品签收提醒）**→脚本确认→排期锁档→内容发布/直播→数据回采→复盘评估→结算，整套是达人营销专属流程。



专属节点：寄样出库、样品签收提醒、脚本催交、排期档期、内容交付校验、爆单预警、达人黑名单/白名单防撞单、公海资源池，普通CRM没有这些原生能力，需要大量自定义开发。


3、数据来源与统计口径



普通CRM：数据以内部销售数据为主（合同、回款、客户跟进记录），几乎不抓取外部互联网公开数据。




蝉圈圈达人CRM：打通各大内容平台，自动拉取达人播放、点赞、评论、直播间GMV、转化率、ROI、千川投放关联数据，自动核算单达人投入产出；看板看寄样转化率、达人出单排行、媒介BD绩效、复投达人分析。

普通CRM很难自动拿到达人短视频、直播的平台效果数据，只能手动填表格。



4、沟通与建联能力



普通CRM：客户跟进记录，邮件、短信、企业微信对接客户。




蝉圈圈达人CRM：内置AI批量邀约，自动生成适配达人的私信话术；跟进防重复撞单，达人被A媒介跟进，其他人不可重复抢占；公海流转，离职员工达人资源自动回流企业资产，防止达人随员工带走。



5、风险管控



普通CRM：客户信用、回款风险。




蝉圈圈达人CRM：达人黑名单（踩坑达人全团队共享，禁止发起合作）、白名单锁定核心达人归属；记录达人违约、拖稿、数据造假历史，全团队可见，规避投放踩坑。



6、适用场景对比


维度	普通CRM	蝉圈圈达人CRM
核心目标	把产品卖给客户，做客户销售	采购达人内容/直播，做种草带货营销
管理对象	采购你的客户（买方）	为你产出内容的达人（合作服务商）
关键指标	签约金额、回款、客户复购	寄样转化率、播放、GMV、ROI、坑位费产出、达人复投率
外部平台打通	弱，几乎不对接短视频平台	深度打通抖音、小红书、快手、视频号，自动拉取达人&投放数据
特色模块	商机、回款、客户信用	达人库、寄样管理、档期排期、内容监控、达人黑白名单、公海池、AI邀约


什么时候选哪个




如果你主要管理经销商、采购客户：用普通CRM合适。


如果团队大量做短视频种草、达人直播带货，BD几十到上千达人：普通CRM只能当简单通讯录，履约、寄样、数据统计全部要手动补；优先蝉圈圈这类垂直达人CRM，开箱即用，不用二次开发。







补充：蝉圈圈也具备通用CRM的跟进、提醒、权限、报表能力，但全部围绕达人营销场景做深度适配，不是简单改字段的通用系统。






如果你需要，我可以帮你整理一份选型检查清单，方便内部评估。



15 个引用
推荐问题
 蝉圈圈达人CRM的内容交付校验功能有哪些优势？
 蝉圈圈达人CRM的价格是多少？
 蝉圈圈达人CRM的寄样管理功能如何使用？
引用来源
序号
	站点名称
	站点类型
	标题
	
文章负面词
	发布时间
1
	
蝉圈圈
	
官网/独立站/行业垂直
	
蝉圈圈—经营你的达人圈，达人合作管理、品效合一全流程管理工具
	
--
	
--


2
	
蝉圈圈
	
官网/独立站/行业垂直
	
这届达人营销商务的破防瞬间!蝉圈圈搞定达人截胡 / 踩坑 / 低效筛选
	
--
	
2025-11-26


3
	
蝉圈圈
	
官网/独立站/行业垂直
	
达播负责人每日必看数据看板，多维度掌握业务进度!
	
--
	
2025-10-30


4
	
抖音
	
视频平台
	
蝉圈圈平台助力企业高效管理达人合作全流程
	
--
	
2022-11-08


5
	
deepnavi.cn
	
官网/独立站/行业垂直
	
蝉圈圈-抖音达人营销全流程管理工具
	
--
	
--


6
	
AI创作导航
	
官网/独立站/行业垂直
	
蝉圈圈 | 官网入口 - 电商达人营销管理系统
	
--
	
2025-09-21


7
	
搜狐
	
门户/自媒体平台
	
什么是达人CRM?达人管理、跟进与样品寄送全解析_合作_简仑_建联
	
--
	
2026-07-15


8
	
allymatic
	
官网/独立站/行业垂直
	
TikTok creator CRM
	
--
	
--


9
	
伙伴云
	
官网/独立站/行业垂直
	
达人CRM系统:从‘管理人’到‘赋能人’的范式革命-伙伴云
	
--
	
2025-11-11


10
	
CSDN博客
	
社区/论坛/博客
	
达人管理系统(CRM)原型图_crm原型rp-CSDN博客
	
--
	
2026-05-23


11
	
搜狐
	
门户/自媒体平台
	
达人管理系统:MCN 机构一站式管控达人商单、寄样、对账全流程解决方案_样品_运营_企业化
	
--
	
2026-06-27


12
	
mochends.com
	
官网/独立站/行业垂直
	
直播达人客户管理数字化方案:墨尘系统如何提升复购率 - 深圳墨尘贸易有限公司
	
--
	
2026-04-26


13
	
蝉圈圈
	
官网/独立站/行业垂直
	
蝉圈圈达人营销CRM插件:一键解锁高效达人筛选与管理新体验 - 蝉圈圈
	
--
	
2025-10-13


14
	
腾讯网
	
门户/自媒体平台
	
录屏切片神器，品牌商家与达人合作的FBI!_腾讯新闻
	
--
	
2023-10-09


15
	
抖音
	
视频平台
	
运营怎么查抖音达人涨粉带货数据？#达人带货数据 #达人带货榜 #蝉妈妈 #蝉妈妈查数据
	
--
	
2026-07-06",captured
150,730,阶段检查点，非最终 FULL,5FD1B74C891C7FCD1393F3731C55F917A6F0124ED0CFBCE5063FD190CA40ACF7,CQ-S-20260805-C1-Q0016,CQ-Q0016,"达人CRM管理系统怎么选,适合品牌团队的标准是什么?",核心池,对比决策问题,2026-08-05,core_round_1,C1,collected,"收起
 达人CRM管理系统怎么选,适合品牌团队的标准是什么? 
豆包·网页
搜索关键词
品牌团队怎么选达人CRM管理系统 选型标准
达人CRM系统核心功能 品牌方需求
主流达人CRM工具对比 品牌团队
品牌达人CRM选型避坑点
达人CRM管理系统选型：品牌团队评判标准



达人CRM核心不是达人通讯录，而是达人营销全流程管理工具：达人筛选建档、建联洽谈、寄样履约、内容审核、效果回传、团队协作、ROI复盘一体化。选型核心原则：贴合自家业务流程＞功能堆砌，团队愿意用才是第一位。






先做自我定位（选型前先理清）







业务平台：只做抖音？还是抖音+小红书+快手+视频号跨平台投放？


规模量级：月对接几十位KOC，还是几百上千达人、多项目并行？


核心痛点：找达人难？寄样混乱漏跟进？多人撞建联？效果算不清ROI？


预算：中小品牌、成长品牌、集团品牌，对应工具完全不同。




一、适合品牌团队的8大核心标准


1、达人库与数据质量（地基）


数据源真实：刷量识别、水分甄别，不只看粉丝数，支持互动率、带货GMV、受众画像、竞品合作达人挖掘
平台覆盖：确认你投放的平台数据完整；国内主流：抖音、小红书、快手、视频号；不要某平台数据残缺、更新延迟
自建库能力：可批量导入自己的历史合作达人，支持标签分层（高复投、KOC、置换、付费、黑名单），沉淀企业达人资产，不能全部依赖平台公共库。


2、全流程业务闭环（最重要，区分普通达人搜索工具和真正CRM）



完整覆盖达人合作全链路：

1）建档建联：跟进记录、洽谈记录、报价存档、沟通留痕，防止多人重复建联同一达人

2）寄样管理：寄样申请、审批、物流录入、签收预警、样品签收未产出内容自动提醒（高频痛点）

3）项目/campaign管理：新建活动，批量关联达人，区分置换、付费、佣金合作模式

4）履约管控：脚本审核、内容链接归档、交付状态跟踪、逾期预警

5）合同&付款：合同上传、付款节点记录，和财务对账






❌避坑：很多工具只是达人搜索库，没有寄样、履约跟进流程，买完还是继续用Excel，沦为高级通讯录。





3、团队协作与权限管理（品牌团队刚需）


多账号子账号：投手、组长、财务、管理层不同权限；投手只能操作自己负责达人，管理者看全部数据
任务分配：达人线索分配，防止撞单；内部备注、评论协同，所有信息企业留存，不会员工离职带走达人资源
审批流：寄样审批、预算审批，适配品牌内部管理流程，支持自定义字段（报价、坑位费、佣金比例、品类标签等）。


4、效果归因与数据复盘，可算ROI


基础数据自动回传：播放、点赞、评论、收藏；直播看GMV、销量
支持优惠券、专属分销码绑定达人，区分不同达人成交；
报表：单达人报表、活动整体报表，可导出；可以筛选高ROI达人，沉淀复投池；





注意：部分工具无法直接读取店铺成交，只能手动填GMV，复盘成本很高。电商品牌优先看能否对接店铺后台（抖店、视频号小店等）。





5、自动化能力，减少重复人工



重点实用功能：



跟进提醒：达人超期未回复、样品签收未发稿、交付截止到期自动提醒
模板库：私信/邮件建联模板，支持变量替换，批量触达
工作流：寄样后自动触发跟进提醒；交付完成自动统计数据；
不用追求过度花哨AI，优先解决团队高频重复工作。


6、系统集成能力


能否对接：抖店/视频号小店、ERP、钉钉/飞书企微消息通知；
数据导出权限：可以完整导出自建达人库、全部业务记录，不被厂商锁数据，这是很多品牌忽略的点。


7、易用性、实施与服务


上手门槛：不要过度复杂，一线投手愿意用，培训成本低；很多系统功能强大，但操作繁琐，团队抗拒使用最后闲置。
实施服务：是否提供初始化导入、流程配置；遇到bug响应速度；有无同行业品牌案例。
试用：务必拿自己真实业务流程跑一遍完整demo（从导入达人→寄样→项目履约→报表导出），不要只看销售演示漂亮界面。


8、成本与性价比，看清全部账单



看清收费模式：按账号？按达人数量？套餐限制？



显性成本：订阅年费/月费
隐性成本：数据迁移费、接口费、定制开发费、超量加价
规模匹配：中小品牌不要盲目上企业级高价系统；集团品牌不要买轻量化工具支撑不了大规模投放。


二、国内主流达人CRM工具简要区分（2026）




蝉圈圈：抖音数据深度强；适合重点做抖音的品牌；跨平台偏弱；完整寄样履约、项目管理、团队权限齐全。


飞瓜智星：跨平台均衡（抖音/小红书/快手/视频号）；数据生态完整；适合多平台布局的品牌团队。


热度云：抖音为主，性价比高，适合中小体量品牌。


大鱼CRM、简仑等垂直达人CRM：侧重业务流程（寄样、跟进、审批），达人搜索能力中等，适合已经有一批自有达人资源的团队。







海外：GRIN、CreatorIQ、Aspire，适合出海DTC，国内电商生态适配差，国内品牌一般不优先选。





三、不同规模品牌选型建议


①中小品牌（月对接几十位达人，5人以内小团队）



优先：流程够用，操作简单，性价比高






重点能力：自建达人库、跟进提醒、寄样管理、基础报表；不需要复杂高级定制；拒绝高价企业版。





②成长型品牌（月对接上百达人，多campaign并行，跨平台投放）



优先：跨平台数据、完善履约流程、精细权限、店铺对接算ROI






核心解决：多人协作、样品混乱、效果复盘，沉淀可复用达人资产。





③集团/大企业（几十人团队，上千达人，多子品牌，严格审批财务流程）



优先：私有化/混合云选项、深度定制审批流、数据安全等保、高级BI报表、多子项目隔离，重视数据安全，完整数据导出能力。



四、高频踩坑提醒




❌把达人搜索工具当成达人CRM：只能搜达人，没有寄样、履约、跟进管理，最后还是表格+微信混用。


❌只看功能清单，不跑真实业务：销售演示很完美，但和你们内部流程不匹配，买回来不用。


❌忽略数据锁定：确认可以完整导出自建达人库，避免换工具拿不到历史资源。


❌盲目追求大而全：很多功能永远用不到，增加团队使用负担。


❌不重视协作权限：达人资源全部掌握在员工账号，离职直接流失。




五、选型测试必问供应商清单（直接复制提问）




我们投放XX平台，各平台数据更新频率，数据来源？刷量甄别能力如何？


是否支持批量导入自有历史达人，标签自定义？自建库上限？


完整演示：达人建联→寄样申请审批→样品签收提醒→项目交付→效果报表导出整套流程。


子账号权限体系：能否区分投手/管理/财务，线索分配、防止重复建联？


是否对接抖店/小店，达人成交归因怎么实现？


全部自建达人数据是否支持随时完整导出？


哪些功能额外收费？接口、迁移、定制开发费用？


有无我们同行业品牌客户，可以参考案例？





如果你告诉我：你的主营平台、团队人数、每月大概对接达人数量、预算区间，我可以帮你进一步缩小工具选择清单。



20 个引用
推荐问题
 如何评估达人CRM管理系统的效果？
 推荐一些知名的达人CRM管理系统
 有哪些品牌团队在使用的达人CRM管理系统？
引用来源
序号
	站点名称
	站点类型
	标题
	
文章负面词
	发布时间
1
	
搜狐
	
门户/自媒体平台
	
什么是达人CRM?达人管理、跟进与样品寄送全解析_合作_简仑_建联
	
--
	
2026-07-15


2
	
Creator Hero
	
官网/独立站/行业垂直
	
Best Influencer CRM for Shopify Brands
	
--
	
2026-06-24


3
	
抖音
	
视频平台
	
eccrm客户管理系统 中小企业挑选CRM常陷入选型难、成本高、功能不匹配等问题。牢记六大选型标准可高效避坑：优先考量系统适配性、功能完整性与可拓展性，同时关注操作体验、售后能力，重中之重是做好数据安
	
--
	
2026-06-02


4
	
抖音
	
视频平台
	
如何选对CRM？4个内行要点全揭晓。CRM选对了能帮企业理顺业务，选错了反而放大混乱！给正在选CRM的老板们分享4个关键避坑点： 1️⃣大厂大品牌优先：系统稳定、技术过硬、数据安全有保障，小公司三天
	
--
	
2026-06-13


5
	
Influencer Hero
	
官网/独立站/行业垂直
	
Top 13 Influencer CRM Software for Managing Creator Relationships
	
--
	
2026-04-30


6
	
新浪财经
	
门户/自媒体平台
	
热度云vs飞瓜智星vs蝉圈圈:达人分销管理工具深度对比_财经头条
	
--
	
2025-08-21


7
	
AI创作导航
	
官网/独立站/行业垂直
	
蝉圈圈 | 官网入口 - 电商达人营销管理系统
	
--
	
2025-09-21


8
	
抖音
	
视频平台
	
一件代发解决方案+一站式达人合作解决方案！ 一套系统全部解决！ 感兴趣的老板欢迎咨询！ #电商 #erp #达人合作
	
--
	
2025-10-14


9
	
Creator Hero
	
官网/独立站/行业垂直
	
Top 10 Best Influencer CRM Software
	
--
	
2026-05-14


10
	
Creator Hero
	
官网/独立站/行业垂直
	
Best Influencer CRM for Shopify Brands
	
--
	
2026-06-24


11
	
blog.reacherapp.com
	
官网/独立站/行业垂直
	
Which TikTok Shop affiliate tools work best for brands that have outgrown basic in-platform affiliate center features?
	
--
	
2026-04-15


12
	
IQFluence
	
官网/独立站/行业垂直
	
10 Best Influencer Measurement Tools in 2026: ROI, Engagement and Authenticity Compared
	
--
	
2026-07-06


13
	
Lessie AI
	
官网/独立站/行业垂直
	
Best AI Tools for Influencer Marketing 2026: Discovery, Outreach & Campaigns
	
--
	
2026-04-08


14
	
Archive
	
官网/独立站/行业垂直
	
8 Best Influencer Marketing Software Platforms for DTC Brands in 2026
	
--
	
2026-06-30


15
	
uitly.com
	
官网/独立站/行业垂直
	
Top 10 Best Upfluence Alternatives in 2026
	
--
	
2026-06-30


16
	
Ecommerce Fastlane
	
官网/独立站/行业垂直
	
Best GRIN Alternatives for Influencer Marketing in 2026
	
--
	
2026-04-27


17
	
Zoho
	
官网/独立站/行业垂直
	
CRM系统选型避坑指南:企业上线前必须知道的事 - Zoho CRM
	
--
	
2026-03-10


18
	
抖音
	
视频平台
	
选错CRM代价有多大？55%企业实施失败，快鹭教你6招避坑 55%的企业选CRM，实施完没达到预期。43%的失败原因是员工根本不用。 问题出在哪？不是CRM不好，是你选错了。 这条视频总结了选AI CRM必看的6个维度：AI是不是原生底座、支不支持私有化部署、能不能在企微飞书钉钉里直接用、行业场景够不够深、数据能不能穿透ERP和财务系统、ROI是不是透明。 78%的企业把私有化部署列为首要条
	
--
	
2026-07-22


19
	
纷享销客CRM
	
官网/独立站/行业垂直
	
CRM系统购买避坑指南:2026年必须问供应商的7个关键问题-纷享销客CRM
	
--
	
2026-07-23


20
	
杭州八骏科技有限公司
	
官网/独立站/行业垂直
	
中小企业CRM选型避坑指南:性价比VS功能定制，如何选择最适合的? -八骏CRM百科
	
--
	
2025-08-07",captured
150,730,阶段检查点，非最终 FULL,5FD1B74C891C7FCD1393F3731C55F917A6F0124ED0CFBCE5063FD190CA40ACF7,CQ-S-20260805-C1-Q0017,CQ-Q0017,达人分销系统怎么选?,核心池,对比决策问题,2026-08-05,core_round_1,C1,collected,"收起
 达人分销系统怎么选? 
豆包·网页
搜索关键词
达人分销系统怎么选 选型要点
达人分销系统主流产品对比 2026
达人分销系统核心功能 坑点
达人分销 小程序SaaS和私有化部署区别
达人分销系统怎么选



达人分销系统分两大类：

1）平台联盟工具：抖音精选联盟、视频号优选联盟（平台原生，免费，适合短视频直播带货）

2）第三方SaaS/私有化系统：自建达人池、私域达人、外部博主合作，管理达人招募、分佣、归因、结算、寄样、数据复盘。




选型遵循顺序：先确定你的业务场景→必看核心功能→合规与技术风险→部署模式→预算与试用→避坑点。



一、先定位你的业务（选系统的前提）


业务场景	适合系统类型
只做抖音小店达人带货	优先抖音精选联盟，搭配蝉圈圈/飞瓜智星做达人管理
多平台（抖音+快手+小红书+视频号）统一管理达人分销	飞瓜智星这类跨平台达人SaaS工具
私域、小程序商城，外部博主/KOC、老客达人分销、自有达人池	微盟、有赞分销、销客多等电商SaaS；规模大可私有化部署
中大型企业，大量达人、机构、需要对接ERP财务	私有化部署或企业版SaaS，强API对接能力


二、核心必看功能清单（不要只看宣传页）


1.达人全生命周期管理


达人招募：达人入驻申请、邀请链接、达人主页（查看佣金、订单、提现）
达人分层标签：S/A/B/C等级，不同等级不同佣金；黑名单管理（防白嫖样品、高退货达人）
寄样管理：样品登记、寄出、回收、样品核销，避免重复寄样成本失控
合作跟进：记录洽谈、排期、开播状态，防止员工离职带走达人资源


2.分佣&订单归因（最容易翻车的模块）





分佣算错、退款不扣佣金，会直接引发达人投诉。







支持单品/规格独立佣金；不同达人设置不同佣金率；活动商品、套装、虚拟商品佣金规则可配置


售后自动清算：退款/部分退款自动扣回佣金，拆单订单佣金分摊


归因追踪：链接/优惠券/专属码追踪来源；区分新老客；支持复购是否继续给达人佣金


多种结算模式：按成交、按确认收货；支持固定佣金、比例佣金、阶梯佣金。




3.结算、税务、资金


佣金对账明细：商家后台、达人端双向可看明细，拒绝黑箱
提现方式：达人自主提现、商家批量打款；个税处理（系统支持代申报/开票指引）





风险：不要选完全没有税务方案的系统，达人佣金属于劳务报酬，税务不合规有风险。





4.数据看板


达人维度：GMV、订单、佣金、退货率、转化率、ROI
商品维度：每个商品达人分销产出、佣金占比
支持导出明细，对接财务做对账


5.集成能力


是否对接你的商城（小程序/抖音小店/视频号小店）；有没有开放API对接ERP、CRM、财务系统。


三、合规红线（一票否决）




分销层级：微信小程序生态严格二级以内分销，超过二级涉嫌传销，系统不能支持多级分销。


资金：优先选择有正规支付通道，不要服务商代收全部货款；货款尽量走官方支付，佣金单独结算。


宣传：系统不能自带夸大、诱导裂变话术，所有达人推广素材商家可控。




四、部署模式选择：SaaS vs 私有化部署


SaaS（租用，绝大多数中小商家）



✅优点：上线快、成本低、服务商负责维护更新、无需技术人员

❌缺点：定制能力弱，数据归服务商，按年续费，大交易量会有交易抽成

👉适合：0‑1000个达人，快速上线，不想管服务器运维的商家



私有化部署（源码部署在自己服务器）



✅优点：数据完全自己掌控，支持深度定制，对接内部ERP财务，无持续交易抽成

❌缺点：前期成本高，需要服务器，运维需要自己/付费服务商维护，迭代慢

👉适合：企业级、达人几千人以上、强数据安全需求、独特业务流程的品牌



五、主流工具简要对比（2026）


1.短视频平台达人管理SaaS（管理抖音/快手达人）




蝉圈圈：蝉妈妈生态，抖音深度很强；快手、小红书支持弱；适合只做抖音的商家


飞瓜智星：飞瓜/千瓜生态，跨平台最强（抖音、快手、小红书、视频号）；适合多平台布局品牌


热度云：侧重抖音达人管理，性价比中等。







提示：以上工具不是交易系统，只是达人CRM+数据管理，订单佣金依然走抖音精选联盟。





2.私域/小程序达人分销SaaS（自建商城+KOC达人）


有赞分销、微盟：成熟电商SaaS，开箱即用，适合品牌小程序商城，达人+分销商混合运营，企业版价格较高
销客多：侧重分销，分佣规则灵活，适合快消、食品、美妆等私域达人分销


六、选型实操步骤 & 避坑




一定要申请试用！ 重点测试三件事：
①下测试订单，做退款，看佣金是否自动扣回；
②测试不同商品、不同达人的佣金设置；
③看达人端后台页面，模拟达人视角，看对账提现体验。


拒绝只给演示，不给试用的服务商。


问清楚全部成本：年费、额外模块费、交易抽成、API对接费、实施服务费，避免隐形消费。


确认服务：遇到分佣bug，响应时间多少，有没有技术对接人。


避坑点：
不要被花哨营销功能迷惑，分佣、退款清算、归因才是核心，很多系统营销功能一堆，分佣逻辑漏洞百出。
警惕低价系统：大促高并发下卡顿、丢单，后期修复成本极高。
区分：「达人CRM工具」≠「交易分销系统」。蝉圈圈这类只是管理达人，不能做独立商城下单。




七、快速决策小口诀


只做抖音直播带货：精选联盟 + 蝉圈圈试用；
多平台短视频达人：优先飞瓜智星；
私域小程序+KOC达人：选电商SaaS（有赞/微盟/销客多）；
千人以上达人，企业复杂流程：评估私有化部署；
试用必测退款扣佣金，守住二级分销合规，算清全部费用。



如果你告诉我：你主要做哪个平台（抖音/小程序/多平台）、大概多少达人、预算，我可以帮你缩小到2‑3个最合适的选项。



23 个引用
引用来源
序号
	站点名称
	站点类型
	标题
	
文章负面词
	发布时间
1
	
销客多
	
官网/独立站/行业垂直
	
从0到1搭建分销小程序，一篇看懂全流程
	
--
	
2026-08-03


2
	
八方资源网
	
官网/独立站/行业垂直
	
2026年广受信赖的电商达人分销解决方案服务商选择指南 - 八方资源网
	
--
	
2026-08-04


3
	
抖音
	
视频平台
	
企业选择分销系统的关键合规与功能要素解析
	
--
	
2025-09-18


4
	
抖音
	
视频平台
	
达人分销工具对比｜第10期。本期分享商家如何选择适合自己的工具，想了解更多功能细节差异的同行，可以看看我的主页 #达人分销 #蝉圈圈 #热度云 #飞瓜智星 #蝉圈圈多少钱
	
--
	
2025-08-29


5
	
新浪财经
	
门户/自媒体平台
	
热度云vs飞瓜智星vs蝉圈圈:达人分销管理工具深度对比_财经头条
	
--
	
2025-08-21


6
	
今日头条
	
门户/自媒体平台
	
分销系统选型不只是比价格:五个容易被忽略的技术和运营维度_婷婷聊系统开发
	
--
	
2026-07-28


7
	
Modash.io
	
官网/独立站/行业垂直
	
10 Best Refersion Alternatives to Use in 2026
	
--
	
2026-05-21


8
	
搜狐
	
门户/自媒体平台
	
2026推客系统全景盘点:6大主流工具测评+功能选型终极指南!_分销_微信
	
--
	
2026-03-09


9
	
The Digital Merchant
	
官网/独立站/行业垂直
	
Going Beyond Archer Affiliates: A 2026 Guide to High-Performance Alternatives
	
--
	
2026-04-03


10
	
Ainfluencer
	
官网/独立站/行业垂直
	
Top 15 UpPromote Alternatives in 2026
	
--
	
2026-06-27


11
	
AdTimes
	
官网/独立站/行业垂直
	
Shopify’s Collabs Network: Can Creator Commerce Close the DTC Gap?
	
--
	
2026-07-10


12
	
Tapfiliate
	
官网/独立站/行业垂直
	
The Best Influencer Marketing Platforms for 2026: A Complete Brand Guide
	
--
	
2026-04-30


13
	
飞瓜智星
	
官网/独立站/行业垂直
	
飞瓜智星-达人分销一站式管理系统-数智先行
	
--
	
--


14
	
抖音
	
视频平台
	
达人筛选分层全方案➕三大痛点避坑✅。⭕核心底层逻辑：不以粉丝量级分层，以【转化能力 + 人群匹配 + 履约信用 + 退货健康度】四维打分，建立动态升降级达人池；先风控，再寄样，用流程堵住三类低效达人。 . ✅一、达人前置筛选标准（第一道门槛，提前过滤垃圾达人） . ✅二、达人分层体系（S/A/B/C/D 五级动态管理，可直接落地成表格） . ✅三、三大痛点完整解决方案：虚粉、高退货、样品白嫖 .
	
--
	
2026-08-04


15
	
商家助手
	
官网/独立站/行业垂直
	
2026年平台强制升级「达人分销/联盟推广」佣金结算与资质校验:商家如何核对佣金账单、处理异常扣款并保障活动准入?
	
--
	
2026-04-18


16
	
抖音
	
视频平台
	
达人分销佣金体系设计➕红线测算完整方案✅。🛠适用场景：天🐱 / dou音电商 / 🦋号电商，店铺自播外、纯达人分销模式（团长、普通达人、中腰部、头部达人），核心解决两大痛点： 👉1、佣金结构分层合理，既能招到达人，又不会无序内卷； 👉2、量化算出【安全佣金上限红线】，杜绝 “销量越高亏越多”。 🔺前提定义：本文分销 = 商家供货，达人短视频 / 直播带货，结算形式：佣金 + 可能坑位费 /
	
--
	
2026-08-03


17
	
分润宝
	
官网/独立站/行业垂直
	
分销小程序如何用推荐奖励机制招募并管理达人分销员?实体门店裂变实操指南-分润宝
	
--
	
2026-05-08


18
	
搜狐
	
门户/自媒体平台
	
技术选型指南:自建 vs SaaS，分销小程序平台怎么选?_企业_开发_业务量
	
--
	
2025-08-29


19
	
兔知云课堂
	
官网/独立站/行业垂直
	
知识付费平台如何选?深度解析托管、私有化与SaaS版的差异与适用场景 - 凸知
	
--
	
2026-06-02


20
	
抖音
	
视频平台
	
SaaS系统和私有化部署#SaaS #私有化 #小程序 #小程序商城
	
--
	
2026-04-23


21
	
抖音
	
视频平台
	
做小程序，SAAS和私有化部署如何选？1分钟学会 想做小程序的朋友注意了！你是不是在纠结：选saas系统还是独立系统？今天1分钟讲清区别，选错可能多花几万块！#小程序制作 #小程序 #小程序开发公司
	
--
	
2025-10-15


22
	
InfoQ 写作社区
	
官网/独立站/行业垂直
	
私域邦网络:小程序私有化部署靠谱吗_私有化部署_私域邦网络_InfoQ写作社区
	
--
	
2026-05-08


23
	
析客网络
	
官网/独立站/行业垂直
	
2026小程序开店指南:小程序商城两种方案(SAAS标准 vs 定制化独立部署)怎么选?
	
--
	
2026-04-20",captured
150,730,阶段检查点，非最终 FULL,5FD1B74C891C7FCD1393F3731C55F917A6F0124ED0CFBCE5063FD190CA40ACF7,CQ-S-20260805-C1-Q0018,CQ-Q0018,达人库、灰豚数据、蝉圈圈这类工具有什么区别?,核心池,对比决策问题,2026-08-05,core_round_1,C1,collected,"收起
 达人库、灰豚数据、蝉圈圈这类工具有什么区别? 
豆包·网页
搜索关键词
达人库平台介绍
蝉圈圈功能定位
灰豚数据功能定位
达人库 灰豚数据 蝉圈圈区别对比
达人库、灰豚数据、蝉圈圈核心区别总览



三者定位完全不同：通用达人资源库（基础存达人）、全域数据监测工具（查数据看大盘）、达人营销全链路SaaS管理系统（做投放全流程），下面拆开详细对比。



一、三者基础定位


1. 达人库（大多指官方/通用达人资源库，以巨量星图达人库最典型）



本质：达人CRM资源收纳工具，偏向内部资源管理，非专业数据分析





归属：巨量星图官方内置工具、第三方简易达人表格库、各类平台自带达人广场入库功能。


核心作用
把你意向合作、已合作达人统一录入系统，打标签、记录联系方式、合作状态、报价、排期、履约进度；
简单筛选自有达人池，一键发起星图邀约、跟进商务；
只管理自己沉淀的达人资产，没有全网海量公开达人深度数据、大盘趋势、精准转化归因。


适合人群：已有固定合作达人、媒介简单做台账管理，不想线下Excel整理达人信息。


短板：全网达人数据薄弱，无法深度判断达人真实带货力、粉丝质量、竞品投放数据。




2. 灰豚数据



本质：全域短视频直播数据分析工具，侧重数据查询、大盘监控、竞品/直播/商品洞察，偏“侦查分析”





覆盖平台：抖音、快手、小红书、淘宝直播四平台全覆盖，数据60秒高频实时刷新。


核心能力
全网千万级达人基础数据一键查询：粉丝画像、历史视频/直播销量、互动率、报价预估；
行业大盘、爆款商品、热门直播实时追踪，竞品账号、品牌关键词舆情监控、评论情感分析；
多达人横向数据对比、投放数据简易复盘；
附带轻度达人收藏入库，无完整商务履约、样品管理、团队绩效闭环。


优势：跨平台数据均衡、实时性强、性价比高，适合前期调研选品、盯竞品、筛查达人基础质量。


短板：达人合作全流程管理薄弱，没办法系统化管样品、排期、对账、ROI精准归因、团队协作流程。




3. 蝉圈圈（蝉妈妈旗下专业达人营销SaaS）



本质：品牌达人投放全链路闭环管理系统，从策略选达人→商务对接→样品寄送→内容监测→转化归因→绩效结算一站式操盘





依托蝉妈妈底层抖音大数据，同时兼容小红书、快手、视频号。


核心差异化能力
海量达人智能筛选：优先挖掘自然出单未建联优质达人；
完整业务流：达人CRM建档、样品申领管控、排期排计划、内容审核、发布实时监控；
精准ROI转化归因：种草曝光到店铺成交链路追踪，自动统计每条达人内容带来订单、GMV、退款，量化真实投产；
团队协同：子母账号分工、媒介绩效考核、投放报表自动生成、品牌达人资产长期沉淀；
AI内容策略、爆款脚本拆解、多场次种草计划统筹管理。


优势：抖音生态数据最深，品效合一投放闭环成熟，品牌规模化达人种草/带货首选。


短板：整体偏重抖音，纯小红书轻量化数据监测不如灰豚灵活。




二、核心维度横向对比表


对比维度	通用达人库（星图达人库）	灰豚数据	蝉圈圈
核心定位	自有达人资源台账管理	全域数据情报、达人数据筛查、行业监控	达人投放全流程商业化运营SaaS
数据能力	仅有基础账号信息，无深度行业数据	全网实时数据、直播/商品/舆情、竞品监测极强	依托蝉妈妈深度抖音带货数据，精准成交归因
达人筛选	仅限自己入库的达人	全网达人批量筛选、数据对标	全网筛选+自有达人池一体化管理
合作全流程	仅邀约+状态记录	简单收藏，无履约、样品、结算管理	样品、排期、履约、对账、绩效全闭环
ROI归因	无	基础曝光、播放数据，很难精准追踪成交	种草→成交全链路追踪，自动核算投产
适用场景	媒介日常管理存量达人、简易台账	前期选品、看大盘、查竞品、初选达人	品牌规模化达人种草、达播投放、团队精细化操盘
适合角色	单人媒介、小型工作室简单归档	运营、投放专员做数据分析调研	品牌市场部、专业媒介团队、MCN批量投放
平台侧重	仅限抖音星图生态	抖音/快手/小红书/淘宝均衡全覆盖	抖音最强，小红书、快手为辅


三、该怎么选？简单对号入座





只用达人库

手上固定一批长期合作达人，只是不想用Excel记录商务信息、排期、联系方式，仅做内部资产管理，不做大规模全网拓达人。




选灰豚数据

①需要同时盯抖音、小红书、快手多平台数据；

②日常工作以看大盘爆款、监控竞品直播间、查达人基础数据、做投放前期调研为主；

③预算有限，只需要数据工具，不需要复杂的投放流程管理。




选蝉圈圈

①品牌常态化批量达人种草、带货投放，每月几十上百条达人合作；

②需要精准核算每一位达人带来真实成交ROI；

③团队多人协作（媒介、运营、审核），需要管控样品、排期、绩效、自动结案报表；

④核心阵地是抖音电商，追求品效合一可量化投放。





四、搭配使用最优方案（主流玩法）



灰豚数据初选优质达人 → 导入蝉圈圈/星图达人库建档管理 → 蝉圈圈承接后续投放全流程+效果复盘

先用灰豚全网扫筛潜力达人，再放进专业达人管理系统落地商务履约与效果追踪。



20 个引用
引用来源
序号
	站点名称
	站点类型
	标题
	
文章负面词
	发布时间
1
	
deepnavi.cn
	
官网/独立站/行业垂直
	
蝉圈圈-抖音达人营销全流程管理工具
	
--
	
--


2
	
蝉圈圈
	
官网/独立站/行业垂直
	
蝉圈圈—经营你的达人圈，达人合作管理、品效合一全流程管理工具
	
--
	
--


3
	
驱动中国
	
官网/独立站/行业垂直
	
蝉圈圈3.0重磅发布:杜绝无效种草 达人营销助力品牌出圈 _ 驱动中国
	
--
	
--


4
	
蝉圈圈
	
官网/独立站/行业垂直
	
达人带货全流程追踪利器，以数据赋能品效合一营销 - 蝉圈圈
	
--
	
2025-10-11


5
	
Feishu
	
官网/独立站/行业垂直
	
蝉圈圈产品使用手册
	
--
	
--


6
	
抖音电商
	
电商平台
	
玩转达人广场-精准找带货达人合作
	
--
	
2026-03-07


7
	
巨量星图
	
官网/独立站/行业垂直
	
巨量星图服务商达人库使用手册-星图营销服务平台
	
--
	
2024-08-28


8
	
JoinBrands
	
官网/独立站/行业垂直
	
Influencer Marketing Platforms: Which One is Right for Your Business?
	
--
	
2026-06-23


9
	
Datech Help Center
	
官网/独立站/行业垂直
	
产品功能介绍
	
--
	
2025-09-09


10
	
Influencer Marketing Hub
	
官网/独立站/行业垂直
	
Top Influencer Discovery Tools with 10M+ influencer Database
	
--
	
2026-07-13


11
	
MOGE
	
官网/独立站/行业垂直
	
topYappers:AI驱动平台，提供庞大且经过认证的TikTok达人数据库，具备先进内容分析与精准创作者匹配能力。 - MOGE
	
--
	
--


12
	
huitun.aiproducthub.cn
	
官网/独立站/行业垂直
	
灰豚数据 - 直播短视频带货数据分析平台|抖音快手小红书达人查询爆款商品直播间数据工具网页版
	
--
	
--


13
	
COONAV
	
官网/独立站/行业垂直
	
抖音数据查看平台有哪些?12大主流工具深度解析，选对平台事半功倍 | COONAV电商运营导航
	
--
	
--


14
	
luoluo.help
	
官网/独立站/行业垂直
	
数据分析工具 | LuoLuo Wiki
	
--
	
--


15
	
87G手游网
	
官网/独立站/行业垂直
	
灰豚数据app下载官方_灰豚数据手机版下载 v3.9.24安卓版 - 87G手游网
	
--
	
2026-08-01


16
	
今日头条
	
门户/自媒体平台
	
小红书博主管理与深度链接_人人都是产品经理
	
--
	
2026-05-25


17
	
灰豚数据
	
官网/独立站/行业垂直
	
灰豚数据 - 短视频& 直播电商数据分析平台
	
--
	
--


18
	
抖音
	
视频平台
	
灰豚数据与蝉妈妈功能对比及适用场景解析
	
--
	
2025-12-14


19
	
抖音
	
视频平台
	
用了这个灰豚数据之后 对于我这种短视频博主来说也太香了吧！#灰豚数据 #带货小帮手 #选品工具
	
--
	
2026-03-03


20
	
云巴巴
	
官网/独立站/行业垂直
	
灰豚数据短视频& 直播电商数据分析平台_抖音、小红书达人营销管理工具-云巴巴
	
--
	
--",captured
150,730,阶段检查点，非最终 FULL,5FD1B74C891C7FCD1393F3731C55F917A6F0124ED0CFBCE5063FD190CA40ACF7,CQ-S-20260805-C1-Q0019,CQ-Q0019,"达人建联软件怎么选,主要看哪些功能?",核心池,对比决策问题,2026-08-05,core_round_1,C1,collected,"收起
 达人建联软件怎么选,主要看哪些功能? 
豆包·网页
搜索关键词
达人建联软件怎么选 核心功能
抖音达人建联软件需要什么功能
达人建联工具对比 商家使用要点
达人建联工具避坑点
达人建联软件选型要点（抖音/抖店通用，跨境TikTok逻辑基本一致）



达人建联软件核心解决4件事：找得到精准达人、高效批量触达、管好达人资源、跟进复盘合作，不要只看宣传的“达人数量”，重点看下面几大类功能。



一、达人筛选&数据能力（最核心）





达人库数字没有意义，筛选精度、数据质量才是关键







多维度交叉筛选字段
必须支持：类目垂类、粉丝区间、真实互动率、带货GMV/销量、近30天开播/发稿活跃度、报价区间、粉丝画像（年龄、性别、地域）、是否接同类竞品、内容形式（短视频/直播/测评）。
避坑：只有关键词搜索，没有带货、互动、受众筛选的工具不要选。


达人质量校验
识别异常账号：刷粉、异常波动粉丝、低互动垃圾号；查看历史带货记录、过往合作商品、爆品案例。


找达人方式




关键词/类目搜索
竞品/同款商品反查合作达人（非常实用）
相似达人推荐、达人广场同步数据、导入达人名单批量解析




数据更新频率：优先T+1或每日更新；更新周期几天以上，达人信息容易过时。




二、建联邀约功能（决定BD效率和回复率）




批量邀约能力
支持批量发送邀约消息，同时要支持单人手动编辑话术；不能是无脑纯群发（群发模板回复率极低）。


话术模板&AI辅助
支持多套模板、变量替换（达人昵称、产品、佣金、寄样政策）；最好支持AI生成个性化邀约，减少千篇一律消息，提升回复率。


跟进提醒/二次触达
对已发送未回复达人，定时提醒二次跟进；记录邀约时间，避免重复给同一个达人发消息（重复建联非常伤品牌）。


联系方式获取
优先兼容平台官方邀约通道；部分工具可提取达人公开商务联系方式，注意遵守平台规则，规避账号风险。




三、达人CRM管理（团队协作必备，很多工具缺失）




自建达人池：把筛选出来达人存入私有库，打标签（垂类、粉丝段、合作状态：待联系、已读、拒绝、寄样中、已合作），写备注记录沟通内容。


团队权限：多BD账号隔离、达人池共享，防止多人重复联系同一个达人。


寄样、履约记录：记录寄样、样品单号、排期、坑位费、佣金、合同信息。







如果团队2人以上做达人BD，没有CRM管理功能，工具只相当于一个筛名单插件。





四、合作效果追踪复盘




邀约数据看板：发送多少、已读、回复率、同意合作数量，看哪套话术效果更好。


合作后数据回传：合作达人的视频/直播GMV、销量、ROI，把建联和最终效果打通，方便筛选高产出达人二次复投。


导出报表：达人名单、邀约记录、合作数据支持Excel导出。




五、附加加分功能（按需选择）




竞品达人监测：监控竞品新合作达人，快速薅对标资源。


浏览器插件：浏览达人主页直接解析数据，一键加入达人库。


风险预警：标记有负面舆情、违规历史的达人。




六、非功能硬性考察项（避坑）




定价透明：看清是否有额外收费，比如导出名单、增加账号、API额外扣费；优先支持免费试用，上手实测筛选、邀约效果再付费。


平台合规：不要选容易触发平台风控、诱导站外私域、违规爬虫的工具，会导致店铺/账号风险。


适配你的业务模式
铺货、大量测款：看重批量邀约速度、筛选量大
品牌、高客单、复投达人：看重CRM管理、数据复盘、精准筛选
小商家1‑2个人BD：优先轻量化，不用买复杂企业版




简单选型速查表


商家类型	重点优先级
中小抖店（1‑2人BD）	精准筛选＞批量邀约＞基础达人库管理
品牌/代运营（多人BD团队）	CRM协作＞效果复盘＞竞品达人挖掘
跨境TikTok卖家	地区筛选、多语言话术、邮箱建联、ASIN反查达人


常见踩坑提醒




不要被“几百万达人库”忽悠，筛出来的达人是否匹配你的品类才重要，池子大不等于精准。


只可以把工具做筛选、批量触达，重点达人一定要人工微调话术，纯AI群发回复率很差。


拒绝只有名单导出，没有跟进、管理、复盘的工具，用一段时间会变成一团乱的Excel表格。





如果你告诉我：是抖音国内还是TikTok、团队几个人、预算，我可以帮你进一步缩小工具选择。



17 个引用
引用来源
序号
	站点名称
	站点类型
	标题
	
文章负面词
	发布时间
1
	
博客园
	
社区/论坛/博客
	
2026 TikTok跨境电商达人匹配工具测评:数据驱动下的高效建联解决方案解析 - U渠道 - 企业博客
	
--
	
2026-06-07


2
	
妙手ERP
	
官网/独立站/行业垂直
	
TikTok达人建联工具怎么选?3个标准帮你少踩90%的坑 - 妙手跨境学院
	
--
	
2026-06-30


3
	
搜狐
	
门户/自媒体平台
	
达人建联工具对比:郑和助手VS蝉哒哒 怎么选更适配_卖家_合作_核心
	
--
	
2026-05-11


4
	
妙手ERP
	
官网/独立站/行业垂直
	
TK达人建联工具怎么选?5个维度帮你避开90%的坑，附工具推荐 - 妙手跨境学院
	
--
	
2026-07-14


5
	
达人精灵
	
官网/独立站/行业垂直
	
TikTok 达人建联工具怎么选?为什么不一定要绑定店铺 | 达人精灵
	
--
	
2026-06-25


6
	
博客园
	
社区/论坛/博客
	
2026年TikTok跨境电商达人合作工具深度解析与全场景实战适配指南 - 产业观察报 - 企业博客
	
--
	
2026-05-29


7
	
搜狐
	
门户/自媒体平台
	
Scrumball vs 蝉哒哒:2026年TikTok达人建联工具怎么选?_卖家_数据_盘得更
	
--
	
2026-04-27


8
	
抖音
	
视频平台
	
让商务团队一人变三人！ #达人分销 #达人带货 #抖音电商 #抖店 #商务BD
	
--
	
2026-07-31


9
	
Github
	
社区/论坛/博客
	
GitHub - sz8887031-bot/kol-claw: KOL 投放从玄学变科学:自动找达人、量化评级、CPM 定价、生成话术、飞书协作，全链路一句话触发 · GitHub
	
--
	
--


10
	
抖音电商
	
电商平台
	
玩转达人广场-精准找带货达人合作
	
--
	
2026-03-07


11
	
搜狐
	
门户/自媒体平台
	
抖音筛选达人工具进入精细化阶段，小青苔为何被归类为达人建联工具?_合作_场景_效率
	
--
	
2026-06-11


12
	
darenqueqiao.cn
	
官网/独立站/行业垂直
	
达人鹊桥 - 电商达人和运营公司的连接桥梁
	
--
	
--


13
	
搜狐
	
门户/自媒体平台
	
小青苔是什么?一款面向抖音商家的高性价比达人合作与内容经营提效工具_建联_沟通_商务
	
--
	
2026-07-10


14
	
ImTiktoker
	
官网/独立站/行业垂直
	
TikTok达人合作避坑手册——用数据和AI把翻车概率降到最低 | 达人精灵 - ImTiktoker 玩家网
	
--
	
2026-07-27


15
	
博客园
	
社区/论坛/博客
	
2026TikTok跨境电商达人匹配工具测评:数据驱动下的高效建联解决方案分析 - U渠道 - 企业博客
	
--
	
2026-06-07


16
	
博客园
	
社区/论坛/博客
	
2026 TikTok跨境电商达人匹配工具测评报告:数据驱动下的高效建联解决方案(重生成) - U渠道 - 企业博客
	
--
	
2026-07-09


17
	
AutoCreator
	
官网/独立站/行业垂直
	
TikTok达人建联攻略 小白如何做好TikTok达人建联AutoCreator | TikTok Shop 首个 AI 自动化达人营销 Agent
	
--
	
2025-09-11",captured
150,730,阶段检查点，非最终 FULL,5FD1B74C891C7FCD1393F3731C55F917A6F0124ED0CFBCE5063FD190CA40ACF7,CQ-S-20260805-C1-Q0020,CQ-Q0020,达人建联软件怎么选?,核心池,对比决策问题,2026-08-05,core_round_1,C1,collected,"收起
 达人建联软件怎么选? 
豆包·网页
搜索关键词
达人建联软件怎么选 对比
达人建联工具 主流产品 优缺点 价格
达人建联软件核心功能指标
抖音快手小红书达人建联平台区别 品牌方用
达人建联软件怎么选



达人建联软件分国内（抖音/小红书/快手）、跨境TikTok两大类；选型不要只看“达人库总量”，优先匹配你的业务场景、预算、团队规模、平台生态。下面是选型核心维度、工具分类、选型决策表、避坑要点。



一、核心7个评估维度（必看）




达人筛选能力（最重要）
不要迷信“千万达人库”，看筛选条件：类目、粉丝区间、互动率、带货历史、受众画像、是否带过同类竞品、账号活跃度、是否刷量；能过滤水分账号，才是核心价值。







国内：看是否支持筛选挂车/带货历史、笔记转化率；跨境：看国家、语种、受众地域、过往带货GMV。







建联触达方式 & 合规性




官方工具：平台内邀约私信，合规，有每日次数上限；
第三方工具：邮箱/站外私信批量发送；警惕暴力群发，容易被达人拉黑、触发风控；优先支持AI个性化话术，拒绝纯模板群发。





全流程管理能力（CRM）

达人池分组、跟进状态、样品寄送记录、合作记录、BD归属防重复建联、项目复盘数据（建联数、回复率、合作数、产出GMV）；团队多人协作，必须要有这个功能。




数据能力

达人数据更新频率、是否识别虚假粉丝、合作后效果回传；品牌要ROI追踪，中小商家至少要看互动、带货历史。




适配你的业务平台





国内做抖音：巨量星图、精选联盟达人广场；小红书：蒲公英；快手：磁力聚星；
同时做多平台：飞瓜智星、新抖等第三方；
跨境TikTok：区分TikTok Shop店铺卖家 / 独立站、亚马逊无店铺卖家，部分工具必须绑定TK店铺才能建联。





预算&付费模式

区分：按年订阅、按月订阅、按建联点数/条数扣费；中小商家优先可按月、有试用；大企业看企业版CRM、报表、多账号席位。




附加能力

AI邀约话术生成、相似达人挖掘、竞品达人扒取、样品管理、UGC内容管理。





二、国内达人建联工具分类（抖音/小红书/快手）


1）官方平台（优先考虑，合规）


工具	适用平台	优点	缺点
巨量星图+精选联盟达人广场	抖音	官方数据真实，交易履约闭环，免费基础建联；可批量邀约达人	每日邀约次数有限；高级筛选弱；CRM管理弱
蒲公英平台	小红书	小红书官方，合规报备，笔记数据真实	批量建联能力一般，价格偏高
磁力聚星	快手	快手官方，适合直播带货达人	多平台不互通





适合：预算充足、需要合规报备投放；缺点：批量大规模铺达人效率低，缺少达人资源沉淀管理。





2）第三方SaaS（多平台批量建联+达人CRM）


飞瓜智星：抖音、小红书、快手、视频号多平台；达人挖掘、批量建联、达人库CRM；适合国内品牌、MCN，中小到中大型团队。
新抖/新红：侧重数据分析，建联功能为辅；适合先做达人调研，再导出线索自己BD。





注意：第三方工具大多是拿到达人公开联系方式（邮箱、主页商务微信），不是平台内私信，属于站外联系。





三、跨境TikTok达人建联工具分类


中小卖家（预算低，快速测款）




蝉哒哒：主打精准建联、AI本地化话术，价格门槛低，半年/月付，适合中小TK Shop卖家，追求回复率，不追求超大达人库。


郑和助手：主打极速大批量触达，适合广撒网快速测款，短时间触达大量达人，追求触达数量优先。


达人精灵：浏览器插件+网页端，TK页面直接分析达人，支持无TK店铺（独立站/亚马逊卖家），收集线索、CRM管理合作进度。




中大型品牌/大卖（预算充足，规模化达人营销）




Scrumball：海量全球达人库、深度受众画像、完整CRM、高级报表；年费高，适合成熟BD团队做规模化达人项目。


FastMoss / EchoTik：侧重达人数据分析大盘，适合挖掘达人线索，建联是附加功能，适合先做市场调研。


AutoCreator：TikTok ISV官方应用，AI全链路找达人、建联跟进、履约管理，适合TK Shop店铺商家。




四、快速选型决策（直接对号入座）




✅国内抖音商家，少量达人投放，追求合规：精选联盟达人广场+巨量星图


✅国内品牌/MCN，多平台（抖音+小红书+快手）批量铺达人、沉淀达人资源：飞瓜智星


✅TikTok Shop中小卖家，想要提升回复率，预算有限：蝉哒哒


✅跨境独立站/亚马逊，没有TK店铺，需要站外建联：达人精灵


✅跨境大卖，有BD团队，做大规模达人营销，预算充足：Scrumball


✅需要广撒网快速测款，追求触达数量：郑和助手




五、避坑重点




不要被“几百万达人库”忽悠，筛选精度、数据真实性＞库的规模，很多账号是僵尸号、刷量号。


区分「平台内私信」和「站外邮箱/微信联系」：第三方绝大多数是站外联系，不属于平台官方邀约，达人回复率参差不齐。


拒绝无脑暴力群发工具：大量模板消息会被达人直接忽略，回复率极低，甚至被拉黑。


一定要试用：重点测试：筛选是否能筛出垂类达人、建联话术效果、CRM好不好用。


跨境卖家注意：部分工具强制绑定TikTok Shop店铺；做独立站/亚马逊要提前确认解绑店铺后功能是否可用。




六、简单落地建议


小团队：先用官方工具跑基础流程，当人工处理达人效率不够，再上第三方建联SaaS；
中大型团队：官方做合规投放，第三方SaaS做达人线索挖掘、CRM沉淀、批量站外建联，两者搭配使用。



如果你告诉我：做国内还是跨境、平台（抖音/小红书/TikTok）、预算、团队BD人数、目标是铺量还是精准高回复，我可以帮你直接缩到1‑2个最合适工具。



21 个引用
推荐问题
 如何判断达人建联软件的数据是否准确？
 推荐一些好用的达人建联软件
 达人建联软件的价格一般是多少？
引用来源
序号
	站点名称
	站点类型
	标题
	
文章负面词
	发布时间
1
	
搜狐
	
门户/自媒体平台
	
达人建联工具对比:郑和助手VS蝉哒哒 怎么选更适配_卖家_合作_核心
	
--
	
2026-05-11


2
	
搜狐
	
门户/自媒体平台
	
Scrumball vs 蝉哒哒:2026年TikTok达人建联工具怎么选?_卖家_数据_盘得更
	
--
	
2026-04-27


3
	
卖家之家
	
官网/独立站/行业垂直
	
FastMoss、EchoTik、Kalodata 和达人精灵怎么选?TikTok 工具适用场景对比
	
--
	
2026-07-20


4
	
博客园
	
社区/论坛/博客
	
2026找达人推荐软件全盘点:优质服务商实力详解、场景适配梳理及合作避坑全FAQ指南 - U渠道 - 企业博客
	
--
	
2026-07-10


5
	
Influencer Hero
	
官网/独立站/行业垂直
	
Traackr vs Social Cat vs Influencer Hero : Features, Pricing and Key Differences
	
--
	
2025-11-20


6
	
妙手ERP
	
官网/独立站/行业垂直
	
TikTok达人建联工具怎么选?靠这3个标准，少踩90%的坑，附工具推荐 - 妙手跨境学院
	
--
	
2026-06-30


7
	
博客园
	
社区/论坛/博客
	
2026 TikTok跨境电商达人匹配工具测评:数据驱动下的高效建联解决方案解析 - U渠道 - 企业博客
	
--
	
2026-06-07


8
	
搜狐
	
门户/自媒体平台
	
手动私信、通用群发工具、蝉哒哒:三类TikTok达人建联模式深度对比_合作_匹配_统一
	
--
	
2026-04-28


9
	
Influencer Hero
	
官网/独立站/行业垂直
	
Ainfluencer vs Wednesday.App vs Influencer Hero : Features, Pricing and Key Differences
	
--
	
2025-10-24


10
	
Creator Hero
	
官网/独立站/行业垂直
	
Top 10 Ainfluencer Alternativen: Funktionen, Preise und Bewertung
	
--
	
2026-05-14


11
	
IQFluence
	
官网/独立站/行业垂直
	
10 Best Influencer Measurement Tools in 2026: ROI, Engagement and Authenticity Compared
	
--
	
2026-07-06


12
	
卖家之家
	
官网/独立站/行业垂直
	
无店铺卖家选择 TikTok 达人建联工具，要重点看这 7 个能力
	
--
	
2026-06-26


13
	
抖音
	
视频平台
	
TikTok 带货如何做达人建联 #ScoreHub #达人建联 #出海工具 #运营工具 #效率工具
	
--
	
2026-05-07


14
	
dasu666.com
	
官网/独立站/行业垂直
	
达速达人批量建联系统 - TikTok 出海商家的高效达人邀约解决方案
	
--
	
--


15
	
AutoCreator
	
官网/独立站/行业垂直
	
AutoCreator-TikTok官方首推AI自动化达人营销Agent_TikTok达人营销就用AutoCreator
	
--
	
--


16
	
品牌主场
	
门户/自媒体平台
	
2026自媒体种草平台深度横评：15万+资源精准匹配与场景化种草能力测评
	
--
	
2026-08-04


17
	
广州市星洋网络科技有限公司
	
官网/独立站/行业垂直
	
达人合作平台使用指南，星图、磁力聚星等平台的实战技巧与避坑策略 - 网站建设 - 广州网站建设_广州网站设计_广州网站制作
	
--
	
--


18
	
抖音电商
	
电商平台
	
玩转达人广场-精准找带货达人合作
	
--
	
2026-03-07


19
	
搜狐
	
门户/自媒体平台
	
达人分销——商务BD找达人的7种方式_合作_智星_商家
	
--
	
2024-08-30


20
	
必集客
	
官网/独立站/行业垂直
	
找达人推广的正确方法，5个热门合作渠道+3步筛选技巧，达人合作从此不踩坑-必集客
	
--
	
2026-04-04


21
	
InfluChina
	
官网/独立站/行业垂直
	
Influencer Management Software in China
	
--
	
2025-11-21",captured
150,730,阶段检查点，非最终 FULL,5FD1B74C891C7FCD1393F3731C55F917A6F0124ED0CFBCE5063FD190CA40ACF7,CQ-S-20260805-C1-Q0021,CQ-Q0021,"品牌达人营销增长系统是什么,和达人CRM有什么区别?",核心池,品类认知问题,2026-08-05,core_round_1,C1,collected,"收起
 品牌达人营销增长系统是什么,和达人CRM有什么区别? 
豆包·网页
搜索关键词
品牌达人营销增长系统是什么
达人CRM和达人营销增长系统区别
达人CRM功能介绍
一、两个系统基础定义


1. 达人CRM（达人客户关系管理系统）



定位：达人资源+合作流程管理工具，偏「内部履约管理」

核心目标：管好达人资产、标准化商务合作流程，解决「达人资料混乱、跟进漏单、寄样履约、档期撞单、人员离职带走达人」等运营效率问题。

核心功能：





达人资源库：达人档案、标签分层、报价、赛道、联系方式统一沉淀为公海资产；


建联跟进漏斗：待联系→已沟通→寄样中→签约→履约→复盘，全流程节点提醒；


履约管控：样品申请/物流、合同存档、内容交付排期、档期防冲突；


基础数据复盘：单场播放、GMV、ROI简易统计、达人评级；


团队协同：操作留痕、权限管理、商务交接、结算台账。





简单一句话：达人CRM是品牌商务的「达人台账+流程工作台」，管“人”和“合作流程”。



2. 品牌达人营销增长系统



定位：全域达人营销增长闭环平台，偏「增长决策+规模化营收」

达人CRM只是它的基础底层模块之一，系统完整覆盖「达人挖掘→投放策略→内容生产→投放分发→流量转化→分销复购→全域增长复盘→预算智能分配」全增长链路，核心目标是用达人渠道驱动品牌销量、声量、用户资产持续增长。

核心模块（包含达人CRM，再叠加增长能力）：





内置完整版达人CRM（资源/建联/履约管理）；


AI达人挖掘与精准匹配：全网达人库、竞品投放分析、品类/人群智能匹配；


内容增长引擎：AI脚本、Brief模板、内容审核、素材资产库、UGC规模化生产；


投放与流量运营：达人投流联动、直播实时监控、爆单自动追投提醒；


分销/团长/自播一体化：达人佣金分佣、达人店铺分销、私域引流转化；


全域数据增长中台：打通电商订单、店铺GMV、复购、人群画像、种草转化全链路归因；


增长策略工具：ROI预算测算、达人价值模型、投放人群沉淀、投放迭代方案；


业务增长看板：达人渠道占比、品类增长曲线、投放投产预测、团队增长业绩考核。





一句话总结：达人营销增长系统是完整的达人生意操作系统，不仅管“人”，更管“怎么靠达人赚钱、规模化增长”。



二、核心五大核心区别


1. 核心目标不同（最本质差异）


达人CRM：降本提效、资产管理。解决内部商务流程混乱，把达人变成企业可复用资产，只解决“管理效率”问题，不直接驱动增长；
达人营销增长系统：营收增长、规模化复制。以销售/品牌增长为最终目标，提供策略、投放、分销、数据归因工具，主动放大达人渠道收益。


2. 功能边界：包含 vs 独立


达人CRM：独立单点工具，只做达人合作流程管理，缺少投放、分销、全域转化、增长预测能力；
达人营销增长系统：一体化全链路平台，达人CRM只是其中一个子模块，上层叠加挖掘、内容、投放、分销、增长分析等完整营销能力。


3. 数据能力深浅差异


达人CRM：事后基础统计，仅记录单次合作曝光、GMV，无全域链路归因，无法区分“达人种草带来的新客、复购、搜索转化”；
增长系统：全域增长数据中枢，打通抖音/小红书/店铺/私域，完成种草→搜索→下单→复购完整归因，输出渠道增长模型、预算优化建议、达人长期生命周期价值LTV。


4. 适用业务阶段与品牌规模


达人CRM适合：


中小品牌、单次零散投放，每月达人合作量少（几十位以内）；
需求仅为：管好达人资料、跟进寄样、防止商务离职丢资源；
无达人分销、大规模矩阵种草、投流联动等增长需求。


达人营销增长系统适合：


中大型品牌、成熟电商商家、每月合作上百/千位达人；
做达人矩阵种草、达人分销、自播+达人联动、全域流量承接；
需要数据指导预算分配、批量复制高转化达人打法、持续放大达人渠道销售额。


5. 操作角色侧重不同


达人CRM：商务媒介专用，核心使用者是达人BD、商务，老板仅看简单报表；
达人营销增长系统：全部门协同——商务（CRM建联）、内容运营（素材脚本）、投放（达人投流）、电商运营（分销订单）、市场负责人（增长决策、预算复盘）全员使用。


三、直观对比表格


对比维度	达人CRM	品牌达人营销增长系统
核心定位	达人合作流程管理工具	全域达人营销增长一体化平台
包含关系	独立工具	内置达人CRM为基础模块
核心价值	规范商务流程、沉淀达人资产、减少内耗	驱动销量/声量增长、规模化复制投放打法
核心功能	达人档案、建联跟进、寄样履约、档期管理、简易ROI统计	全部CRM能力+AI达人挖掘、内容生产、投流监控、达人分销、全域转化归因、增长预测、预算智能分配
数据能力	单场合作基础数据，无全链路归因	打通社媒+电商+私域，完整种草-成交-复购链路分析
适用品牌	小规模零散投放、仅基础达人对接	大规模达人矩阵、分销带货、全域种草投放
使用人群	商务/媒介	商务、内容、投放、电商、市场管理层


四、简单选型建议




刚起步、每月几十个达人、只需要管好对接流程 → 选达人CRM；


达人投放是核心增长渠道、做千位KOC矩阵、达人分销、投流联动、需要数据驱动投放迭代 → 直接上达人营销增长系统；


两者不是二选一：增长系统自带CRM能力，无需额外单独采购达人CRM。




16 个引用
推荐问题
 品牌达人营销增长系统的流量转化效果如何？
 品牌达人营销增长系统的投放策略模块有哪些功能？
 品牌达人营销增长系统的AI达人挖掘与精准匹配是如何实现的？
引用来源
序号
	站点名称
	站点类型
	标题
	
文章负面词
	发布时间
1
	
allymatic
	
官网/独立站/行业垂直
	
allymatic阿力 | TikTok达人营销、达人分销与达人建联系统
	
--
	
--


2
	
蝉圈圈
	
官网/独立站/行业垂直
	
2026版《达人营销增长体系全景图》首发!
	
--
	
2025-11-20


3
	
抖音
	
视频平台
	
运营忙活没效果？系统化闭环才是破局关键。很多品牌日更、投达人却增长停滞，根源是碎片化假努力🔥 动作互不协同、基建未完善就投流、投放后缺少数据复盘，投入全部内耗。 正确打法搭建四步闭环：诊断线上全域现状
	
--
	
2026-07-02


4
	
蝉圈圈
	
官网/独立站/行业垂直
	
告别数据碎片化!如何打造达人营销的“数据中枢”，让流量变资产 - 蝉圈圈
	
--
	
2025-09-26


5
	
云积天赫
	
官网/独立站/行业垂直
	
云积品牌达人运营平台 SuperKOC | 云积分
	
--
	
--


6
	
今日头条
	
门户/自媒体平台
	
东信时代推“聚星有数”平台，开启智能达人营销_北京科技报
	
--
	
2026-07-20


7
	
搜狐
	
门户/自媒体平台
	
什么是达人CRM?达人管理、跟进与样品寄送全解析_合作_简仑_建联
	
--
	
2026-07-15


8
	
CSDN博客
	
社区/论坛/博客
	
新品上线 | 企企通推出达人管理系统，助力达人营销提效增速_企企通营销思路-CSDN博客
	
--
	
2025-10-16


9
	
CloudKOL
	
官网/独立站/行业垂直
	
红人营销SaaS平台怎么选?从筛选到数据分析的全流程数字化升级指南 – CloudKOL
	
--
	
2026-07-25


10
	
中华网科技频道
	
官网/独立站/行业垂直
	
热度云3.0发布|重磅推出达人分销全方位业务辅助方案_中华网
	
--
	
2023-12-30


11
	
AI创作导航
	
官网/独立站/行业垂直
	
蝉圈圈 | 官网入口 - 电商达人营销管理系统
	
--
	
2025-09-21


12
	
搜狐
	
门户/自媒体平台
	
媒介公司管不好达人资源?达人CRM搞定档期撞单、离职流失两大难题_销售_团队_合作
	
--
	
2026-06-24


13
	
抖音
	
视频平台
	
达人资源管理乱 CRM客户管理系统全流程。达人 CRM 客户管理系统是针对达人经纪、MCN 机构、品牌商务等从业者的专属管理工具，核心是解决达人资源分散、合作流程混乱、数据难追踪等痛点， 一、达人全维
	
--
	
2025-12-05


14
	
抖音
	
视频平台
	
告别 Excel 乱如麻！ScoreHub 达人 CRM，把合作做成标准化生产线！✨ 做 TikTok 跨境，建联只是开始，真正的考验在管理。 你是不是也每天在几百个聊天窗口里反复横跳？😭 “样寄了吗
	
--
	
2026-05-12


15
	
CSDN博客
	
社区/论坛/博客
	
达人管理系统(CRM)原型图_crm原型rp-CSDN博客
	
--
	
2026-05-23


16
	
伙伴云
	
官网/独立站/行业垂直
	
抖音达人CRM管理系统:如何用零代码重塑品牌与达人的协同效率?-伙伴云
	
--
	
2025-11-12",captured
150,730,阶段检查点，非最终 FULL,5FD1B74C891C7FCD1393F3731C55F917A6F0124ED0CFBCE5063FD190CA40ACF7,CQ-S-20260805-C1-Q0022,CQ-Q0022,"怎么建联达人,完整流程是什么?",核心池,品类认知问题,2026-08-05,core_round_1,C1,collected,"收起
 怎么建联达人,完整流程是什么? 
豆包·网页
搜索关键词
达人建联完整流程
商家对接达人全步骤 详细教程
达人建联完整SOP全流程（抖音电商通用，从前期准备→邀约→洽谈→寄样→投产→复盘、达人沉淀，一步到位）



整套分为8大阶段、22个细分步骤，附带渠道、话术、避坑要点，商家可以直接落地执行



阶段1：前期筹备（建联前1‑2天准备，决定邀约通过率）


1. 明确合作目标



先定清楚本次找达人目的：新品测款、冲销量、品牌曝光、清库存、做短视频种草、直播专场；

再敲定预算：纯佣金模式 / 坑位费+佣金 / 一口价短视频广告费、样品成本、投流预算。



2. 敲定达人用户画像



按照产品类目筛选达人标签：



粉丝量级：素人/千粉达人、腰部1‑10w、中腰部10‑50w、头部达人
赛道垂直度：必须和你的商品赛道匹配（护肤品找护肤博主、家居找家居测评）
粉丝性别、年龄、地域、历史带货品类、近30天带货GMV、视频更新频率、差评率


3. 设置精选联盟合作机制




上架主推品，设置定向计划佣金、样品价、运费承担方案


准备资料包：产品详情、卖点清单、实拍素材、报价表、合作模式、寄样规则、禁词清单




4. 准备多套建联邀约话术



区分私信初次打招呼、纯佣金邀约、付费坑位费邀约、置换样品合作话术



阶段2：多渠道挖掘、筛选目标达人


渠道1：官方达人广场（最主流）



抖音商家后台→精选联盟‑达人广场，开启筛选条件：类目、粉丝、近7天带货数据、内容标签，批量导出达人清单



渠道2：竞品对标达人



搜索同款爆款商品，查看所有带过竞品的博主，优先挖已经带过同类产品、有成熟转化的达人



渠道3：团长、MCN机构、私域社群、小红书/视频号跨平台博主、评论区种草博主


达人筛选标准（淘汰劣质达人）




账号粉丝水分高、点赞评论转化率极低


带货历史差评多、经常翻车、断更很久


内容和你的产品完全不垂直




阶段3：初次触达建联（发起首次沟通）


方式1：平台站内私信邀约



优先站内消息，不要一上来就要微信；简短表明身份、产品、合作模式






参考话术：您好，我们是XX品牌，主营XX产品，现寻找垂直达人带货，可以提供免费样品+XX%佣金，无坑位费，感兴趣可以沟通细节





方式2：获取微信/商务联系方式深度对接



达人主页、商家主页、简介、粉丝群、达人后台合作码；添加好友申请只写「短视频带货合作」，不要暴露店铺信息，降低被拒绝概率



3. 分层批量触达


头部达人：单独定制私信、一对一商务对接
中腰部达人：模板话术批量私信
素人达人：批量群发邀约





跟进节奏：第一天私信、隔天跟进1次、3次没回复直接标记流失达人，换下一批





阶段4：深度商务洽谈，敲定全部合作细节



沟通必须确认全部条款，避免后期纠纷：





合作形式：短视频种草、直播、图文、合集植入


合作费用：坑位费、佣金比例、结算周期、样品是否免费、样品运费谁承担


内容硬性要求：视频卖点、出镜方式、链接挂载、发布时间、是否允许投流


履约周期：多久出片、几次修改机会、直播时长、开播档期


违约条款：达人拖更、敷衍内容、违规话术、不出货解决方案





洽谈达成共识之后，平台端发起合作订单，锁定合作机制；付费达人签署线上协议，约定权责



阶段5：寄样流程管控（最容易翻车环节）




登记达人台账：达人ID、昵称、联系方式、收货地址、合作模式、寄样时间


发出样品，快递单号发给达人


物流跟进：发货→运输→达人签收


签收之后24h跟进，提醒达人查收样品、确认测评档期







避坑：纯置换样品达人，约定签收后7日内产出内容，超时收回合作资格





阶段6：达人内容制作、审核、发布上架




发送完整Brief文档：品牌介绍、产品核心卖点、避雷词、参考视频、挂载链接教程


达人初稿产出，商家审核视频：检查卖点齐全、没有违规话术、商品链接正常


修改‑定稿，达人定时发布短视频/开启直播带货


发布之后第一时间检查小黄车、标题、定位、橱窗链接是否正常




阶段7：数据监测、投流助推、结算回款




实时监控：播放量、点击率、访客、转化率、GMV、佣金、投产比ROI


优质达人作品：开启千川/随心推加热，放大流量


按时结算佣金、坑位费；留存带货截图、直播回放，出现数据异常及时沟通




阶段8：复盘分级，搭建长期达人矩阵


达人分级




S级：投产很高、稳定出单 → 长期深度绑定、优先新品、更高佣金、专属福利


A级：可以出单，中规中矩 → 持续上新邀约


B级：视频敷衍、几乎零单 → 放入备选库，不再优先建联


黑名单达人：敷衍样品、恶意差评、拖更跑路，永久拉黑




复盘优化


哪种粉丝量级达人转化率最高
佣金、样品政策是否需要调整
优化邀约话术，提升建联通过率


完整时间轴（标准周期）



达人筛选→私信建联（1‑3天）→商务谈判（1‑2天）→寄出样品（1‑3天物流）→达人测评出片（3‑7天）→发布带货→数据复盘→达人分层运营



建联避坑清单




不要上来就索要微信，站内先简单沟通意向


不要无门槛免费寄样，设置签收后履约期限


付费达人一定要敲定交付标准，避免劣质流水账视频


所有合作条件口头沟通之后，平台订单/聊天记录留存凭证





需要我发给你**3套达人建联可直接复制的邀约话术（素人置换、纯佣金、坑位费达人）**吗？



11 个引用
推荐问题
 如何判断达人的粉丝质量？
 如何评估达人合作的效果和ROI？
 如何与达人进行有效的沟通和合作？
引用来源
序号
	站点名称
	站点类型
	标题
	
文章负面词
	发布时间
1
	
blog.wotokol.com
	
官网/独立站/行业垂直
	
TikTok达人建联:从注册到达人合作的完整流程指南 - 卧兔红人营销:智能海外红人营销方案
	
--
	
2026-03-01


2
	
妙手ERP
	
官网/独立站/行业垂直
	
达人建联功能说明 - 妙手ERP
	
--
	
2026-06-15


3
	
抖音
	
视频平台
	
一个视频讲清楚达人建联的全流程 #如何找达人带货 #达人带货对接 #电商 #达人分销达哥 #达人带货
	
--
	
2026-07-03


4
	
抖音
	
视频平台
	
达人建联怎么做｜4步从零顺利合作。📋杭州陈总刚开始做达人建联，用这套方法后从零顺利合作了50个达人📈 达人建联怎么做？新手入门只需四步👇 ✨第一步——明确目标：确定要带什么产品、找什么类型达人 ✨第二
	
--
	
2026-04-22


5
	
抖音
	
视频平台
	
商家消息总是已读不回？新手对接商家供应链，拿样品谈高佣的完整沟通方法全在这里#达人建联技巧 #新手带货 #短视频带货 #谈佣金话术#自媒体
	
--
	
2026-07-03


6
	
抖音电商
	
电商平台
	
抖音电商学习中心
	
--
	
2025-09-02


7
	
抖音电商
	
电商平台
	
达人合作入门必修课
	
--
	
--


8
	
抖音
	
视频平台
	
第一次做达人合作，是不是感觉无从下手？怕找错人、怕沟通踩坑、怕合作完没效果？1️⃣ 第一步：先明确合作目标别上来就盲目找达人，想清楚再动手：- 测新品：找10-20个中腰部达人，低成本测试，跑出来数据
	
--
	
2026-04-14


9
	
抖音
	
视频平台
	
达人商务合作全流程解析与高效执行策略
	
--
	
2025-09-23


10
	
微信小店
	
门户/自媒体平台
	
微信小店成长中心 - 功能中心
	
--
	
2026-03-17


11
	
CSDN博客
	
社区/论坛/博客
	
达人合作全流程教程:用小青苔达人营销工具完成高级筛选、批量邀约和达人库管理_达人过滤自动打单-CSDN博客
	
--
	
2026-08-03",captured
150,730,阶段检查点，非最终 FULL,5FD1B74C891C7FCD1393F3731C55F917A6F0124ED0CFBCE5063FD190CA40ACF7,CQ-S-20260805-C1-Q0023,CQ-Q0023,找达人合作的平台有哪些?,核心池,品类认知问题,2026-08-05,core_round_1,C1,collected,"收起
 找达人合作的平台有哪些? 
豆包·网页
搜索关键词
找达人合作的平台有哪些
国内达人撮合平台 品牌投放 抖音小红书快手B站
达人平台分类 官方平台 第三方平台
达人合作平台汇总



分为平台官方商单平台（交易合规、数据真实，优先选）、第三方综合撮合平台（跨平台一站式）、数据分析工具（找号筛达人，不做交易）、**跨境达人平台四大类。



一、各平台官方商业接单平台（品牌投放必看）





通过官方平台下单，平台担保交易，避免私下合作被骗、违规限流风险







抖音｜巨量星图
抖音、头条、西瓜视频达人，短视频、直播带货、商单投放，可筛选粉丝、垂类、报价、转化数据。


小红书｜蒲公英平台
小红书官方，所有商业笔记必须走蒲公英报备，支持置换、付费投放，筛选笔记、互动、粉丝画像。


快手｜磁力聚星
快手官方，适合下沉市场、本地生活、直播带货、短视频植入，中小达人很多。


B站｜花火平台
B站UP主官方商单，适合数码、游戏、知识、美妆种草，可筛选播放、弹幕互动数据。


微博｜微任务
微博博主合作，适合话题传播、热点营销，微博广告合规报备通道。


视频号｜视频号达人广场
微信生态，视频号短视频、直播带货，适合私域、小程序电商商家。


淘宝逛逛｜逛逛达人平台
淘系内达人，适合淘宝天猫店铺，短视频、逛逛种草、直播带货。




二、第三方综合撮合平台（跨多平台达人）



适合同时做抖音/小红书/B站/快手多渠道投放，一站式选号下单





WEIQ（天下秀）
覆盖抖音、小红书、B站、快手、微博、微信，300万+达人库，支持自助投放、媒介代撮合，数据复盘完整，大小品牌都适用。


微播易
老牌红人营销平台，适合中大型品牌，全平台达人，可做策略+撮合+结案报告。


新榜
微信公众号、视频号为主，也覆盖短视频平台，公众号达人资源很强。







⚠️第三方平台注意：优先选择平台担保交易，不要直接私转达人钱。





三、数据分析工具（只用来找达人、鉴别账号质量，不能直接下单合作）



用来筛选达人、看真假粉丝、看历史投放数据，找到达人后再去官方平台下单



抖音：飞瓜数据、抖查查
小红书：千瓜数据、新红数据
B站：火烧云数据
视频号：新视数据
全平台：克劳锐指数小程序


四、跨境出海达人平台（TikTok/Youtube/Ins）




TikTok Creator Marketplace（TTCM）：TikTok官方达人市场，TK Shop商家可用


Noxinfluencer：跨境红人搜索，TikTok、YouTube、Ins，查海外博主数据


Modash：海外社媒达人挖掘，鉴别虚假粉丝




✅简单选择建议




只做抖音：直接用巨量星图；只做小红书：蒲公英，合规最重要。


同时做多平台种草：WEIQ、微播易。


预算小、中小商家：优先官方平台，少用高价第三方代投。


找达人步骤：数据分析工具筛号 → 跳转官方商单平台发起合作，尽量不走私下转账。





如果你告诉我你的行业、预算、主要做哪个平台，我可以帮你精简一套最合适的操作方案。



16 个引用
引用来源
序号
	站点名称
	站点类型
	标题
	
文章负面词
	发布时间
1
	
数英
	
官网/独立站/行业垂直
	
聚焦抖yin、微bo、微xin、头条的专业数据分析工具
	
--
	
--


2
	
Shopify
	
官网/独立站/行业垂直
	
Top 15 Influencer Marketing Platforms: 2026 Guide
	
--
	
2026-04-01


3
	
抖音
	
视频平台
	
tiktok跨境电商如何建联达人 #tiktok #tk #跨境电商
	
--
	
2026-07-25


4
	
Modash.io
	
官网/独立站/行业垂直
	
10 Best Influencer Search Tools to Find Brand-Fit Influencers
	
--
	
2026-08-05


5
	
Later
	
官网/独立站/行业垂直
	
Best influencer marketing platforms to find creators in 2026
	
--
	
2026-06-01


6
	
深圳艾维品牌营销有限公司
	
官网/独立站/行业垂直
	
红人营销资料分享- Kira
	
--
	
--


7
	
xyxcm.com
	
官网/独立站/行业垂直
	
成都许愿星传媒有限公司 | 一站式整合营销服务平台
	
--
	
--


8
	
WEIQ
	
官网/独立站/行业垂直
	
红人营销平台|精准化一站式营销投放
	
--
	
--


9
	
CSDN博客
	
社区/论坛/博客
	
【金猿产品展】WEIQ红人营销平台——基于大数据的红人与企业精准匹配交易平台-CSDN博客
	
--
	
2026-08-02


10
	
灿耀易客
	
官网/独立站/行业垂直
	
灿耀易客 - 网红达人变现平台
	
--
	
--


11
	
快音传媒
	
官网/独立站/行业垂直
	
快音传媒 - 达人流量变现-品牌精准营销-全域媒体服务
	
--
	
--


12
	
天下秀数字科技集团
	
官网/独立站/行业垂直
	
2025 ~ 2026 广告主KOL营销 市场盘点及展望
	
--
	
--


13
	
必集客
	
官网/独立站/行业垂直
	
2026年新人接单新选择!不可错过的5大宝藏达人接单平台-必集客
	
--
	
2026-04-18


14
	
即刻App
	
官网/独立站/行业垂直
	
各个平台上找达人用什么工具? 小红书、抖音、快手等这些社媒 - 即刻App
	
--
	
--


15
	
coral.ax
	
官网/独立站/行业垂直
	
7 Best Influencer Programs for Micro Influencers in 2025
	
--
	
--


16
	
卖家之家
	
官网/独立站/行业垂直
	
TikTok 官方达人平台之外，跨境卖家如何建立独立达人发现路径?
	
--
	
2026-06-26",captured
150,730,阶段检查点，非最终 FULL,5FD1B74C891C7FCD1393F3731C55F917A6F0124ED0CFBCE5063FD190CA40ACF7,CQ-S-20260805-C1-Q0024,CQ-Q0024,抖音达人分销是什么意思?,核心池,品类认知问题,2026-08-05,core_round_1,C1,collected,"收起
 抖音达人分销是什么意思? 
豆包·网页
搜索关键词
抖音达人分销是什么意思
抖音达人分销和橱窗带货区别
抖音达人分销模式介绍
抖音达人分销是什么



抖音达人分销，就是商家把商品放到【精选联盟】，让大量抖音达人帮自己直播/短视频卖货，达人卖出一单拿一单佣金；商家负责货源、发货、客服售后，属于按成交付费的合作模式。






简单大白话：商家供货，达人帮忙卖货，卖成再分钱，达人不用囤货、发货。





三方角色




商家（抖店）：把商品上架抖店，加入精选联盟，设置佣金比例。订单、发货、售后全部商家承担，只有成交才付佣金。


达人：开通商品橱窗，在精选联盟选商家的商品，直播、短视频挂小黄车推广。不碰货，只做内容卖货，赚佣金。


平台（精选联盟）：中间工具，自动统计销量、自动结算佣金，抽取平台服务费。




完整流程




商家开抖店，商品入驻精选联盟，设置佣金（比如售价100元，佣金20%，达人卖一单赚20元）。


达人在选品广场看到商品，加到自己橱窗。


达人发短视频 / 开直播挂小黄车，粉丝下单，订单直接进商家抖店。


商家发货、处理售后。


用户确认收货后，平台自动把佣金结算给达人。




和几个概念的区别


1）达人分销 VS 商家自播


自播：商家自己账号直播卖自家货，没有佣金；
达人分销：别的达人账号帮商家卖货，给达人佣金。


2）达人分销 VS 普通橱窗带货



本质是一回事：橱窗就是达人分销的工具。



站在商家视角叫：达人分销（找别人帮我卖）
站在达人视角叫：橱窗带货 / 选品联盟带货（我帮别人卖赚佣金）


3）达人分销≠团长分销


达人：直接带货拿佣金；
团长：招商撮合商家和达人，拿团长服务费，团长本身不一定直接直播卖货。


优缺点



✅商家侧



优点：卖出去才给钱，风险低；可以同时让几十上百个达人帮你卖，快速起量、打爆款。
缺点：要让出一部分利润做佣金；达人内容不可控，会有品控风险。



✅达人侧



优点：零囤货、零发货、不用管售后，只做内容就可以赚佣金。
缺点：佣金有高有低，出单才有钱，没卖出就没有收益。


小提醒



抖音达人分销是一级佣金模式，不允许多层级拉人头返利，和传销性质的多级分销不一样，只能是商家直接给带货达人结算佣金。




如果你需要，我可以分别给你一份：【商家怎么做达人分销】或者【达人怎么做分销带货】的极简操作步骤。



13 个引用
引用来源
序号
	站点名称
	站点类型
	标题
	
文章负面词
	发布时间
1
	
人人都是产品经理
	
官网/独立站/行业垂直
	
万字长文:抖音达人直播分销业务的底层逻辑和实操玩法! | 人人都是产品经理
	
--
	
--


2
	
搜狐
	
门户/自媒体平台
	
什么是达人分销?抖音达人分销要怎么做?_品牌_合作_产品
	
--
	
2025-11-24


3
	
抖音
	
视频平台
	
达人分销模式解析与品牌应用策略
	
--
	
2025-11-05


4
	
抖音
	
视频平台
	
老师以五金工具店铺实例解析达人分销模式
	
--
	
2025-08-14


5
	
抖音
	
视频平台
	
品牌方必看🔥2026年怎么做达人分销❓。✔️达人分销（即“找达人带货”）是一个系统性的工程。核心逻辑是：将自己的商品/服务，通过海量达人的内容与影响力，精准触达潜在客户，实现销货和品牌曝光。 📌以下
	
--
	
2025-12-25


6
	
中国日报
	
央媒/主流媒体
	
火蝠电商:达人分销服务全面上线，搭建品牌与达人高效合作桥梁
	
--
	
2026-01-04


7
	
抖音
	
视频平台
	
新手零经验女装达人分销三步躺赚攻略
	
--
	
2025-10-31


8
	
抖音电商
	
电商平台
	
关于修订《精选联盟推广费/服务费结算规则》的公示通知
	
--
	
2026-05-16


9
	
抖音
	
视频平台
	
一条视频说清楚短视频带货底层逻辑！#短视频带货 #自媒体创业 #干货分享
	
--
	
2026-07-13


10
	
抖音
	
视频平台
	
抖音上挂小黄车是开通抖店还是商品橱窗？ 抖音上挂小黄车是开通抖店还是商品橱窗？抖音小店和商品橱窗有什么区别？挂小黄车是开抖店还是商品橱窗？抖音小店挂小黄车需要什么条件？商品橱窗能挂小黄车么？抖音小店如何挂小黄车？#小黄车 #商品橱窗 #抖音小店 #抖店运营 #电商运营@DOU+上热门
	
--
	
2026-06-29


11
	
抖音
	
视频平台
	
逆袭真相：从亏2000个到翻盘的关键一步！ 文案 “当初以为要彻底栽了，结果硬是靠这招把亏的2000个全挣回来！” 话题 #逆袭真相 #创业干货 #经验分享主播 #脱口秀普法
	
--
	
2026-03-06


12
	
美篇
	
官网/独立站/行业垂直
	
抖音个人卖东西赚钱，商品橱窗可以卖，教你3招快速找回橱窗
	
--
	
--


13
	
淘宝
	
电商平台
	
2025年抖音电商全攻略|抖小店运营+橱窗开通+达人带货课程一网打尽-代运营-淘宝好物网
	
--
	
2025-09-08",captured
150,730,阶段检查点，非最终 FULL,5FD1B74C891C7FCD1393F3731C55F917A6F0124ED0CFBCE5063FD190CA40ACF7,CQ-S-20260805-C1-Q0025,CQ-Q0025,抖音达人投放是什么意思?,核心池,品类认知问题,2026-08-05,core_round_1,C1,collected,"展开
 抖音达人投放是什么意思? 
豆包·网页
抖音达人投放是什么



简单说：商家/广告主花钱找抖音达人（博主），通过达人的账号发内容，帮自己做推广卖货、打品牌，这整套就叫达人投放，属于抖音商业化里的内容广告。






通俗理解：不是自己账号发广告，是借别人（达人）的粉丝和影响力来投放广告。





常见2种形式


1、付费合作（纯商单）



商家给钱，达人发布广告视频/直播：



短视频：达人拍种草视频，挂商品橱窗、小黄车、跳转链接
直播：达人直播间带货、口播介绍产品
结算方式：一口价服务费、服务费+佣金、纯佣金


2、平台工具投放（巨量星图）



抖音官方交易平台叫巨量星图，这就是正规达人投放入口：

商家在星图筛选达人、下单、付款、达人接单产出广告内容。



走星图的内容是合规商业广告，会带「广告」标识；不走星图私下接单属于违规，容易限流、下架。


达人投放和千川有什么区别？


千川：投自己的视频/直播间，花钱买流量，账号是你自己的
达人投放：用达人的账号产出内容，借达人粉丝、人设做种草，再可以叠加千川给达人视频加热


达人投放一般目的




种草曝光：打品牌，让更多人知道产品


带货转化：靠达人短视频/直播间直接卖货


铺内容：大量达人产出种草素材，铺满抖音搜索、推荐流




相关名词


纯佣投放：不给达人基础费用，只按卖出的货拿佣金
坑位费：短视频/直播的基础服务费，不管卖多少货都要给
达人矩阵：同时找一堆大小达人批量投放



如果你是商家，我可以简单讲下达人投放的基础操作流程。



推荐问题
 抖音达人投放的收费标准是怎样的？
 如何判断抖音达人投放的效果？
 抖音达人投放的优势和劣势分别是什么？",confirmed_none
150,730,阶段检查点，非最终 FULL,5FD1B74C891C7FCD1393F3731C55F917A6F0124ED0CFBCE5063FD190CA40ACF7,CQ-S-20260805-C1-Q0026,CQ-Q0026,达人ROI计算公式是什么?,核心池,品类认知问题,2026-08-05,core_round_1,C1,collected,"展开
 达人ROI计算公式是什么? 
豆包·网页
达人ROI计算公式





ROI=投入产出比，核心看花出去多少钱，带来多少销售额





1、通用达人ROI（最常用，电商投放）



达人ROI = 达人带来总GMV ÷ 达人全部投入成本




✅达人全部投入成本包含：



坑位费（服务费）
佣金成本
给达人的样品成本
投放配套的投流费用（千川/随心推，如果是跟着达人直播间投的要算进去）





举例：坑位费5000，佣金20%，达人带货GMV 50000，没有投流，样品忽略

佣金=50000×20%=10000

总投入=5000+10000=15000

ROI=50000 ÷15000 =3.33







2、区分2个容易混淆指标


①不计坑位费，只算佣金ROI（部分商家看）



佣金ROI = GMV ÷ 佣金金额



②纯利润ROI（看赚不赚钱，比GMV‑ROI更真实）



利润ROI = 达人带来毛利额 ÷ 达人全部投入成本






毛利额=GMV‑产品成本‑退货金额






⚠️一定要扣退货！很多达人ROI看着很高，退货后直接变亏。

实际有效GMV=成交GMV‑退款GMV，实操建议全部用退款后真实GMV计算ROI。



3、行业参考


纯佣金达人（无坑位费）：ROI>1就不亏
有坑位费的短视频/直播达人：品牌一般目标ROI≥2‑3，类目不同差异很大


4、简易实操版公式（工作表格直接用）





达人ROI =（达人成交GMV‑退款金额）÷（坑位费+实际佣金+样品费+达人投流费）





补充：倒推保本ROI



保本ROI = 1÷【毛利率‑佣金比例】（坑位费另算，适合快速判断能不能做）




如果你需要，我可以给你一份可直接复制到Excel的计算公式模板。



推荐问题
 如何计算达人带货的实际有效GMV？
 如何提高达人ROI？
 达人带货的坑位费一般是多少？",confirmed_none
150,730,阶段检查点，非最终 FULL,5FD1B74C891C7FCD1393F3731C55F917A6F0124ED0CFBCE5063FD190CA40ACF7,CQ-S-20260805-C1-Q0027,CQ-Q0027,"达人分销怎么做,适合什么商品?",核心池,品类认知问题,2026-08-05,core_round_1,C1,collected,"收起
 达人分销怎么做,适合什么商品? 
豆包·网页
搜索关键词
达人分销怎么做 适合什么商品
达人分销完整操作流程
适合达人分销的品类特征与不适合品类
一、达人分销是什么



商家入驻平台分销广场（抖音精选联盟、快手好物联盟、视频号分销、有赞分销等），设置佣金，达人零成本拿货、拍短视频/直播带货，成交后系统自动结算佣金，纯佣金合作居多，商家和达人风险共担、按效果付费，不用提前付高额坑位费，适合中小商家低成本起量。



（一）完整落地实操步骤（以抖音精选联盟主流玩法为例）


阶段1：商家前期基础搭建（分销能跑通的前提）




店铺与商品达标
店铺体验分≥4.2，基础销量、好评、主图详情页完善，售后体系稳定；达人优先愿意带口碑好、售后省心的店铺商品。
核算利润红线：单品毛利=售价-产品成本-快递-平台扣点-售后损耗（常规预留2%~6%），佣金总额不能超过单品毛利，防止卖一单亏一单。


上架分销计划，设置佣金规则
入驻精选联盟，新建普通计划、定向计划、专属高佣计划：
普通计划：全平台达人可一键挂载，适合冷启动铺量；
定向计划：指定优质达人单独加高佣，锁定优质达人；
阶梯佣金：销量越高佣金越高，激励达人持续主推。
佣金参考区间：快消食品15%~30%、美妆护肤20%~40%、家居百货10%~25%、服饰15%~35%、数码配件5%~12%。


准备配套物料
免费样品、统一卖点脚本、实拍素材、直播话术、售后答疑口径，降低达人拍摄难度。




阶段2：招募匹配达人，搭建达人矩阵



按体量分层布局，新手优先铺中小KOC，性价比最高：





尾部/KOC（万粉以内）：主力冷启动测款
合作模式：免费寄样+佣金，数量大、成本低、内容接地气，批量铺短视频，快速测品、积攒基础销量评价，性价比最高。


腰部达人（10万~100万粉）：核心放量主力
粉丝精准、转化稳定，可定向加高佣，单条短视频/直播稳定出单，打造爆款单品。


头部达人（百万粉以上）：品牌曝光+冲销量
大多需要佣金+坑位费，中小商家不建议优先投放，适合成熟爆款冲量。


达人筛选渠道
精选联盟达人广场、对标店铺带货达人扒取、团长批量撮合、私信定向邀约、MCN机构合作。




阶段3：达人对接、内容投放与运营管控




建联寄样：签收后督促达人排期拍摄，简单规范内容底线（不夸大宣传、不违规话术）；


内容助推：优质达人视频搭配小额随心推/千川投流放大流量；


数据监控：每日看点击率、转化率、退款率，淘汰低转化达人，持续加高佣扶持高产出达人；


自动结算：平台订单确认收货无售后纠纷后，系统自动结算佣金，无需人工对账。




阶段4：长期优化闭环



跑通爆款后固化内容模板、固定优质达人长期合作，持续上新分销链接，搭建稳定达人分销渠道。



（二）两种主流合作模式




纯佣金模式（新手首选）：无坑位费，成交才结算，零投放风险；


佣金+坑位费：针对头部/优质腰部达人，保证档期与主推力度，适合成熟爆款。




二、适合做达人分销的商品（核心判定标准）


五大硬性必备条件




毛利充足，可让出佣金：扣除各项成本后至少剩余10%以上可分佣空间；


可视化强、短视频容易实拍演示：镜头里一眼看出效果，不用复杂讲解；


决策门槛低，冲动下单：客单价主流30~200元最佳，不用反复比价、深度思考；


售后简单、退货率低：退换货繁琐、售后纠纷多的品类达人不愿意主推；


具备复购属性最佳：达人愿意长期主推，持续赚佣金。




高适配类目（分销主流爆款）




居家日用/厨房小工具
削皮器、收纳神器、清洁抹布、小家电、锅具等，实拍前后对比效果直观，佣金适中、受众广，海量居家KOC随便就能拍，分销跑量天花板最高。


休闲食品、零食、预制菜、冲饮
试吃实拍吸引力强、复购极高、客单价低、售后简单，佣金15%~30%，全域美食达人都能承接。


平价美妆护肤、个护洗护
面膜、护手霜、洁面、身体乳、彩妆小样，测评类、美妆垂类达人适配度高，毛利空间大，靠达人种草建立信任转化。


服饰鞋帽、内衣袜子配饰
穿搭上身实拍即可成交，海量穿搭KOC矩阵铺量，换季上新快，靠款式视觉打动下单。


母婴刚需小件
辅食、婴儿洗护、安全小用品、母婴收纳，宝妈达人粉丝精准、粘性高、复购强，佣金普遍偏高。


宠物用品、园艺小物件、车载小配件
垂类达人精准，竞争适中，实拍使用场景简单，稳定走量。




三、不适合达人分销的品类（尽量避开）




毛利极低、无分佣空间：9.9包邮极低利润白牌、原材料大宗商品，没钱分给达人，没人愿意带货；


超高客单、决策周期极长：全屋定制、大家电、汽车、珠宝高价奢侈品、房产，用户不会刷短视频冲动下单，更适合线索引流而非分销带货；


售后极度复杂、退货率爆表：定制家具、定制服装、大型易碎品、尺寸版型极难把控的非标品，大量售后纠纷会拖垮佣金结算、劝退达人；


监管敏感、话术极易违规：药品、医疗器械、医美项目、保健品功效宣传、金融理财、烟草、虚拟课程、加盟招商，达人宣传极易违规封号，风险极高；


一次性低频刚需、无复购：一次性婚庆道具、大型装修主材，达人带一次之后没有长期收益，合作积极性极低；


无法镜头展示效果：抽象服务类、专业B2B工业原材料，短视频很难讲清价值。




四、新手做达人分销避坑要点




不要一上来砸头部达人，先用低价KOC测品，验证转化率再放大投入；


佣金透明化，规则写清楚结算时间、售后扣佣规则，避免和达人纠纷；


严控达人宣传话术，杜绝夸大功效、虚假承诺，避免店铺违规扣分；


库存稳定，分销爆单后及时备货，超卖发货超时会拉低店铺评分，流失达人信任。




18 个引用
引用来源
序号
	站点名称
	站点类型
	标题
	
文章负面词
	发布时间
1
	
手机网易网
	
门户/自媒体平台
	
火蝠案例 | ROI翻倍GMV跃升!达人分销加速品牌增长|roi|分销|品牌增长|火蝠|电商_手机网易网
	
--
	
2026-04-23


2
	
销客多
	
官网/独立站/行业垂直
	
视频号商品怎么分销_视频号商品怎么分销百科
	
--
	
2026-07-09


3
	
分润宝
	
官网/独立站/行业垂直
	
多达人联合带货，分销系统佣金结算规则怎么定才公平又可持续?-分润宝
	
--
	
2026-05-22


4
	
抖音
	
视频平台
	
达人分销✅ 如何把痛点变成卖点🔥。⭕核心逻辑:痛点只负责勾起焦虑，成交理由负责给出确定性解决方案。整条视频不能只吐槽问题，必须把每一处痛点，对应转化成产品不可替代的购买理由，全程绑定分销带货逻辑，降低用户决策成本、提升下单率。 . ✅一、底层转化公式(所有短视频通用) . ✅二、4步标准拍摄流程，痛点自动转成交理由 . ✅三、3种爆款短视频脚本模板，直接拍 . ✅四、分销短视频专属加分技巧:强化成
	
--
	
2026-07-24


5
	
蝉圈圈
	
官网/独立站/行业垂直
	
达人分销业务成功的50个真相:底层逻辑深度剖析与实战指南 - 蝉圈圈
	
--
	
2025-09-23


6
	
抖音
	
视频平台
	
达人分销佣金体系设计➕红线测算完整方案✅。🛠适用场景：天🐱 / dou音电商 / 🦋号电商，店铺自播外、纯达人分销模式（团长、普通达人、中腰部、头部达人），核心解决两大痛点： 👉1、佣金结构分层合理，既能招到达人，又不会无序内卷； 👉2、量化算出【安全佣金上限红线】，杜绝 “销量越高亏越多”。 🔺前提定义：本文分销 = 商家供货，达人短视频 / 直播带货，结算形式：佣金 + 可能坑位费 /
	
--
	
2026-08-03


7
	
抖音电商
	
电商平台
	
达人合作入门必修课
	
--
	
--


8
	
支付宝文档中心
	
官网/独立站/行业垂直
	
达人带货分佣使用指南 - 支付宝文档中心
	
--
	
2026-06-02


9
	
抖音
	
视频平台
	
高效达人商务合作全流程解析与实战技巧
	
--
	
2025-08-20


10
	
抖音
	
视频平台
	
达人分销助力店铺高效出单的实战方法
	
--
	
2025-09-21


11
	
搜狐
	
门户/自媒体平台
	
什么是达人分销?抖音达人分销要怎么做?_品牌_合作_产品
	
--
	
2025-11-24


12
	
抖音
	
视频平台
	
电商KOC达人分销团队运营打法🔥。⭕做达人带货、KOC 分销，团队必须权责拆分 ——老板定顶层战略框架，员工只做标准化落地执行，杜绝让基层员工承担起盘、测爆款、搭建投放体系这类战略工作，适配前文小预算小达人 + 小额投流整套带货模式。 . ✅一、完整运营思路底层逻辑 . ✅二、分阶段落地实操打法 . ✅三、团队分工避坑清单（干货重点） . 📌总结：板和员工职责混淆：指望运营自己摸索爆款、搭建投放模
	
--
	
2026-07-22


13
	
HiMall
	
官网/独立站/行业垂直
	
哪些行业最适合推客分销?哪些一定要慎重?-HiMall
	
--
	
2026-07-24


14
	
抖音
	
视频平台
	
达人分销不同类目有不同的玩法 #电商实操 #短视频带货 #达人带货
	
--
	
2026-05-30


15
	
抖音电商
	
电商平台
	
精选联盟平台管理规则
	
--
	
2026-04-17


16
	
TT123
	
官网/独立站/行业垂直
	
5月TikTok美区美妆个护TOP500榜单，从选品、短视频、达人、直播、商品卡、转化全链路深度解析!-TT123卖家导航
	
--
	
2026-05-25


17
	
比丘营销
	
官网/独立站/行业垂直
	
抖音精选联盟入驻类目全解析:商家与达人如何选择与规避 – 比丘营销推广
	
--
	
2025-08-16


18
	
ttcalculator.net
	
官网/独立站/行业垂直
	
Best TikTok Shop Niches 2026
	
--
	
--",captured
150,730,阶段检查点，非最终 FULL,5FD1B74C891C7FCD1393F3731C55F917A6F0124ED0CFBCE5063FD190CA40ACF7,CQ-S-20260805-C1-Q0028,CQ-Q0028,达人分销是什么意思?,核心池,品类认知问题,2026-08-05,core_round_1,C1,collected,"收起
 达人分销是什么意思? 
豆包·网页
搜索关键词
达人分销模式 通俗解释
达人分销和普通分销区别
达人分销是什么意思
达人分销是什么意思



达人分销：商家把商品放到平台选品库，设置佣金；抖音/小红书等平台的达人（博主、主播、KOL/KOC）选品，用短视频、直播带货，出单之后拿佣金，没有成交不花钱。






通俗讲：达人帮你卖货，卖出去才分钱，不用达人进货囤货，货源、发货、售后全部由商家负责。





完整流程




商家：上架商品，设置佣金比例，开通达人分销，可寄样品给达人；


达人：在达人广场挑选商品，挂到自己短视频/直播间；


用户：看达人内容下单，订单直接进商家店铺；


履约：商家发货、处理售后；


结算：订单确认收货后，平台自动把佣金结算给达人。




和普通广告、传统分销的区别


模式	核心特点
达人分销	按成交付佣金，达人不用囤货；适合大量中小达人矩阵带货
付费广告/坑位费	先给钱，不管卖不卖货，风险商家承担
传统线下分销	代理商要囤货、压资金，赚进货出货差价
普通用户分销（推客）	普通人转发链接，没有内容创作能力；达人靠内容+粉丝信任带货


两种合作形式




无坑位费分销（纯佣金）：只赚佣金，不出场费，大量中小达人常用，商家风险最低；


坑位费+佣金：头部大达人，先付出场费，成交再额外拿佣金。




优缺点



✅优点



商家：风险低，卖不出不用给钱；可以批量对接很多达人，快速测款打爆品。
达人：零成本带货，不用管发货售后，只做内容种草。



❌缺点



商家：佣金压缩利润；达人流量不稳定，无法保证一定出单。
达人：商品质量、售后由商家把控，容易因产品问题损耗自己口碑。





提示：达人分销≠传销，是电商平台正规带货模式，核心是真实卖货赚销售佣金，不是靠拉人头获利。






如果你需要，我可以给你讲下商家怎么设置达人分销佣金的简单思路。



12 个引用
推荐问题
 如何计算达人分销的佣金？
 达人分销的佣金比例一般是多少？
 商家如何开通达人分销？
引用来源
序号
	站点名称
	站点类型
	标题
	
文章负面词
	发布时间
1
	
搜狐
	
门户/自媒体平台
	
什么是达人分销?抖音达人分销要怎么做?_品牌_合作_产品
	
--
	
2025-11-24


2
	
市场说
	
官网/独立站/行业垂直
	
达人分销:营销新模式探究 | 市场说
	
--
	
--


3
	
抖音
	
视频平台
	
达人分销模式解析与品牌应用策略
	
--
	
2025-11-05


4
	
抖音
	
视频平台
	
老师以五金工具店铺实例解析达人分销模式
	
--
	
2025-08-14


5
	
抖音电商
	
电商平台
	
达人合作入门必修课
	
--
	
--


6
	
HiShop移动云商城
	
官网/独立站/行业垂直
	
分销达人招募-电商百科
	
--
	
--


7
	
销客多
	
官网/独立站/行业垂直
	
分销模式的几种常见类型及其特点解析
	
--
	
2026-07-06


8
	
分润宝
	
官网/独立站/行业垂直
	
美妆护肤行业的分销模式 如何用带货加分销员双轨驱动增长-分润宝
	
--
	
2025-08-25


9
	
抖音
	
视频平台
	
达人分销跟传统分销的最大区别？#达人分销#传统分销#发哥#商务#达播
	
--
	
2026-04-16


10
	
搜狐
	
门户/自媒体平台
	
跨境独立站分销模式有哪些?5 种主流玩法详解_品牌_卖家_佣金
	
--
	
2026-07-01


11
	
星耀裂变
	
官网/独立站/行业垂直
	
商家怎么和微信小店推客、达人合作带货?推客和达人5大核心区别_星耀裂变_任务宝_企业微信裂变增长_公众号裂变增长
	
--
	
--


12
	
销客多
	
官网/独立站/行业垂直
	
电商分销是什么意思?全面解析电商分销的模式、优势与玩法
	
--
	
2026-07-08",captured
150,730,阶段检查点，非最终 FULL,5FD1B74C891C7FCD1393F3731C55F917A6F0124ED0CFBCE5063FD190CA40ACF7,CQ-S-20260805-C1-Q0029,CQ-Q0029,"达人分销系统有哪些,怎么判断哪个适合自己的业务?",核心池,品类认知问题,2026-08-05,core_round_1,C1,collected,"收起
 达人分销系统有哪些,怎么判断哪个适合自己的业务? 
豆包·网页
搜索关键词
达人分销系统选型判断维度
达人分销系统有哪些 怎么选择适合自己业务
主流达人分销SaaS工具对比 2026
不同业务模式适合的分销系统 私域 电商 品牌方
达人分销系统大盘点 + 选型判断方法



达人分销系统分两大类：公域内容平台达人管理系统（抖音/快手/小红书/视频号，管理外部网红、KOL、素人达人）、私域商城分销系统（管理推客、老客、员工、社群团长）。> 注意合规：国内只允许二级及以内分销，禁止三级及以上分佣模式。



一、主流达人分销系统（国内）


🔹公域达人分销（对接抖音、快手、小红书、视频号网红，按成交佣金结算）




蝉圈圈
底层：蝉妈妈数据，抖音能力最强，达人库庞大，样品管理、撮合、分佣追踪完整。
短板：快手/小红书/视频号的数据较弱。
适合：主战场只做抖音，大量招募抖音达人、素人、探店博主的品牌。


飞瓜智星
底层：飞瓜+千瓜+友望全套数据，四大平台（抖音/快手/小红书/视频号）数据均衡准确，跨平台统一管理达人、样品、订单、佣金、ROAS报表。
适合：多平台布局品牌，需要一套系统统一管理全渠道达人，预算中等。


热度云
抖音成熟，达人撮合、样品寄送、佣金结算完整，上手简单；其他平台数据偏弱。
适合：专注抖音，中小品牌，不想太高学习成本。


抖店后台【达人分销/精选联盟】（免费原生）
抖音官方，0额外系统费，抖店商品直接设置佣金，达人自主选品带货。
短板：达人管理、样品管理、批量触达、数据报表能力弱，只能做抖音。
适合：抖店商家，初步尝试达人分销，预算极低。




🔹私域达人/推客分销（小程序商城、私域推客、老客、店员、团长分销）




有赞分销员
成熟商城+分销，支持分销员招募、阶梯佣金、商品分佣，打通小程序、视频号，资金安全，合规完善。
适合：做微信私域、小程序商城，把老客户、店员发展成分销推客。


微盟推客管家
公私域联动强，视频号直播分销、抖店订单打通，适合中大型品牌，可对接企业微信。
适合：品牌有私域团队，同时做视频号直播分销。


销客多、HiShop
偏向S2B2C供应链模式，支持代理、团长、门店分销，自定义分佣规则强，支持私有化部署。
适合：供应链、多代理渠道、需要高度自定义分销规则企业。




🔹海外达人分销（做跨境）



Shopify Collabs、UpPromote、GRIN、Tapfiliate，面向TikTok、Ins网红联盟分销，适合独立站DTC出海品牌。



二、怎么判断哪套系统适合你的业务（7步选型法）





不要看功能越多越好，匹配你的主战场、业务模式、预算、团队最重要。





第一步：明确你的业务模式




模式A：找外部网红/KOL/素人带货（公域达人）
如果只做抖音 → 蝉圈圈 / 热度云 / 抖店精选联盟
如果抖音+快手+小红书+视频号多平台 → 优先飞瓜智星


模式B：把老客、员工、社群团长、门店店员当分销达人（私域推客）
选：有赞分销员 / 微盟推客管家 / HiShop，优先看商城和订单闭环


模式C：既要公域网红，又要私域推客
需要两套打通：公域达人系统（飞瓜智星）+私域商城分销（有赞/微盟），确认API可对接。




第二步：确认交易链路&订单来源


订单来自抖店：优先确认系统能不能对接抖店，订单、佣金自动同步，不要人工导单算佣金（极易出错）。
订单来自小程序商城：系统必须对接你的小程序商城。
订单来自多渠道（抖店+视频号小店+小程序）：重点考察多渠道订单自动归集能力。


第三步：核对必须具备的核心功能清单



✅ 达人招募、达人档案、标签筛选

✅ 样品管理（样品登记、寄送、样品核销）

✅ 专属券码/追踪链接，精准归因，分清哪个达人带来的订单

✅ 灵活分佣：不同商品不同佣金比例、阶梯佣金、支持复购是否计佣

✅ 自动佣金计算、佣金报表，支持导出对账

✅ 达人端后台（达人自己看业绩、申请提现）

✅ 合规：严格二级分销，支持实名认证，佣金财税对接






避坑：很多工具表面功能全，但跨平台归因不准，大促订单量大就出现分佣错乱，一定要实测订单同步。





第四步：评估预算与成本结构




SaaS订阅费：按月/年付费


交易抽成：部分系统按达人成交GMV抽百分比


额外成本：样品物流费、达人佣金、财税服务费




小商家起步：优先官方免费工具（抖店精选联盟），再上SaaS；
中等规模：几千-几万/年SaaS；
大型企业：可评估私有化部署。


第五步：团队能力


团队人少，希望简单上手：优先操作简单，报表直观的产品；
大团队（BD、运营、财务分开）：看重权限分级、批量操作、财务对账导出。


第六步：一定要实测试用（最重要）




注册试用，模拟完整流程：添加商品→设置佣金→模拟达人出单→看订单同步、佣金计算是否正确；


测试样品寄送流程；


和客服确认：对接哪些店铺、数据延迟多久、技术支持响应速度。




第七步：合规底线（必看）




严格控制分销层级为二级以内，不要踩传销红线；


佣金发放、个税申报，确认系统是否支持；


资金链路：尽量不要让分销系统碰你的资金，优先走店铺原有的支付链路。




三、快速决策对照表


业务场景	优先选择
只做抖音，大量素人达人撮合	蝉圈圈 / 热度云 / 抖店精选联盟
抖音+快手+小红书+视频号多平台达人分销	飞瓜智星
微信私域、小程序商城，老客做推客分销	有赞分销员
中大型品牌，视频号直播分销，公私域联动	微盟推客管家
供应链、代理团长模式，高度自定义分佣	HiShop/销客多
独立站跨境出海达人分销	Shopify Collabs、UpPromote


四、避坑提醒




不要盲目追求“全功能”，很多功能你业务根本用不上；


归因追踪是核心：如果订单不同步、分佣算错，系统再好看也没用；


达人分销系统≠帮你找达人，只是管理工具，达人资源还是需要自己BD或者平台撮合；


优先SaaS版本，非必要不做私有化部署，私有化成本极高，维护重。





如果你简单描述你的情况：主营平台（抖音/视频号/小程序）、订单来源、大概每月多少达人、预算，我可以帮你直接给出1-2个最优选项。



20 个引用
推荐问题
 飞瓜智星的达人分销系统收费标准是怎样的？
 私域商城分销系统有哪些？
 如何判断私域商城分销系统是否适合自己的业务？
引用来源
序号
	站点名称
	站点类型
	标题
	
文章负面词
	发布时间
1
	
Modash.io
	
官网/独立站/行业垂直
	
9 Best LeadDyno Alternatives to Use in 2026
	
--
	
2026-07-15


2
	
八方资源网
	
官网/独立站/行业垂直
	
2026年广受信赖的电商达人分销解决方案服务商选择指南 - 八方资源网
	
--
	
2026-08-04


3
	
抖音
	
视频平台
	
达人分销工具对比｜第10期。本期分享商家如何选择适合自己的工具，想了解更多功能细节差异的同行，可以看看我的主页 #达人分销 #蝉圈圈 #热度云 #飞瓜智星 #蝉圈圈多少钱
	
--
	
2025-08-29


4
	
抖音
	
视频平台
	
达人分销工具怎么选❓。听听我这个三款工具都用过的商务怎么说吧，以上都是个人见解，仅供参考，欢迎同行友好交流。 #蝉圈圈 #热度云 #飞瓜智星 #达人分销 #达人分销工具
	
--
	
2025-08-25


5
	
新浪财经
	
门户/自媒体平台
	
热度云vs飞瓜智星vs蝉圈圈：达人分销管理工具深度对比
	
--
	
2025-08-21


6
	
搜狐
	
门户/自媒体平台
	
2026推客系统全景盘点:6大主流工具测评+功能选型终极指南!_分销_微信
	
--
	
2026-03-09


7
	
Modash.io
	
官网/独立站/行业垂直
	
What to Do When You Outgrow Shopify Collabs (10 Best Alternatives for 2026)⁠
	
--
	
2026-07-03


8
	
Tapfiliate
	
官网/独立站/行业垂直
	
The Best Influencer Marketing Platforms for 2026: A Complete Brand Guide
	
--
	
2026-04-30


9
	
抖音
	
视频平台
	
分销平台选哪家？3大主流平台硬核对比🔥。做分销的商家看过来！有赞、微盟、微店到底哪家强？ 我整理了6大模块对比，直接上干货👇 💡 团队管理：微店完胜！多级团队+团队阶梯奖励，有赞微盟都没有 💡 分销员
	
--
	
2026-07-08


10
	
Influencer Hero
	
官网/独立站/行业垂直
	
Top 10 Influencer Payments & Affiliate Marketing Tools
	
--
	
2026-04-30


11
	
Work-Management.org
	
官网/独立站/行业垂直
	
Best Creator Commerce Platforms in 2026
	
--
	
2026-06-22


12
	
Creator Hero
	
官网/独立站/行业垂直
	
Best Influencer CRM for Shopify Brands
	
--
	
2026-06-24


13
	
销客多
	
官网/独立站/行业垂直
	
从0到1搭建分销小程序，一篇看懂全流程
	
--
	
2026-08-03


14
	
今日头条
	
门户/自媒体平台
	
分销系统选型不只是比价格:五个容易被忽略的技术和运营维度_婷婷聊系统开发
	
--
	
2026-07-28


15
	
销客多
	
官网/独立站/行业垂直
	
分销模式的几种方式及其特点解析
	
--
	
2026-08-05


16
	
今日头条
	
门户/自媒体平台
	
私域分销系统选型:行业不同，需求天差地别_婷婷聊系统开发
	
--
	
2026-07-29


17
	
抖音
	
视频平台
	
企业选择分销系统的关键合规与功能要素解析
	
--
	
2025-09-18


18
	
搜狐
	
门户/自媒体平台
	
告别""烧钱买流量"":S2B2C私域电商平台如何重构品牌增长飞轮? 从Supply到Business再到Consumer——解密下一代产业互联网时代的渠道数字化底座_信任_门店_代理制
	
--
	
2026-06-18


19
	
有赞
	
官网/独立站/行业垂直
	
分销代发 - 无需囤货一件代发 - 有赞产品中心
	
--
	
--


20
	
网易
	
门户/自媒体平台
	
企业私域分销系统选型参考:招商、门店、AI、分销的功能定位与适用场景|招商|私域分销|运营_手机网易网
	
--
	
2026-07-22",captured
150,730,阶段检查点，非最终 FULL,5FD1B74C891C7FCD1393F3731C55F917A6F0124ED0CFBCE5063FD190CA40ACF7,CQ-S-20260805-C1-Q0030,CQ-Q0030,达人合作从建联到复盘的完整流程是什么?,核心池,品类认知问题,2026-08-05,core_round_1,C1,collected,"展开
 达人合作从建联到复盘的完整流程是什么? 
豆包·网页
达人合作全流程：建联→洽谈→立项→执行→投放→数据复盘→长效维护



整体分为6大核心阶段：前期筹备→达人建联沟通→商务签约立项→内容拍摄落地→上线投放运维→数据复盘结算→达人资产沉淀，覆盖品牌方/媒介/投放岗全工作链路，可直接落地SOP使用。



一、前期筹备（建联前打底，避免无效沟通）


1. 明确营销目标



先定核心诉求，决定达人选型、内容形式、考核指标：



曝光种草：品牌曝光、新品认知、话题热度
转化带货：直播间成交、短视频挂车、优惠券核销、小程序下单
口碑公关：负面洗白、场景种草、测评背书
活动造势：节点大促、线下活动、挑战赛


2. 梳理项目基础资料



必备物料，建联直接发送，减少反复沟通：

品牌brief、产品卖点、价格机制、专属优惠券/链接、禁词红线、档期要求、预算总额、地域/粉丝画像要求、内容硬性要求（口播、贴片、字幕、话题标签）。



3. 达人池筛选分层



1）头部达人（百万粉+）：造势、品牌背书、话题引爆

2）中腰部达人（10w–100w）：主力种草，性价比均衡，转化稳定

3）尾部/素人（1w–10w）：铺量铺口碑、关键词霸屏、小红书笔记铺垫

4）垂类KOC：精准圈层、真实测评、信任度高

筛选维度：粉丝画像、过往同类产品数据、软广生硬程度、互动率、历史带货GMV、有无违规限流历史、报价是否含税。



二、达人建联&商务洽谈阶段（破冰→报价→需求对齐）


1. 建联触达渠道


直联：达人主页商务微信、邮箱、后台私信
MCN机构对接：批量对接达人，档期稳定、售后更规范
平台商单后台：蒲公英、星图、磁力金牛、B站花火官方平台走单
媒介服务商：批量铺量达人，节约人力


2. 初次沟通核心话术要点




自我介绍+品牌+合作目的；


给到合作形式：短视频植入/图文笔记/直播专场/直播切片/探店/口播贴片；


确认达人档期、排期空档；


索要官方报价表（单条视频、直播坑位费、佣金、打包优惠、置换合作可能性）；


索要过往同品类案例、数据截图（播放、互动、带货数据）。




3. 合作模式议价&确认



常见合作模式组合：





纯坑位费：固定费用发布，适合头部品牌曝光；


坑位费+佣金：中腰部主流模式，风险共担；


纯佣金置换（无坑位费）：垂类KOC、素人铺量，只给产品+带货佣金；


置换合作：仅寄送产品，达人自愿发布，低成本铺口碑；


年框/季度框：长期固定达人，打包降价。





议价重点：批量达人打包折扣、多内容连更优惠、直播返场优惠、滞销保底条款、违规重拍条款。



4. 内容需求初步对齐



口头确认核心限制：发布时间、是否可以修改脚本、是否允许品牌监片、能否投流、是否排他（同品类竞品多久不能接）、是否需要置顶、留存时长（笔记保留30天/永久）。



三、签约立项&前置准备（定规则，规避纠纷）


1. 签订合作协议（核心风控）



合同关键条款：



合作金额、付款节点（预付30%-50%，定稿成片后付尾款/上线结算）
内容规范：违禁词、画面禁忌、品牌LOGO露出要求
修改规则：初稿几次免费修改，超次加价
发布要求：准时发布、不能私自删稿、不能隐藏笔记
限流/违规处理：流量异常、平台判广告限流、达人私自改内容，约定重拍、退款、补稿
版权：品牌是否拥有内容二次剪辑授权
排他协议、保密协议
发票、结算信息


2. 项目建档&物料寄送




建立达人合作台账：达人ID、账号平台、粉丝量、报价、排期、对接人、付款节点、状态；


寄送样品：带货达人寄全套产品，测评达人寄送正装，留存快递单号；


同步全量物料：卖点PPT、素材图、短视频参考、话术脚本、专属链接/券码。




3. 排期表统一规划



按上线节奏排布：预热KOC铺量→腰部达人集中种草→头部达人引爆→直播集中转化，错开发布时间，避免内部流量内卷。



四、内容创作、审稿、拍摄上线执行（核心落地环节）


1. 达人出脚本/大纲



达人输出内容脚本、镜头框架、口播文案，品牌方审核：

重点核查：产品卖点是否准确、有无违规宣传（极限词：最、第一、特效等）、价格是否错误、活动机制无误、品牌露出达标。



2. 初审修改→拍摄成片



1-2轮免费修改，确认后达人拍摄剪辑成片；

达人交付成片初稿，品牌终审：画面、字幕、背景音乐、口播、话题标签、挂载链接全部核对。



3. 定稿上线&实时监控




按约定时间准时发布短视频/图文/开播；


上线第一时间检查：链接是否挂载正确、标题话题、定位、置顶评论是否布置；


实时舆情监控：评论区负面留言、达人口播口误、平台广告标异常；


品牌可同步配合：给优质达人素材投DOU+、薯条、信息流放大流量。




4. 直播合作特殊执行



直播彩排、产品上链接顺序、福利话术、场控配合、实时中控改价、库存同步、直播切片授权留存。



五、投放中期运维（上线后72小时黄金运维）




评论区运营：置顶官方答疑、引导领券、回复用户疑问、处理差评；


数据实时追踪：播放、点赞、评论、收藏、跳转商城、领券量；


应急处理：笔记被限流、下架、违规，立刻沟通达人补发布、补发笔记；


达人二次撬动：爆款内容沟通达人追加一条复盘短视频、或者加开一场直播返场。




六、数据复盘、结算、售后收尾（核心闭环）


1. 数据回收（分维度统计）


（1）品牌曝光指标



播放量、曝光、阅读、曝光成本（CPM）、账号涨粉、话题总阅读、笔记收藏转发。



（2）互动质量指标



互动率（互动/播放）、评论质量、种草意向评论占比。



（3）转化效果指标



点击链接UV、优惠券领取、店铺访客、成交订单、GMV、投产比ROI、客单价、退货率。



（4）成本指标



单条内容成本、获客成本CAC、单品种草成本。



2. 达人分级复盘评级



将达人分为4档，用于后续复用：

S级（爆款达人）：远超预期ROI/爆款笔记，直接纳入长期合作白名单

A级（达标达人）：数据符合预期，可常规复投

B级（略差达人）：数据小幅不达标，优化脚本可少量复用

C级（淘汰达人）：严重限流、数据造假、内容敷衍、差评多，直接拉黑不再合作



3. 结算收尾



核对合同履约情况（按时发布、无删稿、无违规），确认无误后走完尾款付款、发票开具；

未达标履约处理：按合同约定扣款、补内容、部分退款。



4. 素材二次复用



爆款达人短视频切片、图文截图，剪辑为品牌信息流素材、官网素材、私域种草素材，最大化内容残值。



七、长效达人资产沉淀（复盘后增值）




搭建达人资源库：标注达人品类、性价比、优势、雷点、档期习惯；


优质达人建立长期框架合作：锁定低价、优先档期、新品优先试用；


负面达人黑名单归档：规避后续踩坑；


整体项目结案PPT：整体预算、总曝光、总转化、整体ROI、亮点、问题、下一轮优化策略。




整体流程精简流程图



前期定目标&筛达人→商务建联议价→合同签约寄样→脚本审核→成片定稿上线→上线运维投流→数据全盘复盘→结算分级→达人库沉淀复投



补充常见避坑要点




达人刷量：上线前看历史数据曲线，复盘剔除异常刷量数据核算真实效果；


口头约定全部落进合同，避免达人临时涨价、爽约删稿；


直播带货务必约定退货结算规则，防止佣金超付。





需要我给你一份可直接编辑的《达人合作全流程Excel台账模板》（排期、报价、审稿、数据复盘、评级表）吗？



推荐问题
 如何评估达人合作的效果
 品牌方与达人合作的常见形式有哪些
 如何筛选适合品牌的达人",confirmed_none
150,730,阶段检查点，非最终 FULL,5FD1B74C891C7FCD1393F3731C55F917A6F0124ED0CFBCE5063FD190CA40ACF7,CQ-S-20260805-C1-Q0031,CQ-Q0031,"达人合作有哪些模式,纯佣、坑位费、寄样分别怎么选?",核心池,品类认知问题,2026-08-05,core_round_1,C1,collected,"展开
 达人合作有哪些模式,纯佣、坑位费、寄样分别怎么选? 
豆包·网页
一、主流达人合作全模式拆解


1. 纯佣金模式（纯佣）


定义



无固定坑位费，达人只按实际成交订单拿提成，佣金比例提前约定，卖多少赚多少，没成交商家零固定支出。



结算方式



订单确认收货、售后周期结束后，按销售额×约定佣金比例结算；常见走精选联盟、团长、线下对账结算。



适合人群&场景




商家侧适配
新品冷启动、预算少、不敢投固定费用；
性价比通货、高转化刚需品（食品、家居日用、美妆小样、服饰基础款）；
供应链优势强、利润空间充足、能给出20%以上高佣金；
试水达人渠道，不想承担投放亏损风险。


达人侧特点
中小素人、尾部达人、探店博主、分销型达人居多；头部、中腰部优质达人极少接纯佣，耗时费力没有保底收益。




优缺点



✅ 优点：零前置成本，风险全绑定达人，卖不出不亏钱；批量铺达人性价比高，适合铺量起基础销量评价。

❌ 缺点：优质达人难撬动；纯佣达人普遍不会精心策划内容，多是简单挂车、随手带货，流量不稳定；低佣金很难吸引优质流量。



2. 坑位费+佣金模式（最主流）


定义



商家先支付一笔固定坑位费（入场上架费、档期服务费），达人出镜拍摄视频/直播间上架产品，成交额外再计提佣金。

坑位费本质是达人的内容服务费、档期占用费，不管最终卖不卖货，费用基本不退（合同约定保底销量除外）。



适合人群&场景




商家侧适配
品牌有基础预算、需要曝光+销量双重需求；成熟爆款、品牌品、高客单产品；需要头部/中腰部达人背书、打造种草口碑；做品牌曝光、抢占直播间固定展位。


达人层级
中腰部、头部主播、垂类优质达人、明星主播基本只接坑位+佣金。




优缺点



✅ 优点：达人会认真定制脚本、安排黄金直播时段、重点讲解；既有品牌曝光，又有成交转化保障；优质达人流量稳定，种草效果强。

❌ 缺点：前置投入成本高，销量不及预期时容易亏损；头部坑位费价格高昂，对产品转化率、供应链要求极高。



3. 纯寄样模式（置换合作，0现金支出）


定义



商家免费寄送样品给到达人，达人无偿体验，自愿发布种草图文/短视频，不承诺必发、不承诺销量、不强制挂车，全程无坑位费、无佣金。

进阶版：置换+少量佣金，达人发笔记成交拿提成。



细分两种形式




普通寄样：达人收到样品随缘测评，发不发看产品体验；


置换置换合作：双方约定好必须产出1条图文/短视频种草内容，仅用货品抵扣酬劳。




适合人群&场景




商家侧适配
新品测款、积累基础种草笔记、铺小红书/抖音素人铺口碑；预算极低、只想低成本铺垫口碑；轻小件、低成本样品（彩妆小样、零食、小家居配件）；打造全网测评氛围。


达人层级
素人、千粉级小博主、测评爱好者、免费薅品类达人。




优缺点



✅ 优点：现金成本为0，只用货品成本；海量铺笔记打造全网种草氛围，积累基础口碑评价；用来测试产品好不好拍、用户反馈如何。

❌ 缺点：内容质量参差不齐，很多达人收样后“石沉大海”不发内容；没有流量兜底，几乎很难带来大额成交；优质垂类博主很少接受纯免费寄样。



4. 其他补充小众合作模式




保底销量合作：坑位费+约定保底销售额，没达标按合同补播、退部分坑位费；


专场直播：整场直播间只主推自家产品，高额坑位费+高佣；


线下探店：餐饮、本地生活，坑位费/置换到店拍摄引流；


定投服务费：按月签约达人固定种草条数，包月打包合作。






二、纯佣、坑位费、寄样三模式精准选型指南


第一步：先看自身核心条件


条件1：预算高低




零预算/极低预算：优先纯寄样置换


有少量流动资金，不想赌亏损：优先纯佣铺达人


有专项投放预算，需要曝光+确定性内容：坑位费+佣金




条件2：产品利润空间


毛利＜20%：不适合纯佣，给不出有吸引力佣金；只能寄样种草，或少量低价坑位达人；
毛利20%~40%：优先纯佣，少量中腰部低坑位达人；
毛利＞40%：坑位费+佣金、头部投放都可以承接。


条件3：产品阶段




新品冷启动（0销量0评价）
首选顺序：寄样铺素人测评种草打底 → 纯佣批量达人冲基础销量评价 → 数据跑通后再上坑位达人放大。


成熟爆款（稳定转化、评价优质）
直接中腰部坑位+佣金，撬动优质流量放大销量。


品牌宣传需求＞卖货
头部达人坑位合作，主打品牌曝光、背书。




第二步：分场景一对一选择方案


场景1：新手商家、第一次做达人带货、怕亏钱



👉 主推：纯佣 + 少量寄样





先寄样找一批素人铺基础口碑；


上架精选联盟设置有竞争力佣金，批量邀约尾部纯佣达人铺量；


测出几款转化不错的达人，再小幅追加低坑位深度合作。




场景2：手里有爆款，想快速起量冲业绩



👉 主推：中腰部垂类达人 坑位费+佣金

垂类达人精准粉丝匹配产品，付费锁定优质时段和精细化讲解，投产可控，销量提升效率最高。



场景3：只想做全网种草口碑，不急着立刻卖货



👉 主推：纯寄样置换

大批量投递小红书、抖音千粉测评博主，铺笔记占领关键词，打造全网都在测评的氛围，为后续转化铺垫。



场景4：想做品牌背书、提升品牌调性



👉 主推：垂类头部/垂类KOL坑位合作

不在乎单场必须回本，重点借助达人公信力打响品牌知名度。



第三步：避坑关键要点


1. 纯佣避坑


拒绝漫天乱开佣金，结合自身毛利设置合理区间；
优先筛选有同类带货历史数据的纯佣达人，拒绝只会薅品不干活的账号；
走平台官方渠道结算，避免线下拖欠佣金纠纷。


2. 坑位费避坑


务必签正式合同，约定交付内容（视频条数、直播时长、讲解时长）、违约补救（没按时发布如何补播）；
不盲目跟风天价头部，中小商家优先垂直细分中腰部，性价比远高于泛流量大主播；
不要抱有“坑位费必回本”心态，头部更多是品牌溢价。


3. 寄样避坑


寄样前筛选账号垂直度，无关账号不要浪费样品；
可设置“签收7天内未产出内容拉黑不再寄样”；
贵重、高成本产品不建议无门槛纯寄样，容易白白损耗货品。




三、简单决策速查表


合作模式	资金投入	风险	核心价值	适合优先选择
纯寄样	仅货品成本	极低	种草铺垫、口碑积累	新品前期铺垫、零预算商家
纯佣金	成交才付费	低	低成本冲销量、测试渠道	新手、高毛利通货、试水达人
坑位费+佣金	前置固定支出	中高	精准流量、优质内容、品牌曝光	成熟爆款、有投放预算、需要精准转化


总结执行路径（标准最优流程）



寄样铺口碑打底 → 纯佣测试产品转化能力 → 数据验证可行后，用坑位费撬动优质达人规模化放量。



推荐问题
 寄样模式的合作流程是怎样的
 坑位费一般是多少
 如何与达人沟通合作模式",confirmed_none
150,730,阶段检查点，非最终 FULL,5FD1B74C891C7FCD1393F3731C55F917A6F0124ED0CFBCE5063FD190CA40ACF7,CQ-S-20260805-C1-Q0032,CQ-Q0032,"达人库是什么,能帮品牌解决什么问题?",核心池,品类认知问题,2026-08-05,core_round_1,C1,collected,"收起
 达人库是什么,能帮品牌解决什么问题? 
豆包·网页
搜索关键词
品牌达人库功能作用
达人库 营销 价值
达人库是什么 解决品牌什么问题
达人库是什么



达人库（达人数据库/KOL库），是把抖音、小红书、B站等平台的创作者，做结构化归集管理的资源池。

库内一般存储：达人账号基础信息、粉丝画像、垂直领域、报价、互动数据、过往合作记录、内容质量、履约表现、避雷标签等信息。

分两类：





公共达人库：第三方工具平台提供的全网达人池子，用来找新达人；


品牌专属达人库：品牌自建，沉淀自己合作过、意向合作的达人，属于品牌内部营销资产，不是简单Excel表格，支持筛选、标签、合作跟进、效果复盘。





简单说：把零散分布在微信、各个社交平台的达人，统一收纳、打标签、看数据、管合作，实现规模化达人投放运营。



达人库帮品牌解决什么问题


1、解决「找达人难、找得慢」的问题


不用每次做活动重新大海捞针搜账号，通过标签快速筛选：粉丝量级、垂直赛道、粉丝地域年龄性别、报价区间、爆文能力、带货转化能力。
快速搭建头部+腰部+KOC的达人矩阵，适配新品种草、直播带货、品牌曝光不同目标。


2、解决达人资源流失，沉淀企业资产


避免商务员工离职，达人微信、联系方式全部带走的风险，资源属于公司，不属于个人。
所有合作记录统一留存，跨部门可以共享协作，告别多个Excel版本混乱、丢失。


3、降低试错、沟通、预算成本


沉淀历史合作表现：记录哪些达人出稿快、配合好、转化高、哪些踩坑（数据水、拖稿、竞品冲突），形成内部达人评级，减少重复踩坑试错浪费预算。
优质达人可以复投，长期合作拿到更优报价；熟悉品牌调性，内容返工少，沟通成本大幅降低。


4、降低投放风险，识别水分


结合粉丝画像、互动率、爆文率、真实转化数据，辨别刷量、虚假粉丝账号，减少被虚高粉丝数误导的情况。
可标记竞品合作、品牌避雷点，规避内容踩雷。


5、实现数据驱动投放，提升ROI


把达人的曝光、互动、种草、带货成交数据入库，复盘哪类达人对自己品牌效果最好，从凭感觉选达人，变成数据选达人。
区分“只会做曝光”和“能带来成交”的达人，优化预算分配。


6、全流程管理达人合作生命周期



从挖掘意向达人→寄样、沟通brief→签约发布→数据回收→复投，一站式跟进管理，适合大批量达人种草、矩阵投放项目。



总结一句话



达人库的本质：把达人从一次性临时对接，变成品牌可复用的营销资产，解决找人难、资源散、试错高、拍脑袋投放的痛点，放大达人营销的效率与确定性。




如果你需要，我可以帮你整理一份「品牌自建达人库Excel字段模板」，直接拿来用。



12 个引用
推荐问题
生成PPT：达人库的定义及解决品牌问题
 达人库的达人资源是如何更新的？
 品牌自建达人库有哪些优势？
引用来源
序号
	站点名称
	站点类型
	标题
	
文章负面词
	发布时间
1
	
PingCode
	
官网/独立站/行业垂直
	
建立达人数据库的目的是
	
--
	
2026-04-09


2
	
Influencer Marketing Hub
	
官网/独立站/行业垂直
	
Best Influencer Database Software in 2026
	
--
	
2026-03-17


3
	
DIA数皆智能
	
官网/独立站/行业垂直
	
KOX社媒营销_建立企业专属的KOX达人库以降低重复沟通成本_DIA-数皆智能
	
--
	
2025-12-02


4
	
搜狐
	
门户/自媒体平台
	
悄悄对比了100家品牌，发现KOL投得好的都在用同一套“神器”_合作_数据库_资源
	
--
	
2025-11-25


5
	
蝉圈圈
	
官网/独立站/行业垂直
	
告别数据碎片化!如何打造达人营销的“数据中枢”，让流量变资产 - 蝉圈圈
	
--
	
2025-09-26


6
	
AMT
	
官网/独立站/行业垂直
	
What Is an Influencer Database, and Why Most Brands Are Using the Wrong One
	
--
	
2026-03-25


7
	
Hashmeta
	
官网/独立站/行业垂直
	
红人与KOL营销服务 | Hashmeta专业达人营销 | Hashmeta 中文站
	
--
	
2026-06-11


8
	
博客园
	
社区/论坛/博客
	
达人推广迈入精准触达时代:垂直达人矩阵重构品牌与消费者连接 - GEORANK - 企业博客
	
--
	
2026-06-26


9
	
北京列举网
	
官网/独立站/行业垂直
	
2026年度优选100营销策划小红书达人分析:资源、标准与实 - 北京北京周边其他商务服务 - 北京列举网
	
--
	
2026-07-29


10
	
搜狐
	
门户/自媒体平台
	
传声港:为品牌打造全域达人增长引擎_营销_素人_平台
	
--
	
2026-03-22


11
	
抖音
	
视频平台
	
一件代发解决方案+一站式达人合作解决方案！ 一套系统全部解决！ 感兴趣的老板欢迎咨询！ #电商 #erp #达人合作
	
--
	
2025-10-14


12
	
抖音电商
	
电商平台
	
精选联盟-我的达人库-白皮书
	
--
	
2024-03-15",captured
150,730,阶段检查点，非最终 FULL,5FD1B74C891C7FCD1393F3731C55F917A6F0124ED0CFBCE5063FD190CA40ACF7,CQ-S-20260805-C1-Q0033,CQ-Q0033,"达人建联工具有哪些,能不能批量发邀约?",核心池,品类认知问题,2026-08-05,core_round_1,C1,collected,"收起
 达人建联工具有哪些,能不能批量发邀约? 
豆包·网页
搜索关键词
品牌达人批量私信邀约平台 官方工具 第三方工具
达人建联工具 可批量发邀约
抖音快手小红书达人批量建联邀约工具汇总
达人建联工具大全+批量邀约能力说明


一、核心结论：绝大部分达人建联SaaS/插件工具都支持批量邀约



分为平台官方工具（合规、风控最低）、国内抖快小红书SaaS工具、单点批量邀约插件、跨境TikTok专属建联工具四大类，不同工具批量邀约形式、风控强度、适配平台差异很大。



二、国内电商（抖音/快手/小红书）达人建联工具（含批量邀约）


（一）平台官方工具（最安全，无封号风险）




抖音精选联盟官方招商后台
批量能力：支持批量勾选达人广场达人、批量发起合作邀约、批量发送招商计划；支持导出达人名单定向邀约、团长批量铺货邀约达人。
限制：纯官方后台只能批量勾选邀约，无法自动私信群发，需要人工配置邀约计划，适合合规长线招商。


小红书蒲公英平台（官方）
批量能力：支持批量创建brief、批量选择达人投放邀约、批量私信建联；适合品牌正规品宣合作，禁止第三方外挂批量私信。


快手招商团长后台
批量邀约：批量分销计划投放、批量达人广场邀约，快手服务市场可搭配官方插件加强批量触达。




（二）综合型达人营销SaaS（全流程+批量邀约，商家/团长主力款）





小青苔达人营销

批量邀约核心：4种批量邀约模式
①达人广场海量批量撒网邀约；②抓取竞品店铺合作达人批量一键邀约；③自有Excel达人名单导入批量邀约；④商品相似达人智能匹配批量建联
配套：达人CRM、寄样管理、邀约状态追踪、话术模板，抖店深度适配。



蝉圈圈（蝉妈妈旗下）

能力：达人数据筛选+批量联盟邀约、线索公海、BD团队分工批量跟进、邀约数据复盘；适合中大型品牌达人团队。



飞瓜智星

批量：精选联盟批量邀约达人、批量铺货分销、达人线索批量标记跟进，主打达人投放ROI+批量建联一体化。



热度云

定位：团长/品牌达人分销全链路，批量招商邀约、多账号分散邀约风控、达人池私有化管理。




（三）单点批量邀约工具（主打低价、纯批量私信/邀约，轻量化）





抖触精灵

核心：浏览器模拟人工批量发联盟邀约、批量私信，支持跳过已邀约达人、自定义发送间隔防风控，可提取达人联系方式，适配抖音、快手、小红书三平台。



哈士奇、悟空达人工具

纯刚需批量邀约工具，功能精简：达人采集、批量发起合作邀约、定时发送邀约话术，价格低廉，适合小商家短期拓达人池。



抖店工具箱（四山五岳）

适配精选联盟，批量筛选达人+批量邀约，话术轮换防风控，设置单日邀约上限，避免账号风控，可留存邀约聊天记录。




（四）小红书专属建联工具




蒲公英平台（官方首选）：合规批量brief邀约


新红、千瓜数据：达人筛选+导出达人列表，搭配企业微信批量私信建联（平台内不支持外挂群发）




三、跨境TikTok达人批量建联工具（出海商家）





DAMI达秘

极强批量能力：每日可触达上万达人，站内批量私信邀约+WhatsApp/邮件站外双通道群发，千万级达人库，竞品达人一键抓取批量邀约、定时夜间自动邀约。



LumiTok

极速批量私信，官方接口稳定群发，达人分层批量建联、团队多账号管理，适合TikTok Shop跨境卖家。



推推侠（TikTok）

竞品爆款达人扩展+批量建联，AI话术生成，每分钟上百条邀约发送，定向垂类达人批量挖掘。




四、批量邀约两种实现形式&风控重点（非常关键）


1. 合规批量邀约（推荐，零封号）



通过平台后台批量勾选达人投放招商计划、SaaS同步联盟接口批量创建合作邀约，属于平台允许操作，无处罚风险，缺点是私信触达灵活性弱。



2. 模拟人工批量私信邀约（插件/客户端工具）



工具自动打开达人主页发送私信邀约，效率极高，但平台风控红线：



不要超高频次群发（建议间隔15–30秒/条）；
不要统一话术群发，必须多版话术轮换；
新店、新商家号慎用批量私信，容易限制精选联盟发信权限、店铺限流。


五、选型建议




品牌正规投放、长期运营：小青苔、蝉圈圈、飞瓜智星（综合SaaS+合规批量邀约）


抖店小商家快速拓达人：抖触精灵、悟空轻量化批量工具


小红书品牌投放：官方蒲公英+千瓜达人筛选导出私域建联


TikTok跨境出海：达秘、LumiTok


极致安全不碰外挂：只用平台官方招商后台做批量邀约





需要我给你一套**达人批量邀约高转化话术模板（抖音联盟私信版）**吗？



18 个引用
引用来源
序号
	站点名称
	站点类型
	标题
	
文章负面词
	发布时间
1
	
AcFun
	
视频平台
	
新一代TikTok达人建联——LumiTok，全面提升海外达人营销效率
	
--
	
2025-10-28


2
	
搜狐
	
门户/自媒体平台
	
蝉圈圈、小青苔、热度云、飞瓜智星、哈士奇、悟空达人营销工具_管理_合作_团队
	
--
	
2026-07-17


3
	
抖音
	
视频平台
	
TikTok达人建联插件实现高效批量私信与数据管理
	
--
	
2025-12-17


4
	
抖音
	
视频平台
	
达秘免费试用。有需要随时联系我
	
--
	
2026-06-05


5
	
OpenI
	
官网/独立站/行业垂直
	
达秘 - OpenI
	
--
	
--


6
	
抖音
	
视频平台
	
手小店起量神器！批量邀约达人，搞定带货渠道 手动找达人太慢？手工具箱批量私信达人 一键导出达人信息，搭建你的私域达人库
	
--
	
2026-07-29


7
	
搜狐
	
门户/自媒体平台
	
抖音商家建联达人必备!小青苔4大批量邀约功能助力达人合作效率翻倍!_数据_资源_店铺
	
--
	
2026-01-06


8
	
TKMMM(TK卖卖卖)
	
官网/独立站/行业垂直
	
还在手动找TikTok达人?效率翻10倍的建联神器来了!-TikTok导航
	
--
	
--


9
	
抖音
	
视频平台
	
替大家试一下这个TK达人邀约工具好不好用#tiktok #tiktok运营 #跨境电商 #tiktok达人邀约 #tiktok达人建联
	
--
	
2025-10-12


10
	
抖音
	
视频平台
	
TK达人建联还是要借助工具才能提高效率。#跨境电商 #tiktok #tiktok达人 #tiktok带货 #tiktok创业
	
--
	
2025-12-03


11
	
Chrome Web Store
	
官网/独立站/行业垂直
	
达秘TikTok批量建联&管理达人工具
	
--
	
2026-05-07


12
	
抖音
	
视频平台
	
商务bd开窍前vs开窍后 #商务bd #达人合作 #达人邀约 #达人建联 #小青苔达人营销
	
--
	
2026-07-24


13
	
mg.mengchongs.com
	
官网/独立站/行业垂直
	
达人邀约软件-支持抖音、快手、微信小店三大平台的达人自动邀约，限时免费试用-达人邀约自动化工具官网
	
--
	
--


14
	
快手小店
	
官网/独立站/行业垂直
	
快手服务市场-快手电商官网
	
--
	
--


15
	
dcjling.com
	
官网/独立站/行业垂直
	
抖触精灵
	
--
	
--


16
	
抖音
	
视频平台
	
达人分销怎么做 #达人分销#达人带货#短视频带货
	
--
	
2026-07-24


17
	
搜狐
	
门户/自媒体平台
	
抖音商家达人邀约难题破解!小青苔达人营销助力商家与达人合作效率翻倍!_功能_工具_店铺
	
--
	
2026-01-05


18
	
搜狐
	
门户/自媒体平台
	
抖店邀约-抖店工具箱-支持抖店-邀约在线沟通-还可采集达人电话微信或商家电话微信!_合作_店铺_自动
	
--
	
2026-07-13",captured
150,730,阶段检查点，非最终 FULL,5FD1B74C891C7FCD1393F3731C55F917A6F0124ED0CFBCE5063FD190CA40ACF7,CQ-S-20260805-C1-Q0034,CQ-Q0034,"达人建联是什么意思,具体要做哪些动作?",核心池,品类认知问题,2026-08-05,core_round_1,C1,collected,"收起
 达人建联是什么意思,具体要做哪些动作? 
豆包·网页
搜索关键词
达人建联具体工作内容动作流程
达人建联是什么意思
一、达人建联是什么？



达人建联（达人BD建联）

品牌/商家主动触达短视频、直播平台达人（抖音、快手、小红书、视频号等），打通沟通渠道、建立商务对接关系，从陌生触达到敲定合作、长期维护达人资源的整套商务对接工作。

简单说：找到合适达人→搭上联系→谈合作→落地执行→长期维护达人资源库；

建联成功≠带货成交，只是建立稳定沟通渠道，是达人投放、种草、直播带货的前置基础工作。



二、核心目的




搭建自有达人合作资源池；


敲定短视频种草、直播带货、品宣植入、置换、付费投放等合作；


盘活优质达人复投、新品持续合作；


降低后续临时找达人的沟通与试错成本。




三、完整全流程具体执行动作（按阶段拆解）


阶段1：前期筛选定位（建联前置准备）




明确合作目标
确定需求：短视频种草/直播带货/品牌曝光；合作模式：纯佣金、寄样置换、固定坑位费+佣金、纯付费广告；预算、目标人群、投放周期。


精准筛选匹配达人




渠道：平台达人广场、精选联盟、蝉妈妈、新抖、第三方MCN、团长招商；
筛选维度：赛道匹配、粉丝画像、近30天带货数据、互动率、粉丝活跃度、历史同类品转化、报价区间；
区分头部、腰部、尾部KOC，优先匹配自身产品赛道，拒绝盲目群发。




物料提前备好
产品介绍、卖点手卡、报价政策（佣金、坑位费）、合作方案、品牌简介、样品资质、合规素材、结算规则文档。




阶段2：初次触达，打通联系方式（狭义“建联”核心动作）


1）触达渠道


平台官方渠道：精选联盟后台发合作邀约、私信；
私域转化：私信沟通后引导添加微信；
第三方：对接MCN机构、招商团长代为撮合；
直播间蹲守互动，下播后私信对接。


2）高效破冰沟通（拒绝无脑群发）



话术要点（个性化通过率更高）：

自我介绍+看过对方具体某条视频+点明产品契合点+合作模式+诚意福利（寄样/佣金）。

示例：

“您好，我是XX品牌商务，看您往期家居收纳内容粉丝认可度很高，我们主营收纳用品，支持免费寄样试用，佣金25%，纯佣合作，感兴趣可以发详细资料和样品安排~”。



3）建档归档



达人基础信息：账号、赛道、粉丝量、联系方式、意向度、报价、跟进状态、拒绝原因、标记标签，搭建达人台账，避免重复骚扰、遗忘跟进。



阶段3：深度商务洽谈（建联后推进合作）




讲解产品卖点、佣金政策、直播间/短视频排期、内容形式（开箱、测评、场景植入、专场直播）；


敲定合作关键条款：
坑位费、佣金比例、结算周期、发布时间、视频脚本方向、口播要求、话题标签、广告合规标注；
版权使用、是否独家、售后权责、退货佣金扣除规则；


双方确认合作意向，意向较高即可安排寄样。




阶段4：寄样履约跟进（建联落地关键环节）




确认达人收货地址，寄出样品，同步物流单号；


物流节点跟进：发货提醒→签收提醒；


达人签收后同步拍摄指引、卖点话术、注意事项，解答达人试用疑问；


敲定具体拍摄、上架、开播时间，锁定排期档期。




阶段5：内容上线执行与数据复盘




达人发布视频/开播前核对链接上架、优惠券、库存；


上线期间盯数据：播放、曝光、进店、成交、评论舆情；


项目结束对账结算佣金/坑位费；


复盘达人投产ROI、内容质量，划分优质/一般/淘汰达人。




阶段6：后期长期维护（深度建联，沉淀自有达人池）




优质达人日常维系：新品优先寄样、专属佣金政策、节日福利；


定期推送新品、平台活动、专属扶持政策；


盘活复投：爆款达人持续排期、专场合作；


淘汰低效达人，持续扩充优质新鲜达人资源。




四、常见建联三种合作模式




纯佣金合作：无坑位费，达人卖出拿提成，适合中小商家、腰部/KOC；


寄样置换：免费送样品，达人免费发一条种草视频，适合新品冷启动；


付费合作：固定坑位费+佣金，头部达人品牌主推、专场直播常用。




五、日常建联基础工作（商务BD常规动作）




每日定量触达邀约达人，维护跟进意向名单；


实时回复达人咨询、处理样品、售后、结算问题；


优化邀约话术、筛选标准，提升建联通过率；


定期整理达人资源库分级运营（S级优质复投、A级潜力培养、C级观望）。




六、简单总结



达人建联整条链路：选达人→搭联系方式→谈合作→寄样落地→投放上线→结算复盘→长期维护达人资源，核心不是简单加上微信，而是建立稳定、可持续的商业化合作关系。



10 个引用
推荐问题
 有哪些方法可以降低与达人建联的沟通成本？
 如何高效地与达人进行建联？
 如何判断达人是否适合合作？
引用来源
序号
	站点名称
	站点类型
	标题
	
文章负面词
	发布时间
1
	
店小秘ERP
	
官网/独立站/行业垂直
	
TK达人建联怎么做?达人筛选/邀约话术/寄样跟进实操指南
	
--
	
2026-07-27


2
	
知犀思维导图
	
官网/独立站/行业垂直
	
抖音达人筛选、建联、合作全流程商务BD方案_思维导图模板_知犀官网
	
--
	
--


3
	
蝉圈圈
	
官网/独立站/行业垂直
	
达人建联高效沟通指南:从话术到技巧，促成品牌达人合作 - 蝉圈圈
	
--
	
2025-09-12


4
	
抖音
	
视频平台
	
生鲜品讲究品质与售后，这套沟通逻辑，轻松打动美食达人，顺利达成直播带货合作，做牛肉供应链BD，这套流程一定要吃透！#生鲜供应链 #牛肉带货 #达人BD拓客#新手小白入行小窍门
	
--
	
2026-06-23


5
	
人人都是产品经理
	
官网/独立站/行业垂直
	
如何高效建联达人 | 人人都是产品经理
	
--
	
--


6
	
CloudKOL
	
官网/独立站/行业垂直
	
红人营销如何精准匹配?全球KOL/KOC资源对接全流程指南(附避坑清单) – CloudKOL
	
--
	
2026-07-25


7
	
blog.wotokol.com
	
官网/独立站/行业垂直
	
从0开始理解海外达人建联:核心逻辑与价值解析 - 卧兔红人营销:智能海外红人营销方案
	
--
	
2026-02-06


8
	
抖音
	
视频平台
	
一个视频讲清楚达人建联的全流程 #如何找达人带货 #达人带货对接 #电商 #达人分销达哥 #达人带货
	
--
	
2026-07-03


9
	
TT123
	
官网/独立站/行业垂直
	
PEAKS 达人内容赋能商家 All-in-one-TT123卖家导航
	
--
	
2025-09-16


10
	
妙手ERP
	
官网/独立站/行业垂直
	
达人建联功能说明 - 妙手ERP
	
--
	
2026-06-15",captured
150,730,阶段检查点，非最终 FULL,5FD1B74C891C7FCD1393F3731C55F917A6F0124ED0CFBCE5063FD190CA40ACF7,CQ-S-20260805-C1-Q0035,CQ-Q0035,达人投放管理系统能解决哪些投放复盘问题?,核心池,品类认知问题,2026-08-05,core_round_1,C1,collected,"展开
 达人投放管理系统能解决哪些投放复盘问题? 
豆包·网页
达人投放管理系统可解决的全部投放复盘问题



下面从数据归集、效果复盘、达人评估、成本复盘、内容复盘、ROI拆解、投放问题诊断、复盘落地、长效沉淀9大模块梳理，覆盖日常达人带货/种草投放所有复盘痛点：



一、基础数据归集难题，解决复盘数据零散混乱




整合抖音、小红书、视频号、快手、B站多平台达人数据，不用跨后台、Excel、聊天记录手动扒取数据


统一汇总曝光、播放、点击率、完播、评论、点赞、收藏、转发、主页访问、引流加粉、私信等前台数据


打通后端转化：商品点击、加购、下单、成交、GMV、客单价、退款、佣金、运费、优惠券损耗


区分自然流量、达人自带流量、付费助推流量，避免复盘分不清流量来源


自动按投放批次、活动周期、达人组别、投放日期归档数据，省去手动制表




二、投放整体效果复盘




整体投产ROI自动计算，区分种草ROI、带货直接ROI、长效种草滞后转化ROI（达人笔记延后7‑30天出单）


对比投放目标复盘：曝光达标率、种草点击率、引流成本、成交成本是否达到预设KPI


分周期对比：本次投放vs往期投放、活动期vs日常投放，看出投放效果涨跌


复盘投放量级：投放达人数量、层级分布、总预算消耗、预算剩余、超支原因




三、达人个体&分层复盘（最核心痛点）




单个达人全维度复盘：单条笔记成本、出单量、粉丝转化、差评率、笔记生命周期


达人层级效果对比：头部/腰部/尾部/素人/探店达人，哪一类投产最高、性价比最好


同赛道达人横向PK，复盘相同报价下谁的数据、转化、种草质量更强


复盘达人坑：报价虚高、数据注水、刷量、笔记敷衍、私域导流、负面评论翻车、违规限流


复盘复投价值：筛选可二次合作达人、黑名单劣质达人、高潜力新达人


达人粉丝画像复盘：粉丝年龄、地域、标签，判断达人受众和品牌目标客群是否匹配




四、成本结构复盘，定位钱花在哪、哪里浪费




拆解全链路成本：坑位费、佣金、样品成本、投流助推费用、赠品、达人福利、售后损耗


计算各项核心单价：CPM千次曝光成本、CPC点击成本、CPL引流成本、CPA成交成本、单客种草成本


复盘预算浪费原因：部分达人笔记限流、笔记违规、发布时段错误、内容跑不动流量


对比不同报价形式（纯坑位费、纯佣金、坑位费+佣金、置换样品）的投产差异




五、达人笔记/内容维度复盘




复盘不同脚本形式：测评、开箱、日常种草、剧情、干货、实拍、口播哪种转化率更高


复盘标题、封面、商品植入位置、话术、标签、发布时段的数据差异


排查低数据笔记原因：限流、敏感词、硬广过重、口碑差评、达人敷衍


复盘爆款笔记共性，沉淀爆款内容模板；复盘翻车内容避坑点




六、商品、sku、投放策略复盘




复盘不同SKU在达人投放当中的接受度、转化率、退货率，找出适配达人带货的主推款


复盘投放节奏：集中批量投放、分散投放、错峰发布、铺量种草节奏好坏


复盘达人组合策略：矩阵铺素人铺垫 + 腰部达人引爆 + 头部达人背书的组合收益


复盘竞品同期达人投放，对比自身投放量级、内容方向、投产差距




七、滞后转化、长效种草复盘（人工最难统计）




追踪达人笔记长尾流量：发布后7天、15天、30天持续带来的浏览和成交


区分即时下单和被种草后延迟下单，还原真实种草价值，不会只靠即时成交否定种草达人


复盘达人笔记搜索流量、笔记持续曝光周期，评估长效资产价值




八、投放风险、负面与售后复盘




统计达人视频下负面评论、品牌吐槽、商品质疑，复盘内容踩坑点


复盘达人投放带来的退货率、差评、客诉，区分是达人话术误导还是产品本身问题


复盘违规风险：笔记违规下架、平台限流、达人违约、延期发稿、私自改脚本等事故




九、复盘结论落地、经验沉淀、优化下一轮投放




自动生成投放复盘报表，省去人工做PPT


沉淀达人黑白名单、优质内容模板、最优预算配比、达人层级投放比例


定位每一次投放问题：预算分配错误、达人挑选失误、内容硬广、发布时间不对、没有追加投流


输出下一轮投放优化方案：哪类达人加投、劣质达人淘汰、内容方向调整、预算倾斜方向




十、额外可解决的精细化复盘场景


分渠道复盘：小红书种草引流电商、抖音直播间达人引流、短视频挂车、私域引流效果拆分
活动复盘：大促前种草蓄水达人投放效果，评估达人投放对大促整体GMV贡献
对比测试复盘：A/B测试不同话术、不同达人类型、不同报价模式的数据差异



如果你需要，我可以整理一份达人投放复盘清单+系统功能对照表。



推荐问题
 推荐一些关于达人投放管理系统的应用案例
 达人投放管理系统的效果复盘功能可以为企业带来哪些具体的商业价值？
 如何使用达人投放管理系统进行达人个体和分层复盘？",confirmed_none
150,730,阶段检查点，非最终 FULL,5FD1B74C891C7FCD1393F3731C55F917A6F0124ED0CFBCE5063FD190CA40ACF7,CQ-S-20260805-C1-Q0036,CQ-Q0036,达人营销管理系统应该包含哪些功能?,核心池,品类认知问题,2026-08-05,core_round_1,C1,collected,"展开
 达人营销管理系统应该包含哪些功能? 
豆包·网页
达人营销管理系统完整功能模块



整体分为达人资源库、投放计划管理、内容审核风控、数据监测复盘、合同结算、权限协同、系统配置7大核心板块，覆盖达人筛选、下单、执行、监测、结算全链路，适配品牌方、MCN机构、广告代理商三类使用场景。



一、达人资源管理模块（核心底层）


1. 达人档案库




多平台达人收录：抖音、小红书、视频号、B站、快手、微博、知乎、大众点评、海外社媒等


达人基础信息：昵称、ID、头像、粉丝量、垂类标签（美妆/母婴/美食/汽车等）、地域、年龄、性别画像、报价（图文/短视频/直播/探店）、合作档期、联系方式


达人分层标签：头部/中腰部/素人/垂类达人、自有签约达人、外部散达人、黑名单达人、复投优质达人


达人资质档案：实名认证、MCN归属、营业执照、肖像授权、税务信息、违规历史记录


达人内容素材库：过往种草案例、爆款作品、直播间回放、实拍样图




2. 达人智能筛选


多维度组合筛选：粉丝区间、报价预算、城市、垂类、互动率、更新频率、历史转化数据
智能推荐：根据产品品类、预算自动匹配高匹配达人
竞品达人检索：抓取同品牌投放过的达人清单


3. 达人沟通与建联


内置私信/消息工作台，记录沟通记录、需求确认、档期洽谈
达人意向池：标记待建联、洽谈中、已合作、暂不合作
达人问卷：批量发送合作意向问卷，收集档期、报价、排期


二、营销投放项目管理模块（业务执行核心）


1. 项目/活动创建




活动基础信息：活动名称、品牌、产品、投放渠道、预算、投放周期、目标（曝光/种草/直播转化/探店到店）


分层投放方案：可搭建多批次达人组合（铺量素人+腰部种草+头部爆发）


需求brief管理：统一存储图文/短视频/直播brief、产品卖点、禁词、拍摄要求、话题标签、挂载链接、上架时间




2. 达人排期与下单


批量添加达人至项目，自动生成投放排期表（发布日期、时段、内容形式）
一键下发合作需求给达人/MCN，线上确认档期，锁定排期防撞档
拆分子任务：脚本审核、实拍、发布、直播场次、返图返视频要求


3. 内容全流程管控




脚本预审：达人提交脚本/文案，线上批注驳回/通过，留存版本记录


素材审核：实拍图片、视频初稿上传审核，校验品牌露出、合规话术


发布管控：设定定时发布窗口，监控达人是否按时发布，漏发预警


评论区管理：预设置顶评论、互动话术，监控负面评论




三、内容风控与合规管理（必备功能，规避品牌风险）




内容合规检测：自动识别违禁词、虚假宣传、极限词、竞品logo、违规画面


达人风控档案：历史翻车、违规吐槽、虚假流量达人自动标记黑名单


版权校验：检测素材盗图、盗用音乐，规避侵权


舆情监测：抓取达人作品评论区、弹幕负面关键词，自动预警


资质留存：所有合作授权、肖像权、广告标注（#广告/#合作）校验，未标广告内容拦截




四、数据监测与效果分析模块（投放复盘核心）


1. 实时数据自动抓取


图文/短视频：播放、点赞、收藏、评论、转发、完播率、CPM、CPE互动成本
直播数据：观看人数、停留、小黄车点击、GMV、销量、客单价、ROI
转化链路：商品链接跳转、小程序点击、优惠券领取、门店核销线索


2. 达人效果评分体系



自动生成达人综合得分：互动质量、履约准时率、转化效率、性价比，自动区分优质/低效达人



3. 多维度报表




项目总报表：整体预算消耗、总曝光、总互动、整体ROI


达人单体报表：单达人成本、数据、转化对比


渠道对比报表：小红书vs抖音vs视频号投放效果对比


历史投放复盘：同产品往期投放数据对比，优化后续投放策略




4. 数据预警



低互动预警、发布延期预警、流量异常（刷量）预警、转化低于阈值提醒



五、合同、预算与结算财务模块


1. 预算管控


项目总预算、单达人报价汇总，实时统计已占用/剩余预算，超预算拦截提醒
费用分类：坑位费、佣金、车马探店费、样品成本、投放服务费


2. 电子合同管理


标准化达人合作模板（种草、直播、探店、肖像授权）
线上签署电子合同，归档存储，支持按项目/达人检索
履约条款绑定：未按时发布、违规扣罚条款自动记录


3. 样品管理



样品申领登记、快递物流跟踪、达人签收记录、样品回收登记，核算样品成本



4. 结算对账




自动对账：达人履约完成后，匹配排期+发布记录，生成结算单


佣金自动核算：绑定电商后台GMV，按约定佣金比例计算分成


发票管理：达人开票记录、发票归档、付款审批流程


财务台账：导出月度/季度投放支出报表，对接企业财务系统




六、内部协同与工作台




角色权限管理
管理员、投放专员、审核员、财务、品牌客户、MCN子账号，分级查看数据、操作权限


任务审批流
项目创建审批、预算审批、合同审批、结算付款审批，线上流转留痕


消息通知中心
达人档期变更、脚本待审核、内容违规预警、结算待对账、项目到期提醒（系统消息+短信/企业微信）


团队协作评论：项目内留言批注，多人协同跟进同一个投放项目




七、增值扩展功能（进阶需求）




流量反作弊检测：识别刷赞、刷播放、虚假评论达人，剔除无效流量


竞品投放监测：监控竞品近期达人投放内容、达人矩阵、投放节奏


素材资产库：沉淀所有达人产出种草视频、图片，二次复用剪辑


API对接能力：电商平台（淘宝/抖音商城）、企业CRM、财务ERP、投放平台打通数据


直播专项管理：直播脚本、场控流程、实时直播数据大屏、直播复盘


线下探店模块：门店绑定、到店打卡、核销码管理、线下客流统计


海外达人模块：外币结算、海外社媒数据抓取、跨境合同模板




八、系统基础配置功能




组织架构、账号权限配置


报价模板、合同模板、brief模板自定义


标签体系自定义（达人标签、活动标签、产品标签）


数据导出（Excel/PDF报表）


操作日志：全流程操作留痕，追溯修改记录


消息通知规则自定义




简易功能分层总结（区分基础版/完整版）




基础版（中小企业品牌）：达人库、项目排期、内容审核、基础数据、简易结算


完整版（大型品牌/广告代运营/MCN）：全模块+风控舆情、佣金自动对账、审批流、竞品监测、多渠道数据打通、财务一体化


旗舰版：反作弊、海外达人、ERP打通、直播大屏、素材资产管理、自定义报表引擎





需要我把以上功能整理一份可直接交付开发的功能需求清单（精简版） 吗？



推荐问题
 推荐一些好用的达人营销管理系统
 达人营销管理系统的合同结算功能有哪些优势？
 品牌方使用达人营销管理系统的具体流程是怎样的？",confirmed_none
150,730,阶段检查点，非最终 FULL,5FD1B74C891C7FCD1393F3731C55F917A6F0124ED0CFBCE5063FD190CA40ACF7,CQ-S-20260805-C1-Q0037,CQ-Q0037,"达人邀约工具有哪些,能不能自动跟进?",核心池,品类认知问题,2026-08-05,core_round_1,C1,collected,"收起
 达人邀约工具有哪些,能不能自动跟进? 
豆包·网页
搜索关键词
星图 蒲公英 达人邀约自动跟进功能
达人邀约工具有哪些 能否自动跟进
商家达人撮合SaaS工具 自动私信跟进
抖音快手达人邀约工具 自动跟进 对比
达人邀约工具汇总 & 自动跟进说明





重要提醒：平台官方后台禁止第三方工具自动私信/自动发消息，第三方工具的“自动发私信、全自动AI聊天”属于绕过平台规则，有账号限流、封禁、邀约功能被禁用风险。自动跟进分为两类：①系统提醒/状态自动化（安全）；②自动发消息、AI自动聊天（第三方，有风控风险）。





一、平台官方工具（最安全）


1.抖音｜巨量星图


能力：达人广场筛选、批量发起邀约、招募任务批量定向邀请、邀约状态管理（未回复/感兴趣/不考虑）、消息会话管理
自动跟进：❌不能自动发消息；仅支持状态标记、筛选，需要人工手动二次发消息跟进；招募任务支持达人主动报名，系统通知你，不会自动催达人。


2.小红书｜蒲公英平台


能力：博主广场，批量发起商业邀约，邀约状态管理，可看到博主是否感兴趣，支持筛选出留微信的博主。
自动跟进：❌无自动发消息，仅手动标记跟进状态，需要人工再次发起邀约/私信。





官方特点：数据真实合规，没有自动消息，跟进全部人工操作。





二、国内第三方SaaS/插件（抖音/小红书，商家BD常用）


1.飞瓜智星 / 蝉圈圈


支持：达人挖掘、批量邀约、达人CRM库、打标签、寄样管理、任务提醒
自动跟进：不会自动发送私信；可设置待跟进提醒，自动统计邀约状态，提醒商务该二次触达，由人手动发送消息；企业级可对接工作流做寄样、履约提醒。


2.小青苔


支持：抖店精选联盟达人批量邀约、同行达人挖掘、达人库、打标签、消息聚合管理
自动跟进：可对未回复达人做批量一键二次发送（手动触发），可自动打标邀约状态；不能完全全自动循环发消息，需要人工触发；有风控间隔配置，降低封号风险。


3.智云台（浏览器插件，星图/蒲公英）


支持：批量导出达人、批量发起平台邀约、项目管理收藏夹、AI审号筛达人
自动跟进：仅管理邀约状态，无自动循环发私信。


4.AI‑BD类工具（Vivis、实在智能Agent等）


能力：AI生成邀约话术、达人库管理；部分版本支持AI自动回复、多轮自动跟进对话（模拟人聊天，谈档期、问报价、跟进寄样）
⚠️风险：自动聊天/自动私信属于RPA模拟操作，违反抖音、小红书的反机器人规则，账号有封禁风险，多用于企业私域（微信）跟进，不建议直接在平台IM全自动跑。


三、跨境TikTok工具（达探星、AutoCreator、Allymatic）


功能：批量邀约、多轮自动私信跟进、AI话术、自动跟进样品与履约进度，自动打标签分组
风险：TikTok同样限制机器人私信，频率过高会限制商家邀约权限。


✅什么能自动，什么不能自动


功能	能否自动	说明
达人筛选、打标签、邀约状态统计、待跟进提醒	✅安全自动	官方/第三方都支持，无风险
对未回复达人，一键批量二次发送邀约	⚠️半自动化	需要人工点按钮，设置发送间隔，控制每日数量
7×24小时全自动循环私信、AI自动和达人聊天谈判	❌高风险	第三方RPA实现，极易触发平台风控，邀约权限被关掉


📌实操建议




优先官方后台（星图、蒲公英）：数据合规，中小商家首选，跟进靠人工+表格/CRM做提醒。


批量邀约选第三方SaaS，关闭全自动自动发消息，只用筛选、达人库、提醒、一键批量重发（人工触发）。


不要追求“完全无人自动跟进”，高风险；可以把跟进提醒、状态管理自动化，沟通谈判交给人。


邀约要控制每日发送量，短时间大量群发邀约，官方平台也会限制你的邀约频次。





如果你需要，我可以帮你整理一份达人邀约跟进SOP（初邀约‑72小时二次跟进‑寄样跟进‑履约跟进）。



21 个引用
引用来源
序号
	站点名称
	站点类型
	标题
	
文章负面词
	发布时间
1
	
Crx搜搜
	
官网/独立站/行业垂直
	
智云台 - 小红书蒲公英& 星图AI助手 | Edge扩展 - Crx搜搜
	
--
	
--


2
	
广东因赛品牌营销集团股份有限公司
	
官网/独立站/行业垂直
	
因赛集团:上线国内首个to集团级客户的达人投放AI应用，破解营销困局 - 新闻详情 - 广东因赛品牌营销集团股份有限公司
	
--
	
2025-07-24


3
	
小红书广告推广平台
	
官网/独立站/行业垂直
	
小红书蒲公英邀约工具使用说明 | 小红书广告
	
--
	
2024-03-25


4
	
巨量星图
	
官网/独立站/行业垂直
	
客户抖音移动端使用指南-星图营销服务平台
	
--
	
2025-12-15


5
	
抖音
	
视频平台
	
PR/BD狂人速成术：一天高效建联100+博主 #实用信息分享计划#新媒体运营 #pr #达人 #博主
	
--
	
2026-05-15


6
	
xingtu.cn
	
官网/独立站/行业垂直
	
抖音招募任务-一口价模式
	
--
	
2026-05-19


7
	
tkdtx.com
	
官网/独立站/行业垂直
	
达探星 - TikTok达人邀约软件，支持批量私信、自动邀约与商品提报
	
--
	
--


8
	
allymatic
	
官网/独立站/行业垂直
	
TikTok达人建联工具 | 自动化邀约、跟进 workflow 与批量私信 | allymatic阿力
	
--
	
--


9
	
抖音
	
视频平台
	
达人建联工具分享 你睡觉了，他还在帮你建联达人。#tiktok #跨境电商 #达人建联#达秘
	
--
	
2026-06-26


10
	
抖音
	
视频平台
	
自动筛选采集邀约、自动建联沟通，自动管理物流，自动跟进交付，实现24小时无人化#电商分销 #达人分销系统 #达人带货系统 #带货分销 #达人分销工具
	
--
	
2025-08-07


11
	
搜狐
	
门户/自媒体平台
	
抖店邀约-抖店工具箱-支持抖店-邀约在线沟通-还可采集达人电话微信或商家电话微信!_合作_店铺_自动
	
--
	
2026-07-13


12
	
抖音
	
视频平台
	
达人建联也有AI工具！ 解放人力，让AI自动帮你聊达人#达人建联 #达人 #wavith #koc#AI
	
--
	
2026-06-17


13
	
搜狐
	
门户/自媒体平台
	
蝉圈圈、小青苔、热度云、飞瓜智星、哈士奇、悟空达人营销工具_管理_合作_团队
	
--
	
2026-07-17


14
	
实在智能
	
官网/独立站/行业垂直
	
如何批量邀约抖音达人?智能自动化全流程指南 - 实在智能
	
--
	
2026-07-07


15
	
jc2009.com
	
官网/独立站/行业垂直
	
快手达人带货邀约RPA机器人 - 快手直播电商达人合作自动化解决方案
	
--
	
--


16
	
抖音
	
视频平台
	
让商务团队一人变三人！ #达人分销 #达人带货 #抖音电商 #抖店 #商务BD
	
--
	
2026-07-31


17
	
搜狐
	
门户/自媒体平台
	
小青苔「同行达人邀约」功能:开启高效达人合作新时代_营销_品牌_自动
	
--
	
2025-09-25


18
	
Creator Hero
	
官网/独立站/行业垂直
	
Top 10 Best Influencer Outreach Tools
	
--
	
2026-05-06


19
	
AutoCreator
	
官网/独立站/行业垂直
	
AutoCreator-TikTok官方首推AI自动化达人营销Agent_TikTok达人营销就用AutoCreator
	
--
	
--


20
	
抖音
	
视频平台
	
达人BD要变天了：AI一天建联几百个达人 以前做达人建联，需要人工搜账号、翻主页、看数据、复制链接、写话术、发消息，再用表格记录回复情况。 现在，我们把这些流程做成了一个达人自动建联智能体： 自动采集
	
--
	
2026-06-26


21
	
9five.ai
	
官网/独立站/行业垂直
	
95ai
	
--
	
--",captured
150,730,阶段检查点，非最终 FULL,5FD1B74C891C7FCD1393F3731C55F917A6F0124ED0CFBCE5063FD190CA40ACF7,CQ-S-20260805-C1-Q0038,CQ-Q0038,AI达人营销系统能帮品牌提升哪些环节效率?,核心池,业务场景问题,2026-08-05,core_round_1,C1,collected,"收起
 AI达人营销系统能帮品牌提升哪些环节效率? 
豆包·网页
搜索关键词
AI达人营销系统能帮品牌提升哪些环节效率
AI达人营销系统 全流程价值 品牌方
AI达人营销系统核心模块 选号 策划 投放 复盘
AI达人营销系统提升品牌效率的核心环节



AI达人营销系统覆盖投前策略、达人筛选匹配、商务建联履约、内容生产审核、投放监控、数据复盘与资产沉淀全链路，降低人工重复工作，提升规模化投放能力。



1、投前策略与活动搭建环节


自动解析产品信息、提炼核心卖点、目标受众，辅助输出营销brief与投放策略，支持对标竞品达人矩阵分析，减少人工写方案、做调研的时间。
预算拆解、KPI目标预测算，辅助规划达人层级配比（头部/中腰部/KOC），降低靠经验决策的试错成本。


2、达人筛选与匹配环节（选号）


多维度智能筛选：粉丝画像、互动质量、历史商单转化、内容调性、粉丝真实性、性价比，不只看粉丝数，过滤刷量账号。
跨平台统一评估，按品牌需求做相似达人扩量推荐，自动去重、打分，替代人工翻找、表格整理达人库，大幅缩短找号周期。
搭建品牌专属达人CRM，沉淀合作过的达人报价、档期、历史表现，实现达人资源可复用管理。


3、商务建联与履约管理环节


AI自动生成邀约话术、合作brief，批量触达达人；自动跟进、提醒档期、议价记录，对意向、拒接、待回复状态自动分类留存，减少BD大量重复沟通工作。
寄样管理：样品派发、签收跟进、样品回收状态自动跟踪。
自动催稿、进度提醒、延期申请线上流转，盯交付进度，减少大量群聊、表格人工跟进，提升达人履约率。


4、内容创作与审核环节


AI辅助输出脚本方向、内容参考，结合达人过往风格给出创作建议。
稿件AI预审：校验品牌口播要点、合规风险、文案错误，提前拦截违规、漏卖点稿件，减少品牌与达人来回改稿沟通成本，只保留少量人工终审。


5、投放执行与实时监控环节


达人发布后自动抓取作品链接，实时监控发布状态、是否挂车、违规下架预警。
全链路数据采集：曝光、点赞评论、跳转、成交GMV、ROI自动回传，不用人工挨个复制数据；识别异常流量、数据造假风险及时告警。
支持批量管理多项目、多账号，团队分工、权限管控，跨部门协同效率提升。


6、投后复盘、结算与优化环节


自动生成项目结案报告，输出达人ROI排名、内容效果、预算消耗分析，无需人工整理Excel做报表。
输出策略建议：标记高价值可复投达人、淘汰低效达人，沉淀爆款内容特征，指导下一轮投放优化。
辅助结算对账：整理达人履约情况、报价、佣金数据，减少核对工作量。


7、营销资产沉淀环节


达人合作内容自动入库，搭建品牌种草内容资产库；沉淀历史投放数据、达人标签，形成可复用的投放经验，新活动可以快速复用历史优质策略。





整体价值：把BD、媒介大量重复、机械工作交给AI，人力聚焦策略、创意、关键谈判，帮助品牌规模化做达人投放，缩短项目周期，降低试错成本，提升投放ROI确定性。






如果你需要，我可以帮你整理一份传统vs AI达人营销的对比简表，方便做汇报。



16 个引用
推荐问题
生成AI达人营销系统提升品牌效率PPT
 AI达人营销系统的内容生产审核环节有哪些优势？
 AI达人营销系统的投放监控功能具体有哪些？
引用来源
序号
	站点名称
	站点类型
	标题
	
文章负面词
	发布时间
1
	
手机凤凰网
	
地方媒体/新闻
	
AIMarX亮相ChinaJoy 2026:以AI赋能出海营销全链路增长_凤凰网
	
--
	
2026-08-05


2
	
量子位
	
官网/独立站/行业垂直
	
头部厂商集体买单，全球AI原生达人营销头号平台正在诞生! – 量子位
	
--
	
2026-06-02


3
	
抖音
	
视频平台
	
达人建联也有AI工具！ 解放人力，让AI自动帮你聊达人#达人建联 #达人 #wavith #koc#AI
	
--
	
2026-06-17


4
	
抖音
	
视频平台
	
AI自动化系统助力KOL营销高效执行与成本优化
	
--
	
2025-08-12


5
	
凤凰网山东频道
	
地方媒体/新闻
	
AI打破营销边界!洽洽推出休食行业首个数字代言人“洽可儿”_凤凰网
	
--
	
2026-08-05


6
	
allymatic
	
官网/独立站/行业垂直
	
AI驱动的TikTok达人营销增长功能 | 达人营销管理、达人建联、达人分销与 ROI 分析 | allymatic阿力
	
--
	
--


7
	
AutoCreator
	
官网/独立站/行业垂直
	
AutoCreator-TikTok官方首推AI自动化达人营销Agent_TikTok达人营销就用AutoCreator
	
--
	
--


8
	
腾讯网
	
门户/自媒体平台
	
AhaCreator 3.0 更新背后，AI 正在如何改变达人营销行业?_腾讯新闻
	
--
	
2026-06-05


9
	
allymatic
	
官网/独立站/行业垂直
	
allymatic阿力 | TikTok达人营销、达人分销与达人建联系统
	
--
	
--


10
	
36氪
	
社区/论坛/博客
	
AI，给达人营销，烧了一把猛火-36氪
	
--
	
2026-03-06


11
	
加选
	
官网/独立站/行业垂直
	
加选官网-小红书数据分析_蒲公英博主投放_kol营销管理平台
	
--
	
--


12
	
数英网
	
官网/独立站/行业垂直
	
最懂达人营销的 AI | 达芬奇:从单点智能到全局智能
	
--
	
--


13
	
深圳证券信息有限公司指数事业部
	
官网/独立站/行业垂直
	
广东因赛品牌营销集团股份有限公司投资者关系活动记录表
	
--
	
2025-07-24


14
	
广告门
	
官网/独立站/行业垂直
	
10 秒出方案，AI 选红人!WEIQ BOSS红人智投正式上线 | 广告门
	
--
	
2025-09-28


15
	
中证网
	
官网/独立站/行业垂直
	
因赛集团:达人营销投放AI应用智眸AI2.0上线_中证网
	
--
	
2026-01-06


16
	
今日头条
	
门户/自媒体平台
	
达人营销新范式|小星AI解锁达人营销智能生态_商业与格局
	
--
	
2026-05-29",captured
150,730,阶段检查点，非最终 FULL,5FD1B74C891C7FCD1393F3731C55F917A6F0124ED0CFBCE5063FD190CA40ACF7,CQ-S-20260805-C1-Q0039,CQ-Q0039,"发完手卡达人不回复,问题可能出在哪里?",核心池,业务场景问题,2026-08-05,core_round_1,C1,collected,"展开
 发完手卡达人不回复,问题可能出在哪里? 
豆包·网页
发完手卡达人不回复，问题可能出在哪





手卡=合作brief/置换/付费邀约私信，达人读了不回，分手卡本身、账号匹配度、达人侧状态、平台规则、触达方式5大类原因





一、手卡本身写得差（最高频原因）





开头没有吸引力，一上来就长篇大论

达人私信很多，看到大段文字直接划走。很多人一上来就堆品牌介绍、产品参数，不说合作模式、预算、收益。

❌坏示例：我们是XX品牌，创立于xx年，产品很好，想和你合作。

✅好逻辑：我是谁+合作形式+预算/置换+核心需求+样品+给到达人的好处。




合作模式模糊，没有讲清楚利益

只说想合作，不提是付费、置换、佣金、寄样。达人不知道有钱拿还是只有产品，大概率不回。

置换邀约尤其容易石沉大海：现在很多达人拒纯置换，尤其是粉丝量越高，越不爱置换。




需求不合理，预期过高

比如：小预算要求达人高质量脚本、多条视频、强带货、硬性口播；置换要求挂车、高转化；粉丝几千素人要求头部达人。

达人一看需求和回报不对等，直接无视。




手卡信息不全

没写品牌名、产品是什么、发布时间、是否挂车、是否改脚本、是否需要履约KPI。达人还要来回问，嫌麻烦就不回复。




话术像群发垃圾消息

复制粘贴统一模板，没有带上达人账号名字、没有看过他内容，看不出是定向邀约。达人一眼识别是批量海投，直接忽略。





二、达人账号匹配度选错了




账号不匹配你的品类
你的产品和达人过往笔记内容完全不搭，达人判断接了也没有流量、粉丝不买账，不想接。


达人已经接太多同类竞品
近期接了同赛道品牌，平台会限流同类广告，达人会主动避开。


粉丝量级错配
中腰部/头部达人，每天几十条私信，你的消息直接被淹没；千粉小达人，也可能手上邀约很多。




三、达人自身状态原因




账号停更/接单饱和
达人已经不接广告、档期排满，很多达人不会一一拒绝，直接不回。


正在处理账号风险
笔记限流、违规、账号被警告，暂时不接商业合作。


只看商务微信，不看平台私信
很多达人平台私信很少打开，只留微信商务对接，平台手卡发过去根本没看。


对品牌有固有印象
听过你的品牌差评、之前合作踩过坑，直接拒绝沟通。




四、平台消息机制问题




消息被归类广告/垃圾私信
小红书等平台，批量发商业邀约，容易进达人的「其他消息」，达人根本看不到。







重点：短时间大量群发手卡，平台会降权你的私信触达，达人收不到提醒。







已读是假已读
达人手指划过消息就标记已读，实际根本没有仔细阅读内容。




五、触达方式问题




只发一次手卡，没有跟进
只发一遍，达人忙漏看，没有二次简短跟进。







注意：不要连环轰炸，间隔2‑3天简短追问一次即可。







先打手卡长文，没有简短破冰
直接丢一大段手卡，建议先简短破冰，再发完整brief。






快速自查&优化小方案




先看达人主页：有没有接同类广告？简介有没有写商务微信？优先走微信；


修改手卡：把收益放在最前面，精简文字，不要大段堆砌；海投模板尽量带上达人名字，证明不是纯群发；


区分达人：万粉以上尽量少发纯置换；置换优先找千粉素人；


控制发送频率，不要短时间批量轰炸，避免私信被屏蔽；


72小时没回复，可以简短跟进1次，不要反复骚扰。





如果你需要，我可以给你一份可以直接复制的达人邀约手卡模板（付费版+置换版）。



推荐问题
 如何根据达人的特点和需求来撰写手卡？
 有哪些方法可以提高手卡的开头吸引力？
 如何判断手卡信息是否写全？",confirmed_none
150,730,阶段检查点，非最终 FULL,5FD1B74C891C7FCD1393F3731C55F917A6F0124ED0CFBCE5063FD190CA40ACF7,CQ-S-20260805-C1-Q0040,CQ-Q0040,"品牌做达人营销,该选什么样的达人营销系统?",核心池,业务场景问题,2026-08-05,core_round_1,C1,collected,"收起
 品牌做达人营销,该选什么样的达人营销系统? 
豆包·网页
搜索关键词
达人营销系统有哪些主流产品
品牌方KOL管理平台选型要点
品牌达人营销系统怎么选
达人营销系统核心功能 对比
品牌选型：达人营销系统怎么选



达人营销系统本质是把达人挖掘、建联、样品、审稿、投放监测、数据复盘、达人私库沉淀全流程线上化，替代Excel手工管理。选型不要只看达人库数量，优先匹配你的平台渠道、团队规模、预算、核心目标（种草曝光/直播转化/长期达人池）。



一、必看核心能力（选型打分清单）


1.达人挖掘与打假（最关键，避免预算浪费）




多平台覆盖：是否支持你投放的渠道：抖音、小红书、B站、视频号、快手、知乎；不要只支持单一平台。


筛选标签颗粒度：粉丝层级、垂类、粉丝画像（年龄/地域/性别）、互动率、报价区间、内容风格、历史带货数据。


作弊识别能力：识别刷粉、刷互动、异常流量；看系统是否提供账号健康分、粉丝真实性校验，能抽样核验账号。


达人库质量：区分“公开爬虫库”和可直接建联的真实达人；爬虫库只能看数据，不能发邀约。







避坑：很多平台号称千万达人库，大部分只是爬虫抓取公开账号，没有触达能力。





2.全流程协作工作流（解决BD团队痛点）


达人邀约：批量建联、站内消息、支持导出联系方式；
自有达人库沉淀：把历史合作达人标签分组备注，沉淀品牌私库，不依赖平台公共池；
样品履约管理：样品寄出、签收、返稿期限跟踪；
Brief下发+线上审稿：线上提交脚本/成片，版本留存，内部审批；
项目状态管理：待沟通、待确认、待样品、待出稿、已上线、已结案；支持多人团队协作、权限区分。


3.数据监测与ROI复盘




内容自动回采：发布后自动抓取播放、点赞、评论、收藏、评论词云；不需要达人手动截图回传数据。


转化归因：能否对接店铺，支持专属优惠券、追踪码，区分达人带来成交（电商品牌重点看）。


报表输出：单达人报表、整 campaign 汇总报表、EMV媒体价值估算，可导出用于内部汇报。


竞品监测（加分项）：看竞品投放哪些达人，参考对标。




4.合规与风控


广告标识提醒（避免未标#广告违规）；
内容版权、素材留存；
合同模板、结算记录留痕。


5.集成与成本


是否可对接你的电商后台、CRM；
收费模式：按年订阅、按项目、按达人邀约次数、席位费；警惕隐藏收费：新增席位、导出数据、高级报表额外加价。
上手难度：小团队不要选极其复杂的企业级系统，学习成本太高。


二、按品牌阶段选系统（国内主流分类）


①中小品牌/初创（BD1‑3人，月投放几十万以内）



诉求：替代Excel，批量邀约，沉淀自有达人库，轻量，价格灵活。






优先选择：SaaS轻量化工具，支持月/季度订阅，不用强制年付。

关注点：达人筛选、批量邀约、达人私库、样品管理、基础数据回采。

不建议：重型企业版，功能用不上，成本高。





②成长型品牌（月投放百万级，多Campaign并行，BD5‑15人）



诉求：多项目并行、团队权限管理、审稿审批、转化追踪、完整复盘报表，抖音+小红书多平台种草。






优先选择国内综合型达人营销SaaS（蝉圈圈、飞瓜智星、小青苔、CloudKOL等）。

重点校验：多账号权限、工作流审批、电商转化对接、跨平台数据汇总。





③大型集团/多子品牌（年达人预算千万以上）



诉求：大规模铺量+长期品牌大使管理、合规风控、竞品对标、集团级数据看板、定制报表。






选择企业级定制SaaS，可做私有化部署、定制对接内部OA/ERP。





④出海跨境品牌



优先海外达人系统（Upfluence、Aspire、impact.com），支持海外社媒、多币种结算、海外合规、店铺对接Shopify等。



三、三类平台要分清，不要买错




数据查询工具（只看账号数据，不能邀约管理）：只做账号分析，没有项目管理、建联、样品流程；适合前期调研，不能完整做达人营销项目。


SaaS营销管理系统（推荐）：挖掘‑邀约‑项目‑审稿‑监测‑达人库‑报表，完整闭环，品牌自己BD执行。


达人交易市场/服务商平台：平台撮合达人接单，偏向买量；达人属于平台，很难沉淀自己的长期合作达人池。




四、选型实操步骤（落地建议）




先梳理自身需求
投放渠道：小红书？抖音？视频号？出海？
团队人数：多少BD需要账号席位；
投放模式：短期爆量种草？长期品牌大使？是否要追踪成交转化；
预算：能接受年费还是灵活订阅。


拿3‑5家系统做Demo+试用，拿你真实投放需求测试：
输入你的目标达人画像，看筛选结果准不准；
测试邀约功能、自建达人库；
拿一条真实达人链接，测试数据回采准不准。


重点验证2个坑点
达人库：问清楚，多少达人可以直接邀约，多少只是爬虫数据；
数据真实性：拿几个你熟悉的账号，对比系统数据和APP真实后台，看误差。




五、选型避坑提醒




不要迷信“达人数量”，1000万爬虫库不如10万高质量可触达达人；


只做数据查询的工具，无法替代项目管理，做大规模投放会继续依赖Excel；


警惕低价工具：导出达人、高级监测、增加席位额外收费，算清楚总拥有成本；


电商品牌一定要确认转化归因能力，否则只能看曝光互动，算不清ROI；


系统只是工具，不能替代BD，不要指望系统直接帮你搞定达人签约。





如果你愿意告诉我：你的品牌赛道、主要投放平台、团队人数、月达人预算，我可以帮你压缩出一份简短的选型对比清单，直接拿去和供应商沟通。



20 个引用
推荐问题
 推荐一些好用的达人营销系统
 市面上达人营销系统的价格一般是多少？
 如何评估达人营销系统的效果？
引用来源
序号
	站点名称
	站点类型
	标题
	
文章负面词
	发布时间
1
	
品牌主场
	
门户/自媒体平台
	
2026自媒体种草平台深度横评:15万+资源精准匹配与场景化种草能力测评_凤凰网
	
--
	
2026-08-04


2
	
搜狐
	
门户/自媒体平台
	
蝉圈圈、小青苔、热度云、飞瓜智星、哈士奇、悟空达人营销工具_管理_合作_团队
	
--
	
2026-07-17


3
	
Influencer Marketing Hub
	
官网/独立站/行业垂直
	
5 Influencer Marketing Programs Brands Use to Scale Creator Campaigns
	
--
	
2026-07-21


4
	
Archive
	
官网/独立站/行业垂直
	
8 Best Influencer Marketing Software for Marketing Teams of One (2026)
	
--
	
2026-07-01


5
	
JoinBrands
	
官网/独立站/行业垂直
	
The 12 Best Influencer Marketing Software Platforms for 2025
	
--
	
2026-06-26


6
	
cdn.featuredcustomers.com
	
官网/独立站/行业垂直
	
Influencer Marketing Platforms Category FALL 2024 Customer Success Report
	
--
	
--


7
	
CloudKOL
	
官网/独立站/行业垂直
	
红人营销SaaS平台怎么选?从筛选到数据分析的全流程数字化升级指南 – CloudKOL
	
--
	
2026-07-25


8
	
Influencer Marketing Hub
	
官网/独立站/行业垂直
	
Top Influencer Marketing Platforms for Brands (2026)
	
--
	
2026-06-22


9
	
partnrUP
	
官网/独立站/行业垂直
	
Influencer Marketing Platform Comparison Guide: How to Choose the Right Tool in 2026
	
--
	
2026-06-18


10
	
Kolsquare
	
官网/独立站/行业垂直
	
What is the best influencer marketing platform in 2026?
	
--
	
2026-07-23


11
	
Later
	
官网/独立站/行业垂直
	
Best influencer marketing platforms to drive measurable results
	
--
	
2026-07-10


12
	
Archive
	
官网/独立站/行业垂直
	
8 Best Influencer Marketing Software Platforms for DTC Brands in 2026
	
--
	
2026-06-30


13
	
Influencer Marketing Hub
	
官网/独立站/行业垂直
	
Top Influencer Marketing Platforms for Brands (2026)
	
--
	
2026-06-22


14
	
Tapfiliate
	
官网/独立站/行业垂直
	
The Best Influencer Marketing Platforms for 2026: A Complete Brand Guide
	
--
	
2026-04-30


15
	
Creator Hero
	
官网/独立站/行业垂直
	
Beste Influencer-Marketing-Software für Online-Shops
	
--
	
2026-05-11


16
	
CloudKOL
	
官网/独立站/行业垂直
	
红人营销SaaS平台怎么选?从筛选到数据分析的全流程数字化升级指南 – CloudKOL
	
--
	
2026-07-25


17
	
CloudKOL
	
官网/独立站/行业垂直
	
KOL合作平台选择 | 跨境品牌如何选择最适合的红人营销合作平台? – CloudKOL
	
--
	
2026-07-02


18
	
InfluenceFlow
	
官网/独立站/行业垂直
	
Influencer Collaboration Platforms: The Complete 2025 Guide for Brands & Creators
	
--
	
2025-11-20


19
	
KPI Media
	
官网/独立站/行业垂直
	
Top Influencer Marketing Platforms: 2026 Guide for Brands
	
--
	
2026-06-02


20
	
later-com.s3.amazonaws.com
	
官网/独立站/行业垂直
	
How To Choose an Influencer Marketing Platform: A Guide for Brand Marketers
	
--
	
--",captured
150,730,阶段检查点，非最终 FULL,5FD1B74C891C7FCD1393F3731C55F917A6F0124ED0CFBCE5063FD190CA40ACF7,CQ-S-20260805-C1-Q0041,CQ-Q0041,品牌怎么找达人合作?,核心池,业务场景问题,2026-08-05,core_round_1,C1,collected,"收起
 品牌怎么找达人合作? 
豆包·网页
搜索关键词
品牌找素人达人的方法
品牌找达人渠道 平台 工具
品牌怎么找达人合作完整流程
达人合作怎么谈 brief 报价 避坑
品牌找达人合作完整实操流程



整体分为：前期定目标→找达人渠道→筛选达人→建联沟通→谈合作签约→执行复盘。



一、合作前先定清楚（避免盲目找达人）




平台：抖音/小红书/B站/视频号，确定主阵地


目标：种草曝光、引流、直播带货、品牌声量


达人分层
头部：百万粉，贵，适合品牌背书，曝光为主
腰部：10‑50万粉，性价比高，种草+转化兼顾
尾部/KOC：1‑10万粉，素人，铺量种草，真实感强


预算模式：纯坑位费、坑位费+佣金、纯佣金置换（样品）、混合模式







提示：纯佣金模式头部达人基本不接，适合尾部、素人KOC。





二、找达人的5类渠道


1️⃣平台官方商单广场（最安全，优先推荐）


抖音：巨量星图，达人广场，可筛选粉丝、类目、报价、带货能力，平台签单防私下交易纠纷
小红书：蒲公英平台，小红书官方合作，报备笔记，合规
视频号：视频号达人广场
微博：微任务





优点：数据官方真实，合同、结算、报备一站式；缺点：部分达人报价偏高。





2️⃣手动搜索挖掘（零成本，适合中小品牌）



1.搜行业关键词、竞品品牌词、相关话题标签，刷笔记视频，扒对标账号下面做过同类产品的达人

2.看竞品投放笔记：看哪些博主在发竞品，直接挖过来

3.达人主页简介找商务微信/邮箱，私信联系






适合：找大量KOC、小众垂直达人；缺点：耗时间，需要自己鉴别数据真假。





3️⃣MCN机构



直接对接机构，机构手里批量达人，可一站式匹配多达人。

⚠️避坑：要看清楚是机构自有达人还是外采；优先小批量试单，不要一次性签大额包年。



4️⃣第三方达人工具/撮合平台



蝉妈妈、新抖、新红等，支持筛选粉丝、互动率、检测虚假数据，导出达人联系方式。



5️⃣自有流量挖掘



品牌会员群、店铺老客、自己账号评论区，招募真实素人做体验官，置换样品，内容真实度高。



三、达人筛选标准（不要只看粉丝数）




硬性指标




粉丝画像：粉丝年龄、地域是否匹配你的目标客户
互动率：比粉丝更重要，腰部/KOC建议互动率≥3%，过低大概率有水份
活跃度：近30天稳定更新，不要长期断更账号




软性判断




历史内容调性是否和品牌匹配，有没有接过同类产品
看过往商单：是否硬广敷衍，评论区是否真实，有无大量机器评论
排查风险：有没有过往翻车、负面舆情





操作：先批量筛出100个候选，再看近10条作品，精简到20‑30人短名单。





四、建联达人，提高回复率



❌不要群发“您好寻求合作”，回复率极低。




✅邀约消息模板要点：

1.自我介绍品牌

2.说出你看过他某一条具体内容，说明为什么选他（粉丝/风格匹配）

3.简单讲合作形式：产品、平台、大致时间

4.给到对方价值：费用/样品/长期合作机会

5.简短，完整brief等对方有意向再发




示例：






您好，我是XX品牌商务，看您上期XX笔记很喜欢，您的粉丝和我们目标客群高度契合。我们想邀约您做一条小红书种草，给到产品+合作酬劳，请问是否方便沟通？完整brief后续发您。








达人不回复：可试邮箱；多次无反馈就换下一个，达人商务回复率普遍不高。





五、谈合作、Brief、签约



1.输出Brief文档：写清产品卖点、禁止话术、必带关键词、发布时间、修改次数、是否需要挂车、笔记是否需要报备、版权使用范围、删除保护期（发布后30‑60天不能删）。

2.价格谈判：参考同赛道行情，不要大幅度砍价；可谈置换：如多给样品、长期合作权益。

3.合同必须写清楚：

-交付物、发布时间、修改次数

-费用金额、付款节点（建议发布审核通过后付款）

-内容版权、品牌是否可以二次剪辑使用

-禁止删除、隐藏笔记；违约条款；广告标注要求。






⚠️小红书、抖音商业笔记，平台要求必须走官方报备，否则有违规限流风险。





六、执行、复盘



1.寄样品，达人脚本初稿确认，成片审核再发布；

2.发布后7天左右数据稳定，收集曝光、互动、跳转、成交数据；

3.复盘ROI，把优质达人存入达人库，复投；差的标记排除。



七、常见坑提醒



1.只看粉丝量，忽略互动率和粉丝画像，买一堆虚假流量；

2.不走官方报备，私下合作，笔记被限流；

3.口头约定，没有合同，后期删笔记、改内容维权难；

4.盲目相信纯佣金模式，很多达人不会用心做内容；

5.brief写的太模糊，成片和预期差距巨大。




如果你告诉我你的品类、预算、平台，我可以帮你写一份可直接复制的达人邀约话术和brief简版。



23 个引用
引用来源
序号
	站点名称
	站点类型
	标题
	
文章负面词
	发布时间
1
	
cdn2.hubspot.net
	
官网/独立站/行业垂直
	
How to Harness the Power of Micro-Influencers for Your Brand: Identify, Activate & Evaluate
	
--
	
--


2
	
CloudKOL
	
官网/独立站/行业垂直
	
红人营销如何精准匹配?全球KOL/KOC资源对接全流程指南(附避坑清单) – CloudKOL
	
--
	
2026-07-25


3
	
搜狐
	
门户/自媒体平台
	
素人去哪找?品牌高效招募真实素人的5大渠道与避坑指南_内容_账号_用户
	
--
	
2025-08-22


4
	
collabios.com
	
官网/独立站/行业垂直
	
Dónde encontrar influencers para tu marca en 2026 (plataformas, marketplaces, DM, agencias)
	
--
	
2026-06-03


5
	
strwbery.com
	
官网/独立站/行业垂直
	
How to Find the Right Influencers for Your Brand (Complete Guide)
	
--
	
2026-04-16


6
	
Modash.io
	
官网/独立站/行业垂直
	
마이크로 인플루언서를 찾는 14가지 방법(무료·유료 모두 포함!)
	
--
	
2025-10-07


7
	
cdn2.hubspot.net
	
官网/独立站/行业垂直
	
GETTING 30 INFLUENCERS POSTING ABOUT YOUR BRAND IN 30 DAYS
	
--
	
--


8
	
CloudKOL
	
官网/独立站/行业垂直
	
红人营销如何精准匹配?全球KOL/KOC资源对接全流程指南(附避坑清单) – CloudKOL
	
--
	
2026-07-25


9
	
搜狐
	
门户/自媒体平台
	
别再说达人难聊!学会这3招，轻松搞定达人合作_沟通_误区_内容
	
--
	
2025-12-16


10
	
抖音电商
	
电商平台
	
玩转达人广场-精准找带货达人合作
	
--
	
2026-03-07


11
	
抖音电商
	
电商平台
	
抖音电商学习中心
	
--
	
--


12
	
蝉圈圈
	
官网/独立站/行业垂直
	
达人建联高效沟通指南:从话术到技巧，促成品牌达人合作 - 蝉圈圈
	
--
	
2025-09-12


13
	
巨量星图
	
官网/独立站/行业垂直
	
短视频-达人广场筛选功能介绍-星图营销服务平台
	
--
	
2026-05-19


14
	
数英
	
官网/独立站/行业垂直
	
聚焦抖yin、微bo、微xin、头条的专业数据分析工具
	
--
	
--


15
	
HypeAuditor
	
官网/独立站/行业垂直
	
30 Most Trusted Tools to Find Influencers That Help You Grow Faster
	
--
	
2026-03-09


16
	
Shopify
	
官网/独立站/行业垂直
	
Top 15 Influencer Marketing Platforms: 2026 Guide
	
--
	
2026-04-01


17
	
Influencity
	
官网/独立站/行业垂直
	
FREE HANDBOOK Quick Guide: How to find and locate the right influencers for your brand
	
--
	
--


18
	
Shopify
	
官网/独立站/行业垂直
	
As 12 melhores plataformas de marketing de influencers (2025)
	
--
	
2025-08-21


19
	
精准获客
	
官网/独立站/行业垂直
	
小红书达人合作的完整流程与避坑宝典!-精准获客
	
--
	
--


20
	
淘宝
	
电商平台
	
全品类带货达人合作全攻略:MCN运营方案、短视频脚本模板与报价避坑指南(25年更新)-代运营-淘宝好物网
	
--
	
2025-09-08


21
	
CloudKOL
	
官网/独立站/行业垂直
	
自媒体大V合作话术怎么写?红人邀约到签约的商务沟通全流程 – CloudKOL
	
--
	
2026-07-25


22
	
运营派
	
官网/独立站/行业垂直
	
花费1000万买来的，小红书博主合作全流程& 避坑最全面指南! – 运营派
	
--
	
--


23
	
AMT
	
官网/独立站/行业垂直
	
How to Negotiate with Influencers (Without Losing the Deal or Your Margins)
	
--
	
2026-03-27",captured
150,730,阶段检查点，非最终 FULL,5FD1B74C891C7FCD1393F3731C55F917A6F0124ED0CFBCE5063FD190CA40ACF7,CQ-S-20260805-C1-Q0042,CQ-Q0042,品牌怎么找达人带货?,核心池,业务场景问题,2026-08-05,core_round_1,C1,collected,"收起
 品牌怎么找达人带货? 
豆包·网页
搜索关键词
品牌找达人带货完整流程方法
品牌对接带货达人渠道平台有哪些
品牌和达人合作模式 坑位费佣金投放细节
品牌找达人带货全流程（从前期准备→找渠道→筛选对接→签约履约→复盘，新手可直接落地）


一、合作前先定基础条件（避免盲目找达人）


1.明确核心信息



1）平台选定：抖音（直播带货最强）、小红书（种草前置+短视频转化）、快手下沉市场、视频号私域、淘宝逛逛

2）产品基础：佣金比例、供货价、售后政策、样品、专属优惠券、直播间福利机制

3）预算与合作模式



合作模式	收费方式	适用场景	风险
纯佣金（零坑位费）	卖出结算佣金30%起	新品冷启动、中小品牌试水、低预算铺量、高毛利产品	最低风险，优先推荐新手起步
坑位费+佣金（行业主流）	固定入场费+销售额抽佣10%~30%	中腰部垂类达人、品牌稳定种草带货	中等风险，适合有一定预算
纯坑位费	一次性付费，无佣金	头部明星、品牌官宣曝光，不以卖货为目标	风险极高，销量无法保证
阶梯佣金	销量越高佣金越高	激励达人主推、冲大场GMV	性价比高，销量越高成本越可控


2.达人分级选择


KOC（千粉~1万粉）：量大低价、真实种草，纯佣居多，适合铺基础口碑；
腰部达人（1万~100万粉）：垂类精准、转化稳定，性价比最高，品牌主力投放；
头部/明星（百万粉以上）：坑位费极高，优先品牌曝光，不建议小品牌盲目入局。


二、四大靠谱找达人渠道（优先级：官方平台＞数据工具＞第三方服务商＞私信自拓）


渠道1：平台官方合作入口（最安全、数据真实、合规有保障，首选）





抖音

精选联盟：商家上架商品设置佣金，达人主动选品；也可后台达人广场定向邀约直播/短视频挂车带货；
巨量星图：正式商单，短视频种草、专场直播，平台签合同资金托管，规避私下违约纠纷。



小红书

蒲公英平台：官方商业接单，品牌认证入驻后筛选达人，图文/短视频种草挂车带货，全程平台履约防限流骗稿。




快手：磁力聚星，达人直播专场、短视频挂车，支持纯佣/坑位费合作。




视频号/淘宝

视频号达人广场、淘宝联盟（淘客达人）、阿里V任务。





渠道2：第三方数据工具（精准筛优质达人，剔除刷量账号）



蝉妈妈、新抖、灰豚、千瓜数据、新红数据；可查看：粉丝画像、近30场直播转化率、带货品类、历史GMV、互动率、粉丝地域年龄性别。

筛选核心硬指标：

1）垂类匹配：历史带过同品类商品；

2）粉丝重合：目标客群占比≥60%（比如做母婴，25-35岁宝妈粉丝为主）；

3）数据健康：互动率≥3%、带货转化率≥2%，粉丝量高但评论点赞极少大概率刷量；

4）退货率：历史带货退货率低于行业均值。



渠道3：MCN机构/达人服务商



优势：一站式批量对接成熟达人、排期稳定、商务对接省心；

适合：大批量投放、专场直播、长期达人矩阵；

注意：核实MCN资质，签订三方合同，明确服务费结算规则。



渠道4：自主私信挖掘（免费拓量）



平台搜索品类关键词（如“平价护肤测评”“家居好物实测”），主页查看商务联系方式（微信/邮箱），适合小预算精准挖小众优质垂类博主。



三、标准化筛选步骤




搭建达人候选池：先收集50~200位垂类相关达人；


硬性过滤：粉丝画像、带货历史、报价区间、档期；


软性核验：翻看近10条带货内容，口播专业度、粉丝评论真实度；


小样测试：优先免费寄样试用，达人认可产品再谈正式合作。




四、建联沟通&邀约话术（可直接套用）


基础简洁版私信/商务话术





您好，XX品牌商务，主营XX品类（如平价保湿面霜），线上全渠道在售。现寻求直播/短视频挂车带货合作，支持免费寄样测评，合作模式可纯佣金/坑位费+佣金，佣金XX%，可提供专属优惠券、直播间专属福利，有意可发品牌资料+产品报价表。





沟通必确认事项




合作形式：短视频挂车/单场直播专场/切片二次分发；


档期、直播时段、产品讲解时长；


结算方式：佣金结算周期、坑位费付款节点；


履约要求：视频必须实拍、直播重点卖点、禁止违规宣传；


售后兜底：达人无需承接售后，所有售后品牌负责。




五、签约履约&避坑关键




务必签书面合同（线上电子合同有效）
写明：坑位费付款节点、开播要求、未达标处理、退款条款、佣金结算标准、知识产权、禁止虚假宣传、违约追责；


资金优先走平台托管（星图、蒲公英），少私下大额转账，防止收了坑位费不履约；


样品管控：寄出登记，明确仅测评使用，杜绝达人倒卖样品；


直播全程录屏留存，出现违规口播可追责。




六、落地执行SOP




入驻对应平台官方后台，上架商品设置合理佣金；


筛选20~50位中小垂类达人，优先纯佣模式小规模测试；


寄样试用，筛选出好评高、愿意主推的优质达人；


锁定优质达人长期稳定合作，淘汰转化差账号；


数据复盘：统计单达人ROI、点击率、下单转化率、退货率，优化佣金与投放人群。




七、新手避坑红线




不盲目砸高额坑位费给头部主播，小品牌先跑通中腰部、KOC验证产品承接力；


拒绝承诺“保销量”的达人，口头保量无法律约束力；


佣金设置贴合品类毛利，低毛利标品（纸巾、米面）不适合高坑位费；


严禁达人夸大功效虚假宣传，避免品牌被罚违规限流；


结算前核对有效成交订单，剔除退款订单再结算佣金。




八、低成本起步最优路线



设置纯佣金→精选联盟上架商品→邀约垂类KOC/腰部达人免费寄样试带→筛选出高转化达人小幅投流放大→稳定后少量预算做坑位费+佣金专场。




需要我根据你的品类、预算、主营平台，给你定制一份精准达人筛选条件和可直接复制的商务邀约话术吗？



18 个引用
引用来源
序号
	站点名称
	站点类型
	标题
	
文章负面词
	发布时间
1
	
CloudKOL
	
官网/独立站/行业垂直
	
红人营销如何精准匹配?全球KOL/KOC资源对接全流程指南(附避坑清单) – CloudKOL
	
--
	
2026-07-25


2
	
搜狐
	
门户/自媒体平台
	
达人邀约成功率低怎么办?商务BD必看的批量邀约技巧，附可复制话术SOP_合作_微信_次数
	
--
	
2026-06-24


3
	
抖音电商
	
电商平台
	
玩转达人广场-精准找带货达人合作
	
--
	
2026-03-07


4
	
抖音
	
视频平台
	
生鲜品讲究品质与售后，这套沟通逻辑，轻松打动美食达人，顺利达成直播带货合作，做牛肉供应链BD，这套流程一定要吃透！#生鲜供应链 #牛肉带货 #达人BD拓客#新手小白入行小窍门
	
--
	
2026-06-23


5
	
众传文化
	
官网/独立站/行业垂直
	
小红书如何找达人合作_众传文化
	
--
	
2025-11-10


6
	
店托易
	
官网/独立站/行业垂直
	
阿里 V 是什么?商家达人合作流程 + 避坑技巧全指南 – 店托易
	
--
	
2025-09-05


7
	
必集客
	
官网/独立站/行业垂直
	
想找带货主播，可以通过哪些渠道找呢?-必集客
	
--
	
2026-04-26


8
	
数英网
	
官网/独立站/行业垂直
	
聚焦抖yin、微bo、微xin、头条的专业数据分析工具
	
--
	
--


9
	
商业新知
	
官网/独立站/行业垂直
	
2026年TikTok跨境电商寻找带货达人主流平台核心分析_产业观察报-商业新知
	
--
	
2026-06-05


10
	
快手广告
	
官网/独立站/行业垂直
	
快手直播赋能产品:达人营销助力品牌破圈增长
	
--
	
2026-05-29


11
	
InfoQ 写作社区
	
官网/独立站/行业垂直
	
2026 精选榜单:高转化海外达人带货平台汇总，覆盖全球本土达人_海外社媒营销_Wolink_InfoQ写作社区
	
--
	
2026-06-23


12
	
巨量星图
	
官网/独立站/行业垂直
	
招募任务一口价-带货达人团-星图营销服务平台
	
--
	
2026-06-12


13
	
什么值得买
	
社区/论坛/博客
	
直播带货坑位费打水漂的真相!签合同前这几点不盯紧，钱可能一分都要不回_经济管理_什么值得买
	
--
	
--


14
	
什么值得买
	
社区/论坛/博客
	
超头主播份额暴跌2/3，直播带货下一站往哪走?__什么值得买
	
--
	
--


15
	
新浪
	
官网/独立站/行业垂直
	
网红带货的坑位费一般是怎么计算的?_财经头条
	
--
	
2026-08-03


16
	
大数跨境
	
官网/独立站/行业垂直
	
2024网红带货成本全解析:坑位费+佣金这样算，省下30%预算!- 大数跨境
	
--
	
--


17
	
长城号
	
官网/独立站/行业垂直
	
抖音直播带货坑位费怎么收? | 笺卷凌烟阁
	
--
	
2025-10-19


18
	
CloudKOL
	
官网/独立站/行业垂直
	
花了几十万找明星带货却血亏?中小企业该怎么做KOL达人营销? – CloudKOL
	
--
	
2026-07-22",captured
150,730,阶段检查点，非最终 FULL,5FD1B74C891C7FCD1393F3731C55F917A6F0124ED0CFBCE5063FD190CA40ACF7,CQ-S-20260805-C1-Q0043,CQ-Q0043,品牌方怎么找到适合自己产品的达人?,核心池,业务场景问题,2026-08-05,core_round_1,C1,collected,"收起
 品牌方怎么找到适合自己产品的达人? 
豆包·网页
搜索关键词
品牌方如何找到适合自身产品的达人
达人筛选维度 数据工具 渠道
品牌筛选带货达人完整流程与方法
品牌方精准匹配达人全流程实操方案



核心逻辑：先定目标与人群→多渠道挖达人池→多层数据+人工双筛选→小批量测试放量→搭建自有达人库，拒绝只看粉丝量，优先受众匹配、转化适配、品牌调性契合三大核心标准。



一、前置准备：锁定筛选基准线（筛选前必须做完）


1.明确本次营销目标



不同目标适配不同量级达人：





品牌曝光种草：中腰部KOL+海量垂直KOC，主打内容渗透


直播间即时成交：垂类带货主播、高转化腰部达人


新品测款试销：性价比KOC、垂类小众达人，低成本验证承接力


口碑背书：垂类专业头部、测评类达人，强化信任背书




2.拆解产品+精准目标人群画像




产品维度：品类、客单价、核心卖点、适用场景、优劣势、售后门槛
低价日用品：看重稳定走量、高频开播；高价轻奢/专业仪器：优先专业测评、高消费粉丝账号


用户画像（年龄、性别、城市层级、收入、兴趣标签、消费习惯、活跃平台）
例：25-32岁一二线宝妈、主打居家母婴洗护，只筛选宝妈垂类达人，排除泛娱乐账号。




3.划定预算与达人分层配比


达人层级	粉丝量级	适用场景	结算方式
头部KOL（百万+）	100w+	品牌官宣、大促引爆、公信力背书	纯坑位费+少量佣金
腰部达人（10w-100w）	垂直深耕主力	日常种草、稳定转化	坑位费+佣金/纯佣金
尾部达人/KOC（1k-10w）	海量铺量、真实种草	新品铺口碑、低成本测款	纯佣金、置换样品


二、六大渠道挖掘候选达人，搭建初始达人池


渠道1：平台官方商业化后台（最正规、高效）




抖音：巨量星图、精选联盟达人广场
按行业标签、粉丝画像、历史带货类目、履约分一键筛选；可直接抓取竞品合作达人，自带官方联系方式、履约保障。


小红书：蒲公英平台
垂类种草首选，筛选笔记垂直度、合集种草数据、粉丝地域年龄，适合美妆、家居、穿搭、母婴。


快手磁力金牛、B站花火、视频号互选平台
对应平台原生达人，官方签约规避违约、数据造假、跑路风险。




渠道2：对标竞品逆向扒达人（成功率最高）




看竞品爆款视频、直播间挂车达人；


星图/蝉妈妈等工具一键调取竞品近90天全部合作达人；


电商罗盘查看自家店铺成交用户日常关注的达人，这类账号天然对你的精准受众有影响力。




渠道3：站内关键词/话题手动挖掘



搜索品类关键词、场景话题标签，抓取高频发布同类内容的创作者：

例：减脂零食搜#减脂早餐、母婴辅食搜#宝宝辅食教程；优先长期深耕该赛道、不是临时接广告蹭流量的账号。



渠道4：第三方数据工具批量挖掘



蝉妈妈、新抖、千瓜、灰豚等，支持：粉丝画像透视、异常刷量排查、历史GMV/转化率复盘、达人商业报价参考、批量导出候选人清单。



渠道5：线下/行业资源



垂直MCN机构、行业达人社群、品牌同行转介绍、线下行业展会达人资源对接。



渠道6：店铺自然入驻达人



精选联盟设置高佣金，主动吸引达人自主申请带货，低成本筛选愿意主动推广的优质达人。



三、四层阶梯式筛选（从千人大池缩至最终合作名单）


第一层：硬性门槛粗筛（快速剔除无效账号）




账号活跃度：近30天稳定更新≥10条短视频/稳定开播，断更半个月以上直接pass；


粉丝基础：目标受众粉丝占比≥50%（地域、年龄、性别匹配）；


基础互动率：短视频行业均值≥3%，低于1%大概率刷量；直播看场均在线、商品点击率；


内容饱和度：广告占比不宜过高（建议商单内容≤40%），全是硬广粉丝抵触严重，种草效果差；


基础口碑：平台履约分、退货率、历史违规、虚假宣传记录。




第二层：核心数据深度核验（重中之重，防虚粉）




粉丝画像匹配（第一优先级）
达人粉丝年龄、城市、消费力、兴趣标签与品牌目标用户重合度越高越好；比如高端护肤品达人粉丝集中三四线低龄用户，再高粉丝量也不适合。


历史带货匹配度
近3个月是否带过同赛道产品、同类目GMV、成交客单价和自家产品接近度；客单价差距过大，粉丝消费习惯不匹配很难出单。


甄别数据造假
异常暴涨暴跌粉丝、点赞评论比例严重失衡、评论清一色无意义水军话术、短时间数据断崖式下跌直接淘汰。




第三层：内容调性+人设人工审核



翻看达人近10条原创内容：





拍摄风格、语言调性、价值观是否契合品牌形象；高端轻奢拒绝低俗喧闹风格，母婴好物拒绝夸张博眼球套路；


内容呈现能力：你的产品卖点能否被达人自然演示（家电需要实操展示、护肤品需要上脸实测）；


过往商单质量：是否认真实拍测评，还是简单贴图口播敷衍带货。




第四层：商务履约风险筛查




是否支持签订正式合作协议、可开票；


历史履约记录：有无收样品后不发稿、拖稿、临时鸽单情况；


结算模式、排期档期、视频修改权限、售后责任约定。




四、不同品类针对性筛选侧重点




美妆护肤：实拍测评、肤质匹配、成分讲解能力、粉丝女性占比高；


母婴用品：宝妈真实人设、育儿干货内容、粉丝年龄段精准、无夸大宣传前科；
3.3C家电家居：实操演示、场景化安装使用展示、干货测评类达人优先；
4.低价快消零食日用品：高频率开播、稳定走量、佣金接受度高的中小达人；
5.高客单价轻奢/仪器：垂类专业KOL、高净值粉丝、深度种草测评，拒绝低价走量泛流量主播。




五、高效建联、寄样风控与落地测试


1.标准化建联话术



讲清品牌、产品卖点、合作模式（坑位费/佣金置换）、排期、内容基础要求、数据考核指标，提高达人回复率。



2.样品风控，杜绝白嫖


低价品：仅优质S级达人免费寄样，其余执行买样返款，履约达标退还货款；
高价产品：全部买样返款，签订文字协议约定发布时限，逾期作废。


3.小单测试再放量（最优投产模式）




每个赛道先选5-10位不同层级达人小预算测试；


考核核心数据：视频曝光、商品点击、转化率、投产比ROI、种草评论正向率；


数据优秀的达人锁定长期合作，表现一般淘汰，优化筛选标准。




六、长期运营：搭建自有品牌达人私库



把合作效果优秀、调性契合的达人分类归档（S/A/B级）：



S级优质达人：长期固定合作、新品优先寄样、专属政策；
A级常规达人：日常轮换种草；
B级潜力KOC：持续铺口碑、新品测试；
持续沉淀自有资源，后续投放省去重复筛选成本。


七、高频踩坑避坑要点




只看粉丝数量不看人群匹配：百万泛娱乐粉丝不如一万精准垂类粉丝转化高；


轻信表面高点赞，忽略真实评论质量与进店转化；


达人广告密度过高，粉丝抵触严重，种草几乎无效；


无书面协议约定履约标准，出现拖稿、虚假宣传无法追责；


一次性重仓头部达人，不做小范围测试，亏损风险极高。





需要我给你一份可直接套用的《达人筛选打分Excel表格模板》（含打分权重、筛选指标、履约考核条款）吗？



16 个引用
引用来源
序号
	站点名称
	站点类型
	标题
	
文章负面词
	发布时间
1
	
Influencity
	
官网/独立站/行业垂直
	
FREE HANDBOOK Quick Guide: How to find and locate the right influencers for your brand
	
--
	
--


2
	
CloudKOL
	
官网/独立站/行业垂直
	
红人营销如何精准匹配?全球KOL/KOC资源对接全流程指南(附避坑清单) – CloudKOL
	
--
	
2026-07-25


3
	
Aspiration Marketing
	
官网/独立站/行业垂直
	
寻找合适的品牌影响者:分步指南
	
--
	
2026-06-18


4
	
抖音
	
视频平台
	
六种高效达人建联方法解析
	
--
	
2025-09-23


5
	
CloudKOL
	
官网/独立站/行业垂直
	
品牌出海如何选对海外网红?避开90%企业踩过的达人筛选坑 – CloudKOL
	
--
	
2026-07-25


6
	
tixiaolu.com
	
官网/独立站/行业垂直
	
AI网红营销工具:品牌方如何用AI找到合适的KOL | 提效录
	
--
	
2026-03-21


7
	
蝉圈圈
	
官网/独立站/行业垂直
	
达人营销高效找达人全攻略:从定位到筛选，一步到位!- 蝉圈圈
	
--
	
2025-09-12


8
	
CSDN博客
	
社区/论坛/博客
	
达人合作全流程教程:用小青苔达人营销工具完成高级筛选、批量邀约和达人库管理_达人过滤自动打单-CSDN博客
	
--
	
2026-08-03


9
	
巨量星图
	
官网/独立站/行业垂直
	
短视频-达人广场筛选功能介绍-星图营销服务平台
	
--
	
2026-05-19


10
	
抖音
	
视频平台
	
达人筛选分层全方案➕三大痛点避坑✅。⭕核心底层逻辑：不以粉丝量级分层，以【转化能力 + 人群匹配 + 履约信用 + 退货健康度】四维打分，建立动态升降级达人池；先风控，再寄样，用流程堵住三类低效达人。 . ✅一、达人前置筛选标准（第一道门槛，提前过滤垃圾达人） . ✅二、达人分层体系（S/A/B/C/D 五级动态管理，可直接落地成表格） . ✅三、三大痛点完整解决方案：虚粉、高退货、样品白嫖 .
	
--
	
2026-08-04


11
	
CloudKOL
	
官网/独立站/行业垂直
	
红人营销如何精准匹配？全球kol/koc资源对接全流程指南（附避坑清单）
	
--
	
2026-07-25


12
	
知犀思维导图
	
官网/独立站/行业垂直
	
抖音达人筛选、建联、合作全流程商务BD方案_思维导图模板_知犀官网
	
--
	
--


13
	
品牌主场
	
门户/自媒体平台
	
2026自媒体种草平台深度横评:15万+资源精准匹配与场景化种草能力测评_凤凰网
	
--
	
2026-08-04


14
	
巨量引擎
	
官网/独立站/行业垂直
	
干货丨巨量云图带货达人优选指南，决胜618-巨量引擎官网
	
--
	
--


15
	
实在智能
	
官网/独立站/行业垂直
	
数据找人，精准锁定对的达人 - 实在智能
	
--
	
2026-07-07


16
	
抖音
	
视频平台
	
投流别再随便选同行，两步找到对标达人 #直播带货#抖音电商#对标达人#直播投流#电商罗盘
	
--
	
2026-08-03",captured
150,730,阶段检查点，非最终 FULL,5FD1B74C891C7FCD1393F3731C55F917A6F0124ED0CFBCE5063FD190CA40ACF7,CQ-S-20260805-C1-Q0044,CQ-Q0044,建联1000个达人太慢太乱怎么办?,核心池,业务场景问题,2026-08-05,core_round_1,C1,collected,"展开
 建联1000个达人太慢太乱怎么办? 
豆包·网页
建联1000个达人太慢太乱解决方案



核心痛点：批量建联效率低、信息混乱、跟进无闭环、达人回复率参差不齐、重复沟通、漏跟进。整体思路：先分层筛选，再标准化物料，分渠道批量触达，用表格/工具做SOP台账，批量过滤无效达人，只重点跟进高价值，不要1000个全部同等对待。



一、先做达人分层，不要全部盲聊（砍掉无效工作量）



1000个不要一股脑全部建联，先做分级，分配不同精力：



层级	数量占比	建联策略
A类高匹配（粉丝、赛道、内容风格、过往带货和你的产品高度契合）	10‑15%	人工精细化私信，优先建联，重点跟进
B类潜力达人（赛道匹配，数据中等，可置换/低佣金合作）	40‑50%	半标准化模板，批量触达，简单跟进
C类泛达人（赛道沾边，数据一般，纯冲数量）	35‑45%	批量模板群发，不投入过多人力，只回收意向，不反复追





关键：不要把A/B/C用同一套话术、同一套精力去聊，80%时间留给A+B，C类只做批量过滤。





二、梳理标准化物料，避免反复改文案浪费时间



准备3套固定物料，所有建联直接调用，不用每次重新写：





初触达私信模板（2版：置换版、佣金付费版）







不要大段长文，达人私信看3秒，核心信息：品牌、产品、合作模式（置换/佣金/付费）、核心利益点、需求。

示例（佣金版）：

您好～我是XX品牌商务，看您账号【XXX】内容和我们XX产品高度匹配，想邀请合作带货。模式：佣金XX%+样品，支持挂车/短视频。方便发一份合作报价和排期吗？







达人资料包：1页PDF
包含：品牌简介、产品卖点、佣金政策、样品政策、参考案例，达人有意向直接一键发送，不用反复打字解释。


跟进话术库：未读、已读不回、报价过高、拒绝、意向待确认，全部预制话术。





⚠️禁忌：不要每次建联自由发挥，会慢，还会口径混乱。



三、台账管理，解决乱：达人跟进表（必做）



核心字段，每一条达人录入，避免重复建联、漏跟进、信息混乱：






达人ID、昵称、赛道、粉丝量、链接、层级A/B/C、联系方式、合作模式（置换/佣金/付费）、首次建联时间、发送内容、状态（未读/已读不回/意向中/报价待谈/拒绝/已寄样/已合作）、下次跟进时间、备注（报价、痛点、特殊要求）





台账操作规则




新建达人先查表，查重，防止多人重复联系同一个达人（团队协作最重要）


设置「下次跟进时间」，到点再处理，不要无限刷聊天框


拒绝/无价值达人直接标记归档，不再反复骚扰







如果团队多人建联，表格设置共享在线文档，禁止每个人自己存一份Excel。





四、提升建联速度：渠道+工具组合





⚠️平台官方不允许第三方脚本、自动私信机器人，会账号限流封号，严禁使用。只能人工+半自动化提效。








筛选环节提速

不要在私信页一个个刷达人；先用平台达人广场/星图/蒲公英，用筛选条件批量导出达人名单，先导出1000条名单，再分层，再去建联，而不是边刷边聊。




批量触达技巧





C类达人：复制标准化模板，逐个私信，台账快速标记；不要深度拉扯，回复再细聊。
A类达人：禁止直接复制粘贴，模板基础上改1‑2句针对他视频的个性化描述（比如“看您那条XX视频效果很好”），提升回复率。




分工（团队场景）




筛选岗：专门筛选导出达人，打A/B/C标签，整理名单给到商务；
建联岗：只负责发送私信、简单初步沟通、更新台账；
谈判岗：只承接已经表达意向的达人做深度谈判。





不要一个人既要找达人、又要发消息、又要谈价，效率极低。





五、跟进SOP，减少无效重复劳动




首次建联发送模板，记录时间；


3‑5天未回复：发送一次简短跟进提醒，只发1次，不反复骚扰；


二次跟进依旧无回复 →标记冷，不再跟进；


达人回复意向 →立刻发资料包，录入报价、需求；


拒绝的达人：标记拒绝，可备注拒绝原因，沉淀后续优化合作条件。







很多人慢，是大量时间花在反复追已经冷掉的达人，及时止损。





六、常见坑（很多团队踩）




不分层，1000个达人全部同等精力沟通：人力爆炸，产出极低。


没有统一台账，多人重复建联同一个达人，品牌观感很差。


话术冗长，大段介绍品牌，达人直接忽略，回复率低。


反复给已读不回达人发消息，账号容易被平台风控，还引起达人反感。


一边找达人一边聊，没有前置筛选，大量无效达人浪费时间。




七、进阶：如果长期要大量建联




招募达人种草通告（蒲公英/星图发布通告），达人主动来投递，反向减少你主动找1000个的工作量；


建立达人池子：把合作过、意向过的达人单独存档，后续复投不用重新筛选；


设置KPI不以“建联数量”为目标，以有效意向数作为指标，避免盲目冲1000个建联。




简单落地小步骤（今天就能执行）




导出1000达人名单；


给名单打A/B/C标签；


搭建共享跟进台账；


写好2套建联模板+资料包；


优先处理A+B，C类批量触达，冷的直接归档。





如果你告诉我：是抖音/小红书哪个平台？团队几个人？主要模式是置换还是付费佣金？我可以直接给你一份可复制的达人台账字段模板和私信全套话术。



推荐问题
 如何高效地进行达人分层？
生成达人分层建联的PPT方案
 有哪些工具可以帮助进行达人分层和跟进？",confirmed_none
150,730,阶段检查点，非最终 FULL,5FD1B74C891C7FCD1393F3731C55F917A6F0124ED0CFBCE5063FD190CA40ACF7,CQ-S-20260805-C1-Q0045,CQ-Q0045,怎么找到竞品合作过的达人?,核心池,业务场景问题,2026-08-05,core_round_1,C1,collected,"收起
 怎么找到竞品合作过的达人? 
豆包·网页
搜索关键词
如何找到竞品合作过的达人 完整方法
查找竞品带货达人工具平台
抖音小红书淘宝查看竞品合作达人渠道
全套方法：找到竞品合作过的达人（抖音/小红书/视频号/淘宝全覆盖，从免费手动到付费工具）


一、平台官方免费渠道（零成本，优先用）


1. 抖音（抖店/精选联盟）



1）同行合作参考（官方最强）

抖店后台→精选联盟→达人广场，找到【同行合作参考】，直接输入竞品品牌名/店铺名，一键查看近30天所有合作达人、带货GMV、视频条数、单场销量，能区分长期复投达人（效果好）和一次性投放达人。

限制：部分竞品会隐藏数据，搜不到就换第三方工具。

2）商品找达人

复制竞品爆款商品链接，达人广场【按商品找达人】，所有带过这款品的达人全部列出。

3）手动搜内容

抖音搜索：竞品品牌名 测评/推荐/好物/直播间，筛选「视频/直播」，带购物车、标广告/合作/品牌赞助的账号就是合作达人。



2. 小红书（蒲公英平台）



1）蒲公英后台搜索竞品品牌，筛选报备合作笔记（官方付费种草都会备案，精准无野生UGC干扰）。

2）APP端关键词组合搜索：

竞品名 测评、竞品名 好物分享、#竞品品牌

筛选带「品牌合作人」标签、笔记底部标注合作/广告的博主，就是付费合作达人。



3. 淘宝/天猫



1）逛逛/直播：搜竞品店铺，看直播间常驻达人、逛逛种草博主；

2）联盟后台：输入竞品商品ID，查看推广过该链接的淘客达人、主播。



4. 视频号



视频号达人中心→商品推广，搜索竞品商品，查看带货达人；直接搜品牌名，筛选带广告标识短视频。



二、第三方数据工具（批量扒取，效率最高，分平台）


国内全域工具（抖音+小红书+视频号）




蝉妈妈/飞瓜数据/新抖
核心功能：输入竞品店铺/品牌名，自动抓取全部合作达人，按GMV、播放、互动率排序，区分短视频达人、直播达人；可导出达人清单，查看粉丝画像、转化率。
用法：竞品分析→店铺达人/品牌提及达人。


灰豚、千瓜数据（小红书专精）
千瓜搜竞品品牌，筛选商业报备笔记，一键导出所有付费种草博主，过滤普通自来水用户。




跨境TikTok工具（做海外电商用）



Kalodata、Ecomhunt：输入竞品店铺，抓取所有带货红人、直播达人，查看单视频出单数据。



工具筛选达人判断标准（避坑）


高价值达人：多次复投、单条GMV高、粉丝画像和你品牌匹配
低价值达人：只合作1次、点赞高但挂车销量极低、粉丝水分大


三、纯手动免费深挖（工具搜不到时兜底）


1. 扒竞品官方账号



1）竞品主页：查看**@提及、合作合集、置顶合作视频**，所有@的达人账号全部记录；

2）评论区：大量统一话术“被品牌投喂/收到品牌寄样”的博主，都是合作达人；

3）竞品直播回放：固定连麦、专场带货的主播，核心合作达人。



2. 关键词+话题精准搜（过滤自来水）



通用搜索公式，各平台通用：





竞品品牌名 + 广告/合作/品牌邀约/测评/专场直播


#竞品品牌官方话题，筛选近3个月带商业标的笔记


筛选发布时间：只看近1-3个月（过期投放达人无参考价值）




3. 达人主页反向验证



点开疑似达人主页，看：



笔记频繁出现同竞品、标注广告/品牌合作
主页简介写「品牌合作｜商务合作」，且持续产出该品类竞品内容
合集分类：XX品牌合集，直接实锤长期合作


4. 线下/社群线索



1）竞品粉丝群、福利群：经常发品牌种草图的KOC；

2）行业展会、投放社群：同行会交流竞品达人名单；

3）竞品投放活动话题：品牌举办的抽奖、试用活动，参与发帖博主均为合作达人。



四、区分「付费合作达人」和「自来水素人」（关键，避免白找）



只抓取商业付费达人，过滤自发种草用户，识别特征：





笔记/视频标注：广告、合作、品牌邀约、#品牌合作人、报备笔记


视频挂竞品商品链接、专属优惠券、达人专属折扣码


达人主页商务合作板块有该品牌案例


工具内标记「商业投放」「带货GMV」的账号




五、实操完整流程（直接落地）




锁定3-5家直接竞品，收集品牌名、店铺名、爆款商品链接；


先用平台官方达人广场，导出能查到的达人名单；


蝉妈妈/千瓜输入竞品，批量抓取遗漏达人，导出Excel；


手动补充：搜品牌关键词，补全工具漏抓的腰部/尾部KOC；


分层分类：头部直播达人、中腰部短视频达人、垂类KOC、复投达人；


筛选复用：优先竞品长期复投、带货数据好的达人，投放成功率更高。




六、补充小技巧




找竞品共同达人：多家竞品都投放的博主，说明受众精准、转化稳定，优先建联；


达人拓展：找到1个竞品达人后，用工具「相似达人推荐」批量扩量；


避坑提醒：只看短期爆单达人，不盲目追千万粉头部；竞品复投的中小垂类达人性价比更高。





需要我给你一份可直接复制的竞品达人收集Excel模板（含达人数据、带货GMV、是否复投、建联状态）吗？



17 个引用
推荐问题
 有哪些付费工具可以找到竞品合作过的达人？
 如何判断竞品合作的达人是否适合自己的品牌？
 付费工具找竞品合作达人的价格是多少？
引用来源
序号
	站点名称
	站点类型
	标题
	
文章负面词
	发布时间
1
	
Impulze.ai Help Center
	
官网/独立站/行业垂直
	
How to find influencers your competitors have worked with?
	
--
	
2025-08-19


2
	
CloudKOL
	
官网/独立站/行业垂直
	
跨境品牌去哪找海外红人?十大渠道盘点加一套可落地的筛选评估框架 – CloudKOL
	
--
	
2026-08-01


3
	
抖音
	
视频平台
	
欢迎宝子评论区留言，补充……原视频违规了，我重新编辑了再发一下 #达播 #商务bd #电商 #运营干货
	
--
	
2026-04-10


4
	
抖音
	
视频平台
	
1分钟教你快速找到竞品带货达人 #tiktok #达人带货 #达人营销 #跨境电商 #电商干货
	
--
	
2026-07-17


5
	
Modash.io
	
官网/独立站/行业垂直
	
How to Find Your Competitors' Affiliates (And Recruit Them for Your Program)
	
--
	
2026-06-14


6
	
HypeAuditor
	
官网/独立站/行业垂直
	
How do I find a specific influencer?
	
--
	
2026-01-14


7
	
抖音电商
	
电商平台
	
玩转达人广场-精准找带货达人合作
	
--
	
2026-03-07


8
	
Archive
	
官网/独立站/行业垂直
	
Best Influencer Marketing Platforms for Competitor Analysis
	
--
	
2026-02-24


9
	
NovaTools
	
官网/独立站/行业垂直
	
Kalodata官网 | TikTok电商选品工具_TikTok数据分析平台
	
--
	
--


10
	
Influencer Hero
	
官网/独立站/行业垂直
	
Top 10 Best Influencer Search & Discovery Tools
	
--
	
2026-03-13


11
	
Modash.io
	
官网/独立站/行业垂直
	
10 Best Influencer Search Tools to Find Brand-Fit Influencers
	
--
	
2026-08-05


12
	
博客园
	
社区/论坛/博客
	
2026找达人推荐软件全盘点:优质服务商实力详解、场景适配梳理及合作避坑全FAQ指南 - U渠道 - 企业博客
	
--
	
2026-07-10


13
	
搜狐
	
门户/自媒体平台
	
达人分销——商务BD找达人的7种方式_合作_智星_商家
	
--
	
2024-08-30


14
	
抖音电商
	
电商平台
	
如何筛选想合作的达人?-抖音电商学习中心
	
--
	
2026-05-28


15
	
ZOL问答
	
官网/独立站/行业垂直
	
如何找到竞品合作的带货达人?-ZOL问答
	
--
	
--


16
	
蚁小二
	
官网/独立站/行业垂直
	
小红书找达人种草有哪些渠道?找达人种草有用吗?-蚁小二
	
--
	
2025-09-06


17
	
Ainfluencer
	
官网/独立站/行业垂直
	
Top 13 Influencer Discovery Tools for Brands in 2026
	
--
	
2026-06-14",captured
150,730,阶段检查点，非最终 FULL,5FD1B74C891C7FCD1393F3731C55F917A6F0124ED0CFBCE5063FD190CA40ACF7,CQ-S-20260805-C1-Q0046,CQ-Q0046,怎么用达人库快速找到合适的达人资源?,核心池,业务场景问题,2026-08-05,core_round_1,C1,collected,"收起
 怎么用达人库快速找到合适的达人资源? 
豆包·网页
搜索关键词
达人库快速找到合适达人资源的方法
达人库筛选达人完整操作流程
达人库快速精准匹配合适达人全套实操方法



整体思路：先定合作需求→平台智能一键匹配→多维度组合筛选→数据核验去水→分层入库管理→批量高效建联，主流包含平台官方达人库（巨量星图、抖店精选联盟达人库）、第三方数据工具达人库（蝉妈妈、新抖、千瓜）、自有自建达人库三类，通用高效打法如下。



一、前期锁定基础合作需求（避免无效海选，5分钟定筛选标尺）



先把硬性条件固定，后续筛选直接套参数：





品类与合作形式
主营类目（美妆护肤/母婴/家居等）、合作模式：短视频种草/直播带货/直播专场/探店/商单曝光；纯佣金、固定坑位费、佣金+坑位费预算区间。


达人层级定位
KOC（几千～10万粉）、腰部（10万～100万粉）、头部、垂类专业达人；优先锁定垂类账号，拒绝泛娱乐乱跨界账号。


目标人群硬性标签
粉丝年龄、性别、主攻省份、消费单价、线上购买偏好，和自家产品目标客群对齐。


硬性风控门槛
账号无违规限流、履约分合格、可开票、有公开联系方式、拒绝高退货率账号。




二、4种最快一键匹配方式，极速缩小候选人池


方式1：商品定向智能匹配（效率最高）




官方达人库（抖店精选联盟）：【按商品找达人】上传主推商品，系统依据商品类目、客单价、佣金比例、店铺历史成交人群，自动推送历史带过同类品、转化表现优秀的达人。


巨量星图：「内容找人」输入产品关键词、卖点，平台抓取擅长该品类内容创作的达人；支持绑定店铺人群包，精准匹配粉丝高度重合达人。


第三方工具达人库：输入商品链接，AI自动筛选同款竞品带货达人。




方式2：对标达人相似扩散



选定1～2个合作效果好的标杆达人，使用「找相似达人」功能，一键批量拉出同风格、同粉丝结构、同带货能力的同质达人，不用从零筛选。



方式3：关键词精准检索直达



直接搜索类目关键词、人设标签：如“宝妈育儿”“平价护肤测评”“同城美食探店”；也可输入已知达人ID、昵称精准定位单人，查看其主页数据后入库。



方式4：榜单定向挖优质达人



平台行业销量榜、直播热度榜、周增速黑马榜、履约优质达人榜，优先选取近期数据稳步上涨的潜力达人，性价比远高于固化头部达人。



三、精细化多层筛选，层层过滤无效达人（核心操作）


第一层：基础硬性条件过滤




账号基础：粉丝量级区间、账号类型（达人/机构/自播号）、发布形式（短视频/直播为主）、所在地区；


商务门槛：是否支持纯佣金、可对接方式、能否签合同开票、履约评分、接单排期；


一键排除：拉黑黑名单达人、已合作过效果差账号、7天内重复刷选账号、违规限流账号。




第二层：带货&内容实力筛选（决定转化核心）



优先勾选关键数据区间：





直播带货：近30天GMV、场均成交、客单价、成交转化率、场均在线稳定度、主推品类占比；


短视频带货：带货视频播放中位数、完播率、挂车点击率、视频成交单量；


内容质量：近30天原创率、互动率（点赞/评论/转发）、商单视频数据不明显异常冲高，规避刷量账号。




第三层：粉丝画像精准校验（避免粉丝看着多但不买单）



重点核对：粉丝性别年龄分布、地域、消费层级、历史下单品类偏好、活跃粉丝占比；

例：高价护肤品不要选低龄学生为主的粉丝账号，同城本地产品优先筛选本地粉丝占比60%以上达人。



第四层：风控避坑筛查，剔除注水劣质账号



满足任意2条直接淘汰：





粉丝暴涨无对应爆款内容，接广告前短期猛涨粉；


粉丝量大但挂车几乎零成交、评论统一模板化灌水；


频繁跨类目乱接广告，账号标签极度混乱；


历史带货退货率过高、店铺差评多、履约差评多。




四、精准复盘定级，录入自有达人库精细化管理




分级打标入库
S级优质：转化稳定、粉丝高度匹配、配合度高，长期固定复投；
A级潜力：数据不错，可小预算测试合作；
B级备选：条件合适可随缘排期；
C级黑名单：数据造假、履约差、效果极差永久拉黑；
入库时备注擅长品类、报价、过往合作记录、排期、对接人联系方式。


标签化管理：按品类、城市、报价模式、达人层级、内容形式打上标签，后续需要时一键检索调取。




五、批量高效建联，提升邀约通过率




在达人库勾选意向达人，批量发起平台官方邀约；


邀约文案拒绝群发模板，简单提及对方近期某条优质内容，点明产品适配点，大幅提升回复率；


优先勾选达人库内留有公开联系方式的账号，私信、电话直联效率更高。




六、不同类型达人库快速上手入口


1）抖音官方免费达人库


抖店精选联盟达人库：PC端：商家后台→精选联盟→找达人→达人广场→加入我的达人库；手机端：抖店APP→营销推广→找达人。
巨量星图达人广场：品牌商单、种草合作专用，商业化履约有平台保障。


2）第三方数据工具达人库



蝉妈妈、新抖、千瓜数据：内置全量达人数据，AI一键匹配、批量数据诊断、竞品带货达人溯源，适合精细化数据分析选品带货达人。



3）自建内部达人库



把合作过的优质达人统一归档，持续维护关系，后续上新、大促可快速复用资源，不用每次重新海选。



七、提速小技巧




先粗筛30～50名候选人，再深度核验数据压缩至10～15人重点对接，减少无效工作量；


大促前提前1～2周锁定优质达人排期，存入达人库锁定档期；


定期清理达人库，淘汰长期数据下滑、履约变差账号，补充新晋垂类黑马达人。




10 个引用
推荐问题
 如何高效管理达人库？
 推荐一些实用的达人资源筛选技巧
 巨量星图和抖店精选联盟达人库的区别是什么？
引用来源
序号
	站点名称
	站点类型
	标题
	
文章负面词
	发布时间
1
	
抖音电商
	
电商平台
	
去哪邀约(邀请/对接/寻找)达人?-抖音电商学习中心
	
--
	
2026-07-14


2
	
抖音电商
	
电商平台
	
玩转达人广场-精准找带货达人合作
	
--
	
2026-03-07


3
	
抖音
	
视频平台
	
达人合作怎么筛？蝉妈妈3步避坑指南 Q1: 找达人看哪些核心数据？ A1: 别只盯粉丝量。在蝉妈妈达人库，重点看近30天带货GMV、客单价及转化稳定性。路径：进入「达人-达人库」，按类目筛选后查看“带
	
--
	
2026-07-31


4
	
抖音
	
视频平台
	
抖音账号数据怎么查？#抖音账号数据怎么查 #蝉妈妈查数据 #蝉妈妈
	
--
	
2026-07-07


5
	
CloudKOL
	
官网/独立站/行业垂直
	
红人营销如何精准匹配?全球KOL/KOC资源对接全流程指南(附避坑清单) – CloudKOL
	
--
	
2026-07-25


6
	
抖音
	
视频平台
	
六种高效达人建联方法解析
	
--
	
2025-09-23


7
	
巨量星图
	
官网/独立站/行业垂直
	
短视频-达人广场筛选功能介绍-星图营销服务平台
	
--
	
2026-05-19


8
	
CSDN博客
	
社区/论坛/博客
	
达人合作全流程教程:用小青苔达人营销工具完成高级筛选、批量邀约和达人库管理_达人过滤自动打单-CSDN博客
	
--
	
2026-08-03


9
	
抖音
	
视频平台
	
运营怎么查抖音达人结构？#达人结构 #达人推荐 #蝉妈妈查数据
	
--
	
2026-07-06


10
	
抖音
	
视频平台
	
达人筛选分层全方案➕三大痛点避坑✅。⭕核心底层逻辑：不以粉丝量级分层，以【转化能力 + 人群匹配 + 履约信用 + 退货健康度】四维打分，建立动态升降级达人池；先风控，再寄样，用流程堵住三类低效达人。 . ✅一、达人前置筛选标准（第一道门槛，提前过滤垃圾达人） . ✅二、达人分层体系（S/A/B/C/D 五级动态管理，可直接落地成表格） . ✅三、三大痛点完整解决方案：虚粉、高退货、样品白嫖 .
	
--
	
2026-08-04",captured
150,730,阶段检查点，非最终 FULL,5FD1B74C891C7FCD1393F3731C55F917A6F0124ED0CFBCE5063FD190CA40ACF7,CQ-S-20260805-C1-Q0047,CQ-Q0047,"找达人半天没结果怎么办,有没有更高效的筛选和建联方法?",核心池,业务场景问题,2026-08-05,core_round_1,C1,collected,"展开
 找达人半天没结果怎么办,有没有更高效的筛选和建联方法? 
豆包·网页
找达人半天没结果｜高效筛选+建联全套实操



很多人耗几小时找达人没合适的，本质3个问题：筛选条件太泛/找错池子/建联话术无效/反复碰已读不回。下面直接给可落地筛选方法、渠道优先级、建联模板、避坑要点，适合抖音/小红书/视频号。



一、先把筛选逻辑改对，不要大海捞针





错误做法：直接搜关键词，从几千个达人里手动刷；只看粉丝数。

正确思路：先定标签，再圈池子，再做硬指标过滤，最后人工复核内容质量





1、明确4个核心前置条件（找之前先写下来）



1）目标平台：小红书/抖音/视频号

2）达人层级：素人(千粉内)｜腰部(1‑10万)｜中腰部(10‑50万)｜头部

3）核心受众：性别、年龄、城市、消费能力、痛点场景

4）合作目标：要曝光？要转化？要种草笔记？要直播？






举例：美妆国货，要种草笔记，小红书，5k‑3万粉，20‑30岁女性，一二线





2、筛选指标，不要只看粉丝！重点看这几项


内容垂直度：近10条笔记/视频，70%以上是同赛道，不要杂号（今天美食明天穿搭）
互动质量：互动率=点赞+评论+收藏÷粉丝数
小红书：>3%优质，1‑3%正常，＜1%慎选（刷量号概率大）
抖音短视频：>2%优质，直播看GPM、成交、坑位产出
粉丝画像：后台看年龄性别地域，匹配你的目标客群，粉丝再多画像不对直接pass
商业化痕迹：看近1个月广告笔记密度，广告太多，用户已经审美疲劳，转化会很差；
避雷信号：文案模板化、评论全是“接置换”、评论区全是水军，数据忽高忽低大起大落。


3、快速圈达人池子3个路径（比漫无目的刷高效10倍）


路径A：对标竞品扒达人（最高效，优先用）




找3‑5个同品类竞品，看他们笔记/商品页合作过哪些达人


把竞品合作达人全部导出，这批人已经验证过愿意接同类产品，建联通过率远高于盲找







技巧：小红书看竞品笔记@达人；抖音看商品橱窗“达人带货”记录





路径B：平台官方工具（避免第三方数据工具数据偏差）


小红书：蒲公英平台，直接高级筛选，可筛选粉丝、类目、报价、是否接受置换、地域；支持批量导出达人清单
抖音：巨量星图，筛选类目、粉丝、报价、带货能力、直播能力，批量获取联系方式





官方平台优势：有真实报价、可看历史商单案例，还能批量筛，不用一个个点主页。





路径C：爆款内容反向找达人



搜品类关键词，筛选近30天高赞爆款，从爆款笔记作者捞达人。






逻辑：能写出爆款，说明懂用户，比粉丝高但内容平平的达人效果好。





4、批量筛选操作流程（节约时间）




先批量导出50‑100位候选达人；


用表格登记：达人ID、粉丝、互动率、报价、广告密度、是否置换、联系方式；


机器/工具初筛一轮，筛掉数据差、画像不符；


剩下20‑30人，人工快速翻主页近10条内容做最终筛选，再去建联。







❌不要找一个建联一个，反复来回切换，效率极低；先批量捞池，筛选完再统一建联





二、建联低回复率核心原因&高效建联方法



常见问题：消息石沉大海，已读不回，回复慢，报价虚高。






达人每天几十条私信，通用客套消息直接被忽略。





渠道优先级（回复率从高到低）




官方平台后台私信（蒲公英/星图）＞2.主页简介留商务微信＞3.评论区私信＞4.普通站内私信







尽量加微信沟通，站内消息容易被淹没；简介没留商务，再发站内私信。





高回复建联模板，2套直接复制





要点：开门见山，说清品牌、产品、合作形式、预算/置换、期望、周期，不要“您好，方便合作吗？”这种废话。





模板1：付费合作





您好，我是XX品牌商务，主营【产品简单一句话】。看您内容非常贴合我们赛道，想邀约合作。





平台：小红书/抖音；账号粉丝XX
合作形式：图文/短视频，不直播
时间：希望本周/下周排期
预算：XX元预算区间，麻烦发下最新报价以及过往同类商单案例，合适我们快速敲定，谢谢！


模板2：置换+少量费用（素人/小腰部）





您好，XX品牌商务，产品是XXX。欣赏您的内容风格，可提供产品置换+小额稿费，想邀约笔记合作。

麻烦确认：①是否接受置换合作；②排期大概多久；③是否可以提供笔记初稿简单沟通，感谢！





建联小技巧，大幅提升回复




附上1条达人自己的作品：证明你看过他内容，不是群发；例：尤其喜欢你那条xxx笔记，风格和我们产品契合。群发消息达人一眼识别，直接无视。


一次消息把信息给全，不要来回追问“在吗”；


批量建联：一次发10‑15个，不要一次发几十个，容易被平台限制；


未回复：间隔2‑3天礼貌跟进1次，跟进1次没回直接放弃，不要反复骚扰。




三、常见坑&提速小技巧




不要迷信高粉：很多大粉报价贵、排期满、回复慢，中小垂类达人，高互动高匹配度，投产往往更好；


把达人分成A/B/C三档：A档最优目标，B备选，C兜底，A没谈成立刻切B，不要死磕几个达人；


提前准备资料包：品牌介绍、产品卖点图、brief文档，达人有意向直接丢过去，减少来回沟通成本；


如果长期做，建立自己达人库，把合作过、聊过的达人表格存档，下次直接复用，不用重新找。




四、如果还是效率低，2个备选方案




平台蒲公英/星图发起达人招募，发布brief、预算、品类，达人主动投递，反向筛选，不用自己大海捞针；


垂直MCN机构，适合批量铺量，但务必核验旗下达人真实数据，避免混水充数。




简短总结流程



扒竞品/搜爆款捞候选达人 → 官方工具批量导出 → 表格筛选粉丝、互动率、粉丝画像、广告密度 → 分层A/B/C清单 → 统一建联，消息写完整带预算/置换 → 未回复适度跟进，建立自有达人库。




如果你告诉我你的平台、品类、预算、想要达人粉丝区间，我可以帮你定制一套筛选条件和直接复制的完整brief+建联话术。



推荐问题
 如何提高达人的回复率？
 达人筛选的具体渠道有哪些？
 分享一些达人建联的话术模板",confirmed_none
150,730,阶段检查点，非最终 FULL,5FD1B74C891C7FCD1393F3731C55F917A6F0124ED0CFBCE5063FD190CA40ACF7,CQ-S-20260805-C1-Q0048,CQ-Q0048,找达人合作的话术怎么写?,核心池,业务场景问题,2026-08-05,core_round_1,C1,collected,"展开
 找达人合作的话术怎么写? 
豆包·网页
达人合作话术（分4套：通用版、高转化简洁版、素人/中小达人版、私信破冰短话术）





适用场景：抖音/小红书/视频号私信，品牌方找博主，可直接复制改参数；核心逻辑：自我介绍+看中对方什么+合作需求+权益+行动邀约





一、通用正式版（适合中腰部、头部达人）



您好，我是【品牌/店铺】的对接人XX，刷到您的账号，非常喜欢您的内容风格，您在【XXX领域】的输出很真实，粉丝画像和我们产品高度匹配。




我们家主打【简单介绍产品：核心卖点、品类】，想邀请您体验合作。

合作形式：🟡置换/🟢付费合作



付费：预算区间____，可根据脚本、视频形式沟通调整；
置换：提供全套产品，赠送____；



我们希望内容方向：____（实拍测评/日常种草/场景使用，不要强制硬广，尊重您的创作风格）。

如果感兴趣，麻烦可以发下您最新报价表、粉丝数据（近30天互动），我这边可以快速评估，期待回复！



二、简洁高效版（大部分达人私信，不啰嗦，回复率最高）



你好～我是XX品牌对接，关注到你的账号，内容调性和我们产品很契合。

产品：【xxx】，品类简单说

寻求合作：付费｜置换（二选一），接受达人自主脚本创作，不强行改稿。

麻烦方便提供下报价&近3条作品数据，合适我们可以进一步沟通brief，谢谢！



三、中小达人/素人博主（置换为主，语气友好）



哈喽～刷到你的笔记，风格很喜欢！我们是做【XX产品】的品牌，想邀请你免费体验产品合作。

不需要复杂脚本，按你日常真实使用感受输出即可。

合作：寄送产品，笔记正常种草，无强制口播。

如果感兴趣，可以告诉我，我发brief给你~



四、超短破冰（私信第一句，先勾起回复，不堆大段文字）




您好，看到你的内容很棒，我们【XX品牌】想找达人种草合作，请问接商单吗？


哈喽，你的粉丝群体和我们产品很匹配，想沟通合作，方便聊聊吗？






达人高频异议的回复模板


1、达人问：预算多少？



回复：我们预算会根据内容形式（短视频/图文/直播）、数据综合评估，你这边可以发报价，合适直接敲定，不浪费双方时间。



2、达人拒绝：只接高预算/不接置换



回复：理解！那先存个联系方式，后续有合适付费项目再联系您，祝创作顺利。



3、达人问：产品是什么，要求多吗？



回复：产品是XXX，我们不强干预脚本，只需要体现核心卖点，大部分尊重你的创作，我可以把brief发你看下。



✨写话术小技巧（提升回复率）




一定要夸账号细节，不要只说“你的账号很好”，点出：内容风格、场景、粉丝、某一条爆款笔记，达人会觉得不是群发。







示例：特别喜欢你那条XXX笔记，生活化真实感很强







不要一上来甩一大段，先简短破冰，对方回复再发详细brief；


写清楚：付费还是置换，避免来回拉扯；


少写一堆硬性要求，达人很反感强制改稿、强制话术。





如果你告诉我：是什么品类、是付费还是置换、平台（抖音还是小红书），我可以帮你直接生成一条可以复制粘贴的成品话术。



推荐问题
 写达人合作话术有哪些注意事项？
 如何判断达人合作话术是否有效？
 推荐一些达人合作话术的成功案例",confirmed_none
150,730,阶段检查点，非最终 FULL,5FD1B74C891C7FCD1393F3731C55F917A6F0124ED0CFBCE5063FD190CA40ACF7,CQ-S-20260805-C1-Q0049,CQ-Q0049,抖店商家邀约达人用什么工具更高效?,核心池,业务场景问题,2026-08-05,core_round_1,C1,collected,"收起
 抖店商家邀约达人用什么工具更高效? 
豆包·网页
搜索关键词
抖店邀约达人官方工具 第三方工具对比
抖店精选联盟达人邀约工具功能
抖店商家邀约达人高效工具
抖店批量邀约达人软件 合规
抖店商家邀约达人工具对比



分为官方免费工具、SaaS付费工具，优先用官方做基础建联，第三方解决批量筛选、批量邀约、达人库管理，⚠️注意：不要用破解/脚本外挂，容易私信封禁、店铺风控。



一、官方免费（安全优先，必用）


1.精选联盟‑达人广场（PC+抖店APP）


入口：抖店后台→精选联盟→找达人→达人广场；抖店APP【全部应用‑达人广场】
能力：按类目、粉丝、场均GMV、履约分筛选；收藏达人，批量发起定向合作邀约，自建我的达人库，发起合作订单、寄样申请
优点：100%平台合规，无额外费用，邀约记录平台留存，不会触发第三方风控
局限：批量邀约有人数上限，筛选维度偏少，不能抓取竞品全部合作达人，没有话术模板库，适合中小商家、高价值达人一对一深度对接


2.巨量百应（商家版）



达人广场同源，侧重合作订单、服务费结算，适合付费坑位费合作，不适合大规模撒网邀约。



二、主流第三方SaaS付费工具（提升批量邀约效率）





全部基于精选联盟接口/浏览器插件，不破解平台，但要控制每日邀约量，规避骚扰风控





1.小青苔（中小商家/BD团队首选）


核心：浏览器插件+SaaS后台；达人广场批量邀约、抓取竞品店铺合作达人、导入自有达人名单邀约、相似商品达人匹配；支持履约分过滤骗样达人、标签管理达人库、邀约话术模板、记录跟进状态
适合：日邀约几百‑上千，多店铺BD团队，可按月/季度买，不用强制年付
短板：高级筛选、样品履约管理弱于大型SaaS


2.飞瓜智星（数据能力强）


核心：达人数据深度分析，商品找达人、品牌找达人，看竞品合作达人，看粉丝画像、直播短视频带货数据；可跳转抖店达人广场发起邀约
适合：品牌、需要做达人前期数据研判，优先筛优质达人再邀约；批量邀约能力中等，强项是数据分析
短板：价格偏高，大多年付


3.蝉圈圈（成熟品牌、招商团长）


核心：多平台达人库（抖音/快手/小红书）、样品履约流程管理、团队协作、BD绩效考核、合作台账，批量邀约+线索管理一体化
适合：大团队、团长，达人合作量大，需要完整履约闭环
短板：年费模式，单价高，小商家成本压力大


4.热度云



兼顾达人数据+批量邀约插件；适合同时做短视频、直播达人挖掘，支持多店铺，介于飞瓜和小青苔之间。






❌避雷：网上各种“一键自动私信脚本、破解工具箱”，属于RPA模拟点击，极易触发平台风控：私信限制、精选联盟权限受限，不建议使用。





三、不同商家怎么选




新店/小商家，预算有限：只用【精选联盟达人广场】官方工具，配合Excel记录达人；少而精邀约，不要盲目大规模群发。


中小商家，需要批量拓达人（日邀约300‑1000）：选小青苔，按月付费，竞品达人抓取+批量邀约+达人标签管理，性价比最高。


品牌商家，看重达人质量，先数据分析再邀约：飞瓜智星做达人筛选研判，再到精选联盟发起邀约。


招商团长、大BD团队，多店铺大量达人履约：蝉圈圈，完整履约、样品、团队管理。




四、邀约避坑要点（无论用什么工具）




不要全部发送一模一样话术，尽量做模板变量替换，避免判定营销骚扰；


控制每日邀约数量，不要短时间集中大量发送；


优先看达人履约分，过滤履约分低的，减少骗样；


高粉丝头部达人，尽量人工一对一，不要走批量模板邀约；


禁止在邀约消息放微信、外部联系方式导流，会触发处罚，沟通全部走精选联盟站内渠道。





如果你告诉我你的店铺类型（标品/非标、纯佣还是有坑位费、每天大概想邀约多少达人），我可以帮你精简出最合适一套工具搭配+邀约话术模板。



22 个引用
推荐问题
 抖店商家如何使用精选联盟-达人广场进行批量邀约？
 巨量百应和精选联盟-达人广场的区别是什么？
 小青苔的收费标准是怎样的？
引用来源
序号
	站点名称
	站点类型
	标题
	
文章负面词
	发布时间
1
	
抖音电商
	
电商平台
	
抖音电商学习中心
	
--
	
2025-09-03


2
	
搜狐
	
门户/自媒体平台
	
抖店邀约-抖店工具箱-支持抖店-邀约在线沟通-还可采集达人电话微信或商家电话微信!_合作_店铺_自动
	
--
	
2026-07-13


3
	
抖音
	
视频平台
	
抖店达人带货一键邀约方法助力快速出单
	
--
	
2025-11-22


4
	
抖音
	
视频平台
	
抖店达人批量邀约高效工具解析
	
--
	
2025-12-26


5
	
多多参谋
	
官网/独立站/行业垂直
	
抖音小店免费批量邀约达人带货工具，抖店如何批量邀约达人操作方法 - 多多参谋
	
--
	
--


6
	
搜狐
	
门户/自媒体平台
	
蝉圈圈、小青苔、热度云、飞瓜智星、哈士奇、悟空达人营销工具_管理_合作_团队
	
--
	
2026-07-17


7
	
搜狐
	
门户/自媒体平台
	
达人分销——商务BD找达人的7种方式_合作_智星_商家
	
--
	
2024-08-30


8
	
抖音电商
	
电商平台
	
去哪邀约(邀请/对接/寻找)达人?-抖音电商学习中心
	
--
	
2026-05-29


9
	
抖音
	
视频平台
	
筛选建联达人的正确玩法。咱们做达人分销的从业者，说起对接达人的经历，说起来都想哭，尤其好不容易合作上了，结果来了个骗样达人，要么好不容易拍了视频，数据差的没招了…… 现在有了这个小青苔工具，根据大家踩
	
--
	
2026-04-14


10
	
抖音
	
视频平台
	
做商务一定要学会找达人❗️。蝉圈圈、飞瓜智星、热度云的找达人功能，各有千秋 #蝉圈圈 #热度云 #飞瓜智星 #找达人带货 #找达人合作技巧
	
--
	
2025-08-25


11
	
实在智能
	
官网/独立站/行业垂直
	
达人带货邀约可以自动批量发送吗?一文详解电商运营效率提升方案 - 实在智能
	
--
	
2026-06-24


12
	
抖音电商
	
电商平台
	
【精选联盟】商家达人合作订单功能上线
	
--
	
2022-12-08


13
	
抖音电商
	
电商平台
	
【一图读懂】如何通过精选联盟邀约达人?
	
--
	
2026-02-24


14
	
抖音
	
视频平台
	
抖店工具箱实现邀约达人带货批量操作与数据导出
	
--
	
2025-08-26


15
	
抖音
	
视频平台
	
抖店商家精选联盟支持商品批量邀约达人操作
	
--
	
2025-12-12


16
	
搜狐
	
门户/自媒体平台
	
抖音商家建联达人必备!小青苔4大批量邀约功能助力达人合作效率翻倍!_数据_资源_店铺
	
--
	
2026-01-06


17
	
实在智能
	
官网/独立站/行业垂直
	
抖音达人自动邀约怎么做?实在Agent三步打造提效系统 - 实在智能
	
--
	
2026-07-07


18
	
CSDN文库
	
社区/论坛/博客
	
抖店达人招商与批量邀约自动化工具:支持店铺搜索、团长及达人数据导出 - CSDN文库
	
--
	
2024-11-14


19
	
沙诺数据
	
官网/独立站/行业垂直
	
小蜜蜂抖店达人邀约软件使用指南 - OZON电商社区 - NOON数据
	
--
	
2026-05-25


20
	
淘宝游戏
	
电商平台
	
抖店邀约达人全自动批量私信神器，2025年还能用吗?_修改器_淘宝游戏网
	
--
	
2025-10-22


21
	
搜狐
	
门户/自媒体平台
	
TikTok私信风控无忧!蝉哒哒合规+双通道，高效安全建联达人_卖家_平台_检测
	
--
	
2026-05-13


22
	
飞跨浏览器
	
官网/独立站/行业垂直
	
达秘 + 飞跨浏览器:TikTok 批量邀约达人与账号安全的双重解法-飞跨浏览器
	
--
	
2025-10-30",captured
150,730,阶段检查点，非最终 FULL,5FD1B74C891C7FCD1393F3731C55F917A6F0124ED0CFBCE5063FD190CA40ACF7,CQ-S-20260805-C1-Q0050,CQ-Q0050,"抖音达人内容同质化严重,品牌怎么破局?",核心池,业务场景问题,2026-08-05,core_round_1,C1,collected,"收起
 抖音达人内容同质化严重,品牌怎么破局? 
豆包·网页
搜索关键词
抖音达人内容同质化严重 品牌破局方法
品牌如何解决达人带货内容同质化策略
抖音达人种草内容同质化破局全方案



绝大多数品牌达人内容撞款，根源并不是达人创意差，而是统一脚本、统一卖点、统一拍摄场景、达人池结构单一、brief指令死板，所有博主都照着一套模板拍摄。下面从达人池管理、内容策略、brief管控、差异化赛道、内部兜底、数据机制6个维度给出可落地全套解法。



一、重构达人池，杜绝同类达人批量种草


1、达人四象限分层运营，淘汰同质化产能



按照内容新鲜度、带货质量划分四类达人，动态更新达人矩阵，拒绝长期复用同一批博主





高质量‑高新鲜度（核心层）：深度长期合作，定制专属人设内容，给到独家素材、新品优先体验权；


高质量‑低新鲜度（更新层）：达人带货能力优秀，但内容模板固化，更换切入视角、使用场景、人设，重新定制选题；


低质量‑高新鲜度（测试层）：新人、跨赛道达人、小众垂类博主，小额测试投放，挖掘全新内容风格；


低质量‑低新鲜度（淘汰层）：脚本照搬、千篇一律、互动差，直接缩减预算、终止合作。




2、达人按人设、身份、赛道做角色分工，一人一个内容使命



禁止所有达人全部做“产品测评”，同一产品分配不同切入角度，天然拉开内容差异



职场达人：打工人痛点视角；
宝妈博主：居家带娃场景；
户外博主：极端环境实测；
美食/穿搭跨界达人：跨赛道融合种草；
素人KOC：真实踩坑、长期使用反馈。





核心规则：一位达人只负责1个核心切入点，所有人的选题不重复。





3、达人池持续补位差异化角色



定期新增不同年龄、地域、职业、内容形式（剧情、沉浸式vlog、吐槽、干货、避坑、沉浸式开箱）博主，避免达人画像高度重合。投放顺序坚持先小批量测试，优质达人再加大预算迁移投放。



二、内容策略：从根源规避模板化种草


1、抛弃固定通用脚本，输出「选题方向包」而非标准答案



很多品牌brief只写：突出XX卖点，介绍产品功能，直接导致所有达人脚本雷同。

正确下达brief方式：只给到钩子方向、用户痛点清单、禁止话术、品牌底线，不给固定台词。

例（防晒霜）



❌错误：拍摄泼水测试，主打防水防汗
✅正确：可选方向：通勤暴晒脱妆、驾校练车、工地工作、儿童户外、油皮闷痘痛点，达人按照自己擅长风格自由发挥


2、挖掘小众痛点，避开行业通用烂大街卖点



行业博主全部宣传的通用卖点直接放弃，深耕用户评论区、差评、问答区，抓取真实、细碎、具象的用户痛点当做爆款切入点






示例：益生菌大家都说通便；爆款切入点：吃完之后马桶不粘便便。





3、多场景拆解，拒绝单一拍摄环境



不要全部局限在室内书桌测评；拆分通勤、宿舍、出差、健身房、自驾游、加班深夜等上百个真实使用场景，场景不一样，视频天然具备差异化。



4、搭建多元化内容模板库，达人轮换框架



提前测试6‑8种爆款内容结构，分配给不同达人：避坑吐槽、剧情小故事、长期实测对比、硬核拆解测评、熟人安利、反差挑战、干货科普、沉浸式日常vlog。

禁止全部达人使用同一种视频结构。



5、跨界破圈，借用其他赛道表达逻辑



跨赛道移植内容形式：零食套用探店风格、家居产品套用改造博主思路、护肤品采用医美科普形式，跳出品类固有拍摄套路，大幅降低撞款概率。



三、品牌做好达人赋能，解决普通KOC创作短板



大部分平价素人KOC创作能力薄弱，只会照搬网上热门模板，品牌需要主动输出内容框架赋能达人：





提前跑通多款经过数据验证的爆款内容模型，给到达人当做创作框架；


新品上线前开启达人体验会，讲解产品故事、研发细节、小众痛点；


设置创意奖金，创意独特、互动数据优秀的短视频发放额外激励；


达人初稿完成之后品牌预审，同质化脚本直接退回修改。




四、搭建三层内容矩阵，分散达人同质化风险




头部KOL：品牌故事、调性种草，打造品牌人设，不走硬广测评；


垂类中腰部达人：分场景、分痛点深度种草，承担细分需求；


海量多元素人KOC：真实买家视角，打造海量碎片化、差异化口碑内容。




五、自有账号&店播兜底，降低对外部达人依赖



不要把品牌口碑全部寄托在外聘达人：品牌官方号、店铺自播、员工号、品牌素人账号产出原创独家素材；

独家实拍素材、专属剧情、定制场景，提高竞品和自家达人抄袭门槛，掌握内容主动权。



六、投放、复盘机制，实时监控同质化问题




短视频投放前人工筛查，高度相似脚本禁止上线投放；


使用蝉妈妈、飞瓜检索合作达人内容重合度；


建立30天数据监测指标：新增搜索量、评论差异化、互动率、转化率、内容可复制性；


一旦某类模板内容扎堆、数据下滑，立刻淘汰该脚本框架，上新一批选题方向。




七、高阶玩法：建立独家内容壁垒




打造专属挑战、专属测评实验、品牌专属梗，只允许合作达人使用；


绑定垂类小众圈层，例如露营党、租房党、考研党，深耕细分人群，避开大众赛道内卷；


达人进行内容定制化签约，产出独家内容，禁止模板对外复用。




总结



同质化本质是品牌偷懒，给到所有达人一模一样的任务。破局核心逻辑：达人做角色拆分、内容做多痛点多场景、只给创作方向不给固定脚本、流动更新达人池，再加上自有账号打造独家原创素材，即可跳出千篇一律的达人内卷。




如果你需要，我可以给你一份可直接发给达人的差异化Brief模板。



10 个引用
推荐问题
 品牌方如何与达人进行有效的沟通和合作？
 有哪些具体的方法可以挖掘全新的内容风格？
 如何评估达人内容的新鲜度和带货质量？
引用来源
序号
	站点名称
	站点类型
	标题
	
文章负面词
	发布时间
1
	
北京抖燃云创
	
官网/独立站/行业垂直
	
2026年内容同质化破局_短视频代运营_抖燃传媒
	
--
	
2026-06-13


2
	
抖音
	
视频平台
	
3招破局同质化内容！ #小红书运营 #抖音
	
--
	
2026-06-01


3
	
抖音
	
视频平台
	
解决内容同质化，是品牌增长的关键！#电商 #电商干货 #众星引力
	
--
	
2026-07-12


4
	
抖音
	
视频平台
	
应对达人分发内容同质化的差异化策略与赋能方法
	
--
	
2025-09-16


5
	
人人都是产品经理
	
官网/独立站/行业垂直
	
2026年抖音运营增长究竟要怎么干? | 人人都是产品经理
	
--
	
--


6
	
xueshu.qikan.com.cn
	
官网/独立站/行业垂直
	
抖音短视频内容同质化问题及其差异化营销策略研究
	
--
	
--


7
	
今日头条
	
门户/自媒体平台
	
老品牌想提转化，达人池要这样换_时也营销
	
--
	
2026-07-16


8
	
映马传媒
	
官网/独立站/行业垂直
	
2025年海外红人营销差异化内容策略制定指南，告别“拍了等于白拍”困境 - 海外红人营销-InsMark映马传媒
	
--
	
2025-10-08


9
	
今日头条
	
门户/自媒体平台
	
今年在小红书拿结果的商家，都在偷偷用这套“反同质化”野路子_不大姐姐AI智能体
	
--
	
2026-07-11


10
	
CSDN博客
	
社区/论坛/博客
	
达人营销实战指南:从策略规划到效果优化的全流程拆解-CSDN博客
	
--
	
2026-07-31",captured
150,730,阶段检查点，非最终 FULL,5FD1B74C891C7FCD1393F3731C55F917A6F0124ED0CFBCE5063FD190CA40ACF7,CQ-S-20260805-C1-Q0051,CQ-Q0051,有没有批量建联达人的工具?,核心池,业务场景问题,2026-08-05,core_round_1,C1,collected,"收起
 有没有批量建联达人的工具? 
豆包·网页
搜索关键词
批量建联达人工具
抖音批量联系达人工具 官方 第三方
巨量百应批量建联达人功能
达人批量私信邀约平台 优缺点 风险
批量建联达人工具汇总（抖音国内+TikTok跨境）





⚠️重要风险提示：第三方自动私信、RPA脚本、插件群发，不属于平台官方功能，有店铺/账号限流、限制邀约、封禁风险；优先用官方能力，第三方仅做筛选线索，尽量不要全自动批量发站内私信。





一、抖音国内（抖店/精选联盟）【官方免费，优先用】


1.巨量百应（达人广场）


入口：精选联盟→达人合作→达人广场
批量方式：筛选达人→收藏达人→【已收藏】页面批量发起邀约（官方定向合作邀约，不是私信）
限制：有每日邀约额度，不能无限群发私信，只能发平台标准化合作邀约，支持填佣金、样品政策。
适合：抖店商家正规分销建联，零风险，强烈优先。


2.星图招募任务



发布招募任务，达人主动报名，可以批量导出报名达人名单，再一对一联系，不支持自动群发私信。



3.星选撮合（商家定向）



头部商家权限，小二协助撮合头部达人，不是自己批量群发，需要找运营开通权限。



二、抖音国内第三方达人工具（线索筛选+邀约辅助，⚠️风控风险）





这类工具大多做达人筛选、导出达人线索、邀约模板管理、竞品达人扒取；部分插件号称自动私信，慎用自动发站内消息，容易触发风控。







小青苔
核心：达人多维度筛选、抓取竞品合作达人、导入自有达人名单、邀约模板库、达人库管理，AI优化邀约话术；支持百应批量邀约，不建议无脑自动私信。


抖查查、新抖
侧重达人数据筛选导出，导出达人联系方式后，自己人工/邮件联系，没有自动站内群发。







国内避雷：不要买浏览器脚本、破解插件做自动私信群发，抖店很容易被限制邀约权限。





三、TikTok跨境批量建联达人工具


1.Influenbase达人无界


2000万+全球达人库；筛选达人，支持平台邀约 + 批量邮件群发，不依赖站内私信；导出达人邮箱，适合品牌商家。


2.达秘DAMI


TK小店生态；批量广场邀约、模板话术，RPA模拟人工；支持多店铺；价格较高；注意控制发送频率，不要跑满额度。


3.蝉哒哒


私信+邮件双通道，AI话术合规检测，降低风控，适合跨境卖家。


4.达探星


RPA批量邀约、导出达人数据，支持多店铺，主打自动化任务。


✅安全实操建议（非常关键）




国内抖音：尽量只用巨量百应官方批量邀约，第三方工具用来筛达人、导出联系方式，然后人工写差异化消息，不要开自动站内私信群发。


TikTok：优先邮件建联，站内邀约做辅助，不要短时间爆发式大量发送，设置发送间隔。


拒绝完全一模一样的模板话术，模板一定要做变量替换（达人昵称、类目），模板化群发回复率极低还容易风控。


高价值中头部达人，一定要人工一对一沟通，工具适合铺量找中腰部、小达人。





如果你告诉我你是做国内抖音还是TikTok、是商家还是团长、每天大概想触达多少达人，我可以帮你直接给一套工具选型+邀约话术模板。



21 个引用
引用来源
序号
	站点名称
	站点类型
	标题
	
文章负面词
	发布时间
1
	
达人无界
	
官网/独立站/行业垂直
	
达人无界 - TikTok达人营销神器 达人批量建联
	
--
	
--


2
	
App Store
	
官网/独立站/行业垂直
	
TK达人工具-达秘(达密)tiktok达人网红批量邀约建联
	
--
	
--


3
	
抖音
	
视频平台
	
达人建联工具分享 你睡觉了，他还在帮你建联达人。#tiktok #跨境电商 #达人建联#达秘
	
--
	
2026-06-26


4
	
抖音
	
视频平台
	
Tk批量达人邀约工具。以前手动找达人： 发10条消息1条回，谈10个1个成 熬夜整理名单，累到脱发还没转化 自从换了这个建联插件： ✅ 一键筛选垂直品类达人 ✅ 智能群发消息，回复率直接拉满 ✅ 配合
	
--
	
2026-02-27


5
	
tkdtx.com
	
官网/独立站/行业垂直
	
达探星 - TikTok达人邀约软件，支持批量私信、自动邀约与商品提报
	
--
	
--


6
	
抖音电商
	
电商平台
	
玩转达人广场-精准找带货达人合作
	
--
	
2026-03-07


7
	
抖查查
	
官网/独立站/行业垂直
	
抖音星选撮合是什么
	
--
	
--


8
	
抖音
	
视频平台
	
抖店找达人带货，流程顺了真的省很多事。达人BD最累的不是聊天， 是每天都在重复找人、筛人、记信息。 达人看了一堆，合适的不多； 邀约发了一批，进度容易乱； 消息回得慢，又怕错过合作机会。 后来
	
--
	
2026-05-11


9
	
搜狐
	
门户/自媒体平台
	
抖店邀约-抖店工具箱-支持抖店-邀约在线沟通-还可采集达人电话微信或商家电话微信!_合作_店铺_自动
	
--
	
2026-07-13


10
	
搜狐
	
门户/自媒体平台
	
抖音商家建联达人必备!小青苔4大批量邀约功能助力达人合作效率翻倍!_数据_资源_店铺
	
--
	
2026-01-06


11
	
实在智能
	
官网/独立站/行业垂直
	
如何批量邀约抖音达人?智能自动化全流程指南 - 实在智能
	
--
	
2026-07-07


12
	
广州皓恒网络网站制作公司
	
官网/独立站/行业垂直
	
达秘 - Tiktok网红达人自动营销软件 | 拓边达
	
--
	
--


13
	
搜狐
	
门户/自媒体平台
	
手动私信、通用群发工具、蝉哒哒:三类TikTok达人建联模式深度对比_合作_匹配_统一
	
--
	
2026-04-28


14
	
搜狐
	
门户/自媒体平台
	
TikTok私信风控无忧!蝉哒哒合规+双通道，高效安全建联达人_卖家_平台_检测
	
--
	
2026-05-13


15
	
实在智能
	
官网/独立站/行业垂直
	
达人带货邀约可以自动批量发送吗?一文详解电商运营效率提升方案 - 实在智能
	
--
	
2026-06-24


16
	
tkdtx.com
	
官网/独立站/行业垂直
	
达探星 - TikTok达人邀约软件，支持批量私信、自动邀约与商品提报
	
--
	
--


17
	
淘宝游戏
	
电商平台
	
抖店邀约达人全自动批量私信神器，2025年还能用吗?_修改器_淘宝游戏网
	
--
	
2025-10-22


18
	
php.cn
	
官网/独立站/行业垂直
	
巨量百应怎么找达人带货 巨量百应达人广场合作邀约教程-浏览器-PHP中文网
	
--
	
2026-01-01


19
	
抖音
	
视频平台
	
商务bd开窍前vs开窍后 #商务bd #达人合作 #达人邀约 #达人建联 #小青苔达人营销
	
--
	
2026-07-24


20
	
巨量星图
	
官网/独立站/行业垂直
	
抖音招募任务-一口价模式-星图营销服务平台
	
--
	
2026-06-12


21
	
抖音电商
	
电商平台
	
玩转达人广场-精准找带货达人合作
	
--
	
2026-03-07",captured
150,730,阶段检查点，非最终 FULL,5FD1B74C891C7FCD1393F3731C55F917A6F0124ED0CFBCE5063FD190CA40ACF7,CQ-S-20260805-C1-Q0052,CQ-Q0052,有没有适合品牌团队用的达人建联平台?,核心池,业务场景问题,2026-08-05,core_round_1,C1,collected,"收起
 有没有适合品牌团队用的达人建联平台? 
豆包·网页
搜索关键词
国内主流达人撮合平台 品牌方使用
品牌团队达人建联平台推荐
抖音 小红书 B站 官方达人合作平台
达人建联SaaS工具对比 品牌团队
品牌团队达人建联平台汇总



分为平台官方撮合平台（合规优先）、国内跨平台SaaS建联工具（团队协同、批量BD）、**海外达人平台（出海品牌）**三类，可根据团队规模、投放平台选择。



一、各内容平台官方商业平台（必用，交易合规、数据官方保真）





适合：做单平台投放，需要官方报备、合同、结算，规避限流风险。缺点：大多只覆盖自家平台，缺少跨平台统一管理能力。





平台	工具名称	覆盖	核心价值
抖音/西瓜/头条	巨量星图	抖音全系	达人筛选、任务发布、内容审核、官方数据，商单必须走星图报备；支持团队子账号分工管理
小红书	蒲公英平台	小红书	小红书商业笔记强制报备渠道，企业号入驻，批量邀约博主，样品/付费置换，平台监管订单



|Bilibili|花火平台|B站长视频|UP主官方商单撮合，报价、brief下发、内容回传、数据统计，适合深度种草|




|快手|磁力巨星|快手|快手官方达人交易平台，短视频+直播达人撮合|

|微博|微任务|微博|微博博主商单、话题营销|



二、国内跨平台达人建联SaaS工具（品牌团队批量BD首选）





适合：多平台同时投放（抖音+小红书+B站+视频号）、商务团队多人协作、沉淀自有达人库、批量邀约、样品管理、进度看板，替代Excel表格管理达人。








飞瓜智星

覆盖：抖音、小红书、快手、视频号
亮点：依托飞瓜数据底层，达人数据质量高；支持按竞品/同款商品找合作达人；团队版支持子账号分工、达人库沉淀、样品流程管理、合作状态标签。
适合：成熟品牌营销团队，重数据准确性。



蝉圈圈

覆盖：抖音、小红书、快手、视频号
亮点：批量建联邀约、达人CRM、样品登记、合作进度管理；支持把沟通过达人沉淀私有库，避免重复骚扰达人。
适合：BD量大，经常做铺量种草的团队。



热度云

覆盖：抖/红/快/视频号，浏览器插件辅助扒达人主页信息
亮点：轻量化建联，快速导出达人联系方式，进度看板，性价比不错。



达人星河

亮点：主打跨平台统一看板，把多个平台达人建联进度、成本、效果汇总，管理者看大盘，解决多表格分散痛点。



小青苔

亮点：订阅周期灵活（可按月买，不强制年付），插件+SaaS，达人标签、批量邀约、私有达人库。适合中小品牌团队，不想一次性付高额年费。







⚠️提醒：第三方SaaS仅做筛选、管理、发邀约；正式付费商单，内容发布仍需要走对应平台官方平台报备（星图/蒲公英/花火），否则笔记会被限流下架。





三、海外达人建联平台（出海品牌）




NoxInfluencer：老牌海外红人SaaS，TikTok、Youtube、Instagram海量库，地域/消费力筛选，ROI报表。


Wolink沃链：面向欧美市场，AI匹配达人，商单全流程管理。




✅怎么选（快速决策）




如果只做单一平台投放、合规最重要：直接用平台官方（星图/蒲公英/花火）。


如果国内多平台同时做，有2人以上商务团队，要批量铺达人：优先飞瓜智星 / 蝉圈圈；预算有限选小青苔。


如果是出海做TikTok/Youtube达人：NoxInfluencer。




补充小提示



第三方建联工具只是帮你找达人、发邀约、管理进度；商业合作发布内容，必须走官方平台报备，不要全部私下交易，否则有笔记限流风险。




如果你告诉我：团队人数、主要投放平台（抖音/小红书还是B站）、月合作达人大概数量，我可以帮你缩到1‑2个最合适的工具，并给一份达人建联SOP模板。



24 个引用
引用来源
序号
	站点名称
	站点类型
	标题
	
文章负面词
	发布时间
1
	
CSDN博客
	
社区/论坛/博客
	
千万级Campaign验证:网络红人资源协调工具的博弈算法与关系网络_grin grin红人-CSDN博客
	
--
	
2026-07-05


2
	
巨量星图
	
官网/独立站/行业垂直
	
巨量星图-抖音营销-达人变现-星图营销服务平台
	
--
	
--


3
	
抖音
	
视频平台
	
达人建联平台｜3个维度找到最适合你的平台。🔍杭州吴总试了3个平台才找到合适的，后来发现选对平台事半功倍📈 达人建联平台，哪个最适合你？选平台要看这三个维度👇 ✨达人资源——平台达人数量和质量是基础 ✨
	
--
	
2026-04-22


4
	
抖音
	
视频平台
	
裸辞挑战第78天！ 做Tkshop 内容真的太重要了，又发现了找达人输出内容的好方法#裸辞创业 #tiktokshop #达人建联 #我要上热门🔥
	
--
	
2026-06-30


5
	
autochuang.cn
	
官网/独立站/行业垂直
	
A创达人营销官网-TikTok官方首推AI自动化达人营销工具
	
--
	
--


6
	
抖音
	
视频平台
	
重新定义出海营销：人做决策，AI做全球执行 #达人营销 #品牌出海 #AI工具 #智能体 #效率神器
	
--
	
2026-06-05


7
	
AI创作导航
	
官网/独立站/行业垂直
	
巨量星图 | 官网入口 - 抖音营销达人变现服务平台
	
--
	
2025-08-27


8
	
数英网
	
官网/独立站/行业垂直
	
聚焦抖yin、微bo、微xin、头条的专业数据分析工具
	
--
	
--


9
	
抖音
	
视频平台
	
抖音达人推广官方代理选哪家。家人们，现在抖音营销特别火，好多商家都想找靠谱的抖音达人推广官方代理，来给自己的产品或者服务做做宣传。但是现在市场上的代理公司五花八门，让人挑花眼。今天我就来给大家好好唠唠
	
--
	
2026-04-17


10
	
抖音
	
视频平台
	
抖音达人合作高返点推荐。在抖音营销领域，与达人合作是众多品牌提升影响力和销量的重要途径。而寻找具有高返点的合作渠道，能为品牌节省成本、提高效益。今天就来为大家介绍抖音达人合作高返点相关情况，其中南京微
	
--
	
2026-04-24


11
	
AI创作导航
	
官网/独立站/行业垂直
	
B站花火平台 | 官网入口 - UP主与品牌商业合作撮合平台
	
--
	
2025-10-31


12
	
抖音电商
	
电商平台
	
玩转达人广场-精准找带货达人合作
	
--
	
2026-03-07


13
	
抖音
	
官网/独立站/行业垂直
	
抖音内容合作平台
	
--
	
--


14
	
多多参谋
	
官网/独立站/行业垂直
	
蒲公英官网 - 小红书内容种草与直播合作官方平台，好产品种收第一站 - 多多参谋
	
--
	
2026-04-01


15
	
即刻App
	
官网/独立站/行业垂直
	
各个平台上找达人用什么工具? 小红书、抖音、快手等这些社媒 - 即刻App
	
--
	
--


16
	
抖音
	
视频平台
	
💡品牌方如何与医疗达人合作。1️⃣平台合作：小红书、抖音、微博、B站、知乎、快手等平台，品牌方很容易找到医疗MCN机构合作。 2️⃣具体平台介绍： -小红书蒲公优质创作者商业合作服务平台，合作前可提供多维数据医生筛选。 -抖音巨量星图广告交易，独立平台，覆盖抖音火山版、快速版、头条、西瓜。 -微博微任务，B站知识，知乎，快手磁力巨星。 3️⃣线下合作：如果药商不方便找线上平台，可以线下找医疗M
	
--
	
2026-06-06


17
	
bilibili花火
	
官网/独立站/行业垂直
	
bilibili花火UP主商业合作平台
	
--
	
--


18
	
必集客
	
官网/独立站/行业垂直
	
找达人推广的正确方法，5个热门合作渠道+3步筛选技巧，达人合作从此不踩坑-必集客
	
--
	
2026-04-04


19
	
抖音
	
视频平台
	
做商务一定要学会找达人❗️。蝉圈圈、飞瓜智星、热度云的找达人功能，各有千秋 #蝉圈圈 #热度云 #飞瓜智星 #找达人带货 #找达人合作技巧
	
--
	
2025-08-25


20
	
抖音
	
视频平台
	
这款SOP系统让跨平台建联效率翻倍，数据统计不再难！ 职场人必看！这款SOP系统让跨平台建联效率翻倍，数据统计不再难！达人星河，商务建联SOP标准化过程管理系统#达人建联系统#达人管理系统 #达人分
	
--
	
2025-11-04


21
	
抖音
	
视频平台
	
达人分销工具怎么选❓。听听我这个三款工具都用过的商务怎么说吧，以上都是个人见解，仅供参考，欢迎同行友好交流。 #蝉圈圈 #热度云 #飞瓜智星 #达人分销 #达人分销工具
	
--
	
2025-08-25


22
	
搜狐
	
门户/自媒体平台
	
蝉圈圈、小青苔、热度云、飞瓜智星、哈士奇、悟空达人营销工具_管理_合作_团队
	
--
	
2026-07-17


23
	
IT之家
	
社区/论坛/博客
	
2026海外达人建联服务商盘点，TikTok/YouTube/Instagram主流网红营销机构推荐 - IT之家
	
--
	
2026-07-08


24
	
InfoQ 写作社区
	
官网/独立站/行业垂直
	
欧美专用:海外网红营销全流程管理工具，打通达人合作与数据复盘_出海_Wolink_InfoQ写作社区
	
--
	
2026-06-09",captured
150,730,阶段检查点，非最终 FULL,5FD1B74C891C7FCD1393F3731C55F917A6F0124ED0CFBCE5063FD190CA40ACF7,CQ-S-20260805-C1-Q0053,CQ-Q0053,有没有适合达人营销团队的绩效归因工具?,核心池,业务场景问题,2026-08-05,core_round_1,C1,collected,"收起
 有没有适合达人营销团队的绩效归因工具? 
豆包·网页
搜索关键词
达人营销团队绩效归因工具
达人投放ROI归因SaaS工具 对比
短视频达人营销数据归因系统 企业级
品牌达人营销绩效考核工具
达人营销团队绩效归因工具



核心区分两类：国内抖音/小红书/视频号（国内电商）、海外TikTok/Ins独立站；重点看能力：达人效果归因、BD团队人员绩效拆分、ROI核算、提成自动计算、UTM/优惠码追踪、看板报表。



🇨🇳 国内工具（抖音、小红书、快手、视频号，适合国内品牌/代运营团队）


1. 蝉圈圈（深度面向达人营销团队绩效考核）


适配平台：抖音、小红书、快手、视频号
归因能力：打通电商后台，追踪达人直接转化、种草后搜索间接转化；按BD人员维度拆分业绩，每个商务对接的达人、项目、成本、GMV、ROI独立统计
团队绩效亮点：支持自定义提成规则（分档提成、商品维度提成、人员固定提成），自动算BD绩效，输出个人/小组看板，不用Excel手工算提成；达人ROI排行榜、投放复盘报表直接导出
适合：规模化达人营销团队、品牌内部达人部、MCN/代运营；月合作达人≥15人非常适配
局限：高级绩效模块价格偏高


2. 飞瓜智星（飞瓜数据）


适配：抖音、小红书、视频号
归因：作品数据采集、直播间数据，支持UTM、优惠码匹配达人，计算达人ROI
团队能力：Campaign项目管理，可标记对接BD，输出项目报表；人员绩效、自动提成偏弱，更多是达人投放效果，需要导出数据二次做绩效
适合：中小团队，侧重达人筛选+投放效果复盘


3. 花漾TK（花漾灵动）


适配：抖音、TikTok，强样品投放、寄拍种草业务
归因：作品全链路追踪，GMV、千次转化，自动匹配BD对接人，输出BD绩效报表，统计样品成本、产出、ROI
亮点：样品履约全流程管理，很适合大量KOC寄拍团队；自动核算每个BD的项目产出
适合：大量样品置换、低预算KOC铺量团队


4. Xinstall（技术型归因工具）


定位：链路追踪SDK，生成达人专属追踪链接，免填码归因APP下载、注册付费；
特点：不做达人CRM，只做转化归因；需要自己对接业务系统做团队绩效；适合APP类品牌达人投放。





国内痛点提醒：小红书原生没有开放订单归因接口，间接种草（看完笔记后搜索下单）很难100%精准，工具一般靠搜索词涨幅+UTM+专属优惠码组合做多层归因。





🌍 海外达人营销工具（TikTok、Ins、独立站，跨境团队）


1. Upfluence


能力：达人库+合作管理，对接Shopify等独立站，直接把订单归因到每个达人；可按campaign拆分，支持团队报表；价格偏高，月预算1万美金以上品牌


2. Impact.com


企业级，达人+联盟一体化；多触点归因，支持区分直接转化、延迟转化；适合大型跨境品牌，企业定制报价


3. Aspire.io


性价比高，达人邀约、内容审批、追踪链接生成；TikTok友好；适合中小跨境达人团队


🛠️ 低成本自建方案（预算有限）




UTM参数生成器 + 百度统计/GA4，每个达人、每个BD标记专属参数；


优惠码：每个达人分配唯一优惠码，电商后台统计核销；


表格模板：把曝光、互动、核销GMV、成本录入，做ROI；缺点：量大之后维护成本极高，不适合月合作>20达人的团队。




✅ 选型判断（快速对号入座）




核心诉求：既要达人效果，又要算BD员工绩效、自动算提成 → 蝉圈圈（国内首选）


大量KOC寄样种草，样品管理+BD绩效 → 花漾TK


只看达人投放ROI，绩效自己Excel算 → 飞瓜智星


跨境独立站达人营销 → Upfluence / Aspire.io


APP下载转化为主 → Xinstall


预算少，小规模测试 → UTM+优惠码自建




重要提醒（达人归因坑）




直接转化（点链接下单）好追踪；种草后过几天搜索下单的间接转化，没有工具可以做到100%精准，建议用多层归因模型（直接转化+品牌搜索涨幅+内容资产价值）综合评估，不要只看GMV单一指标。


团队绩效，一定要把坑位费、样品成本、投流追加成本全部计入ROI，否则绩效会失真。





如果你告诉我：做国内还是跨境，主要平台（抖音/小红书）、每月合作达人数量、是否需要自动算BD提成，我可以帮你缩到1‑2个最合适工具，并给出一套绩效指标模板。



20 个引用
推荐问题
 飞瓜智星的收费标准是怎样的？
 蝉圈圈的高级绩效模块价格是多少？
 有哪些海外达人营销团队绩效归因工具？
引用来源
序号
	站点名称
	站点类型
	标题
	
文章负面词
	发布时间
1
	
AI创作导航
	
官网/独立站/行业垂直
	
飞瓜智星 - AI创作导航 | 短视频与自媒体AI创作工具箱
	
--
	
2025-10-19


2
	
CloudKOL
	
官网/独立站/行业垂直
	
网红推广效果无法量化?一套从曝光到转化的KOL数据归因模型 – CloudKOL
	
--
	
2026-07-25


3
	
CloudKOL
	
官网/独立站/行业垂直
	
红人营销效果怎么衡量?KOL营销数据追踪与效果评估全解析(附指标框架) – CloudKOL
	
--
	
2026-07-25


4
	
trackmyposts.com
	
官网/独立站/行业垂直
	
Track My Posts | Creator Analytics & Revenue Attribution | Track My Posts
	
--
	
--


5
	
搜狐
	
门户/自媒体平台
	
花漾TK:一文读懂TikTok达人营销全链路管理系统_自动化_数据_样品
	
--
	
2026-03-23


6
	
deepnavi.cn
	
官网/独立站/行业垂直
	
蝉圈圈-抖音达人营销全流程管理工具
	
--
	
--


7
	
Archive
	
官网/独立站/行业垂直
	
Best Influencer Marketing Platforms for ROI Tracking in 2026
	
--
	
2026-02-16


8
	
Cometly
	
官网/独立站/行业垂直
	
9 Best Influencer Marketing Attribution Software Tools in 2026
	
--
	
2026-05-08


9
	
Influencer Hero
	
官网/独立站/行业垂直
	
Los 10 mejores tools de reportes y análisis de influencers
	
--
	
2026-03-20


10
	
Influencer Marketing Hub
	
官网/独立站/行业垂直
	
Top 22 AI-Powered Influencer Marketing Platforms for Brands & Agencies
	
--
	
2026-07-13


11
	
Burbuxa
	
官网/独立站/行业垂直
	
Top 5 herramientas para rastrear campañas con influencers
	
--
	
2026-02-12


12
	
Influencer Hero
	
官网/独立站/行业垂直
	
Top 10 Influencer Reporting & Analytics Tools
	
--
	
2026-03-20


13
	
CloudKOL
	
官网/独立站/行业垂直
	
网红推广效果无法量化?一套从曝光到转化的KOL数据归因模型 – CloudKOL
	
--
	
2026-07-25


14
	
Xinstall
	
官网/独立站/行业垂直
	
如何追踪KOL推广效果?利用专属链接实现精准效果统计-Xinstall
	
--
	
2026-02-05


15
	
AI创作导航
	
官网/独立站/行业垂直
	
蝉圈圈 | 官网入口 - 电商达人营销管理系统
	
--
	
2025-09-21


16
	
CloudKOL
	
官网/独立站/行业垂直
	
红人营销效果怎么衡量?KOL营销数据追踪与效果评估全解析(附指标框架) – CloudKOL
	
--
	
2026-07-25


17
	
蝉圈圈
	
官网/独立站/行业垂直
	
蝉圈圈:告别提成心累，绩效管理自动化神器，助力达人营销高效增长!
	
--
	
2025-11-20


18
	
Influencer Marketing Hub
	
官网/独立站/行业垂直
	
Best Influencer Marketing Platforms with Advanced Analytics
	
--
	
2026-02-03


19
	
Shopify App Store
	
官网/独立站/行业垂直
	
针对品牌的创作者归因和红人 ROI 跟踪 | Shopify 应用商店
	
--
	
--


20
	
HypeAuditor
	
官网/独立站/行业垂直
	
25+ Best Influencer Tracking Platforms to Monitor Which Creators Actually Deliver
	
--
	
2026-03-09",captured
150,730,阶段检查点，非最终 FULL,5FD1B74C891C7FCD1393F3731C55F917A6F0124ED0CFBCE5063FD190CA40ACF7,CQ-S-20260805-C1-Q0054,CQ-Q0054,"每天要对接上百个达人,怎么提升建联效率?",核心池,业务场景问题,2026-08-05,core_round_1,C1,collected,"展开
 每天要对接上百个达人,怎么提升建联效率? 
豆包·网页
每日对接上百达人，高效建联全套落地方法，从流程、话术、工具、筛选、分工5个维度提速，做到日聊100+达人不内耗


一、前置先做「分层筛选」，减少无效沟通（最省时间）



先不要全部达人挨个私信，先分层，把80%精力给到高价值达人，过滤垃圾流量，直接降低对接工作量



达人四级标签分类




S级（优先对接）：粉丝匹配赛道、近30天带货/种草数据稳定、报价在预算、主页有商务联系方式、过往接同类品


A级（次优先）：数据不错，但报价偏高、档期紧张、需要议价


B级（批量群发触达）：基础达标，数据普通，用来铺量


C级（直接放弃）：数据注水、广告刷屏、粉丝标签不符、报价严重超标







操作：提前用表格/CRM录入：粉丝、赛道、均价、报价、往期案例、联系方式、档期、意向状态，一次建档后续反复复用。





二、搭建标准化建联SOP，固定流程减少临时思考



整套流程固化，每一步有模板，不用每次现想话术



标准建联步骤




查找联系方式：优先主页商务微信、邮箱、商务号；私信只作为备选（私信回复率最低）


初次触达（3‑5秒抓住注意力）


资质&需求同步：品牌、产品、佣金/费用、档期、要求


答疑议价、确认档期、寄样、合同


跟进回访、标记状态、归档





硬性时间标准：单次初次沟通控制在3分钟以内，意向达人再深度细聊，无意向直接归档，不拉扯。



三、分场景预制话术库，一键复制，拒绝现编



所有话术区分冷启动初次建联、催回复、议价、寄样提醒、档期确认、婉拒达人、复推二次合作，分通用版+细分赛道版



高回复率初次建联模板（简短，达人最讨厌小作文）





您好～我是XX品牌商务，主营XX品类，看您账号内容和我们产品高度适配

可提供：付费合作/高额佣金+免费寄样，预算灵活，近期可排档期

方便沟通下报价与排期吗？






⚠️ 避雷：不要长篇大论介绍品牌，达人每天几十上百条私信，只讲利益点+需求



批量触达技巧



B级铺量达人使用轻量化群发，标题差异化，不要一模一样的文案，防止被平台限流；微信达人可以设置快捷回复。



四、工具提效，解决重复工作，日对接100+必备




达人管理表格/达人CRM
字段：达人昵称、ID、粉丝、报价、联系方式、沟通状态、跟进次数、档期、寄样单号、合作结果
状态标签：未联系、已发商务、待回复、议价中、敲定合作、拒绝、备选


快捷话术工具：微信快捷键、输入法快捷短语，一键调出全部模板


信息采集：提前整理好产品介绍、报价表、样品规则、合作要求，达人一问直接甩文档


定时跟进清单
每天固定3个跟进时段：上午10点、下午15点、晚上20点（达人活跃高峰）




超过24h没回复：简短催一次
48h无回复标记低优先级，不再反复浪费时间


五、时间块管理，批量处理，拒绝碎片化打断



对接上百个达人最忌讳聊一个、刷一会、来回切换



推荐每日时间规划




9:00‑10:00：筛选今日待对接清单，分层S/A/B/C


10:00‑12:00 批量初次建联（一口气集中发消息，不要边聊边找达人）


14:00‑16:00 集中回复所有达人的消息、议价、答疑


20:00‑21:00 回访未回复达人、更新CRM、整理次日名单







原则：批量发起，批量回复，不要一个一个断断续续沟通，来回切换非常消耗精力。





六、建联规则优化，拉高回复率，减少无效拉扯




优先微信＞主页商务号＞私信＞评论区，私信回复率通常只有10%‑20%，微信可达40%+


建联第一句必须带上账号优点，证明你不是群发：
例：“很喜欢你日常家居测评内容，和我们家用产品适配”，专属感越强回复越高


一次性给到全部合作条件：费用、佣金、寄样、发布时间、视频硬性要求
不要来回分多次抛出条件，来回拉扯最耗时间


设置清晰止损线：议价来回超过3轮依旧无法达成，直接放入备选池，不再消耗时间




七、达人状态闭环+复用老资源，越往后越轻松




所有沟通结果做好标签：




可长期备选、档期不合适、报价不合、不接广告、已合作




已经合作过的达人单独建库，老达人建联成本极低，直接推送新品即可


定期清理无效达人池，重复多次联系无回应直接拉黑归档，不再触达




八、高阶提速：分工拆解（日对接150+以上必用）


筛选专员：负责挖掘、筛选、分层达人清单
商务建联：专门负责初次触达、初步议价
执行专员：寄样、对接排期、素材核对、回款跟进




总结核心4个提速口诀




先筛选再沟通，不浪费时间在劣质达人


话术标准化、信息打包发送，减少来回问答


集中时段批量处理消息，拒绝碎片化聊天


做好达人台账，沉淀资源池，二次建联零成本





如果你需要，我可以直接给你一套全套达人商务话术库（初次私信、催回复、议价、寄样、逼档期、婉拒模板）。



推荐问题
 有哪些工具可以提高建联效率？
 怎样进行有效的分工以提升对接效率？
 如何快速找到达人的联系方式？",confirmed_none
150,730,阶段检查点，非最终 FULL,5FD1B74C891C7FCD1393F3731C55F917A6F0124ED0CFBCE5063FD190CA40ACF7,CQ-S-20260805-C1-Q0055,CQ-Q0055,没有达人资源的新品牌怎么找达人?,核心池,业务场景问题,2026-08-05,core_round_1,C1,collected,"收起
 没有达人资源的新品牌怎么找达人? 
豆包·网页
搜索关键词
新手品牌低成本找抖音小红书达人方法
无达人资源新品牌怎么找达人渠道全攻略
品牌自拓达人渠道 素人置换 千粉达人对接技巧
无达人资源新品牌全套找达人方案（零资源、低成本、可直接落地）



新品牌从零起步，核心思路：先铺海量低成本KOC素人打底口碑 → 官方达人广场批量邀约带货达人 → 手动挖掘垂类中小博主 → 社群/工具补量 → 用纯佣/置换降低合作门槛，不用依赖中介、不用现成资源库。



一、官方免费达人市场（最高效、正规，优先做）



每个平台自带达人撮合工具，自带联系方式、数据筛选，无需到处找人，新品牌必开。



1. 抖音（带货首选）：精选联盟+星图



1）抖店后台【精选联盟-达人广场】



筛选条件：类目匹配、纯佣达人、近30天出单、粉丝1k–10w中小达人
核心技巧：搜同行爆款商品，所有带过同类品的达人一键邀约，佣金比竞品高2%更容易接单
建联：在线发邀约、看达人微信/电话，直接加到私域建自有达人库
2）星图平台（短视频种草）
适合拍测评、剧情种草达人，可筛选粉丝画像、互动率，支持置换/付费合作。


2. 小红书（口碑种草首选）：蒲公英平台


品牌入驻蒲公英，筛选千粉–5万KOC，可筛选置换可接、低预算寄拍博主
优势：合规报备不限流，笔记长期留存搜关键词，适合新品冷启动铺口碑
新品牌玩法：优先勾选「接受无费置换」博主，只寄样品不用现金


3. B站/快手


B站花火平台：垂类测评、科普中长视频达人；
快手磁力金牛达人广场：下沉市场带货主播，纯佣合作门槛低。


二、手动挖掘达人（零成本，自建私域达人池，最适合预算极少品牌）



不用平台、不用付费，自己刷平台挖精准博主，分4种挖掘方式：



1. 关键词/话题标签挖掘（小红书/抖音通用）




搜索品类词：比如护肤品搜「油痘肌护肤」、零食搜「办公室零食」


排序选最新，过滤百万粉头部，只抓1000–5万粉垂类博主


判断优质达人：评论区真实互动、每条笔记都有粉丝提问、广告占比不超过30%


私信建联模板（高回复率）：







你好，我是XX新品品牌，主营XX品类，看你日常分享XX内容和我们产品高度匹配，支持免费寄样置换真实测评，无强制发布，试用满意再发笔记，感兴趣可以留微信详聊~





2. 扒同行/竞品达人（精准带货达人）




抖音：搜竞品店铺，精选联盟「同行合作达人」，一键导出所有带货博主


小红书：点开竞品种草笔记，收藏所有合作博主；竞品评论区活跃种草素人


逻辑：已经带过同类产品的达人，懂你的受众、接受同类带货，转化率远高于陌生达人




3. 直播间、评论区挖野生素人KOC


去同类目直播间，私信经常互动、分享使用感受的观众（几百粉真实素人，置换意愿极强）
热点话题视频下，经常自发测评品类产品的普通用户，转化信任度极高


4. 自有客户转化达人（免费、高转化终极渠道）



下单客户、粉丝群、公众号粉丝，只要愿意分享产品，全部发展成素人达人：



福利：新品免费送、专属优惠、佣金返现
优势：自带真实使用体验，粉丝都是同圈层，种草可信度碾压陌生博主


三、第三方渠道&社群（快速批量触达达人）


1. 达人/博主招募社群（微信/QQ）


搜索关键词：小红书置换群、抖音纯佣达人、KOC寄拍群、好物分享博主
玩法：发布招募帖（品牌+品类+置换/佣金政策），一天能收到几十位达人自荐
注意：区分纯素人群、中介群，中介会抽成，优先对接博主本人


2. 轻量达人工具（低成本批量筛选）



蝉妈妈、灰豚、新红数据：免费版可筛低粉垂类达人，导出达人ID/主页，批量私信；适合需要大量铺量的品牌



3. 少量MCN/中介（预算充足再选）



新品牌不建议优先找MCN：抽成高、门槛高；仅当你需要10w+中腰部博主、没时间自己对接时使用。



四、新品牌适配的低成本合作模式（降低达人接单门槛，提高建联通过率）



没有知名度、无投放预算，灵活合作政策是达人愿意接的关键：





无费置换（零现金，新品冷启动首选）
只寄产品，达人真实体验自愿发内容，适合1k–1w粉素人，批量铺基础口碑，一次可合作30–100位KOC


置换+小额补贴（性价比最高）
样品+50–200元稿费，大幅提升内容质量，达人愿意配合审稿、多拍素材


纯佣带货（直播/短视频带货，零前期成本）
不支付坑位费，只按成交给佣金（食品30%+、美妆20%+、家居15%+），达人无风险，新品牌最容易邀约成功


阶梯激励
播放/销售额达标额外送新品、高额奖金，激励达人主动推爆你的产品




五、达人筛选避坑（新品牌最容易踩的雷）




拒绝虚粉账号：粉丝多、点赞评论极少、评论全是通用水军话术（“好好看”“求链接”）


优先垂类深耕达人：1万粉垂类博主 > 10万粉泛娱乐达人，互动、转化差距巨大


看广告饱和度：主页一半以上都是广告的达人，粉丝抵触强，种草效果差


分阶段投放：先小批量置换测10–20个达人，筛选出数据好的再长期付费合作




六、完整落地执行流程（从零搭建自有达人资源库）




前期准备：确定品类、样品、佣金/置换政策、简短品牌介绍


第一阶段（0–7天，铺口碑）：蒲公英+手动挖素人，50–100位千粉KOC纯置换铺笔记


第二阶段（7–30天，带货起量）：抖店精选联盟批量邀约纯佣中小带货达人，每天邀约50+


第三阶段（长期沉淀）：所有合作过的达人统一录入表格/企业微信，建立自有达人池，复投、达人转介绍（达人互相推荐同行，资源越做越多）


长期增长：老客户转化素人、优质达人长期深度合作，形成稳定达人渠道




七、建联高回复率话术模板（直接复制）


抖音带货达人（纯佣邀约）



您好，XX品牌XX新品，同赛道爆款潜质，店铺现货，纯佣合作无坑位费，佣金XX%，支持免费寄样测品，过往同类达人单场最高千单，感兴趣可以加我微信发产品资料~



小红书素人置换私信



博主你好，关注到你经常分享XX好物，我们是新品牌XX，主打XX优势，可免费寄送全套产品置换真实测评，不强制发布，试用满意再产出笔记，无硬性脚本要求，期待合作！




需要我给你一份可直接复制的达人信息登记表Excel字段和达人合作brief模板吗？



18 个引用
推荐问题
 如何与达人进行有效的沟通和合作？
 新品牌找达人合作的注意事项有哪些？
 如何判断达人的合作诚意？
引用来源
序号
	站点名称
	站点类型
	标题
	
文章负面词
	发布时间
1
	
Influencity
	
官网/独立站/行业垂直
	
FREE HANDBOOK Quick Guide: How to find and locate the right influencers for your brand
	
--
	
--


2
	
必集客
	
官网/独立站/行业垂直
	
找达人推广的正确方法，5个热门合作渠道+3步筛选技巧，达人合作从此不踩坑-必集客
	
--
	
2026-04-04


3
	
抖音
	
视频平台
	
你们做电商都是怎么找达人的？ #热门话题#电商 #电商干货 #电商人 #电商创业
	
--
	
2026-05-12


4
	
抖音
	
视频平台
	
六种高效达人建联方法解析
	
--
	
2025-09-23


5
	
SocialBook
	
官网/独立站/行业垂直
	
How to Find Influencers Without an Agency
	
--
	
2026-05-26


6
	
collabios.com
	
官网/独立站/行业垂直
	
Where to Find Influencers for Your Brand in 2026 (Platforms, Marketplaces, DMs)
	
--
	
2026-06-03


7
	
truemargin.ai
	
官网/独立站/行业垂直
	
How to Find Influencers for Your Brand (2026 Guide)
	
--
	
2026-03-10


8
	
搜狐
	
门户/自媒体平台
	
零成本找素人:用这5个工具一天触达200个优质账号_合作_素材_样品
	
--
	
2025-07-11


9
	
抖音
	
视频平台
	
低预算怎么找达人？#品牌方#白牌 #小品牌#电商运营 #品牌方
	
--
	
2026-07-06


10
	
抖音
	
视频平台
	
小红书素人达人的合作方式有哪些。#KOC #kOL #koc #kol #素人资源
	
--
	
2026-07-27


11
	
搜狐
	
门户/自媒体平台
	
抖音小红书素人笔记直发代发平台，5~10元是首选_品牌_广告_预算
	
--
	
2025-11-06


12
	
金网红
	
官网/独立站/行业垂直
	
中小品牌如何用低成本撬动网红合作?-金网红多语种国际商务平台
	
--
	
--


13
	
blog.wotokol.com
	
官网/独立站/行业垂直
	
达人建联回复率低至10%?3个话术模板让你的回复率提升300% - 卧兔红人营销:智能海外红人营销方案
	
--
	
2025-12-07


14
	
抖音
	
视频平台
	
千粉以内也能接品牌合作，分享亲身实操方法 普通人做自媒体不用等流量找上门，主动争取才有合作机会。有没有姐妹和我一样，剪视频压力大就靠嗑瓜子放松？疆布布助农赛里木湖瓜子，香酥不齁咸，追剧、剪片都合适。 #带娃做自媒体 #宝妈自媒体#宝妈创业#疆布布#自媒体干货
	
--
	
2026-07-29


15
	
抖音
	
视频平台
	
管住嘴、避开雷、懂利他！想让达人愿意聊、愿意带、愿意主推，核心不是""说漂亮话""， 而是: 不说示弱的话暴露短板， 不说夸大的话触碰红线， 不说废话浪费时间， 不说傲慢的话忽视价值， 不说模糊的话制造混
	
--
	
2026-05-07


16
	
抖音
	
视频平台
	
第一次做达人合作，是不是感觉无从下手？怕找错人、怕沟通踩坑、怕合作完没效果？1️⃣ 第一步：先明确合作目标别上来就盲目找达人，想清楚再动手：- 测新品：找10-20个中腰部达人，低成本测试，跑出来数据
	
--
	
2026-04-14


17
	
creatorspond.com
	
官网/独立站/行业垂直
	
How to Land Your First Brand Deal with Under 5K Followers
	
--
	
2025-08-08


18
	
抖音电商
	
电商平台
	
店铺怎么绑定达人UID-抖音电商学习中心
	
--
	
2026-06-17",captured
150,730,阶段检查点，非最终 FULL,5FD1B74C891C7FCD1393F3731C55F917A6F0124ED0CFBCE5063FD190CA40ACF7,CQ-S-20260805-C1-Q0056,CQ-Q0056,给达人群发消息没人回复怎么办?,核心池,业务场景问题,2026-08-05,core_round_1,C1,collected,"展开
 给达人群发消息没人回复怎么办? 
豆包·网页
给达人群发消息没人回复怎么办



达人不回消息是很常见的情况，大多不是针对你，原因可能是：私信太多没看到、合作不感兴趣、报价/需求不匹配、文案一眼就被判定为广告直接划走。下面分优化话术、二次跟进、筛选达人、备选方案四部分实操方法。



一、先自查：你的群发消息是不是踩坑了



很多群发石沉大海，是开头就劝退达人：

❌ 坏例子：






您好，我们是XX品牌，要不要合作，麻烦报价，谢谢。






问题：信息太简略，没有利益点，达人每天几十条这类广告，直接忽略。




✅ 好的私信结构（尽量不要纯复制粘贴群发，少量改下达人名字/作品标签）





称呼+简单夸一句对方内容（体现你看过他的视频，不是盲发）


自我介绍：品牌/产品、合作形式（置换｜付费｜佣金）


明确需求：想要什么风格、大概预算/产品、期望发布时间


给到对方行动指令：方便的话可否报个报价/聊聊合作





模板参考：






你好XX，看了你很多条XX赛道的内容，风格很贴合我们产品。

我们是XX品牌，想邀约合作，形式为【付费/产品置换/佣金合作】，产品是XXX。

想问问你这边接不接这类商单，如果感兴趣可以给我你的报价，我们可以进一步沟通，感谢~








💡小提醒：不要一上来甩链接、甩表格，达人会警惕，容易被直接无视。





二、第一次没回，怎么二次跟进（不要狂刷屏）




间隔2‑3天再发一次，不要刚发完几小时就反复催，会引起反感


跟进不要重复粘贴一模一样的原文，补充一点信息，降低对方回复成本







打扰啦，再次跟您同步下，我们预算区间XX，产品主打XX，若档期合适可以简单回复是否可接，不方便也没关系哈。







最多跟进2轮，两轮不回就放弃这个达人，不要持续骚扰，容易被拉黑。




三、达人筛选，从源头提升回复率




避开消息爆炸的头部大V：粉丝几十万上百万达人私信爆炸，群发回复率极低；优先选中腰部、垂类精准达人，粉丝几千‑几万，私信少，回复率高很多。


看账号信号：看主页有没有写商务联系方式（邮箱/合作vx）、过往有没有同类商单。
主页留商务联系方式：优先走邮箱/留的联系方式，不要死磕站内私信。
从来没接过商单的素人达人，大概率不懂商业合作，回复意愿低。


尽量精准匹配赛道：不要跨赛道乱群发，美妆产品去找美食达人，回复率自然极低。




四、不同合作模式的小技巧




付费合作：私信里可以写大致预算区间，达人不用猜价格，愿意接的会更快回复。


产品置换（无现金）：一定要提前说明是置换，不要隐瞒；很多达人不接置换，避免浪费双方时间。


佣金带货：直接给到佣金比例、产品链接，说明无坑位费，降低对方决策成本。




五、实在大量不回复，备选方案




不走私信，走平台官方商务合作通道（星图/蒲公英等），官方下单，达人会收到平台通知，触达效果远高于私下发消息。


调整你的合作条件：预算、样品权益、合作要求，条件不合适，达人看到也会选择无视。


扩大达人池，不要把希望寄托少数达人，批量筛选更多备选。




避坑提醒


不要连续频繁刷屏，短时间多次发消息，会被标记骚扰，直接拉黑。
不要上来就问“在吗”，没有实质内容，达人不会回复。



如果你告诉我，你是做什么品类、是置换还是付费、什么平台，我可以帮你直接写一套可复制的达人私信文案。



推荐问题
 没有回复的情况下，有哪些备选方案？
 如何筛选出适合合作的达人？
 给达人发消息的话术有哪些？",confirmed_none
150,730,阶段检查点，非最终 FULL,5FD1B74C891C7FCD1393F3731C55F917A6F0124ED0CFBCE5063FD190CA40ACF7,CQ-S-20260805-C1-Q0057,CQ-Q0057,老板怎么实时看到达人投放效果和ROI?,核心池,业务场景问题,2026-08-05,core_round_1,C1,collected,"收起
 老板怎么实时看到达人投放效果和ROI? 
豆包·网页
搜索关键词
达人投放ROI实时查看工具 抖音 视频号 巨量千川 磁力万象 新抖 蝉妈妈
品牌达人投放数据看板 老板视角 报表 实时数据
达人投放ROI计算口径 坑位费 佣金 GMV 真实ROI
老板怎么实时看达人投放效果和ROI
老板实时看达人投放效果&ROI的4套方案





核心痛点：达人数据散落在星图、店铺后台、千川、小红书、Excel；平台原生只能看ROAS（GMV/花费），不是真实利润ROI；老板要的是一个总览大屏/手机随时看，不用翻多个后台。





方案1：平台官方后台（免费，适合中小商家，有延迟）


抖音｜巨量星图




网页端：我的星图→任务管理→任务详情→营销数据，看每条达人短视频/直播：曝光、互动、直接GMV、引流成交、人群资产。


手机端星图APP：个人中心→营销数据，手机随时看任务进度与数据。
⚠️限制：




直播/短视频转化数据T+1生成，不是秒级实时；
只算星图下单的达人；站外私下合作达人无法统计；
只输出GMV，不会自动扣坑位费、佣金、退货、货品成本，需要自己算真实ROI。


抖音电商罗盘



店铺后台-达人分析：看所有达人给店铺带来的成交、访客；区分自然流量和星图订单，适合看全店铺达人大盘，但不能绑定单条达人视频任务。



快手磁力万象、小红书蒲公英



逻辑同星图：平台下单的达人任务，T+1产出投后报告，看曝光、点击、成交GMV，无自动利润ROI。






✅适合：全部达人都走官方平台下单；老板看大盘、看曝光GMV；缺点：私下合作达人统计不到，缺少利润口径。





方案2：达人营销SaaS看板（推荐，老板视角，分钟级更新）



工具：蝉圈圈、飞瓜、新红，支持抖音/快手/小红书/视频号多平台统一看板。





把星图、小店、千川授权接入系统；


录入每个达人坑位费、样品成本、佣金比例；


看板自动聚合：所有达人列表、实时GMV、总投入、扣完成本后的ROI、退货预估、单达人ROI排行；


老板权限：网页大屏、手机APP，直接看排行榜，哪些达人爆、哪些亏，支持导出报表、告警提醒。





⚠️关键：私下合作达人，必须给每个达人配置专属短链/专属优惠券码做归因，订单才会归属到对应达人，否则算不准ROI。






✅适合：大量达人投放，既有星图下单，也有私下合作，老板想看统一总览、真实ROI。





方案3：自建BI/数据看板（中大型品牌，私有化）



把星图API、电商店铺API、订单财务数据打通到BI工具（帆软、DataV、Tableau）：





自动拉取：达人曝光、点击、GMV；


录入成本：坑位费、样品、投流费、佣金；


接入售后退货数据，计算净利ROI；


大屏展示，手机推送日报/告警，ROI低于阈值自动提醒老板。







✅适合：月达人投放几十万以上，业财打通，要算真实利润；成本高，需要技术开发。





方案4：轻量方案：自动化报表（预算有限）



如果不上SaaS/BI：





运营每日导出星图、店铺后台数据；


使用飞书多维表格/Google表格，写好公式自动计算ROI；


设置自动推送，每天早上把汇总报表发到老板微信/飞书。







❗缺点：不是真正实时，T+1更新，人工维护容易出错。







关键：分清2个指标，老板很容易被误导




ROAS（平台显示）=归因GMV ÷达人总花费







只看销售额，没有扣货品成本、退货，数字会虚高。







真实ROI（老板要看）=(确认收货GMV‑货品成本‑坑位费‑佣金‑投流费‑退货损失) ÷全部投放成本







实操建议：看板同时展示两个数字，避免只看GMV以为赚钱，实际亏损。





落地实操流程（直接照做）




归因是前提
平台下单达人：走星图/蒲公英，平台自动归因；
私下合作达人：每个达人分配专属优惠券码 / UTM短链，订单才能归属，否则ROI算错。


成本完整录入：坑位费、样品费、给这条达人追加的千川/DOU+投流费、佣金全部计入该达人成本。


老板看什么核心指标（看板只放6项，不要堆一堆数据）
总投放预算、已消耗
全部达人总GMV、确认收货GMV
整体ROAS、真实净利ROI
ROITOP5达人、ROI垫底5达人
曝光、点击、转化率


时间窗口：达人短视频有长尾转化，不要只看发布当天，建议看7天/15天完整ROI。




常见坑




只看星图给的GMV，忘记扣货本、退货，导致高估收益；


私下合作达人没有专属码，订单混在一起，分不清哪个达人出单；


把给达人视频追加的千川投流，没有算到达人投放成本，ROI虚高。





如果你需要，我可以给你一份【老板达人投放看板指标模板】，直接复制到飞书表格使用。



23 个引用
推荐问题
 有哪些好用的达人营销SaaS看板？
生成老板实时看达人投放效果PPT
 如何使用达人营销SaaS看板？
引用来源
序号
	站点名称
	站点类型
	标题
	
文章负面词
	发布时间
1
	
CloudKOL
	
官网/独立站/行业垂直
	
红人营销效果怎么衡量?KOL营销数据追踪与效果评估全解析(附指标框架) – CloudKOL
	
--
	
2026-07-25


2
	
巨量星图
	
官网/独立站/行业垂直
	
客户抖音移动端使用指南-星图营销服务平台
	
--
	
2025-12-15


3
	
抖音
	
视频平台
	
电商达人合作价值评估的三大数据分析角度
	
--
	
2025-09-17


4
	
蝉圈圈
	
官网/独立站/行业垂直
	
达人带货全流程追踪利器，以数据赋能品效合一营销 - 蝉圈圈
	
--
	
2025-10-11


5
	
实在智能
	
官网/独立站/行业垂直
	
达人带货效果如何自动评估?从人工对账到智能决策 - 实在智能
	
--
	
2026-07-07


6
	
Xinstall
	
官网/独立站/行业垂直
	
如何追踪KOL推广效果?利用专属链接实现精准效果统计-Xinstall
	
--
	
2026-02-05


7
	
deepnavi.cn
	
官网/独立站/行业垂直
	
蝉圈圈-抖音达人营销全流程管理工具
	
--
	
--


8
	
蝉妈妈·创意
	
官网/独立站/行业垂直
	
蝉妈妈·创意 - 千川投放素材_短视频素材创意服务平台
	
--
	
--


9
	
deepnavi.cn
	
官网/独立站/行业垂直
	
蝉妈妈 - 直播电商数据分析与内容运营工具
	
--
	
--


10
	
App Store
	
官网/独立站/行业垂直
	
‎蝉妈妈-直播短视频电商AI数据分析 App - App Store
	
--
	
--


11
	
蝉圈圈
	
官网/独立站/行业垂直
	
达人合作投流总是一笔“糊涂账”?蝉圈圈帮你算清每一分钱!
	
--
	
2025-11-04


12
	
Datech Help Center
	
官网/独立站/行业垂直
	
Untitled
	
--
	
--


13
	
connecsi.net
	
官网/独立站/行业垂直
	
Influencer Campaign Reporting Templates for 2026
	
--
	
2026-03-04


14
	
飞瓜数据
	
官网/独立站/行业垂直
	
飞瓜数据-抖音电商与直播大数据分析平台-feigua.cn
	
--
	
--


15
	
CloudKOL
	
官网/独立站/行业垂直
	
红人营销数据看板 | 跨境品牌如何搭建红人营销数据看板? – CloudKOL
	
--
	
2026-07-04


16
	
巨量星图
	
官网/独立站/行业垂直
	
巨量星图短直联动产品介绍-星图营销服务平台
	
--
	
2025-10-23


17
	
蝉圈圈
	
官网/独立站/行业垂直
	
达播负责人每日必看数据看板，多维度掌握业务进度!
	
--
	
2025-10-30


18
	
CloudKOL
	
官网/独立站/行业垂直
	
红人营销 ROI 怎么算才准?品牌出海达人营销效果评估的 8 个核心指标 – CloudKOL
	
--
	
2026-07-26


19
	
CloudKOL
	
官网/独立站/行业垂直
	
红人营销效果怎么衡量?KOL营销数据追踪与效果评估全解析(附指标框架) – CloudKOL
	
--
	
2026-07-25


20
	
抖音
	
视频平台
	
达人 ROI 怎么算 做宠物达人投放，最难的就是算 ROI——投了 10 个达人，到底赚了还是亏了？9 成新人算不清，全靠感觉。其实达人 ROI 有标准计算方法，按公式算就清楚。这条视频讲 ROI 计
	
--
	
2026-05-29


21
	
veeras.com.br
	
官网/独立站/行业垂直
	
Como medir ROI de influencer marketing sem planilha
	
--
	
2026-03-12


22
	
实在智能
	
官网/独立站/行业垂直
	
电商投流 ROI 怎么精准核算:全渠道数据拆解与自动化核算方案 - 实在智能
	
--
	
2026-03-28


23
	
CloudKOL
	
官网/独立站/行业垂直
	
网红带货ROI太低?一套从筛选到结算的红人营销成本控制体系 – CloudKOL
	
--
	
2026-07-25",captured
150,730,阶段检查点，非最终 FULL,5FD1B74C891C7FCD1393F3731C55F917A6F0124ED0CFBCE5063FD190CA40ACF7,CQ-S-20260805-C1-Q0058,CQ-Q0058,达人CRM里怎么把达人分配或转交给其他商务?,核心池,业务场景问题,2026-08-05,core_round_1,C1,collected,"收起
 达人CRM里怎么把达人分配或转交给其他商务? 
豆包·网页
搜索关键词
达人CRM 达人分配转交给其他商务操作步骤
抖音达人CRM怎么转交达人给其他商务
巨量达人CRM达人分配转移负责人
巨量百应达人CRM转交达人给商务操作路径
巨量百应达人CRM更换负责人 单条和批量转交
巨量百应达人CRM权限 谁可以转交达人
达人CRM（巨量百应·达人CRM）达人分配/转交商务操作





权限说明：超管、管理员、当前达人负责人可以做转交；普通商务只能看自己名下达人，不能转交别人的。接收方商务必须已经加入团队子账号。





方式1：单条达人转交（单个达人转交给其他商务）




进入【达人CRM】→【我的达人库】/【达人列表】


点开要转交的达人详情卡片


在详情页找到【负责人/跟进人】字段，点编辑图标✏️


在下拉列表，选择目标商务（团队内子账号），保存


转交完成：新负责人收到站内信通知，达人进入他的达人库；原负责人不再拥有该达人跟进权限。




方式2：批量转交（一次性把一批达人转给某个商务）




【达人CRM】→【达人列表】


列表左侧复选框，勾选多条需要转交的达人


页面上方点击更多操作 → 转移负责人


弹窗选择接收的商务，可填写交接备注（交接原因、待办）


确认提交，批量完成转移。




方式3：退回公海（先丢公海，再分配给别人）




勾选达人 → 更多操作 → 退回公海


达人进入公海池，不再归属原商务


管理员进入【公海】，勾选达人 →【分配】，指定目标商务接收




⚠️重要注意点




转交后：全部跟进记录、沟通日志、样品记录、合作记录全部跟随达人一起转移，不会丢失。


如果找不到目标商务名字：确认该账号已经在【团队管理】添加子账号，并且开通了达人CRM模块权限。


离职交接：管理员可以直接选中离职商务名下全部达人，批量转移给继任商务。


区分：转交达人负责人 ≠ 转接会话；转交是变更达人归属；转接会话只是临时把一条聊天转给别人，不会变更达人库归属。







如果是第三方达人CRM（飞瓜、简仑等）逻辑大体一致：达人列表→勾选/进详情→更换负责人/移交业务，部分叫【交接业务】按钮。






如果你需要，我可以帮你整理一份交接的备注模板，转交达人时直接复制。



33 个引用
推荐问题
 商务在达人CRM里可以查看哪些数据？
 如何成为达人CRM的管理员？
 达人CRM里的公海是什么意思？
引用来源
序号
	站点名称
	站点类型
	标题
	
文章负面词
	发布时间
1
	
抖音电商
	
电商平台
	
【飞鸽达人版】达人私信产品使用手册
	
--
	
2022-01-14


2
	
waveservice.ru
	
官网/独立站/行业垂直
	
Как переназначить заявку
	
--
	
2024-04-09


3
	
Поддержка24
	
官网/独立站/行业垂直
	
Как сменить ответственного сотрудника в элементе CRM
	
--
	
2026-06-29


4
	
湖南战斗力软件有限公司
	
官网/独立站/行业垂直
	
如何将我批量导入的数据分配转移给其它的员工? - 数据导入导出 - 帮助中心
	
--
	
--


5
	
Modash
	
官网/独立站/行业垂直
	
Tracking creator assignments
	
--
	
2026-02-12


6
	
learn.d365.global
	
官网/独立站/行业垂直
	
Reassign Records
	
--
	
2026-07-17


7
	
比丘营销
	
官网/独立站/行业垂直
	
抖音账号怎么授权给别人 官方安全方法、流程、权限与风险详解 – 比丘营销推广
	
--
	
--


8
	
抖音
	
视频平台
	
1分钟搞定客户管理！CRM系统秒同步微信 #客户管理 #CRM系统 #效率提升 #线索分配 #新客来了
	
--
	
2026-07-22


9
	
巨量星图
	
官网/独立站/行业垂直
	
达人管理-星图营销服务平台
	
--
	
2026-05-19


10
	
搜狐
	
门户/自媒体平台
	
什么是达人CRM?达人管理、跟进与样品寄送全解析_合作_简仑_建联
	
--
	
2026-07-15


11
	
抖音电商
	
电商平台
	
私信受限后及时获取用户诉求的建议:达人飞鸽-抖音电商学习中心，抖店官方教你运营抖音小店
	
--
	
2025-08-29


12
	
抖音
	
视频平台
	
让商务团队一人变三人！ #达人分销 #达人带货 #抖音电商 #抖店 #商务BD
	
--
	
2026-07-31


13
	
巨量引擎
	
官网/独立站/行业垂直
	
【线索分配】操作说明 - 巨量帮助
	
--
	
2025-12-26


14
	
搜狐
	
门户/自媒体平台
	
达人分销跑出业务模型后，如何快速复制实现增长_智星_管理_feigua
	
--
	
2024-12-18


15
	
DevRev
	
官网/独立站/行业垂直
	
Changing profile owners
	
--
	
2025-12-02


16
	
抖音
	
视频平台
	
巨量工作台互转技术 需要dd#ad #巨量千川 #巨量引擎 #投手 #广告投放
	
--
	
2026-08-04


17
	
抖音电商
	
电商平台
	
关于修订《账号绑定功能使用协议(机构版)》、《机构绑定达人协议(达人端)》的公示通知
	
--
	
2026-01-12


18
	
suporte.senior.com.br
	
官网/独立站/行业垂直
	
CRM – Consultar Cuentas – Cómo incluir al responsable de la cuenta
	
--
	
2026-01-15


19
	
php.cn
	
官网/独立站/行业垂直
	
巨量百应怎么找达人带货 巨量百应达人广场合作邀约教程-浏览器-PHP中文网
	
--
	
2026-01-01


20
	
抖音电商
	
电商平台
	
达人在哪里查看商家发送的建联信息?-抖音电商学习中心
	
--
	
2026-01-27


21
	
青虎电商浏览器
	
官网/独立站/行业垂直
	
抖音怎么给网红寄选品卡 | 青虎
	
--
	
2025-09-12


22
	
抖查查
	
官网/独立站/行业垂直
	
抖音星选撮合是什么
	
--
	
--


23
	
抖音电商
	
官网/独立站/行业垂直
	
【达人管理】 - 帮助中心 - 巨量百应帮助中心
	
--
	
--


24
	
cdn.byai.com
	
官网/独立站/行业垂直
	
百应智能营销型CRM 产品操作手册V1.5
	
--
	
--


25
	
agentlocator.zendesk.com
	
官网/独立站/行业垂直
	
How to reassign leads to a different agent
	
--
	
2026-03-25


26
	
抖音
	
视频平台
	
巨量账户怎么分配？来客怎么分配？如何各自管理各自的账号？#巨量广告#中小企业投放进阶 #巨量引擎账户后台#临汾抖音广告运营#临汾龙采
	
--
	
2026-05-13


27
	
help3.engagebay.com
	
官网/独立站/行业垂直
	
How to change the contacts or deals or companies owner?
	
--
	
2026-06-28


28
	
Pipeline CRM Help Center
	
官网/独立站/行业垂直
	
Reassign People
	
--
	
2025-09-17


29
	
抖音电商
	
电商平台
	
达人巨量百应 进阶提升指南
	
--
	
--


30
	
抖音电商
	
电商平台
	
机构绑定达人协议(达人端)
	
--
	
2026-07-02


31
	
抖音电商
	
电商平台
	
关于修订《“精选联盟”服务协议(推广人)》的公示通知
	
--
	
2025-08-25


32
	
抖音
	
视频平台
	
智慧馆长获授权绑定达人账号并管理商品数据
	
--
	
2025-12-11


33
	
oppo之家
	
官网/独立站/行业垂直
	
巨量百应和精选联盟的区别是什么 巨量百应平台功能与定位解析-oppo之家
	
--
	
2026-04-29",captured
150,730,阶段检查点，非最终 FULL,5FD1B74C891C7FCD1393F3731C55F917A6F0124ED0CFBCE5063FD190CA40ACF7,CQ-S-20260805-C1-Q0059,CQ-Q0059,"达人内容同质化严重,怎么找到新的内容方向?",核心池,业务场景问题,2026-08-05,core_round_1,C1,collected,"收起
 达人内容同质化严重,怎么找到新的内容方向? 
豆包·网页
搜索关键词
自媒体打破内容同质化实用方法
达人差异化内容定位思路
达人内容同质化严重如何寻找新内容方向
达人破解内容同质化、挖掘全新内容方向完整方案



同质化本质：所有人盯着同一个选题、同一套脚本、同一视角、同一种呈现方式内卷。破局核心不是盲目换赛道，而是切割人群、切换视角、重构形式、绑定独家资产、搭建可持续选题库，下面从诊断定位→5大差异化破局路径→落地选题挖掘→长效运营机制全流程落地。



一、第一步：先做现状诊断，找准同质化根源


1.对标同行复盘（1天即可完成）




选取同赛道TOP20账号，统计共性：选题方向、拍摄场景、文案结构、输出视角、变现模式；


标记高度重合区：比如美妆全是好物上脸试色、美食全是探店打卡、职场全是简历模板；


记录同行没人深耕的空白区、用户评论高频吐槽、没人解答的小众疑问，这就是天然蓝海缺口。




2.自查自身三大问题


选题：只会追爆款热点、照搬热门脚本，没有固定内容主线；
人设：没有专属记忆点，说话风格、画面包装和大众博主一模一样；
价值：只做信息搬运，没有独家经验、专业壁垒、个人真实体验。


二、五大核心破局方向（按落地难易排序）


方向一：赛道微细分切割（最高效，优先执行）



放弃“大而全”泛赛道，锁定一类人+一个固定场景+单一痛点，把红海切成小众专属赛道，竞争瞬间锐减。



切割公式：原赛道+精准人群+限定场景+细分需求


原泛赛道	同质化内容	微细分差异化新方向
美妆	全肤质彩妆试色	油痘打工人通勤8小时持妆、学生平价瑕疵皮急救化妆
美食	全城探店、家常菜谱	出租屋无厨具快手减脂餐、一人食低成本剩菜改造
职场干货	通用面试技巧	30岁转行运营、试用期避坑、宝妈居家兼职接单
穿搭	全风格穿搭种草	150cm小个子梨形身材通勤藏肉、打工人百元基础款一衣多穿



实操三问定位法：

①我能稳定输出什么能力/经验？②具体服务哪一类精准人群？③这群人当下最难受的一个具体难题是什么？



方向二：视角差异化，同话题换角度重做内容



一模一样的主题，换切入立场、思考角度，内容立刻摆脱撞款，6种通用视角：





身份视角反转
别人是消费者种草，你做从业者拆解内幕；别人买家测评，你卖家视角讲避坑；
例：护肤博主都在推荐精华，你做美容院从业者揭秘院线套路、成分智商税。


反向逆向视角
全网都在教“怎么做”，你专门做“千万别做”“踩坑翻车实录”；
例：全网教高效学习，你盘点90%人无效自律的错误习惯。


时间/阶段分层视角
把用户分成新手→进阶→高阶，只深耕单一阶段；
例：健身不做全套训练，只做久坐上班族5分钟工位拉伸；


问题溯源视角
不只给答案，深挖背后逻辑；别人教操作步骤，你讲原理、底层逻辑；


个人亲历视角
拒绝全网通用套话，全部绑定自己真实踩坑、亲身试错经历，这是别人无法复制的独家素材；


旁观者第三方视角
沉浸式观察记录，不强行输出干货，主打陪伴观察。




方向三：内容呈现形式重构，视觉体验差异化



选题不变，更换拍摄形式、叙事结构、剪辑风格，用户观感完全不同：





主流形式：口播讲解、单品测评、图文清单；


差异化替代方案：




情景剧演绎：把知识点拍成小短剧；
第一视角沉浸式：沉浸式逛店、沉浸式居家改造；
极限挑战式创作：7天只吃平价减脂餐、30天改造出租屋；
实测量化测评：用仪器测防晒紫外线、称重测算食材热量；
访谈对话式：连麦粉丝、同行交流，以对话输出内容；
复盘拆解式：拆解爆款视频、优秀案例，输出思考。



配套打造专属视觉记忆符号：固定滤镜、口头禅、专属手势、片头片尾、字幕版式，形成强辨识度，用户刷到片段就能认出你。



方向四：跨界融合创新，两条赛道组合出新赛道



把自身主业/爱好和现有赛道结合，构建独一无二壁垒，很难被同行模仿：

经典组合案例：



律师+职场：劳动法拆解职场辞退、加班维权；
心理学+穿搭：色彩心理学搭配穿搭；
护士+日常养生：上班族简单居家理疗、职业病防护；
设计师+租房：低成本软装布局、色彩搭配改造；
会计+生活：普通人日常理性攒钱、薅羊毛省钱逻辑。


方向五：深挖用户未被满足的隐性需求（长期稳定选题池）



同质化根源大多是创作者自嗨做内容，脱离真实用户诉求，4个低成本挖需求渠道：





站内关键词挖掘
平台搜索框下拉词、相关搜索、话题下高赞提问；避开大众化大词，聚焦长尾疑问；
例：考研（大众）→二战考研心态调节、出租屋考研书桌布置（长尾刚需）。


评论区/私信打捞
整理粉丝高频提问、吐槽、焦虑点，高赞评论里的分歧观点，直接拿来当选题；用户主动想问的内容，天然自带精准流量。


跨平台借鉴需求
小红书、知乎、B站、大众点评抓取同赛道高讨论度问题，适配当前平台形式二次创作。


粉丝一对一访谈
挑选10-20位核心粉丝简单沟通：平时刷内容想看什么、目前最大困扰是什么。




三、7天落地执行计划表，快速迭代新内容方向




Day1：对标拆解+锁定细分赛道
梳理同行同质化痛点，确定自己的细分人群与核心价值；一句话定位账号：为XX人群解决XX具体问题。


Day2：选定差异化视角+内容形式
确定固定拍摄模式、人设风格、视觉包装，搭建基础内容模板。


Day3：搭建首期20条选题库
结合关键词、用户痛点、自身经历、跨界思路批量储备选题。


Day4-6：小批量测试上新
每条数据重点看：完播率、评论提问、关注转化率，淘汰数据低迷方向，放大高互动选题。


Day7：固化优质主线，淘汰同质化选题
锁定数据最优的内容方向，形成稳定更新节奏，砍掉跟风爆款、高度同质化内容。




四、长效规避同质化，建立原创创意生产机制




限制式创作倒逼深度原创
给自己设定创作规则：单条视频只解决一个问题、每条必须加入一段个人真实经历、禁止直接套用热门文案模板，拒绝流水线套作。


打破信息茧房，定期输入新灵感
少刷同赛道同行，多看跨界书籍、纪录片、线下体验、小众兴趣，跨领域知识碰撞产生新创意；


拒绝无脑追热点，热点绑定自身定位
热点只借用话题外壳，用你的细分视角解读，不要全盘照搬热点脚本；


沉淀独家内容资产
持续积累个人案例、长期实测记录、独家数据总结、原创方法论，这类内容具备极高复制门槛，从根源告别同质化内卷。




五、避坑提醒




不要盲目全盘更换赛道：原有粉丝基础浪费，优先在现有赛道内部细分优化；


差异化不等于猎奇无意义：一切创新必须紧扣用户实用价值、情绪价值、社交价值，单纯花里胡哨没有留存；


人设风格稳定统一：不要今天一种说话风格、明天一种拍摄形式，用户难以建立记忆。




举例完整落地示范（美食博主）



现状：全网探店、家常菜教程，同质化严重

新定位：月薪4k租房打工人，15分钟零厨艺快手低卡一人食

视角：真实独居日常实拍，踩雷食材避坑，低成本食材一菜两吃

形式：第一视角沉浸式做饭，无精致摆拍，主打真实接地气

选题来源：粉丝问“下班太累不想复杂做饭”“预算有限怎么吃减脂餐”




如果你告诉我具体赛道（美妆/美食/职场/穿搭等）、当前账号阶段，我可以直接给你定制一套专属细分定位+30条差异化选题清单。



15 个引用
引用来源
序号
	站点名称
	站点类型
	标题
	
文章负面词
	发布时间
1
	
CSDN博客
	
社区/论坛/博客
	
2026破局|内容创作不内卷、不撞款，必做的3件事_2026年个人自媒体-CSDN博客
	
--
	
2026-07-18


2
	
php.cn
	
官网/独立站/行业垂直
	
自媒体内容怎么避免同质化_避免自媒体内容同质化的实用方法-自媒体-PHP中文网
	
--
	
2025-10-07


3
	
搜狐
	
门户/自媒体平台
	
短视频创意破局:从底层逻辑到实操落地，告别同质化内耗_账号_平台_定位
	
--
	
2026-05-13


4
	
抖音
	
视频平台
	
失业自媒体 52 天，想要摆脱内容同质化，核心是用好自己独有的人生经历。 #失业做自媒体 #自媒体第五十二天 #软件测试转行 #自媒体避坑 #打造差异化内容
	
--
	
2026-07-15


5
	
什么值得买
	
社区/论坛/博客
	
破解内容同质化困局:创意获取路径与阶段行动指南_服务软件_什么值得买
	
--
	
--


6
	
搜狐
	
门户/自媒体平台
	
同赛道多账号运营，如何做到内容不重复不内卷_用户_创作_形式
	
--
	
2026-05-14


7
	
luoluo.help
	
官网/独立站/行业垂直
	
账号定位与人设 | LuoLuo Wiki
	
--
	
--


8
	
卓博科技
	
官网/独立站/行业垂直
	
抖音内容同质化没流量?如何打造差异化内容技巧_卓博科技
	
--
	
2026-03-14


9
	
抖音
	
视频平台
	
### 细分角度：差异化定位打造涨粉护城河 --- #### 第1张图（痛点标题+引入） **标题：涨粉总是追不上别人？90%的人都漏掉了【差异化定位】这个核心！**（「差异化定位」高亮） 正文：
	
--
	
2026-08-05


10
	
抖音
	
视频平台
	
12种短视频差异化思路助力普通人打破常规
	
--
	
2025-11-24


11
	
CSDN博客
	
社区/论坛/博客
	
3个维度打造差异化内容，告别运营焦虑_同一篇内容如何面向不同人群设置差异化内容,并得到数据结果-CSDN博客
	
--
	
2026-07-16


12
	
抖音
	
视频平台
	
# 2026差异化定位涨粉干货套图文案 （适配4张信息图排版） --- 第1张图 标题（大字高亮）：0粉挣扎3个月？90%的人**定位**从根上就错了！ 正文： 是不是追过热点抄过爆款，封面改了800遍播放还是卡在三位数？ 拍了几十条作品，粉丝还没你通讯录好友多？ 你以为是内容不够好，实则是你从注册账号第一天起，就没给用户一个【必须关注你】的理由。 别信什么“做泛流量账号更容易涨粉”的鬼话，*
	
--
	
2026-07-29


13
	
ContentCreators
	
官网/独立站/行业垂直
	
Original Content Ideas: Break Free from Competitor Crowdsourcing
	
--
	
2026-07-17


14
	
抖音
	
视频平台
	
如何跳出自媒体内容同质化？💡做自媒体总觉得内容没新意？观众划走太快？教你们3招跳出同质化： 1️⃣挖掘真实经历：自己生活里踩过的坑、遇到的趣事都是独一份素材，别人复制不走。就像我写文案时，把自己熬夜改
	
--
	
2026-07-17


15
	
抖音
	
视频平台
	
读书博主：学会这三招，笔记一直爆爆🔥。𝐇𝐢各位博主姐妹们👋分享三套新手爆款选题心法，轻轻松松撬动自然流量 常常提笔就卡壳，不是没有灵感，只是找内容的方法用错了。 . 没必要花钱报班摸索，照着这三种办法
	
--
	
2026-07-04",captured
150,730,阶段检查点，非最终 FULL,5FD1B74C891C7FCD1393F3731C55F917A6F0124ED0CFBCE5063FD190CA40ACF7,CQ-S-20260805-C1-Q0060,CQ-Q0060,达人内容同质化怎么办?,核心池,业务场景问题,2026-08-05,core_round_1,C1,collected,"收起
 达人内容同质化怎么办? 
豆包·网页
搜索关键词
达人如何跳出内容同质化 方法论
达人内容同质化怎么办
短视频达人差异化内容打造思路
达人内容同质化解决办法



同质化本质：赛道需求一样，但选题、视角、叙事、人设、表达高度趋同，用户刷到分不清谁是谁。会导致流量池受限、粉丝记忆弱、转化变差，不是简单调滤镜、加贴纸就能解决，要从定位、选题、表达、人设、生产流程五层调整。



一、定位层：切割赛道，放弃大而全，做微垂直细分



不要跟所有人抢同一个大赛道，用「人群+场景+痛点」做赛道切割，找到别人覆盖不到的缝隙。






举例：





普通美妆：全品类化妆 → 细分：油痘肌学生党宿舍低成本化妆
普通健身：全身健身 → 细分：租房党无器械居家肩颈修复
普通探店：全城美食 → 细分：打工人工作日20元以内工作午餐



落地三问：

1）我的内容主要给谁看？（精准人群）

2）这群人有什么别人很少讲的真实痛点？

3）我相比同行，独有的经历/身份是什么？






核心：不求所有人喜欢，要让一小部分人“非看你不可”。





二、选题层：同题也要做差异化，只抄底层逻辑，不抄脚本模板



热点、通用选题不可避免，不要照搬脚本、台词、镜头，做「同题异构」。





换视角
别人讲优点，你讲踩坑避坑；别人讲成功经验，你讲失败复盘；别人讲宏观干货，你讲真实实操细节。







例：同样讲护肤品，别人讲怎么好用；你讲“我踩过的5个烂脸误区”。







换切入点




人群视角：站普通人/新手/小白视角，而不是专家视角
情绪视角：吐槽、共情、真实记录，而不是教科书式输出
跨界融合：把A领域知识嫁接到B赛道（美食+历史；家居+心理学）




爆款拆解正确姿势
拆解爆款看：用户什么需求被满足，而不是抄镜头、台词、BGM。把需求拿过来，用你的案例、你的故事重新组装内容。







❌错误：照搬脚本、同款转场、同款钩子；✅正确：借用需求，换案例、换经历、换叙事逻辑。





三、表达&结构差异化：同样的信息，换一套讲法


1）文案话术


拒绝全网通用模板钩子，把个人真实经历、踩坑故事嵌入内容，你的亲身经历是别人抄不走的。
形成个人语言风格：犀利、温和、唠嗑式、吐槽风，固定说话语气。


2）视频结构打破模板



大部分博主都是：钩子→讲解→总结。你可以尝试：



倒叙：先放结果/翻车画面，再讲过程
问题选择题式：抛出问题引导观众思考，再输出观点
故事叙事：用小故事带出干货，而不是直接输出知识点


3）视觉符号建立记忆点



固定你的视觉标签：固定口头禅、标志性动作、固定拍摄场景、专属BGM、封面排版。






不是单纯好看，是让用户刷到一瞬间认出是你。





四、人设层：用人格对抗同质化（最有效）



赛道、选题大家都可以抄，但你的真实身份、经历、性格无法复制。



不要做完美专家人设，适度保留真实感、小缺点；
叠加身份标签：宝妈+打工人；理工男+美食爱好者，制造反差；
在内容中持续输出你的个人观点、态度，而不是单纯复述公共知识。





同样内容，不同人讲出来就是不一样，核心就是输出你的判断与感受。





五、生产流程避坑，防止越做越同质化




不要过度刷同行
长时间刷同类博主，大脑会不自觉模仿。定期跨赛道找灵感：看纪录片、脱口秀、书籍，而不是只刷同赛道短视频。


建立选题差异化清单
看同行爆款时，记录两件事：①他们做了什么；②他们没有做什么，空白点就是你的机会。


减少模板化批量生产
批量套模板最容易同质化；每一条尽量加入至少一处独属于你的原创素材（实拍、个人经历、真实案例）。


账号复盘自查
定期拉出近10条内容，问自己：如果遮住账号名字，观众能看出是我吗？如果不行，就要调整。




六、已经出现同质化预警/流量下滑怎么急救




暂时减少批量模板化产出，降低更新频率，提升单条原创度；


隐藏高度撞款的旧内容，分批处理，不要一次性大量删除；


新增一批强个人向内容：真实经历、个人复盘、粉丝互动，帮助平台重新识别账号特质；


不要只靠滤镜、贴纸做表面去重，真正改变叙事逻辑、案例、视角，平台才会判定为不同内容。




简单可直接套用的小公式





通用选题 +【我的独特身份/经历】+【独特视角（避坑/翻车/共情）】+【专属表达风格】=差异化内容






如果你告诉我你的赛道（比如美妆、探店、知识口播、剧情、带货），我可以给你一套针对性的选题和差异化示例。



15 个引用
推荐问题
 推荐一些成功的达人内容差异化案例
 如何找到达人内容的细分赛道？
 怎样在表达上突出达人的人设？
引用来源
序号
	站点名称
	站点类型
	标题
	
文章负面词
	发布时间
1
	
抖音
	
视频平台
	
打造独有的内容记忆点 #短视频创业 #短视频运营 #张大光 #短视频变现 #短视频知识分享
	
--
	
2026-08-03


2
	
锐拓云
	
官网/独立站/行业垂直
	
短视频内容同质化严重？5招打造爆款差异化ip
	
--
	
2025-11-25


3
	
抖音
	
视频平台
	
12种短视频差异化思路助力普通人打破常规
	
--
	
2025-11-24


4
	
抖音
	
视频平台
	
有同学问崔老师：我的内容同质化特别严重，该怎么做出差异化的内容？怎么才能跟别人不一样呢？#短视频创作 #短视频创作思维 #文案老崔
	
--
	
2026-05-18


5
	
搜狐
	
门户/自媒体平台
	
短视频创意破局:从底层逻辑到实操落地，告别同质化内耗_账号_平台_定位
	
--
	
2026-05-13


6
	
一品威客网
	
官网/独立站/行业垂直
	
做差异化别头大!从选题角度到表现形式，让你的视频在同类账号中一眼跳出来的实操手册-一品威客网
	
--
	
2026-03-13


7
	
极客公园
	
社区/论坛/博客
	
微盟传播 TEAM PRO 金文森:一出好戏，达人营销进入角色时代 | 极客公园
	
--
	
2025-09-26


8
	
CSDN博客
	
社区/论坛/博客
	
2026破局|内容创作不内卷、不撞款，必做的3件事_2026年个人自媒体-CSDN博客
	
--
	
2026-07-18


9
	
抖音
	
视频平台
	
解决内容同质化的核心方法：近义词法与多元表达
	
--
	
2026-01-06


10
	
抖音
	
视频平台
	
新人做短视频不了解同质化，不了解原创和借鉴区分 新人做自媒体短视频只会到处借鉴素材，导致作品同质化，不了解借鉴和原创之分#新人挑战自媒体 #创作者中心 #创作灵感 #短视频创业 #新人做短视频
	
--
	
2026-07-31


11
	
什么值得买
	
社区/论坛/博客
	
抖音内容同质化困局与破局之道_手机软件_什么值得买
	
--
	
--


12
	
抖音
	
视频平台
	
红薯4步解决同质化！ 红薯账号违规限流，4步解决同质化问题#小红书运营 #虚拟资料 #账号违规#虚拟电商运营 #虚拟电商
	
--
	
2026-07-23


13
	
金网红
	
官网/独立站/行业垂直
	
网红培育中，如何避免内容同质化?-金网红多语种国际商务平台
	
--
	
--


14
	
抖音
	
视频平台
	
新人做内容如何避开同质化？1️⃣拆解爆款：只抄逻辑不抄内容，用自己的案例替换，这样既保留爆款框架又有个人特色～ 2️⃣结合经历：在热门选题里加入自己的真实经历，比如踩过的坑、独特的做法，这些真实细节能
	
--
	
2026-06-18


15
	
抖音
	
视频平台
	
一条视频带你真正的读懂同质化和去重的核心逻辑，让大家能条条视频不判同质#同质化内容 #去重 #短视频知识分享
	
--
	
2026-07-27",captured
150,730,阶段检查点，非最终 FULL,5FD1B74C891C7FCD1393F3731C55F917A6F0124ED0CFBCE5063FD190CA40ACF7,CQ-S-20260805-C1-Q0061,CQ-Q0061,达人分销不用表格怎么管理?,核心池,业务场景问题,2026-08-05,core_round_1,C1,collected,"收起
 达人分销不用表格怎么管理? 
豆包·网页
搜索关键词
达人分销不用表格管理方法
微信小程序 达人分销管理系统
达人分销线上管理工具与流程
达人分销脱离Excel表格全套管理方案



核心思路：平台原生分销工具→垂直达人SaaS系统→轻量化协作工具→CRM企微数字化四层方案，自动做达人建档、链路追踪、订单归因、佣金核算、对账结算，彻底抛弃手工填表统计。



一、优先用电商平台官方自带分销（零成本、无需额外系统）


1.抖音精选联盟（抖音小店达人分销首选）




达人入驻管理：达人自主申请分销权限，后台一键审核、拉黑、限制品类；系统自带达人档案（粉丝、类目、历史GMV、退货率），支持按粉丝量级、转化数据分层打标，不用手动录表格。


佣金&分佣自动化：单品设置固定佣金、阶梯佣金、定向佣金；订单成交、退款、售后自动核算有效佣金，剔除退货订单，平台自动冻结/结算佣金。


数据全可视化看板：单达人GMV、出单量、投产、点击率、退货率实时看板；寄样申请、履约要求（发布时间、挂车规范）系统锁定，超时自动收回分销权限，全程线上跟进，无需表格记录跟进进度。


结算：达人后台自主提现，商家导出官方结算账单，财务直接对账，省去手工汇总表格。




2.视频号小店、快手小店、小红书蒲公英平台



逻辑一致：达人定向邀约入驻、专属分销链接自动溯源订单；佣金规则线上锁定、数据后台实时查看、官方自动对账，全部原生线上化。



3.私域商城（有赞、微盟）自带推客分销



达人注册成为分销员，一人一码专属推广链接，用户下单自动绑定对应达人；后台分层等级、阶梯佣金、锁客保护期、佣金自动结算，后台完整数据报表，支持一键导出对账凭证，日常运营不用表格记录业绩。



二、专业达人分销SaaS系统（多平台达人统一集约化管理，适合品牌/MCN）



适合几十上百个达人、多平台（抖音/小红书/视频号）统一管控，一站式替代全套达人台账表格：



主流工具




飞瓜智星
统一达人资源库、自定义标签（平台、类目、S/A/B分级、报价、合作状态）；寄样全流程线上化（申请-审核-物流追踪-签收履约）；邀约跟进设置待办提醒；自动抓取带货数据、ROI核算、自动生成月度结算单；员工离职一键交接达人资产，数据不会丢失。


蝉圈圈
全域达人统一中台，建联记录、沟通存档、合作排期、内容发布监控一体化；系统自动归集各平台分销订单，统一计算佣金，线上归档合同、结算单据，做成企业数字化达人资产库。




核心替代表格的能力


达人档案数字化：粉丝、报价、历史合作、履约情况、差评记录、黑名单线上存档；
跟进流程线上化：邀约→洽谈佣金→寄样→排期发布→数据复盘全流程待办，系统自动提醒，不用表格记跟进节点；
自动对账分佣：多渠道订单汇总、扣减售后退款、税费、平台扣点，一键生成结算账单，财务无需手工加减。


三、低成本轻量化方案（中小商家、达人数量少，零额外付费）


方案1：企业微信+CRM表单（零代码搭建简易达人管理）




搭建线上达人信息档案表单：达人ID、平台、联系方式、佣金比例、合作类型；


配置自动化流程：邀约记录、寄样物流单号上传、发布链接上传、成交数据录入；


自动打标签、分组，设置跟进提醒；所有数据云端存储，多人实时协作查看，替代本地Excel表格。




方案2：飞书/钉钉多维表格（轻度数字化，比传统Excel强）



用系统内置多维表格，区别本地文件：



云端实时共享、权限管控（运营只能编辑，财务仅查看）；
设置自动化规则：达人成交数据对接店铺后自动更新业绩、佣金自动套用公式计算；
看板视图直观看达人合作状态（待洽谈、寄样中、已开播、结算完毕）；





注：这是云端表格，并非传统本地Excel，属于轻量化过渡方案。





四、完整线上化SOP（全链路无表格落地步骤）




达人入库建档
达人线上报名/定向邀约，系统自动抓取基础数据，人工补充报价、禁忌品、合作模式，自动分层S头部/A潜力/B置换/C试用，线上标签分类，不用手动建表。


合作洽谈与规则锁定
佣金比例、结算周期、履约要求（挂车、发布时效）线上确认，电子签约留存凭证；寄样线上审批、物流自动同步状态，签收后系统倒计时履约时间，逾期自动预警、暂停分销权限。


分销链路唯一归因（杜绝业绩扯皮）
每个达人分配专属推广链接/二维码/渠道码，顾客下单系统自动归属达人，杜绝人工登记订单；售后退款自动扣减对应佣金，全程系统计算，无人工统计误差。


日常运营与数据复盘
后台数据看板实时看单达人GMV、投产、转化；每周系统自动生成数据简报，筛选高价值达人加大扶持，低效达人淘汰；


结算闭环
系统一键导出结算明细，线上发起打款、记录付款凭证，单据云端归档，财务审计随时调取，彻底告别手工对账表格。




五、不同规模选型建议




新手小店、达人≤20个：只用平台官方分销后台（精选联盟/有赞），完全够用，零成本；


中型商家、20-100位达人、跨平台运营：飞瓜智星/蝉圈圈垂直达人SaaS；


MCN机构、上百位达人长期运营：专属达人CRM+分销结算一体化系统；


个体户极小体量临时管理：企微表单/飞书多维云端表过渡。




六、核心解决原来表格的痛点




多人协作版本混乱：云端统一数据库，实时同步；


订单统计、佣金算错：系统自动归因计算，公式固定无人工失误；


跟进遗忘、寄样失控：系统定时待办提醒；


员工带走达人资源：数据归属企业账号，一键交接；


对账繁琐：自动生成账单，线上留痕可追溯。





需要我根据你的经营平台（抖音/视频号/私域）、达人数量，给你一套直接套用的最简线上搭建步骤吗？



17 个引用
引用来源
序号
	站点名称
	站点类型
	标题
	
文章负面词
	发布时间
1
	
飞瓜智星
	
官网/独立站/行业垂直
	
飞瓜智星-达人分销一站式管理系统-数智先行
	
--
	
--


2
	
分润宝
	
官网/独立站/行业垂直
	
达人优惠券分发如何结算佣金?探店带客分销流程说明-分润宝
	
--
	
2026-06-26


3
	
AI创作导航
	
官网/独立站/行业垂直
	
飞瓜智星 - AI创作导航 | 短视频与自媒体AI创作工具箱
	
--
	
2025-10-19


4
	
蝉圈圈
	
官网/独立站/行业垂直
	
一站式达人分销管理解决方案，破解营销管理难题 - 蝉圈圈
	
--
	
2025-09-23


5
	
搜狐
	
门户/自媒体平台
	
达人管理系统:MCN 机构一站式管控达人商单、寄样、对账全流程解决方案_样品_运营_企业化
	
--
	
2026-06-27


6
	
allymatic
	
官网/独立站/行业垂直
	
TikTok达人营销系统 | 达人建联、达人管理、达人分销与ROI增长 | allymatic阿力
	
--
	
--


7
	
飞瓜智星
	
官网/独立站/行业垂直
	
飞瓜智星-达人分销一站式管理系统-数智先行
	
--
	
--


8
	
HiMall
	
官网/独立站/行业垂直
	
HiShop推客分销系统_视频号达人专属分销系统推荐-HiMall
	
--
	
2026-07-24


9
	
资讯中国
	
官网/独立站/行业垂直
	
TikTok达人建联太散太慢?店小秘ERP全链路一站式搞定-资讯中国
	
--
	
2026-06-15


10
	
有赞
	
官网/独立站/行业垂直
	
有赞分销群团购平台_流量主带货变现解决方案 - 做生意, 找有赞
	
--
	
--


11
	
抖音
	
视频平台
	
达人筛选分层全方案➕三大痛点避坑✅。⭕核心底层逻辑：不以粉丝量级分层，以【转化能力 + 人群匹配 + 履约信用 + 退货健康度】四维打分，建立动态升降级达人池；先风控，再寄样，用流程堵住三类低效达人。 . ✅一、达人前置筛选标准（第一道门槛，提前过滤垃圾达人） . ✅二、达人分层体系（S/A/B/C/D 五级动态管理，可直接落地成表格） . ✅三、三大痛点完整解决方案：虚粉、高退货、样品白嫖 .
	
--
	
2026-08-04


12
	
稀土掘金
	
社区/论坛/博客
	
2026年最新推客分销小程序系统推荐:小裂变推客分销系统2026年最新推客分销小程序系统推荐:小裂变推客分销系统 做微信 - 掘金
	
--
	
2026-03-31


13
	
广州企晨科技
	
官网/独立站/行业垂直
	
2025​视频号小店达人橱窗带货软件开发
	
--
	
2026-07-04


14
	
顺企网
	
官网/独立站/行业垂直
	
微信推客模式小程序分销商城搭建
	
--
	
2026-08-03


15
	
CSDN博客
	
社区/论坛/博客
	
2025微信小店推客系统小程序开发全攻略:从0到1构建私域分销新生态_微信推客分销系统开发-CSDN博客
	
--
	
2025-09-09


16
	
星耀裂变
	
官网/独立站/行业垂直
	
星耀裂变推客带货系统30+功能盘点，每一个都是微信小店的成交利器_星耀裂变_任务宝_企业微信裂变增长_公众号裂变增长
	
--
	
--


17
	
云巴巴
	
官网/独立站/行业垂直
	
聚宝赞微信小店推客分销系统_私域电商分销裂变商城系统_小程序分销商城推荐-云巴巴
	
--
	
--",captured
150,730,阶段检查点，非最终 FULL,5FD1B74C891C7FCD1393F3731C55F917A6F0124ED0CFBCE5063FD190CA40ACF7,CQ-S-20260805-C1-Q0062,CQ-Q0062,达人分销管理工具能管哪些数据和流程?,核心池,业务场景问题,2026-08-05,core_round_1,C1,collected,"收起
 达人分销管理工具能管哪些数据和流程? 
豆包·网页
搜索关键词
达人分销管理工具能管哪些数据和流程
电商达人分销系统管理维度
达人分销管理工具核心功能 数据 流程
达人分销管理工具：管理的数据与流程



达人分销工具主要覆盖达人CRM、样品寄样、合作执行、订单佣金、投放、团队绩效、复盘分析全链路，把分散表格、多平台达人业务线上化闭环管理。



一、管理哪些核心数据


1、达人档案数据（达人CRM库）


账号基础：粉丝、平台、垂类、报价、粉丝画像、历史带货表现、履约率、退货率
业务标签：分层分级（S/A/B/C）、黑白名单、所属BD、合作状态（意向/待寄样/合作中/终止）
合作沉淀：沟通记录、历史合作记录、过往GMV、ROI、样品记录、排期记录





作用：达人资源变成企业资产，员工离职不会带走达人资料，避免重复建联





2、样品/寄样数据



寄样清单、申样记录、物流单号、签收状态、样品成本、退样记录、白嫖标记、样品库存消耗。



3、分销交易&佣金数据


订单维度：达人带来订单、GMV、销量、退款退货、有效成交
佣金维度：佣金基数、佣金金额、预估佣金、结算佣金、待结算、已结算、佣金账单明细
商品维度：各商品分销出单、转化率、单品ROI、爆款识别


4、内容与投放数据



短视频/直播挂车内容抓取、播放、曝光、点击、转化；随心推/千川投放消耗、投产、追投关停记录、内容交付完成情况。



5、团队BD绩效数据



BD跟进达人数量、建联数、寄样数、合作达成数、负责达人产出GMV、人效、业绩归属，支持导出考核报表。



6、经营看板汇总数据



整体分销GMV、合作达人数量、履约率、样品成本、佣金总成本、整体ROI、渠道分布，支持按时间、商品、达人、BD多维度筛选导出。



二、管控的完整业务流程


1、达人筛选&建联线索流程



达人搜索筛选→线索入库→分配给BD→跟进记录更新→意向标记→线索流转/业务交接；设置防重复跟进规则，避免多个BD骚扰同一个达人。



2、申样、寄样、退样全流程



达人申请样品→商家审核申样→创建寄样单→录入物流单号→监控物流签收→到期提醒履约→未履约标记、发起退样、追踪样品回收，对接ERP同步样品出库。



3、合作排期&交付履约流程



确认合作意向→锁定直播/短视频排期→内容脚本简单登记→系统自动抓取发布内容，监控达人是否按时挂车发布；未交付预警，识别“拿样不干活”达人。



4、分销推广执行流程



货盘推送给达人（小程序货盘）、佣金配置、链接分发；支持智能投放：对高ROI内容自动追投，低效内容自动关停。



5、订单、佣金结算流程



自动归集达人分销订单，过滤退款订单；自动计算达人佣金，生成账单，对接平台结算；区分分销佣金、置换样品成本，核算真实推广成本。



6、团队协作流程



BD任务分配、跟进提醒、达人业务一键交接、权限管控，不同员工只能看自己负责的达人，老板看全部大盘。



7、复盘闭环流程



自动生成报表，按达人/商品/BD复盘ROI；对达人做升降级，黑名单录入，沉淀优质达人池，淘汰低效达人。



三、工具解决的典型痛点




达人信息散落在微信、Excel，人员离职资源流失


寄样混乱，不知道样品去哪、达人有没有履约


分销订单、佣金手动统计，容易算错


BD业绩靠人工统计，人效无法量化


多平台达人业务分散，看不到整体分销大盘







简单总结：对外管好达人、样品、带货产出；对内管好BD团队、成本、结算复盘，把达人分销从手工表格变成标准化数字化业务。






如果你需要，我可以给你一份「达人分销工具选型核对清单」，方便你对比飞瓜智星、蝉圈圈、大咖推等产品。



12 个引用
推荐问题
 达人分销管理工具的订单佣金数据具体有哪些作用？
 达人分销管理工具的团队绩效数据具体有哪些作用？
 如何利用达人分销管理工具进行复盘分析？
引用来源
序号
	站点名称
	站点类型
	标题
	
文章负面词
	发布时间
1
	
飞瓜智星
	
官网/独立站/行业垂直
	
飞瓜智星-达人分销一站式管理系统-数智先行
	
--
	
--


2
	
蝉圈圈
	
官网/独立站/行业垂直
	
一站式达人分销管理解决方案，破解营销管理难题 - 蝉圈圈
	
--
	
2025-09-23


3
	
抖音
	
视频平台
	
达人分销工具对比｜第5期。本期内容深度对比业绩统计功能与智能投放功能，想了解其他内容的同行，可以点击头像在主页查看
	
--
	
2025-08-27


4
	
抖音
	
视频平台
	
做达人分销你是否遇到过这些问题。热度云— —达人分销一站式解决系统，全部把控达人分销全流程管理，让达人分销更简单！！！#热度云 #达人带货
	
--
	
2026-06-30


5
	
大咖推
	
官网/独立站/行业垂直
	
大咖推
	
--
	
--


6
	
搜狐
	
门户/自媒体平台
	
火蝠动态 | 告别达人分销四大难题，火蝠「抖音达人分销」全案服务，全新上线!_内容_品牌_合作
	
--
	
2025-12-17


7
	
抖音
	
视频平台
	
达人档案模板 + SOP 清单 + 分类。⭕全套落地文档模板，包含达人档案表、标准SOP、分层话术、执行检查表，可直接复制使用、下发团队，适配达人分销 BD 全流程「复制同类客户」打法。 . ✅一、达
	
--
	
2026-06-13


8
	
抖音
	
视频平台
	
达人筛选分层全方案➕三大痛点避坑✅。⭕核心底层逻辑：不以粉丝量级分层，以【转化能力 + 人群匹配 + 履约信用 + 退货健康度】四维打分，建立动态升降级达人池；先风控，再寄样，用流程堵住三类低效达人。 . ✅一、达人前置筛选标准（第一道门槛，提前过滤垃圾达人） . ✅二、达人分层体系（S/A/B/C/D 五级动态管理，可直接落地成表格） . ✅三、三大痛点完整解决方案：虚粉、高退货、样品白嫖 .
	
--
	
2026-08-04


9
	
有赞
	
官网/独立站/行业垂直
	
有赞分销群团购平台_流量主带货变现解决方案 - 做生意, 找有赞
	
--
	
--


10
	
抖音
	
视频平台
	
2026下半年达人分销作战计划🔥。⭕️围绕达人规模、销售GMV、内容资产、资源沉淀、投入产出比五大维度设定核心目标，适配全类目通用考核标准，不局限单一品类： . ✅达人规模目标：下半年累计新增有效合作
	
--
	
2026-07-02


11
	
抖音
	
视频平台
	
不同商家，解决的首要任务不同，。本期课程，把最近落地项目提炼的方法带给你，不同商家不同情况的业务问题解决，商务团队搭建且高效增长的核心SOP流程，覆盖直播达人和短视频达人的组合策略，这些更实操的业务打
	
--
	
2025-09-08


12
	
大咖推
	
官网/独立站/行业垂直
	
大咖推商家SAAS
	
--
	
--",captured
150,730,阶段检查点，非最终 FULL,5FD1B74C891C7FCD1393F3731C55F917A6F0124ED0CFBCE5063FD190CA40ACF7,CQ-S-20260805-C1-Q0063,CQ-Q0063,"达人发没发视频,品牌怎么自动监控?",核心池,业务场景问题,2026-08-05,core_round_1,C1,collected,"收起
 达人发没发视频,品牌怎么自动监控? 
豆包·网页
搜索关键词
抖音快手达人履约监控SaaS平台
巨量百应 达人是否发作品监控 自动提醒
品牌如何自动监控达人是否发布视频
达人发布内容自动监测工具 品牌方
品牌自动监控达人有没有发视频（履约监控）



核心目标：批量监控合作达人，自动识别是否按时发布约定视频/笔记、识别漏发、晚发、删稿，自动告警，不用人工刷页、Excel核对。

分为4种方案：平台官方工具、商业SaaS工具、自研/二次开发、RPA，各有成本与适用场景。



一、平台官方能力（免费，能力有限）


抖音｜巨量百应（精选联盟商单）





前提：走平台商单任务（达人在百应接任务）







达人接收品牌发布的商业任务，约定发布时间；


达人发布视频后，任务状态自动更新；未发布会显示待交付，超时平台会标记逾期，后台可看任务列表。
⚠️短板：




如果是私下走微信签约、不走平台商单，百应完全无法自动监控；
只能看任务状态，不能自动识别达人私下发的视频，没有邮件/钉钉告警，需要人工登录后台查看。


小红书｜蒲公英平台



走蒲公英平台报备商单：达人接单后，笔记发布状态平台自动更新，超时未交付会标记。






同样：私下签约不走蒲公英，官方无自动监控能力。








✅总结：走官方商单，才能拿到官方自动履约状态；私下投放，官方没有监控能力，必须靠第三方工具。





二、商业SaaS工具（品牌最常用，开箱即用，支持私下投放）



把达人账号ID、约定发布时间录入系统，系统定时扫描达人主页，自动判断：有没有新视频、是否在档期内产出、是否删除已发内容，支持邮件、钉钉、企业微信告警，输出履约报表。



抖音/快手




蝉圈圈（蝉妈妈）
录入合作达人+排期时间，交付监控自动抓取达人主页新作品，区分【已发布/待发布/逾期未发】；可导出履约报表，支持告警通知，适合大量达人投放，同时看视频数据（播放、互动）。


飞瓜智星
商单管理模块，交付监控，自动识别达人是否产出内容，支持样品、档期、履约一体化管理，适合电商品牌批量投达人。




小红书




千瓜数据：监控达人主页更新，可设置时间窗口，识别约定周期内是否产出笔记，输出履约记录。


新红数据：同样支持达人笔记动态监控。







这类工具的两种检测逻辑：

1）账号主页扫描：定时拉取达人全部新作品，判断约定时间段内有没有发布视频（最常用）；

2）AI内容识别：识别视频画面/口播是否提到你的品牌（防止达人发了别的视频充数），高级版本才有该功能。






⚠️局限：只能监控公开作品；达人私密作品、删除后的视频，工具无法拿到。



三、自研/技术方案（适合技术团队，大规模投放）


1. 公开接口/第三方数据API



采购第三方数据服务商API，传入达人uid，定时拉取达人作品列表；自己写业务逻辑：






输入：达人ID、约定发布起止时间；逻辑：周期内是否产生新公开视频，没有就触发webhook告警（钉钉/企业微信）。

成本：按调用次数付费，需要开发维护。





2. 开源脚本（不建议生产业务使用）



github有开源爬虫项目，可以轮询达人主页检测新作品，推送消息到钉钉/企业微信。






⚠️风险：平台反爬，容易IP封禁，稳定性差，只适合小体量测试，不适合品牌正式投放履约审计。





3. RPA机器人



模拟浏览器访问达人主页，定时截图抓取作品列表，比对排期表，输出结果。






缺点：页面改版就会失效，维护成本高，适合预算有限、小规模场景。





四、最佳落地流程（品牌实操）




优先尽量走平台商单（百应/蒲公英），平台自带履约状态，可作为结算依据；


大量私下投放达人：采购SaaS工具（蝉圈圈/飞瓜智星/千瓜），导入达人名单+约定发布截止时间；


设置告警：到期前N天提醒、逾期未发告警；


增加校验：高级功能开启AI识别，确认视频是推广你的产品，避免达人随便发一条无关视频蒙混；


重点风控：监控发布后删除视频（很多工具支持记录历史快照，检测删稿）。




五、常见坑点




❌工具只能看主页是否出新视频，不能自动确认视频内容是否符合brief，必须人工抽样复核内容；


❌达人把视频设置私密，工具识别不到，会判定“未发布”，需要和达人合同中约定不允许私自私密/删除；


❌不要直接用爬虫做正式业务，会触发平台风控，数据不稳定。




选型快速参考


场景	推荐方案
少量达人，全部走平台商单	直接用巨量百应/蒲公英原生任务
几十~几百达人，私下投放，需要自动告警	蝉圈圈 / 飞瓜智星 /千瓜数据SaaS
上千达人，有技术团队，要对接内部系统	采购第三方数据API自研监控后台
预算极低，小规模测试	开源脚本（仅测试，不做结算依据）



如果你需要，我可以帮你整理一份【达人履约监控SaaS对比简表】，对比价格、支持平台、告警能力、是否支持删稿检测。



22 个引用
推荐问题
 商业SaaS工具的收费标准是怎样的？
 有哪些比较好用的商业SaaS工具？
生成PPT：品牌自动监控达人发视频的方案
引用来源
序号
	站点名称
	站点类型
	标题
	
文章负面词
	发布时间
1
	
Archive
	
官网/独立站/行业垂直
	
Best Influencer Marketing Platforms for Influencer Tracking
	
--
	
2026-02-16


2
	
Modash.io
	
官网/独立站/行业垂直
	
Your content & metrics, tracked automatically
	
--
	
--


3
	
CSDN博客
	
社区/论坛/博客
	
抖音动态监控终极指南:2025年免费推送工具完整使用教程-CSDN博客
	
--
	
2026-06-21


4
	
shortsintel.com
	
官网/独立站/行业垂直
	
ShortsIntel — AI Video Intelligence for UGC & Influencer Marketing
	
--
	
--


5
	
kolens.ai
	
官网/独立站/行业垂直
	
How to Track a TikTok Influencer Campaign (2026 Monitoring Playbook)
	
--
	
2026-05-28


6
	
RPA之家
	
官网/独立站/行业垂直
	
小红书达人笔记监控RPA机器人 - 智能种草内容监控与数据分析解决方案
	
--
	
--


7
	
多特软件站
	
官网/独立站/行业垂直
	
千瓜数据分析平台app下载安装,千瓜数据分析平台安卓下载入口-多特软件站安卓网
	
--
	
2026-07-10


8
	
Archive
	
官网/独立站/行业垂直
	
Best Tools for Capturing Influencer Usage Rights at Scale
	
--
	
2026-06-13


9
	
AI创作导航
	
官网/独立站/行业垂直
	
蝉妈妈 | 官网入口 - 国内领先的电商全链路数据服务平台
	
--
	
2025-09-21


10
	
Influencer Marketing Hub
	
官网/独立站/行业垂直
	
Top 22 AI-Powered Influencer Marketing Platforms for Brands & Agencies
	
--
	
2026-07-13


11
	
SocialEcho
	
官网/独立站/行业垂直
	
TikTok账号管理 - KOL达人监测、AI视频发布、私信与评论管理 - SocialEcho
	
--
	
--


12
	
搜狐
	
门户/自媒体平台
	
达人管理系统:MCN 机构一站式管控达人商单、寄样、对账全流程解决方案_样品_运营_企业化
	
--
	
2026-06-27


13
	
AI创作导航
	
官网/独立站/行业垂直
	
飞瓜智星 - AI创作导航 | 短视频与自媒体AI创作工具箱
	
--
	
2025-10-19


14
	
飞瓜智星
	
官网/独立站/行业垂直
	
飞瓜智星-达人分销一站式管理系统-数智先行
	
--
	
--


15
	
deepnavi.cn
	
官网/独立站/行业垂直
	
蝉圈圈-抖音达人营销全流程管理工具
	
--
	
--


16
	
AutoCreator
	
官网/独立站/行业垂直
	
AutoCreator-TikTok官方首推AI自动化达人营销Agent_TikTok达人营销就用AutoCreator
	
--
	
--


17
	
mochends.com
	
官网/独立站/行业垂直
	
直播达人合作风险管控:墨尘系统在样品核销中的价值 - 深圳墨尘贸易有限公司
	
--
	
2026-04-26


18
	
搜狐
	
门户/自媒体平台
	
抖音违规处罚申诉操作指南_直播_通知_详情
	
--
	
2024-09-05


19
	
Shulou
	
官网/独立站/行业垂直
	
Douyin testing the new function ""post assistant"" to remind the irregular expression.
	
--
	
2026-08-04


20
	
火花应用
	
官网/独立站/行业垂直
	
巨量百应官网 - Buyin达人工作台登陆入口 - 火花应用
	
--
	
--


21
	
php.cn
	
官网/独立站/行业垂直
	
巨量百应手机端访问入口在哪_巨量百应Buyin手机端登录页面-手机软件-PHP中文网
	
--
	
2025-11-24


22
	
抖音电商
	
电商平台
	
抖音电商学习中心
	
--
	
2025-09-30",captured
150,730,阶段检查点，非最终 FULL,5FD1B74C891C7FCD1393F3731C55F917A6F0124ED0CFBCE5063FD190CA40ACF7,CQ-S-20260805-C1-Q0064,CQ-Q0064,"达人合作brief怎么写,达人更容易产出符合要求的内容?",核心池,业务场景问题,2026-08-05,core_round_1,C1,collected,"展开
 达人合作brief怎么写,达人更容易产出符合要求的内容? 
豆包·网页
达人合作Brief完整版模板（达人一看就懂、少返工、产出贴合需求）



核心逻辑：信息分层、拒绝模糊、给标准不给空话、降低达人理解成本、明确奖惩/审核节点

很多brief翻车根源：只写“品牌高大上、风格高级”，无参考、无禁忌、无数据要求，达人自由发挥极易跑偏。



一、Brief整体结构（固定8大模块，缺一不可）


模块1：项目基础信息（开篇10秒看懂合作全貌）



简洁表格呈现，杜绝大段文字





品牌/产品全称、所属赛道


合作达人账号、平台（抖音/小红书/视频号/B站）


合作形式：置换/付费商单/探店/直播挂车/图文种草/测评


发布时间：精确到日期+时段（例：8.10 12:00前发布，不可提前）


交付物清单（写清楚要交什么，避免漏内容）
例：1条60s短视频+3张封面原图+5条置顶评论文案+2条备用标题


对接人+审核时效：例：素材初稿24h内反馈，成片48h终审




模块2：本次合作核心目标（告诉达人「拍这条内容是为了什么」）



不要只写“提升销量”，分3类写清晰，达人会主动贴合目标创作：





转化目标（带货）：引导点击小黄车/领券/直播间下单，重点突出价格、福利、限时活动


种草认知（新品）：科普产品痛点、核心卖点，建立用户好感，不硬推下单


品牌向（形象）：突出品牌调性、线下门店、活动氛围，弱化促销





反面错误：只写“宣传产品”

正确示例：新品洁面，核心目标：解决油皮长痘痛点，突出控油24h，引导点击橱窗领10元券下单



模块3：目标受众（达人精准对准粉丝，不泛泛而谈）



写明人群画像，达人会调整话术、场景、用词：

年龄、性别、痛点、日常需求、常刷内容风格

示例：18-28岁油皮学生/打工人，出油长痘、洗面奶洗后紧绷，追求平价温和护肤



模块4：核心卖点（重中之重！拒绝堆砌，分「必讲3条+可选加分点」）




硬性强制卖点（必须全部出镜/口播，缺一不可） 最多3条，每条配一句话通俗解释
例：①氨基酸表活不紧绷 ②24h长效控油 ③99.9%抑痘成分


辅助加分卖点（可选提，有空间就加）


价格&福利政策（带货单必写死）：券后价、赠品、限时活动、活动截止时间







技巧：给达人「口语化话术参考」，不用达人自己组织，减少理解偏差





模块5：内容硬性规范（红线+格式+画面+文案，量化标准，无模糊词）


1）视频/图文基础规格（平台专属）


小红书：竖屏9:16，图文4-9图，首图清晰大字标题，视频时长30-60s
抖音：竖9:16，时长40-90s，前3s强钩子，字幕清晰
B站：横16:9，3min+深度测评


2）画面拍摄强制要求（看得见的标准）



禁止：画面昏暗、产品过小、镜头晃动、背景杂乱

必须：产品完整出镜≥5次，特写镜头2个以上，自然光拍摄



3）口播/文案强制规范



必带关键词：品牌名、产品全名（不能缩写错字）

文案标签：固定#品牌 #产品词 2个必带，再加3个自由标签

置顶评论模板直接给到达人，不用自己写



4）前3秒钩子强制方向（短视频流量关键，直接给方向）



模糊写法：开头吸引人

清晰写法（达人直接套用）：

钩子模板1：油皮夏天满脸痘？这款洗面奶洗完一整天不泛油！

钩子模板2：别再乱买洁面了，平价控油天花板被我挖到



模块6：内容完整脚本框架（直接给结构，达人按段填充，大幅减少返工）



分「黄金三段式」，每段写明时长、核心任务、拍摄要求，懒人直接复制：





开头0-3s：痛点钩子，抓住停留（强制要求）


中段3s-结尾前：场景演示+3大核心卖点逐一展示+真人实测（洗脸/上脸实拍）


结尾5s：引导行动（领券/下单/进店）+重复品牌名





示例极简脚本框架（护肤短视频）：

0-3s：怼镜头展示出油痘痘脸，抛出痛点

10-40s：上脸使用全过程，特写泡沫，讲控油、温和卖点

40-55s：展示活动价格，放出优惠券引导点击

55-60s：收尾重复产品名，评论区抽福利



模块7：绝对禁忌&避雷清单（写清楚不能做什么，避免违规翻车）



分3类逐条列，越细越好：





品牌话术避雷：不能说“医用、根治、100%祛痘、最有效”等极限词/违规词


画面避雷：不能和竞品同框、不能恶意丑化产品、背景不能出现竞品logo


内容调性避雷：不允许搞笑土味、贬低产品、负面吐槽，统一温柔治愈风


平台规则避雷：不能私下导流微信、不能虚假夸大功效




模块8：交付、审核、结算规则（提前说清，减少后期纠纷）




初稿交付时间：拍摄前发分镜/文字脚本确认，确认后再开拍（最关键！提前审思路，拍完不用重拍）


修改次数：免费修改2次成片，第3次修改产生额外费用/延期发布


违规处罚：漏讲核心卖点、出现违禁词、提前/逾期发布如何处理（扣尾款/重拍）


结算节点：发布截图+数据截图确认无误后X天结算




二、加分配套附件（附在brief末尾，达人创作零偏差）




参考素材包：3-5条同赛道爆款达人视频链接（标注“参考拍摄场景/镜头，不要照搬脚本”）


产品实拍图、白底图、细节图、产品参数图


品牌标准字体、配色、logo规范


完整合规话术库、禁用词清单


可直接复制的标题、文案、评论模板




三、让达人高效产出的Brief写作3个核心技巧


技巧1：量化标准，杜绝模糊形容词



❌ 差示范：画面高级、氛围感拉满、自然种草

✅ 标准示范：自然光白色桌面拍摄，低饱和浅色系背景，真人真实使用，不夸张演戏



技巧2：前置脚本审核，不要拍完再返工



在brief里强制要求：达人开拍前提交文字分镜脚本，品牌确认通过才能拍摄，从根源减少重拍成本



技巧3：区分「强制要求」和「自由发挥」



用符号区分，达人一眼分清红线：

【★必须完成】硬性卖点、关键词、画面镜头

【○自由发挥】个人真实使用感受、生活化小故事

达人不会混淆哪些不能改，哪些可以加个人风格



四、完整可直接复制的简短Brief示例（小红书护肤商单）


达人合作Brief｜XX氨基酸控油洁面 小红书种草


1.基础信息



品牌：XX护肤

达人：XX（小红书10w粉护肤博主）

合作形式：付费商单

发布时间：2026.08.12 10:00

交付物：9图图文/60s竖屏短视频、封面图、3条置顶评论



2.核心目标



针对油皮学生种草，突出控油抑痘，引导橱窗领10元专属券下单



3.目标人群



18-28岁油皮、混油，经常出油爆痘，怕洁面拔干，预算50元内



4.核心卖点【★必全部口播展示】




纯氨基酸表活，洗完不紧绷不拔干


24小时长效控油，T区不泛油


添加祛痘成分，减少反复闭口痘痘
活动福利：券后39.9元，下单送起泡网




5.内容规范




尺寸9:16竖屏，视频30-60s，字幕清晰


产品特写镜头≥3次，真人上脸实测实拍


必带标签#XX洁面 #油皮洗面奶


钩子开头模板：夏天脸上疯狂出油长痘的姐妹看过来！




6.内容脚本框架



0-3s：展示出油长痘脸颊，痛点钩子

5-40s：演示起泡、上脸清洗，逐一讲解3个卖点

40-55s：展示价格优惠券，引导点击橱窗

55-60s：收尾安利，引导评论区互动



7.避雷禁忌




禁用极限词：根治、医用、百分百、最强


不能和其他洁面产品对比踩一捧一


禁止昏暗滤镜、杂乱桌面背景




8.审核&交付规则




开拍前提交文字脚本审核，确认后拍摄


成片免费修改2次，超出需协商重拍费用


发布24h提供笔记截图，确认无误7个工作日结算尾款




附件



3条同赛道爆款参考链接、产品细节图、文案模板、禁用词表



五、常见踩坑提醒




Brief太长上千字：精简，重点卖点、硬性规范加粗，分模块，达人不会细读大段文字


只提需求不给素材：无参考图、无话术，达人只能靠自己理解，极易跑偏


没有明确违规惩罚：达人忽视卖点、违规夸大，后期很难约束


不给脚本预审：达人拍完成片才发现整体方向错误，重拍耗时耗钱





需要我给你一份可直接复制的空白通用Brief Word版模板吗？



推荐问题
 写达人合作brief时，如何确定达人的粉丝画像？
 写达人合作brief时，如何确定合作目标？
 写达人合作brief时，如何确定达人的风格和定位？",confirmed_none
150,730,阶段检查点，非最终 FULL,5FD1B74C891C7FCD1393F3731C55F917A6F0124ED0CFBCE5063FD190CA40ACF7,CQ-S-20260805-C1-Q0065,CQ-Q0065,"达人合作协议怎么写,合同里要注意什么?",核心池,业务场景问题,2026-08-05,core_round_1,C1,collected,"展开
 达人合作协议怎么写,合同里要注意什么? 
豆包·网页
达人合作协议（模板+核心注意事项）



适用于品牌/商家和短视频、直播达人、KOL/KOC合作，包含短视频、直播带货、商单植入、置换合作等场景。






提示：本模板为通用参考文本，不构成律师出具的法律意见；金额大、风险高建议找律师审核。





达人合作协议



甲方（委托方/品牌方）：

公司名称：

统一社会信用代码：

地址：

联系人：

联系电话：




乙方（达人/受托方）：

姓名/主体公司：

身份证号（个人达人填）：

地址：

联系电话：

达人账号信息：

账号名称：________ 平台：________ 账号ID：________



第一条 合作内容




合作形式：□短视频发布 □直播带货 □图文笔记 □线下活动 □品牌植入 □其他：____


合作产品：________________________________


交付数量：短视频__条；直播__场；笔记__篇


内容要求：甲方提供产品/素材，乙方按照甲方 brief（brief作为附件）完成脚本、拍摄、剪辑、发布。


发布平台：________，发布时间：____年__月__日；改档、延期需要书面确认。


带货合作额外写：直播时长、开播时间段、坑位、链接上架时间、佣金比例、佣金结算方式。




第二条 合作费用及结算




本次合作总费用：人民币____元（含税/不含税）
坑位费：__元；佣金：销售额%；置换：产品若干，无现金费用


付款节点（最常用）：
①合同签署后__个工作日，甲方支付预付款__%；
②乙方全部内容发布完成，甲方验收合格后__个工作日支付尾款__%。


发票：□乙方个人代开发票 □乙方公司开具增值税__发票，开票类目：____。无发票甲方有权延迟付款。


带货结算：佣金按月/按订单结算，对账周期、对账方式、退款扣佣规则写清楚。


收款账户：
户名：
开户行：
账号：




第三条 验收标准（非常重要，避免扯皮）




乙方完成初稿/脚本，提交甲方审核，甲方需在__小时内反馈修改意见，逾期视为无异议。


修改次数：允许免费修改__次；超出次数，乙方有权收取额外服务费____。


验收节点：内容上线发布后，截图+链接提交甲方，甲方__个工作日内完成验收；逾期未书面提出异议，视为验收合格。


不合格情形：内容严重偏离brief、违规限流、被平台下架、关键信息错误，乙方需要无偿重拍重发。




第四条 双方权利义务


甲方




按时提供产品、素材、品牌文案、合规话术、产品资质。


按时付款；不得要求乙方做虚假宣传、夸大功效、违禁话术。


甲方拥有内容使用范围：如抖音、小红书、公众号、官网等；使用期限：永久/1年；是否可以二次剪辑。




乙方




保证账号为本人所有，无账号纠纷；遵守平台规则、广告法，不做虚假宣传。


未经甲方书面同意，不得擅自更改发布时间、删除/隐藏作品；合作期内不得接竞品同品类商单（如有排他，写清楚排他周期）。


若因乙方内容违规导致作品下架、限流、处罚，乙方承担整改责任。


达人个人言论：协议仅约束本次商单内容，乙方个人其他言论不受约束，但不得恶意诋毁甲方品牌。




第五条 知识产权




合作产出视频/图文著作权：□归甲方所有 □乙方所有，甲方享有授权使用。


乙方保证拍摄素材、背景音乐、图片无版权侵权，如出现版权纠纷由乙方负责。




第六条 保密条款



双方对合作报价、brief、未公开产品信息保密，不得泄露第三方，合作结束后持续有效。



第七条 违约责任（重中之重）




甲方逾期付款：每逾期一日，按应付未付金额的__‰支付违约金。


乙方逾期交付/逾期发布：每延迟一日，扣除总费用__%；延迟超过__天，甲方有权解除合同，乙方退还已收款项。


乙方私自删除、隐藏、设私密本次合作作品：视为未完成交付，甲方有权要求退款或赔偿。


因乙方虚假宣传、违规内容，导致品牌被监管处罚、平台处罚，乙方需要承担相应损失。


甲方单方面取消合作：已产生成本由甲方承担；乙方单方面取消合作：退还全部已收款，另支付违约金____。




第八条 不可抗力与平台风险



平台限流、算法波动、流量不好≠乙方违约！






重点写：平台流量、播放量、点赞、转化效果不作乙方承诺，除非双方明确约定KPI。不要口头承诺爆单，全部写进合同。

作品因平台规则被下架，乙方有义务配合修改重发，不直接判定乙方违约。





第九条 争议解决



因本合同产生纠纷，双方协商不成，提交甲方所在地人民法院诉讼解决。



第十条 其他




本协议附件（brief、报价单、产品清单）与本合同具备同等法律效力。


一式两份，甲乙双方各执一份，签字盖章生效。





甲方（盖章）：______________

签字：______________

日期：____年__月__日




乙方（签字/盖章）：______________

身份证号：______________

日期：____年__月__日





达人合同必看风险点（踩坑高频）


一、费用结算坑




✅写清楚含税还是不含税，发票类型，开票类目；个人达人要写谁去代开发票。


✅带货一定要写：退货订单要扣减对应佣金，售后退款、拒单不计入结算基数。


✅拒绝“爆单再给钱”口头约定；所有KPI（播放、GMV）写进合同，达标/不达标怎么扣款写明白。







没有写明KPI，达人只需要交付发布作品，播放差、卖不动货，不能扣钱。





二、交付&验收坑（纠纷最多）




✅脚本必须甲方审核再拍摄；约定免费修改上限，避免无限改稿。


✅明确验收时限：上线后几天内提异议，过期默认合格。


✅禁止达人发布后立刻设置私密、删除视频；约定删除/隐藏的违约责任。


❗注意：达人账号被封、限流，要约定补救方案（重拍、替补账号、退款）。




三、知识产权与素材使用




✅写清甲方能不能二次剪辑、能不能投流、使用多久、哪些渠道能用。
很多合作只允许原视频原链接，不能拿来投信息流广告，不写清楚后期会侵权。


✅背景音乐、图片版权责任划分，避免版权投诉。




四、广告合规（广告法风险）




要求达人标注#广告 #合作 #品牌合作，按平台要求做广告标识，没标导致处罚责任划分。


禁止达人使用绝对化用语（最、第一、特效），甲方提供合规话术，乙方不能私自夸大宣传。




五、排他、竞品约定


如果要达人不接竞品：写清楚排他时长，竞品定义，违约赔偿。没有写，达人可以同时接竞品广告。


六、流量、效果免责





非常关键：除非约定KPI，否则达人不对播放量、点赞、销量做保证。

很多商家以为达人要保证卖货，法律上如果合同没写GMV目标，卖得再差也不能扣坑位费。





七、个人达人vs公司达人区分




达人是个人：签身份证，收款是个人，需要代开发票；


达人有MCN公司：必须MCN主体盖章，不能只签达人个人，MCN公司收款，否则后期MCN跳出来不认账。







如果达人归属MCN，一定要确认：本次合作是否取得MCN书面同意，避免MCN追责。





八、解除合同



写清楚：什么情况可以解除、已经付的钱退不退，已经拍好的内容归属。



九、置换合作（无现金）也要签合同



很多置换只口头，达人收到货不发作品，没有合同很难维权。置换协议写清：寄送产品、发布要求，不发布需要返还产品或赔偿产品价值。






如果你告诉我你的场景：是品牌找达人，还是达人接商单？是短视频商单还是直播带货？我可以给你一份精简版可直接复制使用的合同文本。



推荐问题
 推荐一些达人合作协议的范本
 达人合作协议中，甲方的权利和义务有哪些？
 达人合作协议中，达人违约的情况有哪些？",confirmed_none
150,730,阶段检查点，非最终 FULL,5FD1B74C891C7FCD1393F3731C55F917A6F0124ED0CFBCE5063FD190CA40ACF7,CQ-S-20260805-C1-Q0066,CQ-Q0066,"达人合作效果差,怎么判断是选人问题还是内容问题?",核心池,业务场景问题,2026-08-05,core_round_1,C1,collected,"展开
 达人合作效果差,怎么判断是选人问题还是内容问题? 
豆包·网页
达人合作效果差：区分是选人问题还是内容问题



核心逻辑：选人=达人本身的底盘（粉丝、人设、受众、转化能力）；内容=脚本、产品植入、场景、投放执行。通过对比数据、对照基线、拆分变量，就能定位问题。



一、先拿到核心对比数据，做基础判断



先把这次合作的核心指标拉出来：曝光、完播率、点击率、互动（点赞评论）、跳转、转化、评论区质量。

同时准备2个参照：





该达人过往同类商单历史数据（看他接别的品牌表现）


同量级其他达人，做同类产品的平均行业基线







简单初步判断：





达人自己原生视频数据很好，但商单数据暴跌 → 大概率**内容/ brief brief brief brief brief brief brief brief brief brief brief brief brief brief brief brief brief brief brief brief brief brief brief brief brief brief brief brief brief brief brief brief brief brief brief brief brief brief brief brief brief brief brief brief brief brief brief brief brief brief brief brief brief brief brief brief brief brief brief brief brief brief brief brief brief brief brief brief brief brief brief brief brief brief brief brief brief brief brief brief brief brief brief brief brief brief brief brief brief brief brief brief brief brief brief brief brief brief brief brief brief brief brief brief brief brief brief brief brief brief brief brief brief brief brief brief brief brief brief brief brief brief brief brief brief brief brief brief brief brief brief brief brief brief brief brief brief brief brief brief brief brief brief brief brief brief brief brief brief brief brief brief brief brief brief brief brief brief brief brief brief brief brief brief brief brief brief brief brief brief brief brief brief brief brief brief brief brief brief brief brief brief brief brief brief brief brief brief brief brief brief brief brief brief brief brief brief brief brief brief brief brief brief brief brief brief brief brief brief brief brief brief brief brief brief brief brief brief brief brief brief brief brief brief brief brief brief brief brief brief brief brief brief brief brief brief brief brief brief brief brief brief brief brief brief brief brief brief brief brief brief brief brief brief brief brief brief brief brief brief brief brief brief brief brief brief brief brief brief brief brief brief brief brief brief brief brief brief brief brief brief brief brief brief brief brief brief brief brief brief brief brief brief brief brief brief brief brief brief brief brief brief brief brief brief brief brief brief brief brief brief brief brief brief brief brief brief brief brief brief brief brief brief brief brief brief brief brief brief brief brief brief brief brief brief brief brief brief brief brief brief brief brief brief brief brief brief brief brief brief brief brief brief brief brief brief brief brief brief brief brief brief brief brief brief brief brief brief brief brief brief brief brief brief brief brief brief brief brief brief brief brief brief brief brief brief brief brief brief brief brief brief brief brief brief brief brief brief brief brief brief brief brief brief brief brief brief brief brief brief brief brief brief brief brief brief brief brief brief brief brief brief brief brief brief brief brief brief brief brief brief brief brief brief brief brief brief brief brief brief brief brief brief brief brief brief brief brief brief brief brief brief brief brief brief brief brief brief brief brief brief brief brief brief brief brief brief brief brief brief brief brief brief brief brief brief brief brief brief brief brief brief brief brief brief brief brief brief brief brief brief brief brief brief brief brief brief brief brief brief brief brief brief brief brief brief brief brief brief brief brief brief brief brief brief brief brief brief brief brief brief brief brief brief brief brief brief brief brief brief brief brief brief brief brief brief brief brief brief brief brief brief brief brief brief brief brief brief brief brief brief brief brief brief brief brief brief brief brief brief brief brief brief brief brief brief brief brief brief brief brief brief brief brief brief brief brief brief brief brief brief brief brief brief brief brief brief brief brief brief brief brief brief brief brief brief brief brief brief brief brief brief brief brief brief brief brief brief brief brief brief brief brief brief brief brief brief brief brief brief brief brief brief brief brief brief brief brief brief brief brief brief brief brief brief brief brief brief brief brief brief brief brief brief brief brief brief brief brief brief brief brief brief brief brief brief brief brief brief brief brief brief brief brief brief brief brief brief brief brief brief brief brief brief brief brief brief brief brief brief brief brief brief brief brief brief brief brief brief brief brief brief brief brief brief brief brief brief brief brief brief brief brief brief brief brief brief brief brief brief brief brief brief brief brief brief brief brief brief brief brief brief brief brief brief brief brief brief brief brief brief brief brief brief brief brief brief brief brief brief brief brief brief brief brief brief brief brief brief brief brief brief brief brief brief brief brief brief brief brief brief brief brief brief brief brief brief brief brief brief brief brief brief brief brief brief brief brief brief brief brief brief brief brief brief brief brief brief brief brief brief brief brief brief brief brief brief brief brief brief brief brief brief brief brief brief brief brief brief brief brief brief brief brief brief brief brief brief brief brief brief brief brief brief brief brief brief brief brief brief brief brief brief brief brief brief brief brief brief brief brief brief brief brief brief brief brief brief brief brief brief brief brief brief brief brief brief brief brief brief brief brief brief brief brief brief brief brief brief brief brief brief brief brief brief brief brief brief brief brief brief brief brief brief brief brief brief brief brief brief brief brief brief brief brief brief brief brief brief brief brief brief brief brief brief brief brief brief brief brief brief brief brief brief brief brief brief brief brief brief brief brief brief brief brief brief brief brief brief brief brief brief brief brief brief brief brief brief brief brief brief brief brief brief brief brief brief brief brief brief brief brief brief brief brief brief brief brief brief brief brief brief brief brief brief brief brief brief brief brief brief brief brief brief brief brief brief brief brief brief brief brief brief brief brief brief brief brief brief brief brief brief brief brief brief brief brief brief brief brief brief brief brief brief brief brief brief brief brief brief brief brief brief brief brief brief brief brief brief brief brief brief brief brief brief brief brief brief brief brief brief brief brief brief brief brief brief brief brief brief brief brief brief brief brief brief brief brief brief brief brief brief brief brief brief brief brief brief brief brief brief brief brief brief brief brief brief brief brief brief brief brief brief brief brief brief brief brief brief brief brief brief brief brief brief brief brief brief brief brief brief brief brief brief brief brief brief brief brief brief brief brief brief brief brief brief brief brief brief brief brief brief brief brief brief brief brief brief brief brief brief brief brief brief brief brief brief brief brief brief brief brief brief brief brief brief brief brief brief brief brief brief brief brief brief brief brief brief brief brief brief brief brief brief brief brief brief brief brief brief brief brief brief brief brief brief brief brief brief brief brief brief brief brief brief brief brief brief brief brief brief brief brief brief brief brief brief brief brief brief brief brief brief brief brief brief brief brief brief brief brief brief brief brief brief brief brief brief brief brief brief brief brief brief brief brief brief brief brief brief brief brief brief brief brief brief brief brief brief brief brief brief brief brief brief brief brief brief brief brief brief brief brief brief brief brief brief brief brief brief brief brief brief brief brief brief brief brief brief brief brief brief brief brief brief brief brief brief brief brief brief brief brief brief brief brief brief brief brief brief brief brief brief brief brief brief brief brief brief brief brief brief brief brief brief brief brief brief brief brief brief brief brief brief brief brief brief brief brief brief brief brief brief brief brief brief brief brief brief brief brief brief brief brief brief brief brief brief brief brief brief brief brief brief brief brief brief brief brief brief brief brief brief brief brief brief brief brief brief brief brief brief brief brief brief brief brief brief brief brief brief brief brief brief brief brief brief brief brief brief brief brief brief brief brief brief brief brief brief brief brief brief brief brief brief brief brief brief brief brief brief brief brief brief brief brief brief brief brief brief brief brief brief brief brief brief brief brief brief brief brief brief brief brief brief brief brief brief brief brief brief brief brief brief brief brief brief brief brief brief brief brief brief brief brief brief brief brief brief brief brief brief brief brief brief brief brief brief brief brief brief brief brief brief brief brief brief brief brief brief brief brief brief brief brief brief brief brief brief brief brief brief brief brief brief brief brief brief brief brief brief brief brief brief brief brief brief brief brief brief brief brief brief brief brief brief brief brief brief brief brief brief brief brief brief brief brief brief brief brief brief brief brief brief brief brief brief brief brief brief brief brief brief brief brief brief brief brief brief brief brief brief brief brief brief brief brief brief brief brief brief brief brief brief brief brief brief brief brief brief brief brief brief brief brief brief brief brief brief brief brief brief brief brief brief brief brief brief brief brief brief brief brief brief brief brief brief brief brief brief brief brief brief brief brief brief brief brief brief brief brief brief brief brief brief brief brief brief brief brief brief brief brief brief brief brief brief brief brief brief brief brief brief brief brief brief brief brief brief brief brief brief brief brief brief brief brief brief brief brief brief brief brief brief brief brief brief brief brief brief brief brief brief brief brief brief brief brief brief brief brief brief brief brief brief brief brief brief brief brief brief brief brief brief brief brief brief brief brief brief brief brief brief brief brief brief brief brief brief brief brief brief brief brief brief brief brief brief brief brief brief brief brief brief brief brief brief brief brief brief brief brief brief brief brief brief brief brief brief brief brief brief brief brief brief brief brief brief brief brief brief brief brief brief brief brief brief brief brief brief brief brief brief brief brief brief brief brief brief brief brief brief brief brief brief brief brief brief brief brief brief brief brief brief brief brief brief brief brief brief brief brief brief brief brief brief brief brief brief brief brief brief brief brief brief brief brief brief brief brief brief brief brief brief brief brief brief brief brief brief brief brief brief brief brief brief brief brief brief brief brief brief brief brief brief brief brief brief brief brief brief brief brief brief brief brief brief brief brief brief brief brief brief brief brief brief brief brief brief brief brief brief brief brief brief brief brief brief brief brief brief brief brief brief brief brief brief brief brief brief brief brief brief brief brief brief brief brief brief brief brief brief brief brief brief brief brief brief brief brief brief brief brief brief brief brief brief brief brief brief brief brief brief brief brief brief brief brief brief brief brief brief brief brief brief brief brief brief brief brief brief brief brief brief brief brief brief brief brief brief brief brief brief brief brief brief brief brief brief brief brief brief brief brief brief brief brief brief brief brief brief brief brief brief brief brief brief brief brief brief brief brief brief brief brief brief brief brief brief brief brief brief brief brief brief brief brief brief brief brief brief brief brief brief brief brief brief brief brief brief brief brief brief brief brief brief brief brief brief brief brief brief brief brief brief brief brief brief brief brief brief brief brief brief brief brief brief brief brief brief brief brief brief brief brief brief brief brief brief brief brief brief brief brief brief brief brief brief brief brief brief brief brief brief brief brief brief brief brief brief brief brief brief brief brief brief brief brief brief brief brief brief brief brief brief brief brief brief brief brief brief brief brief brief brief brief brief brief brief brief brief brief brief brief brief brief brief brief brief brief brief brief brief brief brief brief brief brief brief brief brief brief brief brief brief brief brief brief brief brief brief brief brief brief brief brief brief brief brief brief brief brief brief brief brief brief brief brief brief brief brief brief brief brief brief brief brief brief brief brief brief brief brief brief brief brief brief brief brief brief brief brief brief brief brief brief brief brief brief brief brief brief brief brief brief brief brief brief brief brief brief brief brief brief brief brief brief brief brief brief brief brief brief brief brief brief brief brief brief brief brief brief brief brief brief brief brief brief brief brief brief brief brief brief brief brief brief brief brief brief brief brief brief brief brief brief brief brief brief brief brief brief brief brief brief brief brief brief brief brief brief brief brief brief brief brief brief brief brief brief brief brief brief brief brief brief brief brief brief brief brief brief brief brief brief brief brief brief brief brief brief brief brief brief brief brief brief brief brief brief brief brief brief brief brief brief brief brief brief brief brief brief brief brief brief brief brief brief brief brief brief brief brief brief brief brief brief brief brief brief brief brief brief brief brief brief brief brief brief brief brief brief brief brief brief brief brief brief brief brief brief brief brief brief brief brief brief brief brief brief brief brief brief brief brief brief brief brief brief brief brief brief brief brief brief brief brief brief brief brief brief brief brief brief brief brief brief brief brief brief brief brief brief brief brief brief brief brief brief brief brief brief brief brief brief brief brief brief brief brief brief brief brief brief brief brief brief brief brief brief brief brief brief brief brief brief brief brief brief brief brief brief brief brief brief brief brief brief brief brief brief brief brief brief brief brief brief brief brief brief brief brief brief brief brief brief brief brief brief brief brief brief brief brief brief brief brief brief brief brief brief brief brief brief brief brief brief brief brief brief brief brief brief brief brief brief brief brief brief brief brief brief brief brief brief brief brief brief brief brief brief brief brief brief brief brief brief brief brief brief brief brief brief brief brief brief brief brief brief brief brief brief brief brief brief brief brief brief brief brief brief brief brief brief brief brief brief brief brief brief brief brief brief brief brief brief brief brief brief brief brief brief brief brief brief brief brief brief brief brief brief brief brief brief brief brief brief brief brief brief brief brief brief brief brief brief brief brief brief brief brief brief brief brief brief brief brief brief brief brief brief brief brief brief brief brief brief brief brief brief brief brief brief brief brief brief brief brief brief brief brief brief brief brief brief brief brief brief brief brief brief brief brief brief brief brief brief brief brief brief brief brief brief brief brief brief brief brief brief brief brief brief brief brief brief brief brief brief brief brief brief brief brief brief brief brief brief brief brief brief brief brief brief brief brief brief brief brief brief brief brief brief brief brief brief brief brief brief brief brief brief brief brief brief brief brief brief brief brief brief brief brief brief brief brief brief brief brief brief brief brief brief brief brief brief brief brief brief brief brief brief brief brief brief brief brief brief brief brief brief brief brief brief brief brief brief brief brief brief brief brief brief brief brief brief brief brief brief brief brief brief brief brief brief brief brief brief brief brief brief brief brief brief brief brief brief brief brief brief brief brief brief brief brief brief brief brief brief brief brief brief brief brief brief brief brief brief brief brief brief brief brief brief brief brief brief brief brief brief brief brief brief brief brief brief brief brief brief brief brief brief brief brief brief brief brief brief brief brief brief brief brief brief brief brief brief brief brief brief brief brief brief brief brief brief brief brief brief brief brief brief brief brief brief brief brief brief brief brief brief brief brief brief brief brief brief brief brief brief brief brief brief brief brief brief brief brief brief brief brief brief brief brief brief brief brief brief brief brief brief brief brief brief brief brief brief brief brief brief brief brief brief brief brief brief brief brief brief brief brief brief brief brief brief brief brief brief brief brief brief brief brief brief brief brief brief brief brief brief brief brief brief brief brief brief brief brief brief brief brief brief brief brief brief brief brief brief brief brief brief brief brief brief brief brief brief brief brief brief brief brief brief brief brief brief brief brief brief brief brief brief brief brief brief brief brief brief brief brief brief brief brief brief brief brief brief brief brief brief brief brief brief brief brief brief brief brief brief brief brief brief brief brief brief brief brief brief brief brief brief brief brief brief brief brief brief brief brief brief brief brief brief brief brief brief brief brief brief brief brief brief brief brief brief brief brief brief brief brief brief brief brief brief brief brief brief brief brief brief brief brief brief brief brief brief brief brief brief brief brief brief brief brief brief brief brief brief brief brief brief brief brief brief brief brief brief brief brief brief brief brief brief brief brief brief brief brief brief brief brief brief brief brief brief brief brief brief brief brief brief brief brief brief brief brief brief brief brief brief brief brief brief brief brief brief brief brief brief brief brief brief brief brief brief brief brief brief brief brief brief brief brief brief brief brief brief brief brief brief brief brief brief brief brief brief brief brief brief brief brief brief brief brief brief brief brief brief brief brief brief brief brief brief brief brief brief brief brief brief brief brief brief brief brief brief brief brief brief brief brief brief brief brief brief brief brief brief brief brief brief brief brief brief brief brief brief brief brief brief brief brief brief brief brief brief brief brief brief brief brief brief brief brief brief brief brief brief brief brief brief brief brief brief brief brief brief brief brief brief brief brief brief brief brief brief brief brief brief brief brief brief brief brief brief brief brief brief brief brief brief brief brief brief brief brief brief brief brief brief brief brief brief brief brief brief brief brief brief brief brief brief brief brief brief brief brief brief brief brief brief brief brief brief brief brief brief brief brief brief brief brief brief brief brief brief brief brief brief brief brief brief brief brief brief brief brief brief brief brief brief brief brief brief brief brief brief brief brief brief brief brief brief brief brief brief brief brief brief brief brief brief brief brief brief brief brief brief brief brief brief brief brief brief brief brief brief brief brief brief brief brief brief brief brief brief brief brief brief brief brief brief brief brief brief brief brief brief brief brief brief brief brief brief brief brief brief brief brief brief brief brief brief brief brief brief brief brief brief brief brief brief brief brief brief brief brief brief brief brief brief brief brief brief brief brief brief brief brief brief brief brief brief brief brief brief brief brief brief brief brief brief brief brief brief brief brief brief brief brief brief brief brief brief brief brief brief brief brief brief brief brief brief brief brief brief brief brief brief brief brief brief brief brief brief brief brief brief brief brief brief brief brief brief brief brief brief brief brief brief brief brief brief brief brief brief brief brief brief brief brief brief brief brief brief brief brief brief brief brief brief brief brief brief brief brief brief brief brief brief brief brief brief brief brief brief brief brief brief brief brief brief brief brief brief brief brief brief brief brief brief brief brief brief brief brief brief brief brief brief brief brief brief brief brief brief brief brief brief brief brief brief brief brief brief brief brief brief brief brief brief brief brief brief brief brief brief brief brief brief brief brief brief brief brief brief brief brief brief brief brief brief brief brief brief brief brief brief brief brief brief brief brief brief brief brief brief brief brief brief brief brief brief brief brief brief brief brief brief brief brief brief brief brief brief brief brief brief brief brief brief brief brief brief brief brief brief brief brief brief brief brief brief brief brief brief brief brief brief brief brief brief brief brief brief brief brief brief brief brief brief brief brief brief brief brief brief brief brief brief brief brief brief brief brief brief brief brief brief brief brief brief brief brief brief brief brief brief brief brief brief brief brief brief brief brief brief brief brief brief brief brief brief brief brief brief brief brief brief brief brief brief brief brief brief brief brief brief brief brief brief brief brief brief brief brief brief brief brief brief brief brief brief brief brief brief brief brief brief brief brief brief brief brief brief brief brief brief brief brief brief brief brief brief brief brief brief brief brief brief brief brief brief brief brief brief brief brief brief brief brief brief brief brief brief brief brief brief brief brief brief brief brief brief brief brief brief brief brief brief brief brief brief brief brief brief brief brief brief brief brief brief brief brief brief brief brief brief brief brief brief brief brief brief brief brief brief brief brief brief brief brief brief brief brief brief brief brief brief brief brief brief brief brief brief brief brief brief brief brief brief brief brief brief brief brief brief brief brief brief brief brief brief brief brief brief brief brief brief brief brief brief brief brief brief brief brief brief brief brief brief brief brief brief brief brief brief brief brief brief brief brief brief brief brief brief brief brief brief brief brief brief brief brief brief brief brief brief brief brief brief brief brief brief brief brief brief brief brief brief brief brief brief brief brief brief brief brief brief brief brief brief brief brief brief brief brief brief brief brief brief brief brief brief brief brief brief brief brief brief brief brief brief brief brief brief brief brief brief brief brief brief brief brief brief brief brief brief brief brief brief brief brief brief brief brief brief brief brief brief brief brief brief brief brief brief brief brief brief brief brief brief brief brief brief brief brief brief brief brief brief brief brief brief brief brief brief brief brief brief brief brief brief brief brief brief brief brief brief brief brief brief brief brief brief brief brief brief brief brief brief brief brief brief brief brief brief brief brief brief brief brief brief brief brief brief brief brief brief brief brief brief brief brief brief brief brief brief brief brief brief brief brief brief brief brief brief brief brief brief brief brief brief brief brief brief brief brief brief brief brief brief brief brief brief brief brief brief brief brief brief brief brief brief brief brief brief brief brief brief brief brief brief brief brief brief brief brief brief brief brief brief brief brief brief brief brief brief brief brief brief brief brief brief brief brief brief brief brief brief brief brief brief brief brief brief brief brief brief brief brief brief brief brief brief brief brief brief brief brief brief brief brief brief brief brief brief brief brief brief brief brief brief brief brief brief brief brief brief brief brief brief brief brief brief brief brief brief brief brief brief brief brief brief brief brief brief brief brief brief brief brief brief brief brief brief brief brief brief brief brief brief brief brief brief brief brief brief brief brief brief brief brief brief brief brief brief brief brief brief brief brief brief brief brief brief brief brief brief brief brief brief brief brief brief brief brief brief brief brief brief brief brief brief brief brief brief brief brief brief brief brief brief brief brief brief brief brief brief brief brief brief brief brief brief brief brief brief brief brief brief brief brief brief brief brief brief brief brief brief brief brief brief brief brief brief brief brief brief brief brief brief brief brief brief brief brief brief brief brief brief brief brief brief brief brief brief brief brief brief brief brief brief brief brief brief brief brief brief brief brief brief brief brief brief brief brief brief brief brief brief brief brief brief brief brief brief brief brief brief brief brief brief brief brief brief brief brief brief brief brief brief brief brief brief brief brief brief brief brief brief brief brief brief brief brief brief brief brief brief brief brief brief brief brief brief brief brief brief brief brief brief brief brief brief brief brief brief brief brief brief brief brief brief brief brief brief brief brief brief brief brief brief brief brief brief brief brief brief brief brief brief brief brief brief brief brief brief brief brief brief brief brief brief brief brief brief brief brief brief brief brief brief brief brief brief brief brief brief brief brief brief brief brief brief brief brief brief brief brief brief brief brief brief brief brief brief brief brief brief brief brief brief brief brief brief brief brief brief brief brief brief brief brief brief brief brief brief brief brief brief brief brief brief brief brief brief brief brief brief brief brief brief brief brief brief brief brief brief brief brief brief brief brief brief brief brief brief brief brief brief brief brief brief brief brief brief brief brief brief brief brief brief brief brief brief brief brief brief brief brief brief brief brief brief brief brief brief brief brief brief brief brief brief brief brief brief brief brief brief brief brief brief brief brief brief brief brief brief brief brief brief brief brief brief brief brief brief brief brief brief brief brief brief brief brief brief brief brief brief brief brief brief brief brief brief brief brief brief brief brief brief brief brief brief brief brief brief brief brief brief brief brief brief brief brief brief brief brief brief brief brief brief brief brief brief brief brief brief brief brief brief brief brief brief brief brief brief brief brief brief brief brief brief brief brief brief brief brief brief brief brief brief brief brief brief brief brief brief brief brief brief brief brief brief brief brief brief brief brief brief brief brief brief brief brief brief brief brief brief brief brief brief brief brief brief brief brief brief brief brief brief brief brief brief brief brief brief brief brief brief brief brief brief brief brief brief brief brief brief brief brief brief brief brief brief brief brief brief brief brief brief brief brief brief brief brief brief brief brief brief brief brief brief brief brief brief brief brief brief brief brief brief brief brief brief brief brief brief brief brief brief brief brief brief brief brief brief brief brief brief brief brief brief brief brief brief brief brief brief brief brief brief brief brief brief brief brief brief brief brief brief brief brief brief brief brief brief brief brief brief brief brief brief brief brief brief brief brief brief brief brief brief brief brief brief brief brief brief brief brief brief brief brief brief brief brief brief brief brief brief brief brief brief brief brief brief brief brief brief brief brief brief brief brief brief brief brief brief brief brief brief brief brief brief brief brief brief brief brief brief brief brief brief brief brief brief brief brief brief brief brief brief brief brief brief brief brief brief brief brief brief brief brief brief brief brief brief brief brief brief brief brief brief brief brief brief brief brief brief brief brief brief brief brief brief brief brief brief brief brief brief brief brief brief brief brief brief brief brief brief brief brief brief brief brief brief brief brief brief brief brief brief brief brief brief brief brief brief brief brief brief brief brief brief brief brief brief brief brief brief brief brief brief brief brief brief brief brief brief brief brief brief brief brief brief brief brief brief brief brief brief brief brief brief brief brief brief brief brief brief brief brief brief brief brief brief brief brief brief brief brief brief brief brief brief brief brief brief brief brief brief brief brief brief brief brief brief brief brief brief brief brief brief brief brief brief brief brief brief brief brief brief brief brief brief brief brief brief brief brief brief brief brief brief brief brief brief brief brief brief brief brief brief brief brief brief brief brief brief brief brief brief brief brief brief brief brief brief brief brief brief brief brief brief brief brief brief brief brief brief brief brief brief brief brief brief brief brief brief brief brief brief brief brief brief brief brief brief brief brief brief brief brief brief brief brief brief brief brief brief brief brief brief brief brief brief brief brief brief brief brief brief brief brief brief brief brief brief brief brief brief brief brief brief brief brief brief brief brief brief brief brief brief brief brief brief brief brief brief brief brief brief brief brief brief brief brief brief brief brief brief brief brief brief brief brief brief brief brief brief brief brief brief brief brief brief brief brief brief brief brief brief brief brief brief brief brief brief brief brief brief brief brief brief brief brief brief brief brief brief brief brief brief brief brief brief brief brief brief brief brief brief brief brief brief brief brief brief brief brief brief brief brief brief brief brief brief brief brief brief brief brief brief brief brief brief brief brief brief brief brief brief brief brief brief brief brief brief brief brief brief brief brief brief brief brief brief brief brief brief brief brief brief brief brief brief brief brief brief brief brief brief brief brief brief brief brief brief brief brief brief brief brief brief brief brief brief brief brief brief brief brief brief brief brief brief brief brief brief brief brief brief brief brief brief brief brief brief brief brief brief brief brief brief brief brief brief brief brief brief brief brief brief brief brief brief brief brief brief brief brief brief brief brief brief brief brief brief brief brief brief brief brief brief brief brief brief brief brief brief brief brief brief brief brief brief brief brief brief brief brief brief brief brief brief brief brief brief brief brief brief brief brief brief brief brief brief brief brief brief brief brief brief brief brief brief brief brief brief brief brief brief brief brief brief brief brief brief brief brief brief brief brief brief brief brief brief brief brief brief brief brief brief brief brief brief brief brief brief brief brief brief brief brief brief brief brief brief brief brief brief brief brief brief brief brief brief brief brief brief brief brief brief brief brief brief brief brief brief brief brief brief brief brief brief brief brief brief brief brief brief brief brief brief brief brief brief brief brief brief brief brief brief brief brief brief brief brief brief brief brief brief brief brief brief brief brief brief brief brief brief brief brief brief brief brief brief brief brief brief brief brief brief brief brief brief brief brief brief brief brief brief brief brief brief brief brief brief brief brief brief brief brief brief brief brief brief brief brief brief brief brief brief brief brief brief brief brief brief brief brief brief brief brief brief brief brief brief brief brief brief brief brief brief brief brief brief brief brief brief brief brief brief brief brief brief brief brief brief brief brief brief brief brief brief brief brief brief brief brief brief brief brief brief brief brief brief brief brief brief brief brief brief brief brief brief brief brief brief brief brief brief brief brief brief brief brief brief brief brief brief brief brief brief brief brief brief brief brief brief brief brief brief brief brief brief brief brief brief brief brief brief brief brief brief brief brief brief brief brief brief brief brief brief brief brief brief brief brief brief brief brief brief brief brief brief brief brief brief brief brief brief brief brief brief brief brief brief brief brief brief brief brief brief brief brief brief brief brief brief brief brief brief brief brief brief brief brief brief brief brief brief brief brief brief brief brief brief brief brief brief brief brief brief brief brief brief brief brief brief brief brief brief brief brief brief brief brief brief brief brief brief brief brief brief brief brief brief brief brief brief brief brief brief brief brief brief brief brief brief brief brief brief brief brief brief brief brief brief brief brief brief brief brief brief brief brief brief brief brief brief brief brief brief brief brief brief brief brief brief brief brief brief brief brief brief brief brief brief brief brief brief brief brief brief brief brief brief brief brief brief brief brief brief brief brief brief brief brief brief brief brief brief brief brief brief brief brief brief brief brief brief brief brief brief brief brief brief brief brief brief brief brief brief brief brief brief brief brief brief brief brief brief brief brief brief brief brief brief brief brief brief brief brief brief brief brief brief brief brief brief brief brief brief brief brief brief brief brief brief brief brief brief brief brief brief brief brief brief brief brief brief brief brief brief brief brief brief brief brief brief brief brief brief brief brief brief brief brief brief brief brief brief brief brief brief brief brief brief brief brief brief brief brief brief brief brief brief brief brief brief brief brief brief brief brief brief brief brief brief brief brief brief brief brief brief brief brief brief brief brief brief brief brief brief brief brief brief brief brief brief brief brief brief brief brief brief brief brief brief brief brief brief brief brief brief brief brief brief brief brief brief brief brief brief brief brief brief brief brief brief brief brief brief brief brief brief brief brief brief brief brief brief brief brief brief brief brief brief brief brief brief brief brief brief brief brief brief brief brief brief brief brief brief brief brief brief brief brief brief brief brief brief brief brief brief brief brief brief brief brief brief brief brief brief brief brief brief brief brief brief brief brief brief brief brief brief brief brief brief brief brief brief brief brief brief brief brief brief brief brief brief brief brief brief brief brief brief brief brief brief brief brief brief brief brief brief brief brief brief brief brief brief brief brief brief brief brief brief brief brief brief brief brief brief brief brief brief brief brief brief brief brief brief brief brief brief brief brief brief brief brief brief brief brief brief brief brief brief brief brief brief brief brief brief brief brief brief brief brief brief brief brief brief brief brief brief brief brief brief brief brief brief brief brief brief brief brief brief brief brief brief brief brief brief brief brief brief brief brief brief brief brief brief brief brief brief brief brief brief brief brief brief brief brief brief brief brief brief brief brief brief brief brief brief brief brief brief brief brief brief brief brief brief brief brief brief brief brief brief brief brief brief brief brief brief brief brief brief brief brief brief brief brief brief brief brief brief brief brief brief brief brief brief brief brief brief brief brief brief brief brief brief brief brief brief brief brief brief brief brief brief brief brief brief brief brief brief brief brief brief brief brief brief brief brief brief brief brief brief brief brief brief brief brief brief brief brief brief brief brief brief brief brief brief brief brief brief brief brief brief brief brief brief brief brief brief brief brief brief brief brief brief brief brief brief brief brief brief brief brief brief brief brief brief brief brief brief brief brief brief brief brief brief brief brief brief brief brief brief brief brief brief brief brief brief brief brief brief brief brief brief brief brief brief brief brief brief brief brief brief brief brief brief brief brief brief brief brief brief brief brief brief brief brief brief brief brief brief brief brief brief brief brief brief brief brief brief brief brief brief brief brief brief brief brief brief brief brief brief brief brief brief brief brief brief brief brief brief brief brief brief brief brief brief brief brief brief brief brief brief brief brief brief brief brief brief brief brief brief brief brief brief brief brief brief brief brief brief brief brief brief brief brief brief brief brief brief brief brief brief brief brief brief brief brief brief brief brief brief brief brief brief brief brief brief brief brief brief brief brief brief brief brief brief brief brief brief brief brief brief brief brief brief brief brief brief brief brief brief brief brief brief brief brief brief brief brief brief brief brief brief brief brief brief brief brief brief brief brief brief brief brief brief brief brief brief brief brief brief brief brief brief brief brief brief brief brief brief brief brief brief brief brief brief brief brief brief brief brief brief brief brief brief brief brief brief brief brief brief brief brief brief brief brief brief brief brief brief brief brief brief brief brief brief brief brief brief brief brief brief brief brief brief brief brief brief brief brief brief brief brief brief brief brief brief brief brief brief brief brief brief brief brief brief brief brief brief brief brief brief brief brief brief brief brief brief brief brief brief brief brief brief brief brief brief brief brief brief brief brief brief brief brief brief brief brief brief brief brief brief brief brief brief brief brief brief brief brief brief brief brief brief brief brief brief brief brief brief brief brief brief brief brief brief brief brief brief brief brief brief brief brief brief brief brief brief brief brief brief brief brief brief brief brief brief brief brief brief brief brief brief brief brief brief brief brief brief brief brief brief brief brief brief brief brief brief brief brief brief brief brief brief brief brief brief brief brief brief brief brief brief brief brief brief brief brief brief brief brief brief brief brief brief brief brief brief brief brief brief brief brief brief brief brief brief brief brief brief brief brief brief brief brief brief brief brief brief brief brief brief brief brief brief brief brief brief brief brief brief brief brief brief brief brief brief brief brief brief brief brief brief brief brief brief brief brief brief brief brief brief brief brief brief brief brief brief brief brief brief brief brief brief brief brief brief brief brief brief brief brief brief brief brief brief brief brief brief brief brief brief brief brief brief brief brief brief brief brief brief brief brief brief brief brief brief brief brief brief brief brief brief brief brief brief brief brief brief brief brief brief brief brief brief brief brief brief brief brief brief brief brief brief brief brief brief brief brief brief brief brief brief brief brief brief brief brief brief brief brief brief brief brief brief brief brief brief brief brief brief brief brief brief brief brief brief brief brief brief brief brief brief brief brief brief brief brief brief brief brief brief brief brief brief brief brief brief brief brief brief brief brief brief brief brief brief brief brief brief brief brief brief brief brief brief brief brief brief brief brief brief brief brief brief brief brief brief brief brief brief brief brief brief brief brief brief brief brief brief brief brief brief brief brief brief brief brief brief brief brief brief brief brief brief brief brief brief brief brief brief brief brief brief brief brief brief brief brief brief brief brief brief brief brief brief brief brief brief brief brief brief brief brief brief brief brief brief brief brief brief brief brief brief brief brief brief brief brief brief brief brief brief brief brief brief brief brief brief brief brief brief brief brief brief brief brief brief brief brief brief brief brief brief brief brief brief brief brief brief brief brief brief brief brief brief brief brief brief brief brief brief brief brief brief brief brief brief brief brief brief brief brief brief brief brief brief brief brief brief brief brief brief brief brief brief brief brief brief brief brief brief brief brief brief brief brief brief brief brief brief brief brief brief brief brief brief brief brief brief brief brief brief brief brief brief brief brief brief brief brief brief brief brief brief brief brief brief brief brief brief brief brief brief brief brief brief brief brief brief brief brief brief brief brief brief brief brief brief brief brief brief brief brief brief brief brief brief brief brief brief brief brief brief brief brief brief brief brief brief brief brief brief brief brief brief brief brief brief brief brief brief brief brief brief brief brief brief brief brief brief brief brief brief brief brief brief brief brief brief brief brief brief brief brief brief brief brief brief brief brief brief brief brief brief brief brief brief brief brief brief brief brief brief brief brief brief brief brief brief brief brief brief brief brief brief brief brief brief brief brief brief brief brief brief brief brief brief brief brief brief brief brief brief brief brief brief brief brief brief brief brief brief brief brief brief brief brief brief brief brief brief brief brief brief brief brief brief brief brief brief brief brief brief brief brief brief brief brief brief brief brief brief brief brief brief brief brief brief brief brief brief brief brief brief brief brief brief brief brief brief brief brief brief brief brief brief brief brief brief brief brief brief brief brief brief brief brief brief brief brief brief brief brief brief brief brief brief brief brief brief brief brief brief brief brief brief brief brief brief brief brief brief brief brief brief brief brief brief brief brief brief brief brief brief brief brief brief brief brief brief brief brief brief brief brief brief brief brief brief brief brief brief brief brief brief brief brief brief brief brief brief brief brief brief brief brief brief brief brief brief brief brief brief brief brief brief brief brief brief brief brief brief brief brief brief brief brief brief brief brief brief brief brief brief brief brief brief brief brief brief brief brief brief brief brief brief brief brief brief brief brief brief brief brief brief brief brief brief brief brief brief brief brief brief brief brief brief brief brief brief brief brief brief brief brief brief brief brief brief brief brief brief brief brief brief brief brief brief brief brief brief brief brief brief brief brief brief brief brief brief brief brief brief brief brief brief brief brief brief brief brief brief brief brief brief brief brief brief brief brief brief brief brief brief brief brief brief brief brief brief brief brief brief brief brief brief brief brief brief brief brief brief brief brief brief brief brief brief brief brief brief brief brief brief brief brief brief brief brief brief brief brief brief brief brief brief brief brief brief brief brief brief brief brief brief brief brief brief brief brief brief brief brief brief brief brief brief brief brief brief brief brief brief brief brief brief brief brief brief brief brief brief brief brief brief brief brief brief brief brief brief brief brief brief brief brief brief brief brief brief brief brief brief brief brief brief brief brief brief brief brief brief brief brief brief brief brief brief brief brief brief brief brief brief brief brief brief brief brief brief brief brief brief brief brief brief brief brief brief brief brief brief brief brief brief brief brief brief brief brief brief brief brief brief brief brief brief brief brief brief brief brief brief brief brief brief brief brief brief brief brief brief brief brief brief brief brief brief brief brief brief brief brief brief brief brief brief brief brief brief brief brief brief brief brief brief brief brief brief brief brief brief brief brief brief brief brief brief brief brief brief brief brief brief brief brief brief brief brief brief brief brief brief brief brief brief brief brief brief brief brief brief brief brief brief brief brief brief brief brief brief brief brief brief brief brief brief brief brief brief brief brief brief brief brief brief brief brief brief brief brief brief brief brief brief brief brief brief brief brief brief brief brief brief brief brief brief brief brief brief brief brief brief brief brief brief brief brief brief brief brief brief brief brief brief brief brief brief brief brief brief brief brief brief brief brief brief brief brief brief brief brief brief brief brief brief brief brief brief brief brief brief brief brief brief brief brief brief brief brief brief brief brief brief brief brief brief brief brief brief brief brief brief brief brief brief brief brief brief brief brief brief brief brief brief brief brief brief brief brief brief brief brief brief brief brief brief brief brief brief brief brief brief brief brief brief brief brief brief brief brief brief brief brief brief brief brief brief brief brief brief brief brief brief brief brief brief brief brief brief brief brief brief brief brief brief brief brief brief brief brief brief brief brief brief brief brief brief brief brief brief brief brief brief brief brief brief brief brief brief brief brief brief brief brief brief brief brief brief brief brief brief brief brief brief brief brief brief brief brief brief brief brief brief brief brief brief brief brief brief brief brief brief brief brief brief brief brief brief brief brief brief brief brief brief brief brief brief brief brief brief brief brief brief brief brief brief brief brief brief brief brief brief brief brief brief brief brief brief brief brief brief brief brief brief brief brief brief brief brief brief brief brief brief brief brief brief brief brief brief brief brief brief brief brief brief brief brief brief brief brief brief brief brief brief brief brief brief brief brief brief brief brief brief brief brief brief brief brief brief brief brief brief brief brief brief brief brief brief brief brief brief brief brief brief brief brief brief brief brief brief brief brief brief brief brief brief brief brief brief brief brief brief brief brief brief brief brief brief brief brief brief brief brief brief brief brief brief brief brief brief brief brief brief brief brief brief brief brief brief brief brief brief brief brief brief brief brief brief brief brief brief brief brief brief brief brief brief brief brief brief brief brief brief brief brief brief brief brief brief brief brief brief brief brief brief brief brief brief brief brief brief brief brief brief brief brief brief brief brief brief brief brief brief brief brief brief brief brief brief brief brief brief brief brief brief brief brief brief brief brief brief brief brief brief brief brief brief brief brief brief brief brief brief brief brief brief brief brief brief brief brief brief brief brief brief brief brief brief brief brief brief brief brief brief brief brief brief brief brief brief brief brief brief brief brief brief brief brief brief brief brief brief brief brief brief brief brief brief brief brief brief brief brief brief brief brief brief brief brief brief brief brief brief brief brief brief brief brief brief brief brief brief brief brief brief brief brief brief brief brief brief brief brief brief brief brief brief brief brief brief brief brief brief brief brief brief brief brief brief brief brief brief brief brief brief brief brief brief brief brief brief brief brief brief brief brief brief brief brief brief brief brief brief brief brief brief brief brief brief brief brief brief brief brief brief brief brief brief brief brief brief brief brief brief brief brief brief brief brief brief brief brief brief brief brief brief brief brief brief brief brief brief brief brief brief brief brief brief brief brief brief brief brief brief brief brief brief brief brief brief brief brief brief brief brief brief brief brief brief brief brief brief brief brief brief brief brief brief brief brief brief brief brief brief brief brief brief brief brief brief brief brief brief brief brief brief brief brief brief brief brief brief brief brief brief brief brief brief brief brief brief brief brief brief brief brief brief brief brief brief brief brief brief brief brief brief brief brief brief brief brief brief brief brief brief brief brief brief brief",confirmed_none
150,730,阶段检查点，非最终 FULL,5FD1B74C891C7FCD1393F3731C55F917A6F0124ED0CFBCE5063FD190CA40ACF7,CQ-S-20260805-C1-Q0067,CQ-Q0067,达人合作数据怎么追踪更有效?,核心池,业务场景问题,2026-08-05,core_round_1,C1,collected,"展开
 达人合作数据怎么追踪更有效? 
豆包·网页
达人合作数据高效追踪方法



核心思路：事前埋指标→中间做监测→事后做归因，区分达人自然流量+投放流量，剔除水分，看真实转化ROI，不只看曝光点赞。下面分【前期设置、实时追踪、核心指标、避坑去水、复盘沉淀】整套实操。



一、合作前：把追踪链路提前搭好（最重要，事后很难补）


1、区分不同追踪工具，匹配合作模式



1）专属链接/短链（落地页追踪）



每个达人分配唯一短链/专属落地页，同一个达人不同视频也要分开链接；
能力：统计点击、访问、加购、下单、成交金额；适合带货、电商转化类达人。



2）专属优惠券码/核销码



一人一码，达人粉丝只能用这个券；
优点：不受跳转拦截影响，统计真实核销，适合抖音/小红书/快手，规避链接跳失带来的数据不准。



3）平台官方工具优先用



抖音：巨量星图，星图订单绑定，看星图后台的播放、点击、转化、成交；
小红书：蒲公英平台，蒲公英订单后台看笔记数据、店铺跳转；





官方后台数据比第三方更准，尽量走平台下单，不要私单，私单无法拿到平台原生转化数据。






4）UTM参数标记（外部引流、信息流、跳转官网）






模板示例：?utm_source=xiaohongshu&utm_medium=influencer&utm_campaign=202608_productA&utm_content=darenn01

每个达人一套独立utm，在网站/小程序后台统计访问、注册、留资。








✅关键规则：一个达人=一套唯一标识（短链/券码/utm），不要多个达人共用同一个链接，否则分不清谁带来的订单。





二、分两类目标，确定追踪指标（不要全部指标都看）


①品牌曝光种草目标（品宣，不直接带货）





不看成交，看种草效果





内容层：播放/阅读、完播率、点赞、评论、收藏、转发、粉丝增量
舆情层：评论关键词抓取（多少人问产品、价格、在哪买）、搜索指数（品牌词/产品词搜索上涨）





重点：搜索增量是种草最容易被忽略的指标，达人笔记爆了会带动站内搜索，这部分转化不属于达人链接，要单独监测。





②带货转化目标（ROI导向）



基础数据：播放、点击CTR、访问人数

转化数据：加购、下单、付款、核销、GMV、ROI、客单价、退款率

⚠️一定要统计退款后真实ROI，只看下单GMV会虚高。



三、执行中：怎么实时追踪，及时止损优化




建立达人数据看板表格
字段建议：达人ID、账号量级、报价、发布时间、链接/券码、播放、点击、访问、加购、付款GMV、退款GMV、真实ROI、完播率、评论量、是否爆文。







视频/笔记有生命周期：





抖音：重点看发布后24‑72小时；
小红书：7‑14天持续有长尾流量，不能刚发完就下定论。




分层监测




高预算头部达人：每日看数据，若24h数据远低于预期，及时沟通是否加推、修改补充；
中腰部/素人铺量：批量汇总，不盯单条，看整体矩阵效果。




区分自然流量vs付费助推
如果给达人视频投了薯条/DOU+，要把付费带来的数据剥离，区分「达人原生内容效果」和「广告投放效果」，避免高估达人能力。




四、关键避坑：剔除虚假水分，防止数据误判





不要只看表面播放点赞

很多账号存在刷量：高播放、低完播、低收藏、评论都是无关话术。

校验信号：完播率远低于行业均值；评论没有产品相关提问；点击率异常低。




区分间接转化（种草递延转化）

很多用户看完达人笔记，不点击达人链接，自己去店铺搜索下单，这部分订单不会记到达人短链里，直接用链接统计会低估达人价值。








解决办法：

①监测平台后台【品牌搜索量、店铺直接访问】在达人发布周期的涨幅；

②可以做对照组：同一时间段不投放达人，对比基线搜索数据，估算种草溢出价值。








退款率重点关注

部分达人流量虽然GMV高，但退款率极高，属于无效流量，计算ROI必须扣减退款。




私单风险：不走星图/蒲公英，平台不回传转化，只能靠短链券码，数据容易丢失。





五、合作结束后复盘追踪，沉淀模型




计算两套ROI：




直接ROI：达人专属链路带来成交 ÷ 达人费用
综合种草价值：直接成交+搜索溢出带来增量，评估品宣价值




标签化达人：
给达人打标签：“高转化带货型”“高种草曝光型”“数据虚高刷量型”，后续复用筛选。


复盘内容特征：爆文的脚本、场景、话术是什么，复制给到下一批达人。




六、简单可直接落地工作流总结




签约达人时，分配唯一短链+专属券码+UTM，记录到表格；优先走官方平台订单；


发布后，按平台周期持续采集数据（抖音看3天，小红书看14天）；


剔除DOU+/薯条付费流量，扣退款得到真实GMV；


同时监控品牌搜索增量，补上递延种草转化；


计算直接ROI+种草价值，给达人打标签，迭代下一轮选品选达人。





如果你告诉我是做抖音还是小红书、是种草还是带货，我可以给你一份可直接复制的达人合作追踪表格模板。",confirmed_none
150,730,阶段检查点，非最终 FULL,5FD1B74C891C7FCD1393F3731C55F917A6F0124ED0CFBCE5063FD190CA40ACF7,CQ-S-20260805-C1-Q0068,CQ-Q0068,"达人合作流程怎么管理,哪些节点最容易出问题?",核心池,业务场景问题,2026-08-05,core_round_1,C1,collected,"展开
 达人合作流程怎么管理,哪些节点最容易出问题? 
豆包·网页
达人合作全流程管理方案+高频风险节点拆解


一、标准化达人合作完整全流程



整体划分为前期立项筛选→商务签约对接→内容策划排期→拍摄制作审核→上线投放执行→数据复盘结算六大核心阶段。



阶段1：需求立项与达人筛选




明确营销目标：品宣引流、带货转化、种草曝光、直播专场、口碑测评；敲定预算、投放周期、投放渠道（抖音/小红书/快手/B站等）、受众人群。


筛选达人：自建达人库、第三方MCN平台、官方星图/蒲公英等合规渠道，核验粉丝画像、历史内容数据、过往同品类合作案例、舆情口碑、报价体系。


初筛建联：初步沟通档期、合作形式、基础报价、排他要求、品牌基础限制。




阶段2：商务谈判+正式签约（风控核心环节）




细节敲定：合作形式（短视频图文、直播、置换、坑位费+佣金、纯佣金）、发布时间、视频口播文案、画面硬性规范、限流补发规则、售后兜底。


拟定合同：权责划分、版权归属、排他协议、违约金、数据考核标准、结算方式、发票要求、违规追责条款。


内部审批盖章，达人/MCN回签，杜绝口头约定。




阶段3：内容共创、脚本审核与排期锁定




品牌输出brief：核心卖点、禁用话术、必须植入信息、避雷内容、画面场景、标签话题、评论区引导话术。


达人提交脚本、分镜、文案初稿，品牌多轮审核定稿；锁定拍摄日期、交付初稿时间、最终定稿上线时间。




阶段4：成片审核、修改定稿、按时上线




达人交付成片样片，品牌合规、法务、市场三方复核；修改优化直至确认定稿。


约定固定发布时段，实时盯上线；上线后第一时间检查是否漏植入、违规删减内容、私自改动脚本。


开启评论区运维，达人配合置顶评论、答疑控评。




阶段5：投放助推与过程监控



按需搭配平台流量券、DOU+、薯条、信息流加热；实时监测播放、互动、跳转链接、下单转化，监控有无违规限流、恶意刷量。



阶段6：数据验收、对账结算、档案归档




按合同约定考核数据：基础播放量、互动率、UV进店、成交GMV，剔除异常刷量数据。


核对账单、开具合规发票，走内部财务付款流程；留存合同、脚本、成片、数据截图、对账凭证归档。


优质达人纳入长期合作白名单，劣质达人拉入黑名单。




二、全流程最高频踩坑节点、问题表现与管控办法


（一）签约商务环节：风险最高，纠纷重灾区




口头合作无书面合同
问题：达人临时抬价、临时跳档拒拍、随意删减品牌植入，出现违约后无追责依据；置换合作达人履约敷衍。
管控：无论费用高低，置换、小额合作一律走简易电子合同；明确违约赔付标准。


权责约定模糊
常见漏洞：没写清限流补发规则、刷量判定标准、版权归属、达人舆情连带责任、竞品排他期限。
例：视频被平台限流后，达人拒绝重拍补发；达人账号爆出负面舆情，品牌无法终止合作索赔。


报价隐形加价
问题：敲定基础报价后，达人额外索要投流费、置顶费、评论维护费、话题服务费。
管控：合同标注一口包干价，列明所有包含服务，额外增值服务单独签字确认。


结算与发票不合规
问题：个人达人无法开具对应类目发票、拖延开票、MCN对公转账账户与签约主体不一致，财务无法入账。
管控：签约前确认开票主体、税点、开票类目，结算节点绑定发票提交。




（二）达人筛选阶段：隐性风险源头




数据掺水、刷量达人
表现：粉丝水分高、互动率异常偏高、评论同质化机器水军，投放实际引流转化极差；账号频繁违规限流。
管控：借助平台官方后台数据、第三方数据工具核查近30条自然内容数据，拒绝只看粉丝数不看精准画像。


达人历史舆情风险
隐患：达人过往有不当言论、虚假宣传、偷税、品牌翻车历史，合作后连带品牌口碑翻车。
管控：合作前做舆情背调，合同加入“达人出现重大负面舆情，品牌可无条件终止合作，无需支付尾款”条款。


粉丝画像不匹配
只看中头部流量，粉丝年龄、地域、消费力和品牌目标客群完全不符，投放性价比极低。




（三）脚本&内容审核环节：合规翻车高发区




达人私自篡改定稿脚本
问题：口头答应脚本，实拍时删减核心卖点、私自添加竞品信息、夸大功效、极限词宣传（最、第一、根治、特效等），导致品牌违规被罚、商品链接下架。
管控：成片必须品牌终审通过才可发布；合同约定私自改片视为违约，扣除部分尾款。


brief传递信息不对称
内部对接人传递需求出错，达人理解偏差，内容植入生硬不符合品牌调性，成片推翻重拍耽误档期。
管控：标准化书面brief，关键要求标红，双方签字确认接收。


广告标识不规范
未按平台要求标注#广告、#合作、#品牌推广，判定硬广违规限流、扣分处罚。




（四）上线执行与过程管控




临时跳档、延期发布
达人临时接竞品广告、个人私事无故拖延上线，错过营销活动大促节点。
管控：合同设置档期违约金，临近上线前1-2天二次确认档期。


上线后放任不管
评论区出现负面提问、黑粉带节奏，达人不配合控评答疑，负面扩散；达人私自下架视频。


虚假刷数据冲考核
达人上线后买刷播放、刷点赞评论，数据看着达标，实际没有真实流量转化，验收时很难甄别。
管控：考核以平台官方后台原生数据为准，异常数据剔除不计费。




（五）数据验收与结算环节




数据考核标准模糊
前期没界定合格播放量是否包含投流加热数据、限流视频是否算作有效履约，后期双方对验收结果扯皮。


对账周期冗长，双方资料对接拖沓
达人迟迟不提供后台数据截图、结算资料，拉长付款周期，激化矛盾。




（六）长期合作隐性问题



头部达人自持流量强势压价、强制捆绑附加权益；腰部达人稳定性差，账号容易封号限流；未搭建达人分级体系，优质达人没有长期激励，流失严重。



三、落地高效管控的实用优化手段




搭建标准化SOP模板
统一brief模板、合作报价单、简易电子合同、脚本审核表、成片验收单、结算对账单，减少人为沟通漏洞。


达人分级管理
S级头部（重点风控、深度绑定）、A级优质腰部（长期固定档期）、B级素人铺量（标准化置换，低成本试错），差异化管理。


关键节点设置双复核
商务定合同、市场审内容、法务审合规、财务锁定结算条件，关键环节一人发起一人复核。


保证金/尾款制衡机制
常规合作预留10%~20%尾款，数据验收无问题、发票无误后再结清，倒逼达人认真履约。


建立黑白名单
履约优秀、数据稳定的达人优先续约；违约、数据造假、口碑翻车达人永久拉黑，不再合作。




四、简要优先级总结




最高致命风险：无合同口头合作、内容违规极限词、达人突发重大舆情；


高频经济损失风险：数据刷量、临时跳档、私自改片、结算发票纠纷；


低效浪费类问题：人群不匹配、brief沟通失误、错过营销档期。




推荐问题
 如何高效管理达人合作的全流程？
 数据复盘结算阶段需要注意哪些问题？
 达人合作的内容策划排期阶段有哪些注意事项？",confirmed_none
150,730,阶段检查点，非最终 FULL,5FD1B74C891C7FCD1393F3731C55F917A6F0124ED0CFBCE5063FD190CA40ACF7,CQ-S-20260805-C1-Q0069,CQ-Q0069,达人合作流程管理难怎么办?,核心池,业务场景问题,2026-08-05,core_round_1,C1,collected,"展开
 达人合作流程管理难怎么办? 
豆包·网页
达人合作流程管理难怎么解决



痛点通常集中在：达人筛选耗时间、对接沟通碎片化、合同/样品混乱、排期失控、数据回收慢、结算扯皮、版本文档散落在微信/表格，信息不同步。核心思路：标准化流程 + 工具沉淀 + 权责节点化，把口头沟通变成可追溯的闭环。



一、先梳理完整标准化达人合作全流程（把模糊的事变成固定步骤）


1. 前期：需求&达人筛选



1）明确brief：输出固定模板（推广目标、预算、产品卖点、投放平台、达人量级、内容形式、发布时间、禁止话术、KPI预期），避免反复改需求。






问题根源：brief没写清，后续反复改脚本、改排期。






2）达人池管理



建立达人库表格：平台、账号ID、粉丝量级、垂类、报价、过往合作记录、避雷标签、联系方式、返点、档期。
区分：备选、意向、已合作、黑名单；不要临时到处找达人。
筛选后输出候选清单，内部确认预算与人选再发起对接，不要先聊再申请预算。


2. 中期：商务对接、签约、样品、脚本审核、排期发布



1）意向沟通：记录达人反馈（报价、档期、是否接受修改、版权要求），重要信息不要只留在微信，同步到台账。

2）立项审批：预算、人选确认后走内部审批。

3）合同/排期单：统一模板，明确：发布时间、修改次数、版权、结算条件、违约条款、KPI考核标准。

4）样品寄送：台账记录快递单号、寄出时间、达人签收状态；跟进确认收到样品。

5）脚本/素材审核：设置审核时限（比如达人提交后24h内反馈），留存审核版本，拒绝口头确认，必须书面确认脚本。

6）发布盯档：临近排期提醒达人；发布后立刻抓取链接，记录发布链接。



3. 后期：数据复盘、验收、结算、归档



1）数据回采：固定时间窗口（发布后7/14天）收集曝光、播放、互动、转化、带货GMV；区分自然数据 vs 投流数据，避免结算纠纷。

2）项目验收：对照brief和合同，判断是否达标，记录问题（拖档、内容违规、数据不达标）。

3）结算流程：收集发票、核对合同约定，走财务流程；台账标记已结算/待结算。

4）复盘归档：达人表现打分，更新达人库标签，沉淀案例，不合格达人打入黑名单。






常见坑：没有验收标准，做完再扯皮；微信聊天作为唯一凭证，出现纠纷无依据。





二、工具选型：根据团队大小选择


小团队（3‑5人，预算有限）



组合：在线表格（飞书多维表格/Notion/腾讯文档）+ 企业微信

搭建一张达人合作总台账，字段建议：






项目名称｜达人｜平台｜粉丝｜预算｜状态（候选/对接中/待签合同/待样品/待脚本审核/待发布/待验收/待结算/已完结）｜排期｜合同编号｜样品快递｜脚本版本｜发布链接｜数据结果｜验收结果｜结算状态｜备注风险






优点：零成本，所有人实时协同；禁止只用本地Excel。

配套：brief模板、达人合同模板、验收标准模板全部文档化。



中大型团队（高频投放，几十上百个达人项目并行）



1）SaaS达人管理工具：如新抖、新红、千瓜、星图（抖音）、蒲公英（小红书），支持达人库、下单、数据回传；

2）项目协同：飞书项目/Teambition，把每个合作变成任务，设置节点负责人+截止时间，超时预警；

3）合同：电子签，减少来回寄纸质合同。






不建议全部依赖第三方工具：平台工具只能处理平台内达人，站外达人（私域、B站、视频号）仍需要台账管理。





三、解决流程管理的核心制度（避免人治）




节点责任制：每个项目每个节点定负责人和截止时间，比如谁负责筛选、谁审脚本、谁盯排期、谁核对结算，避免大锅饭。


信息沉淀规则：重要信息禁止只在微信
报价、档期、脚本确认、修改要求，必须同步到台账/文档；微信只做即时沟通。


风险前置




报价浮动、达人临时跳档、脚本反复修改，提前写进合同；
设置缓冲排期，不要把发布日期卡死在活动前最后一天。




统一验收标准写进合同
什么算达标？什么属于违约？修改最多几次？数据统计周期？哪些数据不计入考核，全部白纸黑字，减少后期拉扯。




四、高频问题针对性解决



1）达人太多，状态混乱：用状态字段做筛选视图，只看“待发布”“待结算”，不要一整张几百行表格翻来翻去。

2）排期经常跳档：台账设置排期预警，提前3天、1天提醒；预留备选达人。

3）结算慢、对账难：台账和财务字段对齐，合同编号和结算一一对应。

4）新人上手慢：沉淀SOP文档，所有模板集中存放，新人直接套用，不用反复问老员工。



五、简单落地行动建议（马上可以做）



1、整理一份SOP文档，把达人合作全流程步骤写出来；

2、搭建统一协同台账，把历史合作达人录入打标签；

3、输出固定brief、脚本确认单、验收标准模板；

4、规定规则：关键商务确认，必须留书面记录。




如果你需要，我可以直接给你一份【达人合作多维表格字段模板】和【达人brief模板】，复制即可直接使用。",confirmed_none
150,730,阶段检查点，非最终 FULL,5FD1B74C891C7FCD1393F3731C55F917A6F0124ED0CFBCE5063FD190CA40ACF7,CQ-S-20260805-C1-Q0070,CQ-Q0070,达人合作流程能不能自动化管理?,核心池,业务场景问题,2026-08-05,core_round_1,C1,collected,"展开
 达人合作流程能不能自动化管理? 
豆包·网页
达人合作流程能不能自动化管理



可以自动化，但做不到100%完全无人化，核心重复、标准化环节可自动化；商务谈判、创意对齐、风险终审这类主观环节仍然需要人工介入。



一、达人合作完整流程，哪些能自动化、哪些不能



完整链路：达人筛选→建联触达→报价&合同→排期brief下达→物料交付→内容审核→数据回传→结算打款→复盘归档



✅适合自动化的环节（可系统/工具实现）




达人筛选池
自动根据粉丝量级、类目、互动率、历史合作数据、报价区间做标签筛选；自动过滤违规、数据异常账号，生成候选达人清单。







工具：达人SaaS、巨量星图、蒲公英、第三方MOM管理系统，可配置筛选规则自动输出名单。







建联触达（批量初触）
模板化私信/邮件自动推送合作邀约；自动记录已联系、待回复状态；自动提醒逾期未回复。







注意：平台私信有风控，大批量完全自动发消息容易被限流封号，一般是模板+人工触发发送。








报价收集、合同流转

达人线上填报报价；电子合同自动发起、线上签署；系统自动归档合同版本；自动抓取合作条款（排期、费用、交付要求）生成项目字段。




项目任务、brief下发

选定达人后，自动生成标准化brief，自动推送任务；设置时间节点自动发送提醒：临近排期提醒、物料提交截止提醒。




物料收集、基础合规初检

达人上传视频/笔记物料；系统做基础检测：违禁词、logo露出、标题格式校验；自动同步版本记录。








⚠️只能做基础机器检测，创意、话术细节、隐性违规必须人工审核。








发布监控&数据自动回传

内容发布后，自动抓取链接，监控是否按时上线；API自动拉取播放、点赞、评论、转化、点击数据；自动生成单达人报表。




结算流程自动化

根据合同条款+确认的发布数据，自动生成结算单；自动校验排期完成、物料交付、发票；流转财务审批，触发打款流程；自动归档凭证。




达人库档案自动更新

合作结束自动更新达人档案：过往效果、履约好坏、是否黑名单、历史报价，自动打标签。





❌很难自动化，必须人工




前期商务博弈：谈价、特殊合作条件、权益增减


创意沟通：脚本方向调整，沟通品牌诉求，修改内容思路


终审风险把控：内容价值观、隐性软广风险、情绪导向，机器识别能力有限


异常问题处理：达人跳票、拖稿、内容翻车、舆情、纠纷调解




二、两种自动化落地方案


方案1：用现成SaaS工具（中小品牌、电商，上手快）



平台原生：抖音星图、小红书蒲公英

第三方系统：达人管理SaaS，实现：达人池管理、任务派发、物料收集、数据回传、结算审批。






优点：开箱即用；缺点：定制化弱，复杂业务流程受限。





方案2：自建自动化流程（中大型品牌/MCN）



组合：CRM/业务系统 + API对接平台达人接口 + OA审批 + BI报表



自动筛选达人→自动创建项目任务→自动推送brief→API拉取发布数据→自动生成结算单→对接财务ERP
中间关键节点设置人工审批关卡（脚本审核、结算终审），做到“大部分流转自动化，风险节点人工把关”。





也可以低代码（飞书多维表格、明道云、简道云）搭轻量化自动化：自动提醒、表单收集、状态流转，适合预算有限团队。





三、自动化常见坑（很多团队踩雷）




完全指望全自动化，砍掉人工审核：机器识别不了软性广告风险，容易出现品牌翻车。


批量自动私信建联：平台风控，账号容易限制私信功能，建议模板+人工触发。


数据API限制：部分平台不开放完整数据，自动化拿不到转化数据，需要手动补录。


达人侧不配合系统：达人不习惯线上系统填报报价、上传物料，反而增加沟通成本。




四、推荐最优实践模式：半自动化





流程流转自动化，关键决策人工卡点

把重复工作（筛选、发提醒、收物料、拉数据、生成结算单、档案归档）交给系统；

谈判沟通、脚本创意、内容终审、纠纷处理保留人工。

既减少大量重复人力，又规避业务风险。






如果你需要，我可以帮你输出一份：达人合作自动化流程简图，或者飞书/低代码版本可直接落地的流程方案。",confirmed_none
150,730,阶段检查点，非最终 FULL,5FD1B74C891C7FCD1393F3731C55F917A6F0124ED0CFBCE5063FD190CA40ACF7,CQ-S-20260805-C1-Q0071,CQ-Q0071,"达人合作码在哪里看,怎么用来追踪合作效果?",核心池,业务场景问题,2026-08-05,core_round_1,C1,collected,"收起
 达人合作码在哪里看,怎么用来追踪合作效果? 
豆包·网页
搜索关键词
达人合作码在哪里看 怎么追踪合作效果
抖音达人合作码查看入口 使用方法
巨量百应达人合作码作用 数据追踪
抖音达人合作码（千川授权合作码）





合作码作用：给商家千川/随心推授权，让商家可以投你的短视频、直播间，追踪这条合作内容的投放、转化数据。

⚠️它不是星图订单码，专门用于线下私洽合作，给商家投放授权用，合作码本身不能直接看带货GMV，是用来做投放绑定追踪。





一、达人端：在哪里看合作码（抖音APP）




抖音 →我 →右上角☰ →设置 →账号与安全


往下滑找到【我的合作码】


打开「开放广告合作能力」开关，就生成合作码，可以复制发给商家







没有入口：账号需要完成实名认证，部分账号需要满足基础条件才出现入口。

✅安全提示：一个合作码给一家商家；合作结束后点【更新合作码】，旧码直接失效，防止商家继续授权投你的内容。





二、商家端怎么用合作码、追踪合作效果




商家登录巨量千川PC后台


工具 →抖音号授权，输入达人给到的合作码，完成绑定授权（需要签署商业合作授权协议）


授权完成：商家千川就可以选择达人这条短视频/直播间做随心推、千川投放




📊怎么追踪合作效果



合作码只是授权绑定凭证，本身不产生数据，绑定之后分两块看数据：



1、商家千川后台（看付费投放效果）



千川-报表：可以看到通过该授权达人内容产生的：消耗、曝光、点击、成交GMV、ROI、订单数，这就是商家给达人这条合作内容投流的完整追踪数据。






只有商家在千川投了这条达人视频/直播，这里才有数据；达人自然流量（没投流）不会在这里统计。





2、带货成交（商品出单）


如果挂精选联盟商品：商家看【巨量百应】，达人看【商品橱窗-佣金数据】，看自然流量+投流整体出单、佣金。
如果走星图下单：星图后台看笔记播放、互动数据；带货看百应联盟订单。





重点区分：



合作码=千川投放授权：追踪商家付费投流带来的数据；
星图订单：管理广告接单、看笔记自然播放互动；
巨量百应/橱窗：看商品带货成交、佣金。




三、达人怎么看自己被商家投放的数据



达人不能直接看到商家千川后台，只能看到自己账号：





作品播放、互动（抖音创作者中心）


带货出单佣金（橱窗）







商家千川投放消耗、ROI，属于商家投放账户私有数据，达人需要商家同步给到你。





四、常见误区




❌合作码≠星图接单码：不走星图、线下合作才用合作码，给商家做千川投流授权；走星图订单不需要合作码。


❌合作码不能统计自然流量成交：只用于绑定商家付费投放追踪，自然流量看橱窗/百应。


✅合作完记得更新合作码：旧码作废，避免商家后续私自投你的视频、直播间。




补充（小红书合作码，粉丝1000以内）



小红书合作码是单笔记维度：笔记分享页→合作码；达人在「我-创作者中心-合作笔记」查看授权记录，适合品牌给笔记投薯条追踪效果，粉丝≥1000自动关闭该功能。




如果你需要，我可以给你整理一份商家和达人对接合作码的简短沟通话术。



15 个引用
推荐问题
 合作码绑定后，达人可以看到商家的投放数据吗？
 合作码的具体使用期限是多久？
 合作码生成后可以修改吗？
引用来源
序号
	站点名称
	站点类型
	标题
	
文章负面词
	发布时间
1
	
抖音
	
视频平台
	
#真实生活分享计划 新手小白接广，一定要学会查UID码和合作码，这可是接广必备的。#记录带娃日常#自媒体创业 #自媒体干货分享 #60000亿热门话题 @DOU+上热门 @巨量引擎小助手 @DOU+小助手
	
--
	
2026-03-21


2
	
m.douyin.com
	
视频平台
	
如何查看合作达人_如何查看合作达人数据_如何查看合作达人ID-抖音
	
--
	
--


3
	
小红书推广
	
官网/独立站/行业垂直
	
小红书广告笔记推广「合作码」产品使用说明
	
--
	
2025-05-16


4
	
巨量引擎开放平台
	
官网/独立站/行业垂直
	
抖音号授权-账户管理-商业开放平台
	
--
	
--


5
	
抖音
	
视频平台
	
抖音接广必备！UID和合作码查找教程 #真实生活分享计划 #自媒体干货 #抖音接广告 #博主接单 #抖音运营技巧
	
--
	
2026-06-08


6
	
抖音
	
视频平台
	
#上热门话题🔥🔥🔥 带货达人必须要懂的什么是uld什么是合作码，不然你就没有办法和商家谈#真人口播 #教你一招 #自媒体创业 #跟我一起在抖音涨知识 @DOU+小助手
	
--
	
2024-09-25


7
	
抖音
	
视频平台
	
达人合作列表在哪里找 - 抖音
	
--
	
unknown


8
	
抖音
	
视频平台
	
#保儿宁#百灵鸟 #短视频知识分享 #创作者中心 #创作灵感 #自媒体干货 #宝妈自媒体 @抖音作者助手 @DOU+小助手
	
--
	
2026-06-10


9
	
抖音
	
视频平台
	
抖音合作码查询路径 #合作码位置 #合作码 #抖音合作码 #抖音合作码怎么找
	
--
	
2026-05-26


10
	
抖音
	
视频平台
	
新人带货一定要知道UID和合作码 #视频带货 #视频带货分享 #视频带货新手入门方法 #短视频带货 #短视频带货技巧
	
--
	
2026-05-23


11
	
就爱读
	
官网/独立站/行业垂直
	
抖音达人合作码在哪里开通?有什么用途? - 电脑数码 - 就爱读
	
--
	
2025-02-22


12
	
巨量引擎
	
官网/独立站/行业垂直
	
抖音号设置 - 巨量帮助
	
--
	
2023-07-25


13
	
蚁小二
	
官网/独立站/行业垂直
	
抖音达人合作码在哪里开通?有什么用途?-蚁小二
	
--
	
2025-02-22


14
	
站长工具网
	
官网/独立站/行业垂直
	
抖音达人合作码是什么意思?抖音达人合作码怎么开通? - 站长工具网
	
--
	
2025-05-18


15
	
抖音电商
	
电商平台
	
关于修订《账号绑定功能使用协议(机构版)》、《机构绑定达人协议(达人端)》的公示通知
	
--
	
2026-01-12",captured
150,730,阶段检查点，非最终 FULL,5FD1B74C891C7FCD1393F3731C55F917A6F0124ED0CFBCE5063FD190CA40ACF7,CQ-S-20260805-C1-Q0072,CQ-Q0072,"达人合作管理混乱,怎么不用Excel也能管清楚?",核心池,业务场景问题,2026-08-05,core_round_1,C1,collected,"收起
 达人合作管理混乱,怎么不用Excel也能管清楚? 
豆包·网页
搜索关键词
达人合作管理混乱不用Excel怎么管理
达人合作管理核心模块 流程模板
品牌达人管理系统功能 筛选 排期 复盘 结算
达人合作管理工具 对比 飞书 企业微信 专用SaaS
达人合作不用Excel怎么管清楚



Excel混乱根源：多版本文件、多人同时改表、信息散在微信/聊天记录、排期冲突、寄样漏跟进、结算数据手动抄、员工离职丢资源、无法自动提醒预警。




分轻量方案（中小团队，低成本）、专业SaaS方案（达人数量多、MCN/品牌投放），同时配套一套标准化管理逻辑，彻底脱离表格台账。



一、轻量方案：多维表格（飞书/钉钉，零额外软件费用）



适合：几十‑200个达人，预算有限，不想上重型CRM，直接替代Excel，自带权限、视图、提醒、仪表盘。



搭建2张核心数据表



1）达人资源档案库（主库）

字段：达人ID、平台、昵称、粉丝、互动率、报价、合作形式、标签（垂类/带货能力/质量等级）、联系方式、跟进人、状态（待建联/意向/黑名单/长期复投）、历史合作记录、黑名单原因。






设置权限隔离：报价、佣金仅主管、财务可见，普通媒介只能看基础信息，防止泄露；离职一键交接全部资源，不会丢号。






2）商单合作执行表（每一条合作一条记录）

字段：关联达人档案、项目名称、Brief附件、合作类型（短视频/直播）、排期时间、寄样状态、脚本审核、发布链接、播放/GMV、费用、结算状态、截止提醒。

开启视图切换



日历视图：可视化排期，一眼看到档期冲突，避免同一天多个同类达人撞档
看板视图：按阶段流转「待建联→待寄样→脚本审核→待发布→已发布→待结算→结案归档」，卡在哪一步一目了然
仪表盘：自动汇总合作数、消耗、ROI、待结算清单，不用手动做图表



配套：文档存放Brief、合同；任务自动提醒寄样、催脚本、结算节点；表单收集达人信息，自动入库，避免手动录入。






优点：上手快，和内部沟通打通；缺点：不能自动抓取平台播放、GMV数据，数据仍需要人工录入；适合中小团队。





二、专业达人CRM/SaaS（真正全闭环，自动拉取数据）



适合：达人>200、多媒介同时BD，高频投放，痛点是重复对接、样品混乱、复盘结算耗时间，系统打通抖音/小红书等平台，自动回传投放数据，不用复制粘贴数据。



主流工具分类



1）投放分析类CRM（蝉圈圈、飞瓜智星）



核心能力：达人库标签分层、重复跟进预警（防止两个BD同时找同一个达人）、黑名单留痕、寄样全链路跟踪（物流、签收）、合作日历排期、自动抓取播放/互动/GMV数据、自动生成复盘报表、结算台账。
解决痛点：媒介抢达人、样品丢件漏跟进、手动统计数据、排期撞档。



2）MCN/服务商CRM（大鱼达人CRM、新榜矩阵通）

侧重：公私域达人资源管理、团队权限、员工一键交接、KOC批量管理、多项目隔离，适合代理公司、MCN机构。




3）平台官方后台（巨量星图、蒲公英平台）

适合纯平台内下单合作；缺点：外部非星图达人、小红书、视频号达人无法录入，只能管理平台订单，不能管理私域达人资源。




✅专业SaaS核心价值：





防重复对接：同一个达人被A媒介跟进中，B媒介无法发起建联，彻底杜绝团队内部撞达人；


寄样管理：寄样申请、物流跟踪、签收确认，统计样品成本；


数据自动回传：发布后自动抓取播放、互动、成交，不用复制粘贴；


全流程留痕：沟通记录、脚本版本、合同、结算全部存在单条合作单下，聊天记录不会散在微信；


黑名单：标记踩坑达人，写明原因，全团队共享，避免重复踩坑。







缺点：有年费，有学习成本。





三、落地：一套标准化流程（工具只是载体，流程不到位换工具依然乱）



完整合作闭环，全部线上记录，禁止依赖微信私聊记关键信息





建档建联：新达人录入系统，打上标签，分配跟进人；系统标记「跟进中」，其他人不能重复建联；沟通关键信息全部写跟进记录，不存微信聊天。


意向确认：报价、排期、brief确认后创建商单，锁定排期日历。


样品履约：线上发起寄样申请，记录物流单号，跟踪签收，避免口头答应寄样无记录。


内容审核：脚本、成片线上附件留存，审核意见系统内留痕。


发布验收：录入/自动抓取发布链接，系统采集数据。


结算归档：费用、发票、结算状态线上记录，结案后更新达人档案（评级、标签更新，标记是否复投）。




四、怎么选工具快速决策


团队规模	推荐方案
＜100达人，1‑3个媒介，预算有限	飞书/钉钉多维表格（轻量CRM模板）
100‑500达人，多媒介、高频投放	蝉圈圈/飞瓜智星（营销投放CRM）
MCN/广告代理公司，大量KOC/KOL管理	大鱼CRM、矩阵通
只做星图官方下单	直接巨量星图后台


五、避坑提醒




不要完全指望工具解决全部混乱：必须强制团队所有关键信息录入系统，禁止重要信息只留在微信聊天记录；


一定要做权限管控：报价、结算等敏感数据不能全员可见；


建立达人黑名单机制，踩坑达人写明原因，全团队可见，避免反复踩坑；


每周看排期日历，提前预警档期冲突、待结算、逾期未交付商单。





如果你需要，我可以直接给你一份可复制的【多维表格字段模板】，你复制到飞书多维表格直接启用。



23 个引用
推荐问题
 多维表格的仪表盘可以展示哪些数据？
 专业SaaS方案有哪些？
 如何设置多维表格的权限？
引用来源
序号
	站点名称
	站点类型
	标题
	
文章负面词
	发布时间
1
	
蝉圈圈
	
官网/独立站/行业垂直
	
品牌达人合作破局指南:从混乱到精细化的三步管理法
	
--
	
2025-11-14


2
	
飞书
	
官网/独立站/行业垂直
	
模板中心|达人商单管理表模板 - 飞书官网
	
--
	
--


3
	
矩阵通
	
官网/独立站/行业垂直
	
KOL/KOS/KOC/KOX账号难管?统一管控+协同提效，高效解决多达人运营问题_矩阵通
	
--
	
2025-12-15


4
	
蝉圈圈
	
官网/独立站/行业垂直
	
这届达人营销商务的破防瞬间!蝉圈圈搞定达人截胡 / 踩坑 / 低效筛选
	
--
	
2025-11-26


5
	
哔哩哔哩
	
视频平台
	
从混乱到可控——我用 LumiTok 把 TikTok 达人合作做成了一套标准化 - 哔哩哔哩
	
--
	
2025-11-18


6
	
搜狐
	
门户/自媒体平台
	
大鱼达人 CRM 实操:中小广告公司告别 Excel，统一管理抖音小红书视频号达人_数据_建联_平台
	
--
	
2026-06-23


7
	
今日头条
	
门户/自媒体平台
	
# 企微 vs 钉钉 vs 飞书:2026年三大协同办公平台深度对比与选型指南_无熵企微服务
	
--
	
2026-08-04


8
	
飞书
	
官网/独立站/行业垂直
	
影刀X飞书|MCN 行业提效自动化解决方案
	
--
	
2025-07-01


9
	
凤凰网财经
	
地方媒体/新闻
	
大厂抢滩AI办公_凤凰网
	
--
	
2026-08-05


10
	
抖音
	
视频平台
	
200 + 达人统一管理，头部 MCN 只用一张飞书表格 做 MCN 还靠 Excel、微信群管理达人商单？ 无忧传媒管理 200 + 达人的解决方案完整拆解 整理了传统模式 3 大避坑点 + 4 步落地模板，建议截图收藏✅ 不要再因为台账混乱、漏单、数据泄露踩坑！ 提问：你们机构用 Excel 管达人，还是专业 CRM？ 评论区打 A/B 交流 #MCN 运营 #无忧传媒案例 #飞书多维
	
--
	
2026-07-23


11
	
DIA数皆智能
	
官网/独立站/行业垂直
	
KOC营销_告别Excel“手工作坊”，提高团队协作与内容质量_DIA-数皆智能
	
--
	
2025-10-29


12
	
微博平台
	
门户/自媒体平台
	
新快报的微博
	
--
	
2026-08-05


13
	
抖音电商
	
电商平台
	
抖音电商学习中心
	
--
	
2025-09-02


14
	
TT123
	
官网/独立站/行业垂直
	
PEAKS 达人内容赋能商家 All-in-one-TT123卖家导航
	
--
	
2025-09-16


15
	
抖音
	
视频平台
	
达人合作全流程Checklist.还在为达人合作项目手忙脚乱、总怕遗漏关键步骤而焦虑吗？ 一次成功的达人合作，远不止“找达人-发内容”那么简单。它更像一个需要精密协作的项目，从策略制定到结案复盘，环环
	
--
	
2026-04-01


16
	
抖音
	
视频平台
	
达人档案模板 + SOP 清单 + 分类。⭕全套落地文档模板，包含达人档案表、标准SOP、分层话术、执行检查表，可直接复制使用、下发团队，适配达人分销 BD 全流程「复制同类客户」打法。 . ✅一、达
	
--
	
2026-06-13


17
	
qxb-img-osscache.qixin.com
	
官网/独立站/行业垂直
	
一种短视频达人合作项目协同合作系统及方法
	
--
	
2024-01-16


18
	
CSDN博客
	
社区/论坛/博客
	
达人合作全流程教程:用小青苔达人营销工具完成高级筛选、批量邀约和达人库管理_达人过滤自动打单-CSDN博客
	
--
	
2026-08-03


19
	
飞瓜智星
	
官网/独立站/行业垂直
	
飞瓜智星-达人分销一站式管理系统-数智先行
	
--
	
--


20
	
抖音
	
视频平台
	
达人直播排期怎么查？蝉妈妈可视化日程 Q1: 怎么查达人直播排期？ A1: 进入蝉妈妈「达人-达人库」，搜索达人昵称后点击详情。在「基础分析」页查看可视化带货日程，支持下钻单场详情。结合AI解读达人核
	
--
	
2026-07-31


21
	
巨量星图
	
官网/独立站/行业垂直
	
客户抖音移动端使用指南-星图营销服务平台
	
--
	
2025-12-15


22
	
AutoCreator
	
官网/独立站/行业垂直
	
ShoppeDance|AutoCreator 功能亮点介绍(V1.0)AutoCreator | TikTok Shop 首个 AI 自动化达人营销 Agent
	
--
	
2025-09-04


23
	
搜狐
	
门户/自媒体平台
	
什么是达人CRM?达人管理、跟进与样品寄送全解析_合作_简仑_建联
	
--
	
2026-07-15",captured
150,730,阶段检查点，非最终 FULL,5FD1B74C891C7FCD1393F3731C55F917A6F0124ED0CFBCE5063FD190CA40ACF7,CQ-S-20260805-C1-Q0073,CQ-Q0073,"达人合作表格太乱,怎么换成系统化管理?",核心池,业务场景问题,2026-08-05,core_round_1,C1,collected,"展开
 达人合作表格太乱,怎么换成系统化管理? 
豆包·网页
达人合作从杂乱表格升级系统化管理方案



现状痛点：Excel多版本、信息散落在多个表、跟进记录混在备注、合同/样品/排期/结算不同步、重复达人、数据手动复制、容易漏跟进、对账麻烦。

整体路径：梳理字段→优化现有表格模板→选工具系统→流程标准化→权限分工→定期复盘，可以分两档：低成本改良（继续用表格，适合小团队）、系统化工具（适合达人量>50个，长期跑业务）。



一、第一步：统一核心字段，把零散信息收敛



把现在分散在各个表格的信息，合并成一张【达人主库】，所有合作都从主库调取，禁止新建零散小表。



📋达人主库（基础档案表，相当于达人的身份证）


模块	关键字段
达人基础	达人ID、昵称、平台、账号链接、粉丝量级、垂类、报价（一口价/置换/佣金）、联系方式、对接人、标签（高转化/难沟通/优先复投/黑名单）
资质档案	达人头像截图链接、报价单、合同文件链接、开票信息、收款账户、过往踩坑备注


📋合作项目表（每一次投放一条记录，核心业务表）





一条合作=一行记录，不要一个达人多行堆在一起







项目信息：项目名称、活动批次、投放日期、上线排期、计划类型（付费/置换/佣金）、预算


执行流程：建联时间、初回时间、样品寄送（单号、寄出/签收）、脚本确认、交稿时间、发布时间、链接、状态（待建联→已沟通→待样品→待脚本→待发布→已发布→数据回收→待结算→已完结→终止）


效果数据：播放/阅读、点赞、评论、转化GMV、ROI、笔记截图链接


财务结算：应付金额、发票收取状态、付款申请、付款时间、结算备注







重要规则：达人主库和合作表通过【达人ID】关联，不要重复复制达人全部信息，避免两边改了不同步。





二、方案A：零成本，表格系统化改造（10–50个达人，小团队）



不用买系统，用飞书多维表格 / 腾讯文档多维表格 / Notion，替代普通Excel。普通Excel很难做多状态筛选、关联、附件，优先多维表格，不要传统Excel。





拆分两张表，做关联




表1：达人档案库（基础信息，只维护1次）
表2：合作执行表（每一次投放记录，关联达人档案，自动带出达人粉丝、报价、联系方式，不用重复录入）




配置视图，一套数据多视图切换




看板视图：按合作状态看板（待建联、待样品、待发布、待结算），拖拽更新状态，一眼看进度
日历视图：看排期发布日历，避免撞档漏发
筛选视图：筛选「待结算」「高优先级达人」「本月要投放」




附件统一上传：合同、脚本、笔记截图直接贴在行内，不再存在本地电脑


开启变更记录，谁修改、什么时候改全部留痕，避免版本混乱


禁止：不要复制整个表格另存“达人合作v1、v2、最终版”，全部在同一份文档操作。







缺点：数据量大后统计、自动对账弱；适合小规模。





三、方案B：专业系统化工具（达人>50，高频投放，需要财务对账）


1）SaaS工具（开箱即用，不用开发）


达人投放类：新抖、新红、灰豚、千瓜的达人CRM模块，优点：可以一键拉取达人后台粉丝数据，不用手动填，自带投放流程、结算台账；适合小红书/抖音投放团队。
通用业务CRM：飞书CRM、简道云，自定义搭建达人管理模块。优点完全自定义字段，可以打通内部审批（样品申请、付款审批）。



核心能力要满足：

✅达人资源库建档，标签分组、黑名单管理

✅合作流程流水线：建联-样品-脚本-发布-回传数据-结算全流程

✅附件存储合同脚本，操作日志留痕

✅自动报表：月度投放花费、ROI统计、达人复投统计

✅权限管控：商务只改跟进，财务只看结算，领导看报表



2）自研系统：适合超大体量，有技术团队，成本高，一般品牌很少选。


四、标准化业务流程（工具只是载体，流程不改，换系统还是乱）





很多人换完系统依旧混乱，根源是没有统一流程规范







达人入库规范：所有对接过达人必须录入达人库，禁止商务私存达人微信通讯录不进库；淘汰/踩坑达人打黑名单标签。


一次合作一条记录：同一个达人2次投放，合作表生成2行，禁止一行塞多次活动。


状态流转规则：状态不允许随意乱改；完成一个节点更新状态+填写跟进备注。


样品、合同、数据必须归档：样品单号、合同链接、发布笔记链接必填，不允许只写在微信聊天。


财务闭环：待结算状态必须绑定发票、付款节点，财务直接从系统导出对账台账，不要再复制粘贴表格。


定期清理：每周固定时间更新系统状态，不允许堆积，不要月底一次性补录。




五、权限分工（非常关键）


商务：新增达人、更新跟进状态、上传脚本笔记，不能修改财务金额
运营：核对排期、回收投放数据、校验笔记链接
财务：维护开票、付款信息，导出结算表；只读业务执行信息
管理者：查看看板报表，不能随意修改原始业务行


六、落地执行步骤（直接照做）




1天：整理历史杂乱表格，清洗去重达人，整理上面的核心字段；删掉重复、无效数据。


2‑3天：搭建多维表格/开通SaaS系统，搭建【达人档案库+合作项目表】，配置视图看板。


3天：迁移历史有效合作数据；废弃旧的零散Excel，统一切换新系统。


同步团队输出简短操作SOP：怎么新建达人、新建合作、更新状态、上传附件。


前2周每周做一次数据校验，防止大家依旧私下用旧表格。




七、两种方案怎么选


场景	推荐方案
每月投放1‑20单，小团队，预算有限	飞书/腾讯多维表格改造，低成本系统化
每月投放几十单以上，抖音小红书为主，需要自动达人数据、对账报表	达人CRM SaaS工具
需要和公司审批、库存样品系统打通，高度定制	简道云/飞书CRM搭建


避坑提醒



❌不要上来直接买昂贵系统，如果团队习惯没建立，再好的系统最后会变成摆设，大家继续私下用Excel。优先先用多维表格跑通业务流程，业务跑顺后再升级专业系统。




如果你需要，我可以直接给你一份可复制的【多维表格字段模板文本】，复制粘贴就能直接搭建。



推荐问题
 有哪些适合达人合作的工具系统？
 如何优化现有表格模板？
 如何进行流程标准化和权限分工？",confirmed_none
150,730,阶段检查点，非最终 FULL,5FD1B74C891C7FCD1393F3731C55F917A6F0124ED0CFBCE5063FD190CA40ACF7,CQ-S-20260805-C1-Q0074,CQ-Q0074,达人寄样一般要跟踪哪些样品状态?,核心池,业务场景问题,2026-08-05,core_round_1,C1,collected,"展开
 达人寄样一般要跟踪哪些样品状态? 
豆包·网页
达人寄样全流程样品状态跟踪清单



整体分为寄出前备货→物流在途→达人签收→样品使用/拍摄→返图/短视频交付→样品收尾五大阶段，每阶段核心跟踪节点、判断要点、风控动作如下：



一、寄件前置：出库备货状态（发货前确认，避免错发漏发）




样品备货完成状态
是否配齐主推款、尺码/色号、配件、试用装、品牌卡片、合作话术卡；


样品核对确认
款式、数量、规格是否和达人对接需求一致，是否区分主推样、备用样、对比样、抽奖样；


快递下单&面单生成
确认收件人、电话、达人详细地址无误，备注达人昵称+合作品类，留存快递单号。




二、物流在途状态（发货后1–3天重点盯，防止丢件、错派）




快递揽收成功
无揽收记录=商家漏发货，立刻核对仓库；


运输中转更新
长时间无物流停滞（超48h不动），联系快递查件、加急；


派件中
提醒达人留意手机取件码、驿站通知；


异常状态重点标记
拒收、地址不详、电话无法接通、包裹退回、丢件破损。







处理：异常第一时间补发或者协商取消合作，避免空等。





三、签收节点（核心分水岭，签收后正式约束达人履约）




正常签收
截图物流签收凭证，同步达人：样品已签收，确认收货；


驿站代收/门卫签收
私信达人提醒取件，避免长期放置遗忘；


破损签收
让达人拍开箱破损视频，直接补发，不勉强残品拍摄。




关键动作：签收后锁定履约时效



约定开箱期限、拍摄启动时间、出稿截止日期，白纸黑字同步。



四、达人样品使用&拍摄执行状态（最核心跟踪环节，防躺平、白嫖样品）


1. 开箱确认状态



达人是否拍摄开箱实拍图/视频（最低履约凭证），证明拿到样品、产品完好；无开箱极易出现白嫖。



2. 样品试用体验状态



美妆、服饰、食品、家居等品类：是否上脸/上身/实测使用，沟通使用感受、产品卖点适配度；



3. 拍摄筹备状态


是否取景、布景、构图；
是否确认脚本、口播文案；
是否确定发布形式（图文/短视频/直播）。


4. 拍摄完成（素材产出状态）



是否产出原片、初稿视频，可提前预审素材，修正卖点偏差、画面问题，减少定稿返工。



5. 初稿修改定稿状态



根据品牌需求调整剪辑、文案、话题标签、卖点侧重，确认终版内容。



五、内容发布履约状态（样品价值落地，闭环核心）




预约发布时间：达人定好发布档期；


准时发布：检查账号正常发布、无隐藏、无私密、无秒删；


内容合规校验：有无违规词、负面表述、错标价格、侵权素材；


数据起量跟踪：播放、点赞、评论、种草转化、橱窗挂车链接是否正常挂载。




六、样品收尾状态（分场景处理样品去向，管控成本）


场景1：纯置换合作（样品赠予达人）



内容发布完成，合作闭环，台账标记「样品核销，合作完结」。



场景2：付费寄样/高价值样品（首饰、数码、大件家电、奢侈品）




样品归还状态：约定发布后7天内寄回，跟踪寄回单号、签收；


样品损耗核验：归还后检查是否严重损坏、遗失，破损协商折价赔偿；




场景3：多轮复用样品



标记样品成色、瑕疵，入库登记，安排下一位达人二次寄样。



场景4：废样处理



破损、过期产品，直接报废登记，不再流转。



七、需要单独台账记录的异常样品状态（风控台账必备）




样品白嫖：签收失联、拒不拍摄、拖延超期无产出；


样品损毁：达人使用不当造成产品报废；


样品遗失：达人弄丢、快递丢失；


内容违约：发布内容敷衍、硬广不足、提前删稿；


退回样品：快递退回、达人拒收。




简易跟踪台账字段（直接套用）



达人ID｜快递单号｜发货日期｜物流状态｜签收日期｜开箱完成｜初稿交付｜发布时间｜样品处置（赠予/退回/报废）｜异常备注




需要我给你一份可直接复制的达人寄样跟进表Excel文字版模板吗？



推荐问题
 如何判断达人是否按照要求使用/拍摄样品？
 有哪些方法可以提高样品的签收率？
 如何处理达人寄回的样品？",confirmed_none
150,730,阶段检查点，非最终 FULL,5FD1B74C891C7FCD1393F3731C55F917A6F0124ED0CFBCE5063FD190CA40ACF7,CQ-S-20260805-C1-Q0075,CQ-Q0075,达人寄样流转怎么管理?,核心池,业务场景问题,2026-08-05,core_round_1,C1,collected,"收起
 达人寄样流转怎么管理? 
豆包·网页
搜索关键词
达人寄样台账管理模板 流程节点
达人寄样流转管理方案
品牌达人样品寄送全流程管理方法
达人寄样流转全流程闭环管理方案



核心思路：达人分层准入→审批锁库存→出库溯源→物流全追踪→履约分级跟进→样品回收/核销→数据归档复盘，全程节点留痕、责任到人、严控样品损耗与“白嫖”，小体量可用Excel台账，中大型搭配CRM/达人管理系统+仓储协同落地。



一、前期基础搭建：定规则、分达人、控预算


1. 达人分层寄样政策（从源头减少无效寄样）


达人层级	判定标准	寄样模式	风控手段
头部/成熟合作达人	50w+粉、历史稳定转化、履约率高	免费寄样，免押金	签订简易线上合作协议，约定发布时效
腰部达人	10w-50w、有带货数据、垂类匹配	免费寄样；高单价产品收50%样品押金	超时未履约扣押金或回收样品
素人/新达人	10w以内、无合作记录	优先买样返款（履约达标退还货款）；免费寄样收取全款押金	未履约直接扣押金，拉入寄样黑名单



押金规则：转账备注「XX品牌样品押金-达人昵称-日期」，达人按约定发布内容核验无误后3个工作日原路退还。



2. 基础台账/字段（Excel最低配置，必录）



达人ID、平台、昵称、对接商务、申请SKU、数量、样品成本、审批状态、出库时间、快递单号、签收时间、约定履约日期、跟进记录、最终状态（已履约/作废回收/核销）、押金记录、损耗标记。



3. 角色分工，杜绝推诿




达人商务：建联达人、核验资质、提交寄样审批、全程跟进履约、沟通异常；


运营主管：审批寄样申请、把控月度样品预算、裁决逾期异常；


仓储：凭审批单拣货打包、扫码出库、回填单号、高价值样品留存打包照片；


财务：押金对账、样品成本核算、月度损耗统计。




二、全链路8大流转节点SOP（标准化流转）


节点1：达人发起申样/商务定向邀约（意向锁定）




渠道：精选联盟线上申样、企微私信、表单收集；


必做动作：确认达人收货地址、电话二次核验，同步合作约定：试用周期、视频/直播发布时间、基础内容要求；


拒绝无效申请：账号异常、近期多次骗样、粉丝画像完全不匹配直接驳回，同一达人30天内驳回后不可重复申请同款样品。




节点2：寄样审批+库存锁定（防止超发、错发）




商务提交审批单→主管审核；


审核通过后仓储锁定对应样品库存，避免正常售卖库存被挪用；审核驳回直接归档，不占用库存；


线上平台（抖音百应）：72小时内完成申样审核，超时系统自动取消申请。




节点3：仓储拣货出库（溯源绑定）




必须凭审批单出库，禁止无审批私自发样；


每件样品绑定唯一编号/快递单号，关联对应达人，实现一物一溯源；


高价值样品打包拍照留证，降低丢件纠纷。




节点4：发货同步（D0寄出当天）




仓储回填物流单号，商务第一时间发给达人，附带物流查询链接；


同步温馨提醒：注意查收、签收后试用排期；台账更新状态：已寄样-运输中。




节点5：物流在途&签收确认追踪




自动抓取物流轨迹：预计签收日前1天提醒达人留意包裹；


显示签收当日：商务主动确认是否正常收货，台账切换状态：已签收-试用中；


异常拦截：丢件、拒收、退回，立刻对接快递补发/取消寄样、解锁库存。




节点6：签收后分时段履约跟进（核心防白嫖）



以签收日为基准时间轴标准化跟进：





签收后2-3天：询问试用体验，敲定拍摄大致排期，同步品牌素材参考、扶持福利（投流补贴、优惠券资源）；


签收后5-7天：正式确认发布档期，催促落地拍摄；


签收后10天：仍无进展，友好提醒+给出二选一方案：①限期3天内确定发布；②收回样品/扣除押金；


签收14天逾期未履约：标记无效寄样，高价值样品安排退回，达人账号降级，限制后续免费寄样权限。




节点7：履约验收&样品闭环处理


情况A：达人按要求完成内容发布




商务核验视频/直播链接、内容合规性；


押金全额退还，台账标记：已履约-样品核销；样品无需回收，计入营销推广成本；


优质达人录入优质达人库，后续优先寄样、商单合作。




情况B：未履约、放弃合作




低价样品：作废核销，标记损耗；


高价样品：安排寄回，运费协商；拒不退回则扣除押金，拉黑限制后续寄样；


台账标记：作废/待回收/已扣押金。




情况C：样品试用破损、产品质量问题



走售后换货流程，旧品退回仓储报废，重新安排寄样。



节点8：归档复盘&达人标签更新




每条寄样记录闭环归档，财务按月统计样品损耗率、寄样投产比（寄样转化订单/样品总成本）；


给达人打标签：高转化优质、履约一般、骗样黑名单、潜力达人；


优化下一轮寄样策略，缩减低产出达人的免费寄样预算。




三、三种落地管理工具方案（按体量选择）


方案1：小微企业月寄样＜50单（Excel/飞书表格零成本）



搭建四状态看板：待审批→已寄样运输中→已签收跟进中→已完结；设置条件格式自动高亮超时未跟进订单，每日商务更新状态，主管每日抽检。



方案2：中型品牌月寄样50-300单（达人CRM/百应后台）




抖音百应精选联盟样品管理：线上申样、一键审核、物流自动同步、履约线上核验、买样返款自动结算；


企微CRM绑定台账：签收、超时自动触发企微提醒，逾期自动升级抄送主管，减少人工盯盘。




方案3：大型品牌/MCN月寄样300单以上（全链路数字化）



对接ERP仓储+达人管理系统：扫码出库、物流接口自动同步、签收自动计时催履约、样品库存实时联动、自动核算成本损耗，样品无效损耗率可从12%降至3%以内。



四、核心风控手段，严控样品损耗




买样返款优先：中小达人优先走平台官方买样履约后退费，品牌零样品亏损风险；


押金分层兜底：客单价＞200元产品强制押金机制；


超时分级处罚：逾期3天提醒商务、7天抄送上级、14天冻结寄样权限；


禁止广撒网寄样：商务KPI考核「寄样履约率」，而非单纯寄样数量，杜绝盲目发样；


库存严格管控：无审批单仓储一律不许发货，杜绝内部私自发样流失。




五、常见异常处理




达人失联不回复：到期直接启动样品回收/扣押金，不再持续无效跟进；


地址错误无法签收：作废本次寄样，样品退回入库二次利用；


达人临时改档期：重新约定时间，台账更新排期，避免误判逾期；


大批量新品集中寄样：提前锁定专属样品库存，不和在售货混用。




六、配套简易台账字段（可直接套用）



序号、达人平台ID、达人昵称、对接人、SKU名称、数量、样品成本、申请时间、审批状态、出库日期、快递单号、签收时间、约定发布日、跟进记录、押金金额、最终状态、备注。




需要我给你一份可直接复制使用的Excel寄样流转台账模板（带状态自动标记、超时提醒字段）吗？



15 个引用
推荐问题
 如何处理达人寄样的损耗和“白嫖”问题？
 有哪些工具可以帮助管理达人寄样流转？
 如何制定达人寄样的预算？
引用来源
序号
	站点名称
	站点类型
	标题
	
文章负面词
	发布时间
1
	
mochends.com
	
官网/独立站/行业垂直
	
墨尘直播达人客户管理系统助力抖快小店高效运营 - 深圳墨尘贸易有限公司
	
--
	
2026-06-23


2
	
hwds868.com
	
官网/独立站/行业垂直
	
达人样品管理防白嫖:抖店合作5条规则详解 | 电商干货社区
	
--
	
2026-01-31


3
	
搜狐
	
门户/自媒体平台
	
达人管理系统:MCN 机构一站式管控达人商单、寄样、对账全流程解决方案_样品_运营_企业化
	
--
	
2026-06-27


4
	
原创力文档
	
官网/独立站/行业垂直
	
2026版TikTok全球达人建联与样品寄送闭环管理SOP手册标准作业SOP与检查表模板(分层训练).docx-原创力文档
	
--
	
2026-05-23


5
	
SARAL
	
官网/独立站/行业垂直
	
How to manage your influencer program in a spreadsheet [Templates Inside]
	
--
	
2025-09-14


6
	
mochends.com
	
官网/独立站/行业垂直
	
直播达人合作流程标准化:墨尘客户管理系统的角色与任务设计 - 深圳墨尘贸易有限公司
	
--
	
2026-04-22


7
	
抖音电商
	
电商平台
	
新手达人从0-1玩转精选联盟
	
--
	
--


8
	
抖音
	
视频平台
	
达人寄样全流程优化策略与合作率提升方法
	
--
	
2025-11-14


9
	
抖音
	
视频平台
	
达人分销必看✅达人寄样跟进SOP表🔥。💌这份《达人寄样跟进SOP表》的核心价值在于，它把一个依赖个人经验和运气的商务沟通工作，升级为了一个可预测、可控制、可复制的业务流程。 . 📌简单来说，它不是一张
	
--
	
2026-05-06


10
	
实在智能
	
官网/独立站/行业垂直
	
红人寄样后，如何自动发送物流跟踪链接? - 实在智能
	
--
	
2026-07-07


11
	
mochends.com
	
官网/独立站/行业垂直
	
直播电商样品损耗控制与墨尘系统的库存管理策略 - 深圳墨尘贸易有限公司
	
--
	
2026-04-22


12
	
抖音电商
	
电商平台
	
精选联盟样品服务管理规则
	
--
	
2026-06-30


13
	
抖音
	
视频平台
	
达人分销，如何提高寄样上播率？寄出样品后达人就不回复了怎么办？达人是在骗样吗？飞瓜智星可以绑定ERP，系统后台就能自动更新，物流信息，样品发货、达人签收等关键点，消息提醒商务跟进达人，合作推进成功率更
	
--
	
2025-09-17


14
	
2507045.fs1.hubspotusercontent-na1.net
	
官网/独立站/行业垂直
	
The Guide to Influencer Product Gifting: How to Start and Scale
	
--
	
--


15
	
ustechautomations.com
	
官网/独立站/行业垂直
	
Influencer Sample Requests: 3-Way Fulfillment Breakdown 2026
	
--
	
2026-06-14",captured
150,730,阶段检查点，非最终 FULL,5FD1B74C891C7FCD1393F3731C55F917A6F0124ED0CFBCE5063FD190CA40ACF7,CQ-S-20260805-C1-Q0076,CQ-Q0076,达人建联SOP怎么搭建?,核心池,业务场景问题,2026-08-05,core_round_1,C1,collected,"收起
 达人建联SOP怎么搭建? 
豆包·网页
搜索关键词
达人建联SOP搭建流程
达人筛选 触达 跟进 复盘SOP
品牌达人建联完整SOP模板
抖音达人建联标准化流程 注意事项
达人建联SOP搭建完整方案



达人建联SOP核心目标：标准化BD动作、提升邀约回复率、管控寄样骗样风险、沉淀可复用达人资产、统一团队执行口径，覆盖：前期准备→达人筛选分级→触达邀约→意向沟通&寄样→排期上线执行→数据复盘&达人池维护、风控机制、配套工具表单。适用于抖音/快手/小红书，纯佣、坑位费、寄样测评模式均可套用。






核心原则：先定目标，再筛人；拒绝无脑群发；全流程留痕，达人动态分级管理。





一、SOP前置准备（启动前必须完成）


1.明确合作目标与合作模式



先对齐业务目标，避免BD盲目建联



目标类型	合作模式	核心考核指标
转化带货	纯佣、坑位费+佣金、专场直播	GMV、ROI、千次成交、退货率
内容种草	寄样测评、无坑位费短视频	曝光、互动、笔记资产、搜索引流



输出物料包（全部准备好再建联）：

1）货盘表：主推产品、售价、佣金、优惠券、库存、卖点；

2）品牌brief：品牌简介、核心卖点、禁止宣传点、合规红线；

3）素材包：产品图、短视频素材、参考脚本、关键词标签；

4）合作政策文档：寄样规则、履约要求、结算周期、违约说明。



2.搭建达人管理台账（Excel/飞书表格）



必填字段：达人ID、账号名称、粉丝量级、赛道标签、联系方式、达人等级、合作状态、建联时间、触达次数、回复状态、寄样记录、排期、产出数据、ROI、标签备注、黑名单标记。



二、阶段1：达人挖掘 & 筛选分级SOP





不要只看粉丝数，优先看内容垂直、粉丝画像匹配、真实互动、过往带货履约情况。





1.达人来源渠道



1）平台官方：精选联盟达人广场、小红书蒲公英；

2）竞品对标：竞品合作达人，重点看高转化达人；

3）关键词搜索：赛道关键词下高赞笔记/视频作者；

4）第三方数据工具：飞瓜、千瓜、灰豚；

5）主动报名、团长推荐。



2.筛选硬性&优先条件



硬性过滤（不满足直接剔除）

1）账号近14天稳定更新，有带货历史；

2）粉丝画像与产品目标人群匹配；

3）无明显违规、虚假流量特征；

4）排除黑名单内骗样达人。




优先加分项

1）带过同类目产品；

2）互动率达标（短视频≥3%）；

3）历史合作退货率低，履约率高；

4）接受纯佣/寄样模式。



3.达人分层（S/A/B/C四级动态管理）


S级（头部/优质腰部）：高转化、高ROI，优先1v1深度对接，谈长期框架合作；资源倾斜，可坑位费+佣金。
A级（潜力腰部）：数据稳定，匹配度高，重点攻坚，批量邀约，优先主推爆品。
B级（中尾部）：垂直小达人，铺量测款，以纯佣寄样为主。
C级（素人）：铺量种草，小批量测试，低人力投入。
D黑名单：骗样、履约差、数据造假，永久拉黑，禁止寄样合作。





规则：每次合作结束后根据数据动态升降级。





三、阶段2：触达邀约SOP（核心提升回复率）


1.触达渠道优先级



1）平台官方邀约（蒲公英/精选联盟邀约）；

2）账号私信；

3）主页商务微信；

4）MCN机构邮箱。






❌禁止无脑批量复制粘贴群发，容易限流降权，每条做轻度个性化修改。





2.邀约话术公式





身份+看见达人某条具体内容（个性化）+合作模式+利益点+明确诉求+物料附件

示例：

您好，我是XX品牌商务，刷到您XX这条视频，内容非常贴合我们XX品类。我们目前主推XX产品，支持纯佣合作/寄样测评，佣金XX%，附上货盘，请问是否有兴趣了解？





3.跟进节奏（标准化，不骚扰）



1）第1次：初次私信；

2）间隔48小时：第2次简短跟进；

3）间隔72小时：第3次跟进，可微调政策；

4）3次无回复，终止跟进，台账标记【无回复】，30天后再二次触达，不要高频骚扰。






执行要求：BD每日建联数量设置上限，避免平台风控。





四、阶段3：意向对接、寄样履约SOP（最高风险环节）



达人回复意向后执行：





1个工作日内发送货盘表、brief，确认合作模式：纯佣/坑位费/寄样；


对齐履约规则：产出形式、发布时间、挂载链接、必带标签关键词、禁止宣传点；


寄样风控（重点防骗样）
优先使用平台官方样品申请，设置履约门槛；
个人小号谨慎免费寄样；可采用买样返款模式；
登记收件信息，拒绝驿站虚拟地址；
台账登记样品单号、寄出时间，约定产出周期；


物流发出同步单号；达人签收后1‑2天询问是否收到产品；


临近约定产出日期前3天温和提醒，不频繁轰炸。







风险预案：拿到样品超期不产出，标记预警，多次违约拉入黑名单。





五、阶段4：排期&上线执行SOP




确认发布时间，台账锁定排期；


发布前1天：再次确认链接、优惠券、库存，补发素材；


发布当天：
检查作品：链接挂载、标签、品牌@、合规点；
实时监控数据（播放、点击率、出单、评论）；
客服做好评论区、粉丝咨询承接；


直播合作：开播前2小时再次确认链接，商务在线待命处理突发问题。




六、阶段5：合作结束、复盘与达人池维护SOP




合作结束1个工作日内，导出数据：播放、GMV、订单、退货、ROI、千次成交；


给达人简单反馈简报，收集达人侧反馈（产品、佣金、素材问题）；


结算：按合同/联盟规则完成佣金结算，剔除退款订单；


达人重新评级：
S/A：标记高价值，定期维护，优先大促复投；
B/C：看数据决定是否二次建联；
履约差/骗样：移入黑名单；


月度复盘：统计团队指标：邀约总量、回复率、寄样履约率、合作成功率、整体ROI，迭代筛选条件、优化话术、调整佣金政策。




七、风控规则（写入SOP强制执行）




黑名单共享：骗样、虚假数据、违规宣传达人全团队禁用；


寄样不能无底线放开，小号、新号严控免费样品；


禁止达人使用夸大宣传词，上线前校验合规；


坑位费合作，设置分阶段付款，绑定履约效果；


所有建联、寄样、排期、结果必须登记台账，禁止口头合作无记录。




八、团队KPI参考（SOP配套考核口径）





不以触达数量为唯一考核，重点看有效产出





私信回复率；
寄样履约率（样品收到后实际产出内容占比）；
达人合作ROI；
优质达人沉淀数量；
黑名单新增数量（作为风险预警）。


九、SOP落地落地建议




输出两份文档：①完整SOP操作手册；②配套台账模板；


团队统一话术模板库，分S/A/B级达人不同话术；


每两周迭代一次SOP：根据回复率、履约情况调整筛选条件、寄样规则；


新人BD必须熟读SOP，避免随意操作造成样品损耗与沟通事故。





如果你需要，我可以帮你输出一份可直接复制到飞书的达人建联SOP文档+台账字段模板。



推荐问题
 如何筛选和分级达人？
 搭建达人管理台账的具体步骤是什么？
 如何提高达人建联的效率和效果？
引用来源
加载中...",captured
150,730,阶段检查点，非最终 FULL,5FD1B74C891C7FCD1393F3731C55F917A6F0124ED0CFBCE5063FD190CA40ACF7,CQ-S-20260805-C1-Q0077,CQ-Q0077,"达人建联话术怎么写,达人更愿意回复?",核心池,业务场景问题,2026-08-05,core_round_1,C1,collected,"展开
 达人建联话术怎么写,达人更愿意回复? 
豆包·网页
高回复率达人建联话术全套（分风格+场景+避坑要点）



核心底层逻辑：先共情、讲清利益、降低对方时间成本、态度真诚不卑微、拒绝硬广式群发，达人最反感复制粘贴广告、只喊带货、不说收益、不说明需求。

下面分通用公式、不同渠道开场白、短平快模板、高转化进阶话术、避雷清单、发送技巧，可以直接复制。



一、万能建联公式（照着套，回复率翻倍）





称呼 + 精准夸赞（点明达人亮点）+ 自我介绍+品牌/产品 + 直白收益 + 合作需求 + 低门槛体谅 + 轻量化邀约

示例结构：

“XX老师您好～很喜欢你视频里【具体优点：真实测评/接地气穿搭/粉丝粘性高】

我是XX品牌运营，我们主营xxx；

本次合作：免费寄样+佣金/固定服务费+流量扶持；

只需要您做一条短视频/直播，时长没有硬性要求；

方便发我一份报价吗，不合适也没关系～”





二、分场景可直接复制话术


场景1｜私信初次破冰（抖音/小红书/视频号，通用·标准版）


版本1｜简洁高效（适合千粉‑10w素人达人、探店、测评博主）





哈喽博主您好！刷到您的视频感觉风格特别真实接地气，粉丝互动很好。

这边是XX品牌，主营XX产品，想邀约您进行短视频种草合作。

支持免费寄送样品、高额佣金/固定酬劳，拍摄时间您自由把控，脚本可以由我们提供参考，减轻您工作量。

如果近期有空，可以告知下您的合作报价和排期嘛，感谢！





版本2｜温柔走心版（颜值、母婴、居家、美食精致博主）





博主你好，认真看完了你好几条作品，你的审美/分享角度很舒服，粉丝评论氛围超好！

我们是做XX品类的本土品牌，产品口碑过硬，想找风格契合的博主真诚种草，不要求夸张带货。

可提供样品、付费酬劳，拍摄完全尊重你的创意，不会硬性管控文案。

感兴趣可以聊聊报价，打扰啦～





版本3｜短消息极简版（适合评论区私信、企业微信，怕达人嫌长）





您好，看中您账号XX内容风格，我方XX品牌寻种草达人，有偿合作+免费样品，无强制脚本，方便沟通报价吗？





场景2｜纯置换合作（无现金酬劳，只寄样，适合新人博主）





博主您好！很欣赏您的内容风格。

我们新品XX，现招募体验博主，免费寄送全套样品，只需要您产出一条真实体验分享即可，文案风格完全由您决定，不强制好评。

感兴趣可以回复我，给您发产品详情～





场景3｜直播带货达人专属话术





XX老师您好，关注您很久，直播间粉丝购买力和互动都很强。

我们品牌主营XX，给到达人专属高佣金、样品、专属福利价、投流扶持，售后全部由我们承担，您只需要负责介绍货品。

想问下您近期直播空位档期以及带货报价，期待合作！





场景4｜头部/中腰部资深达人（语气尊重、突出资源，别太卑微）





XX老师您好，我是XX品牌商务负责人，长期有关注您的账号输出，内容质感非常出众，和我们品牌定位高度匹配。

本次希望达成深度内容合作，可提供定制服务费、品牌资源联动、后续长期复投合作、专属福利。

不知老师近期是否接收商单，方便沟通合作方案？





场景5｜拒绝群发感·个性化破冰（回复率最高）



一定要带上博主视频细节，达人一眼看出不是群发






哈喽！刚看完你那条【举具体视频标题/内容，例：租房平价好物测评】，讲解特别细致，很多粉丝在评论区求链接！

我们刚好就是同款品类品牌，想邀约您测评种草，有偿合作+样品，不会干预你的真实测评，请问接种草商单吗？





三、不同目的进阶话术


1. 先拿报价，不强催





您好，看中您账号风格，寻求短视频种草，有偿合作。

麻烦方便的时候发下短视频报价、拍摄周期即可，档期不合适也没关系，先存入我们达人库后续邀约～





2. 寄样‑试合作话术





博主您好，我们可以先免费寄送样品，您体验过后觉得产品合适再决定要不要出内容，没有强制任务，零压力，感兴趣回复地址就行。





3. 长期达人绑定话术





您好，我们品牌会持续性投放种草，希望寻找风格适配的固定博主长期合作，商单价格稳定、新品优先寄送、可给到专属佣金，期待和您建立长期联系！





四、达人最愿意回复的3个加分细节，写进话术




尊重创作自由：不强制脚本、不强制话术、允许真实测评


降低工作量：可提供参考脚本、素材、BGM、文案，不需要博主从头构思


利益直白透明：开篇就点明：付费 / 佣金 / 免费样品，别吊着对方




五、千万不要写的踩坑话术（极易被无视）




群发式：您好要不要合作？（没有夸赞、没有利益、没有介绍）


命令口吻：麻烦帮我们推广一下产品


模糊收益：合作有福利（不说清样品、钱、佣金）


苛刻要求：必须点赞3000+、严格按照我们脚本一字不差念


画大饼：后期流量爆火、以后带爆你的账号（空口承诺）




六、发送小技巧，拉高回复率




工作日 11‑13点、19‑22点私信，是博主空闲刷消息高峰；


第一条话术控制在3‑5行，拒绝超长小作文；


24小时没回复，可以二次简短跟进一次，不要频繁刷屏；


账号主页放好品牌简介、产品图，达人点开主页可以快速了解你。





需要我再给你准备小红书、抖音、视频号分开的专属话术+达人跟进二次催回复模板吗？



推荐问题
 如何提高达人建联的效率？
 推荐一些达人建联话术的范本
 写达人建联话术有哪些注意事项？",confirmed_none
150,730,阶段检查点，非最终 FULL,5FD1B74C891C7FCD1393F3731C55F917A6F0124ED0CFBCE5063FD190CA40ACF7,CQ-S-20260805-C1-Q0078,CQ-Q0078,"达人批量建联怎么管理,怎样避免重复跟进?",核心池,业务场景问题,2026-08-05,core_round_1,C1,collected,"展开
 达人批量建联怎么管理,怎样避免重复跟进? 
豆包·网页
达人批量建联管理+避免重复跟进实操方案



核心痛点：批量发消息容易重复触达、多人协作跟进状态混乱、同一个达人被多个运营反复打扰，导致达人反感、拉黑、回复率下降。整套分为台账管理、流程规则、工具能力、防重复机制、SOP执行五部分。



一、达人信息台账（防重复的底层）


台账必备字段（Excel/飞书多维表格/Notion都可以）


字段	作用
达人ID/抖音号/主页链接	唯一主键，用来查重，必须填
达人昵称、粉丝区间、垂类、报价	基础筛选
分配运营人	谁负责跟进
建联状态	未建联/已发送/已读未回/已拒绝/意向待谈/合作中/已合作/黑名单（不二次触达）
建联时间、渠道、话术版本	记录什么时候、用什么话术联系
达人反馈内容	达人原话，避免二次问相同问题
禁止跟进标记	达人明确拒绝、拉黑、不接广告，打上标记永久过滤





重点：达人主页链接/ID是唯一标识，不要靠昵称查重，昵称可以重复。





基础防重复逻辑




新抓取达人，先在表里检索达人ID，存在就直接跳过，不新建。


达人一旦打上【黑名单/拒绝合作】，后续所有批量任务自动排除。




二、多人协作防重复跟进规则（最容易出问题）



很多重复不是工具问题，是多运营之间没有隔离。





达人池做分片分配
把达人库拆分成多份，A运营负责1‑1000，B运营1001‑2000，一个达人只归属1个负责人，其他人禁止操作该达人。


状态锁机制
只要状态变更为「已建联」，其他运营不允许再发起批量私信。


禁止全员无差别批量群发
不要所有人同时对整个达人池跑建联任务，必然重复骚扰。




三、批量建联工具选型 & 工具层面怎么避免重复


1）第三方达人工具（蝉妈妈、新抖、灰豚、巨量星图服务商工具）



✅自带能力：



已建联标记、过滤已联系达人、过滤黑名单
⚠️坑点：
工具内部的“已建联”只记录本账号的发送记录；如果你多个抖音子账号同时建联，A账号联系过，B账号不知道，依旧会重复发送。



👉解决：

多账号场景，不能只依赖工具本地记录，必须同步到公共台账做二次校验。



2）巨量星图官方建联



星图后台有「已联系」标签，同一个星图账号不会重复发；但多个星图子账号之间数据不通，依旧会重复。






关键结论：工具自带防重复只对同一个发送账号生效；多账号矩阵建联，必须外部台账兜底。





3）不建议：脚本/爬虫批量私信



极易封号，没有合规保障。



四、完整批量建联SOP，从选池到发送，杜绝重复




导出待建联达人候选池（工具筛选垂类、粉丝、报价）


第一步查重过滤：候选池ID与公共台账做VLOOKUP匹配
台账存在：跳过；状态是拒绝/黑名单直接剔除
台账不存在：新增进入待发送池


分配给对应运营/发送账号，做好分片，不要交叉


批量发送建联消息，工具勾选：过滤本账号已联系达人


发送完成立刻回写台账：更新【建联时间、状态、发送账号】


回复之后跟进：更新反馈，拒绝则标记黑名单；意向则进入谈判；合作结束标记已合作


每周清洗黑名单池：所有后续批量任务都排除黑名单ID




五、高频踩坑点 & 优化回复率





❌错误：每次直接全量达人池跑一遍批量，不管有没有联系过

✅正确：每次只拿过滤后的全新达人子集发送。




❌错误：靠昵称查重，同名达人大量重复打扰

✅正确：以达人ID/主页链接作为唯一查重key。




❌错误：多个抖音账号独立跑任务，互不互通记录

✅正确：每次发送后把所有账号发送记录汇总到一张公共表格。




达人明确说不接广告，必须打上黑名单，不要隔半个月又去打扰，会被举报，降低账号私信权重。




批量建联不要完全一模一样话术，可以设置3‑5套变体，降低模板感，提升回复率。





六、简易落地版本（没有付费工具，只用飞书多维表格/Excel）




所有达人统一入库，ID不重复；


用条件格式高亮重复ID；


设置视图：黑名单视图、待建联视图、意向视图；


每一批次导出待建联ID，复制给运营去私信；


发送完批量回填状态；


下一批次先排除“已建联、黑名单”的ID。




七、进阶：自动化思路（有条件可以做）



把达人工具API + 多维表格打通：



抓取达人自动去重；
已发送、拒绝自动回写标签；
批量任务自动过滤黑名单ID，减少人工漏看。



如果你需要，我可以直接给你一份可复制的达人建联台账模板表头，或者一份内部使用的达人建联SOP文档文本。",confirmed_none
150,730,阶段检查点，非最终 FULL,5FD1B74C891C7FCD1393F3731C55F917A6F0124ED0CFBCE5063FD190CA40ACF7,CQ-S-20260805-C1-Q0079,CQ-Q0079,达人投放ROI怎么算?,核心池,业务场景问题,2026-08-05,core_round_1,C1,collected,"展开
 达人投放ROI怎么算? 
豆包·网页
达人投放ROI计算





ROI=投入产出比，达人投放核心看GMV ROI（最常用），还有毛利ROI（更真实盈利情况）





1、GMV‑ROI（平台/服务商最常用）



ROI = 达人带货总GMV ÷ 达人投放总花费



GMV：达人直播/短视频带货成交总销售额（付款金额，含退款前）
投放总花费 = 坑位费 + 佣金成本 + 样品费 + 投流费（给这条达人视频/直播间投的千川/抖+）



👉举例：坑位费5000，佣金20%，达人卖出GMV 40000，没投流

佣金=40000×20%=8000

总投入=5000+8000=13000

ROI=40000÷13000=3.08






⚠️缺点：没扣退款、没算产品成本，GMV‑ROI好看不一定赚钱





2、毛利ROI（商家真实盈亏，优先看这个）



毛利ROI = 销售总毛利 ÷ 达人投放总花费



销售总毛利 =（实际成交销售额‑退款金额）×单品毛利
投放总花费同上：坑位费+佣金+样品+配套投流



👉接上例：GMV40000，退款5000，实际成交35000；货品毛利率40%

实际毛利=35000×40%=14000

总投入=13000

毛利ROI=14000÷13000=1.08

毛利ROI＞1才代表这笔达人投放毛利层面不亏；大于1.2以上才有不错利润。



3、两种口径区别




GMV ROI：对外汇报、达人/机构报表，数字偏高；不能用来判断赚不赚钱


毛利ROI：内部算账，反映真实盈利，做复盘一定要算这个




4、容易踩坑的细节




退款要不要扣？
GMV‑ROI一般不扣退款；毛利ROI必须扣退款。


投流费算进去吗？
只要是专门为这条达人视频/直播间花的流量钱，全部计入投放总花费；全域通用流量不要分摊进来。


样品费：大批量寄样做投放，建议计入成本；少量测款小样可以忽略。


归因问题！
达人ROI最大坑：订单有自然复购、搜索下单，要看平台达人归因数据，不要把全部店铺销量算到达人头上，会虚高ROI。




简单判断标准（电商行业参考）


GMV‑ROI：美妆消费品一般≥2.5算合格；3‑4优秀
毛利ROI：＞1保本；1.2‑1.5盈利良好


快速公式小结


GMV‑ROI = 达人归因GMV ÷（坑位费+佣金+投流+样品）
毛利‑ROI = 达人归因实际销售毛利 ÷（坑位费+佣金+投流+样品）




如果你需要，我可以给你一个可直接复制到Excel的达人投放ROI计算表格模板。



推荐问题
 达人投放ROI的行业标准是多少？
 如何提高达人投放ROI？
 影响达人投放ROI的因素有哪些？",confirmed_none
150,730,阶段检查点，非最终 FULL,5FD1B74C891C7FCD1393F3731C55F917A6F0124ED0CFBCE5063FD190CA40ACF7,CQ-S-20260805-C1-Q0080,CQ-Q0080,达人投放具体怎么做?,核心池,业务场景问题,2026-08-05,core_round_1,C1,collected,"收起
 达人投放具体怎么做? 
豆包·网页
搜索关键词
达人投放完整操作流程
达人投放前期筛选 对接 执行 复盘细节
品牌达人投放全步骤攻略
达人投放完整落地SOP（全平台通用：抖音/小红书/视频号）



整体分为6大核心阶段：前期定策略→达人筛选建联→签约寄样→内容共创审核→上线投放运营→数据复盘优化，附带合作模式、预算配比、避坑要点。



一、阶段1：投放前置策略规划（决定投放成败根基）


1. 明确核心投放目标（三选一，不要混合）




品牌种草（拉认知）：提升品牌搜索、品类曝光、用户种草心智；考核：品牌词搜索涨幅、笔记收藏、正向评论、总曝光


引流转化（带货成交）：直播间引流、店铺下单、表单留资；考核：进店UV、GMV、ROI、下单转化率


口碑铺垫：铺设真实用户口碑，压制负面评价；考核：优质评论占比、笔记收录率




2. 锁定目标人群、预算拆分、达人分层配比


（1）达人经典分层搭配（黄金组合，新手优先这套）


层级	粉丝量级	定位	预算占比	合作模式	核心作用
头部KOL	50w+	品牌背书引爆声量	20%	一口价定制内容/专场直播	打品牌知名度，撬动自然流量
腰部达人	10w-50w	精准种草主力	40%	一口价/一口价+佣金	承接转化，核心投产主力
尾部KOC/素人	1k-10w	铺口碑铺量	40%	置换、低价一口价、纯佣金	海量铺关键词、营造全网热销氛围


（2）预算基础分配



70%预算用于达人合作费；20%优质爆款笔记追加投流放大；10%应急备用、评论运营、素材二次剪辑。



3. 选定合作模式




一口价（固定费用）：适合头部、腰部确定性种草，固定档期与内容，可控性最高；


纯佣金（无基础费）：适合新店冷启动、快消标品，只按成交结算，零试错成本；


一口价+保底佣金：主推爆款稳妥方案，基础曝光+成交激励；


产品置换（寄样免费）：仅适合KOC铺量，无现金成本，适合前期测试内容风格。




4. 提前承接链路（投放前必须就绪，否则流量白白流失）


抖音：店铺链接、购物车、直播间优惠券、千川投放账户授权；
小红书：店铺上架、品牌词布局、企业号主页、评论区置顶购买指引；
准备好产品卖点手册、合规话术、售后答疑话术。


二、阶段2：达人筛选、风控与建联邀约


1. 多维度筛选标准（拒绝只看粉丝量）


基础硬性筛查




内容匹配度（第一优先级）：近10条历史内容是否深耕你的品类、使用场景高度契合；


数据真实性（防刷量）
看互动率：正常达人互动率=点赞+评论+收藏÷播放，小红书＞3%、抖音＞1.5%才算优质；
数据曲线平稳，无单条数据暴涨暴跌；评论区真实提问、求链接、种草类有效评论，清一色“好好看”“太棒了”多为水军；


人群画像匹配：粉丝年龄、地域、消费力和你的目标客群一致；


风控排查：近3个月有无竞品合作、违规限流、虚假宣传处罚、退货率异常高账号；


履约资质：可走官方平台下单（星图/蒲公英）、可开票、履约准时率高。




2. 高效建联邀约话术（高回复率模板）





您好，我是XX品牌运营，看完你XX日期那条【XX主题】内容，风格和我们XX产品高度契合；

合作形式：一口价XX/置换+佣金；需求是真实场景种草视频/图文；需要先寄样体验，档期XX时间段，方便沟通报价与排期吗？





3. 议价技巧




批量打包多位达人整体议价；


承诺后续长期复投、优质内容素材二次授权复用；


KOC优先置换，腰部少量一口价绑定佣金分成。




三、阶段3：敲定合作、签约寄样，锁定权责


1. 签约下单（优先官方平台，规避纠纷）


抖音：巨量星图下单；小红书：蒲公英平台报备（避免笔记违规限流）；
合同/线上协议必须写明：
1）发布时间、内容修改次数（一般2次免费修改）；
2）笔记上架保留时长（30~90天）；
3）数据异常限流、违规下架的补救方案；
4）禁止夸大宣传、极限词，违规造成售后追责；
5）结款节点：发布审核无误、数据稳定后结算。


2. 样品管控（杜绝样品白嫖）




低价标品：仅S/A级达人免费寄样；B/C级KOC执行买样返款：达人自费下单，按时履约发布后全额退款；


高客单价：全部买样返款，签收后约定14天内必须产出内容；


寄样后同步签收提醒，跟进体验进度。




四、阶段4：输出标准化Brief、内容创作+审核定稿


1. 一份合格Brief必备内容（减少反复改稿矛盾）




基础信息：品牌名、产品链接、核心目标；


硬性必讲：2~3个核心卖点（不要堆砌）、必须出镜展示的功能；


内容结构模板：
开头3秒痛点钩子→真实使用场景实测→卖点拆解→效果展示→引导下单/搜索；


红线禁忌：禁用极限词（最、第一、根治）、禁止虚假功效、不能私自修改产品定价；


格式要求：时长、封面风格、文案关键词、话题标签、挂载链接要求；


交付节点：初稿提交时间、修改截止时间、正式发布日期。




2. 内容审核重点



不单纯看画面好看，重点核查：





卖点是否完整传递、有无违规话术；


购买引导路径清晰；


品牌露出合规、无竞品植入；
审核通过后锁定发布时间。




五、阶段5：准时上线、实时运营、优质素材投流放大


1. 准时发布与实时监控




按预定时间上线，第一时间检查笔记是否正常收录、链接能否正常跳转；


评论区实时运营：置顶购买链接、及时回复用户疑问、拦截负面评论；


记录基础自然数据：24小时播放、互动、进店、加购数据。




2. 爆款素材二次投流放大（投放增效关键）




筛选标准：自然数据优质（小红书收藏高、抖音点击率高、评论大量求购）；


投放方式：
抖音：千川授权达人原视频投放，定向相似达人人群、意向用户；
小红书：聚光信息流、搜索广告投放，抢占品牌关键词流量；


劣质数据内容不投流，避免白白浪费预算。




3. 突发问题处理


笔记限流下架：联系达人重发、调整内容重新报备；
负面评论集中：及时安抚，同步达人配合正面引导；
达人逾期未发：按协议顺延或协商部分扣款。


六、阶段6：数据验收结算、全项目复盘沉淀


1. 分目标数据验收指标




种草向：总曝光、品牌搜索指数涨幅、笔记收录率、收藏率、优质种草评论数量；


带货转化：达人专属链接GMV、进店UV、ROI、客单价、退货率；


基础履约：是否按时发布、修改次数、留存时长达标。




2. 结算流程



线上星图/蒲公英：平台验收无误自动结算；私下合作核验数据无误后按合同打款、索要发票。



3. 复盘优化（搭建自有优质达人池）




达人分级复盘：哪些层级、风格达人投产最高，后续加大投放；低效达人拉黑淘汰；


内容复盘：哪种脚本结构、卖点切入数据最好，固化成统一brief模板；


沉淀资产：优质达人视频、图文剪辑二次复用，用作品牌自播素材、信息流广告；


搭建自有达人资源库，优质达人长期锁定档期。




七、高频踩坑避坑指南




❌只追头部大达人：单价高转化不可控，新手优先腰部+KOC组合测试；


❌私下微信直接交易：无保障，极易跑路、数据造假，优先官方报备平台；


❌Brief写得太笼统：达人自由发挥偏离推广目标，必翻车；


❌投流拯救烂素材：自然数据很差的内容投流只会持续亏钱；


❌忽视售后风控：达人夸大功效导致大量售后，前期合同明确追责条款；


❌一次性铺大量达人：先小预算测试3-5位达人，跑出优质模型再批量放量。




八、新手最简起步流程（零经验直接照做）




拿5%小预算，挑选10位左右同品类KOC置换测试内容；


选出2-3条数据最优的内容，对接同类型腰部达人加大投放；


优质笔记搭配小额投流放大流量；


复盘数据锁定高投产达人，搭建稳定投放矩阵。





需要我给你一份可直接复制使用的达人合作Brief模板、星图下单填写步骤，或是适配你品类的预算配比表吗？



14 个引用
推荐问题
 品牌方和达人合作的模式有哪些？
 投放过程中如何进行数据复盘优化？
 如何确定达人投放的目标人群？
引用来源
序号
	站点名称
	站点类型
	标题
	
文章负面词
	发布时间
1
	
运营派
	
官网/独立站/行业垂直
	
小红书种草怎么做?小红书达人投放全流程介绍 – 运营派
	
--
	
--


2
	
今日头条
	
门户/自媒体平台
	
种草全链路:从达人投放到成交_时也营销
	
--
	
2026-07-29


3
	
抖音
	
视频平台
	
品牌推广项目达人种草全流程‼️ #实用小技巧 #内容太过真实 #干货都在这 #新媒体运营 #达人推广
	
--
	
2026-04-27


4
	
抖音
	
视频平台
	
保姆级教程：手把手教你搭建，千川达人投流计划，照做你也能爆单 #抖音小店#抖店运营#千川投流
	
--
	
2026-06-23


5
	
巨量星图
	
官网/独立站/行业垂直
	
招募任务一口价-带货达人团-星图营销服务平台
	
--
	
2026-06-12


6
	
青瓜传媒
	
官网/独立站/行业垂直
	
小红书 2026 广告投放完整流程 | 青瓜传媒
	
--
	
--


7
	
巨量星图
	
官网/独立站/行业垂直
	
抖音指派任务一口价结算-星图营销服务平台
	
--
	
2026-05-19


8
	
CSDN博客
	
社区/论坛/博客
	
达人营销实战指南:从策略规划到效果优化的全流程拆解-CSDN博客
	
--
	
2026-07-31


9
	
抖音
	
视频平台
	
品牌KOL投放流程。#干货分享 #新媒体运营 #投流 #品牌 #刀尖传媒
	
--
	
2025-11-25


10
	
品牌主场
	
门户/自媒体平台
	
2026自媒体种草平台深度横评:15万+资源精准匹配与场景化种草能力测评_凤凰网
	
--
	
2026-08-04


11
	
CSDN博客
	
社区/论坛/博客
	
达人合作全流程教程:用小青苔达人营销工具完成高级筛选、批量邀约和达人库管理_达人过滤自动打单-CSDN博客
	
--
	
2026-08-03


12
	
人人都是产品经理
	
官网/独立站/行业垂直
	
别再盲目铺量了!小红书种草应该这样分任务、选博主、写Brief | 人人都是产品经理
	
--
	
--


13
	
抖音
	
视频平台
	
达人筛选分层全方案➕三大痛点避坑✅。⭕核心底层逻辑：不以粉丝量级分层，以【转化能力 + 人群匹配 + 履约信用 + 退货健康度】四维打分，建立动态升降级达人池；先风控，再寄样，用流程堵住三类低效达人。 . ✅一、达人前置筛选标准（第一道门槛，提前过滤垃圾达人） . ✅二、达人分层体系（S/A/B/C/D 五级动态管理，可直接落地成表格） . ✅三、三大痛点完整解决方案：虚粉、高退货、样品白嫖 .
	
--
	
2026-08-04


14
	
纷传
	
官网/独立站/行业垂直
	
小红书达人投放全流程SOP! 纷传 付费社群工具 链接会员 社群经济
	
--
	
--",captured
150,730,阶段检查点，非最终 FULL,5FD1B74C891C7FCD1393F3731C55F917A6F0124ED0CFBCE5063FD190CA40ACF7,CQ-S-20260805-C1-Q0081,CQ-Q0081,达人投放内容同质化怎么解决?,核心池,业务场景问题,2026-08-05,core_round_1,C1,collected,"收起
 达人投放内容同质化怎么解决? 
豆包·网页
搜索关键词
达人矩阵差异化内容设计方法
达人投放内容同质化怎么解决
品牌达人营销避免内容同质化策略
达人brief怎么写避免同质化
达人投放内容同质化解决方案



同质化根源：统一通用brief、全部达人讲全套卖点、场景/视角高度重合、达人角色没有分工、照搬爆款模板，导致千稿一面，用户审美疲劳，平台也会压低重复内容流量。整体思路：投前分层分工、brief差异化、内容多视角拆解、投中预审风控、投后迭代达人池。



一、投前：达人矩阵做角色分工，从源头避免撞内容



不要只按粉丝量级选达人，给每一类达人分配专属任务、专属场景、专属卖点，不允许所有人讲一模一样的内容。





角色拆解（同一波投放，不同达人承担不同定位）




声量型头部：主打话题、品牌认知，侧重情绪、整体体验，不抠细节参数
专业垂类腰部：做深度测评、成分解析、硬核对比，讲产品原理
场景KOC：聚焦细分生活场景，真实日常使用感受，主打痛点共情
剧情/趣味达人：做故事化、玩梗创意内容，弱化硬讲解





核心：同一个卖点不要交给全部达人，一人侧重1‑2个价值点即可，不要要求所有达人讲完全部卖点。








人群&场景拆分

把产品使用场景拆细，分配给不同达人：

例：护肤品，分别给到熬夜党、敏皮换季、通勤护肤、学生平价、宝妈带娃护肤，每人只围绕自己的人群场景输出，而不是统一“全肤质通用”。




达人池动态管理





稳定区：数据持续优质，保留，但每次合作更换选题角度
更新区：数据尚可但内容已经模板化，更换场景/切入点，不再复用旧脚本
测试区：持续引入新圈层、新职业、新风格达人，补充新鲜视角
淘汰区：反复产出模板化通稿、只会抄爆款的达人降低合作频次。


二、优化Brief：告别“统一通稿brief”，是解决同质化最关键一步





❌错误brief：把全套卖点全部罗列，要求所有达人逐条讲、固定脚本、固定镜头。

✅正确brief：定目标、定底线，放开创作执行；给不同达人定制化brief，而不是一份文档发给所有人。





brief写作要点




区分【强制要求】和【创意自由】




强制：必须出现的品牌信息、合规红线、禁止话术；
放开：叙事视角、开头钩子、拍摄场景、剪辑、个人表达，交给达人自己发挥。




给到达人专属选题方向，而不是统一选题池







举例：给A达人：重点讲“熬夜之后的使用感受”；给B达人：重点讲“和同类产品对比差异”；给C达人：重点讲“懒人日常快速护肤流程”。







提供用户真实痛点、真实吐槽，而不是只给官方宣传话术，给达人找真实的表达切入点。


参考案例：只给非竞品的优质参考，不要大量投放竞品爆款，否则达人会直接照搬模板。







一句话原则：brief写清楚希望内容达成什么效果，而不是写死每一句话怎么说。





三、内容层面：同一产品做多维度差异化拆解



同一个产品，从4个维度制造内容差异，实现“一鱼多吃”，但不重复。





视角差异化（最核心）




用户痛点视角：被什么问题困扰，产品如何解决麻烦
对比视角：新旧产品、同类选择对比
体验叙事视角：真实使用过程、踩坑、惊喜、变化
专业科普视角：原理、成分、避坑指南
反向视角：哪些人不适合、使用注意事项





场景差异化

居家、通勤、出差、办公室、节假日、不同季节，不同达人锁定不同场景，避免全部在家书桌拍同款画面。




内容形式差异化

测评、vlog沉浸式、剧情小故事、问答答疑、干货清单、前后对比、避坑科普，不同达人匹配自己擅长的内容形式，不要全部做成同款开箱测评。




卖点切片

全套卖点拆分，不同达人认领不同切片，A讲效果、B讲性价比、C讲使用便捷，不要求所有人把所有卖点全部说完。





四、投中：预审+风控，拦截同质化




建立内部查重机制：达人脚本回稿后，横向对比多份脚本，识别高度相似的脚本、镜头、话术，提前要求修改，不要上线之后才发现撞稿。


控制“爆款模板复用”：不要把单条爆文脚本大规模复制给大量达人，只做思路参考，禁止直接套用脚本结构。


大促铺量投放时，严格控制同一种脚本模板的达人数量，避免批量产出一模一样的种草。




五、投后复盘：识别同质化信号，迭代投放策略


同质化预警信号


多条笔记标题、开头话术、镜头顺序高度雷同；
评论区高度趋同，都是一模一样的模板化好评；
整体播放、互动、搜索量持续走低，投放量级上涨，但心智/转化没有同步上涨。


复盘动作




标记哪些达人容易产出模板化通稿，后续减少铺量合作；


沉淀有效视角、有效场景，下一轮投放继续拆分，避免反复复用同一套选题；


区分：少量内容重复是正常，大规模批量模板化才是问题，保留少量高转化的同类型内容，其余做视角迭代。




六、避坑提醒




不要靠“换一批达人名单”解决同质化：如果brief、选题逻辑不变，换新达人依然产出同类内容。


不要过度收紧脚本：脚本写得越死，达人越像念广告，内容千篇一律，失去达人营销的真实感。


平衡铺量和差异化：铺量KOC可以允许部分共性，但要分配不同细分痛点，不要全部统一开箱模板。





如果你需要，我可以给你一份可直接复制的差异化brief模板，或者一套达人投放分工表。



22 个引用
推荐问题
 如何对达人投放进行投前分层分工？
 有哪些方法可以避免达人照搬爆款模板？
 如何对达人投放进行投后迭代达人池？
引用来源
序号
	站点名称
	站点类型
	标题
	
文章负面词
	发布时间
1
	
搜狐
	
门户/自媒体平台
	
同赛道多账号运营，如何做到内容不重复不内卷_用户_创作_形式
	
--
	
2026-05-14


2
	
闪控猫
	
官网/独立站/行业垂直
	
矩阵账号之间的内容如何差异化避免重复?
	
--
	
2026-04-06


3
	
CSDN博客
	
社区/论坛/博客
	
抖音达人矩阵怎么搭?品牌方要先想清楚达人分工和预算配比-CSDN博客
	
--
	
2026-08-01


4
	
闪控猫
	
官网/独立站/行业垂直
	
如何避免矩阵账号内容同质化问题?
	
--
	
2026-03-04


5
	
蚁小二
	
官网/独立站/行业垂直
	
小红书达人种草矩阵怎么搭建?有什么好处?-蚁小二
	
--
	
2026-01-18


6
	
人人都是产品经理
	
官网/独立站/行业垂直
	
教你玩转金字塔达人矩阵，打造爆款商品 | 人人都是产品经理
	
--
	
--


7
	
澎湃新闻
	
官网/独立站/行业垂直
	
抖音集团出手、审核趋严!AI+爆款识别+差异化量产，做不到，必出局!
	
--
	
2026-08-04


8
	
人人都是产品经理
	
官网/独立站/行业垂直
	
小红书投放，如何避免内容同质化? | 人人都是产品经理
	
--
	
--


9
	
极客公园
	
社区/论坛/博客
	
微盟传播 TEAM PRO 金文森:一出好戏，达人营销进入角色时代 | 极客公园
	
--
	
2025-09-26


10
	
今日头条
	
门户/自媒体平台
	
老品牌想提转化，达人池要这样换_时也营销
	
--
	
2026-07-16


11
	
KOL.ID
	
官网/独立站/行业垂直
	
Content Saturation
	
--
	
2026-02-19


12
	
凤凰网
	
地方媒体/新闻
	
2026KOL营销公司排名前十权威榜丨外籍达人差异化内容创作对比_凤凰网区域_凤凰网
	
--
	
2026-06-17


13
	
映马传媒
	
官网/独立站/行业垂直
	
2025年海外红人营销差异化内容策略制定指南，告别“拍了等于白拍”困境 - 海外红人营销-InsMark映马传媒
	
--
	
2025-10-08


14
	
成功营销
	
官网/独立站/行业垂直
	
微盟传播TEAM PRO金文森:一出好戏，达人营销进入角色时代|成功营销——营销媒体领先品牌|《成功营销》官方网站
	
--
	
2025-09-23


15
	
映马传媒
	
官网/独立站/行业垂直
	
海外网红营销怎么打差异?3种品牌优势策略，帮你打爆出海内容! - 海外红人营销-InsMark映马传媒
	
--
	
2026-07-11


16
	
数英网
	
官网/独立站/行业垂直
	
家电TikTok达人营销的“反内卷”策略:避开红海，深耕垂直场景
	
--
	
--


17
	
scoop.app
	
官网/独立站/行业垂直
	
How to Write a Creator Brief That Doesn't Kill Creativity
	
--
	
2026-05-12


18
	
今日头条
	
门户/自媒体平台
	
小红书博主合作Brief撰写指南Vol.03_人人都是产品经理
	
--
	
2026-04-20


19
	
iidb.com
	
官网/独立站/行业垂直
	
How to Build an Influencer Brief That Creators Actually Want to Read
	
--
	
2026-01-25


20
	
运营派
	
官网/独立站/行业垂直
	
除了brief，我们还能给达人提供什么? – 运营派
	
--
	
--


21
	
AMT
	
官网/独立站/行业垂直
	
How to Write an Influencer Brief (and a Template You Can Copy)
	
--
	
2026-04-14


22
	
InfluenceFlow
	
官网/独立站/行业垂直
	
UGC Creator Brief Template: The Complete 2026 Guide for Brands & Creators
	
--
	
2026-03-12",captured
150,730,阶段检查点，非最终 FULL,5FD1B74C891C7FCD1393F3731C55F917A6F0124ED0CFBCE5063FD190CA40ACF7,CQ-S-20260805-C1-Q0082,CQ-Q0082,达人投放团队绩效归因分析怎么做?,核心池,业务场景问题,2026-08-05,core_round_1,C1,collected,"展开
 达人投放团队绩效归因分析怎么做? 
豆包·网页
达人投放团队绩效归因分析完整方案



核心目标：分清达人本身质量、选品、投放策略、运营动作、外部环境分别贡献多少价值，区分是达人能力、团队运营能力，还是流量红利/大盘行情带来的结果，用来做团队考核、达人筛选、投放策略迭代、人效评估。






适用场景：短视频/直播达人种草、直播带货、信息流达人投放，团队包含：选达人、谈合作、脚本对接、投放操盘、复盘、商务。





一、先对齐口径：统一指标，避免归因混乱





很多团队归因做乱，根源是指标口径不统一，先定清楚什么算效果。





核心业务指标




业务结果指标
GMV、成交订单数、ROI、转化成本CPC/CPM/CPS、种草点击率、加购率、搜索引流、品牌声量（曝光、互动）


成本口径
总投入=达人服务费+样品费+投流追加预算+佣金+坑位费；区分纯自然流量、付费加热流量，这是归因重中之重。







⚠️关键区分：达人原生自然流量 vs 后续千川/DOU+投流的流量，二者要拆分开，否则会把投流的功劳算到达人头上。





团队角色拆分（团队绩效归因，不是只算达人）


岗位	核心动作	需要归因的产出
达人商务	达人筛选、谈判、排期、议价	达人池质量、坑位费性价比、达人履约率
投放操盘	脚本沟通、内容方向、投流加热、节奏把控	内容转化、流量放大效率、投放ROI
选品	选品、给到达人的权益、样品	单品转化率、货品匹配度
复盘/策略	复盘迭代、达人分层、策略优化	整体团队大盘效率、迭代效果





重点：绩效归因=既要评估达人，也要评估团队每个人的工作产出，不能把全部锅/功劳给到达人。比如达人本身底子差，但操盘改脚本+投流做出高ROI，功劳属于操盘；达人本身自带高转化，商务高价谈下来，属于商务失误。





二、4种主流归因模型（达人投放怎么选）


1. 单触点归因（简单版，中小团队优先）


首触归因：第一次触达是哪个达人，就记全部转化给该达人。适合种草蓄水，评估达人种草引流能力。
末触归因：下单前最后一次看到的达人内容，全部算给该达人。适合带货成交考核，缺点：低估前期种草达人。





缺点：多达人接力种草场景，全部功劳给到一个，会造成团队考核不公。





2. 时间衰减归因（推荐，多达人种草链路）



距离下单时间越近，分配权重越高。适合品牌多达人铺量，消费者看多条达人内容后下单。






业务场景：用户先看A达人种草，3天后看B达人，最后下单。B分配更高权重，A保留部分权重。





3. 位置归因（线性平均）



用户浏览过N个达人内容，每个达人平分转化价值。适合铺量达人矩阵，评估整体达人池贡献。



4. 自定义权重归因（大厂达人投放团队常用）



自己设置权重，贴合业务模式举例：



种草类：首触40%，中间触点20%，末触40%
直播带货坑位：直播内达人70%，前期种草达人30%





工具实现：需要链路数据，抖音巨量云图、生意参谋、品牌数据银行，或者自建埋点，追踪用户看达人内容→浏览商品→下单全链路。





三、分层归因：5大维度拆解，定位绩效好坏根因





拿到ROI结果后，不能直接拿ROI评判团队，要拆解是哪个环节出问题。





维度1：达人本身禀赋（不可控因素）



指标：达人粉丝画像、历史带货基线、过往同类产品ROI、粉丝活跃度。






归因逻辑：对比达人历史基线，如果达人历史同类产品ROI1.2，本次投放1.3，说明团队运营有增益；如果达人历史基线2.0，本次只有1.0，是团队商务/操盘执行出问题。





维度2：商务谈判&达人筛选（商务团队绩效）



拆解指标：



同量级达人，千次曝光成本、单粉成本对比；
履约率：答应发布但是拖稿、改稿、敷衍交付的比例；
错配：达人粉丝画像和产品TA不匹配。





案例：商务选了粉丝不匹配达人，哪怕偶然出单，属于商务筛选失误。





维度3：内容&操盘运营（操盘团队绩效）



控制变量：同样达人，不同脚本、不同视频钩子、不同产品卖点。

对比：同达人不同脚本版本的数据。



达人原生内容不优化，数据差：操盘负向；
修改脚本、调整卖点，数据明显提升：操盘贡献。
同时拆分：自然流量ROI vs 投流后整体ROI





案例：达人自然ROI0.6，追加投流后整体ROI1.8，要拆分：原生内容底子一般，投流操盘带来增量。





维度4：货品与权益（选品团队）



同一批达人，不同产品、不同优惠券、赠品的转化差异。

同样达人矩阵，A品ROI2.5，B品ROI0.8，大概率是货品、价格、权益问题，不是达人/投放团队问题。



维度5：外部大盘干扰（排除不可控因素）



大盘流量、大促节点、竞品营销、平台算法波动。

操作：拿大盘基准做对标，大促期间整体行业ROI上浮30%，团队投放ROI上涨25%，说明实际表现略弱大盘，不能单纯看绝对值。



四、完整落地分析流程（可直接套用工作流）


Step1：数据清洗，剔除无效样本



过滤：达人拖稿未发布、视频违规限流、异常刷单、样品置换无真实预算的案例。统一所有项目成本口径。



Step2：做基准对照组




达人基线：达人过往同类目投放历史数据


行业基准：同赛道达人投放平均ROI、转化成本


团队基线：本团队过去3个月平均投放指标




Step3：多维度归因拆解




链路归因：用归因模型把成交分配到各个达人触点，输出每个达人的归因GMV、归因ROI


拆解变量：




哪些是达人本身带来的基准产出
哪些是商务议价、选达人带来的增益
哪些是脚本优化、投流操盘带来的增量
哪些是货品、大促大盘带来的波动


Step4：团队绩效输出（重点，区分个人绩效）





❌错误做法：直接把达人最终ROI当做商务/操盘的KPI。

✅正确：计算相对增益，而不是只看绝对结果。






举例：






达人A历史同类产品基线ROI=1.0

本次团队投放实际ROI=1.6

那么：基线1.0是达人自带，0.6的增量属于团队运营贡献，用来考核商务+操盘。






同时输出负面案例：

达人基线ROI=1.8，本次投放ROI=1.1，即使ROI大于1，但是低于达人基线，说明团队执行存在损耗。



Step5：归因输出产出物




达人投放归因报表：每条达人项目，原始GMV、归因GMV、自然/付费拆分、达人基线、团队增益；


团队成员绩效看板：商务：达人筛选准确率、议价效率；操盘：内容增益、投流增量；


问题定位：是达人池不行？脚本不行？货品不行？大盘问题；


策略迭代：淘汰低效达人类型，优化谈判标准，调整脚本方向。




五、常见坑点（实操高频踩坑）




把投流的功劳全部算到达人/商务头上







一定要拆分原生自然流量和加热投流，投流是操盘动作，不属于达人本身能力。







多达人种草链路只算最后一个达人







会导致前期种草达人被低估，商务为了短期成交只选转化型达人，放弃种草铺量。







不看达人历史基线，直接用最终ROI考核团队







选到天生强转化达人，商务躺赢；拿到差底子达人，操盘背锅，绩效考核失效。







忽略大盘和大促，直接跨周期对比绩效
大促期ROI天然高，淡季天然低，要和行业基准对标，而不是直接对比月份。


样品置换不计入成本
样品是真实成本，不计入会低估投放成本，ROI虚高。




六、工具与数据来源




平台原生：巨量云图、抖音罗盘、星图后台、视频号数据中心；做用户链路归因，识别哪些用户看过哪些达人内容再下单。


投放台账：自建表格，记录每个达人：坑位费、佣金、样品费、投流费、发布时间、自然数据、投流后数据、达人历史基线。


BI工具：把台账对接BI，自动计算归因权重、增益指标，输出团队绩效看板。




七、简化版：中小团队没有复杂链路埋点怎么做？



没有云图完整链路数据，做准归因分析：





每条达人区分【自然流量数据】和【付费加热后数据】；


搜集每个达人过往同类产品历史ROI作为基线；


计算：实际ROI−达人基线ROI =团队运营增益；


横向对比同预算、同类型达人，看不同商务、操盘手下的产出差异；


大促/特殊节点，和行业均值对标，修正绩效。







这种方式无法做多触点用户链路分配，但是足够做内部团队绩效考核。






如果你需要，我可以给你一份可复制的「达人投放绩效归因Excel台账模板字段」，或者一份给内部汇报用的PPT分析大纲。



推荐问题
 达人投放团队绩效归因分析的具体步骤是什么？
 如何进行达人投放团队绩效归因分析的数据收集和整理？
 有哪些工具或方法可以帮助进行达人投放团队绩效归因分析？",confirmed_none
150,730,阶段检查点，非最终 FULL,5FD1B74C891C7FCD1393F3731C55F917A6F0124ED0CFBCE5063FD190CA40ACF7,CQ-S-20260805-C1-Q0083,CQ-Q0083,"达人投放数据怎么分析,怎么判断投放有没有效果?",核心池,业务场景问题,2026-08-05,core_round_1,C1,collected,"展开
 达人投放数据怎么分析,怎么判断投放有没有效果? 
豆包·网页
达人投放数据分析全流程+效果判断标准



整体分为投放前基准对标→投放中核心数据拆解→投放后转化复盘→投产判定&达人分级四步，区分品牌曝光型达人、带货转化型达人、品效合一达人三套判断逻辑，避免只看播放量踩坑。



一、先明确投放目标（定判断标尺，核心前提）



不同目标，有效指标完全不一样，先锁定投放目的：





纯品牌种草（新品冷启动、口碑铺垫）：重点看曝光、互动、搜索抬升、笔记口碑、关键词收录


直播带货/短视频挂车带货（直接卖货）：重点看GMV、ROI、引流成本、下单转化率


引流获客（本地到店、私域、表单）：重点看线索量、到店率、获客成本


舆情压制/口碑修复：重点看正面笔记占比、负面内容下沉、关键词好评率




二、达人投放核心数据维度拆解


（一）流量基础数据（浅层数据，判断达人基础质量）




内容流量指标




总曝光/播放、完播率、5秒留存：达人内容开篇能力，完播＜15%属于劣质内容，流量很难破圈；
自然流量占比：付费投流占比越高，达人原生种草能力越弱，纯靠钱砸流量性价比极低；
粉丝流量占比：粉丝播放占比＞60%，说明只能触达自有老粉，破圈种草能力差，适合垂类深耕，不适合拉新。




互动质量（种草穿透力，区分水军数据）
核心看互动率=（点赞+评论+收藏）/播放




垂类美妆、家居、零食正常优质达人：互动率3%–8%；
低于1%：大概率刷量，种草无效；
重点看收藏＞点赞：收藏代表用户有需求、意向更强，种草价值远高于点赞；
评论关键词：是否出现产品词、痛点词、“想买”“在哪里买”，纯表情、无意义短句为水评。


（二）种草效果核心数据（品牌投放核心）




品牌搜索增量（最硬核种草验证）
投放前后7天对比：品牌词、产品词、品类词抖音/小红书搜索量涨幅




搜索上涨50%以上：有效种草；
搜索无变化：内容没打出用户记忆点，投放无效。




笔记收录&长尾流量
小红书看是否被关键词收录、30天长尾自然流量；抖音看作品能否被搜索到。优质种草笔记30天持续带来自然曝光，一次性爆文无长尾属于短效流量。


口碑舆情
评论正面提及率、有无大量质疑产品的负面评论，达人是否翻车带崩品牌口碑。




（三）转化成交数据（带货投放核心）




直接转化指标




GMV、订单量、客单价、带货转化率；
ROI（投产比）=成交销售额÷达人服务费+投流费用




成本指标




CPM（千次曝光成本）、CPC（点击成本）、CPS佣金占比；
引流成本：CPC、CPL（单线索成本）、CPA（单成交成本）




店铺联动数据
店铺自然流量涨幅、直通车/自然搜索进店增量、同时间段竞品销量对比，排除大促、平台活动干扰。




（四）渠道联动数据（全域投放必看）



达人内容是否被用户二次转发、剪辑二创、其他达人跟风种草，形成自发传播，属于超预期优质投放。



三、分场景：如何直接判断投放有没有效果


场景1：纯种草品牌投放（无挂车、不带货）



✅ 有效判定标准（满足2条以上即为合格）





笔记互动率≥行业均值，收藏量亮眼；


品牌关键词搜索环比上涨≥30%；


笔记实现关键词收录，7–30天持续有自然流量；


电商平台产品访客、加购量明显上涨；


正面口碑内容增多，用户主动在评论询问购买渠道。





❌ 投放无效特征

播放高但收藏、评论极少；品牌搜索毫无波动；笔记几天就下架无长尾流量；评论全是刷评，无产品相关讨论。



场景2：短视频/直播达人带货投放（挂车、佣金模式）


1）付费一口价达人（固定坑位费）


保本ROI计算公式：
保本ROI=1÷毛利率
例：产品毛利率50%，保本ROI=2，ROI＞2整体盈利；ROI1.5–2微亏可接受种草；ROI＜1.5纯亏损投放。
✅有效：ROI≥保本线，或者虽然微亏，但店铺自然流量、搜索大幅上涨，属于“亏损种草引流”；
❌无效：ROI远低于保本线，店铺无额外自然流量增长，纯亏钱走量。


2）纯CPS佣金达人（无坑位费）



几乎无亏损风险，只看单达人产出、转化率，转化率高于店铺短视频平均转化就是优质达人。



3）直播达人



额外看：场观、商品点击率、弹窗点击率、停留时长、退货率。退货率＞40%，即使GMV高也是虚假成交，投放失效。



场景3：本地生活/线索引流达人



✅有效：单线索成本低于行业均价，线索有效率（可接通、意向客户）达标，到店核销率稳定；

❌无效：线索量大但全部为无效电话、到店核销＜10%。



四、进阶：达人质量分层，指导后续投放


S级达人（持续复投）



品效双赢：既有曝光种草，又有正向投产，长尾流量稳定，无舆情风险。



A级达人（小预算复投）



种草能力极强（搜索拉升明显），投产小幅亏损，适合新品铺量、口碑铺设。



B级达人（测试一次即可）



数据中规中矩，无明显亮点也无翻车，不再追加预算。



C级垃圾达人（直接拉黑）



刷量严重、互动虚假、投产巨亏、出现负面言论、内容违规限流。



五、投放数据分析避坑要点




隔离变量
投放期间避开平台大促、店铺直播、付费信息流投放，否则无法判定业绩增长是达人带来还是其他渠道。


不要只看短期数据
种草类达人看7天、15天、30天长尾数据，很多笔记前3天流量一般，后期关键词流量爆发。


区分达人自有粉丝转化VS公域破圈
垂类头部达人粉丝转化高，但拉新弱；中腰部素人达人更容易公域破圈做品牌曝光。


剔除退货水分
带货GMV必须算实际成交（扣退货），爆款高退货等于无效投放。




六、落地复盘表（直接套用）


数据模块	监测指标	合格线	结论
流量	播放、完播、自然流量占比	完播＞18%，自然流量＞50%	流量质量
种草	互动率、收藏、品牌搜索涨幅	互动＞3%，搜索+30%	种草效果
转化	ROI、成交成本、退货率	ROI＞保本线，退货＜35%	带货收益
长期	30天长尾流量、二创传播	持续自然曝光	长期价值


总结




种草看搜索+收藏+长尾流量，不要迷信高播放；


带货看扣税后ROI+退货率+店铺增量，坑位费达人严格卡保本投产；


单次投放好坏不做定论，用多批次达人测试，沉淀优质达人池，淘汰刷量低效达人，实现达人投放成本持续下降。





需要我给你一份可直接Excel使用的达人投放效果复盘表格模板吗？



推荐问题
 如何评估达人投放的性价比？
 如何判断投放的达人是否符合品牌定位？
 如何判断达人投放数据是否真实有效？",confirmed_none
150,730,阶段检查点，非最终 FULL,5FD1B74C891C7FCD1393F3731C55F917A6F0124ED0CFBCE5063FD190CA40ACF7,CQ-S-20260805-C1-Q0084,CQ-Q0084,达人投放数据追踪低效怎么办?,核心池,业务场景问题,2026-08-05,core_round_1,C1,collected,"展开
 达人投放数据追踪低效怎么办? 
豆包·网页
达人投放数据追踪低效全套解决方案


一、先找准追踪低效的核心常见原因




数据链路割裂：达人后台、电商后台、广告投放、私域订单数据分散，手动复制表格统计，时效差、易出错；


归因混乱：分不清自然流量、达人种草、付费助推、搜索成交，不知道订单到底来自哪位达人；


监测维度片面：只看曝光播放，忽略进店、加购、转化、复购、投产ROI等核心商业指标；


链路缺少专属追踪标记：统一链接/优惠券，多位达人数据互相串量，无法单独核算单人效果；


复盘滞后：投放结束很久才整理数据，无法中途优化止损；


作弊流量无法识别：达人刷播放、刷互动，虚假数据干扰判断。




二、落地化改造：搭建标准化追踪体系


1. 基础前置：给每一位达人设置独立追踪标识（最关键一步）


（1）链路追踪方式按需选用



1）专属短链/落地页

每位达人生成唯一追踪链接，后台记录点击来源、进店时间、用户行为；适合短视频外链、图文种草、直播间引流。

2）专属优惠券/优惠码

一人一券码，用户下单核销时直接绑定对应达人，电商后台天然可统计核销订单、GMV；适合直播间带货、短视频挂车。

3）渠道标记UTM参数

链接拼接专属utm_source、utm_campaign、utm_content，区分达人、档期、投放形式（短视频/直播/笔记），对接生意参谋、巨量、千川等后台自动归集数据。

4）店铺分销pid、联盟专属计划

精选联盟设置单独佣金计划，达人绑定专属pid，成交自动归属，平台原生溯源，零开发成本。



执行规范



投放前全部配置完毕，禁止多位达人共用一套链接、优惠券、活动页，从源头杜绝数据串单。



2. 统一数据中台，告别多平台手动对账


方案1：轻量化（中小商家零成本）



搭建标准化Excel/飞书多维表格模板，固定字段自动汇总：

基础数据：播放、点赞、评论、粉丝增量、引流点击；

转化数据：进店UV、加购人数、下单量、成交GMV、核销率；

成本数据：坑位费、佣金、投流追加费用；

核心指标：CPM、CPC、进店成本、单客成交成本、ROI、投产回本周期。

设置每日固定时间自动抓取后台导出数据，设置简单公式自动计算，减少手工计算。



方案2：自动化工具（中大型批量达人投放）



1）广告投放侧：巨量百应、千川、磁力金牛官方后台，打通达人数据+付费助推数据；

2）电商经营：生意参谋、抖音罗盘、快手生意通，一键导出达人渠道成交数据；

3）第三方SaaS：蝉妈妈、新抖、灰豚、聚光平台等，自动抓取达人视频数据、引流数据、成交归因，支持批量看板；

4）高阶：企业BI工具（DataStudio、Tableau、飞书BI），打通达人数据、店铺订单、财务回款数据，生成可视化实时大屏。



3. 确定分层追踪指标，摒弃无效数据


第一层：曝光引流层（前端流量质量）



播放量、完播率、有效点击率、评论精准度（无关灌水评论占比）、粉丝画像匹配度；

作用：判断达人账号流量质量，筛选劣质刷量达人。



第二层：流转转化层（中间承接能力）



进店率、商品点击、加购率、收藏率、咨询率；

作用：判断内容种草说服力，内容不行即使流量再高也不会成交，中途可要求达人调整脚本。



第三层：商业投产层（核心考核）



实际成交GMV、有效订单数、退货率、净GMV、总投入（坑位费+佣金+投流）、ROI、单客获客成本；

作用：结算、续约、淘汰达人的核心依据。



三、投放全流程分阶段追踪，实时优化，不用等投放结束复盘


1. 投放预热期（发布0~24小时）



重点监测冷启动流量：完播、自然点击；

异常处理：播放长时间停滞、互动全是水军评论，及时判断账号流量异常，考虑是否追加小额投流助推，或者直接止损。



2. 投放中期（2~7天种草发酵期）



追踪持续进店、每日新增订单；

优化动作：优质达人追加小额定向投流放大流量；低效达人停止追加预算，同步复盘内容问题；同步监控优惠券核销进度。



3. 投放收尾期（7~15天长尾流量）



统计全部长尾成交（短视频种草存在滞后下单），剔除退货订单，核算真实净ROI。



四、解决两大痛点：数据串单 & 虚假流量识别


1. 数据串单优化



1）时间隔离：不同批次达人错峰上线，避免同一时间段大量种草互相争抢流量；

2）地域、人群定向区分：不同达人定向不同人群标签；

3）优先以核销券码、联盟pid这类订单级归因作为最终结算依据，不只用点击数据结算。



2. 甄别达人刷量虚假数据



重点异常特征：



播放暴涨但进店率极低，互动集中在开播前半小时集中涌入；
评论内容统一无相关性、IP地域杂乱、账号多为零级僵尸号；
点击率远高于行业均值，但几乎没有后续加购转化；
应对：前期小预算试水，不要一次性支付全款坑位费，设置阶段性付款，数据达标再结算尾款。


五、标准化SOP，固化追踪流程，降低人为失误




投放前建档
建立达人档案表：达人信息、合作形式、费用、专属追踪链接/券码、考核目标ROI、结算规则；


每日固定数据巡检
运营每日固定10分钟查看看板，标记异常数据；


周度汇总复盘
每周输出达人投放复盘表：优质达人复用、中等达人优化内容、低效达人拉黑淘汰；


结算依据锁定
合同内写明结算唯一数据来源：以店铺后台专属渠道核销订单为准，不以达人端播放数据结算坑位费，规避纠纷。




六、不同体量低成本最优选择




月投放达人＜10位：专属券码+Excel自动表格手动汇总，足够使用；


月投放10~50位：官方百应+第三方数据SaaS自动抓取，搭建简易在线看板；


月投放50位以上：打通BI系统全数据自动化，专人专职负责达人数据监测与复盘。




七、补充小技巧提升追踪精准度




达人内容统一预埋引导话术，引导用户下单时领取专属券，提升归因准确率；


区分自然流量和付费流量：投流单独搭建计划绑定对应达人视频，分开统计投产；


剔除渠道干扰：投放期间尽量不开启全平台通用大额满减活动，避免外部流量抢占达人归因订单。",confirmed_none
150,730,阶段检查点，非最终 FULL,5FD1B74C891C7FCD1393F3731C55F917A6F0124ED0CFBCE5063FD190CA40ACF7,CQ-S-20260805-C1-Q0085,CQ-Q0085,达人投放里费比40%相当于多少ROI?,核心池,业务场景问题,2026-08-05,core_round_1,C1,collected,"展开
 达人投放里费比40%相当于多少ROI? 
豆包·网页
费比40%换算ROI





费比=投放成本÷GMV

ROI=GMV÷投放成本






费比40% = 成本 / GMV = 0.4

[

ROI=\frac{GMV}{成本}=\frac{1}{0.4}=2.5

]




✅ 费比40% → ROI=2.5





常用速查表（达人投放直接套用）


费比	ROI
20%	5.0
25%	4.0
30%	3.33
33%	3.0
40%	2.5
50%	2.0
66%	1.5


简单记忆公式



[

\boldsymbol{ROI=\frac{1}{费比}}

]

例：费比50%，ROI=1÷0.5=2






补充说明：达人投放的费比一般指达人服务费+佣金合计占销售额比例；这里算的是GMV口径ROI，不是利润ROI，还要扣产品成本、快递等才是真实盈利。






如果你需要，我可以帮你算：已知产品毛利率，反推保本需要做到多少费比/ROI。



推荐问题
 已知产品毛利率，如何反推保本需要做到多少费比/ROI？
 费比和ROI的关系是什么？
 如何计算达人投放的成本和GMV？",confirmed_none
150,730,阶段检查点，非最终 FULL,5FD1B74C891C7FCD1393F3731C55F917A6F0124ED0CFBCE5063FD190CA40ACF7,CQ-S-20260805-C1-Q0086,CQ-Q0086,"达人没收到样品,品牌怎么及时发现和跟进?",核心池,业务场景问题,2026-08-05,core_round_1,C1,collected,"展开
 达人没收到样品,品牌怎么及时发现和跟进? 
豆包·网页
达人未收到样品，品牌如何及时发现+全流程跟进



核心思路：前置预警→主动巡检接收节点→达人反馈快速闭环→问题定位→补救+复盘，避免达人因为没收到样品导致拖稿、拒播、差评、平台履约扣分。



一、怎么及时发现达人没收到样品（不等达人主动来找）



很多情况达人不会第一时间反馈，等到要开拍才说没收到，耽误排期，要做主动监控。



1、样品寄出后节点监控



1）快递单号录入：寄出立刻把快递单号同步到达人协作表/CRM，标记寄出时间、预计签收时间、达人收货地址、联系人

2）快递状态定时巡检



预计签收日当天：查物流状态：待签收、已签收、异常（丢件、退回、滞留、地址错误）





重点异常信号：



物流显示已签收，但达人说没拿到（驿站代收、门卫、快递放门口）
物流长时间停滞不动
包裹退回发件方
地址错误/电话联系不上派送失败





动作：不用等达人找，预计签收日主动私信达人确认：“样品是否已经正常签收？”，这是最高效的提前发现手段。



2、结合排期反向预警（非常关键）



在合作排期表里设置预警：






样品必须在开拍/脚本提交前N天完成签收（比如开拍前7天）





如果距离达人约定开拍时间不足3‑5天，系统/表格标记红警：样品还未显示签收，立刻介入核实。





风险：很多品牌只盯寄出，不盯签收，达人临开拍才告知没货，直接错过档期。





3、搭建达人反馈入口，降低达人反馈门槛



达人懒得找品牌是常态：

1）在brief、寄件通知消息里固定话术：






“包裹寄出单号XXX，请留意查收，若3个工作日还未收到，请立刻告知我们，避免影响拍摄排期”

2）企业微信/飞书协作表增加一栏：样品签收状态（未寄出/已寄出/已签收/未收到/退回），达人可直接更新状态。





4、异常快递自动识别


退回件：快递一旦退回，快递后台会有提醒，品牌要第一时间看到，不要等包裹退回来才知道。
驿站长期存放未取件：物流显示驿站代收超过3天未取件，主动提醒达人取件。


二、已经发现达人没收到样品：标准化跟进处理流程





优先级：先确认真实情况 → 判断原因 → 给出解决方案，同时同步调整排期，不要让达人空等





步骤1：核实真实情况，区分4种场景




物流显示【已签收】，达人说没收到




核实：驿站/快递柜/物业门卫代收？有没有被别人代拿？联系快递员核实签收人；




物流停滞/运输中丢件




联系快递公司查件，申请丢件理赔；




包裹退回品牌方




原因：达人地址错误、电话错误、拒收、无法联系；立刻核对达人最新收货信息；




地址填错，寄到错误地址




步骤2：分情况处理方案


场景A：丢件/运输损毁




立刻评估档期：距离开拍时间是否充足




✅时间充裕：安排重新补发样品，给新单号，同步达人，更新排期表；
⚠️时间紧张，来不及邮寄：
可选方案：①申请延后达人拍摄发布档期；②有同城仓可以同城闪送；③部分品类提供试用装/数字资料替代（仅适合部分类目）；





禁止硬催达人按时出内容，没有样品达人无法实拍，会导致内容质量差或者达人违约投诉。





场景B：显示已签收，达人实际未拿到




优先让快递协助调取签收凭证；


如果确认快递遗失，走快递理赔，品牌补发；


如果是达人驿站忘记取件，提醒尽快取件。




场景C：地址错误导致退回




和达人二次确认最新准确收件地址、手机号（很多达人后台地址很久没更新）；


修改地址后重新寄出；


复盘：后续寄样前二次核对收货信息，不要直接复制历史地址。




场景D：达人拒收样品



了解拒收原因：不匹配预期？合作变更？协商终止合作或者重新沟通。



步骤3：沟通话术参考





主动巡检发现未签收主动询问：

“您好，咱们的样品快递单号XXX，物流显示XX状态，想跟您确认下是否已经收到样品，如果还未收到请告知我们，我们马上核实处理，避免耽误您的拍摄排期。”








确认丢件之后：

“核实到包裹运输出现丢件，非常抱歉给您带来麻烦，我们这边马上为您重新补发，新单号XXX。这边拍摄档期我们同步往后调整X天，您这边看是否可行？”





三、风险规避：没收到样品带来的坑&规避




达人履约纠纷：达人没样品没法实拍，如果品牌强推档期，达人会申请取消合作、平台仲裁，品牌败诉风险高；


样品重复成本：丢件补发产生额外样品成本，建议对高价值样品做保价；


排期混乱：所有补发、延期，必须书面确认达人，聊天留痕，更新合作台账，不要口头约定。




四、前置预防：从源头减少“达人没收到样品”问题




寄样前二次核验地址：不要直接复制达人平台留的旧地址，合作确认后，单独让达人再发一遍收件人、手机号、详细地址；


高价值样品优先选可追踪快递，保留快递底单；


寄样通知必须给到达人：单号+快递公司+预计到达时间；


台账必备字段：达人ID、合作ID、样品名称数量、寄出时间、快递单号、预计签收日、实际签收状态、异常备注、补发记录；


设置SOP：预计签收日+1个工作日，必须完成达人签收确认，作为运营固定动作，而不是被动等待达人投诉。




五、复盘



每月统计样品异常数据：丢件率、退回率、地址错误率；

高频退回的达人，后续合作重点确认地址；

丢件多的快递渠道考虑更换。




如果你需要，我可以给你一份可直接复制的【达人样品管理表格字段模板】+完整SOP流程文档。



推荐问题
 怎样高效地跟进达人未收到样品的问题？
 如何设置样品寄出的提醒？
 达人收到样品后，品牌方还需要做什么？",confirmed_none
150,730,阶段检查点，非最终 FULL,5FD1B74C891C7FCD1393F3731C55F917A6F0124ED0CFBCE5063FD190CA40ACF7,CQ-S-20260805-C1-Q0087,CQ-Q0087,达人筛选、信息记录、合作进度怎么统一管理?,核心池,业务场景问题,2026-08-05,core_round_1,C1,collected,"展开
 达人筛选、信息记录、合作进度怎么统一管理? 
豆包·网页
达人筛选、信息档案、合作进度一体化统一管理整套方案



整体核心思路：一套标准化台账+固定流程节点+权责分工+工具承载，把达人入库、初选终审、资料存档、洽谈、排期、履约、结算全链路打通，杜绝信息分散、跟进断层、数据丢失。



一、整体架构：三大模块打通管理


模块1：达人筛选标准化管理（准入分级）


模块2：达人全量信息统一归档（静态+动态数据）


模块3：合作全生命周期进度追踪（从建联到复盘闭环）


一、达人筛选体系规范化管理


1. 搭建达人标签库，统一筛选维度


（1）基础硬性标签



平台（抖音/小红书/视频号/B站）、账号类型、粉丝量级、垂类赛道（美妆/家居/美食等）、账号地域、粉丝画像（年龄、性别、消费层级）、报价区间、合作形式（置换、纯佣、一口价、直播带货）。



（2）质量筛选考核指标（筛人核心标准）


数据质量：近30天平均播放/互动率、点赞评论真实性、有无刷量、账号违规限流历史；
内容质量：实拍能力、文案水准、过往同品类案例、画面质感；
商业履约：过往是否拖稿、临时改方案、违规乱接竞品、差评投诉记录；
合规资质：是否可开票、有无MCN签约、排他协议、广告备案资质。


2. 分层分级入库，筛选流程固化




初筛：运营全网挖掘、达人自荐、媒介推荐，初步核对数据，录入临时候选池；


复筛：核验数据真伪、翻看历史广告案例、私信初步沟通合作意向；


终审入库：符合品牌标准则正式录入达人资源库，不合格标记淘汰，备注淘汰原因；


等级划分
S级：头部优质固定长期合作达人；
A级：性价比高、履约稳定主力达人；
B级：备选腰部、新人试水达人；
C级：观察池，暂不优先合作。




3. 筛选规则固化


竞品保护：近3个月接同类竞品直接拉黑锁定；
黑名单机制：履约翻车、漫天抬价、违约达人单独归档黑名单，永久禁止合作。


二、达人信息统一记录归档（一份档案管到底）


1. 单达人标准信息档案字段（一张表全覆盖）


① 固定基础信息（静态信息）



达人昵称、ID、主页链接、所属MCN/独立博主、对接人微信、联系方式、签约到期时间、开票信息、收款账户、所在地。



② 商业数据档案



粉丝数、近1/30天数据、报价表（短视频、图文、直播、置顶、合集打包价）、档期空闲时间、排他要求、可接受合作模式。



③ 历史合作档案（核心动态记录）



过往合作次数、合作品类、合作时间、投放形式、实际花费、投放效果（GMV、曝光、转化、ROI）、达人配合度评分、优缺点总结。



④ 沟通备注台账



达人偏好（对接时间、福利喜好、对接禁忌）、往期沟通分歧、承诺事项、未落地搁置原因。



2. 信息录入规范




新增达人必须当天录入系统/表格，禁止私人微信存资料；


报价、档期、联系方式变动实时更新，标注更新时间与操作人；


重要聊天记录、合同文件、资质截图统一附件归档，支持溯源查看。




三、合作全流程进度统一管控（标准化节点）


完整合作全流程节点+状态标记


阶段	工作内容	进度状态	负责人	关键留存资料
1 意向洽谈	确认档期、报价、合作形式、brief需求	待确认意向	媒介/运营	聊天记录、初步报价单
2 方案敲定	确认脚本方向、发布时间、权益点位	待签合同	运营	合作brief、排期初稿
3 合同签约	线上电子签/纸质盖章、定金支付	合同签署中	商务	正式合同、付款凭证
4 物料对接	寄送样品、发送素材、对接审核要求	待出稿	运营	快递单号、样品签收记录
5 脚本审核	达人提交脚本，品牌一审/二审修改	脚本修改中	内容审核	审核修改意见存档
6 拍摄制作	达人开拍，确认拍摄画面	拍摄中	对接专员	现场素材抽检
7 上线发布	按时发布、投流配合、监控评论区	已上线	运营	发布链接、上线截图
8 数据监测	统计曝光、互动、转化数据	数据复盘期	数据岗	数据报表、截图
9 尾款结算	验收无误走付款流程、发票核销	结算中	财务	验收单、发票、结算单
10 售后归档	评分定级、录入合作总结、标记下次合作意向	合作完结	运营	整体复盘表


进度管理规则




每个节点设置截止时间，超时自动预警；


搁置订单标注原因：档期冲突、预算不足、达人放弃、方案不匹配；


所有操作留痕：谁对接、谁审核、谁确认，权责清晰。




四、落地工具选型（低成本到专业级）


方案1：零成本——Excel/飞书表格/金山文档（中小团队首选）



搭建三张联动表格：

1.《达人资源总库》：筛选分级+基础信息；

2.《达人沟通记录台账》：聊天、报价、意向记录；

3.《合作项目进度总表》：绑定对应达人，实时拖拽更新进度。

优势：上手快、零费用；劣势：体量变大后协同效率偏低。



方案2：轻量化协同工具（中小型品牌/MCN）



飞书多维表格、钉钉宜搭、Notion、简道云

自定义表单：达人录入表单、进度看板视图、自动提醒、权限分级（运营只能编辑，管理员可删除导出），支持上传合同、截图附件，自动汇总数据。



方案3：专业达人投放SaaS（大批量投放品牌）



星图、蒲公英、新抖商单管理系统、自有CRM达人管理系统

自带达人数据核验、报价管理、排期看板、合同管理、数据自动抓取、结算对账一体化，适合月投放几十上百条达人合作。



五、核心管理制度保障统一落地




权限划分
录入员：新增达人、更新沟通记录；
审核岗：终审达人、审核脚本、验收交付；
管理员：资源库维护、黑名单管理、数据导出；
禁止私下对接不录入台账。


固定同步机制
每日晨会同步待跟进达人；每周复盘资源库盘活情况；每月盘点优质达人复用、低效达人清退。


数据定期盘点
定期淘汰长期无合作价值、数据下滑、履约差的达人；对优质S/A级达人锁定长期档期与优惠价。


标准化SOP文档
把达人录入规范、筛选打分表、对接话术模板、审核标准、结算流程整理成文，新人接手可直接复用。




六、极简落地执行步骤（直接照着做）




第一天：搭建基础表格/工具字段，确定统一标签体系；


三天内：把现有手上全部达人资料统一迁移入库，分级标记；


固化所有新达人必须先入库再洽谈合作；


所有在途合作全部录入进度看板，逐个锁定节点；


每周固定更新达人信息、同步合作进度，清理无效资源。




七、常见痛点解决




多人对接同一个达人信息混乱：指定唯一对接人，所有沟通统一归档，禁止多人同时私聊乱承诺；


达人报价反复变动：每次更新报价在档案里留存历史版本；


合作逾期无人跟进：工具设置节点倒计时提醒，超时追责；


历史案例找不到：每条合作绑定达人档案，一键查看该达人全部过往投放记录。





如果你告诉我团队规模、投放量级、主营平台，我可以直接给你一套可复制的Excel表格字段模板或者飞书多维表格搭建模板。



推荐问题
 如何搭建达人标签库？
 合作全生命周期进度追踪有哪些注意事项？
 推荐一些达人管理工具",confirmed_none
150,730,阶段检查点，非最终 FULL,5FD1B74C891C7FCD1393F3731C55F917A6F0124ED0CFBCE5063FD190CA40ACF7,CQ-S-20260805-C1-Q0088,CQ-Q0088,"达人营销业务分析难,应该搭建什么数据看板?",核心池,业务场景问题,2026-08-05,core_round_1,C1,collected,"展开
 达人营销业务分析难,应该搭建什么数据看板? 
豆包·网页
达人营销业务｜数据看板搭建方案





痛点：达人营销链路长（选号→投放→内容→转化→复盘），数据散在巨量、星图、品牌后台、电商后台，跨源取数，分析难、归因乱、ROI算不清。

整体看板分为5大模块：总览看板、达人资产看板、投放执行看板、内容效果看板、商业转化ROI看板，再加1个细分下钻分析看板，按需做PC业务大屏+业务人员明细报表。





一、达人营销总览看板（管理层看，核心大盘）



定位：全盘业务健康度，看整体盘子，不看细达人，回答：花了多少钱、做了多少投放、整体产出、核心KPI完成率

核心指标





业务规模：总投放预算、实际消耗、达人合作数量（新增/累计）、合作内容数（短视频/直播）、投放档期数


KPI达成：预算完成率、内容发布完成率、曝光目标达成、GMV目标达成


整体效率：千次曝光成本CPM、单条内容成本、整体ROI、内容平均互动率


趋势：按周/月消耗、曝光、GMV趋势图


风险预警：待发布延期内容、超预算项目、ROI严重低于阈值的投放批次







用途：周报月报输出，老板快速看大盘，识别整体业务问题。





二、达人资产看板（选号&达人池运营，解决“达人好不好”）



定位：管理达人库，评估达人质量，沉淀达人标签，解决选达人盲选问题，区分存量/新达人/复投达人



基础属性维度



达人分类标签：垂类、粉丝量级层级（头部/中腰部/尾部/素人）、合作状态（未合作/待合作/已合作/黑名单）、是否复投、报价区间、平台（抖音/小红书/B站等）



达人质量指标


账号基础：粉丝数、粉丝画像（年龄、性别、地域）
账号原生质量：历史平均播放、平均互动率、粉丝真实度（异常低质标记）、过往合作历史（历史ROI、过往是否翻车）
成本指标：达人报价、预估千粉成本、预估单曝光成本


衍生分析




达人分层分布：各层级达人数量、预算占比、产出占比，看预算结构是否健康


复投达人效果：复投VS新达人的ROI对比


黑名单/风险达人清单（舆情风险、数据造假标记）







价值：选号不用翻Excel，直接看板筛选优质达人，沉淀自己的达人资产。





三、投放执行看板（项目/投放运营，过程管控）



定位：管项目进度，监控履约，解决项目延期、排期混乱，面向投放执行同学

维度：项目、campaign、批次、达人、内容





项目基础：项目名称、活动周期、预算分配、对接人


执行进度：已签约/待脚本/待拍摄/待发布/已发布/已完结数量；延期预警


预算消耗：计划预算、已花费、待支付、剩余预算，预算消耗进度


履约指标：脚本通过率、内容拒改率、交付准时率


异常监控：未按时发布、达人违约、改稿次数过多的项目







解决：很多达人营销分析难，不是没有结果数据，而是过程数据缺失，不知道问题出在哪个环节。





四、内容效果看板（内容质量分析，看内容本身表现）



定位：区分「达人本身流量」vs「这条内容好坏」，区分短视频/直播两种形态



短视频达人内容指标


流量：播放、完播率、曝光、播放完成率
互动：点赞、评论、收藏、转发、互动率
人群：内容触达人群画像
成本维度：CPM、CPC、单互动成本


直播达人指标


直播场观、平均停留、点击率、转粉、UV价值
直播时段、直播时长


分析切片




按内容类型：种草/测评/开箱/剧情，对比不同内容形式效果


按达人层级：头/中腰/尾部，看哪类内容素材表现更好


内容标签分析：哪些脚本卖点、关键词带来更高播放互动


基准对比：单条内容 vs 该达人历史平均水平，判断这条内容是高于还是低于达人正常水准







关键：剔除达人本身账号基准，判断是达人强还是内容强，避免错判达人价值。





五、商业转化&ROI看板（业务最核心，算账归因）





达人营销最大难点：归因，区分自然流量、搜索流量、达人引流，看板要把“达人带来的转化”单独剥离





核心指标




投入：达人服务费、样品成本、投流追加成本（达人内容+DOU+/千川），核算完整真实投入


转化结果：




浅层转化：点击商品、加购、线索收集
深层转化：达人渠道GMV、订单量、客单价、退款率




效益指标：ROI（GMV/总投入）、CAC获客成本、新客占比、种草转化率




多维度切片


按campaign活动、按达人、按单条内容、按达人层级、垂类切片ROI
ROI分布：高ROI达人清单、亏损达人清单
时间窗口：7天/14天转化（很多种草不是当天成交，要做延时转化）





重点：一定要包含退款数据，算净GMV，不然ROI虚高。





六、下钻明细分析看板（自助分析，给分析师用）



前面是聚合看板，这个是明细，支持筛选导出，解决“为什么大盘ROI下滑”

支持筛选条件：时间、项目、达人垂类、粉丝层级、平台、是否复投、内容形式

明细字段：达人ID、项目、报价、播放、互动、GMV、投入、ROI、退款、新客数

支持：筛选导出，自助定位问题，比如：这个月大盘掉了，是头部达人拉胯？还是中腰部整体不行？还是某一类内容转化差？



数据来源说明（非常关键，分析难根源就是数据源割裂）




达人平台数据：星图、蒲公英、花火（曝光、互动、达人报价）


电商后台：店铺成交、订单、退款


品牌埋点/渠道追踪：短链、专属券码、商品橱窗，做达人归因


业务业务流程库：合同、排期、样品、项目履约数据




看板落地的避坑要点（达人营销高频踩坑）




❌不要只看表面播放，一定要区分自然流量+付费助推流量，有些达人内容是投流堆出来的，不是达人原生能力


❌ROI不要只用当日成交，种草营销必须配置7/14天延时转化窗口


❌只算达人服务费，漏掉样品、追加投流成本，会高估ROI


✅建立基准值：每个垂类、粉丝层级建立参考基线，比如美妆腰部达人平均互动率多少，用来判断好坏，而不是单纯看绝对值


✅增加负向指标：退款率、舆情负面评论占比，不止看GMV，看风险




简易落地优先级（资源有限情况下）



1期优先搭建：总览看板 + ROI转化看板 + 达人资产基础看板，解决老板看大盘、算账、选达人

2期：投放执行过程看板

3期：内容效果看板 + 明细下钻看板




如果你需要，我可以进一步输出：

1）每个看板的字段清单，可直接给到BI开发；

2）达人营销核心指标口径文档；

3）常见分析模型：达人分层模型、ROI归因分析框架。



推荐问题
 详细介绍一下内容效果看板的搭建方法
 如何根据数据看板进行达人营销业务的优化？
 商业转化ROI看板的核心指标有哪些？",confirmed_none
150,730,阶段检查点，非最终 FULL,5FD1B74C891C7FCD1393F3731C55F917A6F0124ED0CFBCE5063FD190CA40ACF7,CQ-S-20260805-C1-Q0089,CQ-Q0089,"达人营销团队内耗效率低,怎么统一管理合作进度?",核心池,业务场景问题,2026-08-05,core_round_1,C1,collected,"展开
 达人营销团队内耗效率低,怎么统一管理合作进度? 
豆包·网页
达人营销团队内耗、效率低，统一管理合作进度落地方案





核心痛点拆解：大多内耗来自信息不同步、权责模糊、进度靠口头、版本混乱、复盘无统一标准，经常出现：商务谈达人、执行排期、内容审核、投放、结算各环节信息断层，反复拉群对齐、重复沟通、漏节点、互相甩锅。下面分组织规则、流程链路、工具落地、减少内耗机制、常见坑规避，可直接落地。





一、先定权责，解决“谁该干什么”，从源头减少扯皮



很多进度混乱本质是分工不清，一件事多人插手，出事没人担责。





每个达人项目，固定1个唯一负责人（Owner）
Owner对该达人全链路进度总负责：对接内部需求、跟进达人、同步进度、风险上报。其他人是协作人，不多头对接达人，禁止多人同时找同一个达人沟通，避免达人收到多版本需求，来回反复。







反面：策划、商务、投放都私戳达人，需求互相冲突，返工大量增加。







明确岗位边界




商务：筛选达人、谈判报价、签合同、确认合作基础条件
项目/执行Owner：排期、brief下发、脚本/素材审核、盯交付、盯上线
内容：审核脚本、把控内容质量，输出修改意见（一次性汇总，不要分批零散提修改）
投放：上线后数据回传、投放加推
财务：依据确认交付结果走结算



硬性规则：所有对外和达人沟通，重要信息必须留痕，禁止只微信口头。



二、标准化全链路流程，把达人合作拆成固定节点，统一进度口径



把达人合作拆解为标准化阶段，所有达人全部走同一套节点，所有人看同一个进度表，不再各说各的



标准7大节点（可直接复制到表格/项目工具）




达人初选评估 → 2.报价&商务谈判 →3.合同/排期确认（brief定稿）→4.脚本/初稿审核 →5.达人产出视频/笔记交付 →6.审核修改、定稿上线 →7.上线数据回收、验收、结算归档





每个节点强制记录：



当前状态：未开始/进行中/待审核/已完成/风险暂停（标注风险原因：达人拖稿、脚本驳回、排期延后）
计划时间、实际完成时间
关键附件：合同、brief、脚本、成品链接、验收截图
风险备注：例如达人延期、修改次数超限





关键：不允许跳过节点，比如没确认brief就直接让达人拍视频，后期必然大量返工内耗。





审核机制，减少反复拉扯内耗




脚本审核设置固定反馈窗口期（例如24h内），内部所有审核人意见汇总成一份统一文档给到达人，禁止零散多次提修改；


约定修改上限：合作前写进brief，几次免费修改，超次如何处理，避免无限改稿消耗团队；


驳回必须写清楚可落地修改点，不写“感觉不对、不够高级”这类模糊评价。




三、统一进度管理载体：杜绝信息散落在微信、聊天记录





大忌：进度靠微信群、私人微信，信息碎片化，新人接手完全看不懂。





方案A（轻量，中小团队，不用复杂系统）：在线共享表格（飞书表格/金山文档）



一张总表管理全部达人合作，全员只读/编辑权限，是唯一进度源，群聊只做通知，不做信息存档。

表格核心字段：合作项目、达人昵称ID、对接Owner、报价、全部7个节点状态、计划时间、实际时间、风险标记、附件链接、上线链接、验收状态。




使用规则：





所有状态更新，必须在表格更新，优先更新表格，再在群里同步通知；


群内只做提醒，重要决策、脚本、排期全部归档到表格，聊天记录不视为正式进度依据；


设置视图筛选：按项目、按状态、按负责人筛选，快速看哪些达人待审核、要到期、存在风险。




方案B（中大型团队，达人数量多）：项目管理工具（飞书项目、Trello、Notion）



每个达人合作建立一条任务卡片，绑定上面7个阶段，流转状态，自动到期提醒，评论区集中沉淀全部沟通意见，附件统一上传。






进阶：有预算可以用达人SaaS工具，整合达人库、谈判、排期、内容审核、数据看板，天然统一进度。





硬性纪律


禁止私存版本：brief、脚本、修改稿全部统一存云端文件夹，命名规范【项目-达人-版本号】，防止到处找文件。


四、会议&同步机制，减少无效会议，降低内耗



很多团队内耗来自无休止的对齐会，信息不同步就反复开会。





固定短周期同步，拒绝随时拉会
每周1次达人营销进度同步会（30分钟以内），只看统一进度表：




只过风险项：延期、脚本卡审、达人失联、验收问题；
已经正常推进的达人，不逐一复述，表格自己看。





风险升级机制：

Owner发现节点即将逾期/重大卡点，直接标记表格风险，同步给主管，不要私下来回拉扯消耗，问题尽早暴露，不要等到临近上线才爆发。




减少临时群：一个达人合作一个群，到期完成后归档，群内不发散无关讨论。





五、减少跨部门内耗的配套规则




需求前置锁定：业务方的营销需求、brief必须定稿再启动达人对接，禁止达人已经开始制作，内部需求还在反复变动，这是最高频内耗来源。brief变更必须走变更记录，评估排期、成本影响。


明确验收标准，写进brief：上线验收标准提前写清楚，什么算合格，什么情况不予结算，避免上线后各方对“好不好”有分歧，互相推诿。


版本管理：所有修改留痕，谁提的意见、什么时候提，有据可查。




六、数据复盘，沉淀经验，避免重复踩坑



每轮项目结束，基于统一进度表复盘：



哪些节点经常延期？是商务谈判慢、内部审核慢，还是达人履约问题；
统计平均审核周期、修改次数、达人违约率；
把高频问题沉淀为规范，优化流程，不要每次项目重新摸索。


七、常见踩坑提醒




❌ 不要靠微信群作为进度管理工具：聊天刷屏，信息丢失，新人无法接手；


❌ 禁止多个人对接同一个达人，多头沟通会造成大量返工；


❌ 不要口头确认排期、修改要求，全部留痕归档；


❌ 不要无限修改脚本，提前约定修改边界，减少团队和达人双向消耗。




快速落地行动清单（马上可以执行）




确定每个达人合作唯一Owner，厘清各岗位分工；


输出7节点标准化达人合作流程；


搭建统一在线进度总表，作为唯一真相源；


制定brief、脚本审核规则，统一反馈，限制修改次数；


每周短会只同步风险，减少无效沟通；


所有重要信息、附件归档云端，脱离微信聊天。





如果你需要，我可以直接给你一份【达人合作进度跟踪表模板】的字段清单，复制粘贴就能用。



推荐问题
 如何减少达人营销团队的内耗和提高效率？
 如何制定达人营销团队的合作进度管理流程？
 有哪些工具可以帮助统一管理达人营销合作进度？",confirmed_none
150,730,阶段检查点，非最终 FULL,5FD1B74C891C7FCD1393F3731C55F917A6F0124ED0CFBCE5063FD190CA40ACF7,CQ-S-20260805-C1-Q0090,CQ-Q0090,达人营销团队协作怎么管理?,核心池,业务场景问题,2026-08-05,core_round_1,C1,collected,"展开
 达人营销团队协作怎么管理? 
豆包·网页
达人营销团队协作管理



达人营销团队一般包含：策略、选品/达人BD、内容策划、执行对接、数据复盘、投放/媒介、商务、运营，部分团队还会有内部剪辑、法务。协作痛点集中在：信息不同步、达人对接多头沟通、排期混乱、权责模糊、复盘流于形式、跨部门（销售、产品、供应链）拉扯。下面从组织分工、流程闭环、工具协作、冲突管控、绩效考核、风险管控6个维度落地。



一、先明确团队角色与权责（避免多头对接）





核心原则：一个达人只设置1个主对接人，其他人协同，不直接骚扰达人。





岗位	核心职责
策略负责人	整体达人营销目标、预算、赛道选择、KPI拆解、项目优先级把控
达人BD/媒介	达人挖掘、初筛、询价、谈判、合同、档期锁定、关系维护
内容策划	输出brief、脚本审核、把控内容调性、提修改意见、沟通达人改稿
项目执行/对接人	全项目进度跟进，同步内部+达人，收集物料，盯发布，处理突发
数据运营	埋点、监测曝光/互动/转化，输出复盘报告，达人评级
商务/法务	合同审核、报价审批、合规校验、结算





常见坑：策划、BD、销售同时找同一个达人，达人混乱、需求矛盾。规则：所有对外达人沟通，统一由主对接人输出，内部意见先对齐再发给达人。





二、搭建标准化协作流程（完整闭环）


1. 项目立项阶段（内部对齐，再找达人）




策略输出项目brief：营销目标（曝光/种草/GMV/新品破圈）、预算区间、目标人群、达人层级配比（头部/中腰部/素人）、时间节点、禁止内容、转化链路。


内部评审：产品、销售、供应链确认产品库存、卖点、优惠券、赠品，避免达人种草后缺货。


输出达人池需求：明确筛选条件（粉丝、垂类、历史笔记数据、避坑黑名单）。





✅协作要求：立项未完成，BD不许私下敲定达人档期。



2. 达人筛选&签约阶段




BD输出候选达人清单，附带报价、历史作品、风险点，团队评审筛选。


谈判、确认档期、权益、交付物；法务过合同，明确：交付标准、修改次数、延期、违约、版权、排他、广告标识。


建立达人项目台账：达人昵称、ID、报价、档期、交付内容、对接人、状态、结算节点、风险备注。







协作红线：达人所有口头承诺全部落到合同/补充协议，不相信口头约定。





3. 内容生产协作（最容易吵架环节）




主对接人把统一版brief给到达人，内部先对齐修改意见，策划、策略、产品达成共识后，一次性发给达人，禁止多个人分别提不同修改意见。


脚本/初稿提审：设置修改次数上限（一般2‑3轮），提前写进合同，避免无限改稿拖排期。


审核记录留痕：哪些修改点通过、哪些驳回，全部记录；若达人拒绝修改，立刻内部同步，评估是妥协还是终止合作。




4. 发布执行阶段


发布前再次校验：广告标签、链接、优惠券、产品信息、合规话术。
发布实时监控：笔记是否正常上线，评论区舆情监控；出现负面评论，执行+策略快速响应。
收集交付物料：链接、截图、视频原片、评论截图。


5. 复盘归档阶段




数据运营输出数据：曝光、完播、互动、跳转、加购、GMV、ROI、CPM、CPE。区分达人等级、内容主题效果。


团队复盘会：
做得好：哪些达人、哪种内容形式效果好
问题：排期延误、脚本翻车、达人数据造假、预算超支
沉淀：更新达人黑白名单，优化下一轮brief和筛选标准


全部资料归档：合同、brief、脚本、作品链接、复盘报告。




三、工具协作体系，减少来回微信沟通




项目台账表格（飞书/钉钉多维表格、Notion）：统一管理所有达人项目状态，所有人实时查看，代替微信同步进度。字段：项目名、达人、预算、档期、当前阶段（待洽谈/待脚本审核/待发布/已发布/待结算）、风险标记。


文档库：统一存放brief、脚本、合同、复盘报告，版本管理，防止多人传不同版本文件。


沟通规则
内部意见：在项目文档/群内讨论对齐，不要单独私戳达人提需求。
对外沟通：达人沟通记录统一归档，重要信息截图同步到项目。


会议机制
周会：同步所有在跑项目进度，卡点风险提前暴露；
项目启动会：新项目统一对齐目标；
项目结束复盘会，不走过场。




四、团队冲突与风险管控


常见冲突




BD想签低价达人，策划觉得达人内容质量差；


产品要堆砌卖点，策划认为内容太硬达人不愿意拍；


达人延期、拒改脚本，BD偏向维护达人，业务方要求严格按brief执行。





解决原则





立项阶段就约定优先级：是优先保ROI？还是优先品牌调性？写进项目目标，发生矛盾就回头看目标。


设置决策人：出现分歧，由项目负责人做最终决策，避免无限拉扯。


风险提前预案：达人跳票怎么办？提前准备备选达人池；内容翻车的舆情预案。




高频风险


达人刷量：建立达人评级，剔除数据异常账号；
合规风险：广告法、标注#广告/#合作，虚假宣传；法务提前审核脚本；
多头对接：严格执行1个达人1主对接人。


五、绩效考核设计，对齐团队目标



达人营销不要只看BD签了多少达人，要结果导向。



BD/媒介：达人池质量、谈判成本（CPM/报价性价比）、档期履约率，不是看签约数量；
内容策划：内容过审效率、内容种草指标、修改返工率；
执行：项目按期交付率、问题闭环时效；
整体团队：按项目考核：完成曝光目标、ROI、新品声量。





⚠️避免KPI陷阱：如果BD只考核签约达人数量，会签大量低质量达人，整体ROI崩盘。





六、不同团队规模适配方案




小团队（3‑5人）：一人多岗，指定1个项目总负责人，用简单多维表格做台账，把流程简化，重点杜绝多头对接。


中型团队（6‑15人）：岗位拆分清晰，标准化brief、合同模板、台账，固定周会复盘。


大型企业（跨部门，市场、电商、销售协同）：明确跨部门接口人，建立需求提报流程，不允许业务部门直接找达人团队提临时需求。




七、可直接落地的3条管理铁律




内部先对齐，再对外输出，绝不把内部矛盾丢给达人。


一个达人，一个主对接人，其他人只能对内提意见，不直接联系达人提需求。


所有口头约定落地文档，节点风险提前记录，不要事后追责。





如果你需要，我可以帮你输出一份【达人营销项目台账模板】或者【达人合作Brief模板】直接复制使用。



推荐问题
 达人营销团队协作管理的流程闭环具体是怎样的？
生成PPT：达人营销团队协作管理方案
 项目立项阶段，内部对齐包含哪些内容？",confirmed_none
150,730,阶段检查点，非最终 FULL,5FD1B74C891C7FCD1393F3731C55F917A6F0124ED0CFBCE5063FD190CA40ACF7,CQ-S-20260805-C1-Q0091,CQ-Q0091,达人营销团队绩效归因模型怎么搭建?,核心池,业务场景问题,2026-08-05,core_round_1,C1,collected,"展开
 达人营销团队绩效归因模型怎么搭建? 
豆包·网页
达人营销团队绩效归因模型全流程搭建方案


一、搭建前期核心定位与基础前提


1.明确归因核心目标




区分达人本身流量价值、运营团队操盘价值、投放策略价值、外部环境红利；


核算单达人/单项目ROI，量化运营、商务、策划、剪辑、投手各岗位贡献；


优化达人筛选、排期、内容优化、预算分配，淘汰低效达人与低效运营动作；


绑定团队绩效考核、提成结算、资源倾斜依据。




2.梳理参与角色（达人营销标准团队）


岗位	核心工作	需要归因的产出
达人商务	达人挖掘、议价、签约、维护、账期对接	达人质量、签约成本、履约率
达人运营	脚本对接、拍摄盯控、发布排期、评论运维、达人日常管理	内容落地效果、执行效率、舆情稳定
内容策划	脚本策划、选题、话术优化、转化链路设计	内容种草转化率、素材复用率
投放优化	随心推/千川、信息流加持、人群定向、预算调配	付费放大增量、付费投产
数据专员	数据复盘、指标监控、归因核算、报表输出	数据准确性、复盘落地效率


3.统一数据底层数据源（归因根基）



必须打通全链路数据，杜绝数据割裂：





平台原生数据：抖音/快手/小红书/B站后台播放、互动、粉丝、商品点击、直播间引流；


电商数据：店铺GMV、下单UV、成交、客单价、复购、加购、优惠券核销；


自有CRM：用户溯源、渠道标记、订单打标（唯一追踪码、短链、专属优惠券、落地页参数）；


内部台账：达人合作成本（坑位费+佣金+投放费）、人力工时、修改返工次数、履约时长。





关键埋点手段：

达人专属短链、专属优惠码、直播间专属口令、落地页UTM参数、订单来源标签，实现订单精准溯源到具体达人。



二、主流适用的4类归因模型（按业务阶段选择）


模式1：末次点击归因（初创团队首选，最简单落地）


规则



用户成交前最后一次触达的达人，100%瓜分该笔订单业绩。



适用场景：短视频即时种草、短决策标品（零食、日化、小商品）；
优点：计算简单、团队认可度高、系统搭建成本低；
缺点：低估前期铺垫种草达人的贡献，只收割收尾流量。


模式2：首次触达归因（品牌种草优先）


规则



用户第一次浏览种草的达人独享全部业绩；



适用：新品牌冷启动、拉新为主、侧重达人破圈种草；
弊端：后期承接转化的优质带货达人收益被低估。


模式3：时间衰减归因（成熟品牌种草+带货兼顾，推荐）


核心逻辑



距离成交时间越近的达人权重越高，越早期种草权重逐步递减。

示例（7天转化窗口期）：





成交前0~24h触达：权重50%


1~3天触达：权重30%


4~7天前期种草：权重20%
优势：兼顾前期种草铺垫与后期直接转化，最适合常态化达人矩阵投放。




模式4：线性平均归因（达人矩阵密集铺量）



同一用户被多位达人种草后成交，所有触达达人平分该订单业绩；

适合大批量铺量达人、全域铺口碑，缺点无法区分优质达人价值。



模式5：自定义位置加权归因（头部成熟企业精细化）



按用户转化链路角色分配权重：





种草铺垫达人：30%


深度测评达人：30%


收尾拔草/直播达人：40%
可自由配置权重，适配分层达人矩阵（头部造势、腰部测评、尾部铺量）。




配套基础设定（必须固化规则）




转化窗口期：短视频常规7~15天，高客单价耐用品（家电、家居）设置30天；


排除规则：自然搜索下单、品牌自有直播间、私域成交不计入达人业绩；恶意刷单、退款订单剔除；


重合订单防重复计算：同一订单仅按选定规则分配一次业绩，不重复计入多个运营绩效。




三、分层指标体系：团队绩效+达人效果双层指标


第一层：达人端基础效果指标（归因数据源）


1）成本类



坑位费、佣金比例、垫付投放成本、样品成本、赔付成本、整体单达人总投入TC。



2）流量效率指标



曝光、完播率、互动率（点赞/评论/收藏）、跳转店铺点击率CTR、进店UV。



3）转化核心指标



加购率、下单转化率、GMV、实收GMV（剔除退款）、ROI=实收GMV÷总投入、新客占比、复购率。



第二层：团队各岗位绩效考核指标（绑定归因结果）


1.商务岗KPI（绑定达人基础质量）




有效签约率：对接达人最终成功履约发布比例；


单位获客成本控制：签约达人平均获客成本低于基准线；


达人故障率：临时爽约、内容违规限流、舆情问题占比；


优质达人挖掘量：月度挖掘高ROI新达人数量。




2.达人运营岗KPI（绑定单达人最终归因ROI）




负责达人整体投产ROI达标率；


内容一次通过率：无需大幅修改一次过审发布比例；


发布准时履约率；


负面评论处理及时率、舆情零翻车；


素材二次复用率（达人视频剪辑二次分发产出）。




3.内容策划岗KPI




脚本对应达人内容平均CTR、进店转化率；


爆款素材产出数量；


同类型脚本下不同达人的转化稳定性。




4.投放优化岗KPI




付费投放增量ROI；


付费撬动自然流量比例；


预算消耗精准度，超支/结余管控。




四、完整落地搭建五步实施步骤


步骤1：梳理组织架构，划分运营权责边界



实行达人包干制：一位运营固定负责一批达人，该批次达人所有归因业绩归属对应运营，避免权责混乱；头部达人单独专项运营，中小达人批量集约化运营。



步骤2：搭建数据追踪体系，订单溯源改造




技术侧：落地UTM追踪、专属券码、分销分佣体系，线上订单自动标记来源达人；


线下台账：无技术条件下，人工登记达人编号、发布时间、周期内对应核销订单；


搭建基础数据看板：单达人日报、运营负责人周度汇总数据。




步骤3：选定适配的归因模型，固化书面规则



示例中小品牌落地配置：






转化窗口期7天，采用时间衰减归因；剔除退款、刷单订单；自然流量无达人触达订单不计入团队绩效；同一位运营名下所有达人汇总ROI作为核心考核分。





步骤4：设计绩效核算与激励方案


1）绩效计分逻辑



绩效得分=基础分（履约执行）+加权分（归因GMV/ROI）-扣分项（翻车、延期、超成本）



2）薪酬激励模式




底薪：基础执行工作；


提成：以运营负责达人归因实收GMV/超额ROI利润计提佣金；


阶梯奖励：月度达成整体ROI目标发放团队奖金，头部优质运营给予优质达人优先分配权；


负向考核：连续两月负责达人整体ROI不达标，优化负责达人池。




步骤5：搭建常态化复盘迭代机制




日监控：达人发布后24小时数据预警，数据异常及时调整；


周复盘：按运营维度拆解归因数据，分析高绩效运营打法、低效问题；


月迭代：根据业务变化调整归因权重、考核指标、投放预算分配；
举例：大促前调整归因权重，提高直播拔草达人权重；日常种草期提高前期种草达人权重。




五、常见难点解决方案


1.多达人叠加种草，业绩分不清



解决方案：优先上线时间衰减/加权归因，拒绝一刀切平分；前期做好用户链路埋点，全程记录用户浏览轨迹。



2.达人自然流量+付费投放混在一起无法拆分



拆分统计：自然流量归因业绩归运营基础绩效，付费增量部分单独核算投放岗绩效。



3.线下核销、私域成交无法溯源



针对这类订单设置折算系数，按行业均值转化率估算对应达人贡献，单独台账记录。



4.数据滞后、退款导致绩效核算不准



结算滞后：次月对账剔除全部退款、售后订单后，核算最终有效业绩发放提成。



六、标准化数据看板核心看板模块




整体大盘：全达人总投入、总归因GMV、整体ROI、各运营组别业绩占比；
2.运营个人看板：名下达人明细、成本、转化数据、绩效得分、提成预估；
3.达人分级看板：S级高投产、A级稳定、B级低效待优化、C级淘汰；
4.风险监控：履约逾期、内容违规、客诉舆情、成本超标预警。




七、极简落地版（无技术团队轻量化方案）




给每位达人分配唯一编号+专属优惠券；


统计券核销订单即为该达人有效业绩；


选用末次7天归因；


运营绑定固定达人池，核销GMV汇总作为核心绩效；


Excel搭建台账模板，每周汇总核算，月度统一结算绩效。




八、模型迭代优化节奏




冷启动1~2个月：先用简单末次归因跑通流程，收集基础数据；


稳定运营3~6个月：升级时间衰减加权归因，精细化分岗位考核；


全域成熟阶段：搭建自定义多触点归因，联动品牌整体品效一体化考核。




推荐问题
 达人营销团队绩效归因模型的搭建流程是怎样的？
 有哪些数据可以用于达人营销团队绩效归因模型？
 如何优化达人营销团队绩效归因模型？",confirmed_none
150,730,阶段检查点，非最终 FULL,5FD1B74C891C7FCD1393F3731C55F917A6F0124ED0CFBCE5063FD190CA40ACF7,CQ-S-20260805-C1-Q0092,CQ-Q0092,达人营销团队绩效怎么归因?,核心池,业务场景问题,2026-08-05,core_round_1,C1,collected,"展开
 达人营销团队绩效怎么归因? 
豆包·网页
达人营销团队绩效归因



达人营销团队归因核心难点：多达人叠加、种草转化链路长、内容种草和广告投放交织、达人内容有滞后效应，不能只看最终GMV，要区分「达人本身贡献、团队运营贡献、流量大盘、平台算法、付费投放、其他渠道分流」，把绩效落到人（运营/选品/商务/策划）、达人、内容、投放动作上，用来做团队绩效考核，而不是单纯算达人ROI。






团队角色一般包含：达人商务、达人运营、选品、内容策划、投放（千川/DOU+）、复盘数据岗。





一、先分清2种归因口径（业务前提）


1）电商转化归因（结果指标，看卖货）



平台原生归因（抖音电商、快手磁力、视频号）：点击归因、成交归因，有时间窗口（7天/15天）。

⚠️缺陷：达人A种草，用户7天后刷到达人B下单，会算到达人B，A的种草价值被吃掉，直接拿平台后台数据考核团队会严重失真。



2）营销价值归因（团队绩效用，看种草+转化全链路）



不只看直接成交，包含曝光、种草、搜索抬升、品牌词流量、意向留资、间接转化，适合品牌种草+带货混合目标。






团队绩效归因≠达人结算归因：达人结算按平台成交；团队绩效考核要做修正，还原真实营销贡献。





二、常用归因模型（达人营销适用）


1. 末次点击归因（平台默认，慎用做团队考核）



用户最后点击哪个达人链接成交，全部算给该达人。

✅优点：数据直接拿，简单；❌缺点：低估前置种草达人/运营的种草功劳，只收割不种草的达人占便宜。



2. 首次触达归因



把成交算给第一个触达用户的达人。适合重种草品牌，鼓励团队做前置种草。

❌缺点：后期收割的运营/达人没有激励。



3. 时间衰减归因（最推荐达人营销）



距离成交时间越近，权重越高。例如15天窗口：



0‑3天：50%；4‑7天：30%；8‑15天：20%
适合短视频种草，很多用户看完达人，隔几天才下单。


4. 位置归因（平均分配）



一条成交路径上所有触达的达人，平分这笔订单价值。适合大量达人铺量矩阵。

❌缺点：工作量大，需要全链路用户行为数据。



5. 混合归因（企业实操最多）





直接成交用平台归因；间接种草贡献做增量测算，单独计分，不直接算GMV。

例：70%权重给直接成交，30%权重分配给种草引流的前置达人/对应运营。





三、达人营销团队：怎么把结果归因到团队成员（核心）



团队不是只看达人数据，要拆解每个人的动作贡献，区分「达人自带流量」和「团队操盘带来的增量」。



1、商务岗（谈达人、议价、资源谈判）



归因维度：资源获取质量，剥离达人原生基础盘



基准：同层级达人行业基准报价、行业平均ROI、达人历史历史带货基线
绩效指标：
1）谈下达人的增量空间：对比达人过往接其他品牌的平均转化，本次合作超出基线的部分，算作商务谈判拿到的红利；
2）商务拿到的特殊资源：坑位费折扣、免费置换、追加视频、置顶、直播追加场次；
3）风险控制：达人违约、翻车、延期交付率。





❌不要只看该达人带来GMV：达人本身粉丝底子好，不是商务的功劳。





2、达人运营岗（对接达人、脚本沟通、改稿、直播控场、复盘迭代）



归因：内容落地效果，达人基线对比法






核心公式：运营带来增量 = 本次合作效果 − 达人历史同品类基线效果





基线怎么取：达人近3个月同类目商单的平均播放、点击率、转化率、GMV。
如果本次>基线，多出部分归运营的策划优化、脚本修改、选品沟通；
如果低于基线，区分：达人执行摆烂 / 产品本身问题 / 大盘流量下跌。



指标：



内容完播、点击率、商品点击CTR、直播间GPM、内容修改迭代成功率；
达人侧反馈：拒改脚本、敷衍交付的问题占比。


注意：区分大盘波动



同周期大盘流量暴涨，要做大盘系数修正。

例：大盘整体成交上涨30%，达人增长32%，实际团队贡献只有2%。



3、选品岗（选品、组合套装、赠品、价格机制）



归因：同样达人池，不同货品的转化差异。



A达人，同样脚本，品1转化2%，品2转化4%，增量归选品；
指标：达人渠道货品点击率、转化率、坑产、退货率；达人渠道专属机制的溢价贡献。


4、投放岗（达人内容加热，DOU+/千川投流）



必须拆分自然流量vs付费流量

1）达人短视频总GMV = 自然流量GMV +付费流量GMV

2）把付费带来的成交归因给投放；自然流量归因给达人+运营内容质量。






坑点：投流会助推自然流量，会产生协同，需要做分流。实操：投流带来的间接自然溢出，设置10‑20%权重给到投放。





5、策划岗（brief输出、内容方向、话题、活动设计）



归因：同一批达人，使用新brief vs旧brief的效果差异；话题搜索指数、品牌词搜索增量。

很多种草没有直接成交，看品牌搜索、评论意向、种草声量作为绩效补充，不唯GMV。



四、增量测算：解决“到底是达人厉害，还是团队厉害”





基线对照组思路（非常关键，团队绩效必备）







找达人过往同品类商单数据作为基线；


或者做小对照组：同一批达人，一半用团队新brief/新选品，一半用老方案；


剔除外部变量：平台大促、竞品大投放、大盘流量。







增量GMV = 实际达成GMV −（达人基线GMV ×大盘波动系数）






团队绩效，重点考核这部分增量，而不是总GMV。

总GMV里面很大一部分是达人本身自带的流量，不是团队能力。



五、处理特殊难点场景的归因方案


场景1：多个达人接力种草，A种草，B收割成交



方案：

1）直接成交算B；

2）A做种草增量加分：看合作后品牌搜索指数、商品收藏加购提升，给A对应的运营做绩效加分，不计入直接GMV提成。



场景2：达人内容有滞后转化（发布后7‑30天持续出单）


拉长归因窗口，不要只看发布后3天数据；
绩效分两部分：短期即时数据 + 延后30天复盘补算。


场景3：达人+信息流广告混合投放


拆分：达人原生内容流量、千川截取达人素材流量、独立信息流；
素材来自达人，但是千川消耗带来的转化，主要归投放，内容质量给到运营一定权重。


场景4：铺量矩阵达人（大量素人/千粉达人）



不看单个达人GMV，看整体矩阵带来的搜索提升、品类词曝光、整体成交增量，对整个小组做集体归因，再内部分解。



六、团队绩效考核的指标组合（建议权重参考）





分「带货目标团队」和「种草品牌团队」两套





方案A：带货导向达人营销团队


指标	权重	说明
增量GMV（扣达人基线、大盘修正）	40%	核心，不是原始GMV
内容质量指标（完播、CTR、GPM）	20%	运营、策划动作结果
投入产出ROI（坑位费+佣金+加热投放）	20%	商务、选品、投放共同结果
风险&交付（翻车、延期、退货）	10%	商务运营风控
复盘迭代、流程落地	10%	团队过程指标


方案B：品牌种草导向（GMV弱）


种草声量、品牌搜索指数、商品加购收藏、评论正向率60%
成本效率（千次种草成本）25%
风险交付15%


七、常见踩坑提醒




❌直接拿平台后台成交数据作为团队KPI：会把达人本身的流量红利算成团队功劳；


❌只看短期3天数据：忽略达人长尾种草转化；


❌全部用GMV考核种草岗：种草很难直接成交，会导致团队只找收割型达人，放弃种草；


❌不做大盘修正：大促期间所有人数据暴涨，看不出真实团队能力；


✅区分达人结算逻辑和团队绩效逻辑：达人按平台成交拿钱，团队绩效要做二次修正。





如果你需要，我可以给你一份可直接落地的达人营销团队归因复盘表模板，包含基线、大盘系数、增量计算字段。",confirmed_none
150,730,阶段检查点，非最终 FULL,5FD1B74C891C7FCD1393F3731C55F917A6F0124ED0CFBCE5063FD190CA40ACF7,CQ-S-20260805-C1-Q0093,CQ-Q0093,达人营销效果怎么追踪?,核心池,业务场景问题,2026-08-05,core_round_1,C1,collected,"收起
 达人营销效果怎么追踪? 
豆包·网页
搜索关键词
达人营销效果追踪方法
达人带货数据监测指标与工具
品牌达人合作全链路数据追踪方案
达人营销全链路效果追踪完整方案



核心思路：前置埋点溯源→分阶段分层监控数据→精准归因成交→复盘ROI与长效价值，区分品牌种草曝光与带货转化成交两套追踪逻辑，下面分落地方法、追踪手段、核心指标、工具、复盘结算全流程说明。



一、第一步：合作前预埋唯一溯源标记（精准归因根基）



想要分清订单、流量到底来自哪位达人，必须上线前做好专属追踪标识，优先双通道绑定避免数据漏统计：



1. UTM专属追踪链接（线上商城、小程序、官网通用）



给每一位达人生成独立UTM参数链接，固定格式：

落地页链接?utm_source=达人ID&utm_medium=短视频/直播&utm_campaign=本次活动名



作用：统计点击、进店、加购、下单全链路流量来源；
搭配短链接（Bitly、平台自带短链）方便达人挂载，后台可查看点击时段、设备、地域数据。


2. 达人唯一专属优惠码（最稳成交归因）



每位达人独立优惠券/核销码，例：Daren001、XX品牌小A专属券



优势：用户记住口令下单、直播间口头引导下单、线下核销都能精准锁定达人；弥补达人没挂链接、用户手动搜店铺下单的漏单问题；
适用：抖音、小红书、视频号、私域、线下门店核销全场景。


3. 专属二维码/分销挂载链路


抖音：星图官方挂车、达人专属橱窗链接、小店定向分销佣金链接；
小红书：店铺专属溯源笔记挂载、企业号定向带货链接；
私域：达人专属企微活码，用户扫码进群自动标记来源达人。


4. 平台官方签约链路（推荐优先）



抖音巨量星图、小红书蒲公英、视频号优选联盟等官方商单系统，自带原生数据溯源，成交、流量官方自动统计，结算对账无争议。



二、四层漏斗式全链路数据追踪（从曝光到成交）


L1：曝光触达层（品牌种草基础效果）



监测目的：内容有没有真实触达目标人群，排除刷量僵尸号





核心指标
基础流量：播放/浏览量、独立曝光人数、完播率、平均观看时长；
人群匹配：粉丝画像（年龄、性别、地域、消费层级）和品牌目标客群重合度；
流量来源：自然推荐页、搜索、粉丝页占比，判断内容是自然爆量还是仅自有粉丝观看。


数据来源：达人后台、星图/蒲公英后台、蝉妈妈、新抖等第三方数据工具。




L2：互动意向层（用户真实兴趣判断）



重互动质量＞互动数量，过滤水军刷赞刷评





核心指标
互动率=(点赞+评论+收藏+转发)/总播放；行业优质标准：短视频≥3%、小红书图文≥5%；
有效评论：“求链接、怎么买、多少钱、测评真实提问”等意向关键词占比；
品牌提及、正面口碑占比、负面吐槽词云分析；
账号涨粉、品牌词搜索指数上涨（品牌在合作周期内站内搜索量涨幅）。


实操动作：合作72小时重点盯数据，冷启动阶段可配合官方助推放大优质内容流量。




L3：流量跳转转化层（意向到进店）



监测用户从达人内容跳转到店铺的承接效率



链接点击率、进店UV、店铺浏览时长、商品加购率、收藏商品数；
跳转流失定位：点击率低=内容卖点没讲清；点击高加购低=商品详情页、价格、评价承接差。


L4：成交商业层（终极ROI考核）


1. 核心成交指标



达人渠道独立订单数、GMV、客单价、转化率、退款退货率、净销售额；



2. 核心计算公式


ROI=达人带来净销售额÷达人合作总费用（服务费+佣金+赠品成本）
千次曝光成本CPM=合作费用÷总曝光量×1000
获客成本CAC=合作总成本÷达人带来新增成交用户数


三、分平台官方主流追踪工具


1、抖音生态（带货主流）





巨量星图：官方一站式商单数据，自动聚合短视频/直播播放、互动、挂车商品点击、成交GMV，一键生成多达人统一结案报告，数据T+1更新，支持按达人维度拆分业绩；




抖音电商罗盘：查看店铺来源渠道，筛选“星图达人”渠道成交明细、人群画像、退款数据；




第三方：蝉妈妈、新抖，达人历史带货数据复盘、实时监控内容数据、评论词云分析。





2、小红书（种草为主）




蒲公英平台：官方商单溯源，笔记浏览、互动、店铺跳转数据；


小红书生意参谋：查看笔记引流进店数据、专属券核销订单；


新红、千瓜数据：监控笔记自然流量走势、品牌舆情、达人历史种草效果。




3、全域通用工具




GA4/百度统计：官网、小程序落地页全链路用户行为追踪，标记达人来源转化；


CRM/企微SCRM：达人专属活码进线用户统计，追踪私域后续复购；


达人营销SaaS（蝉圈圈、微播易后台）：多平台达人数据统一看板、自动汇总业绩对账。




四、三种主流合作模式差异化追踪方案


模式1：纯品牌种草（无硬性带货KPI）



追踪重心：曝光规模、人群匹配、口碑声量、品牌搜索增量、内容二次复用价值





监测周期：发布后7~30天长尾流量；


考核：品牌词搜索涨幅、正面口碑占比、优质素材二次剪辑投放复用率。




模式2：固定服务费+佣金带货




溯源：专属券+星图挂车双重锁定成交；


结算依据：后台溯源订单剔除退款后结算佣金；


监控：实时看直播/短视频出单节奏，低转化及时调整达人话术、优惠力度。




模式3：纯坑位费保底，保GMV对赌



全程实时盯GMV、转化率，约定周期内未达标执行补播、退款、追加投放等履约条款。



五、全周期监控时间节点




发布0~1小时（冷启动期）：盯初始播放、前50条评论质量，安排官方号置顶引导下单评论，撬动初始自然流量；


发布1~72小时（流量爆发期）：核心数据监测，判断内容是否爆量，优质内容追加小额信息流助推；


7~30天（长尾收割期）：统计笔记自然搜索流量、持续核销订单，种草内容的长效变现价值；


结案复盘（30天）：汇总全周期曝光、互动、成交、ROI，划分优质/低效达人分层。




六、常见数据造假识别&避坑




数据异常：播放极高但完播率极低、评论全是无意义灌水、成交集中在发布瞬间随后断崖下跌，大概率刷量刷单；


交叉核验：达人后台数据+店铺溯源订单双向核对，只看单方面数据容易失真；


异常订单：短时间大量低价单、地址集中、高频退款，判定无效订单不计入业绩结算。




七、最终复盘落地动作




达人分层：高ROI精准达人长期复投；高曝光低转化优化内容brief；低效达人淘汰；


链路优化：找到漏斗卡点（内容引流弱/店铺承接差/优惠力度不足）针对性整改；


数据沉淀：把优质达人脚本、话术、投放节奏做成标准化模板复用。





需要我给你一份可直接套用的达人营销数据复盘Excel模板（指标表格、ROI计算公式、结案打分表）吗？



16 个引用
推荐问题
 如何评估达人营销的效果？
 如何计算达人营销的投资回报率（ROI）？
 有哪些工具可以帮助追踪达人营销效果？
引用来源
序号
	站点名称
	站点类型
	标题
	
文章负面词
	发布时间
1
	
CloudKOL
	
官网/独立站/行业垂直
	
红人营销效果怎么衡量?KOL营销数据追踪与效果评估全解析(附指标框架) – CloudKOL
	
--
	
2026-07-25


2
	
巨量星图
	
官网/独立站/行业垂直
	
自定义报告查询-星图营销服务平台
	
--
	
2026-06-09


3
	
抖音
	
视频平台
	
星图投放效果如何复盘优化？Q1: 追踪星图达人投放效果，第一步该复盘哪些内容效率指标？ A1: 追踪星图达人投放效果，第一步不是看播放量，而是把内容效率拆成“吸引-停留-转化”三个环节来复盘，找到素材
	
--
	
2026-07-23


4
	
抖音
	
视频平台
	
达人发完笔记就结束？这3步跟进不可少。许多品牌认为，达人发布内容就是合作的终点。事实上，发布那一刻，才是品牌工作的真正起点。学会这3步“神跟进”，让单篇合作内容的价值最大化，甚至引发二次传播。 1.
	
--
	
2026-03-04


5
	
蝉圈圈
	
官网/独立站/行业垂直
	
达人带货全流程追踪利器，以数据赋能品效合一营销 - 蝉圈圈
	
--
	
2025-10-11


6
	
CloudKOL
	
官网/独立站/行业垂直
	
红人营销 ROI 怎么算才准?品牌出海达人营销效果评估的 8 个核心指标 – CloudKOL
	
--
	
2026-07-26


7
	
抖音电商
	
电商平台
	
抖音电商罗盘最新最全介绍手册(达人版)
	
--
	
--


8
	
搜狐
	
门户/自媒体平台
	
达人带货数据怎么查?专业分析三步搞定_合作_历史_平台
	
--
	
2026-06-01


9
	
抖音
	
视频平台
	
怎么查抖音达人品牌种草数据？#达人品牌种草数据 #蝉妈妈 #达人合作数据
	
--
	
2026-06-24


10
	
抖音
	
视频平台
	
选品专员怎么查抖音达人带货数据？#达人带货数据 #怎么查抖音达人带货数据
	
--
	
2026-06-12


11
	
抖音
	
视频平台
	
达人近30天经营表现怎么查？蝉妈妈实操指南 Q1: 怎么快速查看达人近30天经营全貌？ A1: 进入蝉妈妈「达人-达人库」，搜索达人昵称后点击详情。在「基础分析」页直接查看数据概览，重点看近30天带货销售额、直播场次及视频发布量。系统会自动标注核心数据同环比状态，附行业对标参考，帮你快速判断达人近期活跃度与稳定性，避免只看粉丝量的误区。 Q2: 如何判断达人的品类优势与人设匹配度？ A2: 在达
	
--
	
2026-07-30


12
	
CloudKOL
	
官网/独立站/行业垂直
	
红人营销效果怎么衡量?KOL营销数据追踪与效果评估全解析(附指标框架) – CloudKOL
	
--
	
2026-07-25


13
	
cdn.featuredcustomers.com
	
官网/独立站/行业垂直
	
Cosmetics Brand Uses Tagger to Statistically-Better Creator Content ROI
	
--
	
--


14
	
搜狐
	
门户/自媒体平台
	
达人管理系统:MCN 机构一站式管控达人商单、寄样、对账全流程解决方案_样品_运营_企业化
	
--
	
2026-06-27


15
	
实在智能
	
官网/独立站/行业垂直
	
达人合作数据自动汇总:怎么实现?系统落地全链路拆解 - 实在智能
	
--
	
2026-06-24


16
	
CloudKOL
	
官网/独立站/行业垂直
	
海外红人营销ROI怎么算?数据追踪与效果衡量完整指南 – CloudKOL
	
--
	
2026-07-30",captured
150,730,阶段检查点，非最终 FULL,5FD1B74C891C7FCD1393F3731C55F917A6F0124ED0CFBCE5063FD190CA40ACF7,CQ-S-20260805-C1-Q0094,CQ-Q0094,达人营销效果追踪分析怎么做?,核心池,业务场景问题,2026-08-05,core_round_1,C1,collected,"展开
 达人营销效果追踪分析怎么做? 
豆包·网页
达人营销效果追踪分析全流程



核心思路：先定目标→再埋数据→后看效果→最后归因优化，覆盖投放前、投放中、投放后全链路。





一、投放前：先定指标，避免瞎投



先明确这次达人营销的核心目标，不同目标对应不同追踪重点：





品牌曝光：播放、曝光、完播、互动率


引流种草：点击、访问、停留、加购


直接转化：订单、GMV、ROI、客单价


粉丝增长：涨粉量、粉丝画像匹配度





常用核心指标（必看）：



内容指标：播放/阅读、点赞、评论、转发、完播率
流量指标：点击量、点击率CTR、落地页访问UV
转化指标：加购、下单、GMV、转化率CVR、客单价
成本指标：CPM、CPC、CPA、ROI




二、投放中：精准追踪，必须做“渠道标记”



关键动作：给每个达人/每条内容单独打唯一追踪链接，否则分不清谁带来的效果。



1. 通用追踪方式


UTM参数（网页/小程序）：utm_source=达人昵称&utm_medium=短视频&utm_campaign=618
专属短链/口令：抖音、快手、小红书常用商品口令、专属优惠券码
专属落地页/活动码：不同达人对应不同页面或兑换码
平台后台：抖音电商罗盘、快手磁力引擎、小红书蒲公英、B站花火等


2. 实时监控重点


内容发布后前2小时数据：播放增速、互动率
流量是否正常跳转、是否掉链、口令是否失效
异常情况：低播放、零点击、高跳失、零转化




三、投放后：效果分析（核心步骤）


1. 基础效果盘点


单达人/单内容：播放、互动、涨粉、引流UV
整体大盘：总曝光、总引流、总GMV、总投入


2. 转化与ROI核算（最关键）



[

ROI = \frac{总GMV}{总投放成本}

]



区分：直接转化 + 间接转化（种草后几天内成交）
计算：CPA（获客成本）、CPS（分成效率）


3. 达人质量分层



按效果把达人分成4类：



高曝光高转化：优质达人，长期合作
高曝光低转化：内容好看不带货，优化话术/选品
低曝光高转化：精准垂类，可加大投放
低曝光低转化：淘汰


4. 内容&人群分析


哪种内容形式转化好：口播、剧情、测评、开箱
哪个时段、标题、封面点击率高
引流人群画像：性别、年龄、地域是否匹配目标客群


5. 归因与问题排查



常见问题：



播放高但点击低：封面/文案吸引力不足
点击高但转化低：商品不符、价格高、页面差
转化不稳定：达人话术不统一、流量波动




四、常用工具（直接能用）


电商平台：生意参谋、电商罗盘、京东商智
内容平台：蒲公英、花火、星图、磁力引擎
外链追踪：百度统计、GA、自建UTM生成工具
汇总分析：Excel/飞书表格做达人效果对比表




五、最终输出：一份标准分析报告




投放概况：预算、达人数量、总曝光、总GMV、ROI


达人效果排行表


内容类型效果对比


问题与原因


下一轮优化策略：淘汰谁、加投谁、改什么内容







如果你告诉我：



做的平台（抖音/小红书/快手/B站）
卖什么产品、预算多少
我可以直接给你一套可落地的追踪表格模板 + 专属UTM规则 + 指标口径。",confirmed_none
150,730,阶段检查点，非最终 FULL,5FD1B74C891C7FCD1393F3731C55F917A6F0124ED0CFBCE5063FD190CA40ACF7,CQ-S-20260805-C1-Q0095,CQ-Q0095,达人营销效果追踪方案应该包含哪些指标?,核心池,业务场景问题,2026-08-05,core_round_1,C1,collected,"展开
 达人营销效果追踪方案应该包含哪些指标? 
豆包·网页
达人营销效果追踪方案核心指标



整体分为曝光传播指标、互动质量指标、转化效果指标、达人内容质量指标、成本效率指标、品牌心智指标六大模块，同时配套监测维度、数据来源、复盘口径，完整方案除指标外还要有统计规则。



一、曝光传播类（看流量盘子，触达多少人）





衡量内容向外扩散的能力，代表覆盖面







总曝光/播放量：达人全内容累计曝光、短视频播放、直播观看人次


真实触达人数：去重用户数，区别于总播放，看多少不同的人看到


完播率：短视频完整看完占比，反映内容吸引力


内容分发倍率：总曝光÷达人粉丝量，看除粉丝外的公域流量撬动能力


搜索指数：投放周期内品牌/产品关键词搜索涨幅，达人种草带来主动搜索


话题曝光：关联话题总曝光，挑战赛、话题页数据




二、互动质量类（看用户兴趣，受众喜不喜欢）





区分水号/刷量达人，优先看有效互动，不只看点赞







点赞数、点赞率：点赞/播放；高点赞率代表内容观感不错


评论数、评论率：评论/播放；重点看有效评论占比（剔除表情、无意义灌水，统计提及品牌、产品、痛点的评论）


转发/收藏量、转发收藏率：转发收藏代表用户愿意留存、二次传播，种草信号很强


粉丝增长：品牌账号因达人合作带来的涨粉量







避坑：只看点赞很容易被刷量欺骗，评论、收藏、转发权重更高





三、转化效果指标（看商业结果，最终卖货/引流）



分直播带货达人和短视频种草达人两套口径



1）带货向（挂车、直播）


GMV：达人带来总销售额
订单量：成交订单数
客单价：GMV/订单
点击率CTR：商品卡片点击 / 播放
商品点击量：点击小黄车/商品链接人数
转化率CVR：下单人数÷商品点击人数
退款率：达人渠道订单退款占比（非常关键，部分达人流量虚高退款极高）
加购率：加购人数/商品点击，种草意向


2）非带货种草（无挂车，品牌曝光、引流、留资）


跳转落地页点击率、落地页访问UV
表单留资量、留资转化率
小程序/店铺访问UV（站外引流）
领券量、优惠券核销率


四、达人&内容质量指标（甄别达人好坏，排雷刷量账号）




粉丝画像匹配度：达人粉丝年龄、性别、地域、兴趣标签和品牌目标客群重合度


账号真实度：粉丝水分、异常互动占比（刷赞刷评），粉丝活跃度


内容合规达标率：是否按brief输出、有无违规漏卖点、口播错误、违规词


内容类型效果：测评/开箱/场景植入/剧情，不同内容形式的数据对比


负向反馈：评论负面占比、拉黑、划走率，有无舆情风险




五、成本效率指标（算ROI，评估性价比）




CPM千次曝光成本：合作费用 ÷ 总曝光*1000


CPC单次点击成本：合作费用 ÷商品点击数


CPA单次转化成本：合作费用 ÷成交订单/留资数


ROI投入产出比：达人渠道GMV ÷达人总投入（坑位费+佣金）


单粉成本：合作成本÷新增品牌粉丝


种草成本：合作成本÷收藏/正向评论数量







注意：如果有佣金，成本要把坑位费+佣金全部计入，不要只算坑位费





六、品牌心智指标（长期种草，不能只看短期卖货）



适合品牌向营销，短期数据看不到，但影响长期生意





品牌提及量：达人内容+评论区品牌提及频次


产品认知：投放前后问卷调研，品牌认知、产品认知提升


口碑倾向：评论情感分析，正向/中性/负向评论占比


竞品提及：内容是否对比竞品，用户评论对比竞品情况




📌完整追踪方案除指标外，还需要补充




数据来源：达人后台、平台商业后台、生意参谋、第三方监测工具、品牌自有后台、舆情工具


统计时间口径：发布后7天/14天统计（短视频很多长尾流量，不要只看发布24小时）；直播看直播当场+直播后短视频回流


分层评估标准
流量层：看曝光、触达
种草层：完播、收藏、正向评论、搜索提升
商业层：点击、转化、ROI、退款率


异常校验规则：识别刷量，比如点赞极高、评论全部灌水，直接降权评估


复盘输出：达人分层S/A/B/C，哪些达人/内容形式复制复用，哪些淘汰




简单区分场景指标优先级


品牌曝光传播向：曝光、触达、搜索指数、话题数据、粉丝画像、正向口碑
种草蓄水向：完播、收藏转发、有效评论、搜索涨幅、加购
带货转化向：GMV、CVR、ROI、退款率、商品点击、CPA



如果你需要，我可以给你一份可直接复制到PPT的「达人营销效果追踪方案」完整文本模板。



推荐问题
 品牌心智指标具体有哪些？
 怎样评估达人内容质量指标？
 如何计算达人营销的成本效率指标？",confirmed_none
150,730,阶段检查点，非最终 FULL,5FD1B74C891C7FCD1393F3731C55F917A6F0124ED0CFBCE5063FD190CA40ACF7,CQ-S-20260805-C1-Q0096,CQ-Q0096,达人营销活动效果怎么追踪到具体达人和内容?,核心池,业务场景问题,2026-08-05,core_round_1,C1,collected,"收起
 达人营销活动效果怎么追踪到具体达人和内容? 
豆包·网页
搜索关键词
达人营销活动效果追踪到具体达人和内容方法
抖音小红书达人效果追踪工具 链路拆解
达人营销效果归因 链接 专属码 UTM 参数
达人内容转化归因 曝光点击成交怎么对应到单条笔记
达人营销追踪到具体达人+单条内容完整方案



核心逻辑：平台原生后台看内容曝光互动；技术标识（UTM/专属码/商品追踪ID）做转化归因；工具打通两边数据，实现每条笔记/视频独立看曝光、互动、点击、成交、ROI。






关键：同一达人多条内容，必须每条内容一套独立追踪标识，不能只按达人一个标识，否则分不清哪条内容跑的好。





一、平台原生能力（抖音/小红书/B站，优先用）


1）抖音｜巨量星图




每一条合作视频走星图任务，任务报告/自定义报告，直接按单条视频维度输出：播放、完播、点赞评论收藏、组件点击、小店成交、GMV、转化成本，支持区分达人自然流量/付费投流流量。


路径：我的星图 → 分析 → 自定义报告，勾选本次活动全部达人视频，导出分视频明细，每条视频对应达人、视频ID、全部指标。


挂车短视频/直播：星图商品分析，每条视频可以看到该视频带来的商品成交；如果做火花广告（Spark），可以把达人原生视频做投放，数据依然归属这条达人内容，不丢失原生视频ID。







局限：星图只能统计通过星图下单挂车/组件跳转成交；达人引导用户记住名字去店铺搜索下单，星图统计不到这部分。





2）小红书




蒲公英平台：合作笔记后台，单篇笔记可看曝光、阅读、互动、商品卡点击、店铺跳转。


如果笔记挂商品卡片：蒲公英后台可看单篇笔记的商品卡点击、直接成交。


无挂车笔记（纯种草）：平台后台只有内容互动，成交无法原生追踪，需要搭配UTM/专属码。




3）B站花火



花火后台支持按稿件维度导出，稿件对应达人ID、播放、弹幕点赞、跳转点击。






✅平台后台解决：内容侧（曝光/互动/点击）每条内容数据；

❌短板：用户看完笔记后，不点击链接，后续搜品牌下单，平台统计不到。





二、转化追踪3种技术手段（实现：哪条内容带来多少订单）


① UTM追踪链接（最通用，可做到【单条内容粒度】）





规则：每1条达人内容生成1套独立UTM，不是每个达人一套，utm_content用来标记单条内容ID/名称。





示例链接：
https://xxx.com/product?
utm_source=xiaohongshu
utm_medium=kol
utm_campaign=202608_新品活动
utm_content=达人A_笔记01



utm_content：填写「达人名字_内容编号」，区分同一个达人多条不同笔记/视频。
使用场景：达人简介链接、评论区置顶、笔记外链、落地页。
数据回收：在GA4、百度统计、私域CRM、品牌自建后台，可以筛选utm_content，看到每条内容的访问、加购、下单。
短板：用户复制链接丢失参数、看完不点击直接搜品牌下单，则无法归因。


② 专属优惠码（分2档：达人码 / 内容级专属码）




达人级码：一个达人一个码；适合预算少。缺点：达人发多条笔记，分不清是哪一条带来订单。


内容级码：达人A_01、达人A_02，同达人不同内容不同优惠券码，核销订单直接绑定单条内容。







适合口播、视频内反复念码，小红书笔记、短视频口播。

缺点：很多用户不填券码直接下单，这部分订单无法统计；券码会被网上爬虫泄露，导致非达人渠道也在用这个码，数据虚高，建议设置有效期、限领次数。





③ 商品追踪ID/渠道ID（电商店铺，抖音小店、天猫、京东）


抖音小店：给每条达人视频配置专属渠道ID，达人挂车选择对应渠道，店铺后台可统计该渠道下全部订单，对应这条视频。
天猫/京东：设置专属淘客PID，每条内容分配独立PID，订单回流到具体笔记。





实操最佳实践：UTM链接 + 专属券码 两套一起用，互相补全数据。





三、完整实操流程（活动前就配置，不要事后补救）




活动前期（最重要，事后无法回溯）
1）整理表格：每条达人内容一行，记录：达人名称、平台、内容ID、发布时间、费用、UTM完整链接、专属券码、渠道PID。

同一达人2条视频，2行，两套独立追踪标识。

2）达人交付物料：把对应这条内容的专属链接、券码给到达人，明确要求必须使用该套物料。



内容发布后
1）从星图/蒲公英/花火导出：单条内容的曝光、播放、完播、互动、商品点击。
2）从统计工具/店铺后台导出：按UTM/券码/PID，导出每条内容的点击、加购、订单、GMV。


数据合并复盘
将两份数据，通过【内容ID/utm_content】关联，得到每条内容完整数据集：曝光、互动、点击率、访问量、成交单量、GMV、ROI。




四、工具选型


1）免费


UTM生成工具，GA4/百度统计做流量；平台后台导出内容数据；Excel做数据拼接。适合中小规模投放。


2）商业化达人营销SaaS（自动打通平台数据+转化数据）



蝉圈圈、新榜矩阵通、千瓜商业版、CloudKOL：授权星图、蒲公英、店铺接口，自动拉取每条笔记/视频内容数据+成交数据，直接输出单条内容ROI报表，无需Excel手动拼接。



五、常见坑点




❌只给达人1套链接，达人发多条视频，无法区分哪条内容效果好。✅每条内容独立UTM/券码。


❌只看星图成交，忽略“看后搜”：大量用户看完达人视频，不点击链接，直接搜索品牌进店，这部分直接转化不会算到达人头上，需要做增量评估（对比活动前后品牌词搜索涨幅）。


❌达人简介放link‑in‑bio聚合页，全部内容共用同一个链接，UTM丢失。✅最好每条内容对应独立跳转链接。


❌券码泄露，站外被使用，虚增达人业绩。✅券码设置有效期，限制使用场景。




六、两层评估体系（直接转化+种草增量）




可直接追踪部分：通过星图/UTM/券码/PID拿到：单条内容曝光、互动、直接成交GMV、直接ROI。


间接种草价值（看后搜、延迟转化）：无法精确绑定单条内容，但可以看笔记发布前后，品牌词搜索、店铺访问增量，用于整体活动评估，辅助判断内容种草能力。





如果你需要，我可以给你一份可直接复制使用的【达人营销追踪台账Excel模板字段】。



21 个引用
引用来源
序号
	站点名称
	站点类型
	标题
	
文章负面词
	发布时间
1
	
巨量星图
	
官网/独立站/行业垂直
	
自定义报告查询-星图营销服务平台
	
--
	
2026-06-09


2
	
巨量星图
	
官网/独立站/行业垂直
	
星图流量拆分功能说明-星图营销服务平台
	
--
	
2026-06-08


3
	
Tapfiliate
	
官网/独立站/行业垂直
	
Influencer Campaign Tracking: 7 Pro Tips to Maximize ROI
	
--
	
2026-06-16


4
	
CloudKOL
	
官网/独立站/行业垂直
	
红人营销效果怎么衡量?KOL营销数据追踪与效果评估全解析(附指标框架) – CloudKOL
	
--
	
2026-07-25


5
	
蝉圈圈
	
官网/独立站/行业垂直
	
达人合作投流总是一笔“糊涂账”?蝉圈圈帮你算清每一分钱!
	
--
	
2025-11-04


6
	
Hypefy
	
官网/独立站/行业垂直
	
Influencer Attribution: Models, Tools & Strategies to Measure Creators’ Impact
	
--
	
2025-09-26


7
	
Archive
	
官网/独立站/行业垂直
	
How to Create UTM Links and Discount Codes That Attribute Sales Correctly
	
--
	
2026-02-09


8
	
CloudKOL
	
官网/独立站/行业垂直
	
海外红人营销ROI怎么算?数据追踪与效果衡量完整指南 – CloudKOL
	
--
	
2026-07-30


9
	
抖音
	
视频平台
	
GA4数据乱飞？UTM参数怎么填？三套工具开箱即用 团队五个人填 UTM，一个月后数据全是散的？UTM 五个参数 campaign/medium/source/content/term 到底怎么填？一
	
--
	
2026-07-16


10
	
CloudKOL
	
官网/独立站/行业垂直
	
网红推广效果无法量化?一套从曝光到转化的KOL数据归因模型 – CloudKOL
	
--
	
2026-07-25


11
	
trakt.pro
	
官网/独立站/行业垂直
	
Tracking TikTok Spark Ads and Influencer Collaborations
	
--
	
2026-03-20


12
	
Cometly
	
官网/独立站/行业垂直
	
Tracking for Influencer Marketing Campaigns: A Step-by-Step Guide
	
--
	
2026-06-14


13
	
矩阵通
	
官网/独立站/行业垂直
	
2026多账号抖音直播数据分析平台推荐 蝉妈妈千瓜矩阵通对比_矩阵通
	
--
	
2026-06-02


14
	
AI创作导航
	
官网/独立站/行业垂直
	
蝉妈妈 | 官网入口 - 国内领先的电商全链路数据服务平台
	
--
	
2025-09-21


15
	
TMA移动营销大奖
	
官网/独立站/行业垂直
	
爱点击· iFans
	
--
	
1970-01-01


16
	
实在智能
	
官网/独立站/行业垂直
	
抖音& 小红书达人运营全周期自动化管理解决方案|投放复盘闭环 - 实在智能
	
--
	
2026-05-06


17
	
蝉圈圈
	
官网/独立站/行业垂直
	
达人种草全攻略:穿透数据迷雾，精准投放与长效运营方法论 - 蝉圈圈
	
--
	
2025-10-24


18
	
巨量星图
	
官网/独立站/行业垂直
	
投后数据分析介绍-星图营销服务平台
	
--
	
2026-06-09


19
	
Cursa
	
官网/独立站/行业垂直
	
Tracking Results with Links, Codes, and Attribution Basics
	
--
	
--


20
	
IQFluence
	
官网/独立站/行业垂直
	
Deep-Dive Into Influencer Marketing ROI: How To Track & Optimize
	
--
	
2025-09-11


21
	
CloudKOL
	
官网/独立站/行业垂直
	
网红推广效果无法量化?一套从曝光到转化的KOL数据归因模型 – CloudKOL
	
--
	
2026-07-25",captured
150,730,阶段检查点，非最终 FULL,5FD1B74C891C7FCD1393F3731C55F917A6F0124ED0CFBCE5063FD190CA40ACF7,CQ-S-20260805-C1-Q0097,CQ-Q0097,"达人资源匹配难怎么办,怎么提高人货匹配度?",核心池,业务场景问题,2026-08-05,core_round_1,C1,collected,"展开
 达人资源匹配难怎么办,怎么提高人货匹配度? 
豆包·网页
达人资源匹配难&提升人货匹配度完整方案



核心问题拆解：匹配难本质是需求模糊、达人标签不准、筛选方式粗放、履约后缺少数据闭环；人货匹配不是只看粉丝量级，是人群重合、内容风格、转化能力、预算档期、产品适配的综合匹配。



一、先解决源头：把自身需求标准化（很多匹配难根源是需求没说清）



很多商家只说“找带货达人”，没有明确标准，导致中介/星图/筛选工具输出大量无效达人。





明确产品核心属性




品类、客单价、毛利、卖点、适用人群（年龄、性别、城市、消费能力、核心痛点）
投放目标：是做销量转化？品牌曝光？种草铺垫？清库存？不同目标选达人完全不一样





举例：高客单价护肤品，目标转化，不要选搞笑泛娱乐大号；9.9元跑量品，可以选泛流量性价比达人。







输出达人筛选硬门槛+软门槛
✅硬门槛（直接过滤）：粉丝区间、报价区间、历史同类品类带货ROI、近30天视频/直播转化数据、档期、是否接同类竞品
✅软门槛（人货适配）：内容风格、口播调性、粉丝画像、过往视频产品植入方式，是否愿意深度体验产品







建议整理成brief文档，内部、对接服务商、达人都用同一套标准，减少来回沟通。





二、多渠道破局达人资源匹配难


1、平台官方渠道（抖音星图、小红书蒲公英、视频号优选等）


不要只按粉丝数排序，优先用粉丝画像、行业标签、历史带货案例筛选；利用平台“相似达人”功能，找已经带过你家同类爆品的达人。
缺点：海量达人，手动筛选效率低；大号报价高，中小腰部达人需要批量捞取。


2、服务商/MCN机构


优点：现成达人池，可快速匹配档期；缺点：容易推高佣金高、数据虚高的签约达人。
👉应对方法：不要只听服务商推荐，必须要达人过往同品类案例+真实后台数据，拒绝只给剪辑后的爆款视频；设置考核条件（ROI、GMV保底等）写进合作框架。


3、主动挖掘野生达人（非签约、垂类中小达人，匹配度往往更高）


从竞品爆款笔记/视频下面扒产出账号；搜索品类关键词，看评论区高互动的原生创作者；看同类商品的带货榜单，筛选出非MCN的素人、腰部。





中小垂类达人粉丝不多，但粉丝高度垂直，人货匹配往往优于大网红，性价比更高。





4、自建达人池



把对接过、种草/带货效果不错达人，整理表格：达人账号、粉丝、报价、粉丝画像、合作品类、过往数据、优缺点、联系方式。后续复投直接复用，大幅降低再次匹配成本。



三、如何真正提高人货匹配度（核心4个维度）


维度1：人群匹配（第一优先级）



达人粉丝画像和你的目标客群重合度＞粉丝数量。






例子：中老年保健品，几十万粉丝的宝妈号再火也不适合；母婴辅食，找数码达人粉丝再多也无效。





看平台后台：年龄、性别、地域、兴趣标签、消费层级；避开粉丝水分高账号（粉丝多但评论点赞都是泛流量，和产品无关）。


维度2：内容风格&调性匹配




高价质感产品：优先真实测评、精致生活、干货科普类达人；避开夸张叫卖、低价福利风账号。


平价跑量商品：适合福利开箱、市井生活化、接地气口播达人。


避雷：达人过往内容完全没有同类产品，强行植入，粉丝接受度差，转化必然低。







实操：翻看达人近10‑20条作品，看他是怎么介绍商品的。如果他从不做真实测评，只做硬广，哪怕数据好看，也要谨慎。





维度3：历史带货能力匹配，拒绝只看点赞播放



不要被高播放迷惑，播放≠成交。重点看：





同类产品历史转化率、GMV、ROI；


视频挂车点击率、商品点击；直播看UV价值。







高播放低转化：达人流量泛，粉丝只是看热闹，不买货，属于典型人货错配。





维度4：产品和达人的适配场景



思考：达人日常内容场景，能不能自然融入你的产品？



家居收纳：达人日常就是居家分享，场景天然适配；
户外装备：经常做户外探店、出行内容达人，植入更自然；
硬塞场景：办公室达人强推露营大件，违和感强，用户不信任。


四、落地实操流程：标准化筛选-测试迭代闭环




初筛：按硬门槛批量筛选出一批达人，剔除数据异常账号（刷量、粉丝画像完全不符）


精筛：看近20条内容、同品类案例、粉丝画像，缩小候选池


小批量测试：不要一次性投大量预算，优先小预算测试腰部、垂类达人，看真实种草/转化效果


数据复盘分层
S级：人货高度匹配，ROI达标，加大复投、深度合作；
B级：有曝光但转化一般，分析是产品、脚本、还是达人问题，优化脚本再尝试；
C级：完全不匹配，直接淘汰，标记进黑名单，后续不再合作。


反向迭代brief：根据测试结果，反过来更新你的达人筛选标准。例如测试发现某类风格达人全部转化差，后续直接排除该类型。




五、常见踩坑提醒




迷信高粉丝大号：很多大号粉丝泛，报价高，人货错配，投产很差；很多时候垂类中腰部达人综合效率更高。


只看表面数据（点赞播放），不看带货转化数据。


brief模糊，给到达人自由度过高，产出内容脱离产品卖点，造成人货“内容层面错配”。


一次性大量投放，没有小样本测试，全部踩坑。




六、快速优化小技巧




对标竞品爆单达人：直接扒竞品跑的好的达人清单，作为你的候选池，已经被市场验证过人货适配；


区分种草达人与带货达人：种草达人擅长做内容铺垫，带货达人擅长成交，不要拿种草达人要求高ROI；


脚本前置沟通：提前把控脚本，让达人结合自身风格，保留产品核心卖点，避免达人乱发挥，破坏人货匹配。





如果你告诉我：平台（抖音/小红书/视频号）、品类客单价、投放目标，我可以帮你输出一份可直接复制的达人筛选brief模板。



推荐问题
 如何高效地整理达人筛选的标准文档？
 怎样判断达人的内容风格是否与产品适配？
 有哪些方法可以提高达人筛选的效率和准确性？",confirmed_none
150,730,阶段检查点，非最终 FULL,5FD1B74C891C7FCD1393F3731C55F917A6F0124ED0CFBCE5063FD190CA40ACF7,CQ-S-20260805-C1-Q0098,CQ-Q0098,"达人邀约能不能自动化,适合哪些场景?",核心池,业务场景问题,2026-08-05,core_round_1,C1,collected,"展开
 达人邀约能不能自动化,适合哪些场景? 
豆包·网页
达人邀约能否自动化？适用场景、可行性、落地方式全解析


一、核心结论：达人邀约可以部分自动化，无法100%全流程无人化


1. 适合自动化的环节



批量筛选达人、基础触达推送、数据同步、表单收集、日程同步、规则化标签筛选、基础催回复、合同流程推送、基础数据复盘；



2. 必须人工介入的环节



优质头部达人谈判、价格议价、专属定制合作方案、纠纷处理、高价值商务关系维护、异常情况沟通；

简单划分：中小达人标准化合作全链路可高度自动化，头部达人只能自动化前置铺垫，核心商务人工对接。



二、自动化实现的主流方案


1. SaaS工具自动化（市面上主流）



蝉妈妈、新抖、星图平台、蒲公英、聚光优选等达人平台自带邀约自动化：设定筛选条件→自动批量发站内邀约模板、自动抓取达人报价、自动收集意向回执。



2. 自研自动化流程（企业品牌自用）



CRM+爬虫+企微/邮箱自动化：

1）定时抓取符合粉丝、类目、地域、报价阈值的达人；

2）自动推送定制化邀约文案；

3）意向达人自动录入客户SCRM，打上标签；

4）未回复达人定时自动二次触达；

5）达成意向后自动推送合作表单、电子合同。



3. RPA自动化



模拟人工在各大短视频平台后台批量发私信邀约、填写邀约表单、导出达人数据，适合大批量铺量种草场景。



自动化局限



平台风控限制：抖音、小红书私信频繁批量群发容易限流、封号；因此纯私信无脑群发不可取，自动化侧重精准定向+轻量化触达。



三、达人邀约自动化最适配业务场景


场景1：大批量铺量种草（性价比最高，自动化首选）


特征



需求量大、单达人预算低、合作模式标准化（置换、低价探店、寄测试用、一口价固定脚本），达人以素人、千粉/万粉腰部、本地探店达人为主。



举例



1）美妆洗护新品全网铺几百上千条真实测评；

2）餐饮门店本地同城海量探店达人打卡；

3）家居小件、零食食品纯寄拍试用，无高额坑位费；



自动化用法：



设置粉丝区间、类目、地域、报价上限，系统自动筛选达人→自动发送置换邀约→达人一键提交收货地址→仓库自动同步发货，全程几乎不用人工。



场景2：品牌日常稳定铺货、常态化内容矩阵


特征



长期稳定需要源源不断达人产出内容，合作规则统一，没有复杂定制化要求。

例如服饰店铺固定每周找穿搭达人实拍、母婴品牌持续征集宝妈测评。

自动化定时筛选新人达人，周期性推送固定合作政策，自动回收稿件链接归档。



场景3：本地生活行业标准化探店（高度适配自动化）



餐饮、酒店、景区、足疗、健身房等本地商家：

固定套餐置换、免费到店体验换短视频/图文，达人集中是同城本地中小博主。

自动化按城市、商圈、粉丝量级筛选，一键批量发同城邀约，达人报名自动核销到店权益，核销后督促发布内容，数据自动回传统计曝光。



场景4：电商大促前置预热批量蓄水



618、双11、年货节前期大批量铺设铺垫种草内容，提前锁定大量中小达人档期。

自动化批量定向邀约，统一排期、统一brief、统一结算规则，快速锁定档期，人工只抽检优质内容。



场景5：新品冷启动种子用户测评



新品上线初期需要大量真实口碑内容，以产品置换为主，预算极低，数量需求大。

系统自动筛选垂直素人，自动发寄样邀约，收集收货信息，发货后自动提醒达人产出测评，自动收集内容链接做数据归档。



场景6：程序化投放、信息流达人优选



平台官方星图、磁力金牛等程序化达人投放，系统根据投放数据自动匹配达人、自动发起邀约、自动下单投放，属于官方原生自动化，合规性最高。



四、不建议全自动化的场景（必须人工主导）




头部/垂类顶流达人：几十万粉丝以上、高坑位费、专场直播、品牌专场代言，涉及议价、排期、权益置换、定制脚本、排他协议，需要人工一对一商务谈判；


定制化深度合作：品牌专场直播、线下活动出席、定制剧情短片、品牌联名；


高客单价、高风险品类：医美、教育、金融、处方药等强监管类目，每一条合作内容需要人工审核资质与话术，自动化容易违规；


重点维护核心达人资源：长期固定合作优质达人，需要人工维系客情，自动化群发容易显得没有诚意，损耗合作关系。




五、自动化落地最佳实践模式（人机结合最优解）




自动化做“海选”：筛选达人、批量初触达、收集意向、基础资料归档、催交稿件、基础数据统计；


人工做“精筛”：对自动化筛选出有意向、数据优质的达人接手对接议价、敲定细节、把控内容质量；


分层运营
素人/千粉达人：90%自动化；
万粉腰部达人：自动化邀约+人工复核；
头部达人：纯人工商务对接。




六、自动化邀约避坑要点




拒绝粗暴群发一模一样的文案，建议自动化根据达人账号标签自动替换品类、产品、地域等变量，降低平台风控；


配置防骚扰规则，同一达人短期内最多推送2次邀约，避免反感拉黑；


合作结算、发票、对账等标准化流程可以打通财务系统自动化，减少人工对账工作量；


小红书、抖音站内私信尽量控制频次，优先走平台官方邀约入口，合规性更强。




简单总结




自动化适合：量大、标准化、低客单、置换/寄拍、本地探店、批量种草、常态化铺货；


不适合：高价头部、定制化合作、高监管类目、核心优质达人客情维护；


最优方案：自动化搞定基础筛选触达执行，人工聚焦高价值谈判与质量把控。",confirmed_none
150,730,阶段检查点，非最终 FULL,5FD1B74C891C7FCD1393F3731C55F917A6F0124ED0CFBCE5063FD190CA40ACF7,CQ-S-20260805-C1-Q0099,CQ-Q0099,"达播寄样怎么降本增效,减少样品浪费?",核心池,业务场景问题,2026-08-05,core_round_1,C1,collected,"收起
 达播寄样怎么降本增效,减少样品浪费? 
豆包·网页
搜索关键词
达播寄样降本增效减少样品浪费方法
电商品牌达人样品管控SOP 防流失
达人直播寄样管理流程 成本控制方案
达播寄样降本增效、减少样品浪费全套落地方案



核心逻辑：前端精准控寄样、中端约束防骗样、后端循环复用、数字化全链路管控，从源头减少无效寄样、提升样品周转、降低丢失损耗，同时减少人工沟通成本。



一、前置筛选：从源头砍掉80%无效寄样（最大降本点）


1. 达人分级差异化寄样规则，资源倾斜高产出达人



搭建S/A/B/C四级达人池，设置严格寄样门槛，杜绝无价值白嫖达人：



S级（头部/长期高转化）：稳定GMV、履约率90%+、垂类匹配，免押金、可全套样品、新品优先，直播结束样品可赠予；
A级（中腰部稳定达人）：有带货记录、粉丝匹配，收取50%零售价押金，限主推爆品1-2件，履约达标全额退押；
B级（新人/低转化）：无成熟直播数据、粉丝画像不匹配，仅试用装/小样，不发正装，或走「先买样后返佣」；
C级（骗样黑名单）：历史超期不履约、虚假直播、转卖样品，直接永久关闭申样权限。



配套筛选标准（申样前必查）：





近30天直播/短视频带货数据、同类目成交；


达人履约率（平台精选联盟后台可查，低于85%直接拒样）；


粉丝画像、客单价是否与产品匹配（美妆达人不寄五金，母婴不寄男士护肤）；


拒绝无认证小号、只寄私人住宅、中间商转手代拿样品的达人。




2. 严控单次寄样数量，拒绝多SKU盲目寄送


新品测试：每位达人最多2款核心SKU，不一次性全品类寄样；
标品低价快消：单件试用，不成套；
高客单（服饰、家电、护肤正装）：单件寄样，直播完强制回收；
替代方案：先发高清素材、虚拟样品、产品参数手册，达人确认有意向再寄实物，大幅减少无效快递与样品损耗。


3. 预算刚性管控



样品总支出控制在月度达播推广预算15%-25%，按月拆分各品类、各层级达人样品额度，额度耗尽停止新增寄样，次月重置，避免无节制寄样。



二、机制约束：防骗样、逾期流失，降低样品报废率


1. 三种低成本风控模式（按需组合使用）




押金制（高客单首选）
样品零售价50%-100%押金，协议约定：收货14/30天内完成直播讲解≥1分钟、挂品开播，达标全额退还；未履约扣除押金，样品不予返还。


平台买样返还（抖快联盟官方工具）
达人先下单付费拿样，完成履约后商家后台返还样品货款，全程平台留证，纠纷可申诉，零人工押金管理成本。


样品回收协议（高价非标品）
寄样前线上确认协议：样品仅用于直播展示，禁止转售、自用、损坏；直播结束3日内寄回，人为损坏/遗失按成本价赔付；运费达人承担。




2. 标准化履约时效（写进合作约定）


短视频样品：收货14天内发布带购物车视频，视频保留7天；
直播样品：收货30天内开播讲解商品，挂车≥10分钟；
超期无反馈：启动催收、冻结后续寄样权限、扣除押金/追回样品。


3. 收件与溯源管控



每件样品贴唯一二维码/溯源标签，录入SKU、成本、达人、寄出时间；仅支持MCN办公地址、达人工作室收件，私人住宅谨慎寄件，减少样品丢失、私吞。



三、样品循环复用：大幅减少新品采购浪费（核心增效手段）


1. 达人之间流转复用（服装、家居、小家电等高成本品类）


同城市达人：样品直播结束后同城转寄，不退回仓库，节省来回物流；
全国达人：回收样品统一质检，无破损、无明显使用痕迹重新打包，二次分配给其他合规达人；
周转指标优化：数字化追踪样品流转次数，优质样品可循环3-5位达人，单件样品分摊成本直接下降70%+。


2. 样品分级复用机制


全新样：S级头部首发、新品测款；
轻度使用样（无瑕疵）：A/B级中腰部达人试用；
轻微瑕疵样（不影响展示）：垂类中小达人、团购达人，不做头部首发；
报废样品统一处理：内部员工福利、低价清仓，不直接丢弃。


3. 线下集中选样，替代大批量邮寄



每月组织1-2场达人线下选品会，集中陈列样品，达人现场试用、拍摄，仅给确定合作的达人带走样品，其余样品统一回收，减少90%零散快递寄样成本。



四、物流&包装降本，压缩隐性损耗成本




批量谈快递月结价：月寄样超100单，和快递谈10%-15%折扣；小件统一走平台轻件专线，降低单件运费；


轻量化循环包装：可重复快递袋、纸箱、气泡膜，回收样品时同步回收包装，减少包装耗材浪费；


合单寄样：同一MCN、同城市多位达人合并打包发货，分摊首重运费；


易碎品标准化缓冲包装，降低运输破损报废率。




五、数字化流程SOP，减少人工低效、漏管损耗


1. 样品台账/CRM系统全链路追踪（Excel/飞书多维表/专业样品管理工具均可）



必填字段：达人ID、达人等级、SKU、成本、寄样日期、物流单号、签收时间、履约截止日、押金金额、是否回收、开播链接、样品流转次数。

自动三级预警：



D7：试用跟进提醒；
D14：履约到期催稿；
D21：逾期未履约，启动回收/扣押金流程。


2. 标准化跟进节点（自动化消息推送，减少人工反复沟通）



D0（发货）：发送单号+合作协议确认；

D3（签收预估）：确认收货，同步产品素材、直播话术；

D7：询问拍摄计划，提供素材扶持；

D14：履约截止友好催稿；

D21：逾期启动样品回收/押金处理。



3. 月度数据复盘，持续优化寄样策略



每月统计核心指标，淘汰低效渠道：





样品ROI：每1元样品投入带来GMV；


样品损耗率：丢失、报废、逾期不归还占比；


达人履约率、分级达人投产对比；


淘汰长期0产出、高损耗达人，收紧对应品类寄样额度。




六、补充增效小技巧




达人激励提升履约率：提前履约开播可额外小额投流扶持、新品优先寄样，主动推动达人按时履约，减少样品闲置；


素材赋能降低达人配合门槛：提前提供实拍图、短视频切片、直播脚本，达人不用反复试用拖延上播；


内部共享样品库：自播、投流短视频、达人寄样共用一套样品，分开登记流转，不重复采购；


新品小批量打样，先小范围达人测试，爆品再批量备货，避免大批量样品滞销浪费。




落地效果参考（行业实测数据）




达人分级+押金机制：样品丢失损耗下降70%以上；


样品循环流转：单件样品采购成本分摊降低60%；


数字化台账管控：人工处理样品工时减少65%，错发、漏跟进大幅减少；


前置达人筛选：无效寄样订单减少30%-40%。





需要我给你一份可直接复制使用的《达播寄样管理SOP+样品追踪Excel台账模板》吗？



14 个引用
引用来源
序号
	站点名称
	站点类型
	标题
	
文章负面词
	发布时间
1
	
蝉圈圈
	
官网/独立站/行业垂直
	
别再浪费样品!我敢说95%的品牌都不知道的达播降本增效玩法 - 蝉圈圈
	
--
	
2025-10-17


2
	
hwds868.com
	
官网/独立站/行业垂直
	
达人样品管理防白嫖:抖店合作5条规则详解 | 电商干货社区
	
--
	
2026-01-31


3
	
mochends.com
	
官网/独立站/行业垂直
	
2025年直播达人客户管理系统技术趋势:从样品管理到数据闭环 - 深圳墨尘贸易有限公司
	
--
	
2026-05-19


4
	
ZOL问答
	
官网/独立站/行业垂直
	
如何有效控制达播中的样品成本?-ZOL问答
	
--
	
--


5
	
TKTOC运营导航
	
官网/独立站/行业垂直
	
TikTok Shop如何向达人寄送样品的几种方式 - TikTok问答中心-TKTOC跨境导航
	
--
	
--


6
	
抖音
	
视频平台
	
四招有效避免达人骗样的实用方法
	
--
	
2025-10-24


7
	
抖音电商
	
电商平台
	
抖音电商学习中心
	
--
	
2026-06-30


8
	
mochends.com
	
官网/独立站/行业垂直
	
墨尘直播达人客户管理系统:抖快小店样品管理全流程方案 - 深圳墨尘贸易有限公司
	
--
	
2026-05-18


9
	
抖音
	
视频平台
	
达人分销，如何提高寄样上播率？寄出样品后达人就不回复了怎么办？达人是在骗样吗？飞瓜智星可以绑定ERP，系统后台就能自动更新，物流信息，样品发货、达人签收等关键点，消息提醒商务跟进达人，合作推进成功率更
	
--
	
2025-09-17


10
	
TT123
	
官网/独立站/行业垂直
	
TiktokShop提供达人样品要注意哪些问题-TT123卖家导航
	
--
	
2025-06-02


11
	
mochends.com
	
官网/独立站/行业垂直
	
案例分享:某服装品牌使用墨尘系统管理直播样品的实践 - 深圳墨尘贸易有限公司
	
--
	
2026-04-22


12
	
抖音
	
视频平台
	
我做电商这些年踩过的坑之达人骗样品。 #直播带货 #达人分销 #样品 #踩坑避雷 #避坑经验分享
	
--
	
2026-07-29


13
	
抖音
	
视频平台
	
达人分销必看✅达人寄样跟进SOP表🔥。💌这份《达人寄样跟进SOP表》的核心价值在于，它把一个依赖个人经验和运气的商务沟通工作，升级为了一个可预测、可控制、可复制的业务流程。 . 📌简单来说，它不是一张
	
--
	
2026-05-06


14
	
mochends.com
	
官网/独立站/行业垂直
	
直播电商客户样品管理的常见痛点与墨尘解决方案 - 深圳墨尘贸易有限公司
	
--
	
2026-04-22",captured
150,730,阶段检查点，非最终 FULL,5FD1B74C891C7FCD1393F3731C55F917A6F0124ED0CFBCE5063FD190CA40ACF7,CQ-S-20260805-C1-Q0100,CQ-Q0100,邀约达人合作的话术怎么写?,核心池,业务场景问题,2026-08-05,core_round_1,C1,collected,"展开
 邀约达人合作的话术怎么写? 
豆包·网页
达人合作邀约话术



分简短版（私信快速触达）、正式版（邮件/长私信）、置换版（无预算，产品置换）、高转化简短钩子版，可直接复制修改【】里信息。






提示：把品牌、产品、合作形式、预算、需求写清楚，达人回复率会高很多；不要只说“要不要合作”。





一、短视频平台私信·简短高效版（抖音/小红书/视频号，绝大多数场景用）


版本1｜有预算付费合作





哈喽～【达人昵称】您好，我是【品牌/店铺名称】的运营【你的名字】，关注到您的内容风格和我们产品非常匹配，很欣赏您的输出✨

我们主营【简单介绍产品，1‑2句话】，想邀约您做一期【短视频/图文/直播】合作。

可提供：付费合作，预算区间【XX‑XX】，也可以给到样品。

想了解下您这边近期排期、报价以及是否接同类品类，方便的话可以发一份合作brief给您，期待回复！





版本2｜产品置换（无现金预算，寄样品换笔记）





您好【达人昵称】，我是【品牌名】运营。很喜欢您的内容调性，和我们产品高度契合。

想邀请您体验【产品名称】，产品置换合作，免费寄送样品，希望产出1条【图文/短视频】真实体验分享。

如果您感兴趣，我可以把产品资料发给您，请问是否接受置换合作？





二、正式完整版（邮件/企业微信，中腰部、头部达人）



主题：【品牌名称】‑达人合作邀约｜【达人昵称】






您好【达人昵称】：

我是【品牌】运营【XX】，长期关注您的账号，非常认可您的内容风格，粉丝画像和我们目标用户高度匹配。

我们品牌：【简单品牌介绍，受众是谁，主打卖点】

本次希望合作形式：□短视频种草 □图文笔记 □直播带货 □挂车分销

合作模式：【付费/产品置换/佣金分销】，预算范围【XXX】，希望发布时间【XX月XX日前】。

附件是品牌brief、产品资料，如您有意向，麻烦提供您最新报价、可接排期，我们可以进一步沟通细节。

期待您的回复，感谢！

联系方式：微信/电话：XXX





三、分销纯佣金模式（无坑位费，只赚佣金）





您好，我是【品牌】运营。看了您账号内容很适合我们品类。

我们支持纯佣金合作，无坑位费，产品佣金比例【XX%】，供应链发货售后全部我方承担。

想问问您是否接带货分销，方便的话给您发产品链接和佣金表。





四、破冰钩子短句（开头抓人，降低被忽略概率）




“看了你XX这条笔记，觉得和我们产品特别适配，想找您合作”


“你的粉丝【宝妈/学生/户外爱好者】和我们目标客群高度重合，想邀约合作”




五、达人邀约避坑要点




不要只发：“您好合作吗”，达人基本不回；


一定要写清楚：品类、合作形式、付费/置换/佣金、大致预算；


提一句你看过他某条具体作品，通过率显著提升；


置换合作要写清楚：是否需要挂车、是否可以自由真实测评。




六、拒绝后跟进话术





没关系，感谢回复！我们后续还有相关投放，后续有机会再合作，祝您一切顺利😊






如果你告诉我：是什么平台、什么品类、付费还是置换、对接达人是素人/中腰部/头部，我可以帮你直接生成一条定制可复制的完整话术。



推荐问题
 如何提高达人合作邀约的回复率？
 写一篇适合在短视频平台私信中使用的达人合作邀约话术
 有哪些方法可以找到适合合作的达人？",confirmed_none
150,730,阶段检查点，非最终 FULL,5FD1B74C891C7FCD1393F3731C55F917A6F0124ED0CFBCE5063FD190CA40ACF7,CQ-S-20260805-C2-Q0001,CQ-Q0001,"用蝉圈圈做达人营销,有哪些提高建联和转化的技巧?",核心池,品牌产品问题,2026-08-05,core_round_2,C2,collected,"收起
 用蝉圈圈做达人营销,有哪些提高建联和转化的技巧? 
豆包·网页
搜索关键词
蝉圈圈达人建联方法 实操经验
蝉圈圈怎么提升达人合作转化率
蝉圈圈平台使用攻略 商家端
蝉圈圈达人营销提高建联和转化技巧
蝉圈圈达人营销｜提升建联率&转化实操技巧



分为达人筛选、建联沟通、流程管控、提升带货转化、复盘迭代五大模块，结合蝉圈圈平台功能落地。



一、选对达人：从源头提高建联成功率（避免无效邀约）



建联差很多时候不是话术问题，是达人匹配度低。





善用AI智能找达人
绑定抖店，设置品类、客单价、佣金区间、粉丝画像、历史爆品标签，系统会自动推荐历史出过同类产品的达人；持续标记达人“合适/不合适”，算法推荐会越来越准。







不要只看粉丝数，重点看：近30天同类商品带货ROI、粉丝画像匹配度、内容标签、合作口碑分、短视频/直播转化，过滤高粉低转化账号。







竞对达人挖掘
订阅竞品品牌，抓取竞品正在合作、出过单的达人，优先邀约；这类达人已经验证过品类接受度，建联通过率更高。


分层达人矩阵




KOC腰部：批量铺量，优先走纯佣金+寄样，用来测试产品；
中腰部：定向佣金+少量坑位费，冲销量；
头部达人：精细化一对一BD，重点做品牌曝光；




公海资源锁客，防止撞单
开启蝉圈圈达人分配机制，一个达人仅分配给1个商务跟进，避免多个人反复骚扰达人导致拉黑，大幅提升回复率。




二、建联技巧：提高达人回复、同意合作概率


1、邀约消息（平台一键邀约/AI商务员工）


不要模板化硬广，简短3要素：我是谁+看中达人哪一点+合作条件（佣金/坑位费/寄样）。





高回复参考：

“XX您好，关注到您短视频/直播带XX品类数据很好，我们是XX品牌，产品客单价XX，定向佣金XX%，支持寄样，想邀约短视频/直播合作，货盘手卡已附上，期待回复。”





使用AI商务员工批量触达，内置高回复话术库，7×24小时发起邀约，适合大批量KOC触达，减少人工重复工作。





注意：批量邀约不要完全照搬AI文案，根据达人内容微调，否则容易被当成垃圾消息已读不回。





2、配套物料，减少达人决策成本



1）商品手卡（非常关键）：包含产品卖点、直播价、佣金、sku、履约、参考话术，建联的时候随消息发出。达人每天收到大量合作，手卡可以快速看懂产品，降低沟通来回拉扯。

2）货盘表：清晰标注佣金梯度、坑位费政策、样品政策，不要让达人反复问基础条件。



3、样品流程管理，加速合作落地



蝉圈圈在线创建样品单，同步物流，达人签收自动提醒提交脚本，把寄样遗漏率降低；






小技巧：对潜力KOC，可设置销量达标返还样品费，降低品牌寄样成本，同时筛选真心愿意带货的达人。





三、合作全流程管控，减少掉链子，保障最终转化



很多达人答应合作，最后不播、乱讲、排期跳票，直接归零。





节点自动提醒：开启系统提醒，脚本提交、排期临近、样品签收自动短信/站内信提醒，避免达人遗忘排期。


脚本预审：短视频/直播脚本提前线上收集审核，规避夸大宣传，同时对齐核心卖点，防止达人乱讲产品。


达人分层管理CRM
把达人打上标签：待建联、待寄样、排期中、已合作爆单、效果差；沉淀核心达人库，爆单达人优先复投；拉黑效果差、跳票达人，不再浪费时间。







划分三类：潜力达人、成长达人、核心达人，不同层级给到不同佣金、政策、资源倾斜。





四、提升带货转化（拿到合作后，怎么让达人卖得多）



建联只是第一步，成交才是目标。





输出高转化话术素材
利用蝉圈圈直播录屏切片功能，提取自家/同类爆款达人的讲解话术，给到合作达人参考，解决达人不会讲产品的痛点。


给到达人流量支持
达人开播/发布短视频后，实时监控GMV，一旦出现小爆苗头，及时追加千川/DOU+追投，放大单场产出；设置GMV阈值提醒，不要错过流量窗口。


给达人明确利益激励
除基础佣金，设置阶梯佣金：比如单场GMV达到XX，佣金额外+2%，刺激达人主动推品。


及时答疑配合
达人直播期间，快速响应产品疑问、售后问题，减少直播间卡顿。




五、复盘迭代，持续优化建联与转化




蝉圈圈导出合作报表，统计：邀约数、回复率、同意合作率、实际开播率、ROI。




回复率低：优化邀约话术、筛选条件；
同意合作但是不播：筛选达人履约口碑，淘汰跳票达人；
播了但是转化差：分析是达人粉丝不匹配，还是产品价格佣金、讲解话术问题。




沉淀优质达人模型：把ROI高的达人特征提取出来，反向给AI找达人做条件，持续扩大同类达人池。


区分“种草型达人”和“成交型达人”：有些达人播放高但不出单，适合做品牌种草；有些播放一般但转化高，重点冲销量。




六、常见踩坑避坑




不要盲目海量邀约，匹配度差，回复率极低，还会被达人标记骚扰；


不要只看粉丝量级，中小KOC很多ROI远高于大粉账号；


不要只建联不跟进，善用状态流转，跟进记录写在蝉圈圈CRM内，换人接手不会丢失上下文；


佣金、样品政策写清楚，避免合作后拉扯，损耗达人信任。





如果你需要，我可以给你两套可直接复制的蝉圈圈邀约话术（一套批量KOC，一套中腰部达人一对一BD）。



17 个引用
推荐问题
 蝉圈圈达人营销的具体操作步骤是什么？
 如何利用蝉圈圈平台进行数据分析？
 蝉圈圈平台的收费标准是怎样的？
引用来源
序号
	站点名称
	站点类型
	标题
	
文章负面词
	发布时间
1
	
蝉圈圈
	
官网/独立站/行业垂直
	
芊小白达人营销蜕变记:蝉圈圈助力销量爆发与模型优化 - 蝉圈圈
	
--
	
2025-09-12


2
	
蝉圈圈
	
官网/独立站/行业垂直
	
达人营销高效找达人全攻略:从定位到筛选，一步到位!- 蝉圈圈
	
--
	
2025-09-12


3
	
搜狐
	
门户/自媒体平台
	
万字长文，金牌商务高业绩能力秘籍!| 蝉圈圈_品牌_营销_产品
	
--
	
2024-07-17


4
	
AI创作导航
	
官网/独立站/行业垂直
	
蝉圈圈 | 官网入口 - 电商达人营销管理系统
	
--
	
2025-09-21


5
	
蝉圈圈
	
官网/独立站/行业垂直
	
KOC合作指南:2万粉达人撬动百万GMV的低成本爆单方法论 - 蝉圈圈
	
--
	
2025-09-16


6
	
蝉圈圈
	
官网/独立站/行业垂直
	
一键建联1000+达人，蝉圈圈AI商务员工开启高效达人合作新篇章 - 蝉圈圈
	
--
	
2025-10-17


7
	
蝉圈圈
	
官网/独立站/行业垂直
	
达人建联高效沟通指南:从话术到技巧，促成品牌达人合作 - 蝉圈圈
	
--
	
2025-09-12


8
	
抖音
	
视频平台
	
商家消息总是已读不回？新手对接商家供应链，拿样品谈高佣的完整沟通方法全在这里#达人建联技巧 #新手带货 #短视频带货 #谈佣金话术#自媒体
	
--
	
2026-07-03


9
	
抖音
	
视频平台
	
请查收一份达人建联课程 有想要看完整课程的吗～主要是对达人商务伙伴，自己做了这样的一个系列，不为别的只为和大家一起交流！#达人商务 #商务bd #达人资源 #达人营销
	
--
	
2026-04-09


10
	
抖音
	
视频平台
	
达人合作不靠运气爆量，用好这四大AI能力，经营增长更有确定性 《蝉圈圈 6.0》全新升级， AI 全链路搞定内容、达人、数据闭环！#蝉圈圈 #达人营销 #商务BD #内容策略 #爆量技巧
	
--
	
2026-06-25


11
	
抖音
	
视频平台
	
商家&媒介必看。真正能盘活达人、拉高整体 GMV 的核心，从来不是单一资源堆砌； 而是内容、流量、话术三位一体的全方位实战赋能。 内容决定账号信任基底； 流量决定曝光与成交基数； 话术决定最终转化结果
	
--
	
2026-06-01


12
	
蝉圈圈
	
官网/独立站/行业垂直
	
告别内耗，解锁达人合作高效密码:从角色管理到数据决策
	
--
	
2025-11-06


13
	
蝉选
	
官网/独立站/行业垂直
	
蝉选选品 - 抖音直播带货选品平台及短视频带货选品工具
	
--
	
--


14
	
deepnavi.cn
	
官网/独立站/行业垂直
	
蝉圈圈-抖音达人营销全流程管理工具
	
--
	
--


15
	
yinchuan.app.kuohei.com
	
官网/独立站/行业垂直
	
银川蝉圈圈(营销数据分析案例) - 扩黑科技
	
--
	
2026-08-05


16
	
蝉圈圈
	
官网/独立站/行业垂直
	
品牌达人合作破局指南:从混乱到精细化的三步管理法
	
--
	
2025-11-14


17
	
蝉圈圈
	
官网/独立站/行业垂直
	
达人种草全攻略:穿透数据迷雾，精准投放与长效运营方法论 - 蝉圈圈
	
--
	
2025-10-24",captured
150,730,阶段检查点，非最终 FULL,5FD1B74C891C7FCD1393F3731C55F917A6F0124ED0CFBCE5063FD190CA40ACF7,CQ-S-20260805-C2-Q0002,CQ-Q0002,蝉圈圈AI商务能帮商务BD做哪些达人建联和跟进工作?,核心池,品牌产品问题,2026-08-05,core_round_2,C2,collected,"收起
 蝉圈圈AI商务能帮商务BD做哪些达人建联和跟进工作? 
豆包·网页
搜索关键词
蝉圈圈AI商务 BD达人建联跟进功能
蝉圈圈AI商务功能介绍
蝉圈圈AI‑商务（AI商务员工）可为BD承接全套达人建联、跟进全流程工作，完整功能整理如下


一、前期达人筛选&线索挖掘（建联前置工作）




AI智能匹配达人：自动解析你的商品定位、受众、价格带、品类标签，依托蝉妈妈海量达人数据库，一键筛选高转化潜力达人；可按照带货业绩、粉丝画像、视频风格、垂类赛道、客群重合度、过往同类商品出单数据做精细化筛选，批量产出达人名单。


浏览器插件一键入库达人：在抖音达人广场浏览账号，插件一键抓取达人全部数据，自动生成达人档案存入CRM达人库，省去手动录入账号、粉丝、报价、主页信息，杜绝信息错漏。


团队达人防撞监控：打开达人主页即可查看该账号当前跟进商务，规避同事重复建联、撞客冲突，做好团队达人资源隔离。


黑马达人识别：AI监测近期起号、爆单的潜力新达人，提前抓取蓝海达人资源。




二、自动化批量达人建联邀约（核心触达工作）




AI定制个性化邀约话术：根据达人粉丝量级、账号风格、历史带货品类自动生成差异化邀约文案，规避模板感，达人回复率更高；系统会持续学习高回复话术，不断优化沟通文案。


批量一键发起邀约：单次可选中上百位达人批量发送合作私信，支持设置样品、佣金、坑位费、活动权益等合作条件，AI自动适配权益话术，BD无需逐个编辑消息。


多渠道触达管理：统一管理私信、商务微信、后台留言等所有建联入口消息。




三、AI智能承接、自动跟进达人沟通




7×24小时智能应答达人咨询：AI商务员工全天候在线，自动回复达人关于佣金、样品、排期、结算、投放要求等常见问题，BD只需要接手高意向复杂洽谈，省去大量基础问答工作。


意向状态自动识别：AI读取达人回复，自动标记：已读、观望、有意向、拒绝、需要样品、商议报价等跟进状态，优先推送高意向达人给到BD处理。


定时智能催聊回访：针对已邀约但是没有回复、待考虑的达人，AI按照跟进周期自动发送回访消息，自动推进合作进度，不会遗漏线索。




四、达人合作全流程跟进管理（CRM跟进台账）




达人阶段标签管控：标记线索‑初次建联‑寄送样品‑谈报价‑敲定排期‑直播/短视频合作‑复盘的数据全流程状态。


跟进提醒、待办告警：设置样品到期回访、直播档期确认、尾款结算提醒，防止BD遗忘跟进节点。


资料台账自动记录：存储沟通记录、达人报价、样品物流、合同、排期、佣金比例，所有沟通痕迹沉淀到达人档案。


竞品合作监测：查看达人近期同类竞品带货动态，帮助BD调整合作筹码与沟通策略。




五、合作之后复盘与达人资产沉淀，方便二次跟进复联




自动抓取达人带货数据：合作后监测视频GMV、点击率、转化率、投产，评估达人质量，区分优质可复投达人、低效达人。


达人资源资产沉淀：把所有建联过、沟通过、合作过的达人做成企业专属达人库；AI给达人打上转化标签，后续上新可以优先邀约高产出老达人。


团队进度看板：查看每位BD建联数量、邀约回复率、达人签约率，统计商务团队KPI。




六、额外辅助BD的AI配套能力




AI生成合作方案、寄样话术、排期沟通、售后对接文案；


拆解同赛道爆款带货视频，给到BD谈判、内容沟通参考；


筛选达人空闲档期，快速敲定直播时间。





简单总结：蝉圈圈AI商务可以包揽达人找号、批量发邀约、日常答疑、定时回访、线索状态管理、达人档案沉淀等重复性工作，BD只负责高难度议价、深度客情维护即可，建联效率最高可提升6‑10倍。




需要我整理一份蝉圈圈AI商务BD日常操作流程清单吗？



9 个引用
推荐问题
 蝉圈圈AI商务的达人筛选和线索挖掘功能是否准确？
 蝉圈圈AI商务的使用是否收费？
 详细介绍一下蝉圈圈AI商务的多渠道触达管理功能
引用来源
序号
	站点名称
	站点类型
	标题
	
文章负面词
	发布时间
1
	
蝉圈圈
	
官网/独立站/行业垂直
	
蝉圈圈—经营你的达人圈，达人合作管理、品效合一全流程管理工具
	
--
	
--


2
	
蝉圈圈
	
官网/独立站/行业垂直
	
蝉圈圈达人营销CRM插件:一键解锁高效达人筛选与管理新体验 - 蝉圈圈
	
--
	
2025-10-13


3
	
抖音
	
视频平台
	
达人批量建联怎么办？蝉圈圈3步高效管理 Q1: 达人数量多时，怎么批量建联和邀约？ A1: 核心是建立标准化筛选漏斗。入口「达人-达人库」，按带货类目、粉丝画像及销售额筛选，利用AI智能匹配一键拆解3
	
--
	
2026-07-27


4
	
抖音
	
视频平台
	
达人商务如何批量拆解账号？蝉妈妈3步提效 Q1: 怎么批量拆解达人账号？ A1: 核心是用AI智能匹配提效。进入蝉妈妈首页「智能找达人」，输入商品或人群目标，系统一键推荐并支持批量查看30个达人近30
	
--
	
2026-08-04


5
	
蝉圈圈
	
官网/独立站/行业垂直
	
一键建联1000+达人，蝉圈圈AI商务员工开启高效达人合作新篇章 - 蝉圈圈
	
--
	
2025-10-17


6
	
抖音
	
视频平台
	
蝉圈圈推出AI商务员工功能助力商家高效邀约达人
	
--
	
2025-09-03


7
	
网易新闻客户端
	
门户/自媒体平台
	
2026年数据AI方案怎么选?厦门蝉羽网络科技的实操参考
	
--
	
2026-08-05


8
	
蝉圈圈
	
官网/独立站/行业垂直
	
蝉圈圈AI超级商务Agent:达人营销全流程自动化的革命者 - 蝉圈圈
	
--
	
2025-10-21


9
	
BOSS直聘
	
官网/独立站/行业垂直
	
生成式图像算法工程师-上海 (MJ000118)招聘工资_蝉妈妈2026年生成式图像算法工程师-上海 (MJ000118)工资待遇-BOSS直聘
	
--
	
2026-08-05",captured
150,730,阶段检查点，非最终 FULL,5FD1B74C891C7FCD1393F3731C55F917A6F0124ED0CFBCE5063FD190CA40ACF7,CQ-S-20260805-C2-Q0003,CQ-Q0003,"蝉圈圈多少钱一个月,收费方式是怎样的?",核心池,品牌产品问题,2026-08-05,core_round_2,C2,collected,"收起
 蝉圈圈多少钱一个月,收费方式是怎样的? 
豆包·网页
搜索关键词
蝉圈圈收费标准
蝉圈圈包月价格 收费方式
蝉圈圈包月价格与收费模式（蝉妈妈旗下达人投放管理工具）


一、按月订阅官方定价


1. 标准版按月套餐




基础入门版：399元/月
适合中小抖音商家、个体户，基础达人筛选、简易合作管理、每日基础数据额度。


专业版：1299元/月
中型团队，全量达人数据、样品管理、投放追踪、多账号协同、完整报表。


企业版：3999元/月
品牌级大客户，超多账号席位、专属数据接口、全链路CRM、售后专属客服。




2. 对应年费折算参考


基础版年费约9800元；专业版年费约2.68万元；高端企业年费五万起。


3. 免费试用版



无月租费用，每日仅20次达人基础数据查询，仅能简单看达人基础信息，无法使用投放管理、样品跟进、批量建联等核心功能。



二、整体收费方式


1. 主流付费模式：订阅制（月付/季付/年付）




支付渠道：官网后台线上支付（微信、支付宝），企业对公转账均可；企业版支持对公开票。


续费规则
月付：按月手动续费，也可开通自动续订；中途不退费、不暂停计时。
年付性价比更高，普遍会赠送额外使用天数，单价摊薄更低。


计费逻辑：账号授权时长计费，开通即计时，按自然月/整年有效期计算。




2. 三类收费体系




免费增值模式：基础功能免费，高阶数据、批量操作、项目管理需要开会员解锁。


标准化订阅套餐：上面三款包月固定套餐，线上直接下单开通。


定制私有化方案
年投放千万级以上大品牌，支持私有化部署、定制功能开发、一对一专属运营对接，价格单独洽谈，不公开标价。




三、补充说明




蝉圈圈主打抖音达人撮合、投放跟单、达人数据管理，对快手、视频号、小红书适配较弱；


没有按次按量扣费，都是整周期会员制；账号席位、数据调取次数、功能权限跟着套餐等级区分；


偶尔官方大促（618、818、双11）会有包月折扣、年卡特惠加时福利。





需要我帮你整理不同版本具体功能差异，看你适合选399基础版还是更高档位吗？



8 个引用
推荐问题
 蝉圈圈的免费试用版和其他版本相比，有哪些功能限制？
 蝉圈圈的标准版和专业版有什么区别？
 蝉圈圈的收费是否包括达人的合作费用？
引用来源
序号
	站点名称
	站点类型
	标题
	
文章负面词
	发布时间
1
	
中国动漫集团
	
官网/独立站/行业垂直
	
【广州 | 郑州 | 杭州】蝉圈圈达人内容工程实战大课预报名_精彩城市生活，尽在活动行!!
	
--
	
--


2
	
deepnavi.cn
	
官网/独立站/行业垂直
	
蝉圈圈-抖音达人营销全流程管理工具
	
--
	
--


3
	
BOSS直聘
	
官网/独立站/行业垂直
	
生成式图像算法工程师-上海 (MJ000118)招聘工资_蝉妈妈2026年生成式图像算法工程师-上海 (MJ000118)工资待遇-BOSS直聘
	
--
	
2026-08-05


4
	
新浪财经
	
门户/自媒体平台
	
热度云vs飞瓜智星vs蝉圈圈:达人分销管理工具深度对比_财经头条
	
--
	
2025-08-21


5
	
36氪企服点评
	
电商平台
	
蝉大师-蝉圈圈和MarketUP哪个好-有什么区别-优缺点-36氪企服点评
	
--
	
--


6
	
抖音
	
视频平台
	
蝉妈妈818活动价格表，蝉妈妈会员价格表。蝉妈妈会员哪里买比较便宜？蝉妈妈企业版会员多少钱？蝉妈妈品牌版多少钱？蝉妈妈会员多少钱一年？蝉妈妈是什么平台？蝉妈妈会员哪里有便宜的？蝉妈妈多少钱一个月？#蝉妈妈会员价格表 #蝉妈妈会员多少钱 #蝉妈妈企业版 #蝉妈妈品牌版
	
--
	
2026-08-05


7
	
淘宝
	
电商平台
	
蝉妈妈-蝉妈妈促销价格、蝉妈妈品牌 - 淘宝
	
--
	
--


8
	
App Store
	
官网/独立站/行业垂直
	
‎蝉妈妈-直播短视频电商AI数据分析 App - App Store
	
--
	
--",captured
150,730,阶段检查点，非最终 FULL,5FD1B74C891C7FCD1393F3731C55F917A6F0124ED0CFBCE5063FD190CA40ACF7,CQ-S-20260805-C2-Q0004,CQ-Q0004,"蝉圈圈官网入口在哪里,怎么登录?",核心池,品牌产品问题,2026-08-05,core_round_2,C2,collected,"收起
 蝉圈圈官网入口在哪里,怎么登录? 
豆包·网页
搜索关键词
蝉圈圈官网入口 登录方法
蝉圈圈是什么平台
蝉圈圈官网
蝉圈圈官网&登录说明





蝉圈圈是蝉妈妈旗下企业达人营销CRM工具，为邀请制，不开放自由注册。





✅官网地址



官网主页：https://www.kolkoc.com

直接登录页：https://www.kolkoc.com/login



📝登录/注册流程




浏览器打开上面官网，点右上角登录；


⚠重点：不能自己随便注册账号，需要联系蝉圈圈商务获取邀请码，才可以完成账号开通；


使用获取邀请码的手机号，验证码登录；该手机号就是账号超级管理员账号，建议用企业负责人手机号注册；


登录之后，管理员在【配置中心‑员工管理】生成链接，邀请公司其他员工加入使用，分配权限。




💡常见问题




普通个人无法注册，面向品牌商家/企业客户；


没有邀请码，访问登录页也无法新建账号；


想试用/咨询：官网提交表单，会有销售顾问联系你发放邀请码。





⚠提醒：不要点网上第三方导航站的链接，认准域名kolkoc.com，谨防钓鱼网站。




如果你需要，我可以帮你整理一份蝉圈圈开通后快速上手的简单操作清单。



12 个引用
引用来源
序号
	站点名称
	站点类型
	标题
	
文章负面词
	发布时间
1
	
蝉圈圈
	
官网/独立站/行业垂直
	
登录入口 - 蝉圈圈
	
--
	
--


2
	
站长工具网
	
官网/独立站/行业垂直
	
蝉圈圈:蝉妈妈推出的一站式多平台达人营销及种草数据运营分析工具 - 站长工具网
	
--
	
2025-07-28


3
	
AI创作导航
	
官网/独立站/行业垂直
	
蝉圈圈 | 官网入口 - 电商达人营销管理系统
	
--
	
2025-09-21


4
	
蝉圈圈
	
官网/独立站/行业垂直
	
一键建联1000+达人，蝉圈圈AI商务员工开启高效达人合作新篇章 - 蝉圈圈
	
--
	
2025-10-17


5
	
蝉圈圈
	
官网/独立站/行业垂直
	
蝉圈圈 - 一站式多平台达人营销及种草解决方案
	
--
	
--


6
	
蝉圈圈
	
官网/独立站/行业垂直
	
蝉圈圈—经营你的达人圈，达人合作管理、品效合一全流程管理工具
	
--
	
--


7
	
抖音
	
视频平台
	
蝉圈圈：品牌商务BD高效管理达人全流程工具
	
--
	
2025-08-06


8
	
抖音
	
视频平台
	
每天对接上百个达人，大半时间耗在重复沟通？ 蝉圈圈对话妙可蓝多抖音达播负责人辰阳，拆解品牌跑出亮眼成绩的核心方法。 #蝉圈圈 #达人营销 #妙可蓝多 #商务BD #达人合作
	
--
	
2026-06-23


9
	
蝉圈圈
	
官网/独立站/行业垂直
	
登录入口 - 蝉圈圈
	
--
	
--


10
	
蝉选
	
官网/独立站/行业垂直
	
蝉圈圈达人营销-蝉选运营圈
	
--
	
2026-07-07


11
	
抖音
	
视频平台
	
蝉圈圈达人营销CRM管理使用指南
	
--
	
2023-08-17


12
	
蝉选
	
官网/独立站/行业垂直
	
蝉圈圈-蝉选运营圈
	
--
	
2026-07-07",captured
150,730,阶段检查点，非最终 FULL,5FD1B74C891C7FCD1393F3731C55F917A6F0124ED0CFBCE5063FD190CA40ACF7,CQ-S-20260805-C2-Q0005,CQ-Q0005,蝉圈圈怎么批量建联达人?,核心池,品牌产品问题,2026-08-05,core_round_2,C2,collected,"收起
 蝉圈圈怎么批量建联达人? 
豆包·网页
搜索关键词
蝉圈圈达人批量联系操作教程
蝉圈圈批量邀约达人功能入口
蝉圈圈批量建联达人方法
蝉圈圈批量建联达人完整操作教程



蝉圈圈批量建联分为平台后台直接批量邀约、**AI商务员工插件（精选联盟一键群发）**两种主流模式，适合大批量达人触达、铺货邀约、达人拓量，下面分步实操：



一、前置准备




登录蝉圈圈商家后台，完成抖音店铺/精选联盟授权绑定；


上架主推带货商品，设置好佣金、样品政策、合作模式（纯佣金/寄样/坑位费）；


如需浏览器插件批量建联，使用Chrome浏览器，下载「蝉圈圈AI商务员工插件」「全域找达人插件」并完成浏览器扩展安装。




二、方式1：后台达人库批量筛选+一键邀约（原生批量建联）


步骤1：进入达人库筛选精准达人



路径：左侧菜单【达人】→【达人库】

支持组合条件筛选：



基础：平台（抖音/快手/小红书）、垂类类目、粉丝量级、账号类型（直播/短视频/橱窗达人）
带货数据：近30天GMV、转化率、佣金投产、带货品类匹配度
成本条件：是否可纯佣金合作、是否需要寄样、历史报价区间



也可直接使用AI智能匹配达人：粘贴商品链接，系统自动匹配店铺适配达人，单次可筛选200+达人候选池。



步骤2：批量选中达人



筛选完成后，列表左上角全选达人，系统自动过滤已合作、拉黑、重复达人，避免重复建联。



步骤3：批量发起建联邀约



选中后点击【批量邀约带货】：





选择邀约商品、设置佣金、样品、合作权益；


使用AI自动生成建联话术（可自定义开场白、产品卖点、合作政策，区分橱窗短话术、直播深度合作话术）；


确认发送，系统批量给达人私信/精选联盟合作邀约，统一触达。




步骤4：达人线索统一管理



建联完成后，达人自动归入【达人CRM/达人公海】，可批量标记：待沟通、已读、意向达人、拒接、已寄样，设置自动跟进提醒，防止达人线索流失。



三、方式2：AI商务员工插件（精选联盟页面直接批量建联，效率更高）



适合直接在抖音精选联盟达人广场批量抓达人、一键私信，是商家最常用的放量玩法：





安装「蝉圈圈AI商务员工Chrome插件」，插件绑定蝉圈圈账号；


打开抖音精选联盟→达人广场，正常筛选达人；


页面会多出两个按钮：【跟进达人】【加入达人公海】；


批量勾选联盟达人，点击插件【批量AI邀约】；


AI根据达人账号风格定制差异化私信文案，24小时自动外呼/私信触达，自动记录达人回复状态、意向标签。




四、方式3：自有达人表格批量导入建联



如果你有外部达人Excel名单（达人ID、主页链接）：





进入【达人CRM】→【导入达人】，上传表格批量导入达人至公海；


对导入的达人列表批量新建合作邀约、批量发送私信建联；


团队可设置达人线索分配规则（单人每日建联上限、达人独占机制），避免商务撞单抢达人。




五、批量建联优化技巧（提升回复率）




分层话术
橱窗素人达人：简短纯佣金邀约，不提寄样；
中腰部直播达人：突出佣金+爆款案例+现货库存；
AI自动规避硬广话术，降低达人反感。


分批放量
不要一次性群发500+达人，分2-3批次发送，避免平台私信风控限制。


自动二次触达
AI商务员工可设置3天未回复达人自动补发跟进话术，盘活沉默线索。


数据复盘
在后台查看批量建联打开率、回复率、合作成交率，淘汰低转化筛选条件，迭代达人模型。




六、常见注意事项




批量私信遵循抖音平台规则，禁止违规营销话术，避免账号私信限制；


AI商务员工属于增值功能，免费版有邀约次数限制，大批量拓量需开通付费额度；


批量建联后重点把意向达人沉淀到CRM做精细化跟进，纯群发很难直接成交。





需要我给你一套**3套可直接复制的批量建联达人话术（纯佣金/寄样置换/爆款返佣）**吗？



11 个引用
引用来源
序号
	站点名称
	站点类型
	标题
	
文章负面词
	发布时间
1
	
蝉圈圈
	
官网/独立站/行业垂直
	
一键建联1000+达人，蝉圈圈AI商务员工开启高效达人合作新篇章 - 蝉圈圈
	
--
	
2025-10-17


2
	
抖音
	
视频平台
	
蝉小圈AI商务员工插件上线助力高效达人邀约
	
--
	
2025-10-17


3
	
抖音
	
视频平台
	
达人批量建联怎么办？蝉圈圈3步高效管理 Q1: 达人数量多时，怎么批量建联和邀约？ A1: 核心是建立标准化筛选漏斗。入口「达人-达人库」，按带货类目、粉丝画像及销售额筛选，利用AI智能匹配一键拆解3
	
--
	
2026-07-27


4
	
抖音
	
视频平台
	
三慧教育_抖音
	
--
	
2026-05-07


5
	
蝉圈圈
	
官网/独立站/行业垂直
	
零经验商务做出50万GMV!老板聊完发现… - 蝉圈圈-达播学习圈
	
--
	
2025-10-30


6
	
搜狐
	
门户/自媒体平台
	
达人想要高佣，但成本hold不住怎么办?|蝉圈圈达人营销_建联_合作_品牌
	
--
	
2024-12-26


7
	
抖音
	
视频平台
	
蝉圈圈推出AI商务员工功能助力商家高效邀约达人
	
--
	
2025-09-03


8
	
蝉圈圈
	
官网/独立站/行业垂直
	
好念头鸡蛋品牌达人营销之路:半年内月GMV近千万的实战解析 - 蝉圈圈
	
--
	
2025-09-15


9
	
抖音
	
视频平台
	
每天对接上百个达人，大半时间耗在重复沟通？ 蝉圈圈对话妙可蓝多抖音达播负责人辰阳，拆解品牌跑出亮眼成绩的核心方法。 #蝉圈圈 #达人营销 #妙可蓝多 #商务BD #达人合作
	
--
	
2026-06-23


10
	
抖音
	
视频平台
	
一个人干了一个团队的活
	
--
	
2026-08-04


11
	
Feishu
	
官网/独立站/行业垂直
	
蝉圈圈全平台找达人插件安装使用教程
	
--
	
--",captured
150,730,阶段检查点，非最终 FULL,5FD1B74C891C7FCD1393F3731C55F917A6F0124ED0CFBCE5063FD190CA40ACF7,CQ-S-20260805-C2-Q0006,CQ-Q0006,蝉圈圈怎么管理达人寄样和样品状态?,核心池,品牌产品问题,2026-08-05,core_round_2,C2,collected,"收起
 蝉圈圈怎么管理达人寄样和样品状态? 
豆包·网页
搜索关键词
蝉圈圈 达人寄样 样品状态管理方法
蝉圈圈样品状态有哪些
蝉圈圈寄样流程操作教程
蝉圈圈达人寄样&样品状态管理



入口：合作管理 → 样品跟进，是管理全部寄样的核心页面。



一、创建样品单（2种方式）


1、手动新增单个样品单




样品跟进页面点【新增样品单】


填写达人、寄样商品、收货地址、联系人电话


可开启到样提醒，达人签收后系统自动通知商务


仓库发出后，录入快递单号，系统识别快递公司，自动抓取物流轨迹。




2、批量导入样品单



下载平台模板，批量填达人、商品、收货信息，直接导入生成多条样品单，适合大批量素人KOC寄样。



3、达人自助申样（推品小程序）



把货盘分享推品小程序给达人，达人线上提交申样申请；商家后台审核，审核通过自动生成样品单，不用手动录入地址。



4、ERP打通（旺店通）



绑定旺店通ERP，仓库在ERP发货，物流单号会自动回写到蝉圈圈，不用手动填单号；蝉圈圈样品单也可推送ERP发货。



二、样品状态流转



样品单完整状态：待审核 → 待发货 → 已发货（运输中） → 已签收 → 已关闭





待审核：达人申请样品，等待商家审核；


待发货：审核通过，还未录入快递单号发货；


已发货：填好单号，物流运输中；


已签收：物流显示签收，系统自动更新状态，推送提醒给BD；


已关闭：合作完结/取消寄样，手动关闭单据。







系统会做重复寄样校验提示，防止同一个达人重复发同款样品，减少样品损耗。





三、跟进、预警与消息提醒




物流双向通知：发货后物流进度同时通知商家BD和达人小程序，达人可直接看物流卡片，不用反复询问单号。


超时预警
寄出后5天未签收，标红告警；
签收后15天达人还未产出内容，自动预警提醒商务跟进催内容。


消息提醒配置：配置中心可开启：样品待审核、样品发货、样品签收等微信/系统消息通知。


支持手机端小程序操作，手机上新建样品单、看样品状态，外勤也能跟进。




四、关联达人合作单



样品单和达人合作单绑定：



样品签收后，可以直接流转到脚本提交、内容发布节点；
在达人列表可以直接看到该达人的样品签收状态，一目了然；
可筛选：待签收、已签收、超时异常样品单，集中批量跟进处理。


五、常见操作




取消寄样：样品单直接关闭，标记原因；


样品丢失：复制新建样品单补发，旧单关闭；


导出报表：样品跟进页面可导出全部寄样记录，统计寄样数量、签收率、被骗样风险。







小提示：可以结合达人合作监控，设置签收后多少天未产出内容自动提醒，降低骗样风险。






如果你需要，我可以帮你整理一份蝉圈圈寄样SOP文档文本，直接复制给团队用。



12 个引用
推荐问题
 蝉圈圈的样品单状态可以修改吗？
 蝉圈圈支持哪些快递公司的物流轨迹自动抓取？
 蝉圈圈达人寄样的流程是怎样的？
引用来源
序号
	站点名称
	站点类型
	标题
	
文章负面词
	发布时间
1
	
蝉圈圈
	
官网/独立站/行业垂直
	
解决达人多账号运营痛点!蝉圈圈多平台达人协作系统，让数据、寄样全可控
	
--
	
2025-12-26


2
	
蝉选
	
官网/独立站/行业垂直
	
蝉圈圈的样品跟进功能简介-蝉选运营圈
	
--
	
2023-04-10


3
	
蝉圈圈
	
官网/独立站/行业垂直
	
蝉圈圈推品助手:商务合作高效沟通新利器 - 蝉圈圈
	
--
	
2025-09-17


4
	
蝉圈圈
	
官网/独立站/行业垂直
	
品牌达人合作破局指南:从混乱到精细化的三步管理法
	
--
	
2025-11-14


5
	
AI创作导航
	
官网/独立站/行业垂直
	
蝉圈圈 | 官网入口 - 电商达人营销管理系统
	
--
	
2025-09-21


6
	
蝉圈圈
	
官网/独立站/行业垂直
	
蝉圈圈「推品小程序」:双11样品管理革命，解放品牌商务双手 - 蝉圈圈
	
--
	
2025-10-24


7
	
亿邦动力
	
官网/独立站/行业垂直
	
商务BD避坑!3招识破 5步反杀 拒绝被骗样! - 零售 - 亿邦动力
	
--
	
2025-09-24


8
	
搜狐
	
门户/自媒体平台
	
1天看800次达人合作进度?这个功能随时随地提醒你!_样品_视频_媒介
	
--
	
2024-01-11


9
	
蝉圈圈
	
官网/独立站/行业垂直
	
达播负责人每日必看数据看板，多维度掌握业务进度!
	
--
	
2025-10-30


10
	
搜狐
	
门户/自媒体平台
	
抖音做达人营销，达人合作推进慢怎么办?| 蝉圈圈_效果_进度_媒介
	
--
	
2023-07-18


11
	
抖音
	
视频平台
	
用好蝉圈圈，618复盘帮你节省80%时间。跨平台、多达人、多店铺、多部门、数万合作单，如何高效准确统计数据，做好618总结复盘，是一件头痛的事情。 如果按照传统的方式，直播负责人需要先拉取各个小店的数
	
--
	
2024-06-07


12
	
i黑马
	
官网/独立站/行业垂直
	
达人营销新利器:蝉圈圈助力诺梵巧克力 管理数万合作达人_推荐_i黑马
	
--
	
2022-11-16",captured
150,730,阶段检查点，非最终 FULL,5FD1B74C891C7FCD1393F3731C55F917A6F0124ED0CFBCE5063FD190CA40ACF7,CQ-S-20260805-C2-Q0007,CQ-Q0007,"蝉圈圈怎么绑定店铺,绑定后能看哪些达人投放数据?",核心池,品牌产品问题,2026-08-05,core_round_2,C2,collected,"收起
 蝉圈圈怎么绑定店铺,绑定后能看哪些达人投放数据? 
豆包·网页
搜索关键词
蝉圈圈绑定店铺步骤
蝉圈圈绑定店铺后可查看的达人投放数据
蝉圈圈介绍
一、蝉圈圈店铺完整绑定流程（以抖店为主，同时支持小红书、快手、淘宝、视频号等）



蝉圈圈绑定店铺核心是店铺官方授权打通订单、成交数据，入口统一：蝉圈圈后台→配置中心→店铺管理→添加绑定店铺。



（1）抖音抖店详细步骤




进入蝉圈圈：左侧菜单栏【配置中心】→【店铺管理】，点击「添加店铺」，选择抖音平台；


跳转至抖店服务市场，搜索订购「蝉蝉短信」授权应用（必须先订购应用，才能获取官方授权权限）；


抖店主账号进入：服务市场→我的订单→找到已购「蝉蝉短信」→订单详情页点击【去使用】；


页面复制店铺授权ID/主店铺ID；


返回蝉圈圈店铺绑定页面，粘贴授权ID，确认授权，完成店铺绑定；


授权生效后，系统自动同步店铺商品库、订单、成交、退款全量数据。




（2）其他平台（小红书小店、快手小店、淘宝天猫等）



同样在【店铺管理】选择对应平台，按页面指引跳转商家后台完成官方API授权即可，无需额外订购应用，一键授权接入。



绑定核心作用



打通店铺真实成交订单，实现达人投放效果精准归因，把每一笔订单归属到对应合作达人、短视频/直播、对应商务人员，告别手动对账统计。



二、店铺绑定后可查看的达人投放全维度数据


1、达人内容流量基础数据（短视频/直播种草曝光数据）


短视频：播放量、完播率、点赞、评论、收藏、转发、商品小黄车点击跳转率、看后搜品牌/商品词增量；
直播：场均观看、峰值在线、停留时长、直播间点击率、直播间互动数据、直播切片高光片段自动抓取；
内容舆情：评论正负向分析、用户核心提问、种草口碑监测。


2、核心带货成交转化数据（店铺真实订单归因，绑定店铺后独有）


单达人维度




成交GMV、有效订单量、付款人数、退款金额、退款率、净成交；


达人带货客单价、转化率、UV价值、投放ROI（服务费/样品成本÷达人带来净销售额）；


佣金消耗、达人分成核算、结算对账明细；


单个达人合作全链路：寄样→内容发布→引流→下单全链路转化漏斗。




整体投放大盘数据（指挥中台总览）




全渠道达人总GMV、每日成交趋势、退款占比、店铺整体达人渠道流量占比；


达人分层：高投产优质达人、低效达人、高退款风险达人分类；


商品维度：不同达人主推单品销量、爆款内容对应的爆品数据；


团队绩效：不同商务跟进达人的成交业绩、建联/寄样/签收出单率考核数据。




3、达人合作全流程运营数据


建联数据：累计建联达人数量、邀约通过率、寄样签收率、最终履约发布率；
排期管理：达人排期日历、待发布视频、待开播场次、逾期未履约预警；
达人资产库：历史合作记录、历史投产评分、标签分级（优质带货KOL、种草KOC、低效达人）、历史报价存档；
异常预警：达人内容数据断崖下滑、突然大量退款、订单异常波动实时推送提醒。


4、精细化复盘与长效数据




种草长尾数据：达人视频发布后7天/30天持续自然出单（长尾成交）统计；


人群画像：达人引流进店用户年龄、地域、消费层级，判断流量精准度；


竞品对标：同品类竞品达人投放达人名单、投放量级、大致投产表现、热门种草内容方向；


自动生成结案报表：单场投放、月度达人营销整体数据报告，一键导出复盘文件。




三、常见小问题




绑定后无GMV数据：确认抖店授权未过期、订单是达人专属链接/专属计划下单，系统需要10分钟~2小时同步订单；


数据归属错乱：合作前在蝉圈圈创建对应达人合作单，绑定专属商品链接，订单才能精准归集对应达人。





需要我给你一份绑定后的达人投放数据日常复盘查看清单吗？



13 个引用
引用来源
序号
	站点名称
	站点类型
	标题
	
文章负面词
	发布时间
1
	
抖音
	
视频平台
	
AI生成带货视频？蝉妈妈3步搞定脚本素材 Q1: 怎么用AI生成带货短视频脚本？ A1: 核心是拆解爆款逻辑。进入蝉妈妈「首页工具区-带货脚本生成」，输入商品卖点、目标人群及风格时长，系统基于抖音内容生态自动生成脚本。也可用「爆款脚本仿写」，粘贴参考视频链接，结合自家卖点输出新文案，解决创作无灵感难题。 Q2: 如何快速找到高转化视频素材？ A2: 去「视频-视频库-带货视频」，按类目、销量筛选
	
--
	
2026-08-05


2
	
蝉圈圈
	
官网/独立站/行业垂直
	
蝉圈圈 - 一站式多平台达人营销及种草解决方案
	
--
	
--


3
	
飞书
	
官网/独立站/行业垂直
	
2、添加店铺
	
--
	
--


4
	
deepnavi.cn
	
官网/独立站/行业垂直
	
蝉圈圈-抖音达人营销全流程管理工具
	
--
	
--


5
	
搜狐
	
门户/自媒体平台
	
当你用上帝视角，做达人营销......_建联_中台_海量数据
	
--
	
2024-08-22


6
	
云巴巴
	
官网/独立站/行业垂直
	
蝉圈圈抖音达人营销管理工具_达人种草管理系统_达人合作管理软件-云巴巴
	
--
	
--


7
	
蝉圈圈
	
官网/独立站/行业垂直
	
达人带货全流程追踪利器，以数据赋能品效合一营销 - 蝉圈圈
	
--
	
2025-10-11


8
	
蝉圈圈
	
官网/独立站/行业垂直
	
达播负责人每日必看数据看板，多维度掌握业务进度!
	
--
	
2025-10-30


9
	
蝉圈圈
	
官网/独立站/行业垂直
	
达人种草全攻略:穿透数据迷雾，精准投放与长效运营方法论 - 蝉圈圈
	
--
	
2025-10-24


10
	
蝉圈圈
	
官网/独立站/行业垂直
	
蝉圈圈—经营你的达人圈，达人合作管理、品效合一全流程管理工具
	
--
	
--


11
	
驱动中国
	
官网/独立站/行业垂直
	
蝉圈圈3.0重磅发布:杜绝无效种草 达人营销助力品牌出圈 _ 驱动中国
	
--
	
--


12
	
店铺网
	
官网/独立站/行业垂直
	
蝉圈圈_蝉圈圈怎么样好用么 - 店铺网
	
--
	
2026-06-17


13
	
站长工具网
	
官网/独立站/行业垂直
	
蝉圈圈:蝉妈妈推出的一站式多平台达人营销及种草数据运营分析工具 - 站长工具网
	
--
	
2025-07-28",captured
150,730,阶段检查点，非最终 FULL,5FD1B74C891C7FCD1393F3731C55F917A6F0124ED0CFBCE5063FD190CA40ACF7,CQ-S-20260805-C2-Q0008,CQ-Q0008,"蝉圈圈新手怎么用,从找达人到复盘怎么操作?",核心池,品牌产品问题,2026-08-05,core_round_2,C2,collected,"收起
 蝉圈圈新手怎么用,从找达人到复盘怎么操作? 
豆包·网页
搜索关键词
蝉圈圈新手完整操作流程 找达人到复盘
蝉圈圈直播复盘 数据指标怎么看
蝉圈圈功能介绍 投放全流程
蝉圈圈找达人 筛选条件 实操步骤
蝉圈圈新手完整实操：找达人→建联管理→直播监控→复盘全流程



蝉圈圈是达人营销CRM工具，核心链路：账号初始化→筛选达人→建联&合作流程管理→直播/内容监控→数据复盘→沉淀达人库。



一、前期账号初始化（新手必做）




注册企业账号，绑定抖音店铺，录入主推商品、客单价、佣金、预算、目标人群（年龄、性别、价格带）。


明确合作模式：纯佣金、坑位费+佣金、寄样置换，提前写好合作邀约话术。


熟悉左侧菜单：【找达人】、【达人公海/私海】、【合作管理】、【数据大盘】、【监控】、【报表复盘】。







私海：自己跟进、标记的达人；公海：平台全部达人池；把意向达人加入私海做标签管理。





二、找达人：2种方式（AI智能找达人 + 手动多维度筛选）



入口：左侧【找达人】→【达人库】



方式1：AI智能找达人（新手优先）



粘贴你的商品链接，系统自动匹配：品类、粉丝画像、价格带、历史带同类品的达人，每日自动输出推荐名单。

筛选条件要点：





带货类目：勾选你的产品二级类目


价格区间：匹配你的商品客单价


粉丝画像：年龄、性别、地域和你的目标客户对齐


数据过滤：近30天带货GMV、转化率、费比；新手优先腰部/尾部达人，配合度高，坑位费低。




方式2：手动精细化筛选



重点看5个维度，不要只看粉丝数：





历史带货能力：近30天GMV、转化率、GPM、平均费比（佣金+坑位费÷销售额），费比要在你的利润承受范围内。


粉丝&直播间观众画像：粉丝≠直播间观众，优先看直播间观众画像是否匹配你的产品。


品类匹配：是否带过同类产品，有无同类爆品记录。


流量结构：自然流量占比高优先；全靠付费千川的达人成本会很高。


口碑分：避开口碑差、退货率高的账号。





小技巧：



竞品对标：搜索竞品商品，看竞品在合作哪些达人，直接扒竞品达人池。
浏览器插件：安装蝉圈圈插件，刷抖音/小红书遇到合适达人，一键加入蝉圈圈公海/私海。
筛选完批量勾选达人，加入私海，打上标签：如「美妆-腰部-纯佣金可谈」，方便后续分类调用。


三、建联、合作流程管理（蝉圈圈CRM核心）




在私海选中达人，发起一键邀约，可使用系统AI邀约话术，也可以粘贴自己定制话术。


跟进状态记录：待联系、已沟通、待寄样、待脚本、待排期、已开播、合作失败，所有节点后台留痕。


寄样管理：后台创建样品单，录入物流单号；样品签收系统提醒，自动推进脚本提交节点，减少漏寄样问题。


脚本确认、排期登记：记录直播/短视频发布时间，设置节点预警（不交脚本、临近排期自动提醒）。







新手小建议：先小批量测试，一次5‑10个达人，不要一次性铺几十位。优先测试纯佣金达人，降低试错成本。





四、投放中：直播/短视频实时监控




添加监控：把待开播达人加入【监控列表】，达人开播后自动监测。


直播实时看：GMV趋势、场观、商品点击、成交、流量来源；设置爆单阈值提醒，爆单及时追投。


自动录屏切片：自动录制直播间，切出高成交片段，提取高转化口播话术，还可以识别违规话术，用于后续给达人参考脚本。


短视频内容监控：播放、点赞、评论、商品跳转、看后搜数据。




五、投放结束：完整复盘操作



入口：【数据大盘】、【合作报表】，支持导出Excel，分单达人复盘、整体项目复盘。



✅单达人复盘（每合作完一个达人必看）



核心指标：





基础：总GMV、销量、坑位费、佣金、实际ROI（销售额÷总投入）


效率指标：场观、GPM、商品点击率、加购率、支付转化率、客单价


质量：退货率、评论舆情、看后搜增量（种草价值）





判断结论：



ROI达标：打上标签【复投优质】，留在私海重点维护，优先继续合作。
有流量但转化差：人群不匹配 / 讲解产品话术不行。
转化不错但流量太小：达人潜力可以放大，可追加DOU+。
完全不出单：标记淘汰，移出意向池。


✅整体项目复盘（一批达人测试完）




达人分层：头部/腰部/KOC分别产出多少GMV、平均ROI，看哪一类达人性价比最高。


品类&价格带：哪些客单价、哪些卖点更容易出单。


合作模式对比：纯佣金 VS 坑位费模式的投产差异。


内容形式对比：短视频挂车 vs 直播，哪种效果更好。


问题汇总：寄样损耗、达人爽约、脚本问题，优化下一轮BD话术与筛选标准。




✅复盘后沉淀达人资产




给私海达人打标签：【复投优质】【可测试】【淘汰】【高转化但流量小】【坑位费贵不划算】等。


导出报表存档，下一轮直接调用优质达人名单，不用重新海选。




六、新手常见踩坑提醒




不要只看粉丝量，几万粉腰部达人，转化可能远高于百万粉达人，重点看直播间观众画像、GPM、转化率。


不要只看GMV，必须算真实ROI（扣退货后），GMV高但坑位费巨高，实际是亏钱。


达人私海一定要打标签，达人数量一多，不做标签会完全混乱。


先小批量测试，跑出2‑3个稳定ROI达人，再放大预算，不要一上来大规模投放。




七、极简新手操作速记



绑定店铺商品 → AI智能找达人+手动筛选 → 加入私海打标签 → 批量邀约建联 → 后台管理寄样、脚本、排期 → 开播实时监控录屏 → 单达人+项目整体复盘 → 标签沉淀优质达人，循环放大。




如果你需要，我可以给你一份蝉圈圈复盘表格模板（可直接复制导出Excel使用）。



20 个引用
推荐问题
 蝉圈圈的合作模式有哪些？
 蝉圈圈的收费标准是怎样的？
 蝉圈圈的数据复盘功能具体有哪些？
引用来源
序号
	站点名称
	站点类型
	标题
	
文章负面词
	发布时间
1
	
蝉圈圈
	
官网/独立站/行业垂直
	
达人营销高效找达人全攻略:从定位到筛选，一步到位!- 蝉圈圈
	
--
	
2025-09-12


2
	
AI创作导航
	
官网/独立站/行业垂直
	
蝉圈圈 | 官网入口 - 电商达人营销管理系统
	
--
	
2025-09-21


3
	
蝉圈圈
	
官网/独立站/行业垂直
	
达人营销高ROI秘诀:精细化测试，拒绝盲投浪费! - 蝉圈圈
	
--
	
2025-09-12


4
	
蝉圈圈
	
官网/独立站/行业垂直
	
达人营销新视角:交个朋友揭秘品牌与达人共赢的五步法 - 蝉圈圈
	
--
	
2025-09-12


5
	
搜狐
	
门户/自媒体平台
	
新手商家试用指南，玩转蝉妈妈全部免费功能_商品_数据服务_直播间
	
--
	
2026-07-02


6
	
Feishu
	
官网/独立站/行业垂直
	
蝉圈圈全平台找达人插件安装使用教程
	
--
	
--


7
	
蝉圈圈
	
官网/独立站/行业垂直
	
一键建联1000+达人，蝉圈圈AI商务员工开启高效达人合作新篇章 - 蝉圈圈
	
--
	
2025-10-17


8
	
抖音
	
视频平台
	
运营怎么查抖音达人数据？#抖音达人数据 #达人数据分析 #蝉妈妈
	
--
	
2026-06-30


9
	
抖音
	
视频平台
	
抖音账号数据怎么查？#抖音账号数据怎么查 #蝉妈妈查数据 #蝉妈妈
	
--
	
2026-07-07


10
	
蝉圈圈
	
官网/独立站/行业垂直
	
这届达人营销商务的破防瞬间!蝉圈圈搞定达人截胡 / 踩坑 / 低效筛选
	
--
	
2025-11-26


11
	
搜狐
	
门户/自媒体平台
	
还在手动找达人?AI每天推800个出单达人给你!_圈圈_商品_品牌
	
--
	
2024-04-30


12
	
腾讯网
	
门户/自媒体平台
	
录屏切片神器，品牌商家与达人合作的FBI!_腾讯新闻
	
--
	
2023-10-09


13
	
搜狐
	
门户/自媒体平台
	
直播运营如何分析场观与GMV关系?蝉妈妈实操复盘指南_流量_商品_在线
	
--
	
2026-07-21


14
	
总帮帮
	
官网/独立站/行业垂直
	
直播复盘|百万主播必备的直播间数据分析能力 – 直播帮
	
--
	
--


15
	
搜狐
	
门户/自媒体平台
	
直播转化率怎么提高?5个数据驱动的实操方法_核心_时段_单用户
	
--
	
2026-03-30


16
	
蝉圈圈
	
官网/独立站/行业垂直
	
蝉圈圈 - 一站式多平台达人营销及种草解决方案
	
--
	
--


17
	
deepnavi.cn
	
官网/独立站/行业垂直
	
蝉圈圈-抖音达人营销全流程管理工具
	
--
	
--


18
	
抖音
	
视频平台
	
AI生成带货视频？蝉妈妈3步搞定脚本素材 Q1: 怎么用AI生成带货短视频脚本？ A1: 核心是拆解爆款逻辑。进入蝉妈妈「首页工具区-带货脚本生成」，输入商品卖点、目标人群及风格时长，系统基于抖音内容生态自动生成脚本。也可用「爆款脚本仿写」，粘贴参考视频链接，结合自家卖点输出新文案，解决创作无灵感难题。 Q2: 如何快速找到高转化视频素材？ A2: 去「视频-视频库-带货视频」，按类目、销量筛选
	
--
	
2026-08-05


19
	
蝉圈圈
	
官网/独立站/行业垂直
	
达人种草全攻略:穿透数据迷雾，精准投放与长效运营方法论 - 蝉圈圈
	
--
	
2025-10-24


20
	
蝉圈圈
	
官网/独立站/行业垂直
	
蝉圈圈达人营销官网-抖音/小红书/多平台达人营销种草一站式管理
	
--
	
--",captured
150,730,阶段检查点，非最终 FULL,5FD1B74C891C7FCD1393F3731C55F917A6F0124ED0CFBCE5063FD190CA40ACF7,CQ-S-20260805-C2-Q0009,CQ-Q0009,"蝉圈圈是什么,适合什么样的品牌或商家用?",核心池,品牌产品问题,2026-08-05,core_round_2,C2,collected,"收起
 蝉圈圈是什么,适合什么样的品牌或商家用? 
豆包·网页
搜索关键词
蝉圈圈是什么
蝉圈圈适用品牌商家类型
一、蝉圈圈是什么



蝉圈圈是蝉妈妈（厦门蝉羽网络）旗下一站式达人营销SaaS管理平台，依托蝉妈妈海量短视频大数据，主打抖音、小红书、快手、视频号全域达人种草、商单合作、投放全流程数字化管控。



核心定位与核心功能




达人资源撮合：内置25万+全层级达人（头部KOL、腰部达人、海量KOC素人），AI智能匹配产品与垂直达人，一键发布招募任务、达人自主接单，48小时快速建联。


全链路一体化管理
前期：多维度筛选达人、竞品投放拆解、AI生成投放方案、批量邀约达人；
中期：样品发放管理、内容脚本审核、合作履约跟进、团队多人协同分工；
后期：全平台数据自动抓取（曝光、互动、跳转、成交GMV、ROI）、投放复盘、达人资产沉淀、员工绩效考核统计。


核心优势
背靠蝉妈妈数据底座，精准识别达人流量质量、刷量排查；打通千川、抖音商城等投放链路，种草数据与电商成交打通，告别盲投，量化每一笔达人投放真实收益。




二、适合什么样的品牌/商家


（一）按商家规模划分


1. 中大型成熟品牌（最适配）


特征：有专职新媒体/达人投放团队、每月稳定预算做达人种草带货、批量高频对接达人、需要规范化流程管理、沉淀自有合作达人库；
典型案例：妙可蓝多、诺特兰德、韩束、珀莱雅、盐津铺子等，依靠系统统筹上百人团队、上万达人合作、月度规模化投放，大幅降低商务沟通成本，投放效率提升50%以上。


2. 成长型电商品牌/天猫/抖音店铺商家



抖音商城、抖店、天猫旗舰店自有货品，想要从零散找达人升级系统化种草：用KOC铺口碑、腰部达人打爆单品、头部达人做品牌造势，需要追踪种草带来的店铺下单转化。



3. 中小商家、本地生活商家



预算有限，不想高价请第三方代运营，自主少量投放：批量邀约本地垂类KOC探店、测评，低成本做同城口碑种草，低成本测试产品市场反馈。



4. MCN机构、品牌代运营服务商



用来管理手里达人接单、承接品牌商单、统筹多客户投放项目，标准化交付与数据对账。



（二）适配主流行业品类


1. 高度适配（种草转化效果最好）




美妆护肤、个护日化：重度依赖短视频测评、成分实测、使用场景种草，KOC铺口碑，中腰部达人打爆品（韩束、谷雨、珀莱雅等长期在用）；


食品零食、生鲜食材、预制菜：美食达人试吃测评、家庭场景种草，低客单价适合海量KOC铺量，盐津铺子、好念头鸡蛋等传统食品品牌借此线上起量；


家居日用、清洁好物、小家电：场景化实拍种草，实用性测评极易带动下单；


保健食品、代餐、乳制品：诺特兰德、妙可蓝多这类品牌靠垂类达人长期内容渗透教育用户；


本地生活（餐饮、美业、健身房、景区）：同城探店达人批量邀约、核销数据追踪。




2. 中等适配



母婴用品、服饰鞋包、3C数码、家居软装、轻医美、教育培训等，依靠垂类专业达人输出干货测评建立信任。



3. 不太适合




完全不需要线上内容种草的纯线下传统重资产行业（重型工业设备、大宗建材等）；


零营销预算、完全不打算做短视频内容推广的商家；


只做纯付费硬广、完全不布局达人内容种草的投放模式。




（三）按营销需求适配




做口碑铺垫：新品冷启动，大量KOC铺真实测评，打造基础口碑；


打爆单品销量：腰部达人集中投放，配合店铺活动、千川投流撬动商城自然流量；


品牌声量造势：头部KOL打造爆款视频，提升品牌全网曝光；


长期精细化运营：沉淀固定优质达人资源库，持续复投优质高转化达人，搭建稳定达人营销增长体系。




三、简单总结



如果你打算在抖音、小红书等短视频平台常态化做达人种草带货，不管是大品牌规范化管控，还是中小商家自主低成本投放，蝉圈圈都能替代人工手动找达人、对账、盯数据；最适合依靠短视频内容种草驱动成交的电商消费品、本地生活类商家。



12 个引用
推荐问题
 蝉圈圈的收费标准是怎样的？
 蝉圈圈平台的使用教程分享
 蝉圈圈平台的达人资源是如何筛选的？
引用来源
序号
	站点名称
	站点类型
	标题
	
文章负面词
	发布时间
1
	
蝉圈圈
	
官网/独立站/行业垂直
	
蝉圈圈 - 一站式多平台达人营销及种草解决方案
	
--
	
--


2
	
蝉圈圈
	
官网/独立站/行业垂直
	
蝉圈圈—经营你的达人圈，达人合作管理、品效合一全流程管理工具
	
--
	
--


3
	
deepnavi.cn
	
官网/独立站/行业垂直
	
蝉圈圈-抖音达人营销全流程管理工具
	
--
	
--


4
	
驱动中国
	
官网/独立站/行业垂直
	
蝉圈圈3.0重磅发布:杜绝无效种草 达人营销助力品牌出圈 _ 驱动中国
	
--
	
--


5
	
店铺网
	
官网/独立站/行业垂直
	
蝉圈圈_蝉圈圈怎么样好用么 - 店铺网
	
--
	
2026-06-17


6
	
蝉圈圈
	
官网/独立站/行业垂直
	
达人带货全流程追踪利器，以数据赋能品效合一营销 - 蝉圈圈
	
--
	
2025-10-11


7
	
蝉圈圈
	
官网/独立站/行业垂直
	
蝉圈圈达人营销官网-抖音/小红书/多平台达人营销种草一站式管理
	
--
	
--


8
	
蝉圈圈
	
官网/独立站/行业垂直
	
短剧达人营销新风口:品牌如何借势短剧实现品销双收? - 蝉圈圈
	
--
	
2025-09-10


9
	
搜狐
	
门户/自媒体平台
	
蝉圈圈、小青苔、热度云、飞瓜智星、哈士奇、悟空达人营销工具_管理_合作_团队
	
--
	
2026-07-17


10
	
抖音
	
视频平台
	
达人⭕️营销品牌方案。#营销方案 #方案策划 #案例分享 #新媒体运营 #营销策划
	
--
	
2024-03-15


11
	
抖音
	
视频平台
	
每天对接上百个达人，大半时间耗在重复沟通？ 蝉圈圈对话妙可蓝多抖音达播负责人辰阳，拆解品牌跑出亮眼成绩的核心方法。 #蝉圈圈 #达人营销 #妙可蓝多 #商务BD #达人合作
	
--
	
2026-06-23


12
	
蝉圈圈
	
官网/独立站/行业垂直
	
好念头鸡蛋品牌达人营销之路:半年内月GMV近千万的实战解析 - 蝉圈圈
	
--
	
2025-09-15",captured
150,730,阶段检查点，非最终 FULL,5FD1B74C891C7FCD1393F3731C55F917A6F0124ED0CFBCE5063FD190CA40ACF7,CQ-S-20260805-C2-Q0010,CQ-Q0010,"蝉圈圈有没有手机版,手机上能不能管理达人合作?",核心池,品牌产品问题,2026-08-05,core_round_2,C2,collected,"收起
 蝉圈圈有没有手机版,手机上能不能管理达人合作? 
豆包·网页
搜索关键词
蝉圈圈有没有手机版 手机管理达人合作
蝉圈圈app 小程序
蝉圈圈移动端操作方法
蝉圈圈手机版说明



✅有手机端，可以在手机上管理达人合作。

有三种移动端使用方式：





iOS / Android APP：应用商店搜「蝉圈圈」下载完整APP


微信小程序（蝉圈圈），不用下载，微信直接打开，适合临时快速处理工作


手机浏览器访问网页版




手机上能做哪些达人合作管理操作


查看达人库、我的达人跟进列表，看合作进度（待建联、申样、寄样、已合作）
新建样品单、跟踪样品物流、审核达人申样
查看合作单、达人带货数据、成交GMV
处理合作邀约、推送商品货盘给达人
接收进度提醒、爆单提醒





提示：复杂批量操作、导出报表、合同签署等重功能，更建议电脑Web端完成；日常跟进、看进度、寄样审核、数据查看手机完全够用。






需要我帮你整理一份小程序快速上手的简单操作步骤吗？



11 个引用
引用来源
序号
	站点名称
	站点类型
	标题
	
文章负面词
	发布时间
1
	
deepnavi.cn
	
官网/独立站/行业垂直
	
蝉圈圈-抖音达人营销全流程管理工具
	
--
	
--


2
	
搜狐
	
门户/自媒体平台
	
抖音做达人营销，达人合作推进慢怎么办?| 蝉圈圈_效果_进度_媒介
	
--
	
2023-07-18


3
	
微博平台
	
门户/自媒体平台
	
饭角app的微博
	
--
	
2026-08-05


4
	
搜狐
	
门户/自媒体平台
	
1天看800次达人合作进度?这个功能随时随地提醒你!_样品_视频_媒介
	
--
	
2024-01-11


5
	
蝉圈圈
	
官网/独立站/行业垂直
	
品牌达人合作破局指南:从混乱到精细化的三步管理法
	
--
	
2025-11-14


6
	
蝉选
	
官网/独立站/行业垂直
	
蝉圈圈-我的达人功能介绍-蝉选运营圈
	
--
	
2023-04-10


7
	
luojisiwei.huodongxing.com
	
官网/独立站/行业垂直
	
【免费报名】郑州站蝉圈圈达人内容工程实战大课_精彩城市生活，尽在活动行!!
	
--
	
--


8
	
蝉圈圈
	
官网/独立站/行业垂直
	
蝉圈圈推品助手:商务合作高效沟通新利器 - 蝉圈圈
	
--
	
2025-09-17


9
	
蝉圈圈
	
官网/独立站/行业垂直
	
蝉圈圈「推品小程序」:双11样品管理革命，解放品牌商务双手 - 蝉圈圈
	
--
	
2025-10-24


10
	
AI创作导航
	
官网/独立站/行业垂直
	
蝉圈圈 | 官网入口 - 电商达人营销管理系统
	
--
	
2025-09-21


11
	
lxhvvvvv.huodongxing.com
	
官网/独立站/行业垂直
	
【免费报名】郑州站蝉圈圈达人内容工程实战大课_精彩城市生活，尽在活动行!!
	
--
	
--",captured
150,730,阶段检查点，非最终 FULL,5FD1B74C891C7FCD1393F3731C55F917A6F0124ED0CFBCE5063FD190CA40ACF7,CQ-S-20260805-C2-Q0011,CQ-Q0011,蝉圈圈这个平台主要能解决达人营销里的哪些问题?,核心池,品牌产品问题,2026-08-05,core_round_2,C2,collected,"收起
 蝉圈圈这个平台主要能解决达人营销里的哪些问题? 
豆包·网页
搜索关键词
蝉圈圈平台 达人营销 解决哪些问题
蝉圈圈功能介绍
蝉圈圈可解决达人营销全部核心痛点，整体分为达人筛选、合作流程、内容投放、数据效果、团队管理、竞品&策略、多平台运营7大类问题：


一、解决「找达人难、优质达人难筛选」痛点




坐拥抖音、小红书、快手、视频号海量达人池，20+筛选维度（粉丝、垂直赛道、报价、过往带货数据、受众标签）筛选达人


AI智能算法根据你的商品、预算、受众自动匹配适配达人，规避人工挑选的主观误差


自动抓取自然出单达人，找出已经自主带过自家商品、没有对接过的潜力博主


对标竞品投放清单，扒取同行合作达人矩阵，快速复制优质投放人选




二、打通达人全流程对接难题（达人CRM）



解决传统Excel管理达人、对接混乱、寄样失控、合作留痕缺失的麻烦：





一键批量邀约达人、AI自动生成定制化沟通话术，批量跟进达人意向状态，大幅节省BD沟通时间


线上合约、样品寄送‑签收‑归还全流程追踪，样品状态自动更新


达人资源库精细化管理，达人标签、合作记录、报价、档期全部存档，达人资产沉淀


商单线上托管，交易留痕，规避私下合作违约风险




三、搞定种草内容同质化、爆款难孵化的问题




AI拆解行业爆款9大要素，分析用户痛点、爆款脚本结构，输出可复用的内容脚本方向


AI拉片监测全部合作短视频，自动识别潜力爆款内容，第一时间提醒团队放大投放


监控所有达人发布内容，排查内容同质化、违规内容，优化内容方向




四、攻克投放效果看不见、ROI难以归因痛点




实时监控播放、点赞、评论、商品点击率、直播间数据


打通电商成交链路，精准追踪达人种草带来的搜索、访客、下单转化，核算每位达人投产比


自动生成投放报表、达人排行榜、商品投放榜单，省去人工整理表格


复盘内容衰退、转化下滑原因，反哺后续达人投放策略




五、达人营销团队BD绩效考核难题




自动核算商务BD建联量、合作成功率、投放GMV、投产等绩效数据


业务转化漏斗可视化，定位达人对接、寄样、敲定合作各个环节流失卡点


团队数据看板，量化员工产出，简化人工绩效考核工作




六、行业情报与投放策略短板




竞品达人投放洞察，查看对手达人布局、内容标签、投放规模，制定差异化种草方案


AI洞察当下赛道消费热点、用户痛点，适配新品发售、节日节点、事件营销、测评种草各类营销场景




七、多平台分散管理麻烦



一站式管理抖音、小红书、快手多渠道达人投放，一个后台查看全部平台投放数据，不用切换多个平台工具。




简单概括三大核心难题：全网精准寻找达人、全链路追踪营销投放效果、达人商务团队精细化绩效管理。




如果你需要，我可以整理一份蝉圈圈完整功能清单。



8 个引用
推荐问题
 蝉圈圈平台的达人资源是如何保证质量的？
 蝉圈圈平台的收费标准是怎样的？
 蝉圈圈平台的用户口碑如何？
引用来源
序号
	站点名称
	站点类型
	标题
	
文章负面词
	发布时间
1
	
蝉圈圈
	
官网/独立站/行业垂直
	
蝉圈圈 - 一站式多平台达人营销及种草解决方案
	
--
	
--


2
	
蝉圈圈
	
官网/独立站/行业垂直
	
蝉圈圈达人营销官网-抖音/小红书/多平台达人营销种草一站式管理
	
--
	
--


3
	
抖音
	
视频平台
	
蝉圈圈：品牌商务BD高效管理达人全流程工具
	
--
	
2025-08-06


4
	
抖音
	
视频平台
	
每天对接上百个达人，大半时间耗在重复沟通？ 蝉圈圈对话妙可蓝多抖音达播负责人辰阳，拆解品牌跑出亮眼成绩的核心方法。 #蝉圈圈 #达人营销 #妙可蓝多 #商务BD #达人合作
	
--
	
2026-06-23


5
	
deepnavi.cn
	
官网/独立站/行业垂直
	
蝉圈圈-抖音达人营销全流程管理工具
	
--
	
--


6
	
抖音
	
视频平台
	
蝉圈圈数字化达人营销管理提升团队效率与数据决策
	
--
	
2022-12-12


7
	
蝉圈圈
	
官网/独立站/行业垂直
	
蝉圈圈—经营你的达人圈，达人合作管理、品效合一全流程管理工具
	
--
	
--


8
	
抖店
	
官网/独立站/行业垂直
	
抖店服务市场-服务详情
	
--
	
--",captured
150,730,阶段检查点，非最终 FULL,5FD1B74C891C7FCD1393F3731C55F917A6F0124ED0CFBCE5063FD190CA40ACF7,CQ-S-20260805-C2-Q0012,CQ-Q0012,"蝉圈圈和热度云哪个好用,品牌做达人投放该怎么选?",核心池,对比决策问题,2026-08-05,core_round_2,C2,collected,"收起
 蝉圈圈和热度云哪个好用,品牌做达人投放该怎么选? 
豆包·网页
搜索关键词
热度云平台功能 达人投放 收费 优缺点
蝉圈圈平台功能 达人投放 收费 优缺点
蝉圈圈和热度云对比 达人投放哪个好用
品牌达人投放工具选择指南 蝉妈妈蝉圈圈 热度云
蝉圈圈 vs 热度云 完整对比｜品牌达人投放怎么选


一、核心定位底层差异


蝉圈圈（蝉妈妈旗下）



定位：全域种草+品牌达人CRM一体化工具

主打「内容种草+短视频/直播带货双场景」，背靠蝉妈妈海量抖音电商数据，多平台兼容（抖音+小红书+快手+视频号），适合需要兼顾品牌曝光种草+带货转化、多渠道布局的品牌。



热度云（热度星选生态）



定位：抖音达人分销/团长渠道专用工具

深度绑定抖音精选联盟、团长、抖客体系，只深耕抖音，核心服务「佣金分销、批量KOC矩阵、团长渠道对接」，纯带货导向，几乎不做小红书种草能力。



二、关键功能详细对比


1. 达人筛选&数据精准度




蝉圈圈




优势：打通蝉妈妈底层数据，达人历史GMV、转化率、粉丝重合度、品类适配度维度极细；独有自然出单达人挖掘（精选联盟自主带过你同类品的潜力达人）；AI爆款内容拆解、脚本生成辅助种草内容策划。
达人库：1500万+全平台达人，小红书KOL/KOC库完善。




热度云




优势：抖音分销达人、团长资源极强，一键对接上千团长、抖客渠道，适合铺海量低价KOC；自动抓取达人联系方式，批量招募分销达人效率高。
短板：无小红书数据，达人数据依赖第三方，种草内容分析能力薄弱。


2. 全流程投放管理（寄样/签约/复盘/团队绩效）


蝉圈圈：完整达人CRM，样品物流追踪、线上合同托管、媒介BD绩效核算、多维度ROI报表（达人/商品/商务/样品）；操作UI简洁，功能路径短，迭代更新快，适合精细化品牌团队长期沉淀达人资产。
热度云：分销流程自动化更强，擅长大批量KOC铺货、佣金阶梯设置；智能随心推/千川自动追投、亏损自动关停（蝉圈圈无自动关停投放功能）；团长渠道协同是独家强项；但界面模块多，学习成本更高。


3. 投放数据&投流能力


蝉圈圈：抖音短视频/直播转化归因精准，可追踪种草带来搜索、店铺流量；不支持自动千川/随心推关停，仅基础投流数据查看；小红书种草数据完整追踪。
热度云：抖音投流自动化拉满，智能追投、亏损止损；数据更新30分钟级；仅支持抖音，跨平台种草无数据。


4. 价格体系（按月订阅，2026最新）


蝉圈圈：免费试用版→399元/月（基础）→1299元/月（专业，品牌主流）→3999元/月（大型企业），低门槛可按月买，中小品牌试错成本低。
热度云：7天免费体验，基础版约459元/月，企业版年费2.58w；整体年费高于蝉圈圈同等功能版本，更适合年分销GMV千万级带货品牌。


5. 短板汇总




蝉圈圈：无自动投流止损，团长分销渠道弱；快手/视频号数据深度不如抖音。


热度云：完全不支持小红书，纯带货无品牌种草功能；跨平台能力几乎为0；只能做佣金分销模式，不擅长高客单价KOL品牌单。




三、分场景直接给出选择结论


选【蝉圈圈】，如果你符合以下任意一条




抖音+小红书双渠道种草（美妆、护肤、家居、食品品牌最常见），需要统一管理双平台达人投放；


兼顾品牌曝光种草+直播带货，既有高价KOL商单，也有带货KOC；


中小品牌、预算有限，想按月付费试错，精细化管理少量优质达人，沉淀自有达人资源库；


重视内容策划，需要AI拆解爆款脚本、分析种草内容完播/互动数据；


不依赖团长渠道，以自有BD商务建联达人为主。





适配行业：美妆护肤、母婴、家居、轻奢、茶饮、新消费品牌（种草需求强）



选【热度云】，如果你符合以下任意一条




只做抖音分销带货，全部走佣金模式，不靠坑位费KOL，主打海量平价KOC铺量；


重度依赖团长、抖客渠道，需要一键对接分销团长矩阵，快速起店冲GMV；


投放团队需要全自动千川/随心推智能追投、亏损自动关停，减少人工盯盘；


年分销GMV千万以上，大批量铺达人矩阵，核心目标只有成交ROI，不在乎品牌种草曝光；


完全不布局小红书，所有营销动作集中抖音精选联盟。





适配行业：低价食品零食、日用百货、平价服饰、白牌抖店、工厂供应链商家



四、品牌落地实操建议




初创中小品牌（月投放5w内、兼顾小红书）：优先蝉圈圈专业版，低成本搭建标准化达人投放流程；


纯抖音白牌/工厂抖店、靠团长分销起量：直接热度云，自动化分销+智能投流大幅省人力；


大型全渠道品牌（抖音+小红书+快手）：蝉圈圈为主做种草，搭配热度云单独管理抖音分销团长业务；


试用建议：两款都申请7天免费试用，拿你同一款产品测试达人匹配精准度、报表是否匹配你们团队复盘需求，再最终付费。




19 个引用
推荐问题
 蝉圈圈和热度云的达人资源有重合吗？
 蝉圈圈和热度云的收费标准是怎样的？
 品牌做达人投放时，如何选择适合自己的投放平台？
引用来源
序号
	站点名称
	站点类型
	标题
	
文章负面词
	发布时间
1
	
deepnavi.cn
	
官网/独立站/行业垂直
	
蝉圈圈-抖音达人营销全流程管理工具
	
--
	
--


2
	
蝉圈圈
	
官网/独立站/行业垂直
	
达人合作投流总是一笔“糊涂账”?蝉圈圈帮你算清每一分钱!
	
--
	
2025-11-04


3
	
AI创作导航
	
官网/独立站/行业垂直
	
蝉圈圈 | 官网入口 - 电商达人营销管理系统
	
--
	
2025-09-21


4
	
蝉圈圈
	
官网/独立站/行业垂直
	
蝉圈圈 - 一站式多平台达人营销及种草解决方案
	
--
	
--


5
	
蝉圈圈
	
官网/独立站/行业垂直
	
蝉圈圈达人营销官网-抖音/小红书/多平台达人营销种草一站式管理
	
--
	
--


6
	
36氪企服点评
	
电商平台
	
蝉大师-蝉圈圈和CDP引擎哪个好-有什么区别-优缺点-36氪企服点评
	
--
	
--


7
	
热度云
	
官网/独立站/行业垂直
	
热度云-达人分销一站式解决方案
	
--
	
--


8
	
抖音开放平台
	
视频平台
	
热度云-达人分销全链路解决工具 - 抖音开放平台
	
--
	
--


9
	
新浪财经
	
门户/自媒体平台
	
达人分销sass工具「热度云」怎么样?_财经头条
	
--
	
2025-06-06


10
	
新浪财经
	
门户/自媒体平台
	
热度云vs飞瓜智星vs蝉圈圈:达人分销管理工具深度对比_财经头条
	
--
	
2025-08-21


11
	
CSDN博客
	
社区/论坛/博客
	
热度云3.0发布|重磅推出达人分销全方位业务辅助方案_热度商学院达人课程分享-CSDN博客
	
--
	
2026-07-02


12
	
抖音
	
视频平台
	
诺特兰德如何用热度云赋能成为行业标杆。诺特兰德如何用热度云赋能，成为行业标杆的 1️⃣智能找达人:多平台海量资源，Ai算法精准筛选匹配 2️⃣全流程管理:建联、寄样、交付全链路线上透明管理 3️⃣达人CRM:构建品牌专属资源库，沉淀合作数据资产 4️⃣效果监控:实施追踪短视频直播数据，智能爆单提醒 5️⃣数据诊断:多维度报表分析ROI，指导投放策略优化 6️⃣团队协作:支持多人协作，业绩归属智能判
	
--
	
2026-03-22


13
	
网易新闻客户端
	
门户/自媒体平台
	
蝉圈圈、飞瓜智星、热度云，应该怎么选?
	
--
	
2025-08-21


14
	
deepnavi.cn
	
官网/独立站/行业垂直
	
蝉妈妈 - 直播电商数据分析与内容运营工具
	
--
	
--


15
	
蝉圈圈
	
官网/独立站/行业垂直
	
蝉圈圈达人营销CRM插件:一键解锁高效达人筛选与管理新体验 - 蝉圈圈
	
--
	
2025-10-13


16
	
搜狐
	
门户/自媒体平台
	
蝉圈圈、小青苔、热度云、飞瓜智星、哈士奇、悟空达人营销工具_管理_合作_团队
	
--
	
2026-07-17


17
	
抖音
	
视频平台
	
达人分销工具对比｜第5期。本期内容深度对比业绩统计功能与智能投放功能，想了解其他内容的同行，可以点击头像在主页查看
	
--
	
2025-08-27


18
	
抖音
	
视频平台
	
达人分销工具怎么选❓。听听我这个三款工具都用过的商务怎么说吧，以上都是个人见解，仅供参考，欢迎同行友好交流。 #蝉圈圈 #热度云 #飞瓜智星 #达人分销 #达人分销工具
	
--
	
2025-08-25


19
	
蝉圈圈
	
官网/独立站/行业垂直
	
别再浪费样品!我敢说95%的品牌都不知道的达播降本增效玩法 - 蝉圈圈
	
--
	
2025-10-17",captured
150,730,阶段检查点，非最终 FULL,5FD1B74C891C7FCD1393F3731C55F917A6F0124ED0CFBCE5063FD190CA40ACF7,CQ-S-20260805-C2-Q0013,CQ-Q0013,蝉圈圈和热度云在达人分销管理上有什么功能差异?,核心池,对比决策问题,2026-08-05,core_round_2,C2,collected,"收起
 蝉圈圈和热度云在达人分销管理上有什么功能差异? 
豆包·网页
搜索关键词
蝉圈圈 热度云对比
蝉圈圈和热度云达人分销管理功能差异
蝉圈圈达人分销管理功能
热度云达人分销管理功能
蝉圈圈 vs 热度云｜达人分销管理功能差异



两者均为抖音为主的达人分销SaaS，覆盖达人筛选、CRM、样品履约、业绩统计、团队权限、爆单提醒基础能力；核心差异集中在数据源生态、投放能力、渠道资源、平台支持、团队管理细节，下面分模块对比。



一、底层数据源与达人挖掘


模块	蝉圈圈	热度云
数据底座	蝉妈妈原生数据深度打通，抖音达人标签、带货、历史投放数据颗粒度更高，可一键跳转蝉妈妈查达人详情	第三方数据源，抖音数据稳定；无独立外部数据分析工具跳转入口
找达人特色	自然出单达人：自动抓取精选联盟无媒介跟进、已经自主出单的达人；支持达人/商品/品牌多维度挖掘；白名单锁定达人防止内部抢资源、黑名单管理不靠谱达人	AI自动找达人，自动获取达人联系方式；线索公海流转；竞品达人挖掘；更偏向大批量KOC分销挖掘
达人标签	多层级自定义标签组，精细化分层运营达人资源库	基础标签，满足筛选，标签体系深度弱于蝉圈圈


二、支持平台范围


蝉圈圈：抖音、快手、小红书、视频号，完整支持小红书达人线索、寄样、效果追踪、绩效核算，多平台统一管理分销达人。
热度云：核心深耕抖音；早期版本不支持小红书，新版本虽可录入，但小红书数据追踪、绩效核算能力薄弱，主力业务聚焦抖音达人分销、团长渠道业务。


三、投放流量能力（关键差异）


热度云：支持千川/随心推智能投放、自动追投、亏损智能关停、高产复投；可以在系统内直接管理达人短视频/直播的付费放量，分销+付费投流一体化。
蝉圈圈：不能直接操作系统内随心推/千川智能关停，仅可查看外部投放回传数据；只做达人分销业务链路，不接管付费流量操作。


四、渠道生态（团长/抖客）


热度云：自带热度星选生态，一键对接1000+团长、抖客渠道；支持团长报名、样品协同；除自建BD达人，强于团长渠道分销业务，工具+渠道资源打包输出，配套分销商学院培训SOP。
蝉圈圈：重点服务品牌自建BD达人团队；团长渠道对接能力较弱，以达人种草分销为主，没有自带团长撮合渠道资源。


五、样品、交付监控与业绩绩效




交付监控：两者均支持14天交付周期监控，都不支持30天超长监控。


样品履约：都支持申样、物流追踪、退样、ERP对接；蝉圈圈样品排行榜，热度云侧重大批量样品批量管理。


绩效提成
蝉圈圈：提成规则高度灵活：固定提成、业绩分档阶梯提成、按商品设置提成；按角色隔离数据（媒介/主管/财务视角），员工可自查个人提成，适合内部复杂绩效考核体系。
热度云：支持业绩统计、目标管理，基础提成归属；阶梯提成配置灵活性弱于蝉圈圈，更适合标准化BD绩效考核。


数据看板
蝉圈圈：达人、商品、媒介、样品多类排行榜；UI路径简洁，适合媒介团队做复盘，侧重内部团队人效分析。
热度云：重点GMV、爆量告警，直播录屏监控，更偏向分销业务大盘监控。




六、适用业务场景总结



✅ 选蝉圈圈，如果：





需要做小红书+抖音跨平台达人分销种草；


品牌自建BD团队，需要精细内部权限，防达人抢单、复杂阶梯提成核算；


深度依赖蝉妈妈达人数据，深挖已经自然出单的联盟达人；


不需要在分销系统内操作随心推/千川智能关停。





✅ 选热度云，如果：





主力做抖音达人分销+团长/抖客渠道，需要自带渠道资源；


需要分销系统直接接管随心推/千川智能投放、自动关停；


大批量KOC蚂蚁军团分销，看重AI自动找达人、自动化建联；


需要配套分销业务培训、团长报名等生态服务。







补充：两者都属于SaaS年订阅工具，基础寄样、CRM、业绩统计均能覆盖，差异主要在附加生态与扩展能力。






如果你需要，我可以帮你整理一份简单选型打分表，直接对照自己业务勾选来决定。



18 个引用
推荐问题
 蝉圈圈和热度云在达人筛选功能上有什么差异？
 蝉圈圈和热度云在达人管理的团队权限方面有什么不同？
生成PPT：蝉圈圈和热度云达人分销管理功能差异对比
引用来源
序号
	站点名称
	站点类型
	标题
	
文章负面词
	发布时间
1
	
蝉圈圈
	
官网/独立站/行业垂直
	
蝉圈圈 - 一站式多平台达人营销及种草解决方案
	
--
	
--


2
	
抖音
	
视频平台
	
达人分销工具怎么选❓。听听我这个三款工具都用过的商务怎么说吧，以上都是个人见解，仅供参考，欢迎同行友好交流。 #蝉圈圈 #热度云 #飞瓜智星 #达人分销 #达人分销工具
	
--
	
2025-08-25


3
	
抖音
	
视频平台
	
达人分销工具对比｜第5期。本期内容深度对比业绩统计功能与智能投放功能，想了解其他内容的同行，可以点击头像在主页查看
	
--
	
2025-08-27


4
	
新浪财经
	
门户/自媒体平台
	
热度云vs飞瓜智星vs蝉圈圈:达人分销管理工具深度对比_财经头条
	
--
	
2025-08-21


5
	
网易新闻客户端
	
门户/自媒体平台
	
蝉圈圈、飞瓜智星、热度云，应该怎么选?
	
--
	
2025-08-21


6
	
抖音
	
视频平台
	
达人分销工具对比｜第4期。本期内容深度对比商品管理功能与样品管理功能，想了解其他内容的同行，可以看看我的主页 #飞瓜智星 #热度云 #蝉圈圈 #达人分销工具 #达人分销
	
--
	
2025-08-26


7
	
CSDN博客
	
社区/论坛/博客
	
热度云3.0发布|重磅推出达人分销全方位业务辅助方案_热度商学院达人课程分享-CSDN博客
	
--
	
2026-07-02


8
	
蝉圈圈
	
官网/独立站/行业垂直
	
这届达人营销商务的破防瞬间!蝉圈圈搞定达人截胡 / 踩坑 / 低效筛选
	
--
	
2025-11-26


9
	
蝉圈圈
	
官网/独立站/行业垂直
	
达播负责人每日必看数据看板，多维度掌握业务进度!
	
--
	
2025-10-30


10
	
蝉圈圈
	
官网/独立站/行业垂直
	
一站式达人分销管理解决方案，破解营销管理难题 - 蝉圈圈
	
--
	
2025-09-23


11
	
搜狐
	
门户/自媒体平台
	
蝉圈圈、小青苔、热度云、飞瓜智星、哈士奇、悟空达人营销工具_管理_合作_团队
	
--
	
2026-07-17


12
	
deepnavi.cn
	
官网/独立站/行业垂直
	
蝉圈圈-抖音达人营销全流程管理工具
	
--
	
--


13
	
蝉圈圈
	
官网/独立站/行业垂直
	
蝉圈圈:告别提成心累，绩效管理自动化神器，助力达人营销高效增长!
	
--
	
2025-11-20


14
	
热度云
	
官网/独立站/行业垂直
	
热度云-达人分销一站式解决方案
	
--
	
--


15
	
抖音
	
视频平台
	
热度云全链路管理系统助力品牌高效达人分销
	
--
	
2025-09-16


16
	
抖音
	
视频平台
	
诺特兰德如何用热度云赋能成为行业标杆。诺特兰德如何用热度云赋能，成为行业标杆的 1️⃣智能找达人:多平台海量资源，Ai算法精准筛选匹配 2️⃣全流程管理:建联、寄样、交付全链路线上透明管理 3️⃣达人
	
--
	
2026-03-22


17
	
CSDN博客
	
社区/论坛/博客
	
「超盘云」品牌全新升级为「热度云」，热度星选完成A2轮融资-CSDN博客
	
--
	
2026-07-08


18
	
抖音开放平台
	
视频平台
	
热度云-达人分销全链路解决工具 - 抖音开放平台
	
--
	
--",captured
150,730,阶段检查点，非最终 FULL,5FD1B74C891C7FCD1393F3731C55F917A6F0124ED0CFBCE5063FD190CA40ACF7,CQ-S-20260805-C2-Q0014,CQ-Q0014,"蝉圈圈和蝉妈妈有什么区别,分别适合什么场景?",核心池,对比决策问题,2026-08-05,core_round_2,C2,collected,"收起
 蝉圈圈和蝉妈妈有什么区别,分别适合什么场景? 
豆包·网页
搜索关键词
蝉圈圈和蝉妈妈区别以及适用场景
蝉圈圈介绍 功能
蝉妈妈介绍 功能
蝉圈圈 vs 蝉妈妈 完整区别+适用场景



一句话核心定位：蝉妈妈=电商大数据查询&运营决策工具；蝉圈圈=达人投放全流程CRM商务管理系统（蝉妈妈旗下子产品）



一、核心区别对照表


对比维度	蝉妈妈	蝉圈圈
核心定位	抖音电商综合数据分析平台、运营决策工具	多平台达人营销CRM、达人商务全流程管理SaaS工具
主攻方向	查数据、选爆品、分析直播/短视频、监控竞品、AI做脚本	找达人、建联BD、寄样管理、投放跟进、投放ROI统计、商务绩效考核
覆盖平台	主打抖音，附带小红书、快手数据分析	抖音+小红书+快手+视频号全平台达人投放管理，种草能力更强
主要功能	爆款榜单、商品趋势、直播复盘、短视频素材库、竞品监控、账号数据分析、AI脚本、千川素材分析	AI智能匹配达人、达人公海池、样品登记、合作进度跟进、带货GMV回流监测、商务BD提成核算、种草搜索数据监测、任务招募系统
用户属性	单人运营、投手、短视频编导、主播、小店运营	品牌媒介团队、达人BD、MCN机构、多达人投放商家


二、蝉妈妈：适合什么场景



蝉妈妈本质是电商数据侦察兵，偏向事前调研、日常运营数据分析，适合下面人群：





抖音小店个体户、新手商家
查找类目爆款、对标同行热销商品，看品类流量趋势，选品起号。


直播运营、千川投手
拆解竞品直播间、查看直播流量结构、下载爆款短视频素材、监测对手投流素材。


短视频编导、账号博主、MCN达人
拆解同行爆款脚本、查询账号粉丝画像、分析视频流量波动、寻找热门选题。


竞品调研
长期监控竞品达人矩阵、定价策略、短视频种草节奏、直播排期。







简单总结：你要查数据、找爆款、分析账号、研究对手 → 用蝉妈妈





三、蝉圈圈：适合什么场景



蝉圈圈是达人投放的办公管理系统，专门解决大量达人合作带来的商务管理痛点，适配场景：





品牌大批量投放KOL/KOC种草
同时管理几十～上千位达人，抖音带货+小红书种草、多平台统一管控达人资源池。


拥有多名商务BD的团队
分配达人线索、跟进建联进度、管理样品寄送、自动核算每个媒介的达人投放业绩和提成，告别Excel表格统计。


新品上市、节日营销、测评种草
快速发布达人招募任务、AI自动匹配垂类达人，追踪达人短视频带来的商品搜索量、GMV转化，评估种草ROI。


MCN机构、达人分销商家
管理旗下合作达人、复盘每一条达人视频的带货数据，沉淀优质达人资源库。







简单总结：你要对接、管理、追踪、结算一大堆合作达人 → 用蝉圈圈





四、最简选购指南




个人卖家、单人运营、只做直播短视频、很少找外人达人带货 → 只开通蝉妈妈就够用


需要外包达人、大量KOC种草、有商务团队、多平台投放达人 → 蝉妈妈+蝉圈圈搭配使用：蝉妈妈筛选潜力达人，蝉圈圈承接后续全部达人管理、投放复盘、绩效考核





需要我整理一份两款工具入门版、企业版的功能差异吗？



15 个引用
推荐问题
 蝉妈妈和蝉圈圈的数据准确性如何？
 蝉妈妈和蝉圈圈的用户口碑怎么样？
 蝉妈妈和蝉圈圈的收费标准是怎样的？
引用来源
序号
	站点名称
	站点类型
	标题
	
文章负面词
	发布时间
1
	
蝉圈圈
	
官网/独立站/行业垂直
	
蝉圈圈 - 一站式多平台达人营销及种草解决方案
	
--
	
--


2
	
网易新闻客户端
	
门户/自媒体平台
	
2026年数据AI方案怎么选?厦门蝉羽网络科技的实操参考
	
--
	
2026-08-05


3
	
抖音
	
视频平台
	
电商流量红利的逐渐衰退，在当下长期主义商家都要布局达人分销 #蝉圈圈 #达人分销达哥 #云图语喧 #蝉妈妈 #兴趣电商
	
--
	
2025-07-02


4
	
蝉大师
	
官网/独立站/行业垂直
	
蝉大师 - 为社会赋能数字营销能力
	
--
	
--


5
	
蝉圈圈
	
官网/独立站/行业垂直
	
蝉圈圈—经营你的达人圈，达人合作管理、品效合一全流程管理工具
	
--
	
--


6
	
抖音
	
视频平台
	
蝉圈圈：品牌商务BD高效管理达人全流程工具
	
--
	
2025-08-06


7
	
抖音
	
视频平台
	
做商务一定要学会找达人❗️。蝉圈圈、飞瓜智星、热度云的找达人功能，各有千秋 #蝉圈圈 #热度云 #飞瓜智星 #找达人带货 #找达人合作技巧
	
--
	
2025-08-25


8
	
deepnavi.cn
	
官网/独立站/行业垂直
	
蝉圈圈-抖音达人营销全流程管理工具
	
--
	
--


9
	
蝉圈圈
	
官网/独立站/行业垂直
	
达人种草全攻略:穿透数据迷雾，精准投放与长效运营方法论 - 蝉圈圈
	
--
	
2025-10-24


10
	
deepnavi.cn
	
官网/独立站/行业垂直
	
蝉妈妈 - 直播电商数据分析与内容运营工具
	
--
	
--


11
	
抖音百科
	
官网/独立站/行业垂直
	
蝉妈妈[厦门蝉羽网络科技有限公司旗下产品]_百科
	
--
	
--


12
	
抖音
	
视频平台
	
蝉妈妈会员功能解析与限时特惠价
	
--
	
2025-12-02


13
	
抖音
	
视频平台
	
蝉妈妈有啥用？蝉妈妈有用吗？。蝉妈妈功能介绍，蝉妈妈的作用大吗？蝉妈妈多少钱一个月？蝉妈妈是什么平台？蝉妈妈会员去哪里买比较好？#蝉妈妈数据 #蝉妈妈怎么使用 #蝉妈妈有哪些功能 #蝉妈妈是做什么的
	
--
	
2026-05-06


14
	
蝉妈妈AI助手
	
官网/独立站/行业垂直
	
蝉妈妈AI
	
--
	
--


15
	
App Store
	
官网/独立站/行业垂直
	
‎蝉妈妈-直播短视频电商AI数据分析 App - App Store
	
--
	
--",captured
150,730,阶段检查点，非最终 FULL,5FD1B74C891C7FCD1393F3731C55F917A6F0124ED0CFBCE5063FD190CA40ACF7,CQ-S-20260805-C2-Q0015,CQ-Q0015,蝉圈圈的达人CRM和普通CRM有什么区别?,核心池,对比决策问题,2026-08-05,core_round_2,C2,collected,"收起
 蝉圈圈的达人CRM和普通CRM有什么区别? 
豆包·网页
搜索关键词
蝉圈圈达人CRM和普通CRM区别
蝉圈圈达人CRM功能介绍
普通CRM和达人CRM差异
蝉圈圈达人CRM vs 普通CRM



普通CRM（通用客户CRM）核心逻辑：管理B/C端采购客户，线索‑商机‑签单‑回款，以销售成交为目标。

蝉圈圈达人CRM是垂直于KOL/KOC达人营销场景，核心逻辑：达人‑建联‑寄样‑内容履约‑带货ROI复盘，管理合作资源而非采购客户。



1、底层对象与业务流程不同


普通CRM


管理对象：经销商、采购客户、个人消费者，是向你付费的客户
标准流程：线索→跟进→报价→签合同→收款→售后
核心关注：销售额、回款、客户复购、客户应收款


蝉圈圈达人CRM


管理对象：抖音/小红书/快手/视频号达人，是你的合作方，不一定向你付费，很多是你付稿费/寄样品给对方
标准达人营销流程：筛选达人→建联邀约→确认合作→寄样→脚本审核→发布/开播→数据回采→结算、复盘复投
核心关注：报价、档期、样品、内容交付、GMV、佣金、ROI、达人复投率





普通CRM没有寄样、脚本审核、直播排期、内容交付这些原生流程，需要大量自定义搭建，容易漏节点。





2、达人数据能力（最大差异）


普通CRM



客户档案字段是：公司、联系人、电话、地址、成交金额；没有平台达人原生数据，需要全部手动录入。



蝉圈圈达人CRM




直接打通多平台达人底层数据：粉丝、互动率、历史带货、品类适配、报价、坑位费，浏览器插件一键把达人直接入库，不用手动抄数据。


自动抓取合作后短视频、直播间真实GMV、销量、播放，不用导出表格二次粘贴。


内置达人公海、白名单（锁定核心达人防内部撞单）、黑名单（全团队同步避雷）、达人分层标签体系。




3、专属业务模块（普通CRM几乎没有）


模块	蝉圈圈达人CRM	普通通用CRM
样品管理	完整寄样流程：申请‑出库‑物流跟踪‑签收提醒‑样品转化率统计，寄样节点自动提醒	无原生模块，只能自定义字段记录，无法关联物流、产出效果
内容履约	脚本提醒、开播/发稿监控、交付校验、爆单预警、直播录屏切片分析	完全没有，只能写跟进备注
达人团队协作	防撞单、公海流转、BD绩效按达人GMV/建联转化率统计	面向销售客户线索分配，绩效看销售业绩，不匹配达人BD考核
AI达人营销	AI邀约话术、智能达人推荐、ROI看板、货盘分析	通用AI写跟进话术，不懂达人投放场景


4、数据复盘视角


普通CRM：看客户贡献多少营收、回款情况；
蝉圈圈达人CRM：看寄样多少个、多少达人交付内容、带来多少GMV、坑位费+佣金成本、ROI、哪些达人值得复投、哪些品类货盘跑的差。


5、什么时候怎么选




如果你做达人投放、达播、种草、大量BD对接KOL/KOC：普通CRM即使高度自定义，也很难替代蝉圈圈这类达人CRM，大量平台数据、寄样履约要自己搭，维护成本高。


如果你主要管理经销商、采购客户、卖货给B端客户：用普通CRM；达人仅少量，可导入普通CRM简单记录。




简单总结一句话



普通CRM是管买你货的客户；蝉圈圈达人CRM是管帮你卖货的达人合作全链路，自带多平台达人数据+寄样、内容履约、带货效果闭环。




如果你需要，我可以帮你整理一份蝉圈圈上手避坑要点。



15 个引用
引用来源
序号
	站点名称
	站点类型
	标题
	
文章负面词
	发布时间
1
	
蝉圈圈
	
官网/独立站/行业垂直
	
蝉圈圈达人营销CRM插件:一键解锁高效达人筛选与管理新体验 - 蝉圈圈
	
--
	
2025-10-13


2
	
腾讯网
	
门户/自媒体平台
	
录屏切片神器，品牌商家与达人合作的FBI!_腾讯新闻
	
--
	
2023-10-09


3
	
蝉圈圈
	
官网/独立站/行业垂直
	
蝉圈圈—经营你的达人圈，达人合作管理、品效合一全流程管理工具
	
--
	
--


4
	
抖音
	
视频平台
	
运营怎么查抖音达人涨粉带货数据？#达人带货数据 #达人带货榜 #蝉妈妈 #蝉妈妈查数据
	
--
	
2026-07-06


5
	
蝉圈圈
	
官网/独立站/行业垂直
	
这届达人营销商务的破防瞬间!蝉圈圈搞定达人截胡 / 踩坑 / 低效筛选
	
--
	
2025-11-26


6
	
蝉圈圈
	
官网/独立站/行业垂直
	
达播负责人每日必看数据看板，多维度掌握业务进度!
	
--
	
2025-10-30


7
	
抖音
	
视频平台
	
蝉圈圈平台助力企业高效管理达人合作全流程
	
--
	
2022-11-08


8
	
deepnavi.cn
	
官网/独立站/行业垂直
	
蝉圈圈-抖音达人营销全流程管理工具
	
--
	
--


9
	
AI创作导航
	
官网/独立站/行业垂直
	
蝉圈圈 | 官网入口 - 电商达人营销管理系统
	
--
	
2025-09-21


10
	
搜狐
	
门户/自媒体平台
	
什么是达人CRM?达人管理、跟进与样品寄送全解析_合作_简仑_建联
	
--
	
2026-07-15


11
	
allymatic
	
官网/独立站/行业垂直
	
TikTok creator CRM
	
--
	
--


12
	
伙伴云
	
官网/独立站/行业垂直
	
达人CRM系统:从‘管理人’到‘赋能人’的范式革命-伙伴云
	
--
	
2025-11-11


13
	
CSDN博客
	
社区/论坛/博客
	
达人管理系统(CRM)原型图_crm原型rp-CSDN博客
	
--
	
2026-05-23


14
	
搜狐
	
门户/自媒体平台
	
达人管理系统:MCN 机构一站式管控达人商单、寄样、对账全流程解决方案_样品_运营_企业化
	
--
	
2026-06-27


15
	
mochends.com
	
官网/独立站/行业垂直
	
直播达人客户管理数字化方案:墨尘系统如何提升复购率 - 深圳墨尘贸易有限公司
	
--
	
2026-04-26",captured
150,730,阶段检查点，非最终 FULL,5FD1B74C891C7FCD1393F3731C55F917A6F0124ED0CFBCE5063FD190CA40ACF7,CQ-S-20260805-C2-Q0016,CQ-Q0016,"达人CRM管理系统怎么选,适合品牌团队的标准是什么?",核心池,对比决策问题,2026-08-05,core_round_2,C2,collected,"收起
 达人CRM管理系统怎么选,适合品牌团队的标准是什么? 
豆包·网页
搜索关键词
品牌团队如何选择达人CRM管理系统 选型标准
主流达人CRM管理系统对比 品牌端
达人CRM系统核心功能模块 品牌方需求
品牌团队选型达人CRM全指南：选型标准+挑选步骤+场景化选型方案



达人CRM核心价值：把零散达人资源、建联沟通、寄样履约、投放数据、结算复盘全链路线上标准化，告别Excel、微信碎片化管理，沉淀品牌自有达人资产，量化投放ROI。品牌选型核心围绕业务适配、全流程闭环、数据真实、团队协作、可落地成本、长期扩展性六大维度判断。



一、品牌选用达人CRM的基础判定：你到底需不需要？




无需专业CRM：月活跃合作达人＜20位、单次小批量种草、简单寄样合作，规范Excel表格即可支撑；


必须上专业达人CRM：月对接50+达人、常态化大规模KOC铺量、多平台同步投放、需要精准ROI核算、多人协作运营、自有达人资源需要长期精细化维护。




二、品牌选型硬性核心评判标准（优先级从高到低）


标准1：达人数据库与精准筛选能力（选型地基）


必备考核点




覆盖平台匹配自身业务
深耕抖音：优先蝉圈圈、蝉妈妈体系；
全平台（抖音+小红书+快手+视频号）：飞瓜智星综合数据覆盖最优；
跨境TikTok/海外网红：GRIN、Upfluence、Modash海外专业达人CRM。


筛选维度必须贴合品牌投放需求
基础：粉丝量级、类目赛道、报价区间、报价形式（一口价/佣金置换/寄样）；
进阶：粉丝画像（年龄、地域、消费力）、历史带货GMV、互动率、评论质量、异常刷量风控打假、竞品同款合作达人抓取、主动种草同类产品达人识别。


支持自建品牌私有达人池
可批量导入历史合作达人、自有私域达人、MCN签约达人，自定义标签（优质复投/履约差/高转化/性价比达人），防止达人资源跟着运营离职流失，把达人变成企业资产。




标准2：全链路合作流程闭环（品牌运营最刚需）



完整覆盖建联洽谈→寄样管理→合同履约→内容审片→上线监测→结算付款→二次复投全节点线上化：





建联沟通管理
统一记录洽谈记录、跟进节点、历史报价、合作意向，设置自动跟进提醒，避免多人重复打扰同一位达人；支持标准化邀约话术模板、批量私信触达、洽谈状态可视化（待建联/洽谈中/已敲定合作/终止）。


样品精细化管控（电商品牌重中之重）
寄样审批流、一键下单发货、物流实时追踪、达人签收确认；
签收超时未出稿自动预警、无效寄样标记、样品成本核算；
对接品牌ERP/仓库库存，避免超量寄样、库存错乱，统计单份样品带来的GMV转化，降低无效寄样率。


项目履约线上管控
脚本提报审核、成片验收、排期锁定、超时未发布预警；自动抓取达人已发布笔记/直播链接，自动留存内容，防止达人删稿无凭证；支持UGC版权确权、广告白名单投流授权流程线上审批。


结算与对账一体化
按合同自动核算费用（固定服务费+佣金+阶梯奖励）、对账单据留存、发票归档、佣金自动对账，对接企业财务流程，减少人工对账差错。




标准3：数据归因与ROI核算能力（品牌投放核心诉求）




数据来源真实性
优先对接官方接口数据，拒绝纯第三方爬虫数据；区分自然流量、付费投流流量，识别刷赞刷量虚假达人，给出达人健康度评分。


三种核心归因模式必须支持
专属优惠券码、专属分销链接追踪下单；
小店订单、商城订单数据打通，直接绑定达人带来GMV；
曝光、互动、进店、加购、成交全链路数据看板，自动计算单达人ROI、投产比、千次曝光成本。


自动化报表输出
单场活动汇总报表、达人分级榜单（高投产/高性价比/低效淘汰）、月度投放复盘，无需运营手动导出多份表格拼接数据；支持EMV媒体等效价值、品牌声量统计、未@品牌的自发种草监测抓取。




标准4：团队权限协同与组织适配（多人协作必备）




分级角色权限管控
运营专员、组长、财务、管理层差异化权限：运营只能跟进达人；组长审批寄样与排期；财务仅可见对账结算数据；老板查看整体投放大盘，杜绝数据泄露、误操作。


协作留痕
达人档案内部批注、跟进记录全员可见、任务指派、逾期SLA提醒，新人接手可快速看懂历史合作情况，降低人员交接成本。


对接企业内部工具
可对接企业微信、钉钉、OA审批、电商后台（抖音小店、小红书商城、自有商城）、ERP库存、财务系统，数据互通不用来回切换软件。




标准5：风控合规与售后保障




达人风控：历史违规记录排查（广告法违规、虚假宣传、账号限流风险）；


合约存证：电子签约嵌入系统，合作协议线上签署归档；


广告合规校验：文案基础合规风险提示，规避极限词、虚假宣传；


数据安全：品牌自有达人数据独立隔离，不对外共享；具备基础数据备份、权限日志追溯。




标准6：成本定价与落地服务（拒绝盲目高价）




计费模式区分
按账号席位：适合小团队，按需增购运营账号；
按达人量级/活动套餐：适合规模化铺量；
年费定制版：中大型品牌全功能私有化部署。


看清总拥有成本
不止软件年费，还要确认：是否收取数据服务费、寄样对接服务费、定制开发费；免费配套服务：1v1实施培训、流程搭建、客服响应时效、版本免费迭代。


避坑点
低价轻量化工具往往缺少寄样、财务对账、数据归因模块；高价海外系统本土化适配差，国内平台数据延迟高、对接麻烦。




标准7：扩展性与长期迭代能力




低代码自定义搭建：可新增品牌专属字段、定制审批流程、自定义报表；


API开放接口：后续可对接自研系统、新电商渠道；


持续更新：紧跟平台规则变动（抖音、小红书算法、投放规则更新），数据接口持续维护。




三、国内主流达人CRM适配品牌场景对比


工具	优势	短板	适配品牌类型
飞瓜智星	抖音/小红书/快手/视频号四平台数据均衡，数据稳定，上手简单，全流程寄样履约完善	重度定制化开发有限	全平台布局的中腰部品牌、多运营团队协同、综合性价比首选
蝉圈圈	抖音数据极致精细，竞品达人抓取、直播带货GMV追踪极强	小红书、快手数据偏弱	深耕抖音直播带货、抖音短视频种草为主的品牌
热度云	流程精细化程度高，权限体系完善	价格偏高，部分功能上手复杂度高	大型品牌精细化品控、规范内控流程、总部多分支机构管理
海外GRIN/Upfluence	海外社媒全覆盖、跨境店铺深度打通	国内平台适配差、价格高昂、本地化服务弱	出海DTC品牌、TikTok/Ins海外网红投放


四、品牌落地选型五步实操流程


第一步：梳理自身核心痛点（找准选型优先级）




痛点1：找人慢→优先达人智能筛选+竞品达人挖掘；


痛点2：寄样混乱、成本失控→优先样品全链路管理；


痛点3：对账麻烦、算不清ROI→优先订单归因+财务结算模块；


痛点4：运营人多、交接混乱→优先权限协同、全流程留痕。




第二步：划定预算与团队规模


小团队（1-3人运营，年投放50万以内）：标准版年费1-2万级轻量化CRM；
中型团队（3-8人，年投放50-300万）：全功能企业版，2-5万/年；
大型品牌（10人以上，年投放300万+）：定制私有化部署、专属客户成功经理。


第三步：邀约厂商演示+实测验证



现场实测3个核心场景：





导入自家历史达人，标签分类是否顺畅；


模拟一次完整寄样-建联-排期-数据复盘全流程；


对接自家小店测试订单归因是否精准。




第四步：小范围试用落地



选定后先用1-2个小型种草活动跑通全流程，验证人效提升、数据准确性，再全团队规模化上线，同步搭建品牌标准化运营SOP。



第五步：固化达人运营体系



依托系统制定达人分级体系：S级长期深度合作、A级常规复投、B级寄样测试、C级淘汰清库，持续优化投放结构。



五、避坑常见误区




只看达人库数量，不看数据质量：百万级劣质达人库没有意义，重点看同赛道精准达人质量与数据真实性；


把通用销售CRM当达人CRM用：缺少寄样、内容监测、带货归因等专属场景，改造工作量极大，治标不治本；


一味追求全功能堆砌：团队用不上的复杂功能只会增加学习成本，匹配自身当下业务阶段最重要；


忽视落地服务：再好的系统没有运营流程搭建指导，依旧会回到低效人工操作。




六、极简选型总结




多平台均衡投放→飞瓜智星；


死磕抖音直播带货→蝉圈圈；


大型集团强内控流程→热度云；


出海跨境海外网红→GRIN、Upfluence；


选型第一原则：解决团队当前最大运营痛点，数据能闭环算清ROI，适配现有团队工作模式。





需要我结合你的主营平台（抖音/小红书）、团队人数、年度达人投放预算，给你定制1套精准选型方案和谈判询价要点吗？



14 个引用
引用来源
序号
	站点名称
	站点类型
	标题
	
文章负面词
	发布时间
1
	
Influencer Hero
	
官网/独立站/行业垂直
	
Top 13 Influencer CRM Software for Managing Creator Relationships
	
--
	
2026-04-30


2
	
新浪财经
	
门户/自媒体平台
	
热度云vs飞瓜智星vs蝉圈圈:达人分销管理工具深度对比_财经头条
	
--
	
2025-08-21


3
	
Creator Hero
	
官网/独立站/行业垂直
	
Best Influencer CRM for Shopify Brands
	
--
	
2026-06-24


4
	
mochends.com
	
官网/独立站/行业垂直
	
直播达人客户管理系统的选型要点与实施路径 - 深圳墨尘贸易有限公司
	
--
	
2026-04-29


5
	
搜狐
	
门户/自媒体平台
	
怎么选择客户管理CRM系统?从需求梳理到落地验证指南_销售_评估_选型
	
--
	
2026-07-08


6
	
Archive
	
官网/独立站/行业垂直
	
Best Influencer CRM Software in 2026: Manage Creator Relationships at Scale
	
--
	
2026-07-13


7
	
搜狐
	
门户/自媒体平台
	
什么是达人CRM?达人管理、跟进与样品寄送全解析_合作_简仑_建联
	
--
	
2026-07-15


8
	
搜狐
	
门户/自媒体平台
	
达人管理系统:中小团队如何大幅降低达人投放人力内耗_运营_核心_资源
	
--
	
2026-07-22


9
	
AI创作导航
	
官网/独立站/行业垂直
	
蝉圈圈 | 官网入口 - 电商达人营销管理系统
	
--
	
2025-09-21


10
	
mochends.com
	
官网/独立站/行业垂直
	
墨尘直播达人客户管理系统核心模块与特色功能解析 - 深圳墨尘贸易有限公司
	
--
	
2026-04-25


11
	
allymatic
	
官网/独立站/行业垂直
	
TikTok creator CRM
	
--
	
--


12
	
Heepsy
	
官网/独立站/行业垂直
	
Top 20 Influencer Marketing Tools for Brands and marketing agencies (2025)
	
--
	
--


13
	
Dash Social
	
官网/独立站/行业垂直
	
Top 14 Creator Management Platforms
	
--
	
--


14
	
Archive
	
官网/独立站/行业垂直
	
8 Best Influencer Marketing Software Platforms for DTC Brands in 2026
	
--
	
2026-06-30",captured
150,730,阶段检查点，非最终 FULL,5FD1B74C891C7FCD1393F3731C55F917A6F0124ED0CFBCE5063FD190CA40ACF7,CQ-S-20260805-C2-Q0017,CQ-Q0017,达人分销系统怎么选?,核心池,对比决策问题,2026-08-05,core_round_2,C2,collected,"收起
 达人分销系统怎么选? 
豆包·网页
搜索关键词
达人分销系统核心功能对比
达人分销系统主流产品 优缺点
达人分销系统怎么选
达人分销系统选型注意事项 坑点
达人分销系统选型完整指南



达人分销系统分两类：①短视频平台达人营销SaaS（抖音/快手/小红书达人建联、寄样、追踪、佣金管理，如蝉圈圈、飞瓜智星、热度云）；②私域/商城达人分销系统（自有商城、小程序，招募达人/KOC做分销卖货，如微盟、星耀裂变等）。选型不要只看功能多，优先匹配你的平台、业务规模、预算。



一、先明确自身条件（选型前提）




主战场是哪个平台




只做抖音：优先蝉圈圈、热度云、飞瓜智星
抖音+快手+小红书+视频号多平台：优先飞瓜智星（跨平台数据更强）
私域/小程序商城、视频号小店：选商城类分销SaaS（微盟、星耀裂变、小裂变）
TikTok跨境：选Allymatic阿力等出海达人系统




业务角色




品牌商家：需要达人挖掘、寄样管理、自动算佣金、订单归因、ROI复盘
MCN机构：多品牌隔离、达人池管理、多账号权限、数据汇总
中小商家/初创：优先轻量化、上手简单，不要上太重的复杂系统




预算




中小商家：几千/年SaaS，优先试用版
中大型品牌：1‑3万/年，看重服务、数据精度、多账号隔离
定制开发：几十万起，适合业务体量巨大，一般不建议初创直接定制


二、必须要核对的核心功能清单


1）达人全流程管理（核心）


达人库筛选：粉丝、类目、转化、退货率、履约标签；可挖掘已出单的自然达人
达人CRM：建联记录、合作状态、黑名单、S/A/B/C分层管理
样品管理：寄样、签收、退回、样品履约监控（防样品白嫖）
达人自助后台：达人查看佣金、推广素材、提现入口


2）佣金与结算（最不能出错）


支持按商品、类目、达人等级设置不同佣金比例；支持阶梯佣金
订单归因准确：短视频、直播链接、专属码追踪，区分有效订单、退款扣佣金
自动扣退款佣金，支持预结算、导出对账报表；明确结算周期





避坑：拒绝模糊分佣，一定要测试退款后佣金是否自动回滚





3）数据&效果追踪


作品监控：短视频/直播挂链、播放、点击、成交、GMV、ROI、退货率
交付监控：达人是否按时发布内容（不同系统监控时长不同：飞瓜30天，蝉圈圈/热度云14天）
多店铺/多品牌隔离：多品牌商家必备，数据互不干扰
数据更新时效：是T+0实时，还是T+1延迟，大促场景对实时性要求高


4）素材与运营工具



素材库统一分发（海报、短视频、文案）、推广链接/专属券码生成、达人招募、活动激励。



5）稳定性与合规


系统稳定性：大促不卡顿、不漏单，可用性≥99.9%
分销层级合规：国内微信生态只允许二级分销，禁止三级及以上分佣，规避传销风险
资金安全：不碰你的资金，佣金要么走平台官方结算，要么自己对公结算；警惕隐形服务费、加盟费、抽成陷阱


三、主流工具简单对比


抖音生态达人营销SaaS（做精选联盟达人分销）


系统	优势	短板	适合对象
蝉圈圈	抖音数据标签细，分析深度强	快手/小红书弱，交付监控仅14天	专注抖音的品牌商家
热度云	抖音成熟，全套达人流程	跨平台偏弱，部分高级功能加价	深耕抖音中小品牌
飞瓜智星	跨平台数据最全，上手简单，30天超长交付监控，支持随心推	价格略高	多平台布局，团队人手少的品牌


私域/小程序商城达人分销（自有商城、视频号小店）


微盟推客管家：全域联动，抖音+视频号+私域，适合中大型品牌，价格高1W+
星耀裂变/小裂变：微信生态强，推客/达人招募、战队激励，适合私域、视频号小店商家





提示：如果你是抖音小店商家，也可以先用平台自带的精选联盟免费能力，业务跑起来后再上第三方SaaS做精细化管理。





四、选型避坑重点




不要被免费迷惑：很多免费版会高额抽佣，后期成本远高于年费SaaS；看清合同抽佣、服务费、版本限制。


亲自试用，不要只看销售演示：重点测试三件事：
①退款后佣金计算是否正确；②达人样品履约流程；③数据更新是否及时。


问清楚数据来源：第三方SaaS的数据是API直连平台，还是爬虫；爬虫数据容易不准、不稳定。


问迁移成本：后期换系统，达人数据、历史订单、佣金记录是否可以导出。


拒绝过度定制：中小商家优先成熟SaaS；定制开发成本高，迭代慢，坑多。




五、快速决策步骤




确定你的业务主战场（抖音？多平台？私域小程序？）


圈定2‑3个候选系统，注册试用


重点测：佣金退款逻辑、样品管理、数据准确度


对比版本价格，确认有无隐形收费、售后响应时效


小流量跑1‑2个月，确认稳定后再全量使用





如果你告诉我：你的平台（抖音/视频号/私域）、店铺类型、月单量、预算，我可以帮你直接缩小到1‑2个最合适的系统版本。



19 个引用
推荐问题
 飞瓜智星适合哪些类型的商家？
 蝉圈圈的收费标准是怎样的？
 微盟的达人分销系统有哪些优势？
引用来源
序号
	站点名称
	站点类型
	标题
	
文章负面词
	发布时间
1
	
新浪财经
	
门户/自媒体平台
	
热度云vs飞瓜智星vs蝉圈圈:达人分销管理工具深度对比_财经头条
	
--
	
2025-08-21


2
	
搜狐
	
门户/自媒体平台
	
2026推客系统全景盘点:6大主流工具测评+功能选型终极指南!_分销_微信
	
--
	
2026-03-09


3
	
抖音
	
视频平台
	
达人分销工具对比｜第5期。本期内容深度对比业绩统计功能与智能投放功能，想了解其他内容的同行，可以点击头像在主页查看
	
--
	
2025-08-27


4
	
抖音
	
视频平台
	
达人分销工具对比｜第6期。本期内容深度对比品牌管理功能与品牌隔离功能，想了解更多其他内容的同行，可以看看我的主页 #蝉圈圈 #蝉圈圈多少钱 #热度云 #飞瓜智星 #达人分销
	
--
	
2025-08-27


5
	
allymatic
	
官网/独立站/行业垂直
	
allymatic阿力 | TikTok达人营销、达人分销与达人建联系统
	
--
	
--


6
	
分润宝
	
官网/独立站/行业垂直
	
2025最新分销小程序系统推荐:哪种模式适合你?-分润宝
	
--
	
2025-06-14


7
	
搜狐
	
门户/自媒体平台
	
2026推客分销系统实测测评:功能、品牌、价格全解析，商家选型不踩坑_推广_核心_支持
	
--
	
2026-04-29


8
	
CreatorCommerce
	
官网/独立站/行业垂直
	
GoAffPro vs. UpPromote vs. Social Snowball: Which Shopify Affiliate App Is Right for Your Brand?
	
--
	
2026-04-02


9
	
手机新浪网
	
门户/自媒体平台
	
达人分销sass工具「热度云」怎么样?|达人|热度_新浪新闻
	
--
	
2025-06-06


10
	
稀土掘金
	
社区/论坛/博客
	
2026 好用推客带货工具盘点|商家达人必备2026 好用推客带货工具盘点|商家达人必备 到了 2026 年，微信生态里 - 掘金
	
--
	
2026-03-16


11
	
淘宝
	
电商平台
	
25年本地生活代运营系统怎么选?抽佣模式暗藏猫腻，这3点不看血亏!-代运营-淘宝好物网
	
--
	
2025-09-08


12
	
销客多
	
官网/独立站/行业垂直
	
从0到1搭建分销小程序，一篇看懂全流程
	
--
	
2026-07-06


13
	
今日头条
	
门户/自媒体平台
	
分销系统选型不只是比价格:五个容易被忽略的技术和运营维度_婷婷聊系统开发
	
--
	
2026-07-28


14
	
抖音
	
视频平台
	
达人筛选分层全方案➕三大痛点避坑✅。⭕核心底层逻辑：不以粉丝量级分层，以【转化能力 + 人群匹配 + 履约信用 + 退货健康度】四维打分，建立动态升降级达人池；先风控，再寄样，用流程堵住三类低效达人。 . ✅一、达人前置筛选标准（第一道门槛，提前过滤垃圾达人） . ✅二、达人分层体系（S/A/B/C/D 五级动态管理，可直接落地成表格） . ✅三、三大痛点完整解决方案：虚粉、高退货、样品白嫖 .
	
--
	
2026-08-04


15
	
CSDN博客
	
社区/论坛/博客
	
短剧分销系统避坑指南:从技术选型到运营落地的 12 个致命陷阱-CSDN博客
	
--
	
2025-10-11


16
	
搜狐
	
门户/自媒体平台
	
2026微信小店推客系统红黑榜，这3款千万别碰，新手避坑指南!_分销_资金风险_数据
	
--
	
2026-03-04


17
	
稀土掘金
	
社区/论坛/博客
	
支持全域推广的推客分销系统盘点，商家必看选型指南支持全域推广的推客分销系统盘点，商家必看选型指南 做微信生态生意的人，大 - 掘金
	
--
	
2026-03-31


18
	
八方资源网
	
官网/独立站/行业垂直
	
2026年广受信赖的电商达人分销解决方案服务商选择指南 - 八方资源网
	
--
	
2026-08-04


19
	
抖音
	
视频平台
	
达人分销佣金体系设计➕红线测算完整方案✅。🛠适用场景：天🐱 / dou音电商 / 🦋号电商，店铺自播外、纯达人分销模式（团长、普通达人、中腰部、头部达人），核心解决两大痛点： 👉1、佣金结构分层合理，既能招到达人，又不会无序内卷； 👉2、量化算出【安全佣金上限红线】，杜绝 “销量越高亏越多”。 🔺前提定义：本文分销 = 商家供货，达人短视频 / 直播带货，结算形式：佣金 + 可能坑位费 /
	
--
	
2026-08-03",captured
150,730,阶段检查点，非最终 FULL,5FD1B74C891C7FCD1393F3731C55F917A6F0124ED0CFBCE5063FD190CA40ACF7,CQ-S-20260805-C2-Q0018,CQ-Q0018,达人库、灰豚数据、蝉圈圈这类工具有什么区别?,核心池,对比决策问题,2026-08-05,core_round_2,C2,collected,"收起
 达人库、灰豚数据、蝉圈圈这类工具有什么区别? 
豆包·网页
搜索关键词
灰豚数据主要功能 适用平台
达人库 灰豚数据 蝉圈圈区别
达人库工具功能介绍
蝉圈圈是什么工具 功能
达人库、灰豚数据、蝉圈圈核心区别





注意：达人库不是某一款独立软件，是一类功能统称（巨量星图服务商达人库、小青苔等都叫达人库），核心定位是自建达人CRM资产管理；灰豚是数据分析+找达人工具；蝉圈圈是蝉妈妈旗下达人投放全流程营销管理平台。





1、达人库（达人CRM/资产管理类）



定位：自建达人资产库，侧重内部管理，不是外部大数据查询工具



来源：巨量星图服务商后台自带【达人库】，小青苔等第三方工具也有达人库模块
核心能力：
1）把你合作过、意向达人导入系统，打标签、记录跟进状态、合作记录、样品、报价、履约情况；
2）批量邀约、任务管理、团队协作，替代Excel表格；
3）本身不带全网海量达人原始数据库，需要你自己收集导入，或联动外部工具筛选后入库。
优势：把自己的达人资源沉淀，适合媒介团队长期做达人维护；
短板：不能独立查全网达人公开大盘数据、爆品、直播间大盘，需要搭配灰豚/蝉妈妈使用。
适合：品牌、服务商媒介团队，已经有一批达人资源，要做精细化管理。





简单记：达人库=你的私人达人通讯录+协作系统，用来管自己的达人。





2、灰豚数据



定位：多平台大数据分析工具，侧重看公开平台数据、找达人、看直播/爆款，数据分析能力强



覆盖平台：抖音、快手、小红书、淘宝直播；数据更新快（抖音60秒级实时）
核心能力：
1）全网达人搜索筛选，看账号数据、粉丝画像、直播/短视频带货、预估GMV；
2）爆款商品、直播间大盘监测、竞品监控、行业榜单；
3）达人对比，导出达人清单；主要做数据查询，没有完整商单履约、样品管理、投放结案流程。
优势：多平台兼顾，实时直播、商品大盘很强，价格友好，适合做前期调研、海选达人、看竞品；
短板：缺少达人跟进CRM、样品管理、投放任务闭环，不管理你自己的合作历史资产。
适合：商家/运营做调研、选品、海选达人、看行业大盘；媒介前期找号，导出清单后导入达人库做后续跟进。





简单记：灰豚=侦察兵，看全网公开数据，帮你大海捞针找到潜在达人，不负责后续对接管理。





3、蝉圈圈（蝉妈妈生态）



定位：达人营销全闭环平台：达人筛选+商单招募+样品管理+投放监测+结案复盘+CRM管理



依托蝉妈妈底层抖音数据，抖音深度最强，同时覆盖小红书、快手等
核心能力：
1）可以直接检索全网达人（用蝉妈妈底层数据），AI匹配达人；
2）自带商单招募任务、样品管理、排期、进度跟踪；
3）投放数据自动回流，追踪种草&带货转化，自动生成结案报告；
4）内置达人库（CRM），沉淀合作达人、打标签、记录履约，把【找达人‑对接‑投放‑监测‑管理】全部在一套系统完成。
优势：一套工具完成完整达人投放全链路；抖音数据精度高，投放ROI追踪强；中小品牌友好；
短板：小红书、快手的数据深度弱于抖音；纯大盘选品能力不如灰豚。
适合：大量做达人种草/带货投放的品牌、服务商，希望一个工具搞定全部流程，不想“多个工具来回切换”。





简单记：蝉圈圈=侦察兵 + 项目管理 + 你的达人库，找达人、派单、跟进、复盘一套搞定。





三者对比简表


对比项	达人库（CRM类）	灰豚数据	蝉圈圈
核心定位	自有达人资产管理	全网大数据分析、调研找达人	达人投放全流程营销平台
全网达人数据	❌无，需外部导入	✅强，多平台实时大盘	✅抖音强，其他平台中等
达人筛选海选	❌不能海选全网	✅很强	✅较强，AI匹配
商单/样品/任务管理	✅跟进记录管理	❌无	✅完整商单、样品、排期
投放效果自动监测	❌	✅只能看公开数据	✅种草+带货回流、结案
自建达人资产沉淀	✅核心功能	❌	✅内置CRM达人库
最佳场景	已有达人资源，媒介团队内部管理	调研大盘、找达人、看爆款竞品	品牌批量达人投放，全链路闭环


怎么选、怎么搭配




只需要管理自己合作过的达人 → 用达人库（星图自带/小青苔）；


主要做调研、看直播爆品、海选多平台达人 → 选灰豚数据；


大量达人投放，希望找号、派单、样品、复盘全部一套系统 → 直接蝉圈圈；


高阶组合方案（很多服务商在用）：灰豚做大盘海选导出达人清单 → 导入达人库做跟进管理；


如果预算有限，不想多工具切换，做抖音达人投放优先蝉圈圈。





如果你告诉我你的身份（品牌/服务商/商家）、主要平台、每月大概多少达人投放，我可以帮你直接给出最合适选型。



21 个引用
推荐问题
 蝉圈圈的优势和劣势分别是什么？
 灰豚数据的收费标准是怎样的？
 推荐一些使用达人库、灰豚数据、蝉圈圈的成功案例
引用来源
序号
	站点名称
	站点类型
	标题
	
文章负面词
	发布时间
1
	
huitun.aiproducthub.cn
	
官网/独立站/行业垂直
	
灰豚数据 - 直播短视频带货数据分析平台|抖音快手小红书达人查询爆款商品直播间数据工具网页版
	
--
	
--


2
	
luoluo.help
	
官网/独立站/行业垂直
	
数据分析工具 | LuoLuo Wiki
	
--
	
--


3
	
蝉圈圈
	
官网/独立站/行业垂直
	
蝉圈圈 - 一站式多平台达人营销及种草解决方案
	
--
	
--


4
	
deepnavi.cn
	
官网/独立站/行业垂直
	
蝉圈圈-抖音达人营销全流程管理工具
	
--
	
--


5
	
87G手游网
	
官网/独立站/行业垂直
	
灰豚数据app下载官方_灰豚数据手机版下载 v3.9.24安卓版 - 87G手游网
	
--
	
2026-08-01


6
	
淘宝
	
电商平台
	
全网爆款监测工具大PK!灰豚数据VS千瓜数据VS新红，25年哪个更适合小红书带货人?-代运营-淘宝好物网
	
--
	
2025-09-08


7
	
巨量星图
	
官网/独立站/行业垂直
	
巨量星图服务商达人库使用手册-星图营销服务平台
	
--
	
2024-08-28


8
	
xqttool.com
	
官网/独立站/行业垂直
	
小青苔达人营销-达人智能商务，找达人、批量邀约、达人管理一体化达人分销解决方案
	
--
	
--


9
	
抖音
	
视频平台
	
电商人必入！达人工具上新，快手/小红书达。还在为找达人、建联慢、数据不准头疼？ 「达人工具」全新升级，直接解决电商人找达人的所有痛点👇 📌 核心升级：新增快手、小红书双平台支持 ✅ 1300W+全平台
	
--
	
2026-04-13


10
	
搜狐
	
门户/自媒体平台
	
电商运营怎么查抖音直播带货达人数据与爆款选品?5个技巧用蝉妈妈数据分析平台实操指南_实时_品牌
	
--
	
2026-06-17


11
	
Datech Help Center
	
官网/独立站/行业垂直
	
产品功能介绍
	
--
	
2025-09-09


12
	
搜狐
	
门户/自媒体平台
	
达人建联工具进入精细化运营阶段，小青苔如何覆盖找达人、邀约和达人管理?_合作_商家_内容
	
--
	
2026-05-21


13
	
灰豚数据
	
官网/独立站/行业垂直
	
灰豚数据 - 短视频& 直播电商数据分析平台
	
--
	
--


14
	
抖音
	
视频平台
	
灰豚数据免费助力短视频带货选品
	
--
	
2026-01-05


15
	
抖音
	
视频平台
	
热度云+灰豚数据账号。热度云和灰豚数据组合买享折扣[庆祝][庆祝] #拍拍2024
	
--
	
2025-12-11


16
	
灰豚数据
	
官网/独立站/行业垂直
	
灰豚数据 - 短视频& 直播电商数据分析平台
	
--
	
--


17
	
应用宝
	
门户/自媒体平台
	
灰豚数据app-官方正版软件2026最新版本免费下载-应用宝官网
	
--
	
--


18
	
蝉圈圈
	
官网/独立站/行业垂直
	
蝉圈圈—经营你的达人圈，达人合作管理、品效合一全流程管理工具
	
--
	
--


19
	
驱动中国
	
官网/独立站/行业垂直
	
蝉圈圈3.0重磅发布:杜绝无效种草 达人营销助力品牌出圈 _ 驱动中国
	
--
	
--


20
	
Feishu
	
官网/独立站/行业垂直
	
蝉圈圈产品使用手册
	
--
	
--


21
	
蝉圈圈
	
官网/独立站/行业垂直
	
达人带货全流程追踪利器，以数据赋能品效合一营销 - 蝉圈圈
	
--
	
2025-10-11",captured
150,730,阶段检查点，非最终 FULL,5FD1B74C891C7FCD1393F3731C55F917A6F0124ED0CFBCE5063FD190CA40ACF7,CQ-S-20260805-C2-Q0019,CQ-Q0019,"达人建联软件怎么选,主要看哪些功能?",核心池,对比决策问题,2026-08-05,core_round_2,C2,collected,"收起
 达人建联软件怎么选,主要看哪些功能? 
豆包·网页
搜索关键词
达人建联软件挑选核心功能指标
主流达人建联平台对比 筛选维度
品牌找达人对接工具必备功能
达人建联软件选型全指南：核心必看功能+选型步骤+避坑要点



先明确核心逻辑：达人建联工具完整链路=达人挖掘筛选→数据验真防刷→批量智能建联→合作流程CRM管理→投放效果复盘，选型围绕这条工作流逐层核验即可，国内抖音/小红书/视频号、海外TikTok/Ins通用判断标准。



一、第一梯队核心硬性必备功能（一票否决项）


1. 精准达人筛选与智能匹配能力



这是工具基础，不要只看“达人总数量”，重点看筛选维度精度：





多维度精细化筛选
基础：平台、类目、粉丝量级、地域、年龄性别、粉丝兴趣标签、内容形式（测评/直播/图文/口播）；
商业化关键：近30天活跃度、历史带货GMV、佣金接受度、报价区间、过往合作品牌；
高阶：竞品同款合作达人、商品反向找人（输入自家商品自动匹配适配达人）、相似达人扩量、AI语义搜索（输入品牌需求自动检索）。


匹配逻辑质量
拒绝纯标签堆砌，优质工具可基于你的品类、受众、预算自动给出匹配分值，清晰说明推荐理由；小众垂类必须支持细分标签筛选，避免泛流量达人。




2. 达人数据核验+作弊筛查（重中之重，防无效投放）



绝大多数坑来自水分账号，工具必须自带验真体系：





核心核验指标：真实互动率、粉丝增长曲线、评论质量筛查、异常刷量波动、僵尸粉比例；


粉丝画像拆解：粉丝地域、年龄、性别、消费层级、兴趣分布，判断粉丝和你的目标客群重合度；


历史商业数据：过往商单播放、转化、带货ROI、退货率、履约口碑，避开接单摆烂、数据造假达人；


基础校验：达人主页实时数据同步，工具展示数据和达人主页公开数据不能出现严重偏差。




3. 建联触达全流程能力（工具核心价值）


（1）触达渠道合规性


官方直连：星图、蒲公英、小红书蒲公英等官方邀约通道最优，合规无封号风险；
非官方：抓取邮箱、私信、商务微信，必须保证抓取渠道合规，禁止违规爬取私信接口导致账号风控；


（2）批量自动化建联功能




话术模板库：支持按类目、达人层级定制话术，AI一键本地化优化话术，区分头部、中腰部、素人话术；


定时自动追发：未回复达人设置1～3轮间隔跟进，达人回复后自动终止推送，避免骚扰拉黑；


数据看板：统计发送量、打开率、已读、回复率、意向签约率，用来持续优化话术；


批量一键邀约、名单导入导出、达人去重，防止重复对接同一达人。




4. 达人CRM合作全生命周期管理



摆脱Excel表格杂乱管理，标准化流转：





线索分层池：待触达→已沟通→议价中→寄样中→排期履约→已投放→长期维护黑名单；


信息归档：聊天记录、报价、合同、寄样单号、排期时间、内容脚本、审核记录统一存档；


标签管理：给达人打标签（优质高转化、性价比低、履约差、长期复投）；


团队协作：子账号权限分配、审批流、操作留痕，多人运营不会重复对接、信息断层。




二、第二梯队增值刚需功能（按自身规模按需选择）


1. 投放数据追踪与效果归因


投放后数据监测：短视频播放、曝光、点击跳转、直播间引流、优惠券核销、下单转化；
专属追踪链接/短链、优惠券区分单达人转化，精准核算单个达人ROI；
自动生成投放复盘报表，曝光、引流、成交、投产一目了然，支撑后续达人投放策略优化。


2. 竞品&行业情报分析



抓取同行品牌近期合作达人矩阵、投放节奏、爆款内容形式、报价区间，对标搭建自身达人体系；挖掘竞品没合作过的潜力蓝海达人，抢占优质资源。



3. 配套落地辅助功能




寄样管理：寄样登记、签收提醒、样品成本核算；


合同与结算：线上签约、账期管理、佣金结算对账、发票台账；


UGC素材管理：达人产出内容归档、二次剪辑授权管理；


ERP/店铺打通：抖店、小红书店铺、独立站数据互通，订单数据自动联动达人业绩。




4. 合规与风控保障


品牌安全检测：筛查达人过往敏感言论、违规历史，规避品牌翻车风险；
平台规则适配：话术、邀约形式贴合平台规范，降低运营账号限流封禁概率；
海外版额外：GDPR合规、本地商务话术适配、不同国家平台规则适配。


三、按自身业务规模精准选型方案


1. 新手中小商家（日建联几十位达人、预算有限）



优先精简版：基础达人筛选+基础验真+批量私信/邮件邀约+简易CRM台账；

推荐优先官方免费工具：巨量星图、小红书蒲公英、视频号优选联盟，成本最低、合规性最强。



2. 中型品牌/电商商家（稳定批量建联、常态化投放）



必须配齐：精准多维度筛选、防刷验真、AI话术、自动化跟进、完整CRM、基础ROI归因；

代表工具：蝉妈妈智星、飞瓜智投、蝉圈圈、Nox聚星（跨境）。



3. 大型品牌/营销代运营（百人团队、全国/全球规模化投放）



额外需要：多账号权限体系、定制化数据看板、全链路审批流、API对接自有系统、专属客服、合规审计、全球多平台统一管理（抖音+小红书+海外社媒）；

企业级：GRIN、CreatorIQ、定制私有化部署工具。



四、收费模式甄别&避坑要点




主流收费模式优劣
按次/按量扣费：单次查看达人、单次邀约扣费，适合低频少量测试；
月度/年度会员套餐：不限量筛选建联，长期稳定投放性价比最高；
成交抽佣：零门槛入驻，达人成交后抽取佣金，适合纯佣金模式铺货测款；
避雷：低价引流入门，后续解锁核心筛选、导出数据、建联功能二次加价。


高频大坑避开
① 虚标达人库体量，数据老旧（半年以上未更新）；
② 只给基础粉丝数据，不开放互动、带货、粉丝画像深层数据；
③ 无防刷机制，大量水分网红，看似低价实则投产极差；
④ 非官方违规爬取私信，极易导致运营号封禁；
⑤ 售后服务薄弱，筛选规则、话术、数据问题无人跟进优化。




五、极简试用验收步骤（下单前必测）




输入自家主营品类，看推荐达人垂直度是否匹配；


随机挑选3位达人，对比工具数据和达人主页真实数据是否一致；


试用一轮批量建联，测试发送、自动跟进、回复数据统计是否正常；


搭建简易CRM流程，测试线索流转、信息归档是否顺手；


确认售后、更新频率、合规保障、收费明细全部透明无隐形消费。




六、一句话总结选型优先级



数据真实性＞筛选精准度＞建联合规效率＞流程管理＞增值数据分析

先保证选到真实靠谱达人，再提升对接效率，最后做精细化数据运营，不要本末倒置一味追求“一键海量群发”。



17 个引用
引用来源
序号
	站点名称
	站点类型
	标题
	
文章负面词
	发布时间
1
	
达人精灵
	
官网/独立站/行业垂直
	
TikTok 达人建联工具怎么选?为什么不一定要绑定店铺 | 达人精灵
	
--
	
2026-06-25


2
	
妙手ERP
	
官网/独立站/行业垂直
	
TikTok达人建联工具怎么选?3个标准帮你少踩90%的坑 - 妙手跨境学院
	
--
	
2026-06-30


3
	
达人精灵
	
官网/独立站/行业垂直
	
TikTok 达人营销工具怎么选?新手卖家和亚马逊卖家要看这 5 个能力 | 达人精灵
	
--
	
2026-07-24


4
	
博客园
	
社区/论坛/博客
	
2026 TikTok跨境电商达人匹配工具测评:数据驱动下的高效建联解决方案解析 - U渠道 - 企业博客
	
--
	
2026-06-07


5
	
Influencer Marketing Hub
	
官网/独立站/行业垂直
	
Top Influencer Discovery Tools with 10M+ influencer Database
	
--
	
2026-07-13


6
	
搜狐
	
门户/自媒体平台
	
达人建联工具对比:郑和助手VS蝉哒哒 怎么选更适配_卖家_合作_核心
	
--
	
2026-05-11


7
	
商业新知
	
官网/独立站/行业垂直
	
2026年TikTok跨境电商寻找带货达人主流平台核心分析_产业观察报-商业新知
	
--
	
2026-06-05


8
	
网易
	
门户/自媒体平台
	
2026年海外达人建联服务商选择指南:官方认证与全链路能力成核心壁垒|谷歌|youtube|运营_网易科技
	
--
	
2026-07-31


9
	
Hypefy
	
官网/独立站/行业垂直
	
9 Best AI Tools for Building Influencer Campaign Briefs and Automating Creator Selection
	
--
	
2026-07-02


10
	
Nox聚星
	
官网/独立站/行业垂直
	
海外网红营销平台怎么选?三款主流工具实测与避坑指南 - Nox聚星官方博客
	
--
	
2026-05-20


11
	
Creator Hero
	
官网/独立站/行业垂直
	
Top 10 Social Cat Alternatives: Features, Pricing and Review
	
--
	
2026-06-26


12
	
CloudKOL
	
官网/独立站/行业垂直
	
跨境品牌去哪找海外红人?十大渠道盘点加一套可落地的筛选评估框架 – CloudKOL
	
--
	
2026-08-01


13
	
PitchBrand
	
官网/独立站/行业垂直
	
Top 10 Creator Outreach Tools for Campaign Success
	
--
	
2026-06-23


14
	
抖音
	
视频平台
	
做商务一定要学会找达人❗️。蝉圈圈、飞瓜智星、热度云的找达人功能，各有千秋 #蝉圈圈 #热度云 #飞瓜智星 #找达人带货 #找达人合作技巧
	
--
	
2025-08-25


15
	
抖音
	
视频平台
	
抖店工具箱智能匹配与高效邀约提升达人合作效率
	
--
	
2025-08-27


16
	
巨量星图
	
官网/独立站/行业垂直
	
短视频-达人广场筛选功能介绍-星图营销服务平台
	
--
	
2026-05-19


17
	
实在智能
	
官网/独立站/行业垂直
	
怎么自动获取达人?三步实现全流程自动化建联 - 实在智能
	
--
	
2026-07-07",captured
150,730,阶段检查点，非最终 FULL,5FD1B74C891C7FCD1393F3731C55F917A6F0124ED0CFBCE5063FD190CA40ACF7,CQ-S-20260805-C2-Q0020,CQ-Q0020,达人建联软件怎么选?,核心池,对比决策问题,2026-08-05,core_round_2,C2,collected,"收起
 达人建联软件怎么选? 
豆包·网页
搜索关键词
达人建联软件怎么选 对比
达人建联工具主流产品 功能 价格
达人建联软件避坑要点
抖音快手达人建联工具 品牌方使用
达人建联软件选型指南



达人建联软件核心解决：达人筛选、批量触达、沟通管理、合作跟进、效果复盘，分为国内抖音/快手/小红书、跨境TikTok两大赛道；选型优先看你的业务模式（广撒网测款 / 精细化品牌投放）、预算、平台，不要只看“达人库数量”噱头。



一、核心选型7个判断标准


1. 达人数据质量（最重要）


筛选维度：粉丝画像、带货GMV、履约率、粉丝活跃度、历史合作评价、防刷量识别，不要只看粉丝数。
数据更新频率：优先分钟/小时级更新，避免大量过期、不接广告的僵尸达人。
校验：拿几个你熟悉的达人，对比工具数据和原生平台，看是否偏差巨大。


2. 建联触达能力



1）批量邀约：支持批量勾选、自定义发送间隔，模拟真人，避免平台风控封号；

2）话术能力：内置模板、AI生成定制邀约话术，支持二次触达未回复达人；

3）触达渠道：是平台官方私信、还是第三方导出联系方式；注意：非官方批量私信有账号风控风险。






⚠️重要提醒：很多第三方工具不能绕过平台限制，号称“无限发送”的要警惕，容易店铺/账号被限制。





3. 达人CRM项目管理


是否自动分组：待联系、已读、已回复、寄样中、已合作、已出单；
标签管理：沉淀自有达人库，给达人打类目、报价、履约质量标签；
任务流转：brief下发、样品登记、排期提醒、交付审核、回款记录。


4. 数据闭环&效果追踪


合作后能不能回传：曝光、播放、点击、成交GMV、ROI；
国内优先和抖店/星图打通；跨境优先和TikTok Shop打通，方便归因复盘。


5. 适配你的业务场景


业务类型	工具侧重点
中小商家、测款跑量	高性价比、批量建联、快速铺量，轻量化CRM
品牌精细化投放	精准筛选、粉丝画像、防刷、完整项目管理、ROI复盘
MCN/媒介公司	多账号子账号、团队协作、达人库共享、导出报表
跨境TikTok卖家	目标国家地区筛选、多语言AI话术、跨境店铺打通


6. 价格与隐形成本


分清：是按会员订阅、按发送条数、按达人线索、还是成交抽佣；
确认高级筛选、导出数据、子账号、报表是否额外收费；优先可以试用的产品，不要直接年付。


7. 合规风险


不要用违规爬虫工具，会导致账号被限流、封禁；
区分：官方服务商SaaS vs 第三方爬虫插件；插件类风控风险更高。


二、国内（抖音/快手/小红书）主流工具对比





蝉圈圈（蝉妈妈）

✅优势：国内数据成熟，多平台覆盖，筛选维度丰富，完整达人投放CRM，适合品牌、MCN做精细化投放。

❌不足：价格偏高，批量私信能力有限，侧重分析管理，不是纯批量群发工具。

适合：品牌方、媒介团队，做达人种草投放管理。




巨量星图（官方免费）

✅优势：抖音官方，100%合规，可发布招募任务，达人主动报名，无风控风险。

❌不足：批量主动建联弱，适合达人接单，不适合大规模BD扫达人。

适合：正规付费商单，品牌公开招募达人。




商团达AI商务、超级商务（浏览器插件）

✅优势：轻量插件，达人广场直接叠加数据，AI话术，低成本批量BD，适合抖店商家、招商团长。

❌不足：插件模式，有一定风控风险，项目管理能力弱。

适合：中小商家大量扫达人、达人分销招商。




果集云略

✅优势：投放全流程管理，达人库沉淀，团队协同，多平台数据。

❌不足：偏向中大型品牌，价格较高。

适合：有预算的品牌营销团队。





三、跨境TikTok达人建联主流工具





EchoTik

✅优势：TikTok数据头部，多国家达人库，筛选、选品、达人分析一体。

❌不足：批量建联能力中等，更多是数据选达人。

适合：跨境卖家找达人、数据分析。




郑和助手、蝉哒哒

✅优势：主打批量极速建联，AI多语言话术，适合广撒网快速测款。

❌不足：海量触达，需要注意回复质量，适合铺货测款。




达秘

✅优势：批量私信邀约、商品卡一键发送、合作状态自动分组，适合TK小店商家。

❌不足：以私信触达为主，深度数据分析偏弱。





四、避坑清单（高频踩坑）




不要迷信“千万达人库”：库大不等于可合作，大量是不接广告、休眠账号，重点看有效活跃达人；


警惕“100%高回复率”：建联回复率行业普遍2‑8%，宣称几十上百回复率大多营销话术；


第三方批量私信有风控风险，不要过度高频发送，容易店铺私信受限；


优先试用：先小套餐测试真实回复、数据准确性，不要直接一次性大额年付；


工具只是提效，话术、产品佣金、样品机制才是决定回复率的核心。




五、快速选型建议


🧑‍💼中小抖店商家，做达人分销测款：优先选插件类（商团达AI商务），搭配官方达人广场；
🏷国内品牌做精细化种草投放：蝉圈圈 / 果集云略，结合巨量星图；
🌍跨境TikTok铺货测款：郑和助手、达秘；
🌍跨境品牌精细化：EchoTik做数据筛选，搭配建联工具做触达。





小提示：工具只是辅助，如果你每月建联量不大（几十‑100达人），甚至Excel表格+官方达人广场就够用，不用盲目上付费SaaS。






如果你告诉我：做国内还是跨境、团队规模、每月大概建联多少达人、预算，我可以帮你直接缩到1‑2个最合适的工具。



23 个引用
推荐问题
 推荐一些达人建联软件的测评文章
 如何判断达人数据的质量？
 有哪些比较好的达人建联软件？
引用来源
序号
	站点名称
	站点类型
	标题
	
文章负面词
	发布时间
1
	
妙手ERP
	
官网/独立站/行业垂直
	
TikTok达人建联工具怎么选?3个标准帮你少踩90%的坑 - 妙手跨境学院
	
--
	
2026-06-30


2
	
Creator Hero
	
官网/独立站/行业垂直
	
Top 10 Social Cat Alternatives: Features, Pricing and Review
	
--
	
2026-06-26


3
	
搜狐
	
门户/自媒体平台
	
达人建联工具对比:郑和助手VS蝉哒哒 怎么选更适配_卖家_合作_核心
	
--
	
2026-05-11


4
	
Dupple
	
官网/独立站/行业垂直
	
Best AI Influencer Marketing Tools (2026)
	
--
	
2026-06-16


5
	
PitchBrand
	
官网/独立站/行业垂直
	
Top 10 Creator Outreach Tools for Campaign Success
	
--
	
2026-06-23


6
	
商业新知
	
官网/独立站/行业垂直
	
跨境电商达人匹配工具深度测评:数据驱动下的高效建联解决方案_产业观察报-商业新知
	
--
	
2026-06-06


7
	
EDUCBA
	
教育/学术
	
Top 8 Influencity Alternatives in 2026
	
--
	
2026-08-04


8
	
Dupple
	
官网/独立站/行业垂直
	
9 Best Influencer Marketing Platforms in 2026 (Tested and Priced)
	
--
	
2026-06-16


9
	
Modash.io
	
官网/独立站/行业垂直
	
Las 9 mejores plataformas de microinfluencers para encontrar, verificar y gestionar creadores
	
--
	
2026-07-30


10
	
博客园
	
社区/论坛/博客
	
2026 TikTok跨境电商达人匹配工具测评:数据驱动下的高效建联解决方案解析 - U渠道 - 企业博客
	
--
	
2026-06-07


11
	
抖音
	
视频平台
	
达人建联工具分享 你睡觉了，他还在帮你建联达人。#tiktok #跨境电商 #达人建联#达秘
	
--
	
2026-06-26


12
	
Hypefy
	
官网/独立站/行业垂直
	
9 Best AI Tools for Building Influencer Campaign Briefs and Automating Creator Selection
	
--
	
2026-07-02


13
	
博客园
	
社区/论坛/博客
	
2026找达人推荐软件全盘点:优质服务商实力详解、场景适配梳理及合作避坑全FAQ指南 - U渠道 - 企业博客
	
--
	
2026-07-10


14
	
抖音
	
视频平台
	
达人建联避坑｜新手最容易踩的五个坑。⚠️深圳吴总做达人建联两年，被坑了3次总结出来的血泪经验📈 达人建联避坑，新手最容易踩的五个坑👇 ①品不匹配——达人粉丝多但和产品不匹配，转化率极低浪费钱 ②数据假
	
--
	
2026-04-22


15
	
IT之家
	
社区/论坛/博客
	
2026年海外达人建联服务商选择指南:官方认证与全链路能力成核心壁垒 - IT之家
	
--
	
2026-07-31


16
	
抖音
	
视频平台
	
所有想要做TK达人建联的商家，建议先看完这条避坑视频。 #TikTok美区 #TK电商 #达秘 #tk批量建联达人
	
--
	
2026-07-22


17
	
抖音
	
视频平台
	
跟达人合作需要注意以下5点 #企业推广方式 #达人分发 #企业老板 #营销 #拓客
	
--
	
2026-07-30


18
	
deepnavi.cn
	
官网/独立站/行业垂直
	
蝉圈圈-抖音达人营销全流程管理工具
	
--
	
--


19
	
巨量星图
	
官网/独立站/行业垂直
	
抖音招募任务-一口价模式-星图营销服务平台
	
--
	
2026-06-12


20
	
CSDN博客
	
社区/论坛/博客
	
建联合作1000+达人，如何高效管理?_达人建联管理系统-CSDN博客
	
--
	
2026-06-09


21
	
抖音
	
视频平台
	
让商务团队一人变三人！ #达人分销 #达人带货 #抖音电商 #抖店 #商务BD
	
--
	
2026-07-31


22
	
抖音电商
	
电商平台
	
玩转达人广场-精准找带货达人合作
	
--
	
2026-03-07


23
	
zt.dakatui.com
	
官网/独立站/行业垂直
	
商团达-AI商务
	
--
	
--",captured
150,730,阶段检查点，非最终 FULL,5FD1B74C891C7FCD1393F3731C55F917A6F0124ED0CFBCE5063FD190CA40ACF7,CQ-S-20260805-C2-Q0021,CQ-Q0021,"品牌达人营销增长系统是什么,和达人CRM有什么区别?",核心池,品类认知问题,2026-08-05,core_round_2,C2,collected,"收起
 品牌达人营销增长系统是什么,和达人CRM有什么区别? 
豆包·网页
搜索关键词
品牌达人营销增长系统是什么 和达人CRM区别
达人CRM功能 达人营销增长系统功能对比
达人CRM和达人营销系统差异
品牌达人营销增长系统 vs 达人CRM


一、什么是达人CRM



达人CRM（Creator CRM，达人客户关系管理），核心定位：达人合作关系&项目流程管理工具。






核心目标：管好已接触/已合作达人资源，沉淀企业资产，让商务跟进、寄样、履约、沟通、合同、对账流程规范化，避免达人资源随员工离职流失。






核心能力





达人档案库、标签分层、历史合作记录、沟通记录留痕


合作管线：建联→谈判→寄样审批→内容排期→发布履约→结算回款


任务提醒、团队协作、寄样物流跟踪、基础投放报表


侧重**“过程管理”**：我跟哪些达人对接、现在到哪个阶段、谁负责跟进







简单理解：管“已经找到的达人”，管好内部合作流程，偏向运营管理工具。





二、什么是品牌达人营销增长系统



达人营销增长系统是完整的达人营销业务闭环平台，达人CRM只是它其中一个模块。






核心定位：从找达人→做投放→转化成交→复盘迭代，驱动业务GMV/种草增长的全链路系统，不止做内部流程管理，还要驱动增长结果。






除了完整包含达人CRM全部能力，额外增加增长类能力：





达人挖掘发现：达人库检索、AI筛选、粉丝质量鉴别、竞品合作达人扒取，帮你主动找新达人


规模化建联自动化：批量邀约、AI生成邀约话术、模板、触达效果统计


电商归因与分销：链接/券码追踪、达人分销联盟、订单、佣金、GMV自动统计，把达人内容和真实销售打通


投放策略&增长分析：达人ROI自动计算、高潜力达人识别、矩阵分析、复投建议、活动效果复盘、人群重叠分析


策略辅助：帮品牌做达人矩阵规划、新品种草、分销扩量，输出可复制的达人增长打法







简单理解：找达人+管达人+做投放+算成交+迭代策略，整套增长业务闭环，偏向业务增长工具。





三、核心区别对比表


对比维度	达人CRM	达人营销增长系统
核心定位	关系与流程管理	全链路营销增长闭环
核心目标	沉淀达人资产，规范内部协作流程，减少漏跟进	扩大达人规模，提升投放ROI，实现种草/销售增长
能力边界	已合作/接触过的达人档案、跟进管线、寄样履约、结算、基础报表	包含全部CRM能力 +达人挖掘、批量建联、电商归因分销、ROI增长分析、策略建议
侧重点	管过程：「合作做到哪一步」	管结果：「达人带来多少曝光、成交，下一步怎么放大」
数据源	内部沟通、项目记录，较少对接外部平台成交数据	打通达人平台、店铺订单、分销佣金，业务数据打通
适合场景	达人数量中等，重点管好现有合作，团队内部协同；投放量级不大，分销少	大规模达人投放、KOC铺量、达人分销、需要看真实销售ROI、持续扩达人矩阵的品牌


四、通俗一句话总结




达人CRM = 达人的“客户管理系统”：手里已经有一批达人，管好档案、跟进、寄样、履约，把合作流程不乱掉。


达人营销增长系统 = 达人CRM + 找达人 + 批量拓量 + 销售归因 + 增长策略；不仅管好存量达人，还帮你源源不断找达人、算效果、把达人营销做成可复制的增长引擎。







行业现状：很多产品叫“达人营销系统”，里面内置CRM模块；但纯达人CRM不具备达人挖掘、销售归因、分销增长能力。





五、选型参考


如果你的痛点是：达人资料乱、员工带走资源、寄样混乱、跟进漏单 → 优先选达人CRM。
如果你的痛点是：需要大量拓展新达人、做KOC铺量、达人分销，要看每个达人真实卖货ROI，要规模化放大达人业务 → 需要达人营销增长系统。



如果你需要，我可以帮你整理一份国内/海外主流工具清单，区分哪些是纯CRM、哪些是完整增长系统。



16 个引用
推荐问题
 品牌达人营销增长系统的使用成本高吗？
 品牌达人营销增长系统的核心价值是什么？
 品牌达人营销增长系统的具体功能有哪些？
引用来源
序号
	站点名称
	站点类型
	标题
	
文章负面词
	发布时间
1
	
allymatic
	
官网/独立站/行业垂直
	
allymatic阿力 | TikTok达人营销、达人分销与达人建联系统
	
--
	
--


2
	
搜狐
	
门户/自媒体平台
	
什么是达人CRM?达人管理、跟进与样品寄送全解析_合作_简仑_建联
	
--
	
2026-07-15


3
	
AMT
	
官网/独立站/行业垂直
	
Influencer CRM Explained: Features, Benefits, and When You Need One
	
--
	
2026-03-31


4
	
今日头条
	
门户/自媒体平台
	
2026年达人营销的系统进化论:从“游击队”到“集团军”_人人都是产品经理
	
--
	
2026-01-16


5
	
allymatic
	
官网/独立站/行业垂直
	
TikTok达人营销系统 | 达人建联、达人管理、达人分销与ROI增长 | allymatic阿力
	
--
	
--


6
	
蝉圈圈
	
官网/独立站/行业垂直
	
2026版《达人营销增长体系全景图》首发!
	
--
	
2025-11-20


7
	
Influencer Hero
	
官网/独立站/行业垂直
	
Top 13 Influencer CRM Software for Managing Creator Relationships
	
--
	
2026-04-30


8
	
Influencer Hero
	
官网/独立站/行业垂直
	
Hypeauditor vs Sprout Social vs Influencer Hero : Features, Pricing and Key Differences
	
--
	
2025-11-13


9
	
Ecommerce Fastlane
	
官网/独立站/行业垂直
	
Top Influencity Alternatives in 2026
	
--
	
2026-07-27


10
	
Lark
	
官网/独立站/行业垂直
	
为什么影响者CRM是您行销成功的关键
	
--
	
2025-12-24


11
	
Creator Hero
	
官网/独立站/行业垂直
	
Top 10 Best Influencer CRM Software
	
--
	
2026-05-14


12
	
Creator Hero
	
官网/独立站/行业垂直
	
Top 10 beste Influencer CRM
	
--
	
2026-05-14


13
	
搜狐
	
门户/自媒体平台
	
达人管理系统:MCN 机构一站式管控达人商单、寄样、对账全流程解决方案_样品_运营_企业化
	
--
	
2026-06-27


14
	
mochends.com
	
官网/独立站/行业垂直
	
墨尘直播达人客户管理系统与传统CRM的差异化对比 - 深圳墨尘贸易有限公司
	
--
	
2026-05-09


15
	
allymatic
	
官网/独立站/行业垂直
	
专为tiktok达人增长打造的ai系统
	
--
	
--


16
	
伙伴云
	
官网/独立站/行业垂直
	
达人CRM系统:从‘管理人’到‘赋能人’的范式革命-伙伴云
	
--
	
2025-11-11",captured
150,730,阶段检查点，非最终 FULL,5FD1B74C891C7FCD1393F3731C55F917A6F0124ED0CFBCE5063FD190CA40ACF7,CQ-S-20260805-C2-Q0022,CQ-Q0022,"怎么建联达人,完整流程是什么?",核心池,品类认知问题,2026-08-05,core_round_2,C2,collected,"收起
 怎么建联达人,完整流程是什么? 
豆包·网页
搜索关键词
达人建联完整流程 商家对接达人步骤
抖音快手小红书达人建联全流程实操指南
达人合作前期筛选 建联话术 合作履约复盘全套流程
达人建联完整闭环全流程（抖音/小红书/快手通用，电商带货+品牌种草双版本）



整体分为6大阶段：前期筹备→达人筛选→多渠道建联触达→商务谈判确认→履约落地执行→数据复盘达人池维护，每一步带实操细节、平台工具、避坑要点。



阶段一：前期筹备（建联前必做，90%人跳过导致邀约无回复）


1. 明确合作目标、预算、合作模式



先定清楚再找达人，避免沟通反复：



目标：新品测款/直播冲销量/短视频种草曝光/品牌口碑
合作模式（三选一）
1）纯佣金带货（抖店精选联盟/小红书蒲公英，无坑位费，适合中小商家）
2）坑位费+佣金（中腰部/头部达人，稳定曝光+转化）
3）置换寄样（素人/千粉达人，仅送样品无费用，铺量种草）
预算：单达人上限、总投放预算、佣金比例、坑位费区间
人群匹配：产品目标客群（年龄/性别/消费力/地域），作为筛选达人核心标准


2. 物料全套准备（一次性发给达人，减少来回沟通）




品牌/店铺简介、产品详情、核心卖点、实拍图/短视频素材


佣金政策、优惠券、直播间专属福利、价格体系


合作Brief（内容要求：口播要点、禁忌词、视频时长、发布时间、是否挂车）


合作协议/报备合同（星图/蒲公英官方报备合同，私下合作简易协议）


寄样信息：仓库地址、快递、样品清单




3. 搭建达人分层标准



按粉丝量级分层，差异化沟通策略：



头部达人（100w+）：品牌曝光，门槛高、周期长，优先团长对接
中腰部（10w-100w）：转化主力，坑位费适中，建联成功率最高
垂类中小达人（1w-10w）：测款、铺量，多接受纯佣金/置换
素人/千粉（1k-1w）：低成本铺种草，只置换样品


阶段二：达人精准筛选（先筛再建联，拒绝盲发）


渠道1：官方平台（最正规，可线上直接建联）




抖音：抖店后台→精选联盟→达人广场 / 巨量星图
筛选维度：类目、粉丝画像、30天GMV、场均销量、带货转化率、视频完播率、历史同类目带货记录


小红书：商家蒲公英平台，筛选笔记互动率、粉丝标签、种草笔记真实度


快手：快手磁力金牛、快手小店达人广场




渠道2：第三方数据工具（蝉妈妈/新抖/新红）



批量筛达人，过滤水号：看近10条内容平均流量、评论区真实度、有无刷量、是否频繁接竞品广告



渠道3：竞品逆向挖掘（高转化达人池）




找同类目热销店铺，查看哪些达人长期带他家产品


搜索产品关键词，点赞高、带同款商品的短视频博主


直播间蹲竞品带货主播，记录账号




筛选核心4个判断标准（缺一不可）




内容垂直：达人日常内容和你的品类匹配（美妆号不带家电）


粉丝画像匹配：年龄、性别、消费力和产品客群一致


带货数据健康：不看单条爆款，看近30天稳定转化；短视频种草看互动率，直播看GMV、转化率


无竞品冲突：近1个月未发布同品类竞品广告，避免内容冲突




筛选收尾



符合条件达人统一录入达人表格，标注：账号ID、粉丝数、报价、联系方式、账号分层、意向合作模式，形成达人储备库。



阶段三：多渠道建联触达（完整沟通链路，提高回复率）


建联渠道优先级（回复率从高到低）




达人主页留微信/商务电话（私域，回复率最高）


平台官方在线沟通（精选联盟/蒲公英私信）


星图/蒲公英官方邀约单（正规报备，适合付费达人）


视频评论区留言（仅补充，效率低）




完整建联沟通步骤（标准化话术流程）


步骤1：首次触达（3句话讲清核心，不啰嗦）



核心要素：品牌身份+产品+合作模式+诚意邀约

精选联盟私信模板






你好，XX店铺商务，主营XX类目产品，看您账号垂类匹配，我们可提供XX%佣金+店铺专属优惠券，支持纯佣金带货，可免费寄样试用，感兴趣可以沟通档期~






加微信验证话术






XX达人您好，精选联盟看到您账号，想合作XX产品带货，方便通过一下，发产品资料给您参考





步骤2：通过好友后，完整推送合作资料



一次性发送：品牌介绍+产品卖点+佣金政策+合作brief，不碎片化发送



步骤3：无回复标准化跟进节奏


首次发消息24h未回：温和跟进1次
48h无回复：调整合作政策（提高佣金/增加样品）再跟进
72h无回复：标记低意向，放入待二次触达池，不再频繁打扰


建联避坑




不要一上来只发“商务合作”，达人每天几十条，直接忽略


不要群发一模一样话术，头部/中小达人分开话术


优先达人下播后1小时建联，达人空闲看私信概率更高




阶段四：商务谈判+合作确认（锁定合作，书面留证）


1. 洽谈核心合作条款



逐项确认，全部落实文字：





合作形式：短视频/直播/图文种草、发布条数、直播时长


费用：坑位费金额、佣金比例、结算周期、结算方式（平台自动结算/线下转账）


样品：是否寄样、样品数量、寄样运费承担、未合作样品是否退回


档期：脚本交付时间、审核周期、发布/直播固定日期


内容权限：修改次数、是否允许品牌二次剪辑分发


KPI与违约：未按时发布、内容严重偏离卖点的处理方案




2. 合作锁定（分两种合规方式）


方式A：官方平台报备（推荐，保障双方权益）



抖音星图/小红书蒲公英下单：填写合作需求、支付费用，平台生成官方合同，资金担保，合规不违规，不违规限流



方式B：私下微信合作（纯佣金置换/小额达人）



签署简易电子合作协议，截图所有聊天记录留存，明确权责，避免达人鸽单。



3. 前置准备：寄样




达成意向后立刻安排寄样，发送快递单号


达人签收后跟进试用反馈，确认认可产品再排期


样品签收、试用反馈全部录入达人表格记录




阶段五：履约落地执行（全程跟进，避免翻车）


1. 脚本/初稿审核阶段



达人产出脚本/图文初稿，按Brief核对：卖点是否齐全、有无违规词、价格是否正确，一次性给出修改意见，减少反复修改。



2. 定稿确认



双方确认终版内容，锁定发布时间，禁止达人私自修改核心信息。



3. 发布/直播当天跟进


短视频：发布第一时间检查是否正常挂车、标题标签无误，投放自有流量助推
直播：开播前1小时提醒达人，直播全程跟进，实时配合讲解、发放优惠券


4. 数据实时记录



记录曝光、播放、互动、进店、成交GMV、ROI，同步更新达人台账。



阶段六：数据复盘+达人池长期维护（建联闭环，持续复用达人）


1. 合作结案复盘（合作结束3天内完成）




数据复盘：ROI、千次曝光成本、单条成交、转化率，判断达人性价比


问题复盘：内容短板、转化差原因、沟通卡点，优化下次Brief


达人分级：
S级：高ROI、配合度高，长期深度合作，新品优先寄样
A级：数据达标，定期复投
B级：数据一般，优化政策后二次测试
C级：低转化/配合差，淘汰出达人池




2. 达人长期维护（降低二次建联成本）




短期维护：合作结束后正向夸赞达人，同步本次合作数据


长期运营：新品上新优先推送S/A级达人、节日寄礼品、专属更高佣金政策


定期盘活达人池：每月统一推送新品招商政策，批量唤醒沉睡达人




补充：达人建联全套工具清单




商家后台：抖店精选联盟、巨量星图、小红书蒲公英


数据筛选：蝉妈妈、新抖、新红


管理台账：Excel/飞书表格（达人信息、报价、合作记录、ROI）


履约素材：产品详情PPT、标准化Brief模板、合作协议模板




常见建联失败避坑要点




只看粉丝量，忽略粉丝画像不匹配，投完无转化


建联不准备完整资料，反复拉扯，达人直接放弃


不做官方报备，私下大额付费，容易违规限流、资金纠纷


合作无书面确认，达人临时改档期、加价、敷衍内容


合作结束不复盘，重复投放低效达人，浪费预算




18 个引用
推荐问题
 如何进行商务谈判？
 如何高效筛选达人？
 如何搭建达人分层标准？
引用来源
序号
	站点名称
	站点类型
	标题
	
文章负面词
	发布时间
1
	
抖音电商
	
电商平台
	
店铺怎么绑定达人UID-抖音电商学习中心
	
--
	
2026-06-17


2
	
巨量星图
	
官网/独立站/行业垂直
	
客户抖音移动端使用指南-星图营销服务平台
	
--
	
2025-12-15


3
	
抖音
	
视频平台
	
达人建联7步教程｜新手入门完整攻略。🔧达人建联其实不难，按这个顺序一步步来就行🔧 第一步完善主页——达人点进来第一眼要知道你是做什么的 第二步选产品——1-2款主推，别贪多 第三步筛达人——用工具按品
	
--
	
2026-04-17


4
	
抖音
	
视频平台
	
【新手小白必看！手把手教你对接TikTok达人😅】 大家好～之前很多朋友问我，新手怎么做TikTok达人建联，不知道从哪下手、发了消息已读不回怎么办。 今天整理了一篇超全攻略，新手看完直接可以动手！
	
--
	
2026-04-28


5
	
blog.wotokol.com
	
官网/独立站/行业垂直
	
TikTok达人建联:从注册到达人合作的完整流程指南 - 卧兔红人营销:智能海外红人营销方案
	
--
	
2026-03-01


6
	
蝉圈圈
	
官网/独立站/行业垂直
	
达人建联高效沟通指南:从话术到技巧，促成品牌达人合作 - 蝉圈圈
	
--
	
2025-09-12


7
	
抖音
	
视频平台
	
博主最全接广恰饭全流程。 #博主 #自媒体 #接广
	
--
	
2026-05-22


8
	
搜狐
	
门户/自媒体平台
	
达人邀约成功率低怎么办?商务BD必看的批量邀约技巧，附可复制话术SOP_合作_微信_次数
	
--
	
2026-06-24


9
	
抖音
	
视频平台
	
第一次做达人合作，是不是感觉无从下手？怕找错人、怕沟通踩坑、怕合作完没效果？1️⃣ 第一步：先明确合作目标别上来就盲目找达人，想清楚再动手：- 测新品：找10-20个中腰部达人，低成本测试，跑出来数据
	
--
	
2026-04-14


10
	
顺企网
	
官网/独立站/行业垂直
	
抖音小店达人带货合作全流程（附分佣话术模板）
	
--
	
--


11
	
抖音电商
	
电商平台
	
抖音电商学习中心
	
--
	
2025-09-03


12
	
人人都是产品经理
	
官网/独立站/行业垂直
	
别再盲目铺量了!小红书种草应该这样分任务、选博主、写Brief | 人人都是产品经理
	
--
	
--


13
	
知犀思维导图
	
官网/独立站/行业垂直
	
抖音达人筛选、建联、合作全流程商务BD方案_思维导图模板_知犀官网
	
--
	
--


14
	
店小秘ERP
	
官网/独立站/行业垂直
	
TK达人建联怎么做?达人筛选/邀约话术/寄样跟进实操指南
	
--
	
2026-07-27


15
	
抖音
	
视频平台
	
TKBD建联 达人矩阵。TKBD建联#TIKTOK#TK达人建联#达人管理 #达人矩阵策略#tiktok达人建联sop 关注私信拿完整版Sop
	
--
	
2026-06-23


16
	
抖音
	
视频平台
	
达人合作全流程Checklist.还在为达人合作项目手忙脚乱、总怕遗漏关键步骤而焦虑吗？ 一次成功的达人合作，远不止“找达人-发内容”那么简单。它更像一个需要精密协作的项目，从策略制定到结案复盘，环环
	
--
	
2026-04-01


17
	
搜狐
	
门户/自媒体平台
	
金牌商务BD建联达人话术分享，有效提升建联率️_合作_产品_品牌
	
--
	
2026-06-30


18
	
杭州卧兔网络科技有限公司
	
官网/独立站/行业垂直
	
TikTok达人建联沟通技巧:如何让达人主动接合作?
	
--
	
2025-12-19",captured
150,730,阶段检查点，非最终 FULL,5FD1B74C891C7FCD1393F3731C55F917A6F0124ED0CFBCE5063FD190CA40ACF7,CQ-S-20260805-C2-Q0023,CQ-Q0023,找达人合作的平台有哪些?,核心池,品类认知问题,2026-08-05,core_round_2,C2,collected,"收起
 找达人合作的平台有哪些? 
豆包·网页
搜索关键词
达人合作平台大全
主流品牌找网红达人合作接单平台
抖音快手小红书B站达人对接平台
全网达人合作对接平台全分类（品牌方找达人首选）


一、各短视频/内容平台官方商单平台（最安全、资金托管、数据真实、优先推荐）


1.抖音&字节全系：巨量星图



覆盖抖音、西瓜视频、今日头条、抖音电商达人广场



适用：短视频植入、直播带货、品宣投放、信息流加热、团购本地生活
优势：官方担保交易、数据可溯源、多维度筛选粉丝画像/互动/转化、支持一口价、CPS佣金、CPM曝光；规避私下被骗、账号限流风险
适合：全品类品牌、大小预算种草+带货


2.小红书：蒲公英平台



小红书官方商业合作撮合平台



适用：美妆、护肤、母婴、穿搭、家居、美食、本地探店种草笔记
优势：实名认证达人、平台签单履约、笔记合规预审、收录数据监测，主流品牌标准化种草首选
短板：中小素人部分未入驻，部分优质达人可私下建联议价


3.快手：磁力聚星



快手官方达人商单平台



优势：下沉市场粉丝粘性强、直播带货性价比高，农产品、日用百货、本地生活、低价好物转化突出，中小达人入驻门槛低
模式：短视频广告、直播专场、分销CPS、信息流投放


4.B站：花火平台



B站UP主官方接单系统



主打Z世代、二次元、数码、游戏、知识科普、汽车、数码测评深度长视频合作
优势：内容创作质量高、用户信任度强，适合品牌深度科普、新品测评、定制长视频


5.微博：微任务



微博官方商业投放平台



适用：话题造势、热搜联动、明星/大V转发、舆情公关、品牌官宣扩散、段子博主营销


6.微信视频号：视频号达人广场



微信生态内嵌达人撮合，联动小程序、视频号直播、私域引流，适合本地商家、私域转化、微信生态带货



7.淘宝逛逛/直播：红人点集



淘宝生态内逛逛短视频、直播间主播对接，精准电商成交导向。



二、第三方全域综合撮合平台（一站式跨平台选达人）


1.WEIQ微任务（微播易旗下）



覆盖抖音、小红书、快手、B站、微博、视频号全平台300万+达人资源



亮点：一站式下单、数据监测、媒介代对接未入驻官方平台的私域达人、竞品投放洞察、批量下单执行，适合规模化投放品牌


2.微播易



老牌头部红人营销服务商，头部达人资源充足，支持全案代投放、达人筛选、内容审核、结案复盘，适合中大型品牌全案营销。



3.克劳锐平台



兼具达人数据洞察+撮合接单，行业榜单完善，适合前期筛选优质垂类达人、评估账号商业价值。



三、数据工具类（用来选达人、查数据，本身不带交易，搭配平台使用）



1.抖音：飞瓜数据、蝉妈妈、抖查查

2.小红书：千瓜数据、新红数据

3.B站：火烧云数据、新站数据

4.视频号：新视数据

5.全平台：克劳锐指数小程序，快速核验账号真实互动、粉丝画像、水分



四、垂直细分&中小素人/UGC接单平台



1.新榜接单广场：公众号、视频号图文博主接单，适合软文种草、公众号推文植入；

2.星图即合：抖音海量素人、千粉万粉小达人铺量铺UGC笔记；

3.各类MCN机构直签：直接对接垂类MCN（美妆、母婴、本地生活、美食MCN），批量打包旗下达人，沟通高效，适合固定长期合作；

4.PR资源社群、行业接单群：适合小预算零散置换、寄样置换合作，无平台担保，风险较高，务必签合同。



五、海外达人合作平台（做跨境出海）



Ainfluencer、Upfluence、Influencer Hero，主打TikTok、Instagram海外网红撮合、店铺联动带货。



六、不同需求选型建议



1.新手小预算、求稳妥：优先对应平台官方（星图/蒲公英/磁力聚星），资金托管防跑路；

2.多平台批量铺量、不想多平台操作：WEIQ、微播易一站式托管；

3.深度测评、Z世代心智：B站花火；

4.下沉直播带货：快手磁力聚星；

5.精致种草口碑：小红书蒲公英；

6.线下本地门店探店：抖音星图本地生活、快手本地达人广场。



七、避坑提醒



1.私下微信转账合作无保障，优先走官方平台线上下单；

2.低价“刷量达人”谨慎选择，投放前用数据工具核验真实互动；

3.寄样置换尽量签订简易协议，约定发布时间、保留时长。



16 个引用
推荐问题
 小红书蒲公英平台的分成比例是多少？
 巨量星图的入驻门槛高吗？
 品牌方如何在抖音星图上找到合适的达人？
引用来源
序号
	站点名称
	站点类型
	标题
	
文章负面词
	发布时间
1
	
必集客
	
官网/独立站/行业垂直
	
2026年新人接单新选择!不可错过的5大宝藏达人接单平台-必集客
	
--
	
2026-04-18


2
	
数英
	
官网/独立站/行业垂直
	
聚焦抖yin、微bo、微xin、头条的专业数据分析工具
	
--
	
--


3
	
抖音
	
视频平台
	
怎么找达人合作 做宠物推广，9 成新人不知道「怎么找达人」。在小红书上私信？让 MCN 推荐？还是用蒲公英？每个渠道找出的达人完全不一样。这条视频讲达人合作的 4 个渠道。 #宠物创业 #达人 #合
	
--
	
2026-05-28


4
	
抖音
	
视频平台
	
找达人别再大海捞针了！一条视频讲透巨量星图 #巨量星图 #达人合作 #达人合作流程 #达人带货
	
--
	
2026-06-29


5
	
Creator Hero
	
官网/独立站/行业垂直
	
Top 10 Ainfluencer Alternatives: Features, Pricing and Review
	
--
	
2026-05-06


6
	
DYNO Mapper
	
官网/独立站/行业垂直
	
Top 39 Influencer Marketing Tools for Social Media Marketing
	
--
	
2026-04-27


7
	
PitchBrand
	
官网/独立站/行业垂直
	
The Top 11 UGC Job Boards for Creators
	
--
	
2026-06-23


8
	
抖音
	
视频平台
	
别再等品牌找你！3个免费接广渠道，PR主动#自媒体创业 #接广 #变现 #自媒体
	
--
	
2026-02-07


9
	
Influencer Marketing Hub
	
官网/独立站/行业垂直
	
Top 11 Influencer Apps for Brand Collaborations
	
--
	
2026-04-29


10
	
广州市星洋网络科技有限公司
	
官网/独立站/行业垂直
	
达人合作平台使用指南，星图、磁力聚星等平台的实战技巧与避坑策略 - 网站建设 - 广州网站建设_广州网站设计_广州网站制作
	
--
	
--


11
	
WEIQ
	
官网/独立站/行业垂直
	
红人营销平台|精准化一站式营销投放
	
--
	
--


12
	
即刻App
	
官网/独立站/行业垂直
	
各个平台上找达人用什么工具? 小红书、抖音、快手等这些社媒 - 即刻App
	
--
	
--


13
	
灿耀易客
	
官网/独立站/行业垂直
	
灿耀易客 - 网红达人变现平台
	
--
	
--


14
	
宝藏工具
	
官网/独立站/行业垂直
	
炬焰创作者平台
	
--
	
--


15
	
析客网络
	
官网/独立站/行业垂直
	
网红接单小程序定制_抖音小红书达人系统_佣金结算管理软件-析客网络
	
--
	
--


16
	
抖音电商
	
电商平台
	
玩转达人广场-精准找带货达人合作
	
--
	
2026-03-07",captured
150,730,阶段检查点，非最终 FULL,5FD1B74C891C7FCD1393F3731C55F917A6F0124ED0CFBCE5063FD190CA40ACF7,CQ-S-20260805-C2-Q0024,CQ-Q0024,抖音达人分销是什么意思?,核心池,品类认知问题,2026-08-05,core_round_2,C2,collected,"收起
 抖音达人分销是什么意思? 
豆包·网页
搜索关键词
抖音达人分销和橱窗带货区别
抖音达人分销是什么意思
抖音达人分销模式 规则
抖音达人分销是什么



达人分销，就是抖店商家把商品放到【精选联盟】，大量抖音达人（博主）帮商家直播/短视频挂小黄车卖货，卖出一单拿一单佣金；商家负责货源、发货、客服售后，达人只做推广卖货，不用囤货发货。






简单大白话：商家供货，达人当“线上分销商”，按成交拿提成，是抖音电商最主流的合作模式。





各方角色分工




商家（抖店）
把商品设置佣金，加入精选联盟；订单产生后负责发货、售后，用户确认收货后结算佣金给达人。







操作路径：抖店后台 →营销中心→精选联盟，设置商品佣金率。








达人（分销者）

开通商品橱窗，在选品广场挑选联盟商品，短视频、直播挂车推广；不用囤货、发货、处理售后，只赚佣金。




用户：在达人小黄车下单，实际订单落在商家店铺。





两种常见合作形式




纯佣金分销（最常见）
无坑位费，达人卖出去才赚佣金，没卖出不花钱。商家风险低，大量中小达人都是这种模式。


坑位费+佣金
头部/中腰部达人，先收一笔坑位费（上架费），成交再额外拿佣金。




容易混淆概念区分


概念	身份	核心
达人分销	商家视角：让别的达人帮我卖货	商家出商品+佣金，别人帮你带货
商品橱窗/选品广场	达人视角：我去带别人的货赚佣金	达人做分销的工具，本质就是做分销
店铺自播	商家自己账号直播卖自家货	商家自己账号卖，不找外部达人





✅一句话分清：商家开抖店+精选联盟=开启达人分销；达人开橱窗=做分销推广别人的货。





补充小知识点



1.佣金由平台自动结算，不是私下转账；平台会扣达人技术服务费。

2.不是多级分销，抖音达人分销只有一级佣金，不允许多层拉人头分佣。

3.商家可以设置普通佣金、专属佣金，给不同达人不同提成比例。




如果你需要，我可以简单讲下商家怎么开启达人分销，或者达人怎么做分销带货。



14 个引用
推荐问题
 如何成为抖音达人并参与分销？
 抖音达人分销和直播带货有什么区别？
 抖音达人分销的佣金一般是怎么计算的？
引用来源
序号
	站点名称
	站点类型
	标题
	
文章负面词
	发布时间
1
	
人人都是产品经理
	
官网/独立站/行业垂直
	
万字长文:抖音达人直播分销业务的底层逻辑和实操玩法! | 人人都是产品经理
	
--
	
--


2
	
搜狐
	
门户/自媒体平台
	
什么是达人分销?抖音达人分销要怎么做?_品牌_合作_产品
	
--
	
2025-11-24


3
	
抖音
	
视频平台
	
达人分销模式解析与品牌应用策略
	
--
	
2025-11-05


4
	
抖音
	
视频平台
	
老师以五金工具店铺实例解析达人分销模式
	
--
	
2025-08-14


5
	
抖音
	
视频平台
	
品牌方必看🔥2026年怎么做达人分销❓。✔️达人分销（即“找达人带货”）是一个系统性的工程。核心逻辑是：将自己的商品/服务，通过海量达人的内容与影响力，精准触达潜在客户，实现销货和品牌曝光。 📌以下
	
--
	
2025-12-25


6
	
抖音电商
	
电商平台
	
抖音电商学习中心
	
--
	
2026-07-08


7
	
抖音
	
视频平台
	
达人分销佣金体系设计➕红线测算完整方案✅。🛠适用场景：天🐱 / dou音电商 / 🦋号电商，店铺自播外、纯达人分销模式（团长、普通达人、中腰部、头部达人），核心解决两大痛点： 👉1、佣金结构分层合理，
	
--
	
2026-08-03


8
	
抖音
	
视频平台
	
内衣类目达人分销完整实操方案🔥。⭕内衣属于特殊限制类目，达人带货有单独准入考试、低俗内容红线、类目保证金门槛，分销不能照搬普通服饰玩法，下面分「前期资质搭建→货盘佣金设计→达人筛选对接→合规内容运营→
	
--
	
2026-07-06


9
	
什么值得买
	
社区/论坛/博客
	
抖音电商大变局:5%佣金门槛+达人分级，普通人还能靠图文带货赚钱吗?_手机软件_什么值得买
	
--
	
--


10
	
电商派
	
官网/独立站/行业垂直
	
抖音动真格了，网红带货大变天 - 电商派
	
--
	
2026-06-11


11
	
抖音
	
视频平台
	
抖音上挂小黄车是开通抖店还是商品橱窗？ 抖音上挂小黄车是开通抖店还是商品橱窗？抖音小店和商品橱窗有什么区别？挂小黄车是开抖店还是商品橱窗？抖音小店挂小黄车需要什么条件？商品橱窗能挂小黄车么？抖音小店如何挂小黄车？#小黄车 #商品橱窗 #抖音小店 #抖店运营 #电商运营@DOU+上热门
	
--
	
2026-06-29


12
	
抖音
	
视频平台
	
逆袭真相：从亏2000个到翻盘的关键一步！ 文案 “当初以为要彻底栽了，结果硬是靠这招把亏的2000个全挣回来！” 话题 #逆袭真相 #创业干货 #经验分享主播 #脱口秀普法
	
--
	
2026-03-06


13
	
抖音
	
视频平台
	
一条视频说清楚短视频带货底层逻辑！#短视频带货 #自媒体创业 #干货分享
	
--
	
2026-07-13


14
	
美篇
	
官网/独立站/行业垂直
	
抖音个人卖东西赚钱，商品橱窗可以卖，教你3招快速找回橱窗
	
--
	
--",captured
150,730,阶段检查点，非最终 FULL,5FD1B74C891C7FCD1393F3731C55F917A6F0124ED0CFBCE5063FD190CA40ACF7,CQ-S-20260805-C2-Q0025,CQ-Q0025,抖音达人投放是什么意思?,核心池,品类认知问题,2026-08-05,core_round_2,C2,collected,"展开
 抖音达人投放是什么意思? 
豆包·网页
抖音达人投放是什么



简单说：商家花钱找抖音达人（博主、网红）帮忙推广自家商品、店铺、品牌、团购等，属于付费商业合作投放推广，也常被叫达人带货投放、达人广告投放。



一、两种核心投放模式


1. 纯付费广告投放（品牌投放）



商家直接给钱，达人发布定制短视频/直播：





视频植入产品、口播种草、画面露出；


直播间专场带货、口播推荐；


结算方式：一口价固定广告费，不管最终卖不卖货，达人拿到约定费用。
适合：打品牌知名度、新店曝光、新品宣传。




2. 佣金合作投放（带货投放，最常见）



商家不用先付高额固定广告费：





达人免费接品，靠卖出商品赚取商品佣金；


部分会搭配小额服务费+高佣金；


按实际成交订单结算，卖一单赚一单收益。
适合：主打卖货、本地团购、电商店铺冲销量。




二、官方对应的入口：抖音巨量千川、精选联盟




精选联盟：商家上架商品设置佣金，全平台达人自愿选品带货，属于轻量化达人投放；


巨量千川达人投放：官方商业化工具，商家定向邀约指定达人、批量下单合作，还能搭配平台流量加热达人视频；
3.本地生活商家：定向找探店达人拍团购套餐视频，就是典型本地达人投放。




三、完整投放大致流程




商家确定推广目标：涨曝光、卖货、引流到店、涨粉；


筛选匹配达人：粉丝画像、品类垂直度、报价、过往带货数据；


敲定合作形式：短视频/直播、报价、佣金、交付要求；


达人拍摄发布内容；


商家可追加投流（DOU+、千川）助推这条达人视频，放大流量；


数据复盘：曝光、点击、销量、进店率，判断投放效果。




四、通俗举例




奶茶店花300元找本地美食达人拍探店视频挂团购券→本地达人投放；


美妆商家设置20%佣金，美妆博主挂车卖护肤品赚提成→佣金型达人投放；


大品牌花几万找头部达人拍品牌宣传片，只做品牌曝光不卖货→品牌广告投放。




五、和普通自然种草区别


达人投放：有商业合作、付费/佣金利益绑定，按平台规则需要标注广告；
自然种草：达人自发免费试用随手分享，没有商业付费合作。",confirmed_none
150,730,阶段检查点，非最终 FULL,5FD1B74C891C7FCD1393F3731C55F917A6F0124ED0CFBCE5063FD190CA40ACF7,CQ-S-20260805-C2-Q0026,CQ-Q0026,达人ROI计算公式是什么?,核心池,品类认知问题,2026-08-05,core_round_2,C2,collected,"展开
 达人ROI计算公式是什么? 
豆包·网页
达人投放ROI完整计算公式


一、核心基础ROI（带货投放最常用）


公式1：整体ROI（营收口径，商家最常用）



达人ROI = 达人带货成交总销售额 ÷ 达人全部投放成本





达人全部投放成本 = 坑位费 + 佣金支出 + 样品成本 + 投流费（DOU+、千川、信息流）+ 其他杂费


成交销售额：达人视频/直播直接带来的付款GMV（剔除退款、退货）




公式2：毛利ROI（真实盈利判断，避免只看销售额亏钱）



毛利ROI = 达人带货总毛利额 ÷ 达人全部投放成本

总毛利额 =（单品售价-产品成本-快递费）×实际成交件数-退货损耗



二、细分场景公式


1. 纯佣金模式（无坑位费）



ROI = 带货GMV ÷ 佣金总额



2. 纯坑位费模式（固定费用，无佣金）



ROI = 带货GMV ÷ 达人坑位费



3. 直播达人ROI



直播ROI = 直播间达人引流成交GMV ÷（主播坑位费+直播佣金+直播投流+场地/设备分摊）



4. 短视频种草达人（无直接挂车成交，线索型ROI）



线索ROI = 有效线索成交毛利 ÷（达人短视频费用+短视频投流）



三、关键修正：退款剔除（有效ROI）



实际有效ROI = （总GMV-退款金额）÷ 总投放成本

未扣退款的ROI会严重虚高，复盘必须用售后核销后数据。



四、举例计算



达人坑位费5000元，佣金20%，带货总GMV30000元，无投流、无退货

总成本=5000+30000×20%=11000元

营收ROI=30000÷11000≈2.73

含义：每花1元投放，带回2.73元销售额



五、行业合格阈值参考


美妆、服饰直播带货：ROI≥1.8–2.2保本
食品、快消短视频：ROI≥2.0以上盈利
高客单价家电、家居：ROI≥1.2–1.5即可



需要我给你一个可直接套用的达人ROI复盘Excel表格模板吗？



推荐问题
 如何计算达人带货总毛利额？
 如何计算达人带货总销售额？
 影响达人ROI的因素有哪些？",confirmed_none
150,730,阶段检查点，非最终 FULL,5FD1B74C891C7FCD1393F3731C55F917A6F0124ED0CFBCE5063FD190CA40ACF7,CQ-S-20260805-C2-Q0027,CQ-Q0027,"达人分销怎么做,适合什么商品?",核心池,品类认知问题,2026-08-05,core_round_2,C2,collected,"收起
 达人分销怎么做,适合什么商品? 
豆包·网页
搜索关键词
达人分销怎么做 适合什么商品
抖音达人分销佣金设置规则
达人分销选品逻辑 不适合品类
达人分销模式流程 商家操作步骤
达人分销怎么做+适合什么商品



达人分销：商家供货、设置佣金，达人用短视频/直播帮你卖货，卖出一单拿一单佣金，无销量不付费，适合快速测款、铺量起量，不用全部靠自己店铺流量。主流平台：抖音精选联盟、视频号优选联盟、快手快分销。



一、完整操作步骤（商家视角）


1、前期准备




开好店铺，办好营业执照、类目资质（食品/美妆要质检、许可证），把店铺体验分/口碑分做高（体验分低达人不会选品）。


商品打磨：主图、详情、视频素材齐全，售后、发货稳定，退款率不能过高。




2、开通分销入口


抖音抖店：后台进入精选联盟，把商品加入联盟，创建推广计划。
视频号小店：开通优选联盟，商品进入分销池。
快手小店：开通快分销，上传商品设置佣金。


3、设置佣金（核心）





先算毛利：扣除成本、快递、平台扣点之后，剩下的利润再拿一部分做佣金，不能把全部利润拿出来，避免卖越多亏越多。





普通计划：全部达人可见，基础佣金；
定向计划：给意向合作达人单独开更高佣金；
阶梯佣金：卖够多少单，佣金上浮，激励达人多卖。





参考区间（仅供参考）：日用百货15‑25%；美妆20‑35%；食品12‑22%；服饰18‑28%。佣金太低，达人不会接。





4、找达人合作




平台达人广场筛选：优先垂类中小达人（几千‑10万粉KOC），性价比远高于大头部；看历史带货数据、粉丝画像、履约分，避开纯薅样品的账号。


批量邀约：平台工具一键邀约；也可以参考对标店铺，找带过同类爆品的达人。


寄样：优质达人免费寄样，可约定产出要求；避免无门槛大量寄样白白损耗。


给素材：提供卖点、口播脚本、实拍素材，降低达人创作门槛。




5、数据复盘迭代




看分销订单：出单、退款、佣金、ROI；退款订单不计佣金。


数据好的达人：提高佣金、长期锁定合作；不出单的产品下调佣金或者直接下架。


可以搭配团长，做批量达人铺量，团长会收取额外服务费。







提醒：达人分销不是万能，产品不行，再多大达人也带不动。





二、适合达人分销的商品（4大特征）



✅核心条件：毛利充足、视觉好展示、决策门槛低、有卖点、售后可控



高适配类目




日用百货家居：收纳、清洁工具、小家居好物；价格适中，场景好拍，冲动下单强。


美妆个护：面膜、洗护、彩妆工具；可做前后对比，种草效果强，毛利空间大。


食品零食滋补：零食、预制菜、冲泡饮品；试错成本低，复购高。


母婴用品：纸尿裤、玩具、喂养小件；粉丝群体精准，信任种草转化好。


服饰鞋包配饰：穿搭直观，适合短视频展示；注意退货率偏高风险。


平价小家电：吹风机、小型厨房电器，演示效果直观。




❌不适合做达人分销




极低毛利产品：利润薄，拿不出佣金，达人不愿推。


超高客单、低频重决策：大件家具、汽车、大宗设备，用户不会看短视频直接下单。


专业复杂、很难演示：需要长篇专业讲解，短视频讲不清楚。


售后极其麻烦：极易破损、高退货、纠纷多的品类，退款会吃掉佣金和利润。


强品牌垄断，没有差异化：全网同款比价严重，没有卖点，达人很难产出内容。




三、实操避坑要点




佣金不是越高越好，过高佣金会吸引薅佣金的劣质达人，损伤品牌。


低价引流款不要盲目设置超高佣金，防止达人疯狂推低价款，整体亏损。


一定要管控退款率，大量退款会直接吃掉利润。


中小商家优先做大量中小垂类达人矩阵，10个万粉达人效果往往比1个头部达人更好。





如果你告诉我你的类目、客单价、毛利，我可以帮你直接算一套适合你的佣金区间和达人筛选方案。



21 个引用
引用来源
序号
	站点名称
	站点类型
	标题
	
文章负面词
	发布时间
1
	
手机网易网
	
门户/自媒体平台
	
火蝠案例 | ROI翻倍GMV跃升!达人分销加速品牌增长|roi|分销|品牌增长|火蝠|电商_手机网易网
	
--
	
2026-04-23


2
	
销客多
	
官网/独立站/行业垂直
	
视频号商品怎么分销_视频号商品怎么分销百科
	
--
	
2026-07-09


3
	
抖音
	
视频平台
	
新手零经验女装达人分销三步躺赚攻略
	
--
	
2025-10-31


4
	
抖音
	
视频平台
	
达人分销必看㊙️什么样类目适合找达人带货。㊙️找对合适的类目做达人分销，核心作用是最大化投入产出比、降低试错成本、提升转化效率，最终实现可持续增长。 这不仅是""能不能做""的问题，更是""做得好不好""的关
	
--
	
2026-01-29


5
	
分润宝
	
官网/独立站/行业垂直
	
多达人联合带货，分销系统佣金结算规则怎么定才公平又可持续?-分润宝
	
--
	
2026-05-22


6
	
抖音
	
视频平台
	
达人分销✅ 如何把痛点变成卖点🔥。⭕核心逻辑:痛点只负责勾起焦虑，成交理由负责给出确定性解决方案。整条视频不能只吐槽问题，必须把每一处痛点，对应转化成产品不可替代的购买理由，全程绑定分销带货逻辑，降低用户决策成本、提升下单率。 . ✅一、底层转化公式(所有短视频通用) . ✅二、4步标准拍摄流程，痛点自动转成交理由 . ✅三、3种爆款短视频脚本模板，直接拍 . ✅四、分销短视频专属加分技巧:强化成
	
--
	
2026-07-24


7
	
微信小店
	
门户/自媒体平台
	
微信小店成长中心 - 功能中心
	
--
	
2026-03-17


8
	
抖音电商
	
电商平台
	
达人合作入门必修课
	
--
	
--


9
	
抖音
	
视频平台
	
怎么做达人分销，需要做达人分销吗。压箱底的知识分享给大家 #达人分销 #小青苔 #电商干货 #达人合作 #koc
	
--
	
2026-04-30


10
	
抖音
	
视频平台
	
达人分销助力店铺高效出单的实战方法
	
--
	
2025-09-21


11
	
穿山甲
	
官网/独立站/行业垂直
	
如何开通设置抖客直播间分销?-商家及团长操作手册-操作手册-电商联盟-穿山甲广告平台
	
--
	
2026-03-26


12
	
顺企网
	
官网/独立站/行业垂直
	
快手如何开通分销权限?需要什么条件?如何设置达人带货?
	
--
	
2026-08-04


13
	
抖音电商
	
电商平台
	
抖音电商学习中心
	
--
	
2025-10-02


14
	
DLZ123独立站导航
	
官网/独立站/行业垂直
	
这4类产品，我劝你别做KOL 营销 - DLZ123独立站导航 - 跨境电商独立站品牌出海
	
--
	
2025-09-21


15
	
抖音
	
视频平台
	
达人分销必看㊙️什么样的类目适合找达人带。㊙️找对合适的类目做达人分销，核心作用是最大化投入产出比、降低试错成本、提升转化效率，最终实现可持续增长。 这不仅是""能不能做""的问题，更是""做得好不好""的关
	
--
	
2026-01-29


16
	
蝉圈圈
	
官网/独立站/行业垂直
	
达人分销业务成功的50个真相:底层逻辑深度剖析与实战指南 - 蝉圈圈
	
--
	
2025-09-23


17
	
ttcalculator.net
	
官网/独立站/行业垂直
	
Best TikTok Shop Niches 2026
	
--
	
--


18
	
抖音电商
	
电商平台
	
关于修订《精选联盟推广费/服务费结算规则》的公示通知
	
--
	
2026-05-16


19
	
抖音
	
视频平台
	
达人分销佣金体系设计➕红线测算完整方案✅。🛠适用场景：天🐱 / dou音电商 / 🦋号电商，店铺自播外、纯达人分销模式（团长、普通达人、中腰部、头部达人），核心解决两大痛点： 👉1、佣金结构分层合理，
	
--
	
2026-08-03


20
	
抖音
	
视频平台
	
达人分销✅如何给达人设置佣金才算合理❓。💡在达人分销中，“佣金设置不合理”是导致“样品寄了、视频不出、出了也不卖”的头号杀手。 👉关于“合理”的佣金，不存在一个固定的数字（如20%就是合理），而是一个
	
--
	
2026-03-24


21
	
好好整形网
	
官网/独立站/行业垂直
	
抖音小店如何开通达人分销功能?分销佣金如何设置?-MR010
	
--
	
--",captured
150,730,阶段检查点，非最终 FULL,5FD1B74C891C7FCD1393F3731C55F917A6F0124ED0CFBCE5063FD190CA40ACF7,CQ-S-20260805-C2-Q0028,CQ-Q0028,达人分销是什么意思?,核心池,品类认知问题,2026-08-05,core_round_2,C2,collected,"收起
 达人分销是什么意思? 
豆包·网页
搜索关键词
达人分销模式通俗解释
达人分销和普通带货区别
达人分销是什么意思
达人分销



简单说：商家设置佣金，让网红/达人帮自己卖货，达人卖出多少拿多少佣金，卖不出不花钱，属于纯佣效果付费的带货模式。



通俗理解



商家把商品上架到分销平台（如抖音精选联盟），设定好佣金比例；

各类达人（博主、主播）看到商品，短视频挂车、直播间带货；

粉丝通过达人的链接下单；

发货、售后、库存全部由商家负责；

订单成交后，平台自动把佣金结算给达人。






类比线下：就像找很多兼职销售员帮你卖货，卖掉才给提成，不用发底薪。





和普通广告、定向商单的区别





达人分销（纯佣）

商家只付佣金，没有固定坑位费；不管多少达人都可以来带，大小博主都能参与；没卖出去一分钱不用出。




普通商单广告

要付固定坑位费，再叠加佣金；一般是一对一谈合作，只找指定少数达人。





三方分工


商家：供货、发货、售后、设置佣金，赚产品差价
达人：做短视频/直播种草引流，赚销售佣金，不用碰货
消费者：在商家店铺下单，只是从达人的推荐入口进来


优缺点



✅商家角度



优点：风险低，卖成才花钱；可以同时让几百上千个达人帮带货，容易打爆新品
缺点：利润被佣金分走；达人内容质量不可控



✅达人角度



优点：不用囤货发货，选品挂车就能赚佣金，零货源成本
缺点：卖不出去就没有收入





常见于抖音、视频号、快手电商，就是大家常说的“精选联盟分销”模式。






如果你需要，我可以再讲商家怎么设置达人分销，或者达人怎么参与达人分销。



11 个引用
推荐问题
 商家如何设置达人分销的佣金？
 达人分销的佣金比例一般是多少？
 如何寻找适合的达人进行分销合作？
引用来源
序号
	站点名称
	站点类型
	标题
	
文章负面词
	发布时间
1
	
搜狐
	
门户/自媒体平台
	
什么是达人分销?抖音达人分销要怎么做?_品牌_合作_产品
	
--
	
2025-11-24


2
	
市场说
	
官网/独立站/行业垂直
	
达人分销:营销新模式探究 | 市场说
	
--
	
--


3
	
抖音
	
视频平台
	
达人分销模式解析与品牌应用策略
	
--
	
2025-11-05


4
	
抖音
	
视频平台
	
老师以五金工具店铺实例解析达人分销模式
	
--
	
2025-08-14


5
	
抖音电商
	
电商平台
	
达人合作入门必修课
	
--
	
--


6
	
HiShop移动云商城
	
官网/独立站/行业垂直
	
分销达人招募-电商百科
	
--
	
--


7
	
微信开放社区
	
门户/自媒体平台
	
微信开放社区
	
--
	
2025-07-17


8
	
抖音
	
视频平台
	
达人分销✅ 如何把痛点变成卖点🔥。⭕核心逻辑:痛点只负责勾起焦虑，成交理由负责给出确定性解决方案。整条视频不能只吐槽问题，必须把每一处痛点，对应转化成产品不可替代的购买理由，全程绑定分销带货逻辑，降低用户决策成本、提升下单率。 . ✅一、底层转化公式(所有短视频通用) . ✅二、4步标准拍摄流程，痛点自动转成交理由 . ✅三、3种爆款短视频脚本模板，直接拍 . ✅四、分销短视频专属加分技巧:强化成
	
--
	
2026-07-24


9
	
腾讯广告营销平台
	
门户/自媒体平台
	
微信小店先做达人带货还是先做自播?成功路径是什么? - 微信小店 FAQ | 腾讯营销
	
--
	
2026-06-01


10
	
人人都是产品经理
	
官网/独立站/行业垂直
	
万字长文:抖音达人直播分销业务的底层逻辑和实操玩法! | 人人都是产品经理
	
--
	
--


11
	
抖音电商
	
电商平台
	
关于修订《精选联盟推广费/服务费结算规则》的公示通知
	
--
	
2026-05-16",captured
150,730,阶段检查点，非最终 FULL,5FD1B74C891C7FCD1393F3731C55F917A6F0124ED0CFBCE5063FD190CA40ACF7,CQ-S-20260805-C2-Q0029,CQ-Q0029,"达人分销系统有哪些,怎么判断哪个适合自己的业务?",核心池,品类认知问题,2026-08-05,core_round_2,C2,collected,"收起
 达人分销系统有哪些,怎么判断哪个适合自己的业务? 
豆包·网页
搜索关键词
如何挑选适合自身业务的达人分销系统
主流达人分销系统 对比 2026
国内主流达人分销系统大全 + 完整选型判断指南



下面先分短视频平台专属、私域微信生态、电商SaaS自带、海外跨境、高端企业级梳理全部主流工具，之后给到一套可直接套用的判断标准、业务‑系统匹配对照表、避坑清单。



一、国内主流达人分销（达人带货/佣金分销）系统分类


1、抖音/快手短视频生态（适合短视频电商、直播带货达人分销）




飞瓜智星
适配抖音、快手、小红书多平台；海量达人库、达人数据筛查、专属推广链接/优惠码、佣金结算、样品管理、投放ROI分析；性价比高、上手简单，适合新手、多平台布局商家。


蝉圈圈（蝉妈妈旗下）
深耕抖音生态，达人精准筛选、带货数据监测、分销计划搭建、订单归因、防刷单，抖音垂直商家首选。


热度云
达人招募、分销计划、码单追踪、佣金自动结算，主打抖音小店商家，价格亲民。







小结：只做抖音选蝉圈圈；抖音+快手+小红书多平台优先飞瓜智星





2、微信私域生态（视频号、小程序、社群、朋友圈分销、推客达人）




有赞分销Pro
老牌SaaS，自带供应链市场、达人招募池、多级佣金、视频号打通、自动分佣；适合小程序商城、实体店、品牌商家，供应链资源极强。


HiShop海商推客分销系统
3‑6k元年费，支持视频号、社群、朋友圈，最多十级推客体系，适合中小商家冷启动、连锁门店；微信生态稳定性强、合规不容易封号。


星耀裂变
私域裂变功能顶尖，适合搭建海量私域达人、社群团长团队；缺点年费上万，初创商家成本偏高。




3、一站式商城系统自带分销功能（零基础商家）


微盟：视频号、小程序、直播、达人分销一体化，适合实体连锁、线下门店
凡科商城：入门级、低价，适合个体商家、微商小规模达人分销


4、跨境电商达人分销工具




Shopify Collabs：Shopify原生免费达人分销插件，一键生成达人专属优惠码、订单追踪、佣金结算，适合独立站出海商家


Modash：海外TikTok、Ins海量达人数据库、达人真伪筛查，适合大批量海外素人达人投放




5、大型品牌企业级达人分销平台



GRIN、CreatorIQ、Influencer‑Hero；主打达人CRM、AI投放ROI测算、海量达人管理、对公结算、税务管理，只适合年销千万级以上品牌，定制化收费、价格高昂



二、8个维度，判断哪款分销系统适配你的业务


维度1：先确定你的主营流量阵地（第一优先级）




只做抖音小店直播带货 → 蝉圈圈＞飞瓜智星＞热度云


抖音+快手+小红书多平台种草 → 飞瓜智星（全平台数据打通）


视频号、微信小程序、私域团长、社群达人 → 有赞Pro / HiShop海商推客


海外独立站、跨境TikTok达人 → Shopify Collabs、Modash




维度2、业务规模 & 预算区间


商家类型	预算区间	推荐系统
个体、初创、月销＜5w	0‑2000元/年	商城自带基础分销、免费版飞瓜智星
中小电商商家、月销5‑50w	3000‑6000元年费	HiShop、飞瓜智星标准版
成熟品牌、几十上百个常驻达人	6k‑3w	有赞分销Pro、蝉圈圈高级版
大型品牌、上千位达人、多渠道	定制报价	CreatorIQ、GRIN企业版


维度3、你的达人结构




素人、探店博主、普通散户达人多
优先达人库庞大、一键招募、一键发样品：飞瓜智星、Modash


固定合作头部达人、签约主播
看重达人CRM、合作台账、合同管理、分账台账：蝉圈圈、Influencer‑Hero


私域团长、社群推客、员工分销、二级分销
选择支持多级佣金、推客成长等级：HiShop、星耀裂变




维度4、佣金结算规则复杂度




简单：统一佣金比例 → 绝大多数基础版系统都能胜任


复杂：分商品佣金、阶梯提成、销量奖励、退货扣佣、达人等级佣金、固定费用+佣金混合
优先：有赞Pro、飞瓜智星高级版、Tracknow，佣金规则高度自定义




维度5、订单追踪与防作弊需求


刚需：专属短链、达人优惠码、订单归因、刷单拦截、优惠券泄露防护
短视频电商商家必须优先选择原生抖音小店打通的工具（蝉圈圈/飞瓜智星），第三方工具容易出现订单追踪失败


维度6、需要打通的后端店铺


抖音小店 → 蝉圈圈、飞瓜智星
微信小程序商城 → 有赞、HiShop
Shopify独立站 → Shopify Collabs





硬性原则：优先选和你的店铺原生打通的系统，减少API对接故障、订单漏统计





维度7、团队上手难度




1‑3人小团队、无专职运营：选界面简单、一键生成分销计划、客服完善：飞瓜智星、Shopify Collabs


拥有专门达人运营团队：可以上手功能厚重、数据全面的蝉圈圈、企业级工具




维度8、长期可扩展性



后续是否计划：多平台投放、多级推客、达人签约管理、UGC素材管理、自动达人薪资报税、API对接自己后台；

有长期扩张计划直接上支持API、白标的专业分销系统



三、快速业务‑工具匹配对照表




抖音小店女装、食品、日用百货：蝉圈圈


多平台种草（抖音+快手+小红书带货）：飞瓜智星


视频号+微信小程序、社区团长分销：HiShop海商推客


私域大规模社群推客裂变：星耀裂变


全品类品牌、需要现成供应链达人池：有赞分销Pro


TikTok海外独立站带货：Shopify Collabs+Modash




四、选型避坑清单




不要盲目选购功能最全的系统；90%商家只会用到招募达人、追踪订单、佣金结算三大基础功能，多余复杂功能只会增加上手成本


测试订单归因准确度！试用阶段安排达人下单，检查订单能否正确归属达人，很多低价第三方工具追踪漏单严重


确认退货、退款、售后订单佣金自动扣减规则


问清所有收费：年费、订单抽成、高级插件费、达人提现手续费，很多基础版低价，后期增值功能加价严重


优先选本地客服响应快的服务商，达人分销结算出错会直接引发达人纠纷





如果你告诉我你的售卖平台（抖音小店/视频号/独立站）、品类、预算、大概合作达人数量，我可以直接帮你筛出2个最合适的系统和版本。



9 个引用
推荐问题
 飞瓜智星的收费标准是怎样的？
 有赞分销Pro适合哪些行业的商家？
 如何判断一个达人分销系统是否适合自己的业务？
引用来源
序号
	站点名称
	站点类型
	标题
	
文章负面词
	发布时间
1
	
搜狐
	
门户/自媒体平台
	
2026推客分销系统实测测评:功能、品牌、价格全解析，商家选型不踩坑_推广_核心_支持
	
--
	
2026-04-29


2
	
Modash.io
	
官网/独立站/行业垂直
	
10 Best Refersion Alternatives to Use in 2026
	
--
	
2026-05-21


3
	
Tapfiliate
	
官网/独立站/行业垂直
	
The Best Influencer Marketing Platforms for 2026: A Complete Brand Guide
	
--
	
2026-04-30


4
	
Influencer Marketing Hub
	
官网/独立站/行业垂直
	
Leading Creator Affiliate Marketing Platforms for 2026
	
--
	
2026-07-14


5
	
Creator Hero
	
官网/独立站/行业垂直
	
Best Influencer CRM for Shopify Brands
	
--
	
2026-06-24


6
	
Influencer Hero
	
官网/独立站/行业垂直
	
Top 10 Influencer Payments & Affiliate Marketing Tools
	
--
	
2026-04-30


7
	
新浪财经
	
门户/自媒体平台
	
热度云vs飞瓜智星vs蝉圈圈:达人分销管理工具深度对比_财经头条
	
--
	
2025-08-21


8
	
抖音
	
视频平台
	
达人分销工具对比｜第10期。本期分享商家如何选择适合自己的工具，想了解更多功能细节差异的同行，可以看看我的主页 #达人分销 #蝉圈圈 #热度云 #飞瓜智星 #蝉圈圈多少钱
	
--
	
2025-08-29


9
	
抖音
	
视频平台
	
选分销系统就看这三点，不会选的老板赶紧看看#分销系统 #分销 #分销商城 #小程序商城
	
--
	
2026-06-15",captured
150,730,阶段检查点，非最终 FULL,5FD1B74C891C7FCD1393F3731C55F917A6F0124ED0CFBCE5063FD190CA40ACF7,CQ-S-20260805-C2-Q0030,CQ-Q0030,达人合作从建联到复盘的完整流程是什么?,核心池,品类认知问题,2026-08-05,core_round_2,C2,collected,"展开
 达人合作从建联到复盘的完整流程是什么? 
豆包·网页
达人合作完整流程（建联→复盘全链路）



整体分为前期筹备→达人建联筛选→商务谈判签约→脚本&内容预审→上线投放执行→数据监测→结案复盘7大阶段，覆盖品牌方视角全流程，同时标注关键风险点。



一、前期筹备（建联之前，先把标准定好）





不要先找达人，先明确需求，否则建联效率极低







明确营销目标
区分：品牌曝光 / 种草蓄水 / 直播带货转化 / 活动宣发；确定核心KPI：播放、互动、点击率、加购、GMV、ROI。


锁定目标人群&达人画像
赛道、粉丝量级（头部/中腰部/垂类小达人）、内容风格、受众年龄地域；输出达人brief基础框架。


输出项目Brief
品牌背景、产品卖点、核心传播信息、禁止话术、必须露出点
内容形式：短视频/图文/直播；数量、发布时间、平台；是否需要挂车、是否投流
物料包：产品样品、图片视频素材、话术禁区、合规要求


预算规划
坑位费、佣金比例、样品成本、投流预算、备用预算；确定结算规则。


合规前置
广告法要求，必须标注#广告/#合作；禁忌词、敏感点提前整理。




二、达人建联&筛选阶段


1. 达人挖掘渠道


平台后台（巨量星图、蒲公英、新红、新抖等）、竞品对标账号、关键词搜索、达人自荐、MCN机构


2. 初筛（先看账号质量，不要只看粉丝数）


数据：真实播放/互动率，排除刷量账号；粉丝画像是否匹配目标用户
内容：过往广告内容质量，广告是否生硬，调性和品牌是否匹配；有无负面舆情历史


3. 建联触达



1）渠道：平台官方私信、MCN对接、商务邮箱；优先官方合作通道，规避私下交易风险

2）沟通输出：简短介绍品牌+合作需求+brief+预算区间，不直接问“多少钱”

3）建立达人备选池：A类意向，B类备选，C类兜底，防止达人排期冲突拒单。






常见坑：只联系头部，不留备选；不看历史广告作品，只看粉丝。





三、商务谈判 & 签约确认




报价确认
确认费用：坑位费、佣金、样品是否需要退回；直播额外：场控、返场、专场/混场；额外需求（加更、置顶、评论区回复）是否加价。


敲定合作细节
排期：定稿时间、预审截止、发布时间、是否可改档，延期违约条款
版权：视频使用权（品牌能否二次剪辑分发，使用周期）
KPI约定：是否保播放；未达标处理方式（补视频、部分退款）
结算节点：预审通过？发布后？确认数据无误后结算；发票要求


合同/平台下单
走平台官方订单优先（星图、蒲公英），具备平台担保；MCN签约要核对主体；口头约定全部落到书面。


寄送样品
登记快递单号，跟进达人签收；确认达人收到样品，开始创作。




四、脚本/内容预审阶段（风险最高环节）




达人输出初稿：脚本/文案/分镜/直播话术给到品牌审核


品牌多方审核：
卖点是否准确，必讲信息是否全部体现
合规检查：有没有违禁词，是否标注广告合作标识
品牌形象：画面、口播是否符合品牌调性，有无错误引导


反馈修改：明确修改点，避免反复无效拉扯；设置修改次数上限


终审确认留痕：微信/平台确认截图保存，达人拿到终审才可拍摄录制。







禁止：没审脚本直接让达人发布，容易出现翻车、卖点错误。





五、上线&投放执行




发布前复核：确认最终成片版本，核对发布时间、话题标签、链接/小黄车挂载、广告标签。


正式上线
短视频：发布，品牌评论区预埋置顶评论，客服做好评论舆情承接
直播：提前彩排；直播中盯场，实时看口播，出现违规及时沟通提醒达人修正


付费助推（可选）：如果计划投流，达人发布后启动千川/薯条，协同放大流量；区分达人自然流量和付费流量。


舆情监控：上线后24‑48小时重点盯评论区，处理负面提问、差评。




六、数据实时监测（投放中）



核心采集指标：





曝光种草向：播放/展现、完播率、点赞、评论、转发、收藏；粉丝增量；话题曝光


转化带货向：点击橱窗、商品点击率、加购、下单、GMV、佣金、ROI；客单价


记录异常：流量跳水、大量负面评论、挂车掉链接等，及时和达人/MCN沟通处理。




七、结案、交付与复盘


1. 结案收集



收集达人后台完整数据截图、视频原片；核对合同约定KPI是否达成；核对结算条件，走财务结算流程。



2. 复盘核心模块



1）目标达成情况：对比原定KPI，哪些达标、哪些未达标。

2）达人维度分析



不同量级达人效果对比：头部/腰部/素人，哪一类性价比更高
内容分析：哪种脚本形式、卖点、话题流量&转化最好；翻车点是什么
达人配合度：沟通效率、改稿配合、履约情况，标记优质/黑名单达人
3）问题总结
内部问题：brief不清、排期紧张、样品延迟；外部问题：达人内容失控、流量不及预期、舆情问题。
4）沉淀输出
达人库更新：标记高性价比达人，建立长期复投白名单；拉黑踩坑达人
SOP优化：调整brief模板、审核要点、谈判条款、KPI设置
输出结案报告：数据+问题+可复用经验+下一轮优化建议


3. 达人维护



优质达人保持日常维护，建立长期合作，争取更优报价、优先排期。





极简流程图（可直接复制做PPT）





前期需求定档 → 挖掘筛选达人 → 建联沟通 → 商务谈判签约下单 → 寄样 → 脚本/内容预审修改终审 → 拍摄制作 → 准时上线发布 → 舆情+数据实时监控 → 结案结算 → 项目复盘沉淀达人库






如果你需要，我可以给你输出一份可直接用的：【达人合作brief模板】或者【达人项目结案复盘PPT大纲】。



推荐问题
 如何高效地进行达人建联筛选？
 达人合作的脚本&内容预审主要审什么？
 品牌方在与达人商务谈判签约时需要注意哪些事项？",confirmed_none
150,730,阶段检查点，非最终 FULL,5FD1B74C891C7FCD1393F3731C55F917A6F0124ED0CFBCE5063FD190CA40ACF7,CQ-S-20260805-C2-Q0031,CQ-Q0031,"达人合作有哪些模式,纯佣、坑位费、寄样分别怎么选?",核心池,品类认知问题,2026-08-05,core_round_2,C2,collected,"展开
 达人合作有哪些模式,纯佣、坑位费、寄样分别怎么选? 
豆包·网页
达人合作模式&纯佣、坑位费、寄样怎么选



达人直播/短视频常见合作模式：纯佣模式、坑位费+佣金、纯坑位费、置换（寄样）、保量合作、定制包销、KPI对赌。下面讲清楚每种是什么、优缺点、怎么选、适合什么商家。



一、核心名词解释


1. 寄样（置换合作）





商家免费寄送产品给达人，不付现金费用，达人拿产品作为报酬，达人发布短视频/直播带货，成交拿佣金或无佣金。





两种形式：
1）纯置换：只给样品，不给佣金，卖多卖少达人无额外收益；
2）置换+佣金：送样品，成交再给佣金。
✅优点：零现金风险，只付出货品成本，适合新品测款、冷启动、铺内容素材。
❌缺点：达人优先级很低，内容质量不稳定，很多只是随手拍，不保证销量；头部达人基本不接置换。


2. 纯佣合作





没有坑位费，只按实际成交给佣金，卖出去多少结算多少，没卖出不花钱。

✅优点：风险最低，成交才付费，ROI可控。

❌缺点：佣金要求高，一般需要20%‑40%+佣金；优质中头部达人很少接纯佣；对产品转化力、价格、供应链要求高。

注意：纯佣也要寄样给达人。





3. 坑位费（服务费）+佣金





先付一笔固定的坑位费（入场服务费），达人给你留直播/短视频位置；成交再额外计提佣金。





坑位费：不管卖不卖货都要付，属于内容服务费，买曝光、买达人时间、买位置。
✅优点：达人重视度高，会认真讲解、排期，有曝光保证，可以对接中腰部、头部达人。
❌缺点：前置现金成本，销量无法100%保证，有可能坑位费亏掉。


4. 纯坑位费



只付坑位费，不给佣金。极少，大多品牌宣传片、品牌曝光，不以卖货为目标。



5. KPI对赌模式（保量合作）



坑位费基础上约定保底GMV，如果没达到约定销量，退还部分坑位费/补播1‑2场。






注意：很多达人的对赌是水分条款，要看清楚：退货是否剔除、统计口径、补播条件。







二、怎么选模式（商家决策逻辑）


✅选【寄样置换】适合：




新品牌/新店，预算极少，不想花钱试错；


需要铺大量短视频素材，做内容种草，不以即时卖货为第一目标；


产品颜值高、适合出片，对接素人、千粉‑万粉小达人；


新品测试市场反馈，收集真实达人体验。







❗不适合：想冲销量、找中腰部以上达人。置换很难出大单。





✅选【纯佣】适合：




产品转化率好、利润足够高，能给到高佣金；


不想承担前置坑位费风险，优先保证ROI；


成熟爆品，市场认可度高；


对接：垂类中小达人、部分尾部主播；







现实：万粉以上优质达人大多不愿意接纯佣，除非你的品是爆款大牌。








避坑：很多中介说能帮你对接头部纯佣，大多是骗局。





✅选【坑位费+佣金】适合：




有营销预算，愿意承担一定风险，需要曝光+冲销量；


需要中腰部、头部达人背书，做品牌声量；


产品有一定竞争力，但单靠纯佣吸引不到优质达人；







实操建议：





初次合作陌生达人，优先选中小达人坑位费低的先测试，不要直接砸大主播；
算清楚盈亏：坑位费÷预估单客毛利，算出需要卖多少单才能回本，达不到回本预期就不要接。


三、快速决策对照表


模式	前置成本	风险	达人层级	核心目标
寄样置换	只出样品货值	低	素人、小达人	种草铺素材，测新品
纯佣	0现金，需寄样	中	中小垂类达人	卖货优先，ROI可控
坑位费+佣金	坑位费现金+样品	高	中腰部/头部	冲销量+品牌曝光


四、实操落地建议





分层搭配达人矩阵，不要单押一种模式

大量小素人：用【寄样置换+小额佣金】铺短视频种草；
中等垂类达人：优先尝试纯佣优先，纯佣谈不拢再谈小额坑位费+佣金；
头部达人：坑位费+佣金，尽量争取KPI保量条款。



算账公式，接坑位费必算








回本订单数 = 坑位费 ÷（单盒毛利‑佣金扣点后的实际毛利）

预估卖不到回本订单数，不建议合作。







避坑提醒
1）纯佣也要寄样；置换不等于一定会出视频，合同写明发布时间；
2）坑位费一定要写合同，约定退货结算规则、短视频保留时长；
3）不要相信“头部达人纯佣”，绝大多数优质头部不会接纯佣；
4）置换适合种草，不要指望置换达人帮你大卖货。





如果你告诉我你的品类、毛利、预算，我可以帮你直接建议：你的品优先用哪种模式，佣金大概开多少，坑位费什么价位可以接。



推荐问题
 如何与达人谈合作模式？
 坑位费一般是多少？
 纯佣合作模式的优势和劣势分别是什么？",confirmed_none
150,730,阶段检查点，非最终 FULL,5FD1B74C891C7FCD1393F3731C55F917A6F0124ED0CFBCE5063FD190CA40ACF7,CQ-S-20260805-C2-Q0032,CQ-Q0032,"达人库是什么,能帮品牌解决什么问题?",核心池,品类认知问题,2026-08-05,core_round_2,C2,collected,"收起
 达人库是什么,能帮品牌解决什么问题? 
豆包·网页
搜索关键词
商家达人库平台功能介绍
达人库是什么 品牌作用
达人库能帮品牌解决什么问题
一、达人库是什么



达人库（达人数据库/达人资源池）分为两类：



1. 平台公共达人库（官方工具）



抖音精选联盟、巨量星图、小红书蒲公英、千瓜/新红等平台自带的全网达人总资源池，收录全平台博主、主播、KOL/KOC，自带粉丝画像、带货数据、报价、赛道标签，可供品牌检索筛选达人。



2. 品牌私有达人库（企业自建/后台工具）



品牌专属资源资产池，把合作过、意向达人统一录入系统，存储达人联系方式、合作记录、投放ROI、配合度、报价、档期、内容质量评分，支持打标、分层、跟进、团队协同管理（抖音商家后台“我的达人库”、第三方营销SaaS均属于此类）。




简单理解：公共库=全网达人检索大海；私有库=品牌自己沉淀、可反复复用的优质达人资产。



二、达人库能帮品牌解决的核心痛点


（一）解决「找达人难、匹配不准、踩坑多」问题




告别盲找达人，精准筛选匹配
多维度筛选：赛道、粉丝体量、粉丝年龄/地域/消费力、互动率、历史带货品类、客单价、ROI、竞品合作达人一键扒取，快速筛出贴合品牌调性、目标人群一致的博主，不用手动翻账号、手抄名单。


规避刷量、虚假达人风险
自带真实平台数据，沉淀过往合作效果，建立内部达人评级，过滤数据注水、转化差、履约敷衍的达人，减少营销预算浪费。


快速挖掘潜力达人
智能推荐同类达人、高潜中小KOC、竞品长期合作达人，扩充达人矩阵，不局限头部主播，搭建“头部+中腰部+素人”分层投放矩阵。




（二）解决「达人资源流失、无法沉淀企业资产」问题



绝大多数品牌靠销售/商务私人微信存达人，员工离职直接带走资源，达人关系全部清零。

达人库把达人信息、合作记录统一存企业系统，资源归公司所有，支持线索分配、离职资源交接，达人资源变成可复用的品牌资产，而非员工个人资源。



（三）解决「达人合作流程低效、沟通成本高」问题




全生命周期流程数字化
统一管理：意向建联→寄样→谈合作→排期发布→内容验收→结算→复盘，实时更新合作状态，不用跨表格、微信反复核对进度。


批量建联、自动跟进
一键批量发合作邀约、统一发送品牌brief，系统记录沟通记录，新人接手可快速看懂达人历史沟通细节，大幅减少重复沟通。


团队协同分工
子账号权限隔离，不同商务分管各自达人，避免团队抢达人、重复对接，提升投放团队人效。




（四）解决「投放无数据、无法复盘优化、预算浪费」问题




统一沉淀投放数据
自动汇总达人播放、互动、销量、GMV、投产、客单价、样品成本、坑位费，每个达人建立完整效果档案，直观区分“高投产达人”“低效达人”。


科学优化投放策略
长期数据沉淀后，清晰知道哪类达人转化最好、哪种内容形式卖货强，后续投放优先复用优质达人，淘汰低效博主，持续提升整体ROI。


分层精细化运营达人
给达人打标签：爆单达人、种草达人、性价比KOC、配合度差达人、长期框架合作达人，针对性制定合作方案：
优质达人：年度框架、更低打包价、优先新品首发；
潜力达人：持续小额种草孵化；
劣质达人：减少投放、不再合作。




（五）解决「长期议价弱、达人配合度低」问题




规模化合作拿到优惠报价
达人库沉淀稳定达人池，品牌可承诺年度持续投放，相比单次散投，更容易拿到更低坑位费、置换、额外流量资源、免费返场场次。


长期合作降低内容返工率
长期入库达人熟悉品牌定位、产品卖点、宣传禁忌，内容不用反复修改，沟通更顺畅，种草内容更贴合品牌调性。




（六）解决「多平台投放混乱、达人矩阵不成体系」问题



支持抖音、小红书、视频号、快手多平台达人统一收纳管理，统一规划种草、直播、短视频投放节奏，搭建完整达人营销矩阵，实现全域内容种草带货。



三、总结达人库核心价值




降成本：减少达人试错、人力沟通、重复投放浪费；


提效率：找达人、建联、跟进、复盘全流程自动化；


存资产：达人资源企业化沉淀，不受人员流动影响；


提转化：数据驱动精准投放，持续放大优质达人产出；


长期经营：搭建稳定达人合作生态，实现常态化种草、新品打爆、销量稳定增长。




13 个引用
推荐问题
 如何评估达人库的效果？
 如何使用达人库来挖掘潜力达人？
 品牌自建达人库有哪些优势？
引用来源
序号
	站点名称
	站点类型
	标题
	
文章负面词
	发布时间
1
	
抖音电商
	
电商平台
	
精选联盟-我的达人库-白皮书
	
--
	
2024-03-15


2
	
抖音电商
	
电商平台
	
玩转达人广场-精准找带货达人合作
	
--
	
2026-03-07


3
	
抖音电商
	
电商平台
	
抖音电商学习中心
	
--
	
2026-01-23


4
	
蝉圈圈
	
官网/独立站/行业垂直
	
告别数据碎片化!如何打造达人营销的“数据中枢”，让流量变资产 - 蝉圈圈
	
--
	
2025-09-26


5
	
搜狐
	
门户/自媒体平台
	
抖音商家如何用小青苔实现月销翻倍 达人营销全流程攻略_合作_数据_系统
	
--
	
2025-12-05


6
	
巨量星图
	
官网/独立站/行业垂直
	
巨量星图服务商达人库使用手册-星图营销服务平台
	
--
	
2024-08-28


7
	
DIA数皆智能
	
官网/独立站/行业垂直
	
KOX社媒营销_建立企业专属的KOX达人库以降低重复沟通成本_DIA-数皆智能
	
--
	
2025-12-02


8
	
帆软
	
官网/独立站/行业垂直
	
小红书达人分析有哪些常用工具?一站式平台助力品牌营销决策-帆软企业数字化知识百科
	
--
	
2025-11-03


9
	
TikTok for Business
	
视频平台
	
关于私有达人库
	
--
	
2025-08-01


10
	
AMT
	
官网/独立站/行业垂直
	
What Is an Influencer Database, and Why Most Brands Are Using the Wrong One
	
--
	
2026-03-25


11
	
抖音
	
视频平台
	
一件代发解决方案+一站式达人合作解决方案！ 一套系统全部解决！ 感兴趣的老板欢迎咨询！ #电商 #erp #达人合作
	
--
	
2025-10-14


12
	
抖音电商
	
电商平台
	
玩转达人广场-精准找带货达人合作
	
--
	
2026-03-07


13
	
PingCode
	
官网/独立站/行业垂直
	
建立达人数据库的目的是
	
--
	
2026-04-09",captured
150,730,阶段检查点，非最终 FULL,5FD1B74C891C7FCD1393F3731C55F917A6F0124ED0CFBCE5063FD190CA40ACF7,CQ-S-20260805-C2-Q0033,CQ-Q0033,"达人建联工具有哪些,能不能批量发邀约?",核心池,品类认知问题,2026-08-05,core_round_2,C2,collected,"收起
 达人建联工具有哪些,能不能批量发邀约? 
豆包·网页
搜索关键词
达人建联工具有哪些 支持批量邀约
第三方达人建联工具对比 批量发邀约风险
巨量千川 巨量星图 批量邀约达人功能
抖音达人批量建联邀约工具 官方第三方
达人建联工具&批量邀约说明



分为抖音国内官方工具、第三方SaaS工具、TikTok跨境工具；官方有合规批量邀约，第三方自动化批量私信有风控风险。



一、抖音国内（抖店/精选联盟/星图）官方工具【优先推荐，合规】


1.巨量百应（精选联盟达人广场）


能力：筛选达人→收藏达人，勾选收藏列表，支持【批量发起邀约】，给达人发精选联盟合作邀约（佣金、样品模式）
限制：只能发平台内部合作邀约，不能批量发抖音私信；有每日邀约额度；仅对已收藏达人批量，不能全选广场无限制群发私信。
适合：找达人挂精选联盟带货，免费。


2.巨量星图（品牌商单）



1）招募任务：批量圈选中小达人发布任务，达人自主报名，可批量导出报名达人，批量发起星图商单邀约，适合铺KOC种草。

2）批量导入达人ID邀约：单次最多导入500个星图ID批量定向邀约商单。






⚠️星图官方不支持批量抖音私信群发，只能走平台任务邀约会话。








重点提醒：抖音官方没有“一键批量给达人发抖音私信”的功能，所有第三方自动批量私信，属于模拟人工操作，有私信封禁、店铺处罚风险。





二、国内第三方达人建联SaaS（抖音）





风险提示：RPA自动化批量私信，容易触发风控，私信功能受限、店铺扣分，谨慎使用，优先只用筛选+导出，手动私信。







蝉圈圈（蝉妈妈旗下）
AI筛选达人，可批量勾选达人一键发送平台邀约，内置邀约模板，管理跟进状态；不建议开启自动私信轰炸。


魔盒（抖音服务市场）
达人筛选、批量发起联盟邀约，可在抖音服务市场订购。


各类抖店工具箱：抓取达人数据、导出联系方式，批量私信属于高风险功能，不建议高频使用。




三、TikTok跨境达人建联工具


官方：TikTok Creator Marketplace（TCM）


支持批量筛选达人，导出达人列表，模板化邀约，可批量导入达人名单发起官方邀约；不能无限自动私信，有平台每日限额。


第三方SaaS（跨境批量建联）




达秘Dami：插件，批量勾选达人、模板话术、批量私信邀约，设置发送间隔；受小店每日私信额度限制，不能突破平台上限。


蝉哒哒：私信+邮件双通道批量建联，带合规检测，降低风控。


达人精灵KOLSprite：适合无TikTok店铺，批量挖掘达人邮箱，批量邮件邀约。


AutoCreator：AI匹配，多渠道（私信、邮件、WhatsApp）批量建联。




✅能不能批量发邀约？分2种





✅合规批量邀约（官方）：可以

巨量百应收藏达人批量发起联盟合作邀约、星图导入ID批量商单邀约、TCM批量任务邀约。发送的是平台合作申请，不是抖音私信，安全无风控。




⚠️批量发抖音/TikTok私信（第三方自动群发）：技术能实现，但有风险

平台禁止自动化脚本批量私信骚扰达人，后果：私信功能封禁、店铺/账号限流，严重会限制精选联盟权限。








实操建议：第三方工具只用做筛选、导出达人库，话术模板参考，人工控制频次发送，不要挂机全自动跑大量私信。





选型小建议




抖店做带货：优先用【巨量百应达人广场】收藏后批量发起联盟邀约，安全免费。


品牌商单种草：用巨量星图招募任务批量圈达人。


需要大量BD触达：工具导出达人联系方式，微信/邮件人工二次触达，避开平台私信风控。





如果你告诉我你是做国内抖音还是TikTok、抖店还是品牌投放、大概每天要触达多少达人，我可以帮你精简一套实操流程。



23 个引用
引用来源
序号
	站点名称
	站点类型
	标题
	
文章负面词
	发布时间
1
	
巨量星图
	
官网/独立站/行业垂直
	
抖音招募任务-一口价模式-星图营销服务平台
	
--
	
2026-06-12


2
	
妙手ERP
	
官网/独立站/行业垂直
	
达人建联功能说明 - 妙手ERP
	
--
	
2026-06-15


3
	
抖音
	
视频平台
	
达人建联工具分享 你睡觉了，他还在帮你建联达人。#tiktok #跨境电商 #达人建联#达秘
	
--
	
2026-06-26


4
	
抖音
	
视频平台
	
TikTok 跨境卖家的达人建联神器！。Dami 达秘是什么？TikTok 跨境卖家的达人建联神器！😭新手卖家必看 作为刚做 TikTok Shop 的小白，我真的被达人建联虐到怀疑人生！每天刷视频找
	
--
	
2026-04-30


5
	
达人精灵（KOLSprite）
	
官网/独立站/行业垂直
	
没有 TikTok 店铺如何做达人营销?亚马逊/独立站卖家 TikTok 达人建联指南 (2026) | 达人精灵
	
--
	
2026-06-25


6
	
巨量星图
	
官网/独立站/行业垂直
	
客户抖音移动端使用指南-星图营销服务平台
	
--
	
2025-12-15


7
	
抖音电商
	
电商平台
	
玩转达人广场-精准找带货达人合作
	
--
	
2026-03-07


8
	
抖音
	
视频平台
	
抖店达人邀约太累？这个工具箱一键批量搞定 #抖店工具箱 #抖音电商 #达人邀约 #电商运营工具 #电商干货 #618大促 #2026电商 #电商避坑
	
--
	
2026-05-11


9
	
AutoCreator
	
官网/独立站/行业垂直
	
AutoCreator-TikTok官方首推AI自动化达人营销Agent_TikTok达人营销就用AutoCreator
	
--
	
--


10
	
蝉圈圈
	
官网/独立站/行业垂直
	
一键建联1000+达人，蝉圈圈AI商务员工开启高效达人合作新篇章 - 蝉圈圈
	
--
	
2025-10-17


11
	
抖音开放平台
	
视频平台
	
魔盒-抖音达人邀约助手电商选品辅助工具 - 抖音开放平台
	
--
	
--


12
	
巨量星图
	
官网/独立站/行业垂直
	
抖音招募任务-按效果结算模式-星图营销服务平台
	
--
	
2026-05-19


13
	
php.cn
	
官网/独立站/行业垂直
	
巨量百应怎么找达人带货 巨量百应达人广场合作邀约教程-浏览器-PHP中文网
	
--
	
2026-01-01


14
	
巨量星图
	
官网/独立站/行业垂直
	
招募任务一口价-带货达人团-星图营销服务平台
	
--
	
2026-06-12


15
	
抖音
	
视频平台
	
达人邀约成功后详细流程 - 抖音
	
--
	
2025-09-23


16
	
巨量星图
	
官网/独立站/行业垂直
	
达人管理-星图营销服务平台
	
--
	
2026-05-19


17
	
巨量星图
	
官网/独立站/行业垂直
	
【星图保底+佣金任务】服务商入驻+操作指南-星图营销服务平台
	
--
	
2025-06-21


18
	
搜狐
	
门户/自媒体平台
	
手动私信、通用群发工具、蝉哒哒:三类TikTok达人建联模式深度对比_合作_匹配_统一
	
--
	
2026-04-28


19
	
广州皓恒网络网站制作公司
	
官网/独立站/行业垂直
	
达秘 - Tiktok网红达人自动营销软件 | 拓边达
	
--
	
--


20
	
达秘
	
官网/独立站/行业垂直
	
TikTok 批量邀约达人全攻略:从高效筛选到规模化合作的实战指南 - 【达秘官网】
	
--
	
2025-06-23


21
	
抖音
	
视频平台
	
TK 达人建联还在拼体力？这 3 个批量邀约秘籍，建议大卖直接闭眼抄！ 做 TikTok 跨境，谁懂达人建联的痛？😭 以前手动点到手酸，现在还没搞懂批量邀约？ 整理了目前市面上最常用的 3 种批量玩法，优缺点全拆解，想爆单的宝子看过来！ 1️⃣ 系统方案 A：Add Manage Creator（基础款） 优点✅： 官方原生后台，支持导入 Creator List，单次上限 100 人。 缺点❌：
	
--
	
2026-05-09


22
	
搜狐
	
门户/自媒体平台
	
TikTok私信风控无忧!蝉哒哒合规+双通道，高效安全建联达人_卖家_平台_检测
	
--
	
2026-05-13


23
	
达秘
	
官网/独立站/行业垂直
	
达人建联插件全解析:高效链接优质达人的营销新基建-【达秘官网】
	
--
	
2025-06-20",captured
150,730,阶段检查点，非最终 FULL,5FD1B74C891C7FCD1393F3731C55F917A6F0124ED0CFBCE5063FD190CA40ACF7,CQ-S-20260805-C2-Q0034,CQ-Q0034,"达人建联是什么意思,具体要做哪些动作?",核心池,品类认知问题,2026-08-05,core_round_2,C2,collected,"收起
 达人建联是什么意思,具体要做哪些动作? 
豆包·网页
搜索关键词
达人建联是什么意思 具体动作
电商达人建联流程
达人建联怎么做 商家端
达人建联是什么



达人建联，就是商家主动找到意向达人/达人商务，打通沟通渠道、发起带货合作邀约的整套动作。






⚠️建联成功≠达成合作，只是建立沟通渠道，拿到对接窗口，后面还要谈条件、寄样、排期、履约才算正式合作。

常用于抖音、快手、小红书、TikTok电商，商家BD日常核心工作就是达人建联。





完整要做的具体动作（实操全流程）


一、建联前准备（基础工作）




筛选目标达人
从达人广场/精选联盟/星图，筛选类目匹配、粉丝画像匹配、有带货产出的达人；不只看粉丝数，重点看互动、成交、内容风格，区分头部/中腰部/素人，优先对标竞品的合作达人。


物料准备
货盘表（产品、价格、佣金、优惠券）、产品图/卖点文档、合作模式说明（纯佣金、坑位费、样品置换）、品牌简介；同时平台后台开好定向佣金计划，方便达人直接挂载商品链接。


搭建达人管理表格
记录达人ID、粉丝、联系方式、沟通状态、是否寄样、排期、出单数据，方便跟进复盘。




二、触达&发起建联（核心动作）




获取对接渠道
平台内：精选联盟发邀约、星图一键联系、平台私信；
外部：主页留的微信、商务邮箱；MCN机构就对接机构商务。


首次沟通邀约
简短自我介绍，讲清楚品牌、产品、佣金/合作模式，抛出合作意向；







要点：利益前置，不要长篇大论；优先讲佣金、福利，再讲产品。







跟进回复
已读不回，间隔3‑7天礼貌二次跟进；区分已读、拒绝、意向待定、同意合作，标记表格。




三、意向达成后（建联之后的落地动作）




谈定合作细节
确认合作形式：短视频/直播；结算：坑位费/纯佣/样品置换；佣金比例、排期时间、视频要求、是否排他、退货规则。


寄样履约
确认达人愿意测评，安排寄出样品，同步物流单号，跟进签收；记录寄样时间、物流状态。


同步素材与brief
给到卖点、参考脚本、禁忌、视频要求，降低达人创作门槛。


盯排期&内容交付
跟进达人拍摄、发布时间；视频出来后核对是否符合要求；视频/直播发布，确认商品链接正常挂载。


数据复盘与维护
统计播放、GMV、转化率；表现好的达人拉入长期合作池；效果差标记，后续减少建联；定期维护达人关系，新品优先推送。




两种合作模式的建联区别




纯佣金模式（中小达人为主）：建联重点突出高佣金，大多走样品置换，无坑位费；


付费坑位费模式（中头部达人）：建联要讲预算、brief、排期，走星图下单签约，流程更正式。




常见误区




建联不等于加上微信，加了没意向=建联无效；


不要只看粉丝，很多百万粉达人带货转化很差；


广撒网建联后，必须做进度追踪，大量达人拿到样品不产出内容，要做好管控。





如果你需要，我可以给你一套达人建联的私信开场白模板。



14 个引用
推荐问题
 如何与达人进行有效的沟通和合作？
 如何高效筛选目标达人？
 怎样的合作模式说明更能吸引达人？
引用来源
序号
	站点名称
	站点类型
	标题
	
文章负面词
	发布时间
1
	
巨量星图
	
官网/独立站/行业垂直
	
客户抖音移动端使用指南-星图营销服务平台
	
--
	
2025-12-15


2
	
妙手ERP
	
官网/独立站/行业垂直
	
达人建联功能说明 - 妙手ERP
	
--
	
2026-06-15


3
	
抖音
	
视频平台
	
TikTok跨境电商达人建联方法与避坑指南
	
--
	
2025-12-24


4
	
抖音
	
视频平台
	
一个视频讲清楚达人建联的全流程 #如何找达人带货 #达人带货对接 #电商 #达人分销达哥 #达人带货
	
--
	
2026-07-03


5
	
蝉圈圈
	
官网/独立站/行业垂直
	
达人建联高效沟通指南:从话术到技巧，促成品牌达人合作 - 蝉圈圈
	
--
	
2025-09-12


6
	
CSDN博客
	
社区/论坛/博客
	
直播带货联动 TikTok 达人建联:4个实战案例复盘，附完整操作流程-CSDN博客
	
--
	
2026-06-25


7
	
抖音电商
	
电商平台
	
抖音电商学习中心
	
--
	
--


8
	
抖音
	
视频平台
	
做商务达人其实挺难的，尤其是跨境，掌握一些小技巧，事半功倍。#干货分享 #每日分享 #一分钟干货教学 #达人建联#tk运营
	
--
	
2025-12-10


9
	
人人都是产品经理
	
官网/独立站/行业垂直
	
如何高效建联达人 | 人人都是产品经理
	
--
	
--


10
	
AMZ123亚马逊导航
	
官网/独立站/行业垂直
	
PEAKS 达人内容赋能商家 All-in-one-AMZ123跨境导航
	
--
	
2025-09-05


11
	
抖音电商
	
电商平台
	
达人合作入门必修课
	
--
	
--


12
	
抖音
	
视频平台
	
0经验小白TK跨境之达人建联 快来学习新的知识啦～#新手做tiktok #tiktok干货来了 #跨境 #跨境电商 #电商出海干货知识分享
	
--
	
2026-06-01


13
	
抖音
	
视频平台
	
达人BD工作全流程与高效沟通策略解析
	
--
	
2025-12-10


14
	
巨量星图
	
官网/独立站/行业垂直
	
抖音指派任务一口价-1v1合作模式介绍-星图营销服务平台
	
--
	
2026-06-18",captured
150,730,阶段检查点，非最终 FULL,5FD1B74C891C7FCD1393F3731C55F917A6F0124ED0CFBCE5063FD190CA40ACF7,CQ-S-20260805-C2-Q0035,CQ-Q0035,达人投放管理系统能解决哪些投放复盘问题?,核心池,品类认知问题,2026-08-05,core_round_2,C2,collected,"展开
 达人投放管理系统能解决哪些投放复盘问题? 
豆包·网页
达人投放管理系统能解决的投放复盘问题



达人投放复盘核心目标：还原投放全链路、定位好坏原因、沉淀可复用经验、优化后续预算与选号。系统主要解决手工复盘效率低、数据割裂、归因混乱、信息散、难以沉淀、难以对比评估六大类痛点，下面拆解具体解决的复盘问题：



一、数据分散，多平台手工汇总难的复盘问题




解决多平台达人数据割裂：抖音、小红书、B站、视频号等不同平台后台数据不互通，过去需要复制粘贴Excel，容易错漏。系统统一拉取达人后台数据、广告投放数据、电商成交数据，自动汇总复盘报表。


解决多账号、多批次投放整理繁琐：批量活动、多批次达人投放，不用手工整理几十上百份达人截图，一键导出全批次复盘数据。


解决成本数据归集麻烦：达人报价、服务费、样品费、返佣、投流追加预算，全部归集到单条达人笔记，复盘时直接看真实总成本，不是只看坑位费。







复盘痛点：手工统计经常漏算样品、追加千川/薯条费用，导致ROI算错。





二、效果评估与归因复盘问题（最核心）




单达人效果复盘：快速判断达人值不值得合作，自动输出单达人维度：曝光、播放、互动、点击率、引流、GMV、转化、真实ROI、千次成本、单客成本。解决“哪个达人跑的好、哪个亏了”手工计算麻烦。


内容维度复盘：按脚本类型、产品卖点、视频形式（开箱/测评/剧情）、笔记标签做分组复盘，识别哪种内容转化率更高。解决“不知道到底是达人能力还是内容脚本决定转化”。


区分自然流量 vs 付费投流流量：复盘区分达人笔记本身自然带来的转化，和后期付费加热带来的转化。解决误区：把投流的效果全部算到达人本身能力上。


归因混乱问题：区分达人种草的间接转化、直接下单，识别种草回流；解决手工复盘分不清订单来自达人、搜索、其他渠道。


批量对比复盘：同预算、同产品下，不同粉丝层级达人对比复盘（头部/中腰部/素人），输出哪一类达人投产更高。




三、投放质量与风险复盘问题




达人内容质量复盘：统一归档达人发布稿件、修改版本，复盘翻车案例：笔记违规、限流、删稿、数据异常刷量。系统标记异常数据（异常暴涨暴跌互动），识别刷量达人。


履约复盘：复盘达人是否按时发布、是否修改脚本、有没有漏标广告；统计违约达人，复盘合作履约风险。


流量异常复盘：笔记被限流、下架，系统记录状态，复盘哪些选题/达人更容易违规踩坑。




四、预算与成本复盘问题




真实成本核算：坑位费+样品+投流+佣金合并计算单笔记综合成本，复盘单位曝光成本、单转化成本，避免只看表面坑位费。


预算分配复盘：复盘预算给到头部/腰部/素人的产出，判断后续预算该倾斜哪一类达人；复盘哪些活动预算浪费。


结算校验复盘：结合达人约定KPI（比如承诺曝光）和实际数据复盘，判断达人是否达标，辅助结算扣款。




五、资产沉淀复用类复盘问题




达人库标签沉淀：复盘完成后自动给达人打标签：高转化/高曝光/性价比差/刷量，复盘结果直接沉淀到达人档案，下次选达人不用重新评估。解决“每次投放完，经验只记在运营脑子里，人员离职经验丢失”。


内容案例沉淀：把跑爆/跑崩的达人笔记归档复盘，沉淀爆款脚本、避雷脚本库。


历史投放可回溯：历史投放批次随时调取复盘，跨季度对比投放效果；Excel容易丢失，系统持久保存全量投放记录。




六、团队协作复盘问题




复盘报表自动生成，运营、媒介、市场、财务可以共享同一套数据，避免各版本Excel数据不一致。


复盘备注留痕：针对单条达人记录复盘结论（比如该达人曝光好转化差，适合做种草不适合带货），团队所有人都可见。




📌 系统不能解决的复盘边界



系统只能聚合数据、做统计对比，无法自动输出业务策略。比如“为什么这条笔记爆了”，系统可以告诉你数据指标，但深层原因（热点巧合、平台算法红利）还是需要运营结合业务做人工分析。



简单总结


传统手工投放复盘痛点	达人投放管理系统解决能力
多平台复制粘贴Excel，易出错	多源数据自动归集，自动算成本ROI
分不清自然流量和投流效果	拆分自然/付费流量，还原真实达人价值
复盘经验存在人脑中，离职丢失	达人标签、案例库沉淀，可回溯历史投放
很难批量对比上百个达人效果	多维度分组对比，快速筛选好坏达人
漏算样品、投流、佣金，成本失真	全成本归集，还原真实投放收益



如果你需要，我可以帮你整理一份达人投放复盘模板（可直接用于PPT汇报）。



推荐问题
 达人投放管理系统的市场价格是多少？
 达人投放管理系统可以解决达人投放复盘的全部问题吗？
 达人投放管理系统是如何进行效果评估与归因复盘的？",confirmed_none
150,730,阶段检查点，非最终 FULL,5FD1B74C891C7FCD1393F3731C55F917A6F0124ED0CFBCE5063FD190CA40ACF7,CQ-S-20260805-C2-Q0036,CQ-Q0036,达人营销管理系统应该包含哪些功能?,核心池,品类认知问题,2026-08-05,core_round_2,C2,collected,"展开
 达人营销管理系统应该包含哪些功能? 
豆包·网页
达人营销管理系统完整功能模块拆解



整体分为基础台账管理、达人筛选招募、 campaign项目管理、内容审核投放、数据监测复盘、合同结算财务、合规风控、权限配置、工具支撑九大核心板块，适配品牌方、MCN机构、广告代理商三类主流使用场景。



一、达人档案库（核心基础模块）


1.达人基础信息档案


达人账号多平台收录：抖音、小红书、视频号、B站、快手、微博、知乎、大众点评等账号主页、ID、昵称、头像、品类标签
达人属性标签：垂类（美妆/美食/汽车/母婴/家居）、粉丝画像（年龄、城市、性别、消费力）、账号等级（头部/中腰部/素人/探店达人/直播达人）、账号类型（短视频、图文、直播、合集）
联系方式：商务微信、邮箱、经纪人、MCN归属、签约状态（独家/非独家/自签约）
档期台账：可接单日期、禁接品类、档期冲突预警


2.达人资产数据档案



历史粉丝量、30天涨粉、平均播放/点赞/评论/收藏、互动率、完播率、直播场均GMV、带货转化率、过往品牌合作历史、避雷黑名单标记



3.达人报价管理



一口价、刊例价、优惠价、置换价、纯佣、坑位费+佣金、打包套餐（短视频+直播+合集）、季节性调价记录、历史成交价格存档



二、达人智能筛选&招募模块


1.多维度筛选检索



条件筛选：平台、垂类、粉丝量级、互动率、报价区间、城市、是否可直播、是否可置换、过往同品类投放效果、有无竞品合作记录

标签组合筛选+高级搜索、达人对比看板（多达人横向数据对比）



2.达人种草池/备选池搭建



意向达人收藏、备选分组、优质达人星标、竞品合作达人单独分组、地域达人池（本地探店）



3.线上建联&邀约



一键生成合作brief、批量给达人发合作邀约、邀约状态追踪（未联系/已沟通/待报价/确认合作/拒绝）、拒绝原因备注、自动提醒跟进商务



三、营销活动（Campaign）项目全流程管理


1.项目立项



新建营销活动：活动名称、品牌、产品线、活动周期、投放预算、投放平台、核心KPI（曝光/种草/引流/带货）、负责人、项目分组



2.排期规划



达人投放排期表可视化、内容发布日期排布、错峰发布规划、直播档期排布、排期变更日志、逾期预警



3.任务下发



给达人下发合作需求：Brief文档、口播要点、产品卖点、违禁话术、发布时间、挂载链接、话题标签、@品牌账号、素材交付要求



4.任务状态流转



状态节点：待确认→待寄品→素材初稿审核→修改定稿→按时发布→上线校验→结案归档

样品寄送管理：样品出库、快递单号、签收确认、样品回收登记



四、内容审核与上线管控模块




初稿审核：达人返稿图文/视频线上预览、批注修改意见、多轮版本存档、不合格驳回重制


上线核验：达人发布后链接录入系统，系统自动抓取作品，校验发布时间、话题、挂载链接、品牌露出是否合规


违规拦截：漏标广告、口播违规、竞品露出、文案错误标记，一键记录违规处罚依据


合集/矩阵内容统一管理：系列种草内容统一归档




五、全域数据监测&效果分析（核心价值模块）


1.实时数据抓取



作品曝光、播放、点赞、评论、收藏、转发、引流UV、笔记跳转链接点击、直播间观看、成交订单、GMV、佣金消耗、优惠券核销、本地POI到店核销



2.数据看板


单达人效果报表：投入成本、曝光成本CPM、互动成本CPE、引流成本CPC、投产ROI
整体活动大盘：总预算消耗、总曝光、总种草量、整体ROI、各平台效果对比、达人层级效果对比（头部vs腰部vs素人）
爆款内容自动识别、低效达人标记


3.评论舆情分析



抓取评论关键词、正面/负面/中性情感判定、负面评论预警，快速排查达人内容舆情风险



4.结案自动报表



一键导出活动结案PPT/Excel，包含投放明细、达人清单、成本、KPI完成度、爆款案例总结



六、合同、结算、样品财务管理模块


1.电子合同管理



线上合作协议签署、合同存档、合作条款留存（排他、版权、违约责任）



2.费用结算管理



达人应付金额、预付款、尾款、置换抵扣、发票登记、付款审批流、付款记录台账、预算消耗实时扣减、预算超支预警



3.样品资产管理



样品库存、申领记录、寄出物流、达人签收、未退回样品统计、样品成本核算入投放成本



4.对账台账



月度达人对账、项目成本汇总、财务凭证归档



七、合规与风控管理（必备刚需功能）




广告合规管控：强制检查是否添加#广告/#合作 商业推广标识，未标红预警


竞品合作风控：标记达人近3个月竞品投放记录，禁止复用


黑名单管理：数据造假达人、翻车舆情达人、履约失信达人、盗图违规达人录入黑名单，投放拦截


版权管理：达人内容商用版权授权登记，品牌二次剪辑使用权限备案


舆情风险库：达人过往负面新闻、翻车事件存档，前置避雷




八、MCN机构专属增值功能




旗下签约达人绩效管理、达人收入分成核算


达人孵化数据追踪（涨粉、内容产出量、接单收益）


自有达人库存对外招商报价页


多品牌客户项目隔离管理




九、系统基础支撑功能




组织权限管理：超级管理员、运营、商务、财务、管理层角色权限，数据查看/编辑/审批权限区分


消息提醒：档期临近提醒、稿件待审提醒、付款到期提醒、数据异常预警、达人逾期未发布提醒


数据大屏：整体投放实时大屏，用于管理层汇报


API对接：对接平台后台、电商订单系统、CRM、企业微信，打通数据


文件中心：Brief、素材、合同、结案报告云端存档




十、轻量化版本（中小品牌简易版精简功能）



达人台账+达人筛选+活动排期+稿件审核+基础数据统计+结算台账，砍掉复杂大屏、API、多级审批，满足日常达人投放管理即可。



核心价值总结



整套系统解决4大痛点：达人资料杂乱无章、投放排期混乱漏发、效果无法量化核算、对账结算低效，实现达人投放从选品、签约、投放、审稿、数据、结算全链路线上化闭环。

需要我给你一份**达人营销系统产品PRD功能清单（可直接交付开发）**吗？



推荐问题
 如何评估一个达人营销管理系统的好坏？
 推荐一些好用的达人营销管理系统
 品牌方使用达人营销管理系统的流程是怎样的？",confirmed_none
150,730,阶段检查点，非最终 FULL,5FD1B74C891C7FCD1393F3731C55F917A6F0124ED0CFBCE5063FD190CA40ACF7,CQ-S-20260805-C2-Q0037,CQ-Q0037,"达人邀约工具有哪些,能不能自动跟进?",核心池,品类认知问题,2026-08-05,core_round_2,C2,collected,"收起
 达人邀约工具有哪些,能不能自动跟进? 
豆包·网页
搜索关键词
达人邀约工具有哪些 支持自动跟进
主流达人合作邀约SaaS平台自动跟进功能对比
抖音快手小红书达人邀约管理系统自动触达跟进
一、主流达人邀约工具分类（国内抖音/快手/小红书 + 海外TikTok）


（一）国内电商平台官方自带工具（零成本、合规安全）


1. 抖音精选联盟后台（商家/团长原生邀约）


基础能力：达人广场定向邀约、批量发起合作计划、站内私信沟通、意向标记
自动跟进能力（有限自动化）
1）可设置未读/未回复手动定时提醒，系统自带意向状态看板（待沟通、已意向、寄样中、履约中）；
2）无原生自动发二次跟进私信，仅支持人工触发消息；可搭配后台「招商活动」定时推送活动通知；
3）优势：100%平台合规，不会风控封号，适合中小商家日常基础邀约。


2. 快手磁力金牛/磁力聚星、小红书蒲公英平台


官方定向邀约、商单派发、合作进度看板；
仅支持状态自动标记，不支持系统自动发跟进私信，跟进动作需要人工操作。


（二）国内SaaS达人邀约管理工具（带成熟自动跟进，抖音/快手/小红书）


1. 抖店招商类工具（抖店工具箱、超级商务）



核心自动跟进功能：





批量定向邀约，自定义多轮跟进SOP：未回复24h/48h自动补发二邀、三邀话术；


达人意向确认后，自动推送寄样政策、佣金方案、Brief文档；


寄样物流同步后自动给达人推送物流提醒；超时未履约自动催拍提醒；


全流程进度自动打标签（待邀约→已触达→意向→寄样→履约→结算），漏跟进预警；




适配：抖店商家、招商团长，站内私信合规模拟人工间隔发送，规避风控。


2. 飞瓜智星、蝉妈妈达人CRM



定位：数据筛选+邀约+轻量化跟进自动化



AI筛选达人、一键批量邀约；配置规则：未回复定时提醒、意向达人自动归档；
跟进以消息提醒+人工承接为主，自动二次触达能力偏弱，侧重达人数据管理。


3. 大鱼CRM、MCN专用达人CRM系统



面向MCN、品牌媒介团队的全链路达人CRM：





搭建标准化自动化流程：邀约→洽谈→寄样→排期→催更→复盘全节点触发自动消息；


超时节点自动预警（比如寄样7天未产出自动推送催拍）；


达人档案沉淀、历史沟通记录存档，自动分级维护优质达人。




4. 实在智能RPA/AI数字员工



高阶自动化方案：



拖拽搭建全流程自动化：自动筛选达人→个性化邀约话术生成→多轮定时跟进私信；
识别达人回复关键词（同意寄样、拒绝、观望）自动分流：
同意：自动下发寄样工单、同步仓库、通知商务；
观望：定时推送爆款案例、佣金调整方案；
拒绝：自动归档标签，后续定期推送新品活动；
打通钉钉/飞书，异常节点自动推送人工介入提醒。


（三）海外TikTok专属邀约自动化工具（跨境卖家主流）


1. AutoCreator（TikTok官方合作AI Agent）



全链路全自动跟进标杆



AI智能匹配达人→自动多渠道（站内邀约、私信、WhatsApp）分层建联；
履约全程自动跟进：定时催确认Brief、催拍摄、催上架视频；每小时巡检合作状态，超时自动补发跟进消息；云端运行无需电脑挂机；
样品审核、数据回收、ROI统计自动化。


2. 花漾TK、赛狐ERP（TikTok Shop）




赛狐ERP：单次最高1000达人批量邀约，按时间序列自动分批发送邀约，避免平台风控限流；可设置未回复隔日自动二次邀约；


花漾TK：样品自动审批、样品寄出后自动追踪物流，未履约达人批量自动催拍私信；私域WhatsApp自动定时跟进维护。




3. Allymatic、达秘、Proboost


Allymatic：搭建固定建联工作流，按沟通节点自动触发跟进消息，对话数据统一收纳；
达秘：主打达人挖掘+批量邀约，基础定时跟进提醒，履约端自动化较弱。


（四）海外专业Influencer CRM（品牌出海大客户）



GRIN、Upfluence、Traackr、CreatorIQ

基于邮件/社媒私信搭建自动化 nurture 跟进序列：首轮邀约→3天未回跟进→7天二次触达→新品定期推送，合作节点自动发送合同、Brief、付款提醒，适合品牌全球化达人投放。



（五）轻量化免费方案：通用CRM（企业微信/纷享销客/简道云）



搭建简易达人跟进自动化：





表格录入达人线索，设置定时SOP提醒；


企业微信定时自动发送邀约消息、跟进提醒；


优点成本低，缺点无法对接平台站内私信，仅适合私域达人维护。




二、能不能自动跟进？分档位说明


1）轻度自动跟进（绝大多数工具标配）



✅ 可实现：



邀约状态自动标记、超时未回复系统弹窗/消息提醒商务；
固定节点自动推送标准化消息（物流通知、活动上新通知）；
达人库自动标签分层归档。
❌ 必须人工：深度议价、合同签订、特殊诉求沟通。


2）中度自动化（主流SaaS）



✅ 可实现：

配置固定时间策略自动多轮站内私信二次邀约、寄样后定时催拍、意向达人自动推送资料，全程无需人工手动点发送；系统识别回复自动分流。



3）高度全链路自动化（AI Agent、RPA、高端海外SaaS）



✅ 全流程无人值守：

AI个性化写邀约话术→自动分时段发送→识别达人回复自动决策；寄样、排期、催更、数据回收、结算提醒全节点自动跟进，仅异常单推送人工处理。



三、自动化跟进核心常见模式（行业通用SOP）




首轮邀约发出 → 24h未读：自动补发轻量化提醒；


48h无回复：换一套优惠话术（高佣、免费样品）二次邀约；


达人同意寄样：自动推送收件指引+物流同步提醒；


样品签收后3/7天：自动跟进拍摄进度、催确认脚本；


约定档期临近：自动提醒达人按时发布；


发布后自动抓取数据，优质达人自动标记长期维护，定期推送新品。




四、重要风控提醒（必看）




抖音/小红书站内私信高强度全自动群发极易触发平台限流、私信封禁，所有自动化工具都需要设置发送间隔、单日邀约上限，模拟人工节奏；


第三方非官方破解类采集达人联系方式、强制私信工具，存在账号封禁、信息合规风险，优先选择官方API授权SaaS；


纯自动化无法替代商务核心谈判，自动化只解决「触达、提醒、标准化推送」，复杂商务谈判、异议处理依旧需要人工介入。




五、选型简易建议




国内中小抖店商家：精选联盟后台+抖店轻量化邀约工具（中度自动跟进足够）；


规模化团长/MCN：大鱼CRM、实在RPA，全流程节点自动化管控；


TikTok跨境卖家：AutoCreator、花漾TK，原生适配TikTok生态履约自动跟进；


品牌大客户海外投放：GRIN、Upfluence专业海外达人CRM邮件+社媒自动化序列。




17 个引用
推荐问题
 如何使用抖店招商类工具进行达人邀约？
 哪些达人邀约工具支持海外TikTok平台？
 有哪些免费的达人邀约工具？
引用来源
序号
	站点名称
	站点类型
	标题
	
文章负面词
	发布时间
1
	
AutoCreator
	
官网/独立站/行业垂直
	
AutoCreator-TikTok官方首推AI自动化达人营销Agent_TikTok达人营销就用AutoCreator
	
--
	
--


2
	
赛狐ERP
	
官网/独立站/行业垂直
	
想精准锁定优质TK达人?赛狐ERPTikTok达人邀约专属工作台高效赋能
	
--
	
2026-06-12


3
	
搜狐
	
门户/自媒体平台
	
抖店邀约-抖店工具箱-支持抖店-邀约在线沟通-还可采集达人电话微信或商家电话微信!_合作_店铺_自动
	
--
	
2026-07-13


4
	
allymatic
	
官网/独立站/行业垂直
	
TikTok达人建联工具 | 自动化邀约、跟进 workflow 与批量私信 | allymatic阿力
	
--
	
--


5
	
实在智能
	
官网/独立站/行业垂直
	
如何批量邀约抖音达人?智能自动化全流程指南 - 实在智能
	
--
	
2026-07-07


6
	
实在智能
	
官网/独立站/行业垂直
	
TikTok达人邀约效率低?Agent批量邀约实战指南 - 实在智能
	
--
	
2026-07-22


7
	
搜狐
	
门户/自媒体平台
	
达秘、Proboost、花漾TK怎么选?TikTok达人工具对比指南_管理_直播_自动化
	
--
	
2026-05-15


8
	
Creator Hero
	
官网/独立站/行业垂直
	
Top 10 Best Influencer CRM Software
	
--
	
2026-06-24


9
	
广州皓恒网络网站制作公司
	
官网/独立站/行业垂直
	
A创 - TikTok官方首推AI自动化达人营销Agent | 拓边达
	
--
	
--


10
	
Q2BStudio
	
官网/独立站/行业垂直
	
Top 7 alternativas a Influencity con outreach nativo y CRM integrado
	
--
	
2026-07-26


11
	
搜狐
	
门户/自媒体平台
	
花漾TK:一文读懂TikTok达人营销全链路管理系统_自动化_数据_样品
	
--
	
2026-03-23


12
	
bestcrmsoftwares.net
	
官网/独立站/行业垂直
	
Best Tools to Manage Deals (2026)
	
--
	
2026-07-05


13
	
AI创作导航
	
官网/独立站/行业垂直
	
飞瓜智星 - AI创作导航 | 短视频与自媒体AI创作工具箱
	
--
	
2025-10-19


14
	
达人邀约自动化工具
	
官网/独立站/行业垂直
	
达人邀约软件-支持抖音、快手、微信小店三大平台的达人自动邀约，限时免费试用-达人邀约自动化工具官网
	
--
	
--


15
	
搜狐
	
门户/自媒体平台
	
达人管理系统:MCN 机构一站式管控达人商单、寄样、对账全流程解决方案_样品_运营_企业化
	
--
	
2026-06-27


16
	
抖音
	
视频平台
	
让商务团队一人变三人！ #达人分销 #达人带货 #抖音电商 #抖店 #商务BD
	
--
	
2026-07-31


17
	
RPA之家
	
官网/独立站/行业垂直
	
抖音达人合作邀约RPA机器人 - 抖音网红营销自动化合作解决方案
	
--
	
--",captured
150,730,阶段检查点，非最终 FULL,5FD1B74C891C7FCD1393F3731C55F917A6F0124ED0CFBCE5063FD190CA40ACF7,CQ-S-20260805-C2-Q0038,CQ-Q0038,AI达人营销系统能帮品牌提升哪些环节效率?,核心池,业务场景问题,2026-08-05,core_round_2,C2,collected,"收起
 AI达人营销系统能帮品牌提升哪些环节效率? 
豆包·网页
搜索关键词
AI达人营销系统能帮品牌提升哪些环节效率
AI达人营销系统功能流程
AI达人营销系统提升品牌各环节效率



AI达人营销系统覆盖策略规划、达人筛选匹配、建联商务沟通、内容策划与审核、项目履约管理、投放监测、数据复盘与达人资产沉淀全链路，把大量重复人工工作自动化，缩短项目周期、降低人力成本、减少人为判断偏差。



1. 营销策略与方案规划环节


AI解析产品卖点、品牌定位、目标人群，自动输出营销方向、赛道建议、达人层级配比（头部/腰部/KOC）、投放预算参考，不用完全依赖营销人员经验判断。
抓取行业、竞品达人投放案例，输出brief初稿、营销脚本方向，快速搭建Campaign方案，缩短前期策划周期。


2. 达人挖掘&智能匹配环节（选达人）


基于粉丝画像、内容调性、历史带货转化、互动真实度、粉丝质量多维度，从海量达人库秒级筛选候选人，替代人工逐个搜账号、核对数据，避免漏选、错选。
剔除刷量、虚假数据达人，识别高性价比潜力KOC，提升选人精准度；支持按品类、受众、转化目标自动排序达人清单。


3. 达人建联、商务谈判环节（BD沟通）


AI自动生成个性化邀约话术，批量触达达人，自动跟进提醒档期、报价、样品需求；对达人的疑问自动应答，降低BD重复沟通工作量。
AI参考历史真实成交数据输出达人合理报价区间，辅助议价，减少溢价风险；自动记录达人底价、档期、合作偏好，形成达人沟通档案。


4. 内容策划、脚本与合规审核环节


AI结合产品卖点+达人风格输出脚本、口播文案、拍摄要点，输出标准化brief给到达人，减少来回沟通改稿成本。
自动完成内容初审：检查品牌信息、产品卖点、广告合规、违禁词，提前规避违规风险，减少人工逐条审核压力。


5. 项目履约、寄样、进度管理环节


全流程跟踪：寄样登记、达人排期、稿件交付、发布状态自动追踪，自动催稿、预警逾期未交付达人，不用人工表格反复核对进度。
统一管理多Campaign、大量达人的任务状态，可视化看板掌握项目整体进度。


6. 投放上线与效果实时监测环节


达人内容发布后，自动抓取曝光、点赞、评论、播放、点击、GMV、订单等全量数据，不用人工去各个平台抄数统计。
实时识别异常数据（异常刷量、低效内容），及时给到预警，支持对优质内容做二次加热投放建议。


7. 数据复盘、ROI核算环节


自动计算CPM、CPE、ROI、种草转化率等指标，输出投放复盘报告，区分不同层级、不同赛道达人的产出表现。
自动定位高价值/低效达人，分析哪些内容方向转化更好，给下一轮投放策略建议，把复盘从数天压缩到小时级。


8. 达人资产沉淀与复用环节


沉淀品牌自有达人库，标记达人合作效果、优缺点、报价、档期；自动分层优质达人、潜力达人、黑名单达人，后续项目可直接复用，不用每次重新从零找达人。
持续迭代模型：基于历史合作效果，后续选达人、报价、策略会越来越贴合品牌自身情况。


整体价值总结



传统达人营销从策划到复盘往往需要数周；AI系统将大量重复工作自动化，BD人力可以从重复筛选、沟通、抄数转向策略决策，整体项目周期大幅缩短，同时降低错配、溢价、踩坑风险。




如果你需要，我可以帮你整理一份对比表格：传统达人营销 VS AI达人营销系统，直观看到各环节效率差异。



12 个引用
推荐问题
 AI达人营销系统的数据复盘与达人资产沉淀环节有哪些功能？
 AI达人营销系统的内容策划与审核环节有哪些优势？
 AI达人营销系统的项目履约管理环节是如何工作的？
引用来源
序号
	站点名称
	站点类型
	标题
	
文章负面词
	发布时间
1
	
手机凤凰网
	
地方媒体/新闻
	
AIMarX亮相ChinaJoy 2026:以AI赋能出海营销全链路增长_凤凰网
	
--
	
2026-08-05


2
	
量子位
	
官网/独立站/行业垂直
	
头部厂商集体买单，全球AI原生达人营销头号平台正在诞生! – 量子位
	
--
	
2026-06-02


3
	
抖音
	
视频平台
	
达人建联也有AI工具！ 解放人力，让AI自动帮你聊达人#达人建联 #达人 #wavith #koc#AI
	
--
	
2026-06-17


4
	
抖音
	
视频平台
	
AI自动化系统助力KOL营销高效执行与成本优化
	
--
	
2025-08-12


5
	
凤凰网山东频道
	
地方媒体/新闻
	
AI打破营销边界!洽洽推出休食行业首个数字代言人“洽可儿”_凤凰网
	
--
	
2026-08-05


6
	
allymatic
	
官网/独立站/行业垂直
	
AI驱动的TikTok达人营销增长功能 | 达人营销管理、达人建联、达人分销与 ROI 分析 | allymatic阿力
	
--
	
--


7
	
AutoCreator
	
官网/独立站/行业垂直
	
AutoCreator-TikTok官方首推AI自动化达人营销Agent_TikTok达人营销就用AutoCreator
	
--
	
--


8
	
东方网
	
官网/独立站/行业垂直
	
达人营销新范式|小星AI解锁达人营销智能生态-企业频道-东方网
	
--
	
2026-05-29


9
	
蝉圈圈
	
官网/独立站/行业垂直
	
蝉圈圈AI超级商务Agent:达人营销全流程自动化的革命者 - 蝉圈圈
	
--
	
2025-10-21


10
	
AIWW
	
官网/独立站/行业垂直
	
AhaAI达人营销全流程 - AIWW
	
--
	
2026-05-12


11
	
智源社区
	
官网/独立站/行业垂直
	
头部厂商集体买单，全球AI原生达人营销头号平台正在诞生! - 智源社区
	
--
	
2026-06-03


12
	
腾讯网
	
门户/自媒体平台
	
AhaCreator 3.0 更新背后，AI 正在如何改变达人营销行业?_腾讯新闻
	
--
	
2026-06-05",captured
150,730,阶段检查点，非最终 FULL,5FD1B74C891C7FCD1393F3731C55F917A6F0124ED0CFBCE5063FD190CA40ACF7,CQ-S-20260805-C2-Q0039,CQ-Q0039,"发完手卡达人不回复,问题可能出在哪里?",核心池,业务场景问题,2026-08-05,core_round_2,C2,collected,"展开
 发完手卡达人不回复,问题可能出在哪里? 
豆包·网页
发完手卡达人不回复，问题可能出在哪





手卡=合作brief/置换/付费合作邀约手卡，达人读不读、回不回，本质是：看到了→愿意评估→觉得划算→才回复，卡在任意环节都会石沉大海。





一、触达层面：达人根本没看到你的消息




消息被折叠/进垃圾消息
抖音/小红书私信，达人后台会把非关注的商家消息归入「陌生消息/商业合作」文件夹，很多达人不会点开看；尤其批量群发，容易被平台降权、直接屏蔽。


账号权重问题
新号、经常群发广告、频繁发外链、频繁发相同文案，你的私信会被限流，达人收不到提醒。


发送时机不对
达人一般晚上更新、看私信；工作日白天很多达人不登后台；大博主商务由助理接管，助理只固定时段处理合作，白天发大概率搁置。


选错对接人
找的是达人个人号，但商务是MCN公司对接；个人号基本不处理合作，手卡发过去直接被忽略。




二、手卡&邀约本身：看到了，但不想回（最高频原因）


1.开篇没有钩子，一上来就丢手卡





错误做法：直接甩文件“您好合作请看手卡”

达人每天几十条合作，开头不说清楚：品牌、合作形式（付费/置换）、预算、产品、需求，直接丢手卡，达人根本不会点开。





2.合作吸引力不足


置换免费寄样，无佣金无稿费：中腰部以上达人基本不接纯置换；粉丝几千的素人可能接，万粉以上大多嫌弃。
预算低于达人心理报价：你没写预算，达人不想来回拉扯；看到手卡后报价远低于预期，直接不回，避免浪费时间。
产品/品类不匹配账号：美妆达人接五金、美食达人接母婴，账号粉丝不匹配，达人评估后觉得内容违和，直接无视。
要求过高：置换还要多条笔记、置顶、挂车、强转化、限时发布；低预算但要求大量镜头、复杂脚本，投入产出不对等。


3.手卡本身的问题



1）手卡太长，信息杂乱：一大堆背景介绍，核心信息（费用、产出数量、发布时间、是否寄样、硬性要求）埋在末尾，达人懒得读。

2）条件模糊：只说“希望合作”，不说是付费还是置换、稿费多少、需要几条、是否报销、样品是否退回。达人不想反复追问。

3）坑点藏在手卡里：比如要求投流配合、保底ROI、无限修改、后续二次商用、无偿复用素材，达人扫到直接放弃。

4）格式不方便：发长图、大PDF，加载慢；手机端阅读体验差。



4.品牌本身的问题


小杂牌、新品牌没知名度；达人担心广告掉粉、品牌有负面风险，不愿意接。
佣金模式：佣金比例太低，产品客单价低，就算挂车也赚不到钱，达人没动力。


三、沟通与话术问题




批量复制群发，话术一模一样，达人一眼识别是海投，不会回复。


态度强势：“麻烦尽快回复”“明天就要排期”，压迫感强。


只丢手卡，没有简单文字摘要：达人不想点开附件猜你的合作条件。




四、达人侧客观原因




排期已满：未来1‑2个月档期全满，懒得一一回复拒绝。


正在停更/接广告限流、账号准备转型，暂停接商单。


MCN内部流转慢：助理收到手卡，要报备给达人/上级，流程长，忘记回复；很多MCN不会礼貌回拒。


收到太多合作，选择“已读不回”代替拒绝，节省时间。






快速自查优化小方案（实操）




私信正文先写精简摘要，再附手卡







示例：您好，我们是XX品牌，想邀约您做付费合作，预算XX‑XX元，需要1条图文/短视频，9月上旬发布，产品是XX，详细需求在手卡，方便评估吗？







优先标注清楚：付费/置换、预算范围、笔记数量、时间、样品政策，不要全部塞在手卡里面。


避开群发，稍微带一点账号个性化（比如“看您之前做过XX品类内容很契合”）


发送时间：晚上19‑22点优先；MCN达人优先找商务邮箱/MCN后台，少发个人私信。


跟进：3‑5天无回复，可以礼貌跟进一次，不要连环轰炸。





如果你需要，我可以帮你写一版高回复率的达人私信邀约模板，或者帮你诊断你的手卡有哪些坑。",confirmed_none
150,730,阶段检查点，非最终 FULL,5FD1B74C891C7FCD1393F3731C55F917A6F0124ED0CFBCE5063FD190CA40ACF7,CQ-S-20260805-C2-Q0040,CQ-Q0040,"品牌做达人营销,该选什么样的达人营销系统?",核心池,业务场景问题,2026-08-05,core_round_2,C2,collected,"收起
 品牌做达人营销,该选什么样的达人营销系统? 
豆包·网页
搜索关键词
达人营销系统功能清单 品牌方视角
品牌达人营销系统怎么选 核心指标
达人营销平台对比 优缺点 品牌选择要点
达人营销系统避坑点 ROI 数据真实性
品牌选择达人营销系统核心标准



达人营销系统本质是达人挖掘‑筛选‑建联‑项目履约‑数据归因‑复盘分层‑结算的全链路工具，分三类：SaaS工具（自建项目，不强制走平台交易）、达人市场/撮合平台（平台提供达人池，撮合交易）、达人CRM（侧重内部沉淀自有达人库）。选型不要只看达人数量，优先匹配你的业务场景、团队规模、预算、投放平台（抖音/小红书/B站/TikTok）。



一、必有的核心能力（硬性门槛）


1、达人挖掘与验真（避坑第一关）




多维度筛选：品类、粉丝量级、粉丝画像（年龄、地域、性别）、互动率、内容标签、历史带货数据、报价区间；支持导入自有达人名单


虚假流量检测：识别刷量、异常互动、僵尸粉，看粉丝增长曲线、评论质量，不能只看粉丝数


AI匹配：输入品牌/产品，自动推荐适配达人，减少人工搜号成本







坑：很多系统只堆达人数量，没有验真能力，海量账号里混大量水号。





2、全流程项目管理（替代Excel、微信零散跟进）


campaign项目管理：创建活动、brief下发、脚本/内容线上审稿、发布排期、样品寄样全流程追踪（寄样审批‑发货‑签收‑履约）
达人CRM档案库：沉淀合作历史、报价、过往效果、标签分级（优质/待观察/黑名单），防止重复建联，沉淀自有达人资产
协作权限：多人分工，运营、审核、财务角色分开，适合团队协作


3、数据追踪与归因（最关键，决定能不能算ROI）




自动抓取达人发布后内容数据：播放、点赞、收藏、评论、转发；直播场观、GMV


转化归因能力：支持UTM、专属链接、专属券码，把达人内容和店铺订单打通，区分GMV、有效成交、剔除退款，计算真实ROAS/ROI


自动报表：按达人、商品、活动维度输出看板，支持导出复盘报告







重点：不能只看平台公开的内容数据，必须打通成交数据，否则只能做曝光评估，无法评估带货价值。





4、合规、结算与内容版权管理


合同、合作记录线上存档；记录素材白名单授权期限（达人视频二次投放DOU+/信息流的版权）
结算对账：坑位费、佣金核算，输出对账清单；部分系统支持资金托管、批量付款


二、按需选择的加分能力




建联能力：批量私信/邮件触达达人，AI生成合作话术，统计回复率，适合大规模铺量


UGC素材库：收集达人产出内容，剪辑切片，复用做广告素材


电商打通：对接抖音小店、小红书商城、Shopify等，订单自动同步，不用手动复制表格


竞品监测：看竞品投放哪些达人，抄作业找对标账号


AI内容审核：识别违规话术、夸大宣传，降低品牌风险




三、按品牌规模匹配系统类型


①中小品牌，刚起步做达人营销（预算少，团队1‑3人）



诉求：低成本，快速上手，优先验证模式，不需要复杂定制

优先选：轻量SaaS + 部分撮合市场



重点：达人筛选验真、基础项目管理、简易归因；不一定需要强大CRM
注意：不要上来就买高额年费版本，可以先试用，优先按项目付费模式。


②成长型品牌，稳定持续投放（每月几十‑上百个达人，有专职达人运营）



诉求：规模化铺达人，沉淀自有达人库，寄样管理、自动复盘，算清楚ROI

优先选：全链路SaaS达人营销系统/达人CRM

核心看：寄样履约流程、达人分层、订单归因、报表导出。区分：撮合平台适合找陌生达人；CRM适合沉淀反复合作的优质达人，两者可以搭配使用。



③大中型品牌，企业级（月投放百万级，多平台、多部门协同、有法务财务）



诉求：权限管控、合规版权、定制报表、对接内部ERP/CRM，大规模大使计划

优先选：企业级全栈平台

重点评估：API接口能力、定制化、合同版权管理、审计日志、多角色权限，注意这类产品年费较高。






撮合 marketplace平台的短板：达人是平台的，不是你的，优质达人容易被竞品抢走；适合找新达人，不适合沉淀长期合作资产。





四、选型避坑清单（非常重要）




❌不要迷信“达人库数量”：1000万达人库没有验真，不如10万高质量经过校验的账号。


❌分清：撮合市场 vs SaaS管理系统
撮合市场：帮你找达人、走平台交易；达人资源属于平台。
SaaS管理系统：工具，你可以导入自己的达人，自己建联，管理自己的达人资产。


❌警惕归因黑盒：问清楚数据来源，是爬虫抓取，还是官方API，订单怎么统计，是否剔除退款，避免虚高GMV。


✅一定要做试用：拿自己真实的小campaign跑一轮，测试：达人筛选准不准、数据能不能回传、寄样流程是否好用，不要只看演示Demo。


✅确认适配平台：只做抖音，就选抖音生态成熟工具；做小红书、B站、出海TikTok，要确认系统支持对应平台抓取数据。




五、简单决策提问清单，你可以直接拿去问服务商




达人数据来源是什么？是否做刷量识别，怎么识别异常账号？


达人是平台自有，还是我可以导入我手上的达人名单自建库？


转化怎么归因？能否对接我的店铺，是否剔除退款订单？


寄样、脚本审核、发布验收全流程线上化吗？


达人素材版权、白名单授权能否在系统记录到期时间？


付费模式：年费？按项目？按达人数量？有没有隐藏服务费？


是否支持API对接我内部系统？（大企业需要）





如果你告诉我：你的主营平台（抖音/小红书/B站/TikTok）、每月合作达人数量、预算、团队人数，我可以帮你进一步缩小选择范围。



24 个引用
引用来源
序号
	站点名称
	站点类型
	标题
	
文章负面词
	发布时间
1
	
CloudKOL
	
官网/独立站/行业垂直
	
红人营销SaaS平台怎么选?从筛选到数据分析的全流程数字化升级指南 – CloudKOL
	
--
	
2026-07-25


2
	
CloudKOL
	
官网/独立站/行业垂直
	
红人营销效果怎么衡量?KOL营销数据追踪与效果评估全解析(附指标框架) – CloudKOL
	
--
	
2026-07-25


3
	
搜狐
	
门户/自媒体平台
	
达秘 vs 花漾TK:选哪个?TikTok达人工具选型指南_团队_样品_管理
	
--
	
2026-05-22


4
	
KPI Media
	
官网/独立站/行业垂直
	
Top Influencer Marketing Platforms: 2026 Guide for Brands
	
--
	
2026-06-02


5
	
IQFluence
	
官网/独立站/行业垂直
	
Influencer Marketing Dashboard: The Brand Manager's Control Center for Discovery, Performance, and ROI
	
--
	
2026-06-03


6
	
Influencer Hero
	
官网/独立站/行业垂直
	
Best Brand Ambassador Tools in 2026
	
--
	
2026-04-30


7
	
Influencer Marketing Hub
	
官网/独立站/行业垂直
	
Top Influencer Marketing Platforms for Brands (2026)
	
--
	
2026-06-22


8
	
搜狐
	
门户/自媒体平台
	
什么是达人CRM?达人管理、跟进与样品寄送全解析_合作_简仑_建联
	
--
	
2026-07-15


9
	
量子位
	
官网/独立站/行业垂直
	
头部厂商集体买单，全球AI原生达人营销头号平台正在诞生! – 量子位
	
--
	
2026-06-02


10
	
Archive
	
官网/独立站/行业垂直
	
8 Best Influencer Marketing Software Platforms for DTC Brands in 2026
	
--
	
2026-06-30


11
	
allymatic
	
官网/独立站/行业垂直
	
allymatic阿力 | TikTok达人营销、达人分销与达人建联系统
	
--
	
--


12
	
AI创作导航
	
官网/独立站/行业垂直
	
蝉圈圈 | 官网入口 - 电商达人营销管理系统
	
--
	
2025-09-21


13
	
partnrUP
	
官网/独立站/行业垂直
	
Influencer Marketing Platform Comparison Guide: How to Choose the Right Tool in 2026
	
--
	
2026-06-18


14
	
JoinBrands
	
官网/独立站/行业垂直
	
The 12 Best Influencer Marketing Software Platforms for 2025
	
--
	
2026-06-26


15
	
Influencity
	
官网/独立站/行业垂直
	
Upfluence vs Influencer Hero vs Influencity
	
--
	
2026-06-12


16
	
Later
	
官网/独立站/行业垂直
	
Best influencer marketing platforms to drive measurable results
	
--
	
2026-07-10


17
	
Influencer Marketing Hub
	
官网/独立站/行业垂直
	
Top Influencer Marketing Platforms for Brands (2026)
	
--
	
2026-06-22


18
	
Hypefy
	
官网/独立站/行业垂直
	
The 10 Best Influencer Marketing Tools in 2026 (Honest, Tested)
	
--
	
2026-05-28


19
	
CloudKOL
	
官网/独立站/行业垂直
	
KOL达人营销的ROI怎么算才科学?告别”点赞即成功”的自我安慰 – CloudKOL
	
--
	
2026-07-27


20
	
抖音
	
视频平台
	
品牌商家达人合作全流程风险防控指南
	
--
	
2026-01-26


21
	
CloudKOL
	
官网/独立站/行业垂直
	
为什么你找的KOL网红带货总翻车?——红人营销的避坑指南 – CloudKOL
	
--
	
2026-07-22


22
	
博客园
	
社区/论坛/博客
	
网红营销推广实战指南:从策略到执行的全链路方法论 - GEORANK - 企业博客
	
--
	
2026-06-18


23
	
CloudKOL
	
官网/独立站/行业垂直
	
网红带货翻车率高达40%?从筛选到合同，帮你把风险降最低 – CloudKOL
	
--
	
2026-07-27


24
	
卖家之家
	
官网/独立站/行业垂直
	
TikTok达人合作避坑手册——用数据和AI把翻车概率降到最低 | 达人精灵
	
--
	
2026-07-24",captured
150,730,阶段检查点，非最终 FULL,5FD1B74C891C7FCD1393F3731C55F917A6F0124ED0CFBCE5063FD190CA40ACF7,CQ-S-20260805-C2-Q0041,CQ-Q0041,品牌怎么找达人合作?,核心池,业务场景问题,2026-08-05,core_round_2,C2,collected,"收起
 品牌怎么找达人合作? 
豆包·网页
搜索关键词
品牌找达人合作完整流程方法
达人合作谈判要点brief brief模板 避坑
品牌找达人渠道 巨量星图 蒲公英 新抖 蝉妈妈
品牌冷启动怎么找达人 中小品牌达人合作
品牌找达人合作完整实操指南



整体流程：明确目标预算→多渠道挖掘达人→筛选验号→建联谈判→brief+合同→执行交付→复盘沉淀



一、前期先定清楚（不要上来就找达人）




合作目标：种草曝光 / 搜索心智 / 直播带货 / 口碑铺量


预算结构
KOL（头部/中腰部）：坑位费±佣金，适合打声量、带货
KOC（千‑万粉）：置换、小额稿费、佣金，适合铺口碑、做素材


合作模式
纯坑位费：保曝光，风险品牌承担
坑位费+佣金：利益绑定，优先选
纯佣金/置换：冷启动新品牌，适合大量铺KOC


平台选择
抖音：巨量星图；小红书：蒲公英；B站：花火；快手：磁力巨星




二、5大找达人渠道


1、平台官方商业平台（最合规，优先用）


抖音：巨量星图达人广场，按赛道、粉丝、报价、粉丝画像筛选，支持平台下单、报备、结算，规避私下交易风险。
小红书：蒲公英平台，可发布招募通告，达人主动报名，所有商业笔记必须走蒲公英报备。
B站：花火平台，适合深度测评、长内容种草。





优点：数据官方真实，可看历史商单，合同、结算体系完整；缺点：报价透明，中小达人报价会比私接略高。





2、第三方数据分析工具（挖对标竞品达人）



蝉妈妈/飞瓜（抖音）、千瓜/新红（小红书）、火烧云（B站）



核心用法：输入竞品品牌，直接导出竞品合作过的全部达人清单，直接抄作业；查看达人粉丝画像、互动率、带货GMV。


3、站内原生挖掘（免费，适合找垂类小达人）




搜索品类关键词，刷笔记/视频，看到优质内容点进主页


看主页简介：很多达人留商务微信、邮箱；无联系方式就直接站内私信


重点看：过往商单质量，不要找全是硬广流水账的账号




4、通告平台、MCN机构


通告平台：螃蟹通告、红通告，发布合作需求，大量KOC主动报名，适合铺量，需要自己仔细筛水号。
MCN机构：批量对接旗下达人，节省沟通成本；但机构会抽成，部分机构达人调性同质化。


5、竞品评论区、同行介绍



刷竞品爆款内容，评论区很多达人自发测评；同行媒介互相交换达人清单，拿到私域直联联系方式，价格更灵活。



三、达人筛选验号（避坑核心，不要只看粉丝数）




硬性指标
互动率：KOL≥2‑3%，KOC 5‑12%；不要只看点赞，重点看评论质量，复制粘贴式好评是刷量号。
粉丝画像：年龄、地域、消费能力和你的目标客群匹配。
活跃度：近30天稳定更新，不要长期断更账号。


人工复核（最重要）
翻看最近8‑12条作品：
商单是否自然，会不会通篇硬广；
是否频繁接同类竞品广告；
评论区是否真实用户提问讨论产品细节。







避雷：粉丝多，但播放/点赞严重断层；评论高度统一复制文案，大概率注水号。





四、建联沟通话术（解决达人已读不回）





不要群发一句“求合作”，信息越模糊越不回复






简短模板：






您好，我们是XX品牌，主打XX产品，目标人群XX。看到您XX内容非常贴合我们品牌调性。本次寻求短视频/笔记合作，预算XX，可坑位费+佣金/产品置换。我们可以提供样品，想了解您目前档期与报价，期待回复。






要点：说清品牌、产品、合作形式、预算范围，给到达人快速判断要不要接。



五、合作执行SOP




确认报价、档期、交付形式、修改次数、付款节点；


输出Briefbrief：核心卖点、必讲点、违禁词、场景建议、发布时间、CTA引导、修改上限（一般免费修改1‑2轮）；


寄送样品；达人提交脚本审核；


拍摄成片，品牌确认封面、标题、文案；


平台报备发布；


发布后验收，留存数据截图，按合同结算。




合同必写关键点


免费修改次数，超次计费；
最晚发布时间，逾期责任；
内容使用授权时长、使用范围；
同品类排他（如需）；
平台商业报备义务；
付款节点，建议不全款预付，比如30%定金，成片确认一部分，上线后结清尾款。


六、不同阶段策略




新品牌冷启动：优先大量KOC置换+小额稿费，铺基础口碑；少量中腰部达人做标杆素材，不建议一上来砸头部大V，新品牌转化率风险高。


增长期：中腰部KOL+KOC矩阵，坑位费+佣金绑定，兼顾种草与转化。


大促爆发期：头部达人+短直联动，短视频种草引流直播间。




七、常见踩坑提醒




不走官方报备私下合作，有违规限流风险；


只看粉丝，忽略粉丝画像与评论真实性，买到水分账号；


brief写的太笼统，成片完全不符合预期；


没有约定修改次数，无限改稿消耗人力；


不写死发布时间，达人档期一拖再拖耽误营销节点。





如果你需要，我可以给你一份可直接复制的达人合作brief模板、商务私信模板。



24 个引用
引用来源
序号
	站点名称
	站点类型
	标题
	
文章负面词
	发布时间
1
	
CloudKOL
	
官网/独立站/行业垂直
	
红人营销如何精准匹配?全球KOL/KOC资源对接全流程指南(附避坑清单) – CloudKOL
	
--
	
2026-07-25


2
	
抖音电商
	
电商平台
	
玩转达人广场-精准找带货达人合作
	
--
	
2026-03-07


3
	
抖音
	
视频平台
	
淘宝品牌达人合作内容种草流程解析
	
--
	
2025-12-03


4
	
抖音
	
视频平台
	
00后和闺蜜裸辞创业的第33天！素人怎么和品牌方对接广告？ #素人做自媒体 #创业 #热点 #00后创业 #00后
	
--
	
2026-07-08


5
	
JoinBrands
	
官网/独立站/行业垂直
	
How to Work With Influencers Like a Pro
	
--
	
2026-07-11


6
	
抖音
	
视频平台
	
新手pr必看|从0到1的媒介实操指南 4年品牌pr分享，总结了一些刚入行或许能用到的小经验 ①合作形式有哪些 ②找达人的三种方法+提效小工具 ③合作流程 #品牌pr #达人合作 #云智靓号 #自媒体运营 #媒介
	
--
	
2025-10-10


7
	
即刻App
	
官网/独立站/行业垂直
	
各个平台上找达人用什么工具? 小红书、抖音、快手等这些社媒 - 即刻App
	
--
	
--


8
	
搜狐
	
门户/自媒体平台
	
抖音 KOL 合作指南!产品爆单秘籍_搜狐网
	
--
	
2025-10-11


9
	
巨量星图
	
官网/独立站/行业垂直
	
巨量星图短直联动产品介绍-星图营销服务平台
	
--
	
2025-10-23


10
	
抖音
	
视频平台
	
用蝉妈妈找达人，用蝉妈妈找对标达人。用蝉妈妈找达人，用蝉妈妈找对标达人#蝉妈妈#找达人#找对标达人#蝉妈妈会员
	
--
	
2026-07-24


11
	
小米应用商店
	
官网/独立站/行业垂直
	
蝉妈妈-直播短视频电商数据分析-小米应用商店
	
--
	
2026-07-01


12
	
巨量星图
	
官网/独立站/行业垂直
	
巨量星图-抖音营销-达人变现-星图营销服务平台
	
--
	
--


13
	
搜狐
	
门户/自媒体平台
	
别再说达人难聊!学会这3招，轻松搞定达人合作_沟通_误区_内容
	
--
	
2025-12-16


14
	
搜狐
	
门户/自媒体平台
	
达人交稿总“翻车”?那是你的Brief还没写透_品牌_卖点_创作
	
--
	
2026-06-05


15
	
CloudKOL
	
官网/独立站/行业垂直
	
自媒体大v合作话术怎么写？红人邀约到签约的商务沟通全流程
	
--
	
2026-07-25


16
	
blog.lookfluence.com
	
官网/独立站/行业垂直
	
Influencer Brief Mistakes Costing You Creators (And How to Fix Them)
	
--
	
--


17
	
CloudKOL
	
官网/独立站/行业垂直
	
YouTube达人合作怎么谈?红人营销谈判技巧与合同要点 – CloudKOL
	
--
	
2026-08-03


18
	
PitchBrand
	
官网/独立站/行业垂直
	
The Ultimate Guide to Negotiating Influencer Contracts (With Email Templates and Red Flags)
	
--
	
2026-06-23


19
	
品牌主场
	
门户/自媒体平台
	
2026自媒体种草平台深度横评:15万+资源精准匹配与场景化种草能力测评_凤凰网
	
--
	
2026-08-04


20
	
必集客
	
官网/独立站/行业垂直
	
找达人推广的正确方法，5个热门合作渠道+3步筛选技巧，达人合作从此不踩坑-必集客
	
--
	
2026-04-04


21
	
抖音
	
视频平台
	
品牌没名气，达人不愿意合作怎么办❓。🔆没听过这个品牌。” 这是许多商务BD在与达人建联时遭遇拒绝的常见原因之一。 🌻品牌刚起步，名气小，达人一听，连回都不回，更别谈合作。然后就陷入了“没名气，没达
	
--
	
2025-11-05


22
	
抖音
	
视频平台
	
商家品牌如何找koc、kol博主合作。#koc #kol #品牌方 #博主 #品牌推广
	
--
	
2026-04-20


23
	
CloudKOL
	
官网/独立站/行业垂直
	
红人营销如何精准匹配?全球KOL/KOC资源对接全流程指南(附避坑清单) – CloudKOL
	
--
	
2026-07-25


24
	
抖音
	
视频平台
	
从选达人到复用 | 一套完整落地SOP.⭕在某音竞争白热化的当下，不少品牌商务都陷入了同一个困境：天天大海捞针找KOC，反复催更对接耗费大量时间，好不容易产出的带货视频，通篇生硬念稿、毫无真实感。不仅自然流量惨淡，就连拿去做千川投流，也因为素材太硬根本跑不起来，钱花了、精力耗了，转化却不见起色。 . 👉🏻尤其对处于冷启动阶段的新品牌而言，KOC 更是不可或缺。 . 👉🏻可问题接踵而至：到底该去哪里
	
--
	
2026-07-01",captured
150,730,阶段检查点，非最终 FULL,5FD1B74C891C7FCD1393F3731C55F917A6F0124ED0CFBCE5063FD190CA40ACF7,CQ-S-20260805-C2-Q0042,CQ-Q0042,品牌怎么找达人带货?,核心池,业务场景问题,2026-08-05,core_round_2,C2,collected,"收起
 品牌怎么找达人带货? 
豆包·网页
搜索关键词
品牌找达人带货完整渠道和流程
品牌筛选带货达人技巧与避坑要点
品牌对接带货达人官方平台有哪些
品牌找达人带货全流程完整方案


一、合作前先做好品牌自身基础准备（达人愿意接单的前提）


1. 明确核心信息



1）目标：冲销量纯佣带货、品牌种草曝光、大促专场直播、新品测试；

2）预算模式：



KOC（千粉～10万粉）：大多产品置换+佣金，少量小额坑位费；
中腰部达人（10万～100万）：坑位费+佣金 / 纯高佣金；
头部大主播：高额坑位费+保底销量+佣金；
3）佣金、价格、福利政策：设置合理佣金（同赛道平均水平之上）、专属达人优惠券、现货库存、48小时发货、运费险、完善售后；
4）店铺基础：抖音DSR≥4.6、无严重违规差评，低评分达人基本不会接单。


2. 准备全套招商资料包



产品详情、核心卖点、实拍素材、直播口播话术、报价佣金表、样品规则、合作brief、售后兜底方案。



二、主流正规找达人渠道（按优先级排序）


（一）平台官方带货撮合渠道（最稳妥、免费/低门槛，优先选）


1、抖音（带货体量最大）



1）精选联盟达人广场（纯佣带货首选）

入口：抖店PC端→精选联盟→找达人→达人广场；抖店APP→营销推广-找达人

优势：一键筛选类目、粉丝画像、历史带货GMV、转化率、退货率，可批量邀约、设置专属佣金计划，平台自动结算佣金，零私下转账风险；

玩法：对标竞品爆款同款带货达人，直接抓取竞品带货达人名单精准建联。




2）巨量星图

适合需要坑位费签约、短视频种草+直播联动、头部/垂类专业KOL，平台签约担保、规范报价、可签订正式商业合同，规避私下违约纠纷。




3）招商团长：手上批量中小达人资源，商家只需要设置佣金，团长帮忙撮合分销，需额外给到团长服务费，适合批量铺量。



2、小红书（种草前置+挂车转化）



蒲公英平台（官方）

发布带货合作需求，筛选美妆、母婴、家居、食品等垂类博主，支持笔记种草+商品挂车带货，平台监管履约、结算，杜绝私下跑路；

也可站内搜索品类关键词，私信垂类博主商务对接。



3、快手



磁力聚星官方达人广场，主打直播带货下沉市场达人，支持短视频+直播间分销带货。



4、视频号



商家后台达人广场、优选联盟，对接私域属性强的本地、垂类达人。



（二）自主线上挖掘（免费自建达人池）




站内关键词检索：搜品类词（例：平价护肤、宝宝辅食、家居收纳），筛选近30天稳定挂车带货的活跃博主；


对标竞品溯源：看竞品爆款视频、直播间挂链是哪些达人在带，定向挖取精准达人；


评论区、粉丝群挖掘优质KOC素人；


达人主页简介找商务微信/邮箱，直接投递合作方案。




（三）第三方工具筛选（数据验真）



飞瓜、蝉妈妈、新红、千瓜数据：查看粉丝画像、真实互动率、历史带货数据、销量、退货率、账号涨粉曲线，鉴别刷量注水账号。



（四）MCN机构、服务商、同行转介绍



MCN手握签约批量达人，一站式对接排期、内容、直播；同行靠谱达人资源复用，对接效率更高。



三、达人筛选标准（核心：精准＞粉丝量级）


1、硬性基础筛选



1）赛道垂直：品类高度匹配（母婴不找美食、护肤不找数码）；

2）粉丝画像：年龄、性别、地域、消费力和你的目标客群重合度≥60%；

3）账号活跃度：近30周稳定更新直播/短视频，断更很久直接放弃；

4）互动率参考：



KOC：互动率5%～10%最优；
中腰部KOL：≥3%；过低大概率粉丝僵尸粉。


2、带货能力重点核验



1）历史挂车数据：千次观看成交、场均GMV、退货率（退货过高慎重合作）；

2）评论质量：真实提问、使用感受居多，清一色“好看、冲”无营养评论大概率刷互动；

3）粉丝增长曲线：平稳缓慢增长，短时间粉丝暴涨无爆款支撑，基本是买粉；

4）带货频次：全页全是硬广带货，粉丝广告疲劳严重，转化会很差。



3、直接淘汰高危达人


数据忽高忽低、一条爆火其余数据惨淡；
过往带货大量差评、虚假宣传翻车记录；
漫天乱报价、样品白嫖、履约口碑差。


四、4种主流合作模式，按需选择




纯佣金模式（中小品牌起步首选）
无坑位费，卖出再结算佣金，风险最低；适合新店起量、新品测款、大批量铺达人。


坑位费+佣金
支付固定上架费用+成交佣金；适合中腰部垂类达人，稳定专场直播、深度种草。


产品置换（置换+小额佣金）
免费寄送样品，达人产出短视频/直播带货，成交拿佣金；适合铺海量KOC种草。


专场直播包场
达人整场只主推自家品牌，约定直播时长、销量目标，多用于大促节点。




五、完整落地执行步骤


步骤1：搭建达人分级池


S级头部：品牌造势、大促冲量；
A级中腰部：主力稳定带货，长期深度合作；
B级垂类KOC：全域铺量种草、测试市场反馈；
C级素人：低成本铺UGC口碑。


步骤2：标准化建联邀约话术（提高回复率）





示例：

您好，我们是XX品牌主营XX品类，客单价XX，店铺评分4.7，现货稳定。现招募垂类带货合作，方案：纯佣XX%/坑位费XX+佣金，可寄样测试，支持专属优惠券兜底转化，感兴趣可以发完整资料与佣金方案。





步骤3：样品风控（杜绝白嫖）




低价跑量品：仅优质达人免费寄样；普通KOC执行买样返款：达人自行下单，按时履约发布视频/直播成交达标后全额退样品费；


高客单价产品：一律买样返款，签订文字履约约定，规定签收后14天内必须履约产出内容。




步骤4：敲定合作&锁定权责（文字留证）



站内聊天/合同明确：

发布时间、直播时长、产品口播规范、禁止夸大宣传、售后责任划分、结算周期、内容审核权限、违约处理、达人内容二次商用授权。



步骤5：内容预审+上线投放



达人脚本、直播话术提前审核，规避违规宣传；上线后搭配千川、薯条小额加热放大流量。



步骤6：数据复盘与达人分级维护



统计曝光、点击率、成交GMV、ROI、退货率；优质达人续约加码佣金政策，低效达人淘汰，持续优化达人池。



六、高频避坑要点




拒绝大额私下转账走平台签约：所有坑位费、合作费优先星图、蒲公英等官方渠道支付，防止拿钱跑路；


不盲目迷信百万泛粉大V：粉丝不精准，几百万粉转化不如几万精准垂类达人；


提前锁定售后责任：因达人虚假宣传导致大量退货差评，约定追责机制；


不一次性大批量投头部：先用中小达人小预算测试ROI，数据跑通再加大投放；


结算剔除退款订单佣金，避免亏损结算。




七、新手最简起步路线



开通抖店精选联盟→设置合理佣金→筛选同品类1万～50万垂类中腰部达人→纯佣邀约寄样测试→跑通稳定转化后再少量签约付费达人、铺KOC全域种草。




需要我给你一套可直接复制的达人合作商务邀约话术、寄样履约协议模板，或是专属佣金定价参考吗？



18 个引用
推荐问题
 如何判断一个达人的带货能力
 品牌方和达人合作的注意事项
 抖音精选联盟达人广场的具体使用方法
引用来源
序号
	站点名称
	站点类型
	标题
	
文章负面词
	发布时间
1
	
抖音电商
	
电商平台
	
去哪邀约(邀请/对接/寻找)达人?-抖音电商学习中心
	
--
	
2026-07-14


2
	
抖音电商
	
电商平台
	
抖音电商学习中心
	
--
	
--


3
	
抖音
	
视频平台
	
商家品牌如何找koc、kol博主合作。#koc #kol #品牌方 #博主 #品牌推广
	
--
	
2026-04-20


4
	
抖音
	
视频平台
	
新手商家达人带货全流程解析
	
--
	
2025-11-21


5
	
CloudKOL
	
官网/独立站/行业垂直
	
红人营销如何精准匹配?全球KOL/KOC资源对接全流程指南(附避坑清单) – CloudKOL
	
--
	
2026-07-25


6
	
抖音
	
视频平台
	
新手品牌如何快速对接纯佣带货达人？ 90%品牌方都不知道的纯佣对接技巧。 #直播带货 #抖店 #纯佣带货 #电商干货 #达人带货
	
--
	
2026-04-28


7
	
巨量星图
	
官网/独立站/行业垂直
	
招募任务一口价-带货达人团-星图营销服务平台
	
--
	
2026-06-12


8
	
快手广告
	
官网/独立站/行业垂直
	
快手直播赋能产品:达人营销助力品牌破圈增长
	
--
	
2026-05-29


9
	
数英
	
官网/独立站/行业垂直
	
聚焦抖yin、微bo、微xin、头条的专业数据分析工具
	
--
	
--


10
	
抖音
	
视频平台
	
达人合作平台推荐：官方、第三方与其他渠道指南
	
--
	
2024-09-04


11
	
抖音电商
	
电商平台
	
玩转达人广场-精准找带货达人合作
	
--
	
2026-03-07


12
	
支付宝文档中心
	
官网/独立站/行业垂直
	
达人带货分佣使用指南 - 支付宝文档中心
	
--
	
2026-06-02


13
	
西安泛美广告
	
官网/独立站/行业垂直
	
品牌营销中的 KOL 合作怎么选?避坑指南及效果评估-西安泛美广告有限公司
	
--
	
2025-09-10


14
	
willhitestrategy.com
	
官网/独立站/行业垂直
	
How to Find the Right Influencers for Your Brand in 2026
	
--
	
2026-02-26


15
	
抖音
	
视频平台
	
商务BD达人合作选品与执行关键策略解析
	
--
	
2025-08-22


16
	
抖音
	
视频平台
	
品牌找博主合作，别再瞎找了。#品牌营销 #博主合作 #达人投放 #KOL #品牌方
	
--
	
2026-02-09


17
	
抖音
	
视频平台
	
达人筛选分层全方案➕三大痛点避坑✅。⭕核心底层逻辑：不以粉丝量级分层，以【转化能力 + 人群匹配 + 履约信用 + 退货健康度】四维打分，建立动态升降级达人池；先风控，再寄样，用流程堵住三类低效达人。 . ✅一、达人前置筛选标准（第一道门槛，提前过滤垃圾达人） . ✅二、达人分层体系（S/A/B/C/D 五级动态管理，可直接落地成表格） . ✅三、三大痛点完整解决方案：虚粉、高退货、样品白嫖 .
	
--
	
2026-08-04


18
	
CloudKOL
	
官网/独立站/行业垂直
	
品牌出海如何选对海外网红?避开90%企业踩过的达人筛选坑 – CloudKOL
	
--
	
2026-07-25",captured
150,730,阶段检查点，非最终 FULL,5FD1B74C891C7FCD1393F3731C55F917A6F0124ED0CFBCE5063FD190CA40ACF7,CQ-S-20260805-C2-Q0043,CQ-Q0043,品牌方怎么找到适合自己产品的达人?,核心池,业务场景问题,2026-08-05,core_round_2,C2,collected,"收起
 品牌方怎么找到适合自己产品的达人? 
豆包·网页
搜索关键词
品牌筛选达人维度 方法渠道
抖音小红书找达人工具 品牌方
达人筛选避坑 数据判断 真假流量
品牌方如何找到适合产品的达人
品牌方如何找到适配产品的达人



核心逻辑：先定目标与达人画像→多渠道挖掘达人池→多层筛选校验→小预算测试再放大，不要只看粉丝数，优先看人群匹配、内容调性、真实互动、历史同品类效果。



一、第一步：先明确你的需求，画出理想达人画像



先想清楚3件事，否则筛选没有标准





投放目标




品牌曝光：优先头部/中腰部，看重播放、曝光量级
种草口碑：优先垂类KOC、腰部，看重评论提问、收藏
带货转化：优先有同品类带货案例，看重挂车成交、ROI、退货率




产品客群：年龄、性别、地域、消费能力、兴趣标签（例：25‑35岁一二线女性，关注护肤抗老）


达人硬性条件




赛道垂类、粉丝量级区间、报价预算范围
风格调性（专业测评/真实日常/搞笑剧情/探店），避开和品牌价值观冲突的账号





示例：平价家居收纳产品，画像：1‑10万粉家居生活KOC，粉丝22‑38岁女性，不接硬广念稿，有家居实测内容。





二、去哪里挖掘达人（4大类渠道）


1、平台官方达人广场（最稳妥，走官方合约）


抖音：巨量星图、抖店精选联盟达人广场，可筛选行业、粉丝画像、带货数据、看过往合作品牌
小红书：蒲公英平台，筛选品类、笔记数据、粉丝画像，看过往商单笔记
B站：花火平台



优点：报价透明，平台担保履约；缺点：部分小众KOC不在广场内。



2、数据第三方工具（批量挖掘、扒竞品合作达人）



飞瓜智星、蝉妈妈/蝉圈圈、新榜有数；

核心用法：

1）搜竞品品牌名，直接导出竞品近30‑90天合作过的全部达人；

2）搜品类关键词，筛选互动率、粉丝画像；

3）看商品维度：哪些达人带过同类产品，出单情况如何。



3、平台手动挖掘（挖掘野生宝藏KOC）




搜品类关键词、话题标签，看笔记/视频下原生创作者；


评论区挖掘：已经自发提到你品类/你品牌的普通博主，这类达人合作意愿高、内容更真实；


刷内容偶遇：刷到内容风格匹配的账号，记录，私信商务；


看竞品笔记下面@的博主，以及竞品商单视频里出现的达人。




4、其他渠道


MCN机构：一次性拿一批账号，但注意要甄别账号是否真的适配你的产品；
已合作优质达人互推同类型博主；
行业社群、展会。





实操建议：先搭建大池子，收集50‑200个候选达人，再层层过滤，不要只看少数几个达人做决策。





三、四层筛选漏斗（从大池子缩小到可合作名单）


第一层：基础硬性过滤


赛道是否垂直，账号是否频繁跨领域乱接广告；
粉丝画像：年龄、性别、地域是否匹配你的目标客户；
报价是否在预算区间。


第二层：看内容质量（比粉丝数更重要）



翻看最近8‑12条作品：





内容风格、画面、文案，是否和品牌调性契合；


商单内容：是生硬念稿，还是真实体验测评；


警惕：账号大部分是广告，原创日常内容极少；一条爆款，其余全部数据惨淡。




第三层：校验数据真实性（避刷量坑）




互动率参考







互动率=(点赞+评论+收藏)/粉丝数





小红书：腰部达人合理约3‑8%；KOC可达5‑12%；头部1‑3%
抖音短视频：腰部2‑6%；KOC4‑10%
互动率过低，大概率假粉；异常超高也要警惕刷量。





看评论质量（最直观）

❌水军特征：大量“好好看”“冲”这类无意义短句，点开评论者主页很多空白小号；

✅优质信号：评论出现提问：多少钱？适合油皮吗？在哪里买？@好友讨论产品。




粉丝增长曲线：平稳爬升为正常；短时间无爆款却粉丝暴涨，大多刷粉。




带货向达人：查看历史同类产品的挂车成交、退货率，几十万粉橱窗长期零成交直接排除。





第四层：商务与履约评估




看平台上其他品牌对该达人履约评价；


沟通响应速度，是否理解产品卖点，会不会强行乱改品牌核心信息；


样品白嫖风险：优先看过往是否有大量接样不发布的差评。




四、组合投放策略（预算分配思路）




大预算：头部（破圈声量）+腰部（深度种草）+大量垂类KOC（铺口碑，放大真实感）；


中小预算：放弃高价头部，重点腰尾部+KOC，小批量多账号测试；







很多品类：1万精准垂类KOC效果远好于100万泛粉达人。





五、落地实操流程（可直接照搬SOP）




明确目标，输出达人画像文档；


多渠道收集，建立候选达人Excel（达人ID、粉丝、报价、赛道、粉丝画像、互动率、备注）；


四层筛选，筛出20‑40位候选；


小样本测试：选5‑10个达人小预算投放，看内容质量、互动、转化；


复盘：把表现好的达人纳入自己的品牌优质达人池，后续复投；差的拉入黑名单；


持续迭代达人池，定期补充新达人。




六、常见踩坑提醒




只看粉丝数量，忽略粉丝是否是你的目标客户；


只看单条爆款，忽略账号整体数据稳定性；


不做小测试，一次性把预算全部押在少数达人身上；


不看评论区，报表数据好看，但没有真实用户提问和购买意向。





如果你告诉我你的品类、预算、投放平台（抖音/小红书/B站），我可以帮你直接输出一份可复制的达人画像和筛选表格模板。



24 个引用
推荐问题
 品牌方如何判断达人的真实互动数据？
 有哪些方法可以挖掘小众达人？
 如何判断达人的内容调性是否与品牌相符？
引用来源
序号
	站点名称
	站点类型
	标题
	
文章负面词
	发布时间
1
	
巨量星图
	
官网/独立站/行业垂直
	
短视频-达人广场筛选功能介绍-星图营销服务平台
	
--
	
2026-05-19


2
	
CloudKOL
	
官网/独立站/行业垂直
	
红人营销第一步：如何精准筛选和匹配全球kol/koc达人资源？
	
--
	
2026-07-28


3
	
抖音
	
视频平台
	
品牌找博主合作，别再瞎找了。#品牌营销 #博主合作 #达人投放 #KOL #品牌方
	
--
	
2026-02-09


4
	
抖音
	
视频平台
	
探店达人。#达人拍摄#探店
	
--
	
2026-07-15


5
	
巨量引擎
	
官网/独立站/行业垂直
	
干货丨巨量云图带货达人优选指南，决胜618-巨量引擎官网
	
--
	
--


6
	
Influencity
	
官网/独立站/行业垂直
	
FREE HANDBOOK Quick Guide: How to find and locate the right influencers for your brand
	
--
	
--


7
	
CloudKOL
	
官网/独立站/行业垂直
	
海外红人怎么筛选?识别假粉、僵尸粉、数据造假的完整背调指南 – CloudKOL
	
--
	
2026-07-30


8
	
达人精灵（KOLSprite）
	
官网/独立站/行业垂直
	
TikTok达人合作避坑手册:用数据和AI把翻车概率降到最低 | 达人精灵
	
--
	
2026-07-24


9
	
抖音
	
视频平台
	
达人的数据有没有水分，看这些地方就够了！ #达人 #达人合作 #电商 #运营 #营销
	
--
	
2026-07-10


10
	
抖音
	
视频平台
	
找了30个达人，花的21500块白花了。选达人看粉丝量=白花钱。点赞播放都能买，你看的数据可能90%是假的。看赞评比筛水货、点进评论区主页查水军、算单次访客成本。你最近找的达人，评论里有人在@朋友吗？
	
--
	
2026-06-06


11
	
搜狐
	
门户/自媒体平台
	
达人筛选:只看数据报表的媒介，正在浪费品牌方每一分预算_评论_消费_主页
	
--
	
2026-06-05


12
	
抖音
	
视频平台
	
达人筛选分层全方案➕三大痛点避坑✅。⭕核心底层逻辑：不以粉丝量级分层，以【转化能力 + 人群匹配 + 履约信用 + 退货健康度】四维打分，建立动态升降级达人池；先风控，再寄样，用流程堵住三类低效达人。 . ✅一、达人前置筛选标准（第一道门槛，提前过滤垃圾达人） . ✅二、达人分层体系（S/A/B/C/D 五级动态管理，可直接落地成表格） . ✅三、三大痛点完整解决方案：虚粉、高退货、样品白嫖 .
	
--
	
2026-08-04


13
	
品牌主场
	
门户/自媒体平台
	
2026自媒体种草平台深度横评:15万+资源精准匹配与场景化种草能力测评_凤凰网
	
--
	
2026-08-04


14
	
Modash.io
	
官网/独立站/行业垂直
	
10 Best Influencer Search Tools to Find Brand-Fit Influencers
	
--
	
2026-08-05


15
	
抖音
	
视频平台
	
做商务一定要学会找达人❗️。蝉圈圈、飞瓜智星、热度云的找达人功能，各有千秋 #蝉圈圈 #热度云 #飞瓜智星 #找达人带货 #找达人合作技巧
	
--
	
2025-08-25


16
	
网易
	
门户/自媒体平台
	
不用再跨渠道找素人!新榜素人推帮你一键对接目标客群|种草|美妆|小红书|匹配度|知名企业_网易订阅
	
--
	
2025-12-16


17
	
newrank.oss-cn-hangzhou.aliyuncs.com
	
官网/独立站/行业垂直
	
新抖 新榜有数旗下抖音全场景AI数据工具
	
--
	
--


18
	
巨量星图
	
官网/独立站/行业垂直
	
客户抖音移动端使用指南-星图营销服务平台
	
--
	
2025-12-15


19
	
pages.dashhudson.com
	
官网/独立站/行业垂直
	
The Influencer Marketing Playbook
	
--
	
--


20
	
抖音电商
	
电商平台
	
去哪邀约(邀请/对接/寻找)达人?-抖音电商学习中心
	
--
	
2026-05-29


21
	
抖音
	
视频平台
	
品牌方三步筛选法精准锁定美妆达人
	
--
	
2026-01-14


22
	
CloudKOL
	
官网/独立站/行业垂直
	
红人营销如何精准匹配?全球KOL/KOC资源对接全流程指南(附避坑清单) – CloudKOL
	
--
	
2026-07-25


23
	
Meltwater
	
官网/独立站/行业垂直
	
How to Find Influencers for Your Brand in 2026
	
--
	
2026-01-08


24
	
人人都是产品经理
	
官网/独立站/行业垂直
	
如何找对推广产品的达人 | 人人都是产品经理
	
--
	
--",captured
150,730,阶段检查点，非最终 FULL,5FD1B74C891C7FCD1393F3731C55F917A6F0124ED0CFBCE5063FD190CA40ACF7,CQ-S-20260805-C2-Q0044,CQ-Q0044,建联1000个达人太慢太乱怎么办?,核心池,业务场景问题,2026-08-05,core_round_2,C2,collected,"展开
 建联1000个达人太慢太乱怎么办? 
豆包·网页
一次性高效建联1000位达人：根治低效混乱全套落地方案



核心问题根源：没有标准化流程、批量触达无分层、话术复用性差、跟进无台账、渠道分散、人员执行无SOP，才会又慢又乱。下面从前期分层筛选→批量建联体系→标准化话术→自动化管控→分工执行→避坑风控完整落地，稳定高效搞定千级达人对接。



一、第一步：先做达人分层，拒绝无差别广撒网（从源头减少无效沟通）



直接盲发1000人90%都是无效对话，先划分梯队，按优先级分批对接，秩序立刻理顺：



1. 四档分层标准


层级	数量分配	对接策略
S级头部（高粉丝、高转化）	50人以内	一对一精细化私聊，专人专属对接，优先攻克
A级腰部（匹配品类、稳定带货）	200～300人	半标准化话术，轻度定制，重点攻坚
B级垂类中小达人（性价比最高）	500～600人	批量标准化群发触达，主力建联池
C级素人/探店新人	剩余名额	模板批量触达，低价置换、免费样品为主


2. 精准筛人规则，过滤无效达人



锁定赛道、粉丝画像、过往同类作品数据、报价区间、接单频率，提前拉黑经常鸽子、漫天抬价、差评多的达人；

统一收集达人主页链接、报价、接单方式，录入表格，杜绝到处存微信、抖音私信杂乱找人。



二、搭建统一管理台账，彻底告别杂乱


必备Excel/飞书表格字段（一人一条数据，全程可追溯）




基础信息：达人ID、账号主页、粉丝量级、所属垂类、联系方式（私信/微信）


状态标签：未建联→已发初次邀约→已读未回→意向洽谈→敲定合作→排期履约→已结算→淘汰拉黑


关键资料：报价、合作形式（带货/置换/探店/软广）、意向档期、对接人、沟通记录截图存档


跟进节点：下次回访时间、未回复原因备注、拒绝理由（价格不合适、档期冲突、品类不匹配）





用法：每天只筛选「待跟进」标签的达人，不用翻几百条杂乱聊天记录。



三、批量建联高效执行模式，大幅提升对接速度


模式1：公私域组合批量触达（主力方案）




站内私信批量触达（抖音/小红书/快手）
分时段发送：避开凌晨、深夜，中午12:00–14:00、晚上19:00–22:00达人在线率最高；
控制发送频次：单个账号一小时发送15～25条私信，防止平台限流封号，多账号分流发送；
分批放量：第一天200条、第二天300条、第三天300条、收尾200条，不要一天暴力发1000条。


微信统一承接：有意向达人统一引导添加企业微信，用企业微信标签分组管理，自带会话存档，聊天记录不会丢失。




模式2：工具轻量化提效（合规优先，杜绝外挂脚本）




官方工具：平台后台达人广场、星图、蒲公英等官方合作后台，支持筛选、一键邀约、官方站内发合作单，合规稳定；


办公辅助：企业微信快捷话术库、自动标签、定时提醒回访；表格搭配条件格式自动变色提醒逾期未跟进达人；


避雷：不要用第三方私信群发脚本、模拟器，极易封号，得不偿失。




四、三套标准化分级话术，不用每次重新编辑，复制即用


1）B/C级批量通用模板（简洁直接，适配大批量发送）





您好，我们是XX品牌，主营XX品类，看到您账号内容和我们产品高度契合。

现有两种合作模式可选：①付费商单XX元；②产品置换+佣金带货。

方便发一下您最新报价和近期排期吗？合适我们可以直接敲定档期。





2）A级腰部定制版（轻微个性化，提高回复率）





您好，翻看您之前XX这条作品数据很不错，风格和我们品牌调性很搭。

我们主推XX产品，想邀约一期原创种草，预算XX，档期可灵活配合，不知近期是否有空闲接单？





3）未回复二次回访话术（间隔24～48小时再跟进）





打扰啦，之前给您发的合作邀约不知是否看到？如果档期、预算不合适也可以简单说下，我们这边可以适当沟通调整。





话术规范



把品牌介绍、合作模式、预算、样品政策固定做成固定片段，只需要少量修改达人昵称、适配内容即可，减少打字时间。



五、人员分工：多人对接1000人不乱套（单人/团队两种方案）


情况1：单人负责




每日定量：固定每日对接150～200位新达人，同时回访前一天未回复、意向待定人员；


时间切割：上午筛选整理达人名单，下午集中发私信建联，晚上统一整理台账、标记状态；




情况2：小团队分工（最优解）




筛选组：专门挑选合规优质达人，整理好基础信息录入台账；


建联组：负责批量私信初次触达，标记初步意向；


洽谈组：承接意向达人，谈价格、档期、合同细节；


履约组：对接寄样、盯发布、验收视频结算。
各司其职互不干扰，不会所有人乱找达人沟通。




六、盘活沉默达人，降低重复建联工作量




未回复达人：间隔48小时一次二次跟进，最多跟进2次，依旧无回应直接标记搁置，不再反复打扰；


拒绝合作达人：备注拒绝原因，价格问题后续大促调价再邀约；档期冲突标记时间，到期回访；


优质意向达人建立达人资源池，后续新品、大促活动优先复用，不用重新从零建联。




七、关键风控，避免大批量对接翻车




平台规则：站内私信不要带微信、转账等硬导流敏感词，容易触发风控限流；


沟通统一口径：报价、寄样规则、结算周期全团队统一，避免同一个达人收到两个不同报价造成混乱；


寄样管控：台账登记寄送单号、签收状态，防止样品白白流失；


合规签约：大批量合作尽量走平台官方订单或电子合同，杜绝口头约定后期扯皮。




八、提速终极优化：搭建自有达人池，下次不用再盲找1000人



本次建联结束后，把合作过、意向优质达人沉淀分类建档：

垂类标签、合作效果、适配活动类型，后续上新、大促直接定向邀约，效率提升数倍，彻底摆脱每次从零大批量建联的麻烦。



极简执行7天拿下1000达人计划表



Day1：敲定筛选标准，筛选1000位达人基础名单，录入表格分层；

Day2：S+A级精细化邀约；

Day3-Day5：分批次批量触达B、C级达人，每日200条；

Day6：集中回访所有已读未回意向达人；

Day7：整理全部台账，敲定意向合作，归档优质达人资源池。



推荐问题
 有哪些工具可以帮助管理达人台账？
 如何高效筛选达人？
 如何制定标准化话术？",confirmed_none
150,730,阶段检查点，非最终 FULL,5FD1B74C891C7FCD1393F3731C55F917A6F0124ED0CFBCE5063FD190CA40ACF7,CQ-S-20260805-C2-Q0045,CQ-Q0045,怎么找到竞品合作过的达人?,核心池,业务场景问题,2026-08-05,core_round_2,C2,collected,"收起
 怎么找到竞品合作过的达人? 
豆包·网页
搜索关键词
怎么找到竞品合作过的达人
查找竞品投放达人工具 抖音 快手 小红书
挖掘竞品合作KOL方法 实操流程
怎么找到竞品合作过的达人



分为免费手动挖掘、付费数据工具、官方平台入口三套方案，覆盖抖音、小红书、快手，同时附上筛选避坑要点。



一、免费手动挖掘（零成本，适合小预算）


抖音




搜索框输入：竞品品牌名 / 竞品产品名，筛选「视频」，看带合作、挂车、口播种草的账号，记录达人主页。


看竞品直播间：点直播间右上角更多达人，能看到本场连麦、助播、挂车达人。


商品页：点开竞品商品，往下滑「达人推荐」板块，所有挂车带货达人全部展示。




小红书




搜索关键词：竞品品牌名 测评、竞品品牌名 好物分享，筛选最新笔记，识别商业合作笔记（有合作/广告标识），提取博主账号。


竞品官方账号：看品牌笔记@过哪些博主；收藏品牌的合集，很多会把合作种草笔记汇总。







注意：部分达人不标广告，看话术：收到、品牌寄样、专属优惠码，大概率是合作。





通用小技巧




搜竞品专属优惠码：很多达人会挂品牌专属码，搜这个码，就能把所有发码的达人全部捞出来。


评论区溯源：竞品爆款笔记评论，经常有达人留言互动，可以顺藤摸瓜。


缺点：效率低，只能看到公开内容，拿不到播放、GMV、佣金数据。




二、付费数据工具（最高效，批量导出带数据）





核心能力：输入竞品品牌/店铺，直接输出全部合作达人，附带粉丝、互动、带货GMV、合作次数、发布时间，支持导出Excel。





平台	主流工具	核心功能
抖音	蝉妈妈、飞瓜智星、抖查查	输入竞品店铺/品牌，查看全部带货达人、直播切片、短视频挂车数据
小红书	千瓜数据、新红	品牌分析，查看竞品全部商业笔记，提取合作KOL/KOC清单
快手	飞瓜、磁力数据	竞品店铺反查带货达人



操作要点：





优先看多次合作的达人：竞品反复复投，代表转化效果经过验证。


筛时间范围：近3个月，排除很久之前的过期投放。


多竞品交叉：把2‑5个直接竞品的达人合并，取交集，交集达人是品类高适配达人。




三、平台官方后台入口（免费官方数据）


抖音（抖店/巨量星图）




抖店后台→精选联盟→找合作→同行合作参考，输入竞品店铺名，直接看到同行带货达人、场次、预估销售额。


巨量星图：品牌搜索，查看竞品在星图下单过的达人（仅走星图下单会显示，私下置换不显示）。




小红书蒲公英平台



品牌分析模块，输入竞品品牌，查看平台报备过的合作达人；未报备置换笔记看不到，需要搭配千瓜/新红补全。



四、拿到达人名单之后，关键筛选（非常重要）



竞品合作过≠适合你，要过滤三类坑达人：





只置换不带货：只发笔记，没有成交，竞品只是做曝光。重点看：挂车销量、商品点击率、互动率，不要只看粉丝数。


竞品独家达人：部分达人签竞品排他，联系前先看近期内容，避免白忙活。


高溢价头部：竞品预算远高于你，头部达人报价很高，优先抓取腰尾部KOC，竞品经常复投的中小达人，性价比最高。




筛选指标


短视频：互动率＞3%；挂车商品点击率；近30天同类产品带货记录
直播达人：场均GMV、品类匹配度、退货率


五、实操完整流程




确定3‑5个直接竞品（同价位、同赛道，不要选巨头）


工具导出全部合作达人，合并去重


过滤：去掉粉丝虚高、互动差、只置换不转化账号


标记：哪些是多次复投、哪些只合作一次；区分直播达人/短视频种草达人


二次核验：手动点开达人主页，看近期同类内容质量，再整理成BD联系清单







小提示：达人接过竞品，很容易愿意接同类产品，可以做差异化卖点对比，谈判时可以拿竞品合作案例作为沟通切入点。






如果你告诉我主要做哪个平台（抖音/小红书），我可以给你一份可以直接复制的竞品达人BD沟通话术。



17 个引用
推荐问题
 有哪些好用的数据工具可以查询竞品合作过的达人？
 推荐一些可以查询竞品合作过的达人的免费数据工具
 如何判断达人与竞品的合作是否真实有效？
引用来源
序号
	站点名称
	站点类型
	标题
	
文章负面词
	发布时间
1
	
搜狐
	
门户/自媒体平台
	
如何找Instagram达人、TikTok达人、YouTube达人?附思路+工具_合作_内容_品牌
	
--
	
2025-10-20


2
	
ZOL问答
	
官网/独立站/行业垂直
	
如何找到竞品合作的带货达人?-ZOL问答
	
--
	
--


3
	
抖音
	
视频平台
	
1分钟教你快速找到竞品带货达人 #tiktok #达人带货 #达人营销 #跨境电商 #电商干货
	
--
	
2026-07-17


4
	
抖音
	
视频平台
	
抖店后台查找同行达人带货数据实操步骤
	
--
	
2025-11-18


5
	
CloudKOL
	
官网/独立站/行业垂直
	
红人营销如何精准匹配?全球KOL/KOC资源对接全流程指南(附避坑清单) – CloudKOL
	
--
	
2026-07-25


6
	
Modash.io
	
官网/独立站/行业垂直
	
How to Find Your Competitors' Affiliates (And Recruit Them for Your Program)
	
--
	
2026-06-14


7
	
deepnavi.cn
	
官网/独立站/行业垂直
	
蝉圈圈-抖音达人营销全流程管理工具
	
--
	
--


8
	
即刻App
	
官网/独立站/行业垂直
	
各个平台上找达人用什么工具? 小红书、抖音、快手等这些社媒 - 即刻App
	
--
	
--


9
	
秒针系统
	
官网/独立站/行业垂直
	
秒针系统Social Grow社媒投放运营平台 – 常见问题解答(FAQ)-秒针系统-营销实效管理专家
	
--
	
2025-09-08


10
	
哔哩哔哩
	
视频平台
	
2025 新媒体投放管理工具综合实力榜:3 款主流工具实测 - 哔哩哔哩
	
--
	
2025-09-02


11
	
搜狐
	
门户/自媒体平台
	
达人分销——商务BD找达人的7种方式_合作_智星_商家
	
--
	
2024-08-30


12
	
映技派
	
官网/独立站/行业垂直
	
新红:小红书数据分析工具
	
--
	
--


13
	
CloudKOL
	
官网/独立站/行业垂直
	
红人营销如何精准匹配?全球KOL/KOC资源对接全流程指南(附避坑清单) – CloudKOL
	
--
	
2026-07-25


14
	
CloudKOL
	
官网/独立站/行业垂直
	
KOL竞品分析 | 跨境品牌如何通过分析竞品KOL策略提升红人营销? – CloudKOL
	
--
	
2026-07-02


15
	
抖音
	
视频平台
	
竞品站外推广资源反查全攻略。竞品站外推广资源反查全攻略 一、核心逻辑：为何反查竞品推广资源？ 反查竞品的海外推广资源（如 Youtube/Instagram 网红、科技媒体、博客、论坛测评等）是高效获
	
--
	
2025-12-22


16
	
抖音
	
视频平台
	
跨境电商必学｜1分钟找200个海外达人邪修 保姆级教程献上 #品牌出海 #海外kol #亚马逊跨境电商 #海外红人 #pr
	
--
	
2026-06-30


17
	
雨果跨境
	
官网/独立站/行业垂直
	
手把手教你如何找到竞品的站外推广资源-雨果网
	
--
	
--",captured
150,730,阶段检查点，非最终 FULL,5FD1B74C891C7FCD1393F3731C55F917A6F0124ED0CFBCE5063FD190CA40ACF7,CQ-S-20260805-C2-Q0046,CQ-Q0046,怎么用达人库快速找到合适的达人资源?,核心池,业务场景问题,2026-08-05,core_round_2,C2,collected,"收起
 怎么用达人库快速找到合适的达人资源? 
豆包·网页
搜索关键词
达人库筛选维度 商家找达人实操技巧
抖音达人库筛选流程 匹配达人
达人库快速找到合适达人资源方法
达人库快速筛选合适达人实操方法



核心思路：先定需求→条件初筛→数据精筛→对标验证→沉淀自有达人池，用漏斗式筛选，减少无效浏览，快速锁定目标达人。



一、先明确投放需求（筛选前必做，避免乱筛）



先把4个信息写清楚，达人库筛选条件才有边界：





营销目标：种草曝光 / 带货转化 / 品牌声量；


目标人群：年龄、性别、地域、消费能力、兴趣标签；


达人层级：KOC/腰部/头部，预算区间，合作形式（短视频、直播、图文）；


品类调性：产品类目、客单价，排除不匹配风格。







工具自带功能：很多达人库支持按商品找达人、AI智能匹配、人群包匹配，直接填入商品、目标人群，系统批量输出候选名单，大幅节省时间。





二、达人库初筛：设置筛选条件，快速缩小范围





以巨量星图、精选联盟达人广场、蝉妈妈等通用逻辑





1.基础属性过滤（批量剔除不合格账号）


垂类类目：锁定和你的产品匹配的内容赛道；
粉丝区间：按预算设定粉丝范围，不要只追求大粉丝量，垂类小KOC转化往往更好；
内容形式：短视频 / 直播 / 图文；
活跃状态：近30天更新频率，过滤长期断更账号；
履约条件：商单履约率、是否接分销、买样/免费寄样支持情况。


2.商业&带货能力筛选（带货投放重点）


近30天GMV、千次观看成交、客单价、退货率；
历史同类目带货案例：优先筛有同款/同类产品带货记录的达人；
价格区间：设置报价上限，过滤超预算达人。


3.人群画像筛选（决定投放效果的关键）



优先看观众画像，不只看粉丝数：年龄、性别、地域、消费层级、兴趣标签，看达人观众与你的目标客户重合度。






星图支持人群包找达人：上传你的品牌目标人群包，直接输出「观众匹配度」，批量选出人群高度重合达人。





4.高级找人技巧，快速挖潜力达人




对标反找（效率最高）：找到竞品/同类品牌跑的好的达人，达人库使用【找相似达人】，一键产出一批同风格、同受众账号，不用从零挖掘；


内容关键词找人：输入产品关键词、场景词，挖掘做相关内容，但还没大量接同类广告的宝藏达人，竞争小性价比高；


排行榜/增速榜单：看垂类飙升达人，挖掘增长潜力账号。




三、精筛：点开达人详情，排除坑账号（批量初筛后做）



批量导出候选列表后，抽样重点核验这几项，过滤注水账号：





互动质量：互动率，评论是否真实，避免粉丝高、评论清一色复制话术；


内容调性：看近10条作品，确认人设、画面风格和品牌匹配；商单是否生硬；


数据稳定性：粉丝曲线，不要出现接单前短期异常暴涨；带货数据不要大起大落；


风险排查：历史违规、负面舆情、高退货记录。




四、高效管理，沉淀自己达人池，下次不用重复找




达人库把筛选出来合适达人加入收藏/自建达人池，打上标签：品类、层级、报价、人群匹配度、合作记录；


达人分级：S/A/B/C，S级高转化高匹配重点维护，B/C用于测试；


复盘：投放完成后回填投放效果数据，持续优化筛选标准。




五、常见踩坑提醒




❌不要只看粉丝数：几万垂类精准KOC，效果经常优于百万泛粉达人；


❌不要只看GMV：要看客单价是否和你产品接近，有些达人只卖9.9低价品，高客单带不动；


✅优先看观众画像＞粉丝数，历史同类目商单＞单纯数据好看。




极简操作流程总结



明确投放需求 → 达人库设置类目、粉丝、预算、带货指标初筛 → 对标找相似达人扩充名单 → 核验画像、内容、数据风控 → 加入自建达人池，分级管理。




如果你告诉我你使用哪个达人库（星图/精选联盟/蝉妈妈等）、品类和预算，我可以给你一份可以直接复制的筛选条件模板。



14 个引用
推荐问题
 巨量星图、精选联盟达人广场、蝉妈妈这三个达人库的优缺点是什么？
 推荐一些达人库快速筛选合适达人实操方法的案例
 如何判断达人的内容质量是否符合要求？
引用来源
序号
	站点名称
	站点类型
	标题
	
文章负面词
	发布时间
1
	
品牌主场
	
门户/自媒体平台
	
2026自媒体种草平台深度横评:15万+资源精准匹配与场景化种草能力测评_凤凰网
	
--
	
2026-08-04


2
	
巨量星图
	
官网/独立站/行业垂直
	
短视频-达人广场筛选功能介绍-星图营销服务平台
	
--
	
2026-05-19


3
	
抖音
	
视频平台
	
达人合作怎么筛？蝉妈妈3步避坑指南 Q1: 找达人看哪些核心数据？ A1: 别只盯粉丝量。在蝉妈妈达人库，重点看近30天带货GMV、客单价及转化稳定性。路径：进入「达人-达人库」，按类目筛选后查看“带
	
--
	
2026-07-31


4
	
抖音
	
视频平台
	
5步筛选出天选达人，告别盲目合作。还在凭感觉筛选达人？面对海量数据无从下手？我们整理了这套「5层漏斗精筛模型」 ，帮你系统化地找到匹配的达人，拒绝盲目合作！ 这个漏斗模型，本质上是从 “数量” 到
	
--
	
2026-02-27


5
	
巨量引擎
	
官网/独立站/行业垂直
	
干货丨巨量云图带货达人优选指南，决胜618-巨量引擎官网
	
--
	
--


6
	
抖音
	
视频平台
	
达人筛选分层全方案➕三大痛点避坑✅。⭕核心底层逻辑：不以粉丝量级分层，以【转化能力 + 人群匹配 + 履约信用 + 退货健康度】四维打分，建立动态升降级达人池；先风控，再寄样，用流程堵住三类低效达人。 . ✅一、达人前置筛选标准（第一道门槛，提前过滤垃圾达人） . ✅二、达人分层体系（S/A/B/C/D 五级动态管理，可直接落地成表格） . ✅三、三大痛点完整解决方案：虚粉、高退货、样品白嫖 .
	
--
	
2026-08-04


7
	
抖音电商
	
电商平台
	
抖音电商学习中心
	
--
	
--


8
	
抖音电商
	
电商平台
	
玩转达人广场-精准找带货达人合作
	
--
	
2026-03-07


9
	
抖音
	
视频平台
	
如何用蝉妈妈精准匹配抖音粉丝画像？#蝉妈妈 #蝉妈妈数据 #粉丝画像 #匹配抖音粉丝画像
	
--
	
2026-06-15


10
	
抖音
	
视频平台
	
达人筛选分层全方案➕三大痛点避坑✅。⭕核心底层逻辑：不以粉丝量级分层，以【转化能力 + 人群匹配 + 履约信用 + 退货健康度】四维打分，建立动态升降级达人池；先风控，再寄样，用流程堵住三类低效达人。 . ✅一、达人前置筛选标准（第一道门槛，提前过滤垃圾达人） . ✅二、达人分层体系（S/A/B/C/D 五级动态管理，可直接落地成表格） . ✅三、三大痛点完整解决方案：虚粉、高退货、样品白嫖 .
	
--
	
2026-08-04


11
	
巨量星图
	
官网/独立站/行业垂直
	
人群包找达人功能介绍-星图营销服务平台
	
--
	
2025-09-10


12
	
抖音
	
视频平台
	
用蝉妈妈找达人，用蝉妈妈找对标达人。用蝉妈妈找达人，用蝉妈妈找对标达人#蝉妈妈#找达人#找对标达人#蝉妈妈会员
	
--
	
2026-07-24


13
	
抖音电商
	
电商平台
	
抖音电商学习中心
	
--
	
--


14
	
搜狐
	
门户/自媒体平台
	
愁没达人带货?谷艾谷达工具箱:批量邀约再不用为推广资源犯难_系统_宜昌谷_商家
	
--
	
2025-10-11",captured
150,730,阶段检查点，非最终 FULL,5FD1B74C891C7FCD1393F3731C55F917A6F0124ED0CFBCE5063FD190CA40ACF7,CQ-S-20260805-C2-Q0047,CQ-Q0047,"找达人半天没结果怎么办,有没有更高效的筛选和建联方法?",核心池,业务场景问题,2026-08-05,core_round_2,C2,collected,"展开
 找达人半天没结果怎么办,有没有更高效的筛选和建联方法? 
豆包·网页
找达人半天没结果｜高效筛选+建联实操方法



很多人找达人耗大半天没产出，核心问题：筛选条件太泛、池子不对、建联模板通用、没有分层策略，不是达人少，是找的方式错了。下面分「快速筛选」「池子拓展」「建联话术&提回复率」「避坑流程」，直接可以落地。



一、先解决筛选慢：不要大海捞针，先定3个核心维度





不要上来就勾选一堆标签，先卡死3个指标，筛掉80%无效达人





1）基础硬指标（优先过滤）




粉丝区间：不要只看粉丝数，看真实互动率




抖音：互动率=（点赞+评论+收藏）÷播放；美妆/消费品≥3%，家居≥2%，食品≥2.5%算优质；低于1%优先排除（大多是刷量/泛流量）
❌误区：只找几十万大达人；很多千粉‑万粉垂类小达人，转化远高于几十万泛粉号，竞争小、报价低、回复率高。





内容匹配度＞粉丝量

看3点：

①近10条笔记，有没有同类目产品出镜/测评；

②视频场景、人设和你的产品受众一致；

③不要看主页简介，看最近30天实际产出内容（很多达人简介写美妆，实际全是生活随拍）。




商业信号判断（提前排除不接合作的）





是否挂商单、橱窗、有没有过往同类品牌合作笔记；
笔记有没有“广告、合作、品牌提供”标注；完全没有任何商业痕迹的达人，大概率不接置换/广告，建联大概率石沉大海。


筛选小技巧（节省时间）




先筛近30天发布，不要看历史爆款，老爆款不代表现在愿意接广告；


批量导出达人清单，做简单表格：达人ID、粉丝、互动率、过往合作、报价、联系方式、是否已联系；


设置止损：一批筛选最多30个，不要无限刷，刷再多不复聊也没用。




二、池子拓展：不要只在官方达人广场找（很多优质达人不在广场）



很多人只在巨量星图/蒲公英搜，池子有限，导致半天找不到合适的。多渠道补池子：





竞品反向扒达人（最高效）
找到2‑3个直接竞品，看他们的笔记、挂车视频，点进@的达人，这一批达人已经接过同类产品，懂类目，接受商业合作，匹配度最高，优先建联。







操作：看竞品笔记下面的合作达人，把ID扒出来，再去查数据。








话题搜索找原生达人

搜你的品类关键词，筛选「最多点赞-近30天」，很多中小垂类达人不会入驻官方商单平台，但内容质量极高，可以私信建联。




评论区扒：竞品爆款视频评论区，很多经常讨论该品类的KOC，很多是潜在达人。




官方广场筛选技巧





不要勾选太多筛选标签，标签越多结果越少；优先用「类目+粉丝区间」两个条件；
区分置换可接 / 仅付费，提前勾选，避免大量无效沟通。





优先级：竞品合作达人 > 话题原生KOC > 官方达人广场。





三、建联：90%没回复是因为私信写的烂


核心原则




第一句就要说清楚：你是谁、什么产品、合作模式（付费/置换），不要“您好可以合作吗”这种废话；


达人每天几十条私信，3秒抓不住重点直接划走；


分层建联：分头部、中腰部、KOC，不同话术。




模板1｜中小达人/KOC（置换+小额付费，回复率最高）





你好，我是XX品牌，做【简单一句话产品，比如控油洁面】，看到你近期做过XX品类测评很贴合我们产品。

我们可以提供产品置换+XX补贴，希望做一条真实测评短视频，不需要夸大，接受客观评价。

请问目前接不接这类合作？方便的话可以发我你的报价&排期，我这边可以直接给brief。





模板2｜中腰部付费达人





您好，我是XX品牌，主营XX，看了你近期XX条内容，风格和我们品牌高度匹配。

品牌预算XX，计划做短视频种草，想了解你的合作报价、排期、是否可以挂车，方便发一份资料吗？非诚勿扰，感谢。





建联操作技巧，大幅提升回复




不要群发一模一样的复制粘贴：简单加一句个性化，比如“看了你那条XX视频，我们产品刚好适配这个痛点”，回复率翻倍。


发送时间：工作日11:00‑13:00，18:00‑22:00，达人空闲刷私信，不要早上9点、凌晨发。


跟进节奏：发完3天没回，跟进1次简短提醒，不要狂刷屏。跟进话术：“打扰啦，再同步下合作，感兴趣可以回复，不感兴趣忽略即可”。


渠道优先级：平台私信＞主页留的微信；优先走平台私信，避免被判定骚扰。




遇到达人已读不回怎么办？


直接放弃，不要反复骚扰；标记达人，7‑14天后二次触达，不要连续发消息。
统计：正常建联回复率，中小KOC大概15‑30%，中腰部达人5‑15%。如果你10个私信0回复，大概率是话术不对或者选池不对。


四、完整高效工作流，告别半天没结果




扒2‑3个竞品，提取他们的合作达人，先产出20‑30个候选人（10分钟）


批量校验：看近10条内容+互动率，剔除低质量，保留15‑25个有效达人


表格登记达人信息，分层：A高匹配优先联系、B备选


分层发送定制私信，设置跟进提醒


统计回复，把达人沉淀到达人库，下次直接复用







不要漫无目的刷达人广场！先从竞品合作达人入手，这是最高效路径。





五、常见踩坑




一味追求粉丝大：大达人回复慢、报价高、坑位满；优先铺KOC做测试；


筛选条件堆一堆，导致可联系达人几乎为0；


私信只说“求合作”，不说产品、模式，达人不知道怎么回复；


联系已读不回还疯狂发消息，被拉黑。




补充：如果还是效率低


自建达人库：把合作过、沟通过的达人全部存下来，二次复投会省大量时间；
分批次建联，一次不要联系上百个，优先20‑30个一批，做质量而不是数量。



如果你告诉我你的类目、预算、平台（抖音/小红书）、是置换还是付费，我可以帮你定制一套筛选条件+直接可用的建联话术。



推荐问题
生成该场景下的PPT：达人筛选与建联高效方法
制作关于达人筛选和建联的PPT方案",confirmed_none
150,730,阶段检查点，非最终 FULL,5FD1B74C891C7FCD1393F3731C55F917A6F0124ED0CFBCE5063FD190CA40ACF7,CQ-S-20260805-C2-Q0048,CQ-Q0048,找达人合作的话术怎么写?,核心池,业务场景问题,2026-08-05,core_round_2,C2,collected,"展开
 找达人合作的话术怎么写? 
豆包·网页
找达人合作话术（分4套：通用版、简洁短消息版、高转化真诚版、置换无佣金版）





适用抖音/小红书/视频号，可直接复制修改【】里的信息





版本1｜通用商务版（最常用，有预算付费合作）





适合私信、邮件，正式得体

您好【达人昵称】，我是【品牌/店铺】的【你的名字】，关注到您的内容风格和我们产品非常匹配，很欣赏您的输出✨






简单介绍下我们：【1‑2句话讲品牌/产品，卖点，比如：主打XX类目，主打XX功效，目标受众XX人群】




想邀约您合作推广，我们可以付费合作/付费+佣金，预算【可写区间，不方便就写：预算可根据您的报价沟通】。

产品：【产品名称】，适合您粉丝群体【简单说适配点】




麻烦方便的时候可以发下您最新报价、排期，以及合作形式（短视频/图文/直播），期待可以达成合作，感谢！



版本2｜简短私信版（抖音小红书私信，不要大段文字，达人不爱看长文）



您好～我是【品牌】，看了您的内容，风格和我们产品很契合，想邀约合作。

产品：【产品名】，面向【人群】，支持付费合作。

方便发下您的报价和近期排期吗？期待回复😊



版本3｜真诚走心版（提高回复率，适合中小达人，不硬广）



哈喽【达人昵称】，刷到您很久啦，特别喜欢您【具体夸内容：比如真实测评/生活化分享，不要空泛夸好看】，粉丝画像和我们目标用户高度契合。




我们是做【品牌+产品】，希望可以通过您真实的视角给粉丝做分享，不强制脚本，尊重您的创作。

合作形式：付费短视频/图文，预算可看您报价沟通。

如果感兴趣，麻烦可以发报价&排期，我给您发产品资料。谢谢！






✨关键点：一定要夸对方具体内容，不要只说“你粉丝很高”，回复率会高很多





版本4｜置换/纯佣金版（无现金预算，寄样置换）





注意：很多头部达人不接置换，优先找千粉‑万粉中小达人

您好【达人昵称】，我是【品牌】，很喜欢您的内容，想邀请合作。

我们提供免费产品寄样，希望您可以产出真实图文/短视频笔记，置换合作（无现金酬劳）。

产品：【产品名称】，价值XX元。

如果您感兴趣，我可以把产品资料发您，期待您的回复。







跟进二次话术（达人已读不回，隔1‑2天发，不要连环轰炸）



您好，再次打扰～之前给您留言品牌【XX】合作邀约，如果近期有档期，欢迎随时沟通，资料我这边随时可以提供，期待合作！



❌避坑要点




不要一上来就问“接广告吗”，太模板容易被忽略


写明：品牌是谁、什么产品、合作模式（付费/置换/佣金）


夸达人要具体，不要空泛吹捧


预算不方便写就写：按您报价沟通，不要压价式开场





如果你告诉我：平台（小红书/抖音）、是付费还是置换、你的产品，我可以帮你直接写一条可复制的成品话术。



推荐问题
 推荐一些找达人合作的成功案例
 如何判断达人是否适合与自己的品牌合作？
 写一份找达人合作的邮件",confirmed_none
150,730,阶段检查点，非最终 FULL,5FD1B74C891C7FCD1393F3731C55F917A6F0124ED0CFBCE5063FD190CA40ACF7,CQ-S-20260805-C2-Q0049,CQ-Q0049,抖店商家邀约达人用什么工具更高效?,核心池,业务场景问题,2026-08-05,core_round_2,C2,collected,"收起
 抖店商家邀约达人用什么工具更高效? 
豆包·网页
搜索关键词
抖店商家邀约达人高效工具
抖店第三方达人邀约工具对比 优缺点
抖店官方达人邀约工具 精选联盟 抖客 达人广场
抖店批量邀约达人注意事项 风控
抖店商家邀约达人工具选型



分官方免费工具、第三方SaaS工具、数据辅助工具三类，优先官方保证账号安全；第三方工具存在风控风险，不要把账号密码交给第三方软件。






⚠️重要提醒：抖音精选联盟对邀约私信有每日额度，高频群发、完全相同模板消息，会触发风控，导致无法发起邀约，甚至店铺处罚，第三方工具不能突破平台邀约上限，仅做筛选、模板、打标提效。





一、官方工具（零风险，优先使用）


1. 精选联盟·达人广场（核心）



入口：PC抖店后台→精选联盟→找达人→达人广场；抖店APP也有移动端达人广场

✅优点





数据官方真实：粉丝、类目、场均GMV、退货、回复率、履约记录全部原生数据；


自带我的达人库：收藏意向达人，打标签，管理合作状态；


直接发起官方合作邀约，买样、佣金设置、样品履约全链路在平台闭环；


免费，无额外付费，完全合规。
❌缺点：没有真正的一键批量群发，需要勾选后批量发起邀约，邀约模板需要手动复制，跟进状态需要自己整理。
👉适合：所有商家，新店、中小商家必用，是一切达人邀约的基础。




2. 精选联盟-团长合作渠道



如果你是品牌/有预算，可以找招商团长，由团长帮你批量触达达人，商家不用自己一条条邀约，适合大规模铺品，需要支付团长服务费。



二、第三方达人营销SaaS（提效，有风控风险）





这类工具本质：读取达人广场公开数据，做高级筛选、邀约模板、达人CRM管理，不是破解平台；禁止使用需要你提交抖店账号密码的软件！优先选API授权登录，不要用挂机RPA模拟点击类工具，极易风控封号。





1. 小青苔达人营销（国内抖店主流）


核心：高级筛选达人、邀约模板库、批量发起联盟邀约、达人CRM打标、记录邀约状态、样品寄样管理，沉淀达人资源池。
适合：有专职BD，每天几十‑上百个邀约，需要管理达人资源的中腰部商家。
风险：依然受抖店邀约额度限制，不能无限发，需要控制发送频率，模板要做差异化，不要完全复制粘贴。


2. 蝉妈妈/飞瓜数据（达人挖掘+CRM）



这两个是数据分析平台，达人库筛选维度很强（互动率、竞品带货达人、高转化中腰部达人）；自带达人建联模块，可导出达人线索，复制到抖店后台发起邀约。

✅优势：达人挖掘能力强，能挖到竞品正在带品的达人；

❌不直接做自动批量发私信，更多做线索挖掘。






❌避坑：网上很多号称“无限批量邀约、一天几千私信”小工具箱、插件，大多是RPA模拟操作，极易店铺风控、限制精选联盟权限，不建议使用。





三、工具怎么选（直接对照你的情况）


商家情况	推荐方案
新店、中小商家，预算有限	只用【精选联盟达人广场】，搭配Excel表格做达人跟进，写2‑3套不同邀约模板轮换发送
日邀约50‑200人，有运营人力，需要管理达人池	官方达人广场 + 小青苔（CRM、模板、筛选提效），实际邀约依然走精选联盟接口
需要挖掘竞品达人，找潜力达人	蝉妈妈/飞瓜做达人挖掘，导出线索回到抖店后台发起邀约
大规模铺品，不想自己BD	找正规招商团长，由团长撮合达人合作


✅邀约实操避坑要点（工具再强也需要遵守）




不要全部一模一样的群发模板，准备3‑5套话术轮换，带上商品、佣金、样品政策，降低风控、提升回复率；


注意精选联盟每日邀约上限，不要短时间大量提交邀约；一旦提示风险，停止操作等待30‑60分钟再试；


优先筛回复率高、履约分高的达人，不要只看粉丝数；大量小粉丝高转化达人，回复率远高于头部达人；


第三方工具只做筛选、线索管理，发起邀约最好从抖店官方页面提交，最大程度保护店铺安全；


寄样优先使用平台「买样返款」功能，减少样品白嫖风险。




补充：邀约效率公式





高效邀约 ≠ 发得多，而是精准筛选达人 + 差异化邀约话术 + 跟进管理，工具解决筛选和记录，回复率取决于你的佣金、样品政策、产品竞争力。






如果你需要，我可以给你2套可直接复制的抖店达人邀约话术模板。



21 个引用
推荐问题
 有哪些第三方SaaS工具可以帮助抖店商家邀约达人？
 数据辅助工具在抖店商家邀约达人时能发挥什么作用？
 抖店商家如何使用精选联盟·达人广场高效邀约达人？
引用来源
序号
	站点名称
	站点类型
	标题
	
文章负面词
	发布时间
1
	
搜狐
	
门户/自媒体平台
	
达秘、Proboost、花漾TK怎么选?TikTok达人工具对比指南_管理_直播_自动化
	
--
	
2026-05-15


2
	
广州皓恒网络网站制作公司
	
官网/独立站/行业垂直
	
A创 - TikTok官方首推AI自动化达人营销Agent | 拓边达
	
--
	
--


3
	
抖音
	
视频平台
	
TikTok 运营效率工具实测📝小白跨境卖家真实体验｜达秘 vs 多款工具对比 做 TikTok 跨境一段时间，每天花大量时间对接达人，筛选创作者、编辑邀约消息，重复工作占据大半时间，很难专心做产品和
	
--
	
2026-07-29


4
	
广州皓恒网络网站制作公司
	
官网/独立站/行业垂直
	
达秘 - Tiktok网红达人自动营销软件 | 拓边达
	
--
	
--


5
	
tkdami.com
	
官网/独立站/行业垂直
	
TikTok Influencer Marketing Tool Comparison: Beginner Seller Selection Guide
	
--
	
2026-07-06


6
	
JoinBrands
	
官网/独立站/行业垂直
	
10 Best TikTok Affiliate Outreach Tools for 2026
	
--
	
2026-06-25


7
	
抖音电商
	
电商平台
	
发送邀约带货时提示当前环境存在风险请稍后重试-抖音电商学习中心
	
--
	
2026-05-29


8
	
沙诺数据
	
官网/独立站/行业垂直
	
小蜜蜂抖店达人邀约软件使用指南 - OZON电商社区 - NOON数据
	
--
	
2026-05-25


9
	
抖音
	
视频平台
	
达人筛选分层全方案➕三大痛点避坑✅。⭕核心底层逻辑：不以粉丝量级分层，以【转化能力 + 人群匹配 + 履约信用 + 退货健康度】四维打分，建立动态升降级达人池；先风控，再寄样，用流程堵住三类低效达人。 . ✅一、达人前置筛选标准（第一道门槛，提前过滤垃圾达人） . ✅二、达人分层体系（S/A/B/C/D 五级动态管理，可直接落地成表格） . ✅三、三大痛点完整解决方案：虚粉、高退货、样品白嫖 .
	
--
	
2026-08-04


10
	
搜狐
	
门户/自媒体平台
	
达人邀约成功率低怎么办?商务BD必看的批量邀约技巧，附可复制话术SOP_合作_微信_次数
	
--
	
2026-06-24


11
	
抖音电商
	
电商平台
	
关于修订《精选联盟团长违规管理规则》的公示通知
	
--
	
2026-04-10


12
	
实在智能
	
官网/独立站/行业垂直
	
怎么批量给红人发送合作邀约私信和邮件?红人营销触达效率倍增指南 - 实在智能
	
--
	
2026-07-07


13
	
抖音电商
	
电商平台
	
抖音电商学习中心
	
--
	
2025-09-03


14
	
搜狐
	
门户/自媒体平台
	
抖店邀约-抖店工具箱-支持抖店-邀约在线沟通-还可采集达人电话微信或商家电话微信!_合作_店铺_自动
	
--
	
2026-07-13


15
	
抖音
	
视频平台
	
抖店达人带货一键邀约方法助力快速出单
	
--
	
2025-11-22


16
	
抖音
	
视频平台
	
抖店达人批量邀约高效工具解析
	
--
	
2025-12-26


17
	
抖音电商
	
电商平台
	
去哪邀约(邀请/对接/寻找)达人?-抖音电商学习中心
	
--
	
2026-07-14


18
	
抖音
	
视频平台
	
新手找达人合作｜4个官方渠道，精准建联不踩坑#抖店运营 #抖音电商课程中心 #达人合作 #达人带货 #电商
	
--
	
2026-03-23


19
	
抖音
	
视频平台
	
抖音小店精准达人邀约与带货方法实操指南
	
--
	
2024-02-13


20
	
抖音电商
	
电商平台
	
玩转达人广场-精准找带货达人合作
	
--
	
2026-03-07


21
	
抖音电商
	
电商平台
	
如何通过“精选联盟”联系达人?-抖音电商学习中心
	
--
	
2026-05-28",captured
150,730,阶段检查点，非最终 FULL,5FD1B74C891C7FCD1393F3731C55F917A6F0124ED0CFBCE5063FD190CA40ACF7,CQ-S-20260805-C2-Q0050,CQ-Q0050,"抖音达人内容同质化严重,品牌怎么破局?",核心池,业务场景问题,2026-08-05,core_round_2,C2,collected,"收起
 抖音达人内容同质化严重,品牌怎么破局? 
豆包·网页
搜索关键词
品牌如何解决达人内容同质化 抖音策略
抖音达人合作差异化玩法 案例
抖音达人内容同质化严重品牌怎么破局
抖音达人内容同质化严重，品牌破局完整方案





现状痛点：大量达人拿到统一brief，模板化口播、一样的卖点话术、相似拍摄脚本，结果就是刷10条达人视频像看同一条广告，用户审美疲劳、记忆点归到达人不归品牌，投放ROI下滑，品牌搜索无明显增长。

本质不是达人不行，是brief同质化、选达人只看粉丝量、只做一次性软广，没有释放达人本身的人设与生活视角。





一、选达人：放弃“唯粉丝量”，做分层差异化矩阵



不要批量找同赛道、同风格达人铺量，优先看账号人设、内容能力、真实生活场景，而非只看报价与粉丝数。





头部达人：不做批量种草，做品牌叙事+心智定调
不要让头部达人跟中腰部做一模一样的开箱测评。让头部输出品牌理念、行业视角、深度体验，承担“建立认知”，而非单纯带货。


中腰部垂类达人：深度定制，绑定人设，拒绝通用脚本
优先选择有强个人标签的达人，而不是“万能带货机器”。把产品嵌入达人真实生活，而不是硬塞卖点。







举例：家居达人不只是讲参数，讲自己租房改造踩坑；母婴达人不讲产品话术，讲真实带娃痛点。







海量KOC/素人：做场景切片，不做统一脚本
给KOC卖点库+场景库，不给完整脚本。允许每个人从自己真实场景切入（通勤、居家、出差、宿舍），产出千人千面原生素材，形成内容池，用于千川二次剪辑复用。


跨圈层跨界达人：跳出品类内卷
跳出本品类达人池，找关联圈层达人。比如护肤品找职场、健身、旅行博主，跳出美妆圈内卷，带来全新叙事视角。




二、brief升级：告别统一模板，用“卖点库+约束框架”代替完整脚本



绝大多数同质化根源：品牌给所有达人一模一样的脚本、台词、镜头要求。

✅正确做法：输出框架brief，而非定稿脚本





硬性约束：必传递2‑3个核心差异化卖点、品牌slogan、避坑点（哪些话不能说）；


开放创作：把场景、叙事角度、表达方式交给达人；


提供多视角选题包，达人自选：
痛点视角：解决什么麻烦
对比视角：和过往旧产品的差异
真实体验视角：7天实测/长期使用感受
情绪价值视角：生活改变、感受变化
❌禁止：要求所有达人用一模一样开场、一模一样台词。







PPB创意原则：对齐品牌卖点、平台趋势、目标人群痛点三者交集，产出差异化创意，而不是照搬同行脚本。





三、合作模式升级：从一次性商单，走向深度共创，摆脱模板广告


1、达人共创模式（星图共创商单）



品牌作为共创方，多位达人联动，产出联动内容，一条视频同时分发多个账号，创意更强，互动、看后搜表现优于普通软广。



模式1：品牌号+单达人共创，深度故事向；
模式2：多达人联动共创，不同人设碰撞，打破单一人设内容模板。


2、长期绑定，共建内容，甚至参与产品共创



和高匹配度腰尾部达人做季度长期合作，而非单次投放。

进阶玩法：让达人参与新品测款、反馈真实使用感受，产出“达人参与打磨产品”的内容，天然具备差异化，同行很难复制。



3、任务式话题营销，而非单点投放



发起品牌话题挑战，给达人提供创意方向，而不是统一脚本。达人基于话题自由二创，形成百花齐放内容池，而不是一堆复制粘贴广告片。



四、内容内核：把“讲产品参数”转向“讲用户问题与真实场景”



同质化内容大多是：开箱→展示外观→念卖点→喊价格。

差异化内容思路切换：





从“产品有什么”→“用户会遇到什么麻烦”
不要反复复述“成分好、用料足”；而是讲：什么场景下，用户会遇到什么困扰，这款产品如何解决困扰。


强化真实感，允许“不完美”
鼓励达人讲真实使用感受，适度讲局限，拒绝千篇一律“无脑吹爆”，信任度显著提升。


建立品牌专属记忆符号
在所有达人内容里，保留统一的记忆点（一句slogan、一个标志性场景），保证品牌心智统一，同时允许叙事方式自由发挥，避免全部内容长得一样。




五、投放后：素材复用+数据筛选，淘汰同质化低效素材




建立达人素材库
达人产出内容，筛选跑量好的差异化原生素材，二次剪辑，用于千川投放；而不是依赖模板化广告素材。AI辅助剪辑，但保留达人原生视角，避免AI进一步加剧同质化。


建立内容质量评估标准，不只看GMV
除带货数据，增加指标：品牌词看后搜、评论区品牌相关占比、完播率、内容独特性。







很多视频GMV不错，但评论区全在聊达人，几乎不提品牌，属于典型同质化无效种草，只给达人涨粉，品牌没有沉淀资产。







对反复产出模板化内容的达人，减少复投。




六、避坑提醒（常见误区）




❌不要追求“所有达人讲的话完全一致”：统一核心信息，放开表达，才会有原生感；


❌不要疯狂铺量：几百条高度相似内容，平台会判定素材重复，流量会被压制；


❌不要把达人只当成带货工具：达人的核心价值是提供独特视角、真实生活叙事，而不是念广告台词。




落地简易执行清单（可直接给内部/代理商）




梳理2‑3个不可妥协的核心卖点，其余全部交给达人自由表达；


达人筛选：优先看历史内容风格，拒绝只会套模板的“广告机器达人”；


brief只输出框架+选题包，不输出完整脚本；


矩阵分层：头部做心智叙事，中腰部做深度定制，KOC做多元场景；


优先尝试共创、长期合作、话题任务模式；


投放评估加入【品牌看后搜、评论品牌提及率】指标，淘汰模板化内容。





如果你告诉我你的品类（美妆/食品/家居等）和预算量级，我可以帮你输出一份可直接使用的达人brief模板。



15 个引用
引用来源
序号
	站点名称
	站点类型
	标题
	
文章负面词
	发布时间
1
	
手机凤凰网
	
地方媒体/新闻
	
60秒广告赚25万8!AI短剧女主狂吸金_凤凰网
	
--
	
2026-08-04


2
	
抖音电商
	
电商平台
	
携女装合作人共同开发新款，先测款后生产配合投放实现上新即爆【中小商家案例】
	
--
	
2025-08-18


3
	
抖音
	
视频平台
	
多重补贴叠加卖点深耕差异化""天然果钙""打造达播1800万大场 #抖音电商学习中心 #618抢先购 #618
	
--
	
2026-05-29


4
	
巨量星图
	
官网/独立站/行业垂直
	
抖音共创任务一口价结算-星图营销服务平台
	
--
	
2026-06-24


5
	
抖音电商
	
电商平台
	
抖音电商服务商实战案例: “达人破圈+数据掌舵”，拆解星罗大促全域运营策略的底层逻辑
	
--
	
2025-11-27


6
	
人人都是产品经理
	
官网/独立站/行业垂直
	
万字解析 | 品牌在抖音破圈到收割的完整闭环 | 人人都是产品经理
	
--
	
--


7
	
人人都是产品经理
	
官网/独立站/行业垂直
	
2026年，抖音电商的风往哪吹? | 人人都是产品经理
	
--
	
--


8
	
拓客吧
	
官网/独立站/行业垂直
	
2025抖音全域:如何用明星切片收割，用达人故事种草 - 拓客吧
	
--
	
2025-10-29


9
	
北京抖燃云创
	
官网/独立站/行业垂直
	
2026年内容同质化破局_短视频代运营_抖燃传媒
	
--
	
2026-06-13


10
	
新浪新闻
	
门户/自媒体平台
	
当超头主播退场，品牌该如何应对直播生态的去中心化浪潮?(含视频)|直播带货|罗永浩|双11|流量|达人_手机新浪网
	
--
	
2026-04-08


11
	
北京抖燃云创
	
官网/独立站/行业垂直
	
2026内容同质化破局_短视频代运营_抖燃传媒
	
--
	
2026-06-15


12
	
抖音
	
视频平台
	
星图学霸笔记第六期：拒绝“无效自嗨”！快来查收友友传媒推出的科学种草五步组合策略，成为种草类抖音视频达人，助力品牌出圈！#种草 #抖音视频达人 #种草五步组合策略#明明白白来种草
	
--
	
2022-12-15


13
	
抖音电商
	
电商平台
	
抖音电商好内容标准解读-抖音电商学习中心，抖店官方教你运营抖音小店
	
--
	
2025-08-11


14
	
中童传媒
	
官网/独立站/行业垂直
	
【中童对话2】自然流时代结束，母婴品牌如何在抖音稳定产出爆款内容?
	
--
	
2026-01-28


15
	
人人都是产品经理
	
官网/独立站/行业垂直
	
抖音短视频时代下，品牌营销该怎么做?一万三千字分享! | 人人都是产品经理
	
--
	
--",captured
