canonical_url,domain,source_title,source_type,citation_events,unique_pages,answers,questions,first_citations,sample_rate_pct,question_rate_pct
https://school.jinritemai.com/doudian/web/article/105308,school.jinritemai.com,抖音电商数据，就用罗盘;罗盘推出中小简版首页/竞争分析能力,字节/头条系其他,192,1,192,59,24,33.33,61.46
https://compass.jinritemai.com/,compass.jinritemai.com,抖音电商罗盘数据_抖音电商数据主屏入口_抖音电商罗盘数据官网,字节/头条系其他,165,1,165,52,33,28.65,54.17
https://compass.jinritemai.com/welcome/product,compass.jinritemai.com,产品优势_抖音电商罗盘数据官网,字节/头条系其他,165,1,165,52,39,28.65,54.17
https://feigua.cn/,feigua.cn,飞瓜数据,企业官网/工具平台,138,1,138,50,22,23.96,52.08
https://school.jinritemai.com/doudian/web/article/aHrV1Z179ify,school.jinritemai.com,抖音电商罗盘最全最新介绍手册(经营版),字节/头条系其他,117,1,117,45,4,20.31,46.88
https://jzl.com/news/douyin-data-94,jzl.com,抖音 数据 获取 工具 有 哪些 推荐 ?,企业官网/工具平台,98,1,98,50,3,17.01,52.08
https://school.jinritemai.com/doudian/web/article/113166,school.jinritemai.com,抖音电商罗盘最新最全介绍手册(达人版),字节/头条系其他,94,1,94,40,13,16.32,41.67
https://school.jinritemai.com/doudian/web/course-series/cHXYPm4k5tCn/cHXYPm4k5tCnlHadidnoUX6D?from_school=1&should_full_screen=1&should_hide_bottom_nav=1,school.jinritemai.com,抖音电商官方数据产品「罗盘·策略」引领生意增长,字节/头条系其他,89,1,89,28,26,15.45,29.17
https://9200.cn/tools/132,9200.cn,飞瓜数据 - 短视频直播电商数据分析，达人选品，直播复盘,其他外部来源,78,1,78,42,0,13.54,43.75
https://iesdouyin.com/share/video/7207813537081773373,iesdouyin.com,带货达人必备工具。抖音电商罗盘最近推出了达人的最新版本，帮助达人实现人群，商品，内容的三者匹配，实测带货效率能够直线飙升。#短视频带货 #电商罗盘 #选品工具 #带货达人,抖音视频,72,1,72,26,19,12.5,27.08
https://blog.csdn.net/lyxathena/article/details/143586363,blog.csdn.net,飞瓜数据抖音版与蝉妈妈抖音版优劣势比较_飞瓜抖音-CSDN博客,社区/博客/问答,69,1,69,38,0,11.98,39.58
https://iesdouyin.com/share/video/7682997348260406867,iesdouyin.com,抖音数据不一致？3步校准转化。Q1: 抖音短视频数据和后台不一致，先核对哪些核心指标口径？ A1: 数据差异通常源于统计口径与更新时效的不同。官方后台（如抖店罗盘）聚焦店铺自有成交和投流归因，而第三方,抖音视频,68,1,68,25,4,11.81,26.04
https://school.jinritemai.com/doudian/wap/article/106202?from_school=1&should_full_screen=1&should_hide_bottom_nav=1,school.jinritemai.com,抖音电商学习中心,字节/头条系其他,67,1,67,17,39,11.63,17.71
https://school.jinritemai.com/doudian/web/article/aHiLfa4fR62G,school.jinritemai.com,抖音电商数据就用「罗盘」，罗盘·经营「竞争分析」免费开放啦!,字节/头条系其他,67,1,67,24,3,11.63,25.0
https://school.jinritemai.com/doudian/wap/course-series/cHcPPwSCPcym/cHcPPwSCPcymlHcQ92eWjfgY?from_school=1&should_full_screen=1&should_hide_bottom_nav=1,school.jinritemai.com,罗盘 双 11 大促 作战 攻略,字节/头条系其他,66,1,66,23,4,11.46,23.96
https://iesdouyin.com/share/video/7559437916871740731,iesdouyin.com,查抖音数据的第三方平台都有哪些，哪个平台查抖音数据比较准，蝉妈妈和飞瓜数据哪个好，蝉妈妈数据和抖查查数据哪个好，飞瓜和抖查查哪个好，蝉妈妈，巨量算数，飞瓜数据，抖查查#蝉妈妈#飞瓜数据#抖音数据#巨量,抖音视频,64,1,64,35,0,11.11,36.46
https://iesdouyin.com/share/video/7329324715934223643,iesdouyin.com,做抖音必须要知道的7个官方工具#三农策划师 #三农策划 #助力三农 #新农人计划2024 #抖音干货,抖音视频,61,1,61,30,2,10.59,31.25
https://iesdouyin.com/share/video/7372132002004307252,iesdouyin.com,这几个免费的新媒体宝藏网站，谁用谁爱#三农 #三农策划师 #2024新农人计划 #新媒体 #网站,抖音视频,60,1,60,30,4,10.42,31.25
https://compass.jinritemai.com/welcome/version,compass.jinritemai.com,版本区别_抖音电商罗盘数据官网,字节/头条系其他,57,1,57,30,4,9.9,31.25
https://iesdouyin.com/share/video/7209293313705266487,iesdouyin.com,一个白嫖的工具，免费查看同行真实数据。#短视频带货 #抖音带货 #抖音运营小技巧 #抖音电商达人知识分享,抖音视频,55,1,55,29,4,9.55,30.21
https://tools-ai.cn/tag/抖音数据,tools-ai.cn,抖音数据-AI工具导航 | AI工具大全，国内外AI工具一站式导航网站,其他外部来源,54,1,54,28,2,9.38,29.17
https://jzl.com/news/douyin-data-29,jzl.com,抖音数据第三方平台对比与选择指南:哪款工具最适合你,企业官网/工具平台,52,1,52,26,2,9.03,27.08
https://iesdouyin.com/share/video/7662960417123372388,iesdouyin.com,抖音带货数据在哪看？查数据就选蝉妈妈 Q1：去哪查主播带货数据？ A1：可通过三类渠道查询，抖音电商罗盘可查看官方基础销售额与流量数据；蝉妈妈等第三方工具数据维度更全面；抖音官方及第三方平台也会发布达,抖音视频,51,1,51,19,0,8.85,19.79
https://coonav.com/favorites/douyinshuju,coonav.com,抖音数据分析工具 | COONAV电商运营导航,企业官网/工具平台,48,1,48,26,4,8.33,27.08
https://iesdouyin.com/share/video/7631066264689020187,iesdouyin.com,短视频带货如何查看同行出单数据？ #短视频带货 #选品技巧 #切片带货 #IP切片,抖音视频,44,1,44,21,7,7.64,21.88
https://school.jinritemai.com/doudian/wap/article/aHyVTUvYbCBv?from_school=1&should_full_screen=1&should_hide_bottom_nav=1,school.jinritemai.com,抖音电商学习中心,字节/头条系其他,44,1,44,11,0,7.64,11.46
https://school.jinritemai.com/doudian/wap/course-series/cJZHjLnhaLyw/cJZHjLnhaLywlJZJUawr9Aqg?from_school=1&should_full_screen=1&should_hide_bottom_nav=1,school.jinritemai.com,抖音 电商 学习 中心,字节/头条系其他,44,1,44,22,9,7.64,22.92
https://apps.apple.com/cn/app/蝉妈妈-直播短视频电商ai数据分析/id1508944184?platform=vision,apps.apple.com,‎蝉妈妈-直播短视频电商AI数据分析 App - App Store,其他外部来源,43,1,43,21,1,7.47,21.88
https://m.sohu.com/a/1070382613_122634602,m.sohu.com,蝉妈妈飞瓜核心差异?抖音运营选工具看这3点_数据_直播间_素材,新闻/门户/自媒体,43,1,43,28,0,7.47,29.17
https://iesdouyin.com/share/video/7581698015603395877,iesdouyin.com,查抖音数据分析都有哪些第三方平台数据软件呢？#电商创业#蝉妈妈#考古加#抖查查#飞瓜数据,抖音视频,42,1,42,31,1,7.29,32.29
https://school.jinritemai.com/doudian/wap/course-series/cJZHjLnhaLyw/cJZHjLnhaLywlJZJUawr8kVG?from_school=1&should_full_screen=1&should_hide_bottom_nav=1,school.jinritemai.com,中小 商家 千川 广告 投放 运营 基础 及 工具 使用,字节/头条系其他,42,1,42,10,2,7.29,10.42
https://9200.cn/tools/951,9200.cn,新抖 - 抖音全场景数据工具，直播带货秒级销量监测与爆款商品选品分析,其他外部来源,40,1,40,30,0,6.94,31.25
https://school.jinritemai.com/doudian/web/course-series/cHXYPm4k5tCn/cHXYPm4k5tCnlHs7qa3rs2xk?from_school=1&should_full_screen=1&should_hide_bottom_nav=1,school.jinritemai.com,抖音电商官方数据产品「罗盘·策略」引领生意增长,字节/头条系其他,40,1,40,15,7,6.94,15.62
https://iesdouyin.com/share/video/7074880763807681829,iesdouyin.com,从3个网站获取直播数据#抖音电商达人知识分享 #汽车自媒体 #学浪计划 @杭州搜车网科技有限公司,抖音视频,39,1,39,22,0,6.77,22.92
https://iesdouyin.com/share/video/7684924743535637926,iesdouyin.com,抖音、快手、小红书、视频号、淘系、拼多多！全平台数据分析工具怎么选？蝉妈妈、飞瓜、灰豚、考古加、热浪数据真实测评，无广告、纯干货。,抖音视频,39,1,39,24,1,6.77,25.0
https://iesdouyin.com/share/video/7405434112078630195,iesdouyin.com,IP起号的核心运营工具，快速打破信息壁垒！！！#短视频运营 #商业IP #新媒体运营 #干货分享,抖音视频,37,1,37,20,4,6.42,20.83
https://jzl.com/news/douyin-data-46,jzl.com,抖音数据分析在哪里看:官方后台和第三方工具全对比,企业官网/工具平台,35,1,35,11,19,6.08,11.46
https://oceanengine.com/links/brand,oceanengine.com,巨量 引擎 官网 | 今日 头条 营销 _ 抖音 营销 _ 抖音 营销 平台,字节/头条系其他,35,1,35,25,0,6.08,26.04
https://ai.chanmama.com/article/647,ai.chanmama.com,抖音短视频复盘-蝉妈妈AI抖音数据分析工具,企业官网/工具平台,34,1,34,14,0,5.9,14.58
https://coonav.com/36782.html,coonav.com,抖音数据查看平台有哪些?12大主流工具深度解析，选对平台事半功倍 | COONAV电商运营导航,企业官网/工具平台,34,1,34,20,0,5.9,20.83
https://iesdouyin.com/share/video/7578466926209291876,iesdouyin.com,新手小白做抖音不知道同行数据如何查看，推荐使用这几个工具！#新人如何做抖音 #知识科普 #知识分享 #短视频运营 #抖音生活观察计划,抖音视频,34,1,34,14,0,5.9,14.58
https://fuwu.jinritemai.com/solutions?pageId=1,fuwu.jinritemai.com,解决方案,字节/头条系其他,33,1,33,15,0,5.73,15.62
https://iesdouyin.com/share/video/7654944066412717233,iesdouyin.com,官方工具搞定爆款 #抖音运营 #抖音官方工具 #新手做抖音 #短视频干货 #2026抖音最新玩法,抖音视频,32,1,32,18,1,5.56,18.75
https://iesdouyin.com/share/video/7677162176309726504,iesdouyin.com,"抖音后台能偷看同行数据？这个功能 99% 的人没发现 抖音来客「行业竞争」—— 四个功能把同行底裤看光
#抖音来客  #行业竞争  #同行对标  #本地生活运营  #实体店引流  #8月新规",抖音视频,32,1,32,13,0,5.56,13.54
https://iesdouyin.com/share/video/7686399215178490277,iesdouyin.com,抖音数据不一致？店铺运营3步核对口径。Q1: 抖音商品数据和店铺后台不一致怎么办？先核对数据口径与统计周期 A1: 遇到数据差异，首要任务是确认“统计口径”和“时间范围”是否一致。抖音电商学习中心指出,抖音视频,32,1,32,12,0,5.56,12.5
https://chanmama.com/yunyingquan/articles/tikshop,chanmama.com,蝉妈妈运营圈文章合集_抖音运营干货_电商运营攻略,企业官网/工具平台,31,1,31,18,0,5.38,18.75
https://iesdouyin.com/share/video/7571395648705618801,iesdouyin.com,查抖音数据的第三方数据平台都有哪些，查抖音数据的第三方平台哪个好，蝉妈妈和飞瓜哪个好用，蝉妈妈和考古加哪个好用，蝉妈妈和抖查查哪个好用？#抖音数据#第三方数据#蝉妈妈#抖查查#飞瓜,抖音视频,31,1,31,18,0,5.38,18.75
https://chanmama.com/yunyingquan/question/4785.html,chanmama.com,蝉妈妈的第三方数据补充来源有哪些，可信度如何? - 蝉妈妈运营圈,企业官网/工具平台,30,1,30,17,0,5.21,17.71
https://buyin.jinritemai.com/helpcenter/5124/47267,buyin.jinritemai.com,【 数据 参谋 】 - 帮助 中心 - 巨量 百应 帮助 中心,字节/头条系其他,29,1,29,20,0,5.03,20.83
https://chanmama.com/yunyingquan/question/4548.html,chanmama.com,抖音投放数据在哪里看? - 蝉妈妈运营圈,企业官网/工具平台,29,1,29,15,0,5.03,15.62
https://feigua.cn/?renqun_youhua=734849,feigua.cn,飞瓜数据-助力电商销量、营销声量双丰收-feigua.cn,企业官网/工具平台,29,1,29,11,5,5.03,11.46
https://iesdouyin.com/share/video/7047197119769218344,iesdouyin.com,包打听01：为啥抖音第三方软件数据🤪越来越不准了！！！抖音关闭数据接口，为啥？ #抖音电商 #电商创业 #抖音运营小技巧 #蝉妈妈 #考古加 #抖音小店,抖音视频,29,1,29,12,0,5.03,12.5
https://jzl.com/news/douyin-data-67,jzl.com,抖音数据分析工具推荐:从免费到付费我把主流工具都试了一遍,企业官网/工具平台,29,1,29,16,0,5.03,16.67
https://school.jinritemai.com/doudian/wap/knowledge/kJ9EX93BGxnF,school.jinritemai.com,抖音电商学习中心,字节/头条系其他,28,1,28,17,5,4.86,17.71
https://buyin.jinritemai.com/helpcenter/5124/42215,buyin.jinritemai.com,百应PC平台概览 - 帮助中心 - 巨量百应帮助中心,字节/头条系其他,27,1,27,15,0,4.69,15.62
https://douyinec.com/article/2,douyinec.com,产品新思路，展望抖音电商生意新可能,其他外部来源,27,1,27,16,0,4.69,16.67
https://school.jinritemai.com/doudian/wap/article/aHiLfa4fR62G?from_school=1&should_full_screen=1&should_hide_bottom_nav=1,school.jinritemai.com,抖音电商学习中心,字节/头条系其他,27,1,27,19,3,4.69,19.79
https://school.jinritemai.com/doudian/wap/course-series/cHXYPm4k5tCn/cHXYPm4k5tCnlHsBbDReqqp6?from_school=1&should_full_screen=1&should_hide_bottom_nav=1,school.jinritemai.com,抖音电商官方数据产品「罗盘·策略」引领生意增长,字节/头条系其他,27,1,27,14,5,4.69,14.58
https://iesdouyin.com/share/video/7643757925822909723,iesdouyin.com,答疑：千川后台、抖音罗盘、第三方工具，数据对不上到底信哪个？ #数据 #数据工具 #抖音罗盘 #千川后台 #千川全域,抖音视频,26,1,26,9,0,4.51,9.38
https://iesdouyin.com/share/video/7667067214668173285,iesdouyin.com,抖店运营工具推荐与新手开抖店必备工具盘点！从抖店官方工具到抖大侠选品上货以及抖大侠一键下单，保姆级讲解实操教学！#抖店干货 #抖大侠 #上货软件 #抖大侠一键下单 #一键铺货,抖音视频,26,1,26,13,0,4.51,13.54
https://developer.open-douyin.com/service-market/market-detail/6998534078328820767,developer.open-douyin.com,灰豚智服-舆情预警 - 抖音开放平台,其他外部来源,25,1,25,14,0,4.34,14.58
https://iesdouyin.com/share/video/7564029844997590329,iesdouyin.com,#抖店运营 #选品 #电商创业 做抖店如何找对标店铺和进行数据分析？,抖音视频,25,1,25,10,4,4.34,10.42
https://chanmama.com/?page=41,chanmama.com,蝉妈妈数据 - 抖音直播& 短视频电商数据分析服务平台,企业官网/工具平台,24,1,24,17,0,4.17,17.71
https://huasheng.ai/insights/douyin-trending-tools,huasheng.ai,抖音 爆款 分析 工具 与 趋势 发现 渠道 | 花 叔,其他外部来源,24,1,24,16,0,4.17,16.67
https://iesdouyin.com/share/video/7680822916104051840,iesdouyin.com,抖音数据工具怎么选？蝉妈妈对比罗盘。Q1: 抖音电商数据分析工具怎么选？核心看数据覆盖范围与更新时效 A1: 选择电商数据分析工具时，首要判断标准是数据能否覆盖全网竞品及行业大盘，而不仅限于自家店铺。,抖音视频,24,1,24,15,3,4.17,15.62
https://school.jinritemai.com/doudian/web/article/aHqFkgHJmWcC,school.jinritemai.com,罗盘·经营「竞争分析」大升级，助您更好学习竞对!-抖音电商学习中心，抖店官方教你运营抖音小店,字节/头条系其他,24,1,24,11,0,4.17,11.46
https://fluxgrowth.io/best-tiktok-analytics-tools-2026-6-tools-compared,fluxgrowth.io,Best TikTok Analytics Tools 2026: 6 Tools Compared,其他外部来源,23,1,23,15,0,3.99,15.62
https://iesdouyin.com/share/video/7584133933202296091,iesdouyin.com,抖音官方工具大全。抖音官方工具大全，图一分类与场景说明，图二适用人群。 #抖音官方工具,抖音视频,23,1,23,17,0,3.99,17.71
https://jzl.com/news/douyin-data-59,jzl.com,抖音数据分析工具:我用过的几款和最终的选择,企业官网/工具平台,23,1,23,13,0,3.99,13.54
https://school.jinritemai.com/doudian/wap/course-series/cHcPPwSCPcym/cHcPPwSCPcymlHcQ92eWiurC?from_school=1&should_full_screen=1&should_hide_bottom_nav=1,school.jinritemai.com,罗盘双11大促作战攻略,字节/头条系其他,23,1,23,12,3,3.99,12.5
https://iesdouyin.com/share/video/7690887607186043045,iesdouyin.com,抖音电商数据怎么查？蝉妈妈看竞品找爆款。Q1: 抖音电商数据查询平台，哪些比较常用？ A1: 行业通用做法是“官方后台核验自有数据+第三方工具看全网竞品”。抖音电商罗盘和抖店工作台适合查看自家店铺的订,抖音视频,22,1,22,13,0,3.82,13.54
https://op.jinritemai.com/docs/guide-docs/83/7356,op.jinritemai.com,抖店开放平台,字节/头条系其他,22,1,22,13,1,3.82,13.54
https://school.jinritemai.com/doudian/wap/course-series/cHSLjJ4EXZ57/cHSLjJ4EXZ57lHSLwWrdnmCx,school.jinritemai.com,抖音电商罗盘手机端使用攻略,字节/头条系其他,22,1,22,15,0,3.82,15.62
https://apps.apple.com/cn/app/蝉妈妈-轻抖店直播数据巨量工作台/id1508944184?l=en-GB,apps.apple.com,‎蝉妈妈-轻抖店直播数据巨量工作台 App - App Store,其他外部来源,21,1,21,14,1,3.65,14.58
https://compass.jinritemai.com/shop/graphic/graphic-analysis,compass.jinritemai.com,图文分析-抖音电商罗盘,字节/头条系其他,21,1,21,16,0,3.65,16.67
https://iesdouyin.com/share/video/7043624308299566349,iesdouyin.com,推荐一个好用的官方创作平台@巨量算数 #巨量算数,抖音视频,21,1,21,12,0,3.65,12.5
https://iesdouyin.com/share/video/7234420548426534201,iesdouyin.com,巧用灵机功能，复盘直播效果，助力直播内容更上一层楼！,抖音视频,21,1,21,6,11,3.65,6.25
https://iesdouyin.com/share/video/7588126106546087653,iesdouyin.com,抖音数据平台，抖音灵机复盘。#抖音灵机复盘 #新人做抖音 #口播 #短视频创业 #干货分享,抖音视频,21,1,21,17,0,3.65,17.71
https://iesdouyin.com/share/video/7683443571840178533,iesdouyin.com,蝉妈妈怎么看，蝉妈妈是一个什么样的平台。蝉妈妈怎么看，蝉妈妈是一个什么样的平台#蝉妈妈会员#蝉妈妈怎么看#蝉妈妈是一个什么样的平台,抖音视频,21,1,21,11,0,3.65,11.46
https://school.jinritemai.com/doudian/wap/course-series/cHSLjJ4EXZ57/cHSLjJ4EXZ57lHSLwWrdnmCx?from_school=1&should_full_screen=1&should_hide_bottom_nav=1,school.jinritemai.com,抖音电商学习中心,字节/头条系其他,21,1,21,12,0,3.65,12.5
https://school.jinritemai.com/doudian/web/article/106202,school.jinritemai.com,抖音 电商 罗盘 常见 问题 解答 ( 商家 版 ) - 抖音 电商 学习 中心 ， 抖 店 官方 教 你 运营 抖音 小店,字节/头条系其他,21,1,21,9,5,3.65,9.38
https://9200.cn/tools/2751,9200.cn,抖音电商罗盘 - 抖音官方免费电商数据平台，店铺直播诊断与选品趋势分析,其他外部来源,20,1,20,14,0,3.47,14.58
https://developer.open-douyin.com/docs/resource/zh-CN/dop/ability/open-data/video-data-solution,developer.open-douyin.com,视频数据管理_移动/网站应用_抖音开放平台,其他外部来源,20,1,20,9,0,3.47,9.38
https://iesdouyin.com/share/video/7114648704929320230,iesdouyin.com,分享4个超好用的官方工具！#抖音热点宝 #巨量算数 #巨量百应 #巨量创意 #知识分享,抖音视频,20,1,20,18,0,3.47,18.75
https://iesdouyin.com/share/video/7433414737779625242,iesdouyin.com,蝉妈妈和飞瓜数据哪个好用？蝉妈妈和考古加看数据哪个好用？蝉妈妈和灰豚数据，抖查查数据，达多多数据哪个好用点？#蝉妈妈数据和飞瓜数据哪个好 #达多多数据入口 #抖查查数据 #灰豚数据,抖音视频,20,1,20,12,0,3.47,12.5
https://iesdouyin.com/share/video/7656705892880629989,iesdouyin.com,电商运营如何自动复盘抖音短视频表现？#复盘短视频数据 #自动复盘短视频表现 #蝉妈妈,抖音视频,20,1,20,6,0,3.47,6.25
https://school.jinritemai.com/doudian/wap/article/aJXFPbWWNceA,school.jinritemai.com,AI智能工具篇:云图& 即创,字节/头条系其他,20,1,20,13,0,3.47,13.54
https://school.jinritemai.com/doudian/web/course-series/cHXYPm4k5tCn/cHXYPm4k5tCnlHadidnoUmhf?from_school=1&should_full_screen=1&should_hide_bottom_nav=1,school.jinritemai.com,抖音电商官方数据产品「罗盘·策略」引领生意增长,字节/头条系其他,20,1,20,12,1,3.47,12.5
https://ai.chanmama.com/article/879,ai.chanmama.com,抖音周报自动生成-蝉妈妈AI抖音数据分析工具,企业官网/工具平台,19,1,19,6,5,3.3,6.25
https://iesdouyin.com/share/video/7634477922220745396,iesdouyin.com,新手小白如何查看同行数据。#短视频编导#短视频变现 #自媒体创业 #实体店#实体店引流,抖音视频,19,1,19,13,0,3.3,13.54
https://school.jinritemai.com/doudian/wap/course-series/cHPuNmhxg7Ya/cHPuNmhxg7YalHPx4rb3XC8V?from_school=1&should_full_screen=1&should_hide_bottom_nav=1,school.jinritemai.com,数据化运营& 罗盘官方系列课程,字节/头条系其他,19,1,19,11,0,3.3,11.46
https://ai-indeed.com/encyclopedia/31301.html,ai-indeed.com,抖音电商数据采集工具:直播投放数据自动汇总分析实战指南 - 实在智能,其他外部来源,18,1,18,7,1,3.12,7.29
https://iesdouyin.com/share/video/7638567070161964329,iesdouyin.com,如何快速找到同行的爆款短视频素材并扒下来学习 #电商 #电商罗盘 #电商投流 #电商选品 #罗盘跳转插件,抖音视频,18,1,18,4,2,3.12,4.17
https://iesdouyin.com/share/video/7643796769839012771,iesdouyin.com,直播运营分析竞品直播间从哪看 #直播运营 #竞品分析 #蝉妈妈 #蝉魔方 #飞瓜,抖音视频,18,1,18,13,1,3.12,13.54
https://iesdouyin.com/share/video/7679665173677854006,iesdouyin.com,蝉妈妈和飞瓜哪个好？蝉妈妈对比飞瓜。飞瓜和蝉妈妈哪个好？蝉妈妈和飞瓜是干嘛的？蝉妈妈和飞瓜哪个好用？蝉妈妈跟飞瓜的区别，蝉妈妈和飞瓜哪个数据准？蝉妈妈和飞瓜哪个准确？#飞瓜和蝉妈妈哪个好 #蝉妈妈和飞瓜哪个数据准 #飞瓜和蝉妈妈,抖音视频,18,1,18,14,0,3.12,14.58
https://webcdn.xiguaji.com/pince/web/20260708/product-intro.pdf,webcdn.xiguaji.com,飞瓜品策,其他外部来源,18,1,18,11,0,3.12,11.46
https://woshipm.com/share/5968575.html,woshipm.com,多款电商数字决策平台的竞品分析 | 人人都是产品经理,社区/博客/问答,18,1,18,16,0,3.12,16.67
https://iesdouyin.com/share/video/7185822247909592323,iesdouyin.com,抖音灵机正式上线了，主播可以免费实时监测直播间数据了#马菲 #经验分享 #抖音灵机 #干货分享 #口播知识分享,抖音视频,17,1,17,8,0,2.95,8.33
https://iesdouyin.com/share/video/7572524366443106139,iesdouyin.com,老炮的运营策略（第六十期） #知识分享 #干货分享 #自媒体干货 #短视频运营,抖音视频,17,1,17,4,3,2.95,4.17
https://iesdouyin.com/share/video/7662623213272292456,iesdouyin.com,下播后请抖音ai经纪人帮你复盘。 很多主播直播流量忽高忽低，就是不会正确复盘。 下播之后，打开抖音灵机，找到AI经纪人，对整场直播做智能复盘。AI会帮你分析流量渠道、观众画像、停留短板、话术问题和违规风险，还会给出优化方案。# 抖音直播复盘#抖音灵机#直播运营技巧#主播干货,抖音视频,17,1,17,7,0,2.95,7.29
https://iesdouyin.com/share/video/7675658247579445243,iesdouyin.com,抖音直播数据怎么看？蝉妈妈拆解流量与复盘。Q1: 分析抖音直播带货数据，如何精准拆解流量结构与转化逻辑？ A1: 核心在于区分自然流量与付费流量，并定位高转化节点。 ①去哪里看：进入蝉妈妈【直播】模块,抖音视频,17,1,17,7,0,2.95,7.29
https://open.oceanengine.com/labels/7/docs/1696710646848512,open.oceanengine.com,线索-JS布码上报数据(new)-数据上报管理-商业开放平台,字节/头条系其他,17,1,17,8,0,2.95,8.33
https://school.jinritemai.com/doudian/web/article/102418,school.jinritemai.com,订单报表导出使用说明-抖音电商学习中心，抖店官方教你运营抖音小店,字节/头条系其他,17,1,17,5,0,2.95,5.21
https://shenjy06.github.io/blog/2026/04/15/20260415-类似灰豚数据的网站推荐,shenjy06.github.io,类似灰豚数据的网站推荐,其他外部来源,17,1,17,14,0,2.95,14.58
https://tlinky.com/best-tiktok-analytics-tools,tlinky.com,9 Best TikTok Analytics Tools Tested in 2026,其他外部来源,17,1,17,13,0,2.95,13.54
https://apps.apple.com/cn/app/蝉妈妈-直播短视频电商ai数据分析/id1508944184?platform=watch,apps.apple.com,‎蝉妈妈-直播短视频电商AI数据分析 App - App Store,其他外部来源,16,1,16,11,0,2.78,11.46
https://developer.open-douyin.com/service-market/market-detail/7052218744688350238,developer.open-douyin.com,魔盒-抖音达人邀约助手电商选品辅助工具 - 抖音开放平台,其他外部来源,16,1,16,8,0,2.78,8.33
https://iesdouyin.com/share/video/7423224654455770419,iesdouyin.com,抖音百科：短视频数据分析工具介绍 #抖音百科：短视频数据分析工具介绍,抖音视频,16,1,16,8,0,2.78,8.33
https://iesdouyin.com/share/video/7666882429827344617,iesdouyin.com,直播带货的还没有这个官方助手的一定要用 #电商商家痛点 #电商运营知识分享 #电商运营干货分享 #电商直播干货,抖音视频,16,1,16,10,0,2.78,10.42
https://iesdouyin.com/share/video/7672682543937967025,iesdouyin.com,流量少不出单怎么办 一个能免费查看同行对标账号真实数据的方法！借助工具做好数据分析，及时跟上爆品做出爆款~不再在乎流量的高低！#起号 #带货 #自媒体 #干货 #选品,抖音视频,16,1,16,11,0,2.78,11.46
https://iesdouyin.com/share/video/7689017154625460203,iesdouyin.com,抖音小店数据怎么查？蝉妈妈拆解同行策略。Q1: 抖音小店数据平台有哪些？如何快速拆解同行小店运营策略？ A1: 市面上常见的抖音电商数据分析工具包括蝉妈妈、考古加、飞瓜数据等。若需进行深度的同行拆解与,抖音视频,16,1,16,13,0,2.78,13.54
https://iesdouyin.com/share/video/7690849266143391653,iesdouyin.com,抖音数据怎么导出？电商运营用蝉妈妈。Q1: 抖音数据导出用什么工具方便？ A1: 区分内部经营与外部竞品，选择对应数据渠道 ①自有店铺数据：优先使用抖音电商罗盘和抖店后台。这里的数据最准确，适合核对订,抖音视频,16,1,16,9,0,2.78,9.38
https://qianchuan.jinritemai.com/docs/help/11747/213216,qianchuan.jinritemai.com,巨量千川简介 - 产品介绍 - 巨量千川帮助中心,字节/头条系其他,16,1,16,13,0,2.78,13.54
https://school.jinritemai.com/doudian/wap/article/aHz4Rb6T2GLz?from_school=1&should_full_screen=1&should_hide_bottom_nav=1,school.jinritemai.com,抖店「订单管理」使用指南,字节/头条系其他,16,1,16,8,0,2.78,8.33
https://socialinsider.io/blog/best-tiktok-analytics-tools,socialinsider.io,Top 10 TikTok Analytics Tools In 2026: Tested & Compared,其他外部来源,16,1,16,12,0,2.78,12.5
https://chanmama.com/yunyingquan/articles/dsgj,chanmama.com,蝉妈妈运营圈文章合集_抖音运营干货_电商运营攻略,企业官网/工具平台,15,1,15,15,0,2.6,15.62
https://fuwu.jinritemai.com/detail?service_id=24001,fuwu.jinritemai.com,抖店服务市场-服务详情,字节/头条系其他,15,1,15,9,0,2.6,9.38
https://iesdouyin.com/share/video/7098747643068828958,iesdouyin.com,"「巨量算数」怎么用？1分钟快速掌握
数据分析数据怎么看？更多需求评论区留言～
广告主 创作者 新媒体短视频从业人员 必备工具。#巨量算数 #创业商业 #个人管理",抖音视频,15,1,15,12,0,2.6,12.5
https://iesdouyin.com/share/video/7651987514814652550,iesdouyin.com,蝉妈妈数据和飞瓜数据哪个好 蝉妈妈数据和飞瓜数据对比，飞瓜数据偏向短视频自媒体，蝉妈妈偏向直播数据，蝉妈妈可以看直播流量占比。现在商家电商罗盘可以看同行roi了#roi #投产 #直播带货,抖音视频,15,1,15,12,0,2.6,12.5
https://iesdouyin.com/share/video/7674542933177027886,iesdouyin.com,灰豚数据和蝉妈妈哪个好？。灰豚数据和蝉妈妈哪个好用？灰豚数据和蝉妈妈哪个数据准确？蝉妈妈灰豚哪个好用？蝉妈妈和灰豚哪个好？灰豚数据和蝉妈妈怎么收费？#灰豚数据企业版 #灰豚数据 #灰豚数据和蝉妈妈哪个,抖音视频,15,1,15,11,0,2.6,11.46
https://matrix.newrank.cn/article/article-detail/6d1dd6d5e7ce4b10,matrix.newrank.cn,多平台数据统计不必人工!抖音/小红书/微信视频号/快手数据一键汇总导出_矩阵通,企业官网/工具平台,15,1,15,3,9,2.6,3.12
https://school.jinritemai.com/doudian/wap/course-series/cJZHjLnhaLyw/cJZHjLnhaLywlJZJUawr8fcn?from_school=1&should_full_screen=1&should_hide_bottom_nav=1,school.jinritemai.com,抖音电商学习中心,字节/头条系其他,15,1,15,8,6,2.6,8.33
https://compass.jinritemai.com/shop,compass.jinritemai.com,抖音电商罗盘-抖店商家、达人和机构多视角数据平台,字节/头条系其他,14,1,14,9,0,2.43,9.38
https://fuwu.jinritemai.com/,fuwu.jinritemai.com,抖店服务市场,字节/头条系其他,14,1,14,12,0,2.43,12.5
https://iesdouyin.com/share/video/7619343602402080994,iesdouyin.com,飞瓜数据怎么使用？我教你玩转数据分析！  我最近在看短视频数据，发现很多朋友还不知道飞瓜数据怎么用才能发挥最大价值。我用它主要是盯竞品和找达人。平时我直接打开飞瓜数据，首页会显示热门视频和达人榜单，但,抖音视频,14,1,14,6,0,2.43,6.25
https://iesdouyin.com/share/video/7675649647309857509,iesdouyin.com,抖音数据怎么看？蝉妈妈3步找爆款筛达人。Q1: 免费可用的抖音数据分析工具有哪些？如何低成本获取行业趋势？ A1: 抖音电商罗盘与抖店后台是官方基础工具，适合核验自家店铺经营结果；若需全网竞品与市场洞,抖音视频,14,1,14,10,0,2.43,10.42
https://iesdouyin.com/share/video/7684127171627221925,iesdouyin.com,考古加怎么看，考古加是一个什么样的平台？考古加怎么看，考古加是一个什么样的平台？ 考古加是抖音第三方电商数据分析工具（和蝉妈妈、灰豚是同类工具），面向带货商家、短视频创作者、投手、MCN机构，用来查抖音公开数据，找爆款素材、商品、对标达人、直播间数据。 📌核心几大板块   1. 达人分析：搜达人账号，查看粉丝画像、历史直播、短视频、带货销售额、带什么品类商品；可以筛选对标账号，监控账号数据变化。,抖音视频,14,1,14,12,0,2.43,12.5
https://iesdouyin.com/share/video/7686763690267689396,iesdouyin.com,电商、团长、厂家、MCN看过来！ 达人商务工作台✨ ✅视/抖/快多平台资源归集 ✅达 人信息统一档案管理 ✅商务团队权限分配管控 ✅寄样物流全流程跟踪 ✅业绩数据可视化看板 一套软件搞定达 人对接全流程，告别Excel手工整理！,抖音视频,14,1,14,4,0,2.43,4.17
https://school.jinritemai.com/doudian/wap/article/aJXFPbWWNceA?from_school=1&should_full_screen=1&should_hide_bottom_nav=1,school.jinritemai.com,AI智能工具篇:云图& 即创,字节/头条系其他,14,1,14,11,0,2.43,11.46
https://school.jinritemai.com/doudian/web/article/aHwErRQoAtuA,school.jinritemai.com,【 罗盘 · 经营 】 市场 榜单 app 升级 ， 新增 直播 榜 ， 精简 市场 排行 模块 !,字节/头条系其他,14,1,14,11,1,2.43,11.46
https://school.jinritemai.com/doudian/web/articlev0/fdJTPrzwkZnWL,school.jinritemai.com,成交相关指标口径升级-对商说明,字节/头条系其他,14,1,14,4,1,2.43,4.17
https://apps.apple.com/cn/app/蝉妈妈-直播短视频电商ai数据分析/id1508944184,apps.apple.com,‎蝉妈妈-直播短视频电商AI数据分析 App - App Store,其他外部来源,13,1,13,10,2,2.26,10.42
https://chanmama.com/yunyingquan/question/4332.html,chanmama.com,抖音数据延迟是正常的吗? - 蝉妈妈运营圈,企业官网/工具平台,13,1,13,6,0,2.26,6.25
https://developer.open-douyin.com/forum/question/post/667a887d9b1b9635ca172934,developer.open-douyin.com,买量后台和开放后台的数据有gap - 收入结算 - 抖音开放平台,其他外部来源,13,1,13,7,0,2.26,7.29
https://developer.open-douyin.com/m/docs/resource/zh-CN/mini-app/develop/server/basic-abilities/traffic-permission/real-time-ecpm-data,developer.open-douyin.com,查询广告收入5分钟聚合数据,其他外部来源,13,1,13,8,0,2.26,8.33
https://iesdouyin.com/share/video/7511322802654973241,iesdouyin.com,悟了‼️做新媒体千万不能太老实啊！😭。知道为什么 MCN 新人都得配个带教吗？因为做新媒体运营，好多专门的工具和网站，都是老运营里的“私藏库”🔐，刚入行根本不知道！  最近我们公司招了2个02年的新人,抖音视频,13,1,13,11,2,2.26,11.46
https://iesdouyin.com/share/video/7611379221932741819,iesdouyin.com,回复 @35769527的评论 还是可以找到的，同行数据到底怎么看，怎么拆解别人怎么玩的，更有依据，看这里#数据拆解 #鱼圈文化 #千川素材 #带货数据 #精选联盟,抖音视频,13,1,13,5,0,2.26,5.21
https://iesdouyin.com/share/video/7647808224762335653,iesdouyin.com,抖音数据分析工具推荐！#抖音数据分析 #抖音数据分析工具 #抖音数据分析平台,抖音视频,13,1,13,5,0,2.26,5.21
https://iesdouyin.com/share/video/7660509515451763968,iesdouyin.com,一条作品告诉你，看素材数据的几个入口 #新人如何做抖音 #投流素材 #随心推 #短视频带货 #投流,抖音视频,13,1,13,4,0,2.26,4.17
https://kaogujia.com/,kaogujia.com,考古加官网,其他外部来源,13,1,13,10,0,2.26,10.42
https://ai.chanmama.com/article/753,ai.chanmama.com,抖音数据下滑怎么诊断-蝉妈妈AI抖音数据分析工具,企业官网/工具平台,12,1,12,6,4,2.08,6.25
https://chanmama.com/tikShopRank/PgraSwSC.html,chanmama.com,蝉妈妈官网-短视频内容运营与直播电商数据分析平台,企业官网/工具平台,12,1,12,11,2,2.08,11.46
https://chanmama.com/yunyingquan/question/4105.html,chanmama.com,怎样验证抖音平台销售数据的真实性?与实收不一致该怎么办? - 蝉妈妈运营圈,企业官网/工具平台,12,1,12,5,5,2.08,5.21
https://dy.feigua.cn/home/Product?chl=feigua2_bing-pinpai,dy.feigua.cn,飞瓜数据-抖音电商与直播大数据分析平台-feigua.cn,企业官网/工具平台,12,1,12,9,0,2.08,9.38
https://iesdouyin.com/share/video/7066004700453244196,iesdouyin.com,千万不要还不会抖音的基础运营知识哦！不然不然我就私信找你！ #短视频运营#抖星情报局#dou上热门,抖音视频,12,1,12,10,0,2.08,10.42
https://iesdouyin.com/share/video/7099755271773293854,iesdouyin.com,做短视频一定要学会数据分析，给大家推荐两个数据分析工具，你的播放量低，涨粉差等问题，都能通过数据分析找到原因，#抖音数据分析 #短视频数据分析 #数据分享 #短视频运营,抖音视频,12,1,12,7,0,2.08,7.29
https://iesdouyin.com/share/video/7340640814508297499,iesdouyin.com,做抖店，不会看电商罗盘？这个干货视频，一次性给你讲透！#抖店运营 #抖音小店,抖音视频,12,1,12,6,0,2.08,6.25
https://iesdouyin.com/share/video/7595515065287396175,iesdouyin.com,抖音，快手，小红书，视频号等等这些平台都需要用哪个软件平台来查数据，抖音就用蝉妈妈，飞瓜，考古加，快手就用新快，#抖音数据#快手数据#小红书数据#数据分析#干货,抖音视频,12,1,12,7,0,2.08,7.29
https://iesdouyin.com/share/video/7629608261230087424,iesdouyin.com,视频号官方的免费数据工具，你知道吗？ #视频号 #视频号数据查询工具 #视频号工具 #视频号运营技巧 #视频号运营,抖音视频,12,1,12,5,0,2.08,5.21
https://iesdouyin.com/share/video/7663074848482037002,iesdouyin.com,把豆包agent做成专属运营助理，自动做数据复盘 + 选题 #我的第一个豆包手搓skill #一键复刻豆包宝藏skill  #我之前简直就是在乱用豆包 #AI教程 #AI#豆包agent,抖音视频,12,1,12,3,0,2.08,3.12
https://iesdouyin.com/share/video/7674906089624294281,iesdouyin.com,作品很难进推荐？教你官方自查账号状态 #真实生活分享计划 #抖音小技巧 #创作者自查 #短视频经验分享 #新手做抖音 @抖音玩法合伙人 @抖音小助手,抖音视频,12,1,12,2,2,2.08,2.08
https://partner.open-douyin.com/docs/resource/zh-CN/mini-app/operation/data/data-center/ta/trade-overview,partner.open-douyin.com,交易总览_小程序_抖音开放平台,其他外部来源,12,1,12,4,0,2.08,4.17
https://school.jinritemai.com/doudian/wap/article/aHaxD9J2FsKK?from_school=1&should_full_screen=1&should_hide_bottom_nav=1,school.jinritemai.com,食品生鲜泛商城场景-商家经营白皮书-抖音电商学习中心，抖店官方教你运营抖音小店,字节/头条系其他,12,1,12,7,0,2.08,7.29
https://yuntu.oceanengine.com/yuntu_ng/core_function,yuntu.oceanengine.com,巨量云图,字节/头条系其他,12,1,12,5,0,2.08,5.21
https://ai.chanmama.com/article/280,ai.chanmama.com,抖音直播分析预测爆品要看哪些指标?-蝉妈妈AI抖音数据分析工具,企业官网/工具平台,11,1,11,6,0,1.91,6.25
https://ai.chanmama.com/article/681,ai.chanmama.com,电商运营怎么高效洞察竞品-蝉妈妈AI抖音数据分析工具,企业官网/工具平台,11,1,11,5,0,1.91,5.21
https://ai.chanmama.com/article/870,ai.chanmama.com,小店流量下滑怎么办-蝉妈妈AI抖音数据分析工具,企业官网/工具平台,11,1,11,6,0,1.91,6.25
https://chanmama.com/,chanmama.com,蝉妈妈 - 做内容电商一站式服务平台,企业官网/工具平台,11,1,11,7,0,1.91,7.29
https://dy.feigua.cn/,dy.feigua.cn,飞瓜数据-抖音电商与直播大数据分析平台-feigua.cn,企业官网/工具平台,11,1,11,11,0,1.91,11.46
https://dy.feigua.cn/home/Product?chl=feigua1_bing-pinpai,dy.feigua.cn,飞 瓜 数据 - 抖音 电商 与 直播 大 数据 分析 平台 - feigua . cn,企业官网/工具平台,11,1,11,8,0,1.91,8.33
https://iesdouyin.com/share/video/7202183715928263994,iesdouyin.com,账号观测神器-热点宝#30秒开工挑战,抖音视频,11,1,11,5,0,1.91,5.21
https://iesdouyin.com/share/video/7343934535542836507,iesdouyin.com,抖店怎么选品？。抖音电商5大选品工具#抖店运营 #抖店选品 #选品工具  #电商干货 #图文伙伴计划2024 @抖音小助手 @DOU+小助手,抖音视频,11,1,11,7,0,1.91,7.29
https://iesdouyin.com/share/video/7365317439950687538,iesdouyin.com,流量异常？账号违规？一个视频教你把抖音账号“恢复出厂设置”#抖音账号运营 #抖音新号运营技巧 #经验分享  #流量密码 #账号检测教程 @DOU+小助手,抖音视频,11,1,11,3,5,1.91,3.12
https://iesdouyin.com/share/video/7584335964790115603,iesdouyin.com,#创作灵感上热门 蝉妈妈 飞瓜 考古加 灰豚 抖查查 达多多 哪个更好用呢 查抖音数据有哪些工具,抖音视频,11,1,11,8,0,1.91,8.33
https://iesdouyin.com/share/video/7650899088891922089,iesdouyin.com,抖音这次玩大了，偷偷公开了你同行的所有数据 所有做电商的人 一定要会用抖音的这个新功能 它就藏在你的抖店里 包括你同行的销售额 你同行的ROI 甚至你投行怎么投放的全域 你同行怎么投的抖加 你同行的具,抖音视频,11,1,11,9,0,1.91,9.38
https://iesdouyin.com/share/video/7666759224600889585,iesdouyin.com,ai辅助做数据分析！真的太强了！不用来回切换账号，也能准确的分析哪一个账号出单量！做短视频就需要我们不断的复盘才能创造出更好的作品！#我的coding日记 #复盘 #ai,抖音视频,11,1,11,4,0,1.91,4.17
https://iesdouyin.com/share/video/7666774459961836133,iesdouyin.com,新手如何查看同行数据#知识分享 #涨知识 #自媒体运营 #知识科普 #干货分享,抖音视频,11,1,11,7,0,1.91,7.29
https://open.oceanengine.com/labels/7/docs/1844117189152843?origin=left_nav,open.oceanengine.com,直播间分析报表【新】-数据报表-商业开放平台,字节/头条系其他,11,1,11,8,0,1.91,8.33
https://ai-indeed.com/encyclopedia/19753.html,ai-indeed.com,抖音电商罗盘的流量来源数据怎么自动填钉钉周报?|方案拆解 - 实在智能,其他外部来源,10,1,10,3,0,1.74,3.12
https://ai.chanmama.com/article/864,ai.chanmama.com,抖音直播复盘太耗时-蝉妈妈AI抖音数据分析工具,企业官网/工具平台,10,1,10,3,2,1.74,3.12
https://apps.apple.com/cn/app/蝉妈妈-短视频电商直播ai数据分析/id1508944184?platform=tv,apps.apple.com,‎蝉妈妈-短视频电商直播AI数据分析 App - App Store,其他外部来源,10,1,10,5,3,1.74,5.21
https://chanmama.com/yunyingquan/article/1928.html,chanmama.com,蝉妈妈电商数据自动化导出怎么操作?日报周报自动备份指南 - 蝉妈妈运营圈,企业官网/工具平台,10,1,10,3,0,1.74,3.12
https://dy.feigua.cn/?chl=weibo,dy.feigua.cn,飞瓜数据-抖音电商与直播大数据分析平台-feigua.cn,企业官网/工具平台,10,1,10,9,0,1.74,9.38
https://fuwu.jinritemai.com/@,fuwu.jinritemai.com,抖店服务市场,字节/头条系其他,10,1,10,10,0,1.74,10.42
https://iesdouyin.com/share/video/7046367543686188324,iesdouyin.com,用好这3个免费工具就可以做好抖音，一定要去试试！#短视频运营 #脚本 #学浪计划  @DOU+小助手,抖音视频,10,1,10,8,3,1.74,8.33
https://iesdouyin.com/share/video/7320605961465400586,iesdouyin.com,巨量百应是什么？巨量百应详细讲解，巨量百应操作教程  #电商干货#巨量百应 #干货分享 #上热门  #抖音运营,抖音视频,10,1,10,7,0,1.74,7.29
https://iesdouyin.com/share/video/7423003919166590217,iesdouyin.com,短视频带货，如何查看对同行达人带货数据#短视频带货 #干货分享 #抖音电商 #自媒体干货 #短视频带货技巧 @DOU+小助手,抖音视频,10,1,10,4,5,1.74,4.17
https://iesdouyin.com/share/video/7506916418102103346,iesdouyin.com,抖音小店，如何分析同行竞店流量？原来同行们，都是这么起店的！ ＃抖店运营＃抖音小店＃全域投流,抖音视频,10,1,10,6,0,1.74,6.25
https://iesdouyin.com/share/video/7587789209697340729,iesdouyin.com,教你直播五维四率系统复盘找问题，直播数据差不再互相踢皮球，直播复盘分析优化小技能get#真实生活分享计划 #直播复盘#直播复盘总结#直播复盘工具 #青年创作者成长计划,抖音视频,10,1,10,6,0,1.74,6.25
https://iesdouyin.com/share/video/7626021255737345147,iesdouyin.com,干新媒体必藏！9大平台数据分析工具一次性整理好🔥 单个平台专用+多平台通用全都有，做内容、看数据、搞运营，有这套就够了！#抖音运营小技巧 #抖音 #抖音运营笔记 #抖音运营推广,抖音视频,10,1,10,5,0,1.74,5.21
https://iesdouyin.com/share/video/7626305610576891145,iesdouyin.com,如何查看同行爆款素材？三款官方免费工具助你上热门！ #直播带货 #千川素材 #千川代投 #投流 #电商运营技巧,抖音视频,10,1,10,4,0,1.74,4.17
https://iesdouyin.com/share/video/7647181159633317545,iesdouyin.com,如何查看同行数据？ 手机就可以查看，同行卖的什么货？出单情况？如何跟卖？#自媒体#视频直播教学,抖音视频,10,1,10,5,2,1.74,5.21
https://iesdouyin.com/share/video/7651885345969047286,iesdouyin.com,电商商家如何自动生成日报周报？#电商日报 #电商周报 #电商必看,抖音视频,10,1,10,2,0,1.74,2.08
https://iesdouyin.com/share/video/7662297065103317233,iesdouyin.com,抖音数据的平台有哪些？ 查看抖音数据平台有哪些工具，第1蝉妈妈，第2考古加，第3飞瓜数据，第4抖查查，第5灰豚数据，第6达多多数据，以上6大平台哪个更好用，哪个更精准呢？蝉妈妈企业版综合性更强数据更精,抖音视频,10,1,10,3,0,1.74,3.12
https://iesdouyin.com/share/video/7671874381300489705,iesdouyin.com,蝉妈妈、飞瓜、考古加、达多多、灰豚、抖查查哪个更精准 蝉妈妈，飞瓜，考古加，灰豚，抖查查，达多多，哪个数据更准？蝉妈妈直播全域天花板，投流，直播复盘商家刚需，考古加深更单品短时间挂车误差最低，飞瓜短视,抖音视频,10,1,10,6,0,1.74,6.25
https://iesdouyin.com/share/video/7682041648466254450,iesdouyin.com,短视频带货如何看自己后台出单情况 #带货数据 #干货满满超实用 #短视频带货#抖老板#自媒体带货,抖音视频,10,1,10,4,0,1.74,4.17
https://iesdouyin.com/share/video/7687131430887121634,iesdouyin.com,达人商务工作台✨ ✅视/抖/快多平台资源归集 ✅达 人信息统一档案管理 ✅商务团队权限分配管控 ✅寄样物流全流程跟踪 ✅业绩数据可视化看板 一套软件搞定达人对接全流程，告别Excel手工录入、人工统计，把重复工作交给系统，释放商务人力，降本增效。,抖音视频,10,1,10,2,0,1.74,2.08
https://iesdouyin.com/share/video/7688721053413878969,iesdouyin.com,做短视频带货，如何查同行数据？#小店随心推 #千川放量 #千川控本 #投流技巧#干货分享,抖音视频,10,1,10,5,0,1.74,5.21
https://m.wandoujia.com/apps/8129245,m.wandoujia.com,飞瓜数据下载2026安卓最新版_手机app官方版免费安装下载_豌豆荚,其他外部来源,10,1,10,10,0,1.74,10.42
https://school.jinritemai.com/doudian/wap/article/aJMv9GyYJP3V?from_school=1&should_full_screen=1&should_hide_bottom_nav=1,school.jinritemai.com,到家-交易账单使用全解指南,字节/头条系其他,10,1,10,4,0,1.74,4.17
https://sj.qq.com/appdetail/com.chandashi.chanmama?from_wxz=1,sj.qq.com,蝉妈妈app-官方正版软件2026最新版本免费下载-应用宝官网,新闻/门户/自媒体,10,1,10,8,1,1.74,8.33
https://ads.tiktok.com/resources/help/article/about-discrepancies-in-brand-safety-measurement?lang=zh,ads.tiktok.com,关于品牌安全、适用性、可见性、关注度和 IVT 度量方面的差异,其他外部来源,9,1,9,5,0,1.56,5.21
https://app.mi.com/details?id=com.chandashi.chanmama,app.mi.com,蝉妈妈-直播短视频电商数据分析-小米应用商店,其他外部来源,9,1,9,7,0,1.56,7.29
https://brand24.com/blog/tiktok-analytics-tools,brand24.com,The 12 Best TikTok Analytics Tools [2026 Tested] | Brand24,其他外部来源,9,1,9,8,0,1.56,8.33
https://brand24.com/blog/tiktok-analytics-tools?trp-edit-translation=preview,brand24.com,The 12 Best TikTok Analytics Tools [2026 Tested],其他外部来源,9,1,9,7,0,1.56,7.29
https://buyin.jinritemai.com/helpcenter/5124/42566,buyin.jinritemai.com,【直播管理】-直播带货数据说明 - 帮助中心 - 巨量百应帮助中心,字节/头条系其他,9,1,9,7,0,1.56,7.29
https://developer.open-douyin.com/docs/resource/zh-CN/mini-app/data/management-analysis/analytics,developer.open-douyin.com,经营 分析 beta _ 小 程序 _ 抖音 开放 平台,其他外部来源,9,1,9,6,0,1.56,6.25
https://dy.feigua.cn/home/Product?chl=bzgw,dy.feigua.cn,飞瓜数据-抖音电商与直播大数据分析平台-feigua.cn,企业官网/工具平台,9,1,9,6,0,1.56,6.25
https://dy.feigua.cn/home/Product?chl=feigua1_sgpinpai,dy.feigua.cn,飞瓜数据-抖音电商与直播大数据分析平台-feigua.cn,企业官网/工具平台,9,1,9,8,0,1.56,8.33
https://iesdouyin.com/share/video/7072664822042725646,iesdouyin.com,竞品分析怎么做？抖音热点怎么监控？快试试@巨量算数抖音小程序吧～#营销思维,抖音视频,9,1,9,4,1,1.56,4.17
https://iesdouyin.com/share/video/7354721232152972594,iesdouyin.com,用好这5个官方网站，掌握自己和对标账号的数据情况#新媒体运营 #引流拓客 #汽车直播 #汽车自媒体,抖音视频,9,1,9,3,4,1.56,3.12
https://iesdouyin.com/share/video/7533582285967314233,iesdouyin.com,#灰豚数据 #带货达人 #选品 #数据分析工具 #带货助手,抖音视频,9,1,9,7,0,1.56,7.29
https://iesdouyin.com/share/video/7644507508875615723,iesdouyin.com,如何高效获取抖音竞品商品数据？#抖音竞品#抖音竞品商品数据 #竞品分析,抖音视频,9,1,9,5,0,1.56,5.21
https://iesdouyin.com/share/video/7667195771766312207,iesdouyin.com,如何快速找到同行的爆款短视频素材并扒下来学习 #电商  #电商罗盘#电商选品  #罗盘跳转插件 #千川投放助手,抖音视频,9,1,9,5,0,1.56,5.21
https://iesdouyin.com/share/video/7679439334692471538,iesdouyin.com,账号安全与数据分析自查，快速排查账号风险以及流量异常！ #卡米诺影视 #卡米诺培训学校 #账号安全检测 #数据分析 #账号运营,抖音视频,9,1,9,3,0,1.56,3.12
https://iesdouyin.com/share/video/7682998688826899142,iesdouyin.com,抖音小店流量下滑？3步定位原因与优化。Q1: 抖音小店流量下滑，首先看哪些核心数据指标定位问题？ A1: 排查流量下滑，第一步是区分“进店流量”与“成交转化”哪个环节出了问题。日常运营不能只看成交结果,抖音视频,9,1,9,5,0,1.56,5.21
https://jzl.com/news/douyin-data-api-14,jzl.com,抖音数据分析工具推荐:极致了数据API与飞书插件,企业官网/工具平台,9,1,9,3,0,1.56,3.12
https://m.sohu.com/a/998909878_122013152,m.sohu.com,抖音看直播数据的软件叫什么?实时监控大屏数据全掌握_成交金额_账号_官方,新闻/门户/自媒体,9,1,9,8,0,1.56,8.33
https://partner.open-douyin.com/docs/resource/zh-CN/live-interactive-tools/introduction/interactive-tools-guide,partner.open-douyin.com,互动工具接入指南_抖音开放平台,其他外部来源,9,1,9,2,0,1.56,2.08
https://partner.open-douyin.com/docs/resource/zh-CN/local-life/connect/partner/saas-auth,partner.open-douyin.com,商家对服务商授权_生活服务商家应用_抖音开放平台,其他外部来源,9,1,9,2,0,1.56,2.08
https://school.jinritemai.com/doudian/wap/article/aHq5nD9VKDoG,school.jinritemai.com,抖音电商学习中心,字节/头条系其他,9,1,9,7,0,1.56,7.29
https://school.jinritemai.com/doudian/wap/course-series/cHXYPm4k5tCn/cHXYPm4k5tCnlHadidnoUX6D?from_school=1&should_full_screen=1&should_hide_bottom_nav=1,school.jinritemai.com,抖音电商官方数据产品「罗盘·策略」引领生意增长,字节/头条系其他,9,1,9,7,1,1.56,7.29
https://school.jinritemai.com/doudian/web/article/aHPrhmTktyFT,school.jinritemai.com,如何识别店铺排名及相似店铺?-抖音电商学习中心，抖店官方教你运营抖音小店,字节/头条系其他,9,1,9,4,2,1.56,4.17
https://school.jinritemai.com/doudian/web/article/aHZ3EW8QX9H9,school.jinritemai.com,罗盘·策略商家常问问题集锦,字节/头条系其他,9,1,9,4,0,1.56,4.17
https://school.jinritemai.com/doudian/web/course-series/cHXYPm4k5tCn/cHXYPm4k5tCnlHZdqBe2aqGG,school.jinritemai.com,抖音 电商 官方 数据 产品 「 罗盘 · 策略 」 引领 生意 增长,字节/头条系其他,9,1,9,5,0,1.56,5.21
https://school.jinritemai.com/doudian/web/course-series/cHXYPm4k5tCn/cHXYPm4k5tCnlHZdqBe2av8k?from_school=1&should_full_screen=1&should_hide_bottom_nav=1,school.jinritemai.com,抖音电商官方数据产品「罗盘·策略」引领生意增长,字节/头条系其他,9,1,9,6,2,1.56,6.25
https://school.jinritemai.com/doudian/web/course-series/cHXYPm4k5tCn/cHXYPm4k5tCnlHsBbDReqqp6?from_school=1&should_full_screen=1&should_hide_bottom_nav=1,school.jinritemai.com,抖音电商官方数据产品「罗盘·策略」引领生意增长,字节/头条系其他,9,1,9,6,0,1.56,6.25
https://ai.chanmama.com/article/299,ai.chanmama.com,抖音多账号数据怎么整合?-蝉妈妈AI抖音数据分析工具,企业官网/工具平台,8,1,8,4,0,1.39,4.17
https://ai.chanmama.com/article/720,ai.chanmama.com,达人直播GMV低、转化率低怎么办-蝉妈妈AI抖音数据分析工具,企业官网/工具平台,8,1,8,3,4,1.39,3.12
https://buyin.jinritemai.com/helpcenter/5124/78642,buyin.jinritemai.com,小店 精选 联盟 订单 明细 下载 - 帮助 中心 - 巨量 百应 帮助 中心,字节/头条系其他,8,1,8,8,0,1.39,8.33
https://chanmama.com/yunyingquan/articles/daihuo,chanmama.com,蝉妈妈运营圈文章合集_抖音运营干货_电商运营攻略,企业官网/工具平台,8,1,8,5,0,1.39,5.21
https://compass.jinritemai.com/shop/business-part,compass.jinritemai.com,抖音电商罗盘-抖店商家、达人和机构多视角数据平台,字节/头条系其他,8,1,8,6,0,1.39,6.25
https://developer.open-douyin.com/announcement/289,developer.open-douyin.com,移动/网站应用部分能力权限下线/回收公告 - 抖音开放平台,其他外部来源,8,1,8,6,0,1.39,6.25
https://developer.open-douyin.com/service-market/market-detail/7389482571173756943,developer.open-douyin.com,蚁小二-多账号矩阵管理系统 - 抖音开放平台,其他外部来源,8,1,8,2,0,1.39,2.08
https://fxg.jinritemai.com/,fxg.jinritemai.com,抖店官方入口,字节/头条系其他,8,1,8,3,4,1.39,3.12
https://iesdouyin.com/share/video/7121703267255520526,iesdouyin.com,抖音全平台的管理后台解析，企业服务中心后台、创作服务平台后台，商家工作台、达人工作台、达人机构工作台、商家服务商工作台分别是做什么的,抖音视频,8,1,8,3,0,1.39,3.12
https://iesdouyin.com/share/video/7156116240908553472,iesdouyin.com,4款抖音数据分析工具。#抖音图文扶持计划 #自媒体 #短视频 #创业 #知识分享 #短视频创业 #干货分享,抖音视频,8,1,8,6,0,1.39,6.25
https://iesdouyin.com/share/video/7353522061098142986,iesdouyin.com,直播复盘神器抖音灵机#新手直播 #经验分享 #直播创业 #经验分享主播 #中视频伙伴计划@DOU+小助手,抖音视频,8,1,8,4,0,1.39,4.17
https://iesdouyin.com/share/video/7552138851272232201,iesdouyin.com,短视频带货直播全域推广优质素材哪里找？电商罗盘怎么看同行的爆款带货视频和直播间引流视频？#短视频带货 #全域推广 #千川素材 #竞品分析 #怎么找隐藏素材,抖音视频,8,1,8,4,0,1.39,4.17
https://iesdouyin.com/share/video/7610051947814569418,iesdouyin.com,自媒体新手怎么查看同行数据，实现弯道超车#自媒体干货 #短视频运营 #带货 #热点 #上热门,抖音视频,8,1,8,7,0,1.39,7.29
https://iesdouyin.com/share/video/7642936218145064319,iesdouyin.com,官方数据工具抖音指数如何用一个视频教会你 #电商避雷指南 #电商干货 #电商 #干货分享,抖音视频,8,1,8,5,4,1.39,5.21
https://iesdouyin.com/share/video/7650504869578004334,iesdouyin.com,做抖店，别再把电商罗盘当摆设！学会拆解对手投流数据，少亏十万 #抖店运营#抖音小店#电商罗盘,抖音视频,8,1,8,5,0,1.39,5.21
https://iesdouyin.com/share/video/7671201715022430586,iesdouyin.com,3年运营经验分享，自己淋过雨想为别人撑伞。#支持抖音，传播正能量 #新手小白短视频带货 #短视频带货教学 #干货分享,抖音视频,8,1,8,4,0,1.39,4.17
https://jzl.com/news/douyin-data-26,jzl.com,抖音竞品数据查看与分析实操指南:找到对标账号的流量密码,企业官网/工具平台,8,1,8,4,0,1.39,4.17
https://partner.open-douyin.com/docs/resource/zh-CN/dop/operation-standard/platform-capabilities/isv-im-standards,partner.open-douyin.com,「 线索 业务 」 isv 管理 及 im 接口 开放 规范 _ 移动 / 网站 应用 _ 抖音 开放 平台,其他外部来源,8,1,8,2,0,1.39,2.08
https://school.jinritemai.com/doudian/web/article/104021,school.jinritemai.com,数据 指标 定义 全集,字节/头条系其他,8,1,8,3,0,1.39,3.12
https://school.jinritemai.com/doudian/web/article/113456,school.jinritemai.com,抖音电商罗盘常见问题解答(达人& 机构版),字节/头条系其他,8,1,8,3,0,1.39,3.12
https://school.jinritemai.com/doudian/web/articlev0/fdJSh38Ss3jLY,school.jinritemai.com,罗盘「短视频分析」操作手册,字节/头条系其他,8,1,8,8,0,1.39,8.33
https://ai.chanmama.com/article/301,ai.chanmama.com,中小 商家 如何 用 ai 看板 提升 决策 效率 ? - 蝉 妈妈 ai 抖音 数据 分析 工具,企业官网/工具平台,7,1,7,3,5,1.22,3.12
https://ai.chanmama.com/article/610,ai.chanmama.com,蝉妈妈直播间数据分析-蝉妈妈AI抖音数据分析工具,企业官网/工具平台,7,1,7,3,0,1.22,3.12
https://buyin.jinritemai.com/helpcenter/5124/63848,buyin.jinritemai.com,【直播天眼实时监测重磅上线】 - 帮助中心 - 巨量百应帮助中心,字节/头条系其他,7,1,7,2,0,1.22,2.08
https://chanmama.com/brandRank/0965491699100.html?activeTab=promotion,chanmama.com,蝉妈妈官网 - 短视频内容运营与直播电商数据分析平台,企业官网/工具平台,7,1,7,6,0,1.22,6.25
https://chanmama.com/tikShopRank/ZoiGOdqt.html?activeTab=promotion,chanmama.com,蝉妈妈官网 - 短视频内容运营与直播电商数据分析平台,企业官网/工具平台,7,1,7,4,3,1.22,4.17
https://chanmama.com/yunyingquan/articles/all?page=2,chanmama.com,蝉妈妈运营圈文章合集_抖音运营干货_电商运营攻略,企业官网/工具平台,7,1,7,4,0,1.22,4.17
https://developer.open-douyin.com/forum/share/post/654af80da19da9c4b64cb9a4,developer.open-douyin.com,玩转 经营 分析 丨 生意 经营 不容 错过 的 核心 数据 - 抖音 开放 平台,其他外部来源,7,1,7,4,0,1.22,4.17
https://developer.open-douyin.com/helpCenter/home/detail/252/623,developer.open-douyin.com,行为分析界面分端数据总和和汇总数据不一致是什么原因? - 数据问题 - 抖音开放平台,其他外部来源,7,1,7,2,0,1.22,2.08
https://dsp.feigua.cn/,dsp.feigua.cn,飞瓜数据-抖音电商与直播大数据分析平台-feigua.cn,企业官网/工具平台,7,1,7,6,0,1.22,6.25
https://duntools.com/douyin-keyword-base,duntools.com,自动抓取抖音关键词搜索结果并同步多维表格:用n8n工作流实现以及对抖音搜索机制的一点认知 - 吨师傅工具箱,其他外部来源,7,1,7,2,0,1.22,2.08
https://dy.feigua.cn/home/Product?chl=feigua2,dy.feigua.cn,飞瓜数据-抖音电商与直播大数据分析平台-feigua.cn,企业官网/工具平台,7,1,7,5,0,1.22,5.21
https://fuwu.jinritemai.com/2000,fuwu.jinritemai.com,抖店服务市场,字节/头条系其他,7,1,7,4,0,1.22,4.17
https://iesdouyin.com/share/video/7005138832530214181,iesdouyin.com,新手直播之数据模块口径对不上怎么办？,抖音视频,7,1,7,4,0,1.22,4.17
https://iesdouyin.com/share/video/7164712738428620046,iesdouyin.com,与你竞争的竞品到底有哪些？又该如何根据他们优化我们自己的商品？这个功能，搞定！#竞品 #抖店运营 #电商罗盘 #电商直播 #电商创业 #抖音电商达人知识分享 #羽川运营笔记 @抖音电商作者成长,抖音视频,7,1,7,3,2,1.22,3.12
https://iesdouyin.com/share/video/7315366563186527488,iesdouyin.com,如何快速找对标，查热点，选爆品#干货分享 #热点宝 #找对标 #经验分享 #短视频带货,抖音视频,7,1,7,6,0,1.22,6.25
https://iesdouyin.com/share/video/7426247507111464255,iesdouyin.com,实体商家本地生活直播，需要用的四个网站。 #抖音直播 #本地生活 #蔡婷洁,抖音视频,7,1,7,3,4,1.22,3.12
https://iesdouyin.com/share/video/7472994499157937471,iesdouyin.com,如何查询对标直播间数据？ #直播间数据 #直播电商运营 #直播电商培训 #直播带货,抖音视频,7,1,7,4,0,1.22,4.17
https://iesdouyin.com/share/video/7624446477309696185,iesdouyin.com,6个内容策划的常用网站#短视频 #短视频运营 #实体店引流 #蝉妈妈 #今日热榜,抖音视频,7,1,7,4,1,1.22,4.17
https://iesdouyin.com/share/video/7647809157885897381,iesdouyin.com,抖音直播数据哪里查？3步搞定！#直播数据 #直播数据分析 #直播数据运营,抖音视频,7,1,7,2,0,1.22,2.08
https://iesdouyin.com/share/video/7652654121484324146,iesdouyin.com,"6月18日 抖音数据分析全攻略！你的视频为什么没人看？可能是你根本不会看数据！这期讲透5大核心指标、播放量阶梯、互动数据解读、粉丝画像分析，以及如何用数据优化内容。看完这期，你也能用数据指导创作！建议收藏！
 #抖音运营  #抖音干货  #短视频技巧   #新手教程  #自媒体干货",抖音视频,7,1,7,3,1,1.22,3.12
https://iesdouyin.com/share/video/7674038351892725669,iesdouyin.com,别在瞎猜流量差！限流自查完整版来了 #抖音账号限流自查#自媒体运营干货#新手做抖音#抖音流量规则#抖音玩法合伙人计划@抖加🔥上热门🔥dou+🔥热点宝,抖音视频,7,1,7,3,0,1.22,3.12
https://iesdouyin.com/share/video/7676378569657029987,iesdouyin.com,抖音数据工具怎么选？蝉妈妈3步找爆款。Q1: 抖音电商数据分析工具怎么选？核心看数据广度与实时性 ①明确数据边界：抖音电商罗盘和抖店后台聚焦店铺自有数据核验，适合内部管理。若需做外部市场判断、竞品监控,抖音视频,7,1,7,3,0,1.22,3.12
https://iesdouyin.com/share/video/7680824867285990565,iesdouyin.com,抖音小店数据怎么选？蝉妈妈拆解竞品3步法。Q1: 抖音小店数据分析工具怎么选？看竞品动销结构怎么拆解？ A1: 选工具核心看能否透视全网竞品的“人货场”匹配逻辑，而非仅看自家后台。抖音电商罗盘和抖店工,抖音视频,7,1,7,4,0,1.22,4.17
https://iesdouyin.com/share/video/7682411455072990313,iesdouyin.com,抖音流量自查5步清单 流量差别瞎猜！按这5步逐一排查，快速定位问题，新手博主收藏备用💡#创作分成计划@DOU+上热门  #抖音自查清单 #短视频运营 #自媒体干货 #新手做抖音,抖音视频,7,1,7,3,1,1.22,3.12
https://iesdouyin.com/share/video/7690212568343148261,iesdouyin.com,直播 你 真的 懂 吗 ？ 来看 数据 指标 。 直播 电商 不是 只 看 GMV 。 场 观 、 停留 、 互动 、 转 粉 、 GPM 、 UV 价值 、 点击 转化率 … … 每个 指标 都 在 讲 直播 间 不同 阶段 的 问题 。 14 个 核心 指标 知识 卡 ， 适合 课堂 、 面试 和 复盘 用 。 建议 收藏 打印 ， 开播 前 先 看 一遍 。 # 直播 带 货 # 直播 电商,抖音视频,7,1,7,2,0,1.22,2.08
https://jzl.com/news/douyin-data-49,jzl.com,抖音数据监控方案全对比:手动盯、官方工具、第三方平台,企业官网/工具平台,7,1,7,6,0,1.22,6.25
https://keyapi.ai/blog/building-tiktok-analytics-dashboard-api,keyapi.ai,Building a TikTok Analytics Dashboard Using the TikTok API,其他外部来源,7,1,7,2,0,1.22,2.08
https://m.yyb.qq.com/agreement/app-desc?appid=54164072,m.yyb.qq.com,应用介绍,新闻/门户/自媒体,7,1,7,6,0,1.22,6.25
https://meltwater.com/en/blog/tiktok-monitoring-tools,meltwater.com,10 Best TikTok Monitoring Tools for 2026,其他外部来源,7,1,7,2,3,1.22,2.08
https://op.jinritemai.com/docs/api-do/140/583,op.jinritemai.com,抖店开放平台,字节/头条系其他,7,1,7,2,6,1.22,2.08
https://op.jinritemai.com/docs/guide-docs/6/583,op.jinritemai.com,抖店开放平台,字节/头条系其他,7,1,7,2,5,1.22,2.08
https://ai.chanmama.com/article/258,ai.chanmama.com,抖音数据分析怎么用?-蝉妈妈AI抖音数据分析工具,企业官网/工具平台,6,1,6,6,0,1.04,6.25
https://ai.chanmama.com/article/490,ai.chanmama.com,电商新手如何利用AI工具解决运营痛点?-蝉妈妈AI抖音数据分析工具,企业官网/工具平台,6,1,6,5,0,1.04,5.21
https://ai.chanmama.com/article/639,ai.chanmama.com,抖音短视频播放量高却不成交?蝉妈妈ai精准诊断,企业官网/工具平台,6,1,6,3,1,1.04,3.12
https://ai.chanmama.com/article/824,ai.chanmama.com,抖音竞品监控怎么做-蝉妈妈AI抖音数据分析工具,企业官网/工具平台,6,1,6,1,5,1.04,1.04
https://ai.chanmama.com/article/876,ai.chanmama.com,点击高成交低-蝉妈妈AI抖音数据分析工具,企业官网/工具平台,6,1,6,2,1,1.04,2.08
https://caijing.chinadaily.com.cn/a/202510/14/WS68edec51a310c4deea5ec347.html,caijing.chinadaily.com.cn,聚数宝一键聚合全域电商经营数据，助力零售企业取数效率翻倍，双11运营更省心 - 中国日报网,其他外部来源,6,1,6,4,0,1.04,4.17
https://chanmama.com/awemeRank/XAAdd33G6fVfvy1lPTN6Hob7kwqPZVr3.html,chanmama.com,蝉妈妈官网 - 短视频内容运营与直播电商数据分析平台,企业官网/工具平台,6,1,6,6,0,1.04,6.25
https://chanmama.com/tikShopDetail/uAAfuNaB,chanmama.com,蝉妈妈数据 - 抖音直播& 短视频电商数据分析服务平台,企业官网/工具平台,6,1,6,5,0,1.04,5.21
https://chanmama.com/yunyingquan/question/4357.html,chanmama.com,抖音直播间诊断全流程是什么? - 蝉妈妈运营圈,企业官网/工具平台,6,1,6,4,0,1.04,4.17
https://compass.jinritemai.com/shop/core-users,compass.jinritemai.com,抖音电商罗盘-抖店商家、达人和机构多视角数据平台,字节/头条系其他,6,1,6,3,0,1.04,3.12
https://compass.jinritemai.com/talent,compass.jinritemai.com,抖音 电商 罗盘 - 抖 店 商家 、 达人 和 机构 多 视角 数据 平台,字节/头条系其他,6,1,6,5,0,1.04,5.21
https://coonav.com/favorites/douyinyunying,coonav.com,抖音运营 | COONAV电商运营导航,企业官网/工具平台,6,1,6,6,0,1.04,6.25
https://developer.open-douyin.com/forum/bulletin/post/672d828be9f6234d658c8dd2,developer.open-douyin.com,移动/网站应用部分数据权限调整公告 - 抖音开放平台,其他外部来源,6,1,6,3,0,1.04,3.12
https://developer.open-douyin.com/m/docs/resource/zh-CN/developer/introduction/type-and-permission,developer.open-douyin.com,角色概述,其他外部来源,6,1,6,3,0,1.04,3.12
https://developer.open-douyin.com/m/docs/resource/zh-CN/dop/develop/openapi/status-code,developer.open-douyin.com,状态码排查工具,其他外部来源,6,1,6,2,5,1.04,2.08
https://douchacha.com/article/details/pjnfws5v.html,douchacha.com,为什么核心数据、商品分析和订单管理中下载的成交数据不一致,其他外部来源,6,1,6,3,0,1.04,3.12
https://dsp.feigua.cn/help/detail/9/866.html,dsp.feigua.cn,【竞品分析】如何使用 品牌/小店 相关功能?-帮助中心-抖音电商与直播大数据分析平台-feigua.cn,企业官网/工具平台,6,1,6,4,0,1.04,4.17
https://dy.feigua.cn/Home/Default?url=%2FMember,dy.feigua.cn,飞瓜数据-抖音电商与直播大数据分析平台-feigua.cn,企业官网/工具平台,6,1,6,3,4,1.04,3.12
https://dy.feigua.cn/home/Product?chl=feigua3,dy.feigua.cn,飞瓜数据-抖音电商与直播大数据分析平台-feigua.cn,企业官网/工具平台,6,1,6,4,0,1.04,4.17
https://fuwu.jinritemai.com/appList?cate_id=117&sub_cate_id=11,fuwu.jinritemai.com,抖店服务市场-全部服务,字节/头条系其他,6,1,6,5,0,1.04,5.21
https://iesdouyin.com/share/video/7044057331662867749,iesdouyin.com,推荐一个好用的官方创作平台，谁用谁知道@巨量算数 #巨量算数,抖音视频,6,1,6,6,0,1.04,6.25
https://iesdouyin.com/share/video/7153795908776348964,iesdouyin.com,巨量算数怎么看数据，具体怎么使用，#巨量算数 #短视频运营 #营销,抖音视频,6,1,6,5,0,1.04,5.21
https://iesdouyin.com/share/video/7257452412271660342,iesdouyin.com,同行数据查看再也不用花钱啦😄巨量算数教你如何免费看数据#抖音小店 #抖音直播 @抖音小助手,抖音视频,6,1,6,2,0,1.04,2.08
https://iesdouyin.com/share/video/7503485903995489595,iesdouyin.com,这19个抖店实用APP你用了哪几个？不会只有你开抖店只下载了一个软件吧？这些辅助工具赶紧收藏码住#抖店 #新手开网店 #抖店新店正确起步方法 #怎么在抖音上开店 #怎么开网店,抖音视频,6,1,6,4,3,1.04,4.17
https://iesdouyin.com/share/video/7563247406289030438,iesdouyin.com,抖店涉税申报数据如何核对 抖店涉税申报数据如何核对#电商税 #电商申报 #电商对账,抖音视频,6,1,6,1,0,1.04,1.04
https://iesdouyin.com/share/video/7591315217390503909,iesdouyin.com,#三农 #助力三农 #三农远哥,抖音视频,6,1,6,1,0,1.04,1.04
https://iesdouyin.com/share/video/7592825681727602255,iesdouyin.com,蝉妈妈查抖音数据，想知道达人是怎么选品的吗？想知道同行的爆款视频是哪个吗？想知道同行直播间的流量分析吗？用蝉妈妈就可以了，蝉妈妈数据会员，蝉妈妈会员哪里有便宜的？#蝉妈妈#蝉妈妈数据会员#抖音数据#同,抖音视频,6,1,6,3,0,1.04,3.12
https://iesdouyin.com/share/video/7611906768319525322,iesdouyin.com,新手开了抖店怎么去看电商罗盘#抖店 #电商罗盘,抖音视频,6,1,6,5,0,1.04,5.21
https://iesdouyin.com/share/video/7614101438566516465,iesdouyin.com,抖店这五种情况注意⚠️#抖店 #抖店干货 #抖店电商运营 #抖店运营技巧,抖音视频,6,1,6,3,1,1.04,3.12
https://iesdouyin.com/share/video/7646587097272400485,iesdouyin.com,抖音三大免费实用工具，新手老手必存#运营 #短视频运营 #抖音工具,抖音视频,6,1,6,5,0,1.04,5.21
https://iesdouyin.com/share/video/7650708948639992482,iesdouyin.com,保姆级直播复盘教程#大志和你一起干童装 #手把手教学 #新人如何做抖音 #直播带货 #主播培训,抖音视频,6,1,6,5,0,1.04,5.21
https://iesdouyin.com/share/video/7652561554789321462,iesdouyin.com,电商数据分析工具怎么选？#蝉妈妈 #电商数据分析工具 #蝉妈妈数据,抖音视频,6,1,6,5,0,1.04,5.21
https://iesdouyin.com/share/video/7660738162683405673,iesdouyin.com,店铺数据异常怎么查？#店铺数据异常 #店铺数据分析 #蝉妈妈查店铺数据,抖音视频,6,1,6,4,0,1.04,4.17
https://iesdouyin.com/share/video/7661918286100374117,iesdouyin.com,查看同行店铺数据+分流同行流量全套干货。通过合规手段分析同行数据，拆解流量结构，找准可分流缺口，优化关键词、产品与服务、内容渠道和付费投放，实现流量截流。长期维护店铺权重和产品差异化，确保流量稳定。#,抖音视频,6,1,6,2,0,1.04,2.08
https://iesdouyin.com/share/video/7663318086326697722,iesdouyin.com,中小商家选抖音数据工具先看哪三个指标？Q1：对比抖音电商罗盘，中小商家选数据工具先看哪三个指标？  A1：中小商家选工具，不能只看功能列表，先盯住三个核心指标：数据覆盖范围、分析深度和复盘效率。 ①看,抖音视频,6,1,6,1,0,1.04,1.04
https://iesdouyin.com/share/video/7666358166297355519,iesdouyin.com,全域新规后直播间流量暴跌？你可能还在死磕错误指标 #千川 #全域#直播运营 #电商 #千川投放技巧,抖音视频,6,1,6,1,0,1.04,1.04
https://iesdouyin.com/share/video/7671592556362353962,iesdouyin.com,一条视频告诉你，出单数据在哪看#带货 #短视频带货王 #干货 #短视频创业,抖音视频,6,1,6,3,4,1.04,3.12
https://iesdouyin.com/share/video/7672253358791316294,iesdouyin.com,枓音账号会被隐性限流吗？🤔 最近一直在研究枓音的新规则，就怕不小心踩坑被限流，想知道大家有没有遇到过隐性限流的情况呀~   #ai流量新规则 #抖音你不知道的科技秘密,抖音视频,6,1,6,2,0,1.04,2.08
https://iesdouyin.com/share/video/7680033267374612479,iesdouyin.com,小店订单下滑？蝉妈妈3步定位流量与转化。Q1: 抖音小店订单量下降，首先看哪些核心数据指标？ A1: 排查订单下滑，第一步是拆解流量与转化漏斗，定位是“没人看”还是“看了不买”。 ①查看渠道流量结构。,抖音视频,6,1,6,3,0,1.04,3.12
https://iesdouyin.com/share/video/7680819509473976390,iesdouyin.com,抖音小店复盘怎么做？蝉妈妈3步诊断经营。Q1: 抖音小店复盘报告用什么工具？核心看哪些经营维度？ A1: 做抖音小店复盘，建议将经营拆解为动销结构、口碑体验指标及竞品店铺表现三个核心维度。行业信源指出,抖音视频,6,1,6,2,0,1.04,2.08
https://iesdouyin.com/share/video/7688310200893381800,iesdouyin.com,抖音竞品销量怎么查？蝉妈妈3步拆解SPU.Q1: 抖音数据工具能查竞品销量吗？看什么指标最准？ A1: 可以查。单纯看单场直播或单个爆品的销量容易误判，更建议持续跟踪竞品的上新节奏、主推商品及达人合作,抖音视频,6,1,6,2,0,1.04,2.08
https://jzl.com/news/douyin-data-13,jzl.com,抖音数据分析平台有哪些:主流类型与功能全景盘点,企业官网/工具平台,6,1,6,2,0,1.04,2.08
https://kawo.com/cn/solutions/提高抖音账号管理和数据洞察效率,kawo.com,提高抖音账号管理与数据洞察效率 | KAWO 科握,其他外部来源,6,1,6,3,1,1.04,3.12
https://op.jinritemai.com/docs/guide-docs/83/7356?docLabel=,op.jinritemai.com,抖 店 开放 平台,字节/头条系其他,6,1,6,4,0,1.04,4.17
https://open.oceanengine.com/labels/37/docs/1803016515293203,open.oceanengine.com,如何申请授权& 生成授权链接-Oauth2.0授权-商业开放平台,字节/头条系其他,6,1,6,2,0,1.04,2.08
https://reacherapp.com/blog/best-tiktok-analytics-tools,reacherapp.com,TikTok Analytics Tools Compared by Use Case,其他外部来源,6,1,6,4,0,1.04,4.17
https://school.jinritemai.com/doudian/wap/course-series/cJZHjLnhaLyw/cJZHjLnhaLywlJZJUawr8APt?from_school=1&should_full_screen=1&should_hide_bottom_nav=1,school.jinritemai.com,中小商家千川广告投放运营基础及工具使用,字节/头条系其他,6,1,6,5,0,1.04,5.21
https://school.jinritemai.com/doudian/wap/knowledge/kJVAgejBgKJ2,school.jinritemai.com,抖音电商学习中心,字节/头条系其他,6,1,6,1,0,1.04,1.04
https://school.jinritemai.com/doudian/web/course-series/cJfauywFitqK/cJfauywFitqKlJgfsPKVBwww?from_school=1&should_full_screen=1&should_hide_bottom_nav=1,school.jinritemai.com,经营提效有妙招!抖店AI助手功能全解析!,字节/头条系其他,6,1,6,1,0,1.04,1.04
https://shoppingads.cn/,shoppingads.cn,巨量千川官网,其他外部来源,6,1,6,5,0,1.04,5.21
https://socialpilot.co/tiktok-analytics-tools?Author=Dan%2525252BDunn&id=88,socialpilot.co,12 TikTok Analytics Tools to Track Performance in 2026,其他外部来源,6,1,6,6,0,1.04,6.25
https://trendinsight.oceanengine.com/index,trendinsight.oceanengine.com,抖音指数(原巨量算数),字节/头条系其他,6,1,6,5,0,1.04,5.21
https://tup.tsinghua.edu.cn/upload/books/yz/105688-01.pdf,tup.tsinghua.edu.cn,第 11 章 高薪 运营 和 主播 必备 ： 数据 复盘 PDF,其他外部来源,6,1,6,4,0,1.04,4.17
https://yuntu.oceanengine.com/yuntu_mini/weapp/m/productPage.html,yuntu.oceanengine.com,巨量云图定位,字节/头条系其他,6,1,6,2,3,1.04,2.08
https://zhibo.rmeibao.com/detailsTags/83,zhibo.rmeibao.com,还在为直播间数据头疼?智播魔方大屏看板，多维度数据一目了然!-智播魔方,其他外部来源,6,1,6,6,3,1.04,6.25
https://ai.chanmama.com/article/228,ai.chanmama.com,抖音小店行业趋势报告哪里下载?-蝉妈妈AI抖音数据分析工具,企业官网/工具平台,5,1,5,5,0,0.87,5.21
https://ai.chanmama.com/article/285,ai.chanmama.com,抖音直播分析预测爆品要看哪些指标?-蝉妈妈AI抖音数据分析工具,企业官网/工具平台,5,1,5,5,0,0.87,5.21
https://ai.chanmama.com/article/481,ai.chanmama.com,短视频曝光不足如何诊断-蝉妈妈AI抖音数据分析工具,企业官网/工具平台,5,1,5,1,0,0.87,1.04
https://ai.chanmama.com/article/655,ai.chanmama.com,运营/商家怎么查看抖音达人带货数据-蝉妈妈AI抖音数据分析工具,企业官网/工具平台,5,1,5,4,0,0.87,4.17
https://ai.chanmama.com/article/668,ai.chanmama.com,短视频带货数据分析4个步骤-蝉妈妈AI抖音数据分析工具,企业官网/工具平台,5,1,5,2,0,0.87,2.08
https://ai.chanmama.com/article/877,ai.chanmama.com,抖音竞品爆发怎么查-蝉妈妈AI抖音数据分析工具,企业官网/工具平台,5,1,5,4,0,0.87,4.17
https://ai.chanmama.com/article/95,ai.chanmama.com,如何拆解分析抖音竞品账号?-蝉妈妈AI抖音数据分析工具,企业官网/工具平台,5,1,5,4,0,0.87,4.17
https://ai.chanmama.com/article?category_id=26&nav_id=3,ai.chanmama.com,蝉妈妈AI学习中心-电商AI数据分析|运营解析实操指南!,企业官网/工具平台,5,1,5,2,0,0.87,2.08
https://ai.chanmama.com/home,ai.chanmama.com,蝉妈妈AI,企业官网/工具平台,5,1,5,4,0,0.87,4.17
https://ai.chanmama.com/product/liveAnalysis,ai.chanmama.com,蝉妈妈AI_电商人专属的营销助手-电商数据分析_AI图片设计_视频拆解提取分析在线平台,企业官网/工具平台,5,1,5,3,0,0.87,3.12
https://allyhub.com/blog/best-tiktok-analytics-tools,allyhub.com,9 Best TikTok Analytics Tools for Content Creators (2026),其他外部来源,5,1,5,5,0,0.87,5.21
https://chanmama.com/?page=43,chanmama.com,蝉 妈妈 官网 - 短 视频 内容 运营 与 直播 电商 数据 分析 平台,企业官网/工具平台,5,1,5,3,0,0.87,3.12
https://chanmama.com/brandRank/0571826436193.html?activeTab=aweme,chanmama.com,蝉妈妈官网 - 短视频内容运营与直播电商数据分析平台,企业官网/工具平台,5,1,5,5,0,0.87,5.21
https://chanmama.com/liveRank/DzLAA2wsqrseXKFoozZ9oRizpXorWhPS.html,chanmama.com,蝉妈妈官网 - 短视频内容运营与直播电商数据分析平台,企业官网/工具平台,5,1,5,1,0,0.87,1.04
https://chanmama.com/tools/download.html,chanmama.com,蝉妈妈APP下载_蝉妈妈数据分析软件官方下载 - 蝉妈妈数据,企业官网/工具平台,5,1,5,5,0,0.87,5.21
https://chanmama.com/yunyingquan/question/4257.html,chanmama.com,抖音平台官方的主播数据查看渠道在哪里?公会旗下主播的直播数据怎么查? - 蝉妈妈运营圈,企业官网/工具平台,5,1,5,4,0,0.87,4.17
https://chanmama.com/yunyingquan/question/4259.html,chanmama.com,抖音带货主播的带货数据查询路径是什么?在抖音平台内怎么看主播带货数据? - 蝉妈妈运营圈,企业官网/工具平台,5,1,5,4,0,0.87,4.17
https://compass.jinritemai.com/shop/chance/competitor-product,compass.jinritemai.com,抖音电商罗盘-抖店商家、达人和机构多视角数据平台,字节/头条系其他,5,1,5,3,1,0.87,3.12
https://compass.jinritemai.com/shop/commodity/traffic-analysis,compass.jinritemai.com,抖音电商罗盘-抖店商家、达人和机构多视角数据平台,字节/头条系其他,5,1,5,5,0,0.87,5.21
https://developer.open-douyin.com/docs/resource/zh-CN/mini-app/develop/tutorial/experience-optimization/tools/analysis-platform/performance-analysis,developer.open-douyin.com,性能分析平台使用说明_小程序_抖音开放平台,其他外部来源,5,1,5,2,0,0.87,2.08
https://developer.open-douyin.com/forum/synthesize/post/654af80da19da9c4b64cb9a4,developer.open-douyin.com,玩转经营分析丨生意经营不容错过的核心数据 - 抖音开放平台,其他外部来源,5,1,5,1,0,0.87,1.04
https://developer.open-douyin.com/m/docs/resource/zh-CN/dop/develop/sdk/mobile-app/permission,developer.open-douyin.com,登录与授权,其他外部来源,5,1,5,3,0,0.87,3.12
https://developer.open-douyin.com/m/docs/resource/zh-CN/thirdparty/guide/livingservice/cooperation,developer.open-douyin.com,第三步:与商家建立授权关系,其他外部来源,5,1,5,2,0,0.87,2.08
https://fuwu.jinritemai.com/DOU+,fuwu.jinritemai.com,抖店服务市场,字节/头条系其他,5,1,5,5,0,0.87,5.21
https://hao.199it.com/douyin.html,hao.199it.com,抖音等短视频数据平台-199IT数据导航网站--Hao.199it.com,其他外部来源,5,1,5,1,2,0.87,1.04
https://iesdouyin.com/share/video/6941951487438327048,iesdouyin.com,#干货  #主播 #直播  #职场 #创业   #销售  #电商运营 小伙伴们，免费数据罗盘来啦！,抖音视频,5,1,5,4,0,0.87,4.17
https://iesdouyin.com/share/video/7210630061676875060,iesdouyin.com,抖音数据中心yyds全新升级，快、全、准三大功能齐活上线，先来看看你的涨粉脱粉情况吧#短视频创业 #新人如何做抖音 #口播短视频知识分享 #数据分析yyds #知识分享 @DOU+小助手,抖音视频,5,1,5,3,0,0.87,3.12
https://iesdouyin.com/share/video/7292663847847005492,iesdouyin.com,作品数据不好，经常怀疑被限流了？ 这样做就不会有这些担心了，快来一起学习下吧#经验分享 #短视频,抖音视频,5,1,5,2,0,0.87,2.08
https://iesdouyin.com/share/video/7408141059387100427,iesdouyin.com,做抖音直播电商必备数据工具盘点 抖音数据工具#蝉妈妈#巨量算数#飞瓜#抖店,抖音视频,5,1,5,5,0,0.87,5.21
https://iesdouyin.com/share/video/7447466217549483274,iesdouyin.com,为什么有官方数据工具，还有大把人买第三方数据工具？ #直播电商 #品牌营销 #飞瓜智投 #巨量百应 #巨量千川,抖音视频,5,1,5,3,0,0.87,3.12
https://iesdouyin.com/share/video/7499784585489550651,iesdouyin.com,如何查看到底被谁截流，怎么截流，两个方法#九斤全域素材,抖音视频,5,1,5,1,0,0.87,1.04
https://iesdouyin.com/share/video/7522086519856647481,iesdouyin.com,新手 小白 必备 直播 间 数据 分析 法 ， 直播 间 数据 指标 有 哪些 ， 什么 是 五维 四 率 ， 如何 提高 直播 间 转化率 ， 直播 间 核心 指标 # 直播 培训 # 直播 复盘 # 直播 运营 # 直播 数据 分析 # 主播 培训,抖音视频,5,1,5,2,0,0.87,2.08
https://iesdouyin.com/share/video/7522467097268948281,iesdouyin.com,直播 电商 数据 后台 罗盘 做 # 直播 复盘 ！ | | | # 直播 复盘 # 直播 带 货 # 直播 运营 # 直播 带 货 培训 # 直播 带 货 技巧,抖音视频,5,1,5,4,1,0.87,4.17
https://iesdouyin.com/share/video/7572930705982754067,iesdouyin.com,"抖音如何看后台的数据 想知道你的视频到底有多受欢迎？想了解粉丝都喜欢什么内容？今天手把手教你玩转抖音后台数据中心！打开路径：我 → 右上角菜单 → 创作者服务中心 → 数据中心核心数据一网打尽：
· 【作品表现】播放量、完播率、互动率(点赞/评论/分享)
· 【流量来源】推荐/关注/搜索/同城，精准定位涨粉渠道
掌握这些数据，让你的创作更精准，流量更稳定！✨ 视频已备好，点击查看完整操作步骤吧！#",抖音视频,5,1,5,4,0,0.87,4.17
https://iesdouyin.com/share/video/7586218443890232613,iesdouyin.com,如何让全域素材复盘更有颗粒度？  以前：素材靠堆，复盘靠猜。 现在：飞书全域看板，每周数据说话。  编导团队的指南针，就是这一张张清晰的数据表。 看得清，才跑得快。#记录天诺美好生活,抖音视频,5,1,5,1,3,0.87,1.04
https://iesdouyin.com/share/video/7596231168598706035,iesdouyin.com,怎么分辨视频数据的真假#短视频 #数据 #分析 #揭秘 #短视频运营,抖音视频,5,1,5,2,0,0.87,2.08
https://iesdouyin.com/share/video/7636786543352663790,iesdouyin.com,做抖音最好用的6个辅助工具#短视频创业 #自媒体 #干货分享 #创作者中心 #创作灵感,抖音视频,5,1,5,5,1,0.87,5.21
https://iesdouyin.com/share/video/7644884234600367588,iesdouyin.com,不会看抖音带货数据，3个动作帮你理清～#抖音带货数据#抖音带货数据哪里看 #带货数据 #带货数据排行榜,抖音视频,5,1,5,2,0,0.87,2.08
https://iesdouyin.com/share/video/7645237464156909226,iesdouyin.com,抖音公会直播数据查看与运营指南分享！#抖音公会 #抖音公会直播 #抖音公会直播数据,抖音视频,5,1,5,1,0,0.87,1.04
https://iesdouyin.com/share/video/7647976252598632628,iesdouyin.com,26年最新电商教程来啦，抖店后台详解，新手小白快速入门电商，第一步先搞懂后台功能和按钮#电商运营经验分享 #电商课程 #电商干货 #电商实用技巧分享 #电商运营,抖音视频,5,1,5,2,4,0.87,2.08
https://iesdouyin.com/share/video/7649663990646210021,iesdouyin.com,电商运营怎么查抖音投放数据？#投放数据 #投放数据怎么查 #电商运营查投放数据,抖音视频,5,1,5,5,0,0.87,5.21
https://iesdouyin.com/share/video/7650078736712305939,iesdouyin.com,"做电商 AI 到底能干嘛？。自动化周报复盘：把 GMV、ROI、广告数据丢给 AI，自动生成包含问题和可执行优化方案的完整周报，直接省出半天时间
广告投放智能分析：AI 帮你筛选高 ROI 人群，自动",抖音视频,5,1,5,1,0,0.87,1.04
https://iesdouyin.com/share/video/7653407391690991333,iesdouyin.com,怎样找低粉爆款视频 新手做抖音优先挖掘同赛道粉丝少、点赞收藏数据亮眼的近期低粉爆款，可通过关键词搜最新发布、热点宝低粉榜单、创作者创作灵感筛选这类纯靠内容跑通算法的视频，拆解它的3秒钩子、内容叙事框架、收藏引导逻辑，保留核心结构，替换成自己真实场景、原创话术重新实拍改写，垂直深耕细分赛道，强化痛点共鸣和实用收藏价值，贴合新算法收藏优先的分发规则，更容易一步步复刻做出属于自己的低粉爆款，稳步冷启动涨,抖音视频,5,1,5,1,0,0.87,1.04
https://iesdouyin.com/share/video/7657082732434218367,iesdouyin.com,运营怎么查抖音对标数据？#对标数据 #对标数据怎么查 #蝉妈妈查数据,抖音视频,5,1,5,4,0,0.87,4.17
https://iesdouyin.com/share/video/7659927740397644965,iesdouyin.com,别再瞎花钱！抖音官方这5个免费工具，新手直接躺赚！ 记住：抖音的本质是‘大量复制+快速试错’，今天拍一条不行，明天拍两条，总有一条能爆。#抖音运营干货 #抖音官方规则 #新手做抖音 #抖音避坑 #抖音起号,抖音视频,5,1,5,3,0,0.87,3.12
https://iesdouyin.com/share/video/7662770097488005288,iesdouyin.com,这一期分享如何拆解同行#分享电商运营思路 #数据分析模型,抖音视频,5,1,5,3,0,0.87,3.12
https://iesdouyin.com/share/video/7664433143332881003,iesdouyin.com,如何高效获取抖音竞品商品数据？ Q:如何获取抖音竞品商品数据？ A1:查看抖音小店页面 进入对手抖音号主页的“商品橱窗”，直接浏览公开陈列的所有商品和价格信息。  Q:如何获取抖音竞品商品数据？ A2,抖音视频,5,1,5,3,0,0.87,3.12
https://iesdouyin.com/share/video/7666343982302463077,iesdouyin.com,为什么前一天数据很好 第二天就掉量#直播间掉量 #直播带货 #直播运营,抖音视频,5,1,5,1,0,0.87,1.04
https://iesdouyin.com/share/video/7675193782337309994,iesdouyin.com,新手做抖店如何去看电商罗盘？如何查看店铺真实数据？ #抖店运营 #新手做抖店 #电商罗盘 #店铺真实数据 #电商运营,抖音视频,5,1,5,5,0,0.87,5.21
https://iesdouyin.com/share/video/7678549035355577723,iesdouyin.com,抖音竞品怎么选？蝉妈妈3步拆解增长路径。Q1: 抖音品牌分析平台怎么选？看竞品拆解深度 A1: 选平台的核心标准是能否还原竞品“谁在卖、卖什么、怎么卖、卖给谁”的全链路逻辑，而非仅提供基础销量排名。据,抖音视频,5,1,5,4,0,0.87,4.17
https://iesdouyin.com/share/video/7678959412937635185,iesdouyin.com,AI自动分析抖音数据！实测TraeWork电脑控制和数据分析 每周一早上，让AI自动登录后台抓数据、出周报、给下周选题建议，是一种什么体验？  作为一个兼职做自媒体的人，平时工作忙、后台数据又多，我最缺的是从数据里提炼出的行动建议（为什么涨？哪条在吸粉？下一期到底该改什么）。  这期视频实测TraeWork，通过「定时任务 + 电脑控制 + 数据分析」打造全自动数据周报流： 1️⃣ 定目标：提需求,抖音视频,5,1,5,2,1,0.87,2.08
https://iesdouyin.com/share/video/7683862563536244020,iesdouyin.com,"对标直播间怎么研究，6个监测工具

对标直播间怎么研究，6个监测工具

#对标直播间怎么研究6 #干货分享 #涨知识 #实用工具 #新手必看",抖音视频,5,1,5,4,0,0.87,4.17
https://iesdouyin.com/share/video/7684106971905068339,iesdouyin.com,蝉妈妈和飞瓜数据哪个好？。蝉妈妈和飞瓜哪个好用？蝉妈妈与飞瓜数据哪个更可靠？蝉妈妈和飞瓜的区别？飞瓜和蝉妈妈的价格对比，飞瓜和蝉妈妈哪个准？#蝉妈妈和飞瓜数据哪个好 #蝉妈妈和飞瓜的区别 #飞瓜和蝉妈,抖音视频,5,1,5,4,0,0.87,4.17
https://iesdouyin.com/share/video/7685639003669250374,iesdouyin.com,短视频团队协作：蝉妈妈+罗盘数据分工指南。Q1: 短视频团队协作首选哪些抖音数据分析工具？ A1: 团队选工具的核心逻辑是“内部数据看罗盘，外部竞品看蝉妈妈”。抖音电商官方指出，内容互动与商品经营需在,抖音视频,5,1,5,3,0,0.87,3.12
https://iesdouyin.com/share/video/7685643134792934565,iesdouyin.com,抖音数据怎么查？蝉妈妈3步实操指南。Q1: 电商数据查询平台提取抖音数据有哪些实操方法？ A1: 核心在于建立“外部市场洞察+内部经营核验”的双向数据闭环。完整的数据分析体系通常要同时覆盖内部经营和外,抖音视频,5,1,5,3,0,0.87,3.12
https://iesdouyin.com/share/video/7685715496594917110,iesdouyin.com,视频播放断崖下跌！学会这招自查账号是否异常 视频播放突然下滑，不知道是内容问题还是账号标签不准？ 分享官方自查方法，教你判断账号流量异常，查看自己的账号标签。 ⚠️不迷信第三方工具，只看后台真实数据。 建议点赞收藏，遇到流量问题可以对照自查。#抖音运营 #抖音流量 #账号自查 #短视频干货 #抖音标签,抖音视频,5,1,5,2,0,0.87,2.08
https://iesdouyin.com/share/video/7688283036916306865,iesdouyin.com,店铺出问题怎么查？（诊断方法）店铺数据异常，运营一般不建议直接改图、降价或加投放。  先定位异常发生在哪一段：流量、点击、加购、转化还是售后；再结合店铺动作、竞品变化和用户反馈交叉验证；最后按“立即止损 / 小范围验证 / 长期结构优化”拆成具体方案。  店铺诊断的重点，是找到真正的问题，把后续动作和验证节点定下来。#新手小白必看 #网店运营#电商创业#新手开网店,抖音视频,5,1,5,2,0,0.87,2.08
https://iesdouyin.com/share/video/7690890736208705956,iesdouyin.com,抖音点击率下滑？蝉妈妈3步拆解竞品策略。Q1: 抖音商品点击率下滑，去哪里看竞品商品参考数据？ A1: 面对点击率下滑，首要动作是跳出自家店铺视角，通过蝉妈妈这类工具查看全网竞品的实时表现。具体操作路,抖音视频,5,1,5,3,0,0.87,3.12
https://img.feigua.cn/kspj/carousel/f0b129ba-efdb-4a2d-b76a-28d077331253.pdf,img.feigua.cn,飞瓜数据快手版使用手册 为你量身打造的快手数据分析平台,企业官网/工具平台,5,1,5,2,0,0.87,2.08
https://jzl.com/news/douyin-data-61,jzl.com,抖音如何查看数据:运营必知的官方入口和补充方案,企业官网/工具平台,5,1,5,3,0,0.87,3.12
https://jzl.com/news/douyin-data-68,jzl.com,抖音数据中心在哪里看:官方入口和第三方入口都给你说清楚,企业官网/工具平台,5,1,5,5,0,0.87,5.21
https://jzl.com/news/douyini-data,jzl.com,抖音 数据 监控 全 对比 : 创作者 后台 、 第三 方 工具 、 极致 了 数据,企业官网/工具平台,5,1,5,4,0,0.87,4.17
https://kalodata.com/blog/tiktok/8-best-tiktok-analytics-tools-for-2026-the-definitive-comparison,kalodata.com,8 Best TikTok Analytics Tools for 2026: The Definitive Comparison,其他外部来源,5,1,5,5,0,0.87,5.21
https://m.toutiao.com/group/7690951080754840099,m.toutiao.com,2026双11 商家为何把“高质量增长”押在抖音电商?_亿邦动力,字节/头条系其他,5,1,5,3,0,0.87,3.12
https://newrank.cn/intro/ranklist,newrank.cn,新榜榜单,企业官网/工具平台,5,1,5,1,0,0.87,1.04
https://op.jinritemai.com/docs/guide-docs/12/7320,op.jinritemai.com,抖店开放平台,字节/头条系其他,5,1,5,3,0,0.87,3.12
https://open.oceanengine.com/labels/14/docs/1726009185953796,open.oceanengine.com,API接口 - 商业开放平台,字节/头条系其他,5,1,5,2,0,0.87,2.08
https://partner.open-douyin.com/docs/resource/zh-CN/developer/introduction/type-and-permission,partner.open-douyin.com,角色概述_开发者平台_抖音开放平台,其他外部来源,5,1,5,2,0,0.87,2.08
https://school.jinritemai.com/doudian/wap/article/105308,school.jinritemai.com,抖音电商学习中心,字节/头条系其他,5,1,5,4,0,0.87,4.17
https://school.jinritemai.com/doudian/wap/article/110838?fromPage=search_result&query=%E5%BA%97%E9%93%BA%E6%8A%96%E9%9F%B3%E5%AE%98%E6%96%B9%E8%B4%A6%E5%8F%B7%E7%BB%91%E5%AE%9A%E5%BA%97%E9%93%BA%E5%8A%9F%E8%83%BD%E6%9C%8D%E5%8A%A1%E5%8D%8F%E8%AE%AE%EF%BC%88%E6%8A%96%E9%9F%B3%E8%B4%A6%E5%8F%B7%E7%AB%AF%EF%BC%89&rank=0&resultType=%E8%A7%84%E5%88%99&searchInfo=5977850236935632696%3A0%3A0%3A229312544%3A20230725160613AC4315AFDB3BBC08333A,school.jinritemai.com,抖音电商学习中心,字节/头条系其他,5,1,5,2,0,0.87,2.08
https://school.jinritemai.com/doudian/wap/article/aHZFiCMVWSCU,school.jinritemai.com,抖音电商学习中心,字节/头条系其他,5,1,5,3,0,0.87,3.12
https://school.jinritemai.com/doudian/wap/course-series/cJZHjLnhaLyw/cJZHjLnhaLywlJZJUawr8qMk?from_school=1&should_full_screen=1&should_hide_bottom_nav=1,school.jinritemai.com,中小 商家 千川 广告 投放 运营 基础 及 工具 使用,字节/头条系其他,5,1,5,1,0,0.87,1.04
https://school.jinritemai.com/doudian/web/article/aHJAanDCCT8b,school.jinritemai.com,商品概览& 详情-如何分析商品不同渠道成交数据和单品直播高光片段?-抖音电商学习中心，抖店官方教你运营抖音小店,字节/头条系其他,5,1,5,3,1,0.87,3.12
https://school.jinritemai.com/doudian/web/article/aHcRxuHzpWaR,school.jinritemai.com,「罗盘·达人」直播间诊断优化升级!,字节/头条系其他,5,1,5,2,0,0.87,2.08
https://school.jinritemai.com/doudian/web/article/aHnLL5zLHQAb,school.jinritemai.com,【罗盘·经营& 达人】全域推广直播间数据更新说明!(2023.05.09起),字节/头条系其他,5,1,5,4,0,0.87,4.17
https://socialinsider.io/blog/tiktok-analytics-tools,socialinsider.io,"7 Best TikTok Analytics Tools:(Tested & Compared) Features, Use Cases & Pricing",其他外部来源,5,1,5,4,0,0.87,4.17
https://trendinsight.oceanengine.com/vertical-analysis,trendinsight.oceanengine.com,抖音指数(原巨量算数),字节/头条系其他,5,1,5,4,0,0.87,4.17
https://webcdn.xiguaji.com/pince/web/20260310/product-intro.pdf,webcdn.xiguaji.com,飞瓜品策 I PC.FEIGUA.CN I 抖音营销舆情分析平台,其他外部来源,5,1,5,4,0,0.87,4.17
https://webcdn.xiguaji.com/pince/web/20260605/product-intro.pdf,webcdn.xiguaji.com,飞瓜品策 分析平台,其他外部来源,5,1,5,4,0,0.87,4.17
https://xingtu.cn/help-center/author/109244,xingtu.cn,投后数据分析介绍-星图营销服务平台,其他外部来源,5,1,5,4,0,0.87,4.17
https://xingtu.cn/help-center/demander/142935,xingtu.cn,星图流量拆分功能说明-星图营销服务平台,其他外部来源,5,1,5,5,0,0.87,5.21
https://xingtu.cn/help-center/demander/article/detail/115182,xingtu.cn,营销数据报告-星图营销服务平台,其他外部来源,5,1,5,4,0,0.87,4.17
https://youwant.cn/,youwant.cn,友望数据—视频号数据分析平台—youwant.cn,其他外部来源,5,1,5,2,0,0.87,2.08
https://ads.tiktok.com/help/article/conversion-discrepancies?lang=zh-Hant-TW,ads.tiktok.com,Business Help Center,其他外部来源,4,1,4,3,0,0.69,3.12
https://ads.tiktok.com/help/article/how-to-use-shop-creative-hub?lang=zh,ads.tiktok.com,TikTok Shop | 如何使用店铺创意中心,其他外部来源,4,1,4,1,0,0.69,1.04
https://ai.chanmama.com/article/191,ai.chanmama.com,抖音品牌经营决策怎么做?-蝉妈妈AI抖音数据分析工具,企业官网/工具平台,4,1,4,3,0,0.69,3.12
https://ai.chanmama.com/article/661,ai.chanmama.com,电商运营怎么查抖音直播转化率数据—蝉妈妈AI抖音数据分析工具,企业官网/工具平台,4,1,4,4,0,0.69,4.17
https://ai.chanmama.com/article/930,ai.chanmama.com,抖音直播复盘怎么看-蝉妈妈AI抖音数据分析工具,企业官网/工具平台,4,1,4,1,2,0.69,1.04
https://app.mi.com/details?id=com.ht.htdata,app.mi.com,灰豚数据-小米应用商店,其他外部来源,4,1,4,4,0,0.69,4.17
https://apps.apple.com/cn/app/蝉妈妈-轻抖店直播数据巨量工作台/id1508944184?platform=ipad,apps.apple.com,‎蝉妈妈-轻抖店直播数据巨量工作台 App - App Store,其他外部来源,4,1,4,4,0,0.69,4.17
https://aweme.snssdk.com/draft/douyin_agreement/privacy.html,aweme.snssdk.com,“抖音”隐私政策,其他外部来源,4,1,4,2,0,0.69,2.08
https://chanmama.com/tikShopDetail/RzmvuZIk,chanmama.com,蝉妈妈数据 - 抖音直播& 短视频电商数据分析服务平台,企业官网/工具平台,4,1,4,3,0,0.69,3.12
https://chanmama.com/yunyingquan/question/4478.html,chanmama.com,抖音爆款视频怎么拆解?抖音爆款文案怎么提取? - 蝉妈妈运营圈,企业官网/工具平台,4,1,4,4,0,0.69,4.17
https://cloud.tencent.com/developer/article/2683684,cloud.tencent.com,用WorkBuddy分析抖音账号数据:从历史博主视角看AI如何提升运营效率-腾讯云开发者社区-腾讯云,其他外部来源,4,1,4,2,1,0.69,2.08
https://d.newrank.cn/creative/9118,d.newrank.cn,抖音爆款作品核心要素与数据洞察全解析 - 新榜小豆芽,企业官网/工具平台,4,1,4,3,0,0.69,3.12
https://developer.cloud.tencent.com/article/2683684?policyId=1003,developer.cloud.tencent.com,用WorkBuddy分析抖音账号数据:从历史博主视角看AI如何提升运营效率-腾讯云开发者社区-腾讯云,其他外部来源,4,1,4,2,0,0.69,2.08
https://developer.open-douyin.com/docs/resource/zh-CN/mini-app/operation/data/data-center/advanced-analysis/events,developer.open-douyin.com,事件管理_小程序_抖音开放平台,其他外部来源,4,1,4,1,0,0.69,1.04
https://developer.open-douyin.com/forum/bulletin/post/66aafb84372f131f6bd87c4c,developer.open-douyin.com,玩转数据中心丨核心数据全覆盖，你的深度经营指南💰 - 抖音开放平台,其他外部来源,4,1,4,4,0,0.69,4.17
https://developer.open-douyin.com/m/docs/resource/zh-CN/interaction/develop/server/live-room-scope/data-open/data-open-desc,developer.open-douyin.com,数据开放说明,其他外部来源,4,1,4,4,0,0.69,4.17
https://developer.open-douyin.com/m/docs/resource/zh-CN/mini-app/open-capacity/basic-capacities/douyin,developer.open-douyin.com,用户数据能力,其他外部来源,4,1,4,3,0,0.69,3.12
https://docs.feishu.cn/v/wiki/VTR8wy4qpiUikOkAJqzcI4BYnsd/ae,docs.feishu.cn,开通 记录 权限 后 如何 进行 后续 操作 ?,字节/头条系其他,4,1,4,3,0,0.69,3.12
https://douchacha.com/article/details/ijtuitg6.html,douchacha.com,订单数对不上成交额不一致什么原因,其他外部来源,4,1,4,3,0,0.69,3.12
https://douyinec.com/research,douyinec.com,抖音电商官网-抖音小店入驻-兴趣电商直播带货平台,其他外部来源,4,1,4,1,0,0.69,1.04
https://dsp.feigua.cn/Home/Price,dsp.feigua.cn,产品价格-飞瓜数据-抖音电商与直播大数据分析平台-feigua.cn,企业官网/工具平台,4,1,4,3,0,0.69,3.12
https://dy.feigua.cn/?chl=ksgw,dy.feigua.cn,飞瓜数据-抖音电商与直播大数据分析平台-feigua.cn,企业官网/工具平台,4,1,4,4,0,0.69,4.17
https://dy.feigua.cn/?chl=pcgw,dy.feigua.cn,飞瓜数据-抖音电商与直播大数据分析平台-feigua.cn,企业官网/工具平台,4,1,4,3,0,0.69,3.12
https://dy.feigua.cn/home/product,dy.feigua.cn,飞瓜数据-抖音电商与直播大数据分析平台-feigua.cn,企业官网/工具平台,4,1,4,4,0,0.69,4.17
https://feigua.cn/home,feigua.cn,飞瓜数据-助力电商销量、营销声量双丰收-feigua.cn,企业官网/工具平台,4,1,4,3,0,0.69,3.12
https://feishu.cn/community/article?id=7522862019083501569,feishu.cn,影 刀 x 飞书 | 抖音 全域 数据 自动化 采集 方案,字节/头条系其他,4,1,4,3,0,0.69,3.12
https://fuwu.jinritemai.com/optimus/7095587330836136222?page_from=1g3ntq1sh_b2361,fuwu.jinritemai.com,服务市场520活动,字节/头条系其他,4,1,4,1,0,0.69,1.04
https://guandata.com/gy/post/TSofjbaW.html,guandata.com,抖音数据分析工具选型指南:品牌自播团队的三维评估-观远数据BI平台,其他外部来源,4,1,4,2,0,0.69,2.08
https://help.dashboardly.io/troubleshooting/my-numbers-dont-match-tiktok,help.dashboardly.io,My Numbers Don't Match TikTok,其他外部来源,4,1,4,3,0,0.69,3.12
https://iesdouyin.com/share/video/7005821921484885279,iesdouyin.com,数据不一致。你的问题在这里吗？（上）,抖音视频,4,1,4,3,0,0.69,3.12
https://iesdouyin.com/share/video/7024635050834644237,iesdouyin.com,想 做 短 视频 带 货 但 不 知道 如何 做 的 一定 要 看看 这个 # 如何 做 短 视频 带 货 # 视频 带 货 # 巨量 创意 # 创作 灵感 # 抖 来 抖 干货 @ DOU + 小 助手,抖音视频,4,1,4,1,0,0.69,1.04
https://iesdouyin.com/share/video/7028080376274799876,iesdouyin.com,想上热门？想获取创作灵感？来看看创作者@别叫燕老师（IP孵化） 眼中的 #巨量算数 #创作有数,抖音视频,4,1,4,3,0,0.69,3.12
https://iesdouyin.com/share/video/7070041190011391236,iesdouyin.com,抖查查、蝉妈妈、飞瓜到底哪个好用？#内容过于真实 #我要上热们 #干货分享 #电商工具 #电商运营,抖音视频,4,1,4,4,0,0.69,4.17
https://iesdouyin.com/share/video/7082003944674774280,iesdouyin.com,再也不用花钱看同行的数据了，直接在百应后台可以看到#抖音电商达人知识分享 #抖音电商 #百应怎么用 #短视频运营@抖音电商作者成长,抖音视频,4,1,4,3,0,0.69,3.12
https://iesdouyin.com/share/video/7147285905982704933,iesdouyin.com,限流、视频违规自检工具#检测工具#被限流#原创度#违规词#视频违规#自检#巨量创意#声明原创#账号违规,抖音视频,4,1,4,2,0,0.69,2.08
https://iesdouyin.com/share/video/7212921262199360802,iesdouyin.com,如何了解你的竞争对手#抖音小店 抖店电商罗盘可以监视同行#抖店 #商品卡,抖音视频,4,1,4,4,0,0.69,4.17
https://iesdouyin.com/share/video/7233798284643454219,iesdouyin.com,怎么 通过 巨量 百应 找到 适合 自己 的 选品 ？ # 巨量 百应 选品 # 巨量 百应 在哪 打开 # 巨量 百应 登录 入口 # 怎么 在 巨量 百应 选品 # 怎么 选品,抖音视频,4,1,4,4,0,0.69,4.17
https://iesdouyin.com/share/video/7297082562927791371,iesdouyin.com,不管是达人还是商家，这个工具你一定得知道！#蝉妈妈 #蝉妈妈数据,抖音视频,4,1,4,2,0,0.69,2.08
https://iesdouyin.com/share/video/7312017683774541056,iesdouyin.com,流量 真的 破 万 了 ， 会 用 热点 宝 这 几个 功能 真的 太 重要 了 # 热点 宝 入口 # 抖音 中 视频 计划 # 经验 分享,抖音视频,4,1,4,2,0,0.69,2.08
https://iesdouyin.com/share/video/7317856388846259495,iesdouyin.com,达人指数为什么没有收录？垂类洞察在哪里？ 巨量算数产品问答系列#巨量算数如何使用 #巨量算数  #达人指数 #创作指南 #垂类洞察,抖音视频,4,1,4,2,0,0.69,2.08
https://iesdouyin.com/share/video/7350502607217003810,iesdouyin.com,做抖音查数据用这个功能太强大了？很多人竟然都还不知道！#抖音热点宝 #天水麻辣烫 #新人如何做抖音,抖音视频,4,1,4,4,0,0.69,4.17
https://iesdouyin.com/share/video/7417652070372740363,iesdouyin.com,#实体店营销 #代运营 #生意经 做抖音推广用好【生意经】工具，可以全面提供参考数据👍🏻👍🏻👍🏻#运营 #同城商家运营,抖音视频,4,1,4,4,0,0.69,4.17
https://iesdouyin.com/share/video/7425923301949574451,iesdouyin.com,直播 数据 怎么 看 ， 什么 数据 是 核心 ？ # 阿昱 老师 的 直播 回放 # 阿昱 老师 # 干货 分享 # 阿昱 老师 讲 做 抖音 的 重点 方向 # 抖音 运营 小 技巧,抖音视频,4,1,4,2,1,0.69,2.08
https://iesdouyin.com/share/video/7560350702951681322,iesdouyin.com,希望可以帮助到你们  #电商干货#电商人#抖音电商,抖音视频,4,1,4,1,0,0.69,1.04
https://iesdouyin.com/share/video/7574757831951634003,iesdouyin.com,新手做抖音如何查看同行数据 #知识科普 #知识分享 #涨知识 #数据 #同行懂同行,抖音视频,4,1,4,3,0,0.69,3.12
https://iesdouyin.com/share/video/7605512534074696177,iesdouyin.com,怎么用考古家看自己的同行的数据#短视频 #自媒体,抖音视频,4,1,4,3,0,0.69,3.12
https://iesdouyin.com/share/video/7618483494443945259,iesdouyin.com,考古加和蝉妈妈对比？考古加和蝉妈妈哪个好。考古加和蝉妈妈数据哪个更准确?蝉妈妈和考古加哪个好用?考古加和蝉妈妈哪个好?#考古加和蝉妈妈哪个好用 #考古加和蝉妈妈数据哪个更准确 #考古加和蝉妈妈的区别,抖音视频,4,1,4,2,0,0.69,2.08
https://iesdouyin.com/share/video/7623612349308631387,iesdouyin.com,播放量上不去，别急着换号！先自查这3个地方，尤其是第2个，90%的人都忽略了！#抖音运营 #自媒体干货 #限流 #流量密码 #短视频创业 @抖音小助手 @抖音创作者中心 @抖音平台,抖音视频,4,1,4,3,0,0.69,3.12
https://iesdouyin.com/share/video/7638918703542848787,iesdouyin.com,如何用抖大侠让1688的链接如何快速铺货到抖店？ 一件代发货源哪里来？一件代发怎么铺货？#抖店 #抖音小店 #抖店铺货 #抖大侠,抖音视频,4,1,4,1,0,0.69,1.04
https://iesdouyin.com/share/video/7650463908901195059,iesdouyin.com,怎么分析竞品和大盘数据 #抖音电商#蓝狐电商#抖店运营#商品卡#抖店干货,抖音视频,4,1,4,2,0,0.69,2.08
https://iesdouyin.com/share/video/7652333012869252837,iesdouyin.com,热点 宝 和 创作者 后台 标签 不 一样 ？ 弄 懂 一级 二级 标签 底层 逻辑 # 抖音 热点 宝 # 创作者 数据 中心 # 抖音 一级 二级 标签 # 账号 打标 教程 # 自 媒体 运营 知识,抖音视频,4,1,4,4,0,0.69,4.17
https://iesdouyin.com/share/video/7654071835721551140,iesdouyin.com,"对标分析别乱抄！选对参考账号，少走半年创作弯路 很多新人做抖音喜欢对标头部大 V，照搬内容模式后数据反而更差，其实对标分析选对参考对象才是关键。本期分享对标账号的 4 个选择标准、4 个核心拆解维度、差异化方向和定期复盘方法，帮你找对参考，少走创作弯路。
 内容为创作者经验总结，仅供参考，不代表平台官方规则。
#对标分析  #抖音起号  #账号运营  #创作者干货  #短视频运营",抖音视频,4,1,4,2,0,0.69,2.08
https://iesdouyin.com/share/video/7656641175282311167,iesdouyin.com,如何查看直播间分时段GMV成交数据？#直播间分时段gm成交数据 #直播间 #直播间数据,抖音视频,4,1,4,1,0,0.69,1.04
https://iesdouyin.com/share/video/7656877676237835942,iesdouyin.com,如何看自己门店周边的同行们，哪个卖的好，哪种视频能出单，就在抖音来客里的生意经里面的行业竞争哦！老板们快去看看你们周边的同行们都还在做啥？,抖音视频,4,1,4,1,0,0.69,1.04
https://iesdouyin.com/share/video/7659694275806318568,iesdouyin.com,竞品监控怎么做？#监控竞品 #监控竞品怎么做 #蝉妈妈监控竞品,抖音视频,4,1,4,3,0,0.69,3.12
https://iesdouyin.com/share/video/7665233408440064639,iesdouyin.com,抖音直播数据分析工具大全，助你精准复盘 Q1: 抖音主播直播数据用什么软件看 A1: 可以用抖音电商罗盘，这是官方的直播复盘工具，能看实时流量来源、人气峰值、用户画像等数据，判断直播间热度。  Q2:,抖音视频,4,1,4,2,0,0.69,2.08
https://iesdouyin.com/share/video/7670002460614338289,iesdouyin.com,做抖音电商一定要学会研究竞品！#抖音电商 #新手做电商行业 #电商运营干货分享,抖音视频,4,1,4,2,0,0.69,2.08
https://iesdouyin.com/share/video/7672712390965857555,iesdouyin.com,播放量上不去，一定要做账号检测。#提高播放量 #抖音操作技巧 #账号检测,抖音视频,4,1,4,2,0,0.69,2.08
https://iesdouyin.com/share/video/7673720806328880422,iesdouyin.com,2026 年做抖音必须看懂的11个核心官方数据指标 #抖音运营干货  #短视频数据拆解  #抖音算法规则  #自媒体起号  #抖音创作者中心 基于抖音创作者中心后台官方可视化指标拆解，分为冷启动留存、,抖音视频,4,1,4,3,0,0.69,3.12
https://iesdouyin.com/share/video/7674240037392002277,iesdouyin.com,workbuddy 真的很适合不氪金党。趁手的工具就是服务于我们的。做个分析抖音数据的工作台，多维度展示，非常的直观，方便自己复盘，也再也不用人工去一遍一遍看了！ #workbuddy #工作台 #复,抖音视频,4,1,4,1,4,0.69,1.04
https://iesdouyin.com/share/video/7683462263210473920,iesdouyin.com,蝉妈妈数据是一个什么平台，蝉妈妈怎么看。蝉妈妈数据是一个什么样的平台，蝉妈妈数据怎么看，蝉妈妈是抖音数据分析工具 。 它整理抖音的公开数据，帮做抖音的人找灵感、找爆款、选品、看对手 。   简单说：,抖音视频,4,1,4,2,0,0.69,2.08
https://iesdouyin.com/share/video/7683799486893186530,iesdouyin.com,小店销量下滑怎么办？蝉妈妈3步定位原因。Q1: 抖音小店销量突然下滑，如何快速定位是流量问题还是转化问题？ A1: 诊断销量波动，首要步骤是拆解“流量×转化率”公式，明确下跌源头。日常运营不能只看成交,抖音视频,4,1,4,3,0,0.69,3.12
https://iesdouyin.com/share/video/7685344301425209253,iesdouyin.com,蝉妈妈有什么作用？蝉妈妈数据好用吗？蝉妈妈有什么作用？蝉妈妈的主要作用， ✅主要作用（核心功能）   1. 看达人/对标账号 查别人账号粉丝、涨粉、视频数据、直播场次、带货能力、粉丝画像，找对标、找可以合作的达人 。  2. 短视频内容分析 扒全网爆款视频，看完播率、点赞评论、黄金3秒脚本，拆解爆款逻辑，找内容灵感；还能提取视频文案、脚本 。  3. 直播数据分析（强项） 看直播间预估GMV、销量,抖音视频,4,1,4,4,0,0.69,4.17
https://iesdouyin.com/share/video/7688573797347151142,iesdouyin.com,"抖音电商AI选品工具用起来是什么感觉？ 服装商家：备货失误少了一半
#电商 #AI",抖音视频,4,1,4,4,0,0.69,4.17
https://iesdouyin.com/share/video/7688926774294999397,iesdouyin.com,#真实数据分析 #新手小白数据分析 #duo小助手,抖音视频,4,1,4,1,0,0.69,1.04
https://iesdouyin.com/share/video/7689017789085258987,iesdouyin.com,抖音同行卖什么？蝉妈妈3步拆解选品逻辑。Q1: 抖音直播间同行卖什么怎么查？看商品榜单与实时销量 A1: 查询同行售卖商品，核心是锁定目标类目下的热销单品及其销售趋势，而非仅凭印象判断。 ①进入蝉妈妈,抖音视频,4,1,4,1,0,0.69,1.04
https://iesdouyin.com/share/video/7690160726882716963,iesdouyin.com,千川 + 云图免费查竞品 ROI 官方后台就能看竞品 ROI#千川 #全域 #电商 #直播运营 #千川投放技巧,抖音视频,4,1,4,3,0,0.69,3.12
https://iesdouyin.com/share/video/7691292598782426067,iesdouyin.com,三个官方免费入口，看透同行投放数据！建议点赞收藏#千川投放 #巨量千川 #本地推 #全域推广 #千川,抖音视频,4,1,4,3,0,0.69,3.12
https://iesdouyin.com/share/video/7692076521998246848,iesdouyin.com,做竞品分析看不懂数据？这 5 款工具值得。做 App 竞品分析、应用商店排名追踪、抖音电商竞品监控或新媒体内容对标，选对数据工具能省一半时间。本期客观盘点 5 款可查询竞品数据的平台：月狐数据（依托自,抖音视频,4,1,4,3,0,0.69,3.12
https://jiushuyun.com/store-multi-plat,jiushuyun.com,门店多平台运营 · 美团抖音经营分析 | 九数云,其他外部来源,4,1,4,1,0,0.69,1.04
https://jzl.com/news/douyin-data-57,jzl.com,抖音数据获取工具踩坑记:想导个数据，比想象中折腾多了,企业官网/工具平台,4,1,4,3,0,0.69,3.12
https://oceanengine.com/news/related/juliang-suanshu-yidongduan,oceanengine.com,巨量算数移动端上线，随时随地洞察热点风向-巨量引擎官网,字节/头条系其他,4,1,4,4,0,0.69,4.17
https://octospark.ai/blog/social-media-analytics-tools,octospark.ai,Social Media Analytics Tools: What They Measure | OctoSpark,其他外部来源,4,1,4,1,0,0.69,1.04
https://qianchuan.jinritemai.com/docs/help/11747/213224,qianchuan.jinritemai.com,巨量千川入口 - 产品介绍 - 巨量千川帮助中心,字节/头条系其他,4,1,4,4,0,0.69,4.17
https://school.jinritemai.com/doudian/wap/article/aHMreWE9UUai,school.jinritemai.com,如何识别店铺潜在爆款及待改进款?-抖音电商学习中心，抖店官方教你运营抖音小店,字节/头条系其他,4,1,4,2,0,0.69,2.08
https://school.jinritemai.com/doudian/wap/article/aHpasRTJBvgF?from_school=1&should_full_screen=1&should_hide_bottom_nav=1,school.jinritemai.com,抖音电商移动直播中控上线啦,字节/头条系其他,4,1,4,1,0,0.69,1.04
https://school.jinritemai.com/doudian/wap/article/aHwErRQoAtuA?from_school=1&should_full_screen=1&should_hide_bottom_nav=1,school.jinritemai.com,抖音电商学习中心,字节/头条系其他,4,1,4,4,0,0.69,4.17
https://school.jinritemai.com/doudian/wap/knowledge/kJBva7vJDnDD,school.jinritemai.com,抖音电商学习中心,字节/头条系其他,4,1,4,2,0,0.69,2.08
https://school.jinritemai.com/doudian/wap/video-article/vHj6ryThkcnc?from_school=1&should_full_screen=1&should_hide_bottom_nav=1,school.jinritemai.com,抖音 电商 - 学习 中心,字节/头条系其他,4,1,4,3,0,0.69,3.12
https://school.jinritemai.com/doudian/web/article/113163,school.jinritemai.com,抖音电商罗盘最全最新介绍手册(商家版),字节/头条系其他,4,1,4,4,0,0.69,4.17
https://school.jinritemai.com/doudian/web/article/aHeSbVARs7s9,school.jinritemai.com,【 巨量 百应 】 橱窗 诊断 功能 全新 上线 - 抖音 电商 学习 中心 ， 抖 店 官方 教 你 运营 抖音 小店,字节/头条系其他,4,1,4,4,0,0.69,4.17
https://school.jinritemai.com/doudian/web/article/aJRxZby6uvyJ?jsls_shop=175791803,school.jinritemai.com,关于防范异常授权盗号盗取资金风险的重要提醒,字节/头条系其他,4,1,4,2,0,0.69,2.08
https://school.jinritemai.com/doudian/web/course-series/cHUrTfRse7fr/cHUrTfRse7frlHV3KkY5fJia,school.jinritemai.com,抖音电商货架场景经营入门宝典,字节/头条系其他,4,1,4,3,0,0.69,3.12
https://school.jinritemai.com/doudian/web/course-series/cHV9xoGDGA2p/cHV9xoGDGA2plHVMLdSexcAa,school.jinritemai.com,达人巨量百应 进阶提升指南,字节/头条系其他,4,1,4,3,0,0.69,3.12
https://sf3-cdn-tos.douyinstatic.com/obj/ies-hotsoon-draft/douyin_agreement/agreements.html,sf3-cdn-tos.douyinstatic.com,“抖音”用户服务协议,其他外部来源,4,1,4,3,0,0.69,3.12
https://trendinsight.oceanengine.com/area?dates=daily-20250808_weekly-20250803_monthly-202507,trendinsight.oceanengine.com,抖音指数(原巨量算数),字节/头条系其他,4,1,4,3,0,0.69,3.12
https://xingtu.cn/help-center/demander/115182,xingtu.cn,营销数据报告-星图营销服务平台,其他外部来源,4,1,4,3,0,0.69,3.12
https://yuntu.oceanengine.com/yuntu_ng/account/apply_entry?is_new_connect=0&is_new_user=0,yuntu.oceanengine.com,巨量 云图,字节/头条系其他,4,1,4,3,0,0.69,3.12
https://365.wps.cn/content/5fa04c24ba9a47efa848610ed6952e9b.html,365.wps.cn,WPS新媒体多维数据看板解决方案:零代码搭建抖音小红书跨平台运营中枢，支持信创私有化部署,其他外部来源,3,1,3,3,0,0.52,3.12
https://ads.tiktok.com/help/article/conversion-discrepancies?lang=zh,ads.tiktok.com,商务 帮助 中心,其他外部来源,3,1,3,3,0,0.52,3.12
https://ads.tiktok.com/resources/help/article/attribution-analytics-how-to-view-the-tiktok-ads-and-third-party-reporting-comparison-page?lang=zh,ads.tiktok.com,Attribution Analytics 3P Reporting Comparison | TikTok for Business,其他外部来源,3,1,3,2,0,0.52,2.08
https://ai.chanmama.com/article/201,ai.chanmama.com,抖音电商选品趋势怎么看?-蝉妈妈AI抖音数据分析工具,企业官网/工具平台,3,1,3,2,0,0.52,2.08
https://ai.chanmama.com/article/223,ai.chanmama.com,抖音小店行业趋势分析工具哪个好?-蝉妈妈AI抖音数据分析工具,企业官网/工具平台,3,1,3,3,0,0.52,3.12
https://ai.chanmama.com/article/431,ai.chanmama.com,电商商品数据对比与竞品分析怎么做-蝉妈妈AI抖音数据分析工具,企业官网/工具平台,3,1,3,2,0,0.52,2.08
https://ai.chanmama.com/article/48,ai.chanmama.com,抖音达人别人的直播数据怎么看?抖音直播数据分析经验分享,企业官网/工具平台,3,1,3,3,0,0.52,3.12
https://ai.chanmama.com/article/604,ai.chanmama.com,蝉妈妈AI:直播复盘神器-蝉妈妈AI抖音数据分析工具,企业官网/工具平台,3,1,3,1,0,0.52,1.04
https://ai.chanmama.com/article/814,ai.chanmama.com,抖音老品销量下滑怎么办-蝉妈妈AI抖音数据分析工具,企业官网/工具平台,3,1,3,2,0,0.52,2.08
https://ai.chanmama.com/article/827,ai.chanmama.com,抖音周报整理太麻烦-蝉妈妈AI抖音数据分析工具,企业官网/工具平台,3,1,3,2,2,0.52,2.08
https://ai.chanmama.com/article/881,ai.chanmama.com,抖音小店动销差怎么办-蝉妈妈AI抖音数据分析工具,企业官网/工具平台,3,1,3,3,0,0.52,3.12
https://app.mi.com/details?id=com.feigua.androiddy,app.mi.com,飞瓜数据-直播带货数据分析-小米应用商店,其他外部来源,3,1,3,3,0,0.52,3.12
https://apps.apple.com/cn/app/抖查查-直播短视频电商数据/id1541827270,apps.apple.com,‎抖查查-直播短视频电商数据 App - App Store,其他外部来源,3,1,3,3,0,0.52,3.12
https://apps.apple.com/cn/app/蝉妈妈-短视频电商直播ai数据分析/id1508944184?platform=watch,apps.apple.com,‎蝉妈妈-短视频电商直播AI数据分析 App - App Store,其他外部来源,3,1,3,3,0,0.52,3.12
https://aweme.snssdk.com/draft/douyin_agreement/agreements.html,aweme.snssdk.com,“抖音”用户服务协议,其他外部来源,3,1,3,3,0,0.52,3.12
https://cc.oceanengine.com/academy/article-detail/c0ff8b96567433f040ef9f1e94614f45,cc.oceanengine.com,巨量创意,字节/头条系其他,3,1,3,1,0,0.52,1.04
https://chandashi.com/,chandashi.com,蝉大师 - 为社会赋能数字营销能力,其他外部来源,3,1,3,3,0,0.52,3.12
https://chanmama.com/?page=63,chanmama.com,蝉妈妈数据 - 抖音直播& 短视频电商数据分析服务平台,企业官网/工具平台,3,1,3,3,0,0.52,3.12
https://chanmama.com/awemeRank/T-3oQ49-DoO6YVQK7lKjPnswIhnKwDZK.html,chanmama.com,蝉妈妈官网 - 短视频内容运营与直播电商数据分析平台,企业官网/工具平台,3,1,3,3,0,0.52,3.12
https://chanmama.com/awemeRank/ZbDo8Caf74JeqFJjUqHBNSmbau-Afuse.html,chanmama.com,蝉妈妈官网 - 短视频内容运营与直播电商数据分析平台,企业官网/工具平台,3,1,3,3,0,0.52,3.12
https://chanmama.com/awemeRank/_jq8KnQMlMRz0D6cLuk0bJLv-9XUqN2e.html,chanmama.com,蝉 妈妈 官网 - 短 视频 内容 运营 与 直播 电商 数据 分析 平台,企业官网/工具平台,3,1,3,3,0,0.52,3.12
https://chanmama.com/awemeRank/yMyPQKz0PNiZBOPs3TsKyjjizwzmUshj.html,chanmama.com,蝉妈妈官网 - 短视频内容运营与直播电商数据分析平台,企业官网/工具平台,3,1,3,2,0,0.52,2.08
https://chanmama.com/yunyingquan/question/4204.html,chanmama.com,抖音带货主播数据在哪看?怎么在抖音看主播的带货数据呢? - 蝉妈妈运营圈,企业官网/工具平台,3,1,3,3,0,0.52,3.12
https://developer.aliyun.com/article/1763285,developer.aliyun.com,拒绝数据孤岛!真正适合电商多平台整合的BI产品推荐-阿里云开发者社区,其他外部来源,3,1,3,3,0,0.52,3.12
https://developer.open-douyin.com/docs/resource/zh-CN/mini-app/data/advanced-analysis/event-analysis,developer.open-douyin.com,文档 - 抖音开放平台,其他外部来源,3,1,3,1,0,0.52,1.04
https://developer.open-douyin.com/m/docs/resource/zh-CN/developer/operation-norm/operation-standard,developer.open-douyin.com,抖音开放平台运营规范,其他外部来源,3,1,3,3,0,0.52,3.12
https://developer.open-douyin.com/m/docs/resource/zh-CN/live-interactive-tools/introduction,developer.open-douyin.com,互动工具接入指南,其他外部来源,3,1,3,2,0,0.52,2.08
https://developer.open-douyin.com/service-market/market-detail/6987697226331984909,developer.open-douyin.com,飞瓜智投直播管家 - 抖音开放平台,其他外部来源,3,1,3,2,0,0.52,2.08
https://douchacha.com/article/details/j50jwpij.html,douchacha.com,抖音数据用抖查查，不当冤大头!,其他外部来源,3,1,3,3,0,0.52,3.12
https://dourancm.com/a/zhishi/1750.html,dourancm.com,2026 年 企业 抖音 直播 投 流 怎么 投 _ 短 视频 代 运营 _ 抖 燃 传媒,其他外部来源,3,1,3,1,0,0.52,1.04
https://drvictor.app/blog/best-tiktok-analytics-tools-2026,drvictor.app,Best TikTok Analytics Tools 2026: 8 Tools Compared on Real Data,其他外部来源,3,1,3,2,0,0.52,2.08
https://dy.feigua.cn/?chl=qiangua,dy.feigua.cn,飞瓜数据-抖音电商与直播大数据分析平台-feigua.cn,企业官网/工具平台,3,1,3,2,0,0.52,2.08
https://dy.feigua.cn/home/Product,dy.feigua.cn,飞瓜数据-抖音电商与直播大数据分析平台-feigua.cn,企业官网/工具平台,3,1,3,3,0,0.52,3.12
https://dy.feigua.cn/home/Product?chl=0111shuju,dy.feigua.cn,飞瓜数据-抖音电商与直播大数据分析平台-feigua.cn,企业官网/工具平台,3,1,3,3,0,0.52,3.12
https://dy.feigua.cn/home/Product?chl=360jingpin,dy.feigua.cn,飞瓜数据-抖音电商与直播大数据分析平台-feigua.cn,企业官网/工具平台,3,1,3,3,0,0.52,3.12
https://dy.feigua.cn/home/about,dy.feigua.cn,果集飞瓜-关于我们,企业官网/工具平台,3,1,3,1,0,0.52,1.04
https://eshop-ai.com/tool/飞瓜数据,eshop-ai.com,飞瓜数据 - 电商AI工具大集合,其他外部来源,3,1,3,3,0,0.52,3.12
https://finance.sina.com.cn/wm/2026-08-18/doc-inintpir7371179.shtml.md,finance.sina.com.cn,新浪财经文章,新闻/门户/自媒体,3,1,3,1,0,0.52,1.04
https://fuwu.jinritemai.com/1,fuwu.jinritemai.com,抖店服务市场,字节/头条系其他,3,1,3,3,0,0.52,3.12
https://fuwu.jinritemai.com/55,fuwu.jinritemai.com,抖店服务市场,字节/头条系其他,3,1,3,3,0,0.52,3.12
https://fuwu.jinritemai.com/appList?canTrial=false&cate_id=117&filterDecorate=true&inCanAccessPromotion=false&orderRule=0&page=1&rank=desc&searchType=0&sub_cate_id=11,fuwu.jinritemai.com,抖店服务市场-全部服务,字节/头条系其他,3,1,3,1,2,0.52,1.04
https://iesdouyin.com/share/video/7015529634137689357,iesdouyin.com,想要做好抖音电商，一定要知道这十二个官方工具#直播电商 #直播带货 #干货 #南阳豪瑞直播基地 @DOU+小助手 #创业 #知识分享,抖音视频,3,1,3,2,0,0.52,2.08
https://iesdouyin.com/share/video/7042253167815396645,iesdouyin.com,@巨量算数 听说算数配千川，生意更简单？#巨量千川 #巨量算数 #电商,抖音视频,3,1,3,3,0,0.52,3.12
https://iesdouyin.com/share/video/7055217737819360545,iesdouyin.com,你们会看后台数据吗？是不是发布完视频之后就没有再查看了#短视频 #抖音运营小技巧 #流量 #干货分享,抖音视频,3,1,3,3,0,0.52,3.12
https://iesdouyin.com/share/video/7076406748168359205,iesdouyin.com,高水平创作者更关注哪些短视频指标？#抖音创作者学习中心,抖音视频,3,1,3,1,0,0.52,1.04
https://iesdouyin.com/share/video/7082525706822995232,iesdouyin.com,如何看同行数据来了~#抖音电商达人知识分享 #百应怎么用 @抖音电商作者成长,抖音视频,3,1,3,2,0,0.52,2.08
https://iesdouyin.com/share/video/7084172211153685767,iesdouyin.com,想看别人抖音的详细数据但是不知道怎么查吗？这个方法很简单还不花💰！赞一波～#短视频 #抖音短视频运营 #抖星情报局,抖音视频,3,1,3,3,0,0.52,3.12
https://iesdouyin.com/share/video/7098196230118886687,iesdouyin.com,"如何使用 「算数指数」？@巨量算数 
实现品牌监测 挑战赛 竞品分析 发现热门话题 内容选题 洞察人群画像 抖音关键词分析#干货分享#抖音搜索#标题",抖音视频,3,1,3,3,0,0.52,3.12
https://iesdouyin.com/share/video/7207761055005609271,iesdouyin.com,3步做好短视频带货，抖音电商罗盘免费教你#抖音电商达人知识分享 #抖音电商数据就用罗盘 #抖音电商罗盘  #电商罗盘 #抖音电商学习中心,抖音视频,3,1,3,2,0,0.52,2.08
https://iesdouyin.com/share/video/7371410435393817856,iesdouyin.com,一件代发怎么对接厂家#电商人 #电商干货 #快递助手 #一件代发,抖音视频,3,1,3,1,0,0.52,1.04
https://iesdouyin.com/share/video/7466053612909726976,iesdouyin.com,重磅！电商罗盘刚刚可以查看，同行账号和爆款短视频啦#电商 #直播 #视频号 #视频号带货 #电商人,抖音视频,3,1,3,2,0,0.52,2.08
https://iesdouyin.com/share/video/7498702907430636836,iesdouyin.com,蝉妈妈和飞瓜数据哪个好，蝉妈妈和飞瓜数据哪个准，飞瓜数据偏向突出自媒体和短视频，蝉妈妈更突出的是直播带货数据，蝉妈妈直播数据更新更快更精准，做抖音直播电商必备工具#飞瓜数据 #蝉妈妈 #电商数据,抖音视频,3,1,3,3,0,0.52,3.12
https://iesdouyin.com/share/video/7507621640169377081,iesdouyin.com,三招教你识破假数据 千万要找对代运营#西安代运营 #代运营 #编导 #短视频运营,抖音视频,3,1,3,1,0,0.52,1.04
https://iesdouyin.com/share/video/7522518200550952202,iesdouyin.com,"视频号终于可以查大盘跟对标数据了，速看 视频号终于可以查大盘跟对标数据了，速看
#友望数据 #大盘数据 #竞品 #对标",抖音视频,3,1,3,3,0,0.52,3.12
https://iesdouyin.com/share/video/7527148207060389180,iesdouyin.com,蝉妈妈和灰豚数据的区别？蝉妈妈和灰豚数据的区别，主要表现在三个方面，一个是主攻平台不同，第二个，数据侧重点不同，第三个性价比差异，婵妈妈和灰豚哪个好？蝉妈妈和灰豚推荐哪个？#蝉妈妈和灰豚数据的区别,抖音视频,3,1,3,2,0,0.52,2.08
https://iesdouyin.com/share/video/7543548956895137058,iesdouyin.com,蝉妈妈跟考古加哪个数据好？蝉妈妈和考古加哪个好用？ 蝉妈妈和考古加哪个准？考古加跟蝉妈妈哪个好用？考古加跟蝉妈妈哪个好用一些？考古加是干啥的？考古加和灰豚哪个好用？考古加和蝉妈妈数据哪个更准确？#蝉妈,抖音视频,3,1,3,3,0,0.52,3.12
https://iesdouyin.com/share/video/7573261822019672037,iesdouyin.com,运营内行不外传的拆号方法！两个免费工具，完整拆解爆款账号#干货分享 #一分钟干货教学 #短视频运营 #知识分享 #抖店运营,抖音视频,3,1,3,1,0,0.52,1.04
https://iesdouyin.com/share/video/7576316734405371833,iesdouyin.com,批量采集短视频信息到飞书多维表#短视频采集 #文案提取 #短视频运营 #飞书多维表格 #文案改写,抖音视频,3,1,3,2,0,0.52,2.08
https://iesdouyin.com/share/video/7584630327520840995,iesdouyin.com,新手做自媒体，如何查看同行数据。#小餐饮创业 #摆摊创业 ##自媒体创业 #同城实体店,抖音视频,3,1,3,1,0,0.52,1.04
https://iesdouyin.com/share/video/7596322365169619686,iesdouyin.com,一招教会你免费查看同行直播间核心数据#直播带货,抖音视频,3,1,3,1,0,0.52,1.04
https://iesdouyin.com/share/video/7600771148531502370,iesdouyin.com,飞书 AI + 电商 有 多 强 ？ 1 分钟 学会 搭建 电商 BD 自动化 系统 ！ # 飞书 # 多维 表格 # 效率 神器 # 干货 分享 # 电商,抖音视频,3,1,3,3,0,0.52,3.12
https://iesdouyin.com/share/video/7601034095493188873,iesdouyin.com,#抖音新规 #直播流量 #新人直播 #起号方法,抖音视频,3,1,3,2,0,0.52,2.08
https://iesdouyin.com/share/video/7601878903648422330,iesdouyin.com,新手做短视频怎么查看同行数据，电商和本地生活都有#短视频运营 #同行 #数据 #实体店引流 #同城获客,抖音视频,3,1,3,3,0,0.52,3.12
https://iesdouyin.com/share/video/7612875997802153723,iesdouyin.com,数据分析软件哪个更好用？ 抖音直播数据，蝉妈妈/考古加/飞瓜数据 千川创意素材，蝉妈妈创意/考古加创意/有米云/飞瓜易投，视频号数据，友望数据/新视数据，小红书数据，千瓜数据/新红数据/灰豚红书数据#数据分析工具 #数据可视化 #新媒体运营 #干货分享,抖音视频,3,1,3,3,0,0.52,3.12
https://iesdouyin.com/share/video/7615996378620617206,iesdouyin.com,罗盘数据别瞎看！抓住这3个核心指标就够了。昨天有学生问我：罗盘数据密密麻麻，到底该看哪个？ 别慌，其实就盯三个指标： 1. 流量质量 → 看GPM（千次观看成交额） 2. 内容吸力 → 看完播率 3.,抖音视频,3,1,3,3,0,0.52,3.12
https://iesdouyin.com/share/video/7616990067097177384,iesdouyin.com,自媒体博主秘诀 飞书多维表格数据可视化 #飞书多维表格 #自媒体工具 #数据表格,抖音视频,3,1,3,2,0,0.52,2.08
https://iesdouyin.com/share/video/7621535046968743790,iesdouyin.com,5个免费的官方监测工具，超级好用❤️#创作者伙伴计划 #新手做自媒体 #行业冷知识科普 #干货分享,抖音视频,3,1,3,1,3,0.52,1.04
https://iesdouyin.com/share/video/7629568019919899945,iesdouyin.com,抖音电商罗盘，免费数据分析工具 #电商运营  #抖音运营  #智麦电商  #抖音代运营,抖音视频,3,1,3,1,0,0.52,1.04
https://iesdouyin.com/share/video/7629590833784800635,iesdouyin.com,直播 间 如何 拉 正 投产 ！ # 直播 运营 # 直播 技巧 # 直播 带 货 # 直播 培训,抖音视频,3,1,3,1,0,0.52,1.04
https://iesdouyin.com/share/video/7629744884346557135,iesdouyin.com,看抖音数据的平台有哪些？ 看抖音数据的平台有哪些？有蝉妈妈，飞瓜，考古加，灰豚，抖查查，新抖。#抖音数据#数据分析#蝉妈妈分析#考古加分析#灰豚,抖音视频,3,1,3,3,0,0.52,3.12
https://iesdouyin.com/share/video/7634983353473797119,iesdouyin.com,账号没违规，就是不推流？3步自检救回你的号 #抖音运营技巧 #新手做抖音必看 #抖音运营小知识 #自媒体创业干货 #短视频运营教学,抖音视频,3,1,3,2,0,0.52,2.08
https://iesdouyin.com/share/video/7640464143468468389,iesdouyin.com,#短视频运营 #实体店引流 #个人ip #实体行业获客 #自媒体干货,抖音视频,3,1,3,3,0,0.52,3.12
https://iesdouyin.com/share/video/7640699197839092145,iesdouyin.com,#带货中 #直播带货#主播#直播选品#运营,抖音视频,3,1,3,1,0,0.52,1.04
https://iesdouyin.com/share/video/7642666164157517108,iesdouyin.com,如何查询同行的数据？ #直播电商运营 #直播带货 #直播电商,抖音视频,3,1,3,2,0,0.52,2.08
https://iesdouyin.com/share/video/7644799560459603241,iesdouyin.com,10秒钟，账号数据全复盘  #飞书多维表格 #短视频文案创作 #文案生成 ##AI工具,抖音视频,3,1,3,2,0,0.52,2.08
https://iesdouyin.com/share/video/7645858094651921579,iesdouyin.com,结算gmv对达人是机遇还是挑战？ #学习实战经验 #普通人如何不被ai淘汰 #知识分享实战经验 #深度学习才是王道 #全民认知,抖音视频,3,1,3,1,0,0.52,1.04
https://iesdouyin.com/share/video/7649968719464547305,iesdouyin.com,电商运营怎么查抖音短视频爆款数据和报告？#抖音短视频爆款数据 #短视频爆款文案 #爆款短视频报告,抖音视频,3,1,3,2,0,0.52,2.08
https://iesdouyin.com/share/video/7652198326364429395,iesdouyin.com,如何使用蝉妈妈分析抖音直播数据？#直播数据分析 #蝉妈妈查数据 #直播数据延迟,抖音视频,3,1,3,2,0,0.52,2.08
https://iesdouyin.com/share/video/7655548380370590931,iesdouyin.com,钏山甲科技公司 大狼_抖音,抖音视频,3,1,3,3,0,0.52,3.12
https://iesdouyin.com/share/video/7658265003137936313,iesdouyin.com,抖音流量突然暴跌的几大原因 碰到流量暴跌，大家不用焦虑，也别盲目换赛道或者干脆停更。静下心去后台看看账号数据，查查有没有违规记录、粉丝活跃度、视频完播情况，找到流量变差的根源。顺着平台规则，坚持做垂直原创内容，别总想着走投机取巧的捷径，用心做能给观众带来价值的视频。做短视频本来就没有一蹴而就的办法，流量忽高忽低是常态。弄懂流量下跌背后的底层逻辑，及时调整拍摄思路，慢慢打造属于自己的内容特色，才能摆,抖音视频,3,1,3,2,0,0.52,2.08
https://iesdouyin.com/share/video/7663814540228389809,iesdouyin.com,低播放不用慌，全套排查流程 #抖音推流自查 #新手账号流量修复 #低粉爆款起号 #抖音安全中心教程 #短视频运营干货,抖音视频,3,1,3,2,0,0.52,2.08
https://iesdouyin.com/share/video/7665246445675967976,iesdouyin.com,数据分析工具哪个好用？3个关键点告别无用功 Q1: 数据分析工具哪个好用 A1: 核心看能否对接抖音电商数据，比如在抖音电商罗盘查看大盘趋势和店铺诊断数据，辅助日常运营决策。  Q2: 数据分析工具哪,抖音视频,3,1,3,2,0,0.52,2.08
https://iesdouyin.com/share/video/7667401264951237455,iesdouyin.com,#保康就业 电商直播数据分析平台介绍 #网创培训 #直播培训 #直播间免费用,抖音视频,3,1,3,3,0,0.52,3.12
https://iesdouyin.com/share/video/7667836468311649764,iesdouyin.com,"直播复盘怎么做？蝉妈妈AI一键生成报告 Q1: 直播复盘如何快速定位流量问题？
A1: 重点拆解流量结构。进入蝉妈妈「直播详情-流量分析-直播间流量结构」，查看短视频、推荐、搜索等来源占比。对比行业均",抖音视频,3,1,3,1,0,0.52,1.04
https://iesdouyin.com/share/video/7668990315375158390,iesdouyin.com,同行ROI查不到。但误差15%以内猜得到。 #千川 #全域 #直播 #千川投放技巧 #千川投放,抖音视频,3,1,3,3,0,0.52,3.12
https://iesdouyin.com/share/video/7669005053511945518,iesdouyin.com,兴趣电商对标竞品全链路分析方法！。大量商家做竞品调研陷入形式主义：堆积几十页数据表格，罗列价格、销量、图片，最后没有可落地的运营动作，调研完全失效。核心根源是先调研、后定目标的颠倒逻辑。#电商竞品分析 #竞品分析 #竞品分析怎么做 #对标数据分析,抖音视频,3,1,3,2,0,0.52,2.08
https://iesdouyin.com/share/video/7670348994204432841,iesdouyin.com,电商团队必备神器，赶紧来试试#电商老板 #电商企业,抖音视频,3,1,3,1,0,0.52,1.04
https://iesdouyin.com/share/video/7670457376746605850,iesdouyin.com,抖店OPC工具，自动搞定选品铺货卖货#软件开发 #AI系统 #OPC #抖店OPC,抖音视频,3,1,3,1,0,0.52,1.04
https://iesdouyin.com/share/video/7671386739990088987,iesdouyin.com,2秒跳出和5秒完播多少达标，视频的数据怎么变好 #短视频运营技巧 #新手小白数据分析 #数据分析从零开始 #知识分享 #跟着杨咩咩做自媒体,抖音视频,3,1,3,1,0,0.52,1.04
https://iesdouyin.com/share/video/7673348911805293929,iesdouyin.com,查对标小店动销？蝉妈妈3步拆解数据。Q1: 如何全面查询对标小店商品动销完整数据？ A1: 查动销不能只看单品销量，需构建“市场规模-类目结构-商品效率”四层框架。据21世纪经济报道分析，抖音电商GM,抖音视频,3,1,3,1,0,0.52,1.04
https://iesdouyin.com/share/video/7673717533061542585,iesdouyin.com,播放量说明不了内容好坏，只是流量池大小。 决定你账号能不能做起来的有三个指标：收藏率（内容长期价值）、关注转化率（粉丝精准度）、5秒留存率（钩子质量）#数据分析 #自媒体运营 #播放量 #短视频干货 #数据复盘,抖音视频,3,1,3,1,0,0.52,1.04
https://iesdouyin.com/share/video/7674947269573757349,iesdouyin.com,用蝉妈妈找爆款视频，蝉妈妈找爆款带货视频。用蝉妈妈找爆款视频，用蝉妈妈找爆款带货视频。找对标短视频，带货视频销售数据#蝉妈妈#蝉妈妈会员#爆款视频#带货视频,抖音视频,3,1,3,2,0,0.52,2.08
https://iesdouyin.com/share/video/7675444398007668009,iesdouyin.com,猜喜掉了别慌这样救 #抖音电商#蓝狐电商#抖店运营#商品卡#抖店干货,抖音视频,3,1,3,1,0,0.52,1.04
https://iesdouyin.com/share/video/7676168189331393832,iesdouyin.com,"分享一个抖音账号分析工具，做复盘太省心 做抖音运营复盘时，我做了一套账号分析工具。
可以基于账号公开主页信息，快速梳理账号定位、受众画像、内容方向，输出完整的分析结论，也支持批量看多个对标账号。

#",抖音视频,3,1,3,3,0,0.52,3.12
https://iesdouyin.com/share/video/7676794817845792034,iesdouyin.com,"无货源第三方工具安全吗？教你分辨工具风险避开店铺大坑 抖店第三方工具怎么选 #无货源工具甄别  #抖店运营避雷  #ISV 工具科普 #电商开店避坑  #抖掌柜 
@抖音电商  @抖掌柜",抖音视频,3,1,3,2,0,0.52,2.08
https://iesdouyin.com/share/video/7680038910731069883,iesdouyin.com,抖音真实成交怎么看？蝉妈妈3步校准误差。Q1: 抖音数据平台能看到真实成交吗？ A1: 第三方数据平台无法直接读取后台财务级真实成交，主要提供基于公开数据的估算值。 ①看数据口径差异：抖音电商罗盘、抖,抖音视频,3,1,3,3,0,0.52,3.12
https://iesdouyin.com/share/video/7688307121025495525,iesdouyin.com,抖音电商数据怎么看？蝉妈妈3步选品找达人。Q1: 抖音电商数据分析工具怎么选才能看清全网趋势？ A1: 选品与竞品监控需跳出店铺后台，借助第三方工具获取全域视角。 ①明确数据边界：抖音电商罗盘和抖店后,抖音视频,3,1,3,3,0,0.52,3.12
https://iesdouyin.com/share/video/7689747880524975370,iesdouyin.com,查同行ROI根本不用花钱，官方后台三个入口免费看 #千川投放技巧 #千川代投 #千川运营 #直播带货,抖音视频,3,1,3,3,0,0.52,3.12
https://iesdouyin.com/share/video/7690362875008863529,iesdouyin.com,直播复盘老漏关键点？用这个省心工具。你是不是每次直播结束后，面对几小时的录播回放，看得头昏眼花，还是抓不住核心？或者团队复盘时，大家各说各的，整理纪要能花一整天？更糟的是，客户问起直播中的某个承诺，你,抖音视频,3,1,3,1,0,0.52,1.04
https://jijyun.cn/help/detail/566,jijyun.cn,抖音 x 飞书多维表格，每周自动查询视频数汇总到表单 | 集简云连接数百款软件无需API接口开发,其他外部来源,3,1,3,1,0,0.52,1.04
https://jzl.com/news/douyin-data-45,jzl.com,抖音数据分析在哪里看:从零入门完全指南,企业官网/工具平台,3,1,3,2,1,0.52,2.08
https://ks.feigua.cn/About/Join,ks.feigua.cn,关于我们-飞瓜数据快手版-快手短视频与直播电商数据分析平台,企业官网/工具平台,3,1,3,2,0,0.52,2.08
https://ks.feigua.cn/DataAnalysis.html?chl=kspinpai2,ks.feigua.cn,飞瓜快手-快手短视频直播电商数据平台,企业官网/工具平台,3,1,3,3,0,0.52,3.12
https://lf26-cdn-tos.draftstatic.com/obj/ies-hotsoon-draft/douyin_agreement/privacy.html?hide_nav_bar=1,lf26-cdn-tos.draftstatic.com,“抖音”隐私政策,其他外部来源,3,1,3,2,0,0.52,2.08
https://m.baike.com/wiki/壁虎看看/7267055368097273151,m.baike.com,壁虎看看[网站]_百科,其他外部来源,3,1,3,2,0,0.52,2.08
https://m.wandoujia.com/apps/8120321/history_v1789365044,m.wandoujia.com,2026蝉妈妈v4.30.1老旧历史版本安装包官方免费下载_豌豆荚,其他外部来源,3,1,3,1,0,0.52,1.04
https://op.jinritemai.com/docs/guide-docs/130/583,op.jinritemai.com,抖 店 开放 平台,字节/头条系其他,3,1,3,2,0,0.52,2.08
https://open.oceanengine.com/docs/1754615348309000,open.oceanengine.com,数据使用-数据推送服务-商业开放平台,字节/头条系其他,3,1,3,3,0,0.52,3.12
https://open.oceanengine.com/docs/1786235355858947,open.oceanengine.com,获取 全域 投放 直播 间 维度 数据 - 数据 报表 - 商业 开放 平台,字节/头条系其他,3,1,3,1,0,0.52,1.04
https://open.oceanengine.com/labels/12/docs/1763406675800128,open.oceanengine.com,获取今日直播数据-数据报表-商业开放平台,字节/头条系其他,3,1,3,3,0,0.52,3.12
https://open.oceanengine.com/labels/34/docs/1696710648050700,open.oceanengine.com,API接口 - 商业开放平台,字节/头条系其他,3,1,3,1,0,0.52,1.04
https://open.oceanengine.com/register/protocol.html,open.oceanengine.com,Marketing API使用协议(开发者) - 商业开放平台,字节/头条系其他,3,1,3,3,0,0.52,3.12
https://open.oceanengine.com/register/protocol.html?rid=ftrdpajzo5v,open.oceanengine.com,Marketing API使用协议(开发者) - 商业开放平台,字节/头条系其他,3,1,3,3,0,0.52,3.12
https://partner.open-douyin.com/docs/resource/zh-CN/dop/ability/open-data/user-data-solution,partner.open-douyin.com,移动/网站应用_抖音开放平台,其他外部来源,3,1,3,1,0,0.52,1.04
https://partner.open-douyin.com/docs/resource/zh-CN/dop/operation-standard/platform-capabilities/usage-spec,partner.open-douyin.com,移动/网站应用能力申请及使用规范_移动/网站应用_抖音开放平台,其他外部来源,3,1,3,2,0,0.52,2.08
https://partner.open-douyin.com/docs/resource/zh-CN/mini-app/data/management-analysis/analytics,partner.open-douyin.com,经营分析BETA_小程序_抖音开放平台,其他外部来源,3,1,3,1,0,0.52,1.04
https://pay.douyinpay.com/wiki/63a0142c70f838021f2984ab/667e92e72cf2ba02f0ee8b53,pay.douyinpay.com,抖音 支付 文档 中心,其他外部来源,3,1,3,1,0,0.52,1.04
https://qianchuan.jinritemai.com/docs/help/12781/235711,qianchuan.jinritemai.com,官网介绍 - 巨量千川官网介绍 - 巨量千川帮助中心,字节/头条系其他,3,1,3,3,0,0.52,3.12
https://renzheng.douyin.com/support/content/123619,renzheng.douyin.com,抖音用户服务协议 - 企业号帮助中心,抖音其他页面,3,1,3,3,0,0.52,3.12
https://school.jinritemai.com/doudian/wap/article/aHZuR3BXgmUS,school.jinritemai.com,抖音电商学习中心,字节/头条系其他,3,1,3,2,0,0.52,2.08
https://school.jinritemai.com/doudian/wap/article/aHizmazkucH1,school.jinritemai.com,抖音电商开店10大权益，助力商家入驻经营-抖音电商学习中心，抖店官方教你运营抖音小店,字节/头条系其他,3,1,3,1,0,0.52,1.04
https://school.jinritemai.com/doudian/wap/course-series/cHPuNmhxg7Ya/cHPuNmhxg7YalHPx4rb3XC8V?from_school=1&should_full_screen=1&should_hide_bottom_nav=1&startTime=768,school.jinritemai.com,抖音电商学习中心,字节/头条系其他,3,1,3,2,0,0.52,2.08
https://school.jinritemai.com/doudian/wap/course-series/cJMUF9R8BgyB/cJMUF9R8BgyBlJMkijcbiH7b?from_school=1&should_full_screen=1&should_hide_bottom_nav=1,school.jinritemai.com,2025新版体验分 官方解读合集,字节/头条系其他,3,1,3,1,0,0.52,1.04
https://school.jinritemai.com/doudian/web/article/aHghh2bV3KrC,school.jinritemai.com,用户运营——【用户分析】操作指南,字节/头条系其他,3,1,3,1,0,0.52,1.04
https://school.jinritemai.com/doudian/web/article/aHoajYgdSwKr,school.jinritemai.com,【罗盘·经营】商品卡诊断2.0实操指南-抖音电商学习中心，抖店官方教你运营抖音小店,字节/头条系其他,3,1,3,2,0,0.52,2.08
https://school.jinritemai.com/doudian/web/article/aHq1s92HXX47,school.jinritemai.com,【重要】巨量百应PC后台「罗盘页面样式及数据指标变更」说明-抖音电商学习中心，抖店官方教你运营抖音小店,字节/头条系其他,3,1,3,3,0,0.52,3.12
https://school.jinritemai.com/doudian/web/article/aJMpSJ7wvGDx?scene_source=xiangguantuijian&strategy_source=XiangGuanTuiJian_1650788433,school.jinritemai.com,商家体验分重点问题解答,字节/头条系其他,3,1,3,1,0,0.52,1.04
https://school.jinritemai.com/doudian/web/article/aJhh9TD8xEUi?from_school=1&should_full_screen=1&should_hide_bottom_nav=1,school.jinritemai.com,抖店双周新功能速递 第11期,字节/头条系其他,3,1,3,3,0,0.52,3.12
https://school.jinritemai.com/doudian/web/course-series/cHXYPm4k5tCn/cHXYPm4k5tCnlHkC6n8LQg4e?from_school=1&should_full_screen=1&should_hide_bottom_nav=1,school.jinritemai.com,抖音电商官方数据产品「罗盘·策略」引领生意增长,字节/头条系其他,3,1,3,3,0,0.52,3.12
https://school.jinritemai.com/doudian/web/video-article/vHrL5B9Jk7zt,school.jinritemai.com,短视频分类及优质标准,字节/头条系其他,3,1,3,1,0,0.52,1.04
https://sf3-cdn-tos.douyinstatic.com/obj/ies-hotsoon-draft/douyin_agreement/privacy.html?hide_nav_bar=1,sf3-cdn-tos.douyinstatic.com,“抖音”隐私政策,其他外部来源,3,1,3,2,0,0.52,2.08
https://sf6-cdn-tos.douyinstatic.com/obj/ies-hotsoon-draft/duoshan_agreement/duoshan_privacy.html,sf6-cdn-tos.douyinstatic.com,“抖音”隐私政策,其他外部来源,3,1,3,1,0,0.52,1.04
https://socialpilot.co/es/tiktok-analytics-tools?Author=Dan%2525252BDunn&id=89,socialpilot.co,12 TikTok Analytics Tools to Track Performance in 2026,其他外部来源,3,1,3,3,0,0.52,3.12
https://sproutsocial.com/insights/tiktok-analytics-tools,sproutsocial.com,14 TikTok analytics tools to boost your strategy in 2026,其他外部来源,3,1,3,1,0,0.52,1.04
https://tianyancha.com/brand/b4d08238585,tianyancha.com,西瓜数据 - 西瓜数据公司 - 西瓜数据竞品公司信息 - 天眼查,其他外部来源,3,1,3,3,0,0.52,3.12
https://volcengine.com/docs/86760/1874869?lang=zh,volcengine.com,抖店数据接入--数据智能体 DataAgent(私有化)-火山引擎,字节/头条系其他,3,1,3,2,0,0.52,2.08
https://wywm.gzccc.edu.cn/__local/7/F1/20/ADFF847B0DFDF82F1123FD767A9_1F7B4FAE_8D6827.pdf,wywm.gzccc.edu.cn,白日创意坊抖音小店运营推广设计,其他外部来源,3,1,3,1,0,0.52,1.04
https://xiguaji.com/,xiguaji.com,果集 - 社交媒体全链路服务商,其他外部来源,3,1,3,3,0,0.52,3.12
https://xingtu.cn/help-center/demander/119060,xingtu.cn,自定义报告查询-星图营销服务平台,其他外部来源,3,1,3,2,0,0.52,2.08
https://yuntu.oceanengine.com/yuntu_ng/core_function?module=sci,yuntu.oceanengine.com,巨量云图,字节/头条系其他,3,1,3,1,0,0.52,1.04
https://0745news.cn/h5/folder3287/folder2068/folder4532/2026-09-02/1212910.html?page_type=pc,0745news.cn,碎片化时间经营抖店副业，如何筛选兼顾合规与效率的店铺管理工具?,其他外部来源,2,1,2,1,0,0.35,1.04
https://ai-indeed.com/encyclopedia/20411.html,ai-indeed.com,抖音商家后台数据自动化采集全攻略:从日报到数仓 - 实在智能,其他外部来源,2,1,2,2,0,0.35,2.08
https://ai.chanmama.com/article/675,ai.chanmama.com,电商运营怎么查抖音达人数据-蝉妈妈AI抖音数据分析工具,企业官网/工具平台,2,1,2,2,0,0.35,2.08
https://ai.chanmama.com/article/682,ai.chanmama.com,电商运营怎么做蝉妈妈AI抖音数据分析工具,企业官网/工具平台,2,1,2,2,0,0.35,2.08
https://ai.chanmama.com/article/721,ai.chanmama.com,电商运营如何批量对比达人带货数据-蝉妈妈AI抖音数据分析工具,企业官网/工具平台,2,1,2,2,0,0.35,2.08
https://ai.chanmama.com/article/736,ai.chanmama.com,直播复盘怎么做-蝉妈妈AI抖音数据分析工具,企业官网/工具平台,2,1,2,2,0,0.35,2.08
https://ai.chanmama.com/article/765,ai.chanmama.com,抖音运营如何用好蝉妈妈AI-蝉妈妈AI抖音数据分析工具,企业官网/工具平台,2,1,2,1,0,0.35,1.04
https://ai.chanmama.com/article/805,ai.chanmama.com,抖音竞品监控怎么做-蝉妈妈AI抖音数据分析工具,企业官网/工具平台,2,1,2,2,0,0.35,2.08
https://ai.chanmama.com/article/880,ai.chanmama.com,达人视频播放高成交低-蝉妈妈AI抖音数据分析工具,企业官网/工具平台,2,1,2,2,0,0.35,2.08
https://ai.chanmama.com/article/887,ai.chanmama.com,抖音新品机会怎么判断-蝉妈妈AI抖音数据分析工具,企业官网/工具平台,2,1,2,1,0,0.35,1.04
https://ai.chanmama.com/article/906,ai.chanmama.com,抖音竞品监控怎么做-蝉妈妈AI抖音数据分析工具,企业官网/工具平台,2,1,2,2,0,0.35,2.08
https://amz123.com/guide/tiktokshop/hDjMD211,amz123.com,数据 罗盘 常见 问题 及 解答 _ tik tok shop 新手 指南 - amz 123 跨境 导航,其他外部来源,2,1,2,1,0,0.35,1.04
https://app.feishu.cn/app/cli_a9f6a88460f85bc6,app.feishu.cn,飞书应用中心 - 探索解决方案，激发团队灵感,字节/头条系其他,2,1,2,2,0,0.35,2.08
https://app.meizu.com/apps/public/detail?package_name=com.ht.htdata,app.meizu.com,魅族应用商店_魅族手机应用下载官方商店,其他外部来源,2,1,2,2,0,0.35,2.08
https://appinchina.co/blog/the-complete-guide-to-social-listening-in-china,appinchina.co,The Complete Guide to Social Listening in China,其他外部来源,2,1,2,2,0,0.35,2.08
https://apps.apple.com/cn/app/蝉妈妈-直播短视频电商ai数据分析/id1508944184?platform=mac,apps.apple.com,‎蝉妈妈-直播短视频电商AI数据分析 App - App Store,其他外部来源,2,1,2,2,1,0.35,2.08
https://apps.apple.com/cn/app/蝉妈妈-轻抖店直播数据巨量工作台/id1508944184,apps.apple.com,‎蝉妈妈-轻抖店直播数据巨量工作台 App - App Store,其他外部来源,2,1,2,1,0,0.35,1.04
https://biaoda.me/home,biaoda.me,表答 - 一句话找到行业内的对标爆款视频,其他外部来源,2,1,2,2,0,0.35,2.08
https://bkweek.com/Index/detail?id=917584680357580800,bkweek.com,2026 抖店上货软件推荐:官方与第三方工具对照-北京科技报,其他外部来源,2,1,2,1,0,0.35,1.04
https://business.oceanengine.com/brand,business.oceanengine.com,巨量引擎工作台,字节/头条系其他,2,1,2,2,0,0.35,2.08
https://buyin.jinritemai.com/developer/service-provider/doc-center?docId=2866,buyin.jinritemai.com,巨量百应Buyin,字节/头条系其他,2,1,2,1,0,0.35,1.04
https://c.m.163.com/news/a/L800SJS705531DFD.html,c.m.163.com,抖音1065亿超天猫!护肤第一平台易主，抗皱却成最大“翻车”赛道,新闻/门户/自媒体,2,1,2,1,2,0.35,1.04
https://cac.gov.cn/rootimages/uploadimg/1694878150397178/1694878150397178.pdf,cac.gov.cn,‘短视频类’App 个人信息收集情况测试报告,其他外部来源,2,1,2,1,0,0.35,1.04
https://caigeek.com/blog/gmv-settlement-revenue-difference,caigeek.com,GMV、平台结算额、财务收入三者为什么差那么多? | 财精灵,其他外部来源,2,1,2,1,0,0.35,1.04
https://cc.oceanengine.com/academy/article-detail/10137,cc.oceanengine.com,巨量创意,字节/头条系其他,2,1,2,2,0,0.35,2.08
https://chanmama.com/awemeRank/0cZBlbEVeRwd3Mwsi9ybkIXX-0jb2_0I.html,chanmama.com,蝉 妈妈 官网 - 短 视频 内容 运营 与 直播 电商 数据 分析 平台,企业官网/工具平台,2,1,2,2,0,0.35,2.08
https://chanmama.com/awemeRank/8_m_sSiLliIC1myDr-4L9UzIpPb2F33S.html,chanmama.com,蝉妈妈注册入口 - 蝉妈妈数据,企业官网/工具平台,2,1,2,2,0,0.35,2.08
https://chanmama.com/awemeRank/Pt367_UIIcKe5y9diTOy5VM_8Zw9xZ_J.html,chanmama.com,蝉妈妈官网 - 短视频内容运营与直播电商数据分析平台,企业官网/工具平台,2,1,2,2,0,0.35,2.08
https://chanmama.com/awemeRank/Wr5phZ0ddp6V0CshSMUo1M3585R1ifw7.html,chanmama.com,蝉妈妈官网 - 短视频内容运营与直播电商数据分析平台,企业官网/工具平台,2,1,2,2,0,0.35,2.08
https://chanmama.com/awemeRank/dVaJLK4lUVpYTmjn3JLL-aLiVtInxwYs.html,chanmama.com,蝉妈妈官网 - 短视频内容运营与直播电商数据分析平台,企业官网/工具平台,2,1,2,1,2,0.35,1.04
https://chanmama.com/bloggerRank/aQ0GVO4ukfsUa4xgLY8ml7ZTIhwHwPEP.html,chanmama.com,抖音 达人 数据 分析 _ 直播 带货 与 粉丝 数据 查询 - 蝉 妈妈 数据,企业官网/工具平台,2,1,2,2,0,0.35,2.08
https://chanmama.com/liveRank/5BQ5Xuh5YABqaPYMAIoSArjgsE-l_qeM.html,chanmama.com,蝉 妈妈 官网 - 短 视频 内容 运营 与 直播 电商 数据 分析 平台,企业官网/工具平台,2,1,2,2,0,0.35,2.08
https://chanmama.com/liveRank/A0gMz5LOt3r7RdTuo2fNQwHcIhVGlXJ6.html,chanmama.com,蝉妈妈官网 - 短视频内容运营与直播电商数据分析平台,企业官网/工具平台,2,1,2,2,0,0.35,2.08
https://chanmama.com/promotionRank/qU-ShtKZnI2IIVkpZKQOdJN3xDPLuIDa.html?activeTab=author,chanmama.com,蝉 妈妈 官网 - 短 视频 内容 运营 与 直播 电商 数据 分析 平台,企业官网/工具平台,2,1,2,2,0,0.35,2.08
https://chanmama.com/promotionRank/uAOUCI0OqYat0BYQ-4tpRz-jeDX0B3Uq.html,chanmama.com,蝉妈妈官网 - 短视频内容运营与直播电商数据分析平台,企业官网/工具平台,2,1,2,2,0,0.35,2.08
https://chanmama.com/tikShopDetail/jlCdfiYD,chanmama.com,蝉妈妈 - 内容营销与电商增长一站式服务平台,企业官网/工具平台,2,1,2,2,0,0.35,2.08
https://chanmama.com/yunyingquan/article/1608.html,chanmama.com,抖音直播流量分析、直播流量结构优化、抖音电商工具评测、蝉妈妈数据分析、直播带货方法论 - 蝉妈妈运营圈,企业官网/工具平台,2,1,2,2,0,0.35,2.08
https://chanmama.com/yunyingquan/article/2477.html,chanmama.com,抖音选品怎么判断真爆品?别只看销量还要看SPU聚合数据 - 蝉妈妈运营圈,企业官网/工具平台,2,1,2,2,0,0.35,2.08
https://chanmama.com/yunyingquan/articles,chanmama.com,蝉妈妈运营圈文章合集_抖音运营干货_电商运营攻略,企业官网/工具平台,2,1,2,2,0,0.35,2.08
https://chanmama.com/yunyingquan/articles/all/latest,chanmama.com,蝉妈妈运营圈文章合集_抖音运营干货_电商运营攻略,企业官网/工具平台,2,1,2,2,0,0.35,2.08
https://chanmama.com/yunyingquan/articles/data,chanmama.com,蝉妈妈运营圈文章合集_抖音运营干货_电商运营攻略,企业官网/工具平台,2,1,2,2,0,0.35,2.08
https://chanmama.com/yunyingquan/articles/livemall,chanmama.com,蝉妈妈运营圈文章合集_抖音运营干货_电商运营攻略,企业官网/工具平台,2,1,2,2,0,0.35,2.08
https://chanmama.com/yunyingquan/question/4333.html,chanmama.com,抖音账号权重高不高怎么看?抖音权重自查全攻略新手必看 - 蝉妈妈运营圈,企业官网/工具平台,2,1,2,2,0,0.35,2.08
https://chanmama.com/yunyingquan/question/4587.html,chanmama.com,如何用数据找到高流量低竞争的商品? - 蝉妈妈运营圈,企业官网/工具平台,2,1,2,1,0,0.35,1.04
https://chanmama.com/yunyingquan/question/4637.html,chanmama.com,短视频播放高转化低怎么复盘优化? - 蝉妈妈运营圈,企业官网/工具平台,2,1,2,2,0,0.35,2.08
https://china-gateway360.com/market-research-update-douyin-launches-consumer,china-gateway360.com,Market Research Update: Douyin Launches Consumer Insights Platform — Key Takeaways,其他外部来源,2,1,2,2,0,0.35,2.08
https://cloud.tencent.com/developer/mcp/server/11736,cloud.tencent.com,抖音数据分析MCP服务器 - 腾讯云,其他外部来源,2,1,2,2,0,0.35,2.08
https://cnblogs.com/suolong2026/p/23215631,cnblogs.com,从官方 API 到第三方通道:抖店订单数据同步的技术选型与工程实践 - AAACCCDDDEEE - 博客园,社区/博客/问答,2,1,2,1,0,0.35,1.04
https://compass.jinritemai.com/shop/category-analysis,compass.jinritemai.com,抖音电商罗盘-抖店商家、达人和机构多视角数据平台,字节/头条系其他,2,1,2,2,0,0.35,2.08
https://compass.jinritemai.com/shop/sell-analysis,compass.jinritemai.com,营销工具分析-抖音电商罗盘,字节/头条系其他,2,1,2,1,0,0.35,1.04
https://compass.jinritemai.com/shop/short-video-analysis/cooperate,compass.jinritemai.com,抖音电商罗盘-抖店商家、达人和机构多视角数据平台,字节/头条系其他,2,1,2,2,0,0.35,2.08
https://compass.jinritemai.com/shop/short-video-analysis/list,compass.jinritemai.com,抖音电商罗盘-抖店商家、达人和机构多视角数据平台,字节/头条系其他,2,1,2,1,0,0.35,1.04
https://compass.jinritemai.com/talent/live-overview,compass.jinritemai.com,直播复盘-抖音电商罗盘,字节/头条系其他,2,1,2,2,0,0.35,2.08
https://data.newrank.cn/,data.newrank.cn,新榜有数 - 专注于内容产业的数据服务,企业官网/工具平台,2,1,2,2,0,0.35,2.08
https://developer.open-douyin.com/docs/resource/zh-CN/dop/ability/mcp-service,developer.open-douyin.com,服务广场功能介绍_移动/网站应用_抖音开放平台,其他外部来源,2,1,2,2,0,0.35,2.08
https://developer.open-douyin.com/docs/resource/zh-CN/dop/develop/sdk/web-app/js/permission,developer.open-douyin.com,JS 抖音授权_移动/网站应用_抖音开放平台,其他外部来源,2,1,2,2,0,0.35,2.08
https://developer.open-douyin.com/docs/resource/zh-CN/interaction/develop/server/live-room-scope/user-scores-rank/user-record,developer.open-douyin.com,用户战绩与排行榜接入说明_直播玩法_抖音开放平台,其他外部来源,2,1,2,1,0,0.35,1.04
https://developer.open-douyin.com/docs/resource/zh-CN/local-life/solution/industry-solutions/composite,developer.open-douyin.com,到综行业团购解决方案_生活服务商家应用_抖音开放平台,其他外部来源,2,1,2,2,0,0.35,2.08
https://developer.open-douyin.com/docs/resource/zh-CN/mini-app/develop/server/basic-abilities/video-id-convert/user-video-data,developer.open-douyin.com,查询特定视频的视频数据_小程序_抖音开放平台,其他外部来源,2,1,2,2,0,0.35,2.08
https://developer.open-douyin.com/docs/resource/zh-CN/mini-app/develop/server/data-analysis/small-room-analysis/small-room-overview-data,developer.open-douyin.com,文档 - 抖音 开放 平台,其他外部来源,2,1,2,2,0,0.35,2.08
https://developer.open-douyin.com/docs/resource/zh-CN/mini-app/develop/server/data-analysis/video-analysis/video-detail-analysis-data,developer.open-douyin.com,短视频详细数据_小程序_抖音开放平台,其他外部来源,2,1,2,2,0,0.35,2.08
https://developer.open-douyin.com/douyin-sdk-intro,developer.open-douyin.com,抖音SDK,其他外部来源,2,1,2,1,0,0.35,1.04
https://developer.open-douyin.com/forum/question/post/65e545b4c31066b725ff0c75,developer.open-douyin.com,【技术篇】精选问答集锦(2024-3) - 其他 - 抖音开放平台,其他外部来源,2,1,2,1,0,0.35,1.04
https://developer.open-douyin.com/m/docs/resource/zh-CN/local-life/develop/OpenAPI/general-capabilities/life.capacity.shop/auth_with_bind,developer.open-douyin.com,能力授权& 门店绑定SDK,其他外部来源,2,1,2,1,0,0.35,1.04
https://developer.open-douyin.com/m/docs/resource/zh-CN/local-life/solution/industry-solutions/clue-management-solution,developer.open-douyin.com,线索管理解决方案,其他外部来源,2,1,2,1,0,0.35,1.04
https://developer.open-douyin.com/m/docs/resource/zh-CN/thirdparty/overview-guide/smallprogram/permissions,developer.open-douyin.com,授权权限集说明,其他外部来源,2,1,2,1,0,0.35,1.04
https://developer.open-douyin.com/service-market/common-agreement/market-usage-notice,developer.open-douyin.com,服务市场 - 协议,其他外部来源,2,1,2,2,0,0.35,2.08
https://douchacha.com/article/details/nwmomiub.html,douchacha.com,抖音选品踩过100个坑后，我总结了这套数据驱动的爆品筛选法,其他外部来源,2,1,2,1,0,0.35,1.04
https://dsp.feigua.cn/home/Product,dsp.feigua.cn,飞瓜数据-抖音电商与直播大数据分析平台-feigua.cn,企业官网/工具平台,2,1,2,2,0,0.35,2.08
https://dy.feigua.cn/?chl=0111shuju3,dy.feigua.cn,飞瓜数据-抖音电商与直播大数据分析平台-feigua.cn,企业官网/工具平台,2,1,2,2,0,0.35,2.08
https://dy.feigua.cn/Home/Price?chl=www.xiguaji.com,dy.feigua.cn,产品价格-飞瓜数据-抖音电商与直播大数据分析平台-feigua.cn,企业官网/工具平台,2,1,2,2,0,0.35,2.08
https://dy.feigua.cn/help/detail/4/103.html,dy.feigua.cn,【飞瓜数据】电商分析常见问题汇总-帮助中心-抖音电商与直播大数据分析平台-feigua.cn,企业官网/工具平台,2,1,2,2,0,0.35,2.08
https://dy.feigua.cn/help/detail/9/828.html,dy.feigua.cn,直播详情升级、视频作品新增播率/种草指数-帮助中心-抖音电商与直播大数据分析平台-feigua.cn,企业官网/工具平台,2,1,2,1,0,0.35,1.04
https://dy.feigua.cn/help/detail/9/866.html,dy.feigua.cn,【竞品分析】如何使用 品牌/小店 相关功能?-帮助中心-抖音电商与直播大数据分析平台-feigua.cn,企业官网/工具平台,2,1,2,2,0,0.35,2.08
https://dy.feigua.cn/home/Product?chl=zhitou,dy.feigua.cn,飞瓜数据-抖音电商与直播大数据分析平台-feigua.cn,企业官网/工具平台,2,1,2,2,0,0.35,2.08
https://feigua.cn/act/6th,feigua.cn,飞瓜数据-短视频直播电商数据分析平台-feigua.cn,企业官网/工具平台,2,1,2,1,0,0.35,1.04
https://feishu.cn/content/article/7582904528077917408,feishu.cn,告别“赌爆款”：飞书多维表格+AI，打造电商营销流程全闭环,字节/头条系其他,2,1,2,2,0,0.35,2.08
https://feishu.cn/customers/flowcharge,feishu.cn,福儒昌聚:本地生活企业结合飞书进行数字智能化的管理革新,字节/头条系其他,2,1,2,1,0,0.35,1.04
https://feishu.cn/marketing/base_ecommerce2,feishu.cn,飞书 多维 表格 ， 把 电商 爆款 从 “ 赌 ” 变 “ 造 ”,字节/头条系其他,2,1,2,2,0,0.35,2.08
https://file.digitaling.com/eImg/uimages/20211109/1636431320874921.pdf,file.digitaling.com,巨量算数产品应用手册 「营销从业者篇」 Product Application Handbook,其他外部来源,2,1,2,2,0,0.35,2.08
https://fuwu.jinritemai.com/03,fuwu.jinritemai.com,抖店服务市场,字节/头条系其他,2,1,2,2,0,0.35,2.08
https://fuwu.jinritemai.com/decodeManage,fuwu.jinritemai.com,抖店服务市场,字节/头条系其他,2,1,2,2,0,0.35,2.08
https://fuwu.jinritemai.com/detail?service_id=23208,fuwu.jinritemai.com,抖店服务市场-服务详情,字节/头条系其他,2,1,2,2,0,0.35,2.08
https://fuwu.jinritemai.com/providerHomepage?id=3905880770481688,fuwu.jinritemai.com,抖店服务市场-服务商主页,字节/头条系其他,2,1,2,2,0,0.35,2.08
https://guandata.com/gy/post/3VFKlVKJ.html,guandata.com,多平台电商数据抓取与处理难题?观远BI为你提供一站式解决方案-观远数据BI平台,其他外部来源,2,1,2,2,0,0.35,2.08
https://guandata.com/gy/post/Lrh3UpID.html,guandata.com,对接抖音美团后台数据分析哪家BI好:观远BI多平台数据整合方案-观远数据BI平台,其他外部来源,2,1,2,2,0,0.35,2.08
https://guoji.pro/,guoji.pro,果集 - 社交媒体全链路服务商,其他外部来源,2,1,2,1,0,0.35,1.04
https://guoji.pro/?chl=zhigua,guoji.pro,果集 - 社交媒体全链路服务商,其他外部来源,2,1,2,2,0,0.35,2.08
https://h5.qingdou.vip/app/help-center,h5.qingdou.vip,帮助中心-轻抖,其他外部来源,2,1,2,2,0,0.35,2.08
https://help.archive.com/en/articles/13424138-tiktok-data-limitations-rounded-metrics-and-gmv-availability,help.archive.com,TikTok Data Limitations: Rounded Metrics and GMV Availability,其他外部来源,2,1,2,2,0,0.35,2.08
https://iesdouyin.com/share/video/6946952250635996446,iesdouyin.com,做直播带货一定要下载的五个APP，哪个你没用过？#直播带货 #直播电商 #直播工具 #巨量课堂 @DOU+小助手,抖音视频,2,1,2,2,0,0.35,2.08
https://iesdouyin.com/share/video/6979920332526292265,iesdouyin.com,#创作灵感 如何查看同行大V的完播率？教你这个方法，赶紧点赞收藏吧！#抖音运营小技巧 #郑州抖音运营,抖音视频,2,1,2,1,0,0.35,1.04
https://iesdouyin.com/share/video/7007327302283431204,iesdouyin.com,数据不一致，你的问题在这里吗？（中）#电商干货 @DOU+小助手,抖音视频,2,1,2,2,0,0.35,2.08
https://iesdouyin.com/share/video/7030370310557928734,iesdouyin.com,很多人不知道的，爆款视频预测工具#短视频运营 #短视频带货 #干货 #网红飞流,抖音视频,2,1,2,1,0,0.35,1.04
https://iesdouyin.com/share/video/7041874733540887840,iesdouyin.com,@巨量千川 听说算数配千川，生意更简单？#巨量算数 #巨量千川,抖音视频,2,1,2,2,0,0.35,2.08
https://iesdouyin.com/share/video/7052660254525394187,iesdouyin.com,免费使用？官方平台？和其他第三方机构比，我们回答了这两个问题！#抖音 #创作有数 #巨量算数 #干货 #随拍,抖音视频,2,1,2,1,0,0.35,1.04
https://iesdouyin.com/share/video/7054871103117823235,iesdouyin.com,竞品分析题标准答案，脑图都有了，还不看吗？哈哈！#求职 #竞品分析 #抖音 #小破站 #小红书,抖音视频,2,1,2,1,0,0.35,1.04
https://iesdouyin.com/share/video/7058079533475400997,iesdouyin.com,抖音小店无货源巨量算数选品方法#抖音小店 #抖店 #抖音电商创业,抖音视频,2,1,2,2,0,0.35,2.08
https://iesdouyin.com/share/video/7082679005811395853,iesdouyin.com,直播带货怎么看数据~#抖音电商达人知识分享 #百应怎么用 @抖音电商作者成长,抖音视频,2,1,2,2,1,0.35,2.08
https://iesdouyin.com/share/video/7088559457541655815,iesdouyin.com,官方工具：巨量算数、巨量创意、抖音热点宝、巨量百应，不仅好用还免费，说白了，这就是信息差！,抖音视频,2,1,2,2,0,0.35,2.08
https://iesdouyin.com/share/video/7110175153832611080,iesdouyin.com,豆荚复盘神器，1分钟教会你们使用，不会复盘等于不会投#短视频运营 #流量运营全逻辑 #个人ip #投豆荚 #代同学教你投,抖音视频,2,1,2,2,0,0.35,2.08
https://iesdouyin.com/share/video/7154278924019633443,iesdouyin.com,生意参谋市场洞察 飞瓜数据.蝉妈妈数据 考古家.灰豚数据.抖查查数据大全需要留言,抖音视频,2,1,2,1,0,0.35,1.04
https://iesdouyin.com/share/video/7162092466575920398,iesdouyin.com,同行短视频到底投没投放？是玩短视频还是直播间？一个功能告诉你！#直播带货 #电商直播 #电商创业 #抖音电商达人知识分享 #羽川运营笔记 @抖音电商作者成长,抖音视频,2,1,2,1,0,0.35,1.04
https://iesdouyin.com/share/video/7163483220946799886,iesdouyin.com,巨量 千川 让 直播 间 爆量 是 玄学 嘛 ？ 讲究 科学 才 是 解法 ！ # 巨量 引擎 # 抖音 带 货 的 热 知识,抖音视频,2,1,2,1,0,0.35,1.04
https://iesdouyin.com/share/video/7189564027683540264,iesdouyin.com,抖音官方又出新工具了，抖音灵机，直播数据平台#运营 #项目 #直播,抖音视频,2,1,2,1,0,0.35,1.04
https://iesdouyin.com/share/video/7204869250484342072,iesdouyin.com,短视频带货，1分钟学会如何查看视频出单明细。#短视频带货 #抖音带货 #抖音运营小技巧 #抖音电商达人知识分享,抖音视频,2,1,2,1,0,0.35,1.04
https://iesdouyin.com/share/video/7211446412712742201,iesdouyin.com,抖音小店看同行店铺数据的方法#抖音小店 #抖店运营 #电商创业 #新手开网店 #抖店干货,抖音视频,2,1,2,2,0,0.35,2.08
https://iesdouyin.com/share/video/7219973071720058169,iesdouyin.com,用视频指数决定投放潜力 #巨量算数 #巨量课堂 #产品运营技能,抖音视频,2,1,2,1,0,0.35,1.04
https://iesdouyin.com/share/video/7305759514098142490,iesdouyin.com,账号不推流了，教你如何检测并解决问题 #账号运营#抖音创作者中心#粉丝数据分析 #自媒体运营 #干货分享  #上热门@DOU+小助手 @DOU+上热门 @抖音小助手,抖音视频,2,1,2,2,0,0.35,2.08
https://iesdouyin.com/share/video/7312275587710700836,iesdouyin.com,选品思路#2024抖音电商年度好课大赛 #抖音小店运营 @抖音小助手 @DOU+小助手,抖音视频,2,1,2,1,0,0.35,1.04
https://iesdouyin.com/share/video/7325399178635480354,iesdouyin.com,抖 查查 太 好用 啦 ！ 抖 查查 是 短 视频 直播 电商 大 数据 分析 平台 ， 直播 流量 大盘 数据 ， 直播 数据 详情 ， 直播 商品 详情 ， 短 视频 直播 数据 分析 追踪 流量 趋势 ， 提供 热门 视频 、 音乐 、 爆款 商品 、 优质 账号 及 短 视频 数据 工具 ， 短 视频 带 货 数据 平台 助力 短 视频 电商 运营 内容 定位 、 粉丝 增长 、 粉丝 画,抖音视频,2,1,2,2,0,0.35,2.08
https://iesdouyin.com/share/video/7354739686151097651,iesdouyin.com,今天一条视频带大家拆解我们同城直播的数据大屏 #本地生活 #同城直播 #团购直播 #王欢欢的运营课,抖音视频,2,1,2,2,0,0.35,2.08
https://iesdouyin.com/share/video/7356606934440594688,iesdouyin.com,#账号 不#推流 了怎么办？#流量,抖音视频,2,1,2,1,0,0.35,1.04
https://iesdouyin.com/share/video/7358303648541150475,iesdouyin.com,分享一个抖音新出的功能，同行的月销售额以及视频数量#短视频带货 #新人如何做抖音 #自媒体干货 #带货达人,抖音视频,2,1,2,2,0,0.35,2.08
https://iesdouyin.com/share/video/7392221648281193764,iesdouyin.com,蝉妈妈考古加飞瓜哪个精准一些  蝉妈妈数据准确吗#抖音数据中心yyds #蝉妈妈 #考古加,抖音视频,2,1,2,2,0,0.35,2.08
https://iesdouyin.com/share/video/7411452423484542220,iesdouyin.com,直播回放怎么看别人的 直播完了想看复盘今天教你查看复盘和回放的教程#直播回放怎么看别人的 #怎么看别人的直播回放 #怎么看直播回放别人 #怎么看回放 #直播回放,抖音视频,2,1,2,2,0,0.35,2.08
https://iesdouyin.com/share/video/7418807611530824997,iesdouyin.com,运营 盯 盘 都 看 什么 数据 复盘 都 看 什么 数据 仅 供 参考 # 电商 运营 # 抖音 直播,抖音视频,2,1,2,1,0,0.35,1.04
https://iesdouyin.com/share/video/7486749684522880295,iesdouyin.com,蝉妈妈和飞瓜数据哪个更精准，飞瓜数据和考古加，抖查查，哪个好用一些。飞瓜数据数据更精准，飞瓜数据哪个版本好，飞瓜数据怎么看直播间付费流量来源分析。#飞瓜数据 #抖音投流 #抖音数据中心yyds,抖音视频,2,1,2,2,0,0.35,2.08
https://iesdouyin.com/share/video/7493852076141841704,iesdouyin.com,抖店电商罗盘数据和财务数据核对不上！！！ 财务核算的数据和电商罗盘核对不上一般是几个原因，口径问题，数据统计问题  #电商运营 #抖店对账 #电商财务 #电商会计,抖音视频,2,1,2,2,0,0.35,2.08
https://iesdouyin.com/share/video/7502443130521881916,iesdouyin.com,这个工具竟然可以看平台后台数据#卢大帅#视频号 #电商人 #电商创业,抖音视频,2,1,2,2,0,0.35,2.08
https://iesdouyin.com/share/video/7546494135064071464,iesdouyin.com,查抖音数据哪个平台好用，蝉妈妈数据，考古加数据，灰豚数据，第三方数据平台，查抖音数据的平台都有哪些，哪个平台哥，哪个好用#蝉妈妈#考古加数据#灰豚数据#数据分析#会员版本,抖音视频,2,1,2,2,0,0.35,2.08
https://iesdouyin.com/share/video/7550633539881880891,iesdouyin.com,查看 作品 数据 # 作品 数据 # 如何 查看 作品 数据 ？ # 知识 分享 # 金光闪闪,抖音视频,2,1,2,1,2,0.35,1.04
https://iesdouyin.com/share/video/7557034916535569721,iesdouyin.com,非常有用的技巧！如何查看直播回放 #杭州直播培训基地#杭州直播基地#杭州直播电商培训基地#杭州直播培训#直播培训,抖音视频,2,1,2,1,0,0.35,1.04
https://iesdouyin.com/share/video/7560629597667069227,iesdouyin.com,有了这个功能同行的数据在我面前裸奔！#抖店运营  #干货都在这 #电商 #抖音小店 #抖店,抖音视频,2,1,2,1,1,0.35,1.04
https://iesdouyin.com/share/video/7561315307031203106,iesdouyin.com,抖店快速起店新功能，可以查看同行店铺数据和爆款商品。同行跟卖功能，有助于精准选品，节省时间，提高效率！#电商 #新手开网店 #电商干货 #抖店运营 #抖店,抖音视频,2,1,2,2,0,0.35,2.08
https://iesdouyin.com/share/video/7562140921010113828,iesdouyin.com,直播间标签自查加精准验证实测方法 #千川投放技巧 #直播运营 #直播间标签 #千川运营 #千川干货分享,抖音视频,2,1,2,2,0,0.35,2.08
https://iesdouyin.com/share/video/7563250498619378953,iesdouyin.com,抖店后台新增加的功能，可查看同行店铺商品销售数据和渠道，老店一定要关闭，新店记得一定要去看#抖店 #抖店运营 #飞瓜智星 #抖店干货 #达人分销,抖音视频,2,1,2,2,0,0.35,2.08
https://iesdouyin.com/share/video/7564974655187586341,iesdouyin.com,#上热门 #知识分享 #经验分享 #干货分享 #实用小技巧,抖音视频,2,1,2,1,0,0.35,1.04
https://iesdouyin.com/share/video/7566147264336006437,iesdouyin.com,账号没违规却不推流，你就查这四步#美业人 #美业 #佰草慕 #账号运营 #短视频运营,抖音视频,2,1,2,1,0,0.35,1.04
https://iesdouyin.com/share/video/7566556544440847616,iesdouyin.com,抖店新出的功能千万别大意了。#抖店 #抖店运营 #抖店干货 #电商 #抖音小店,抖音视频,2,1,2,2,0,0.35,2.08
https://iesdouyin.com/share/video/7566621160215088399,iesdouyin.com,# 短 视频 运营 # 自 媒体,抖音视频,2,1,2,1,0,0.35,1.04
https://iesdouyin.com/share/video/7581117045577983867,iesdouyin.com,一、快速确认款（10秒自查，秒懂结果）   1. 打开抖音→点“我”→进“电商带货”→选“视频管理”→点击对应视频标题，下滑查看投流数据，有金额、曝光量等信息就是已投流，无则未投。   2. 视频页点,抖音视频,2,1,2,1,0,0.35,1.04
https://iesdouyin.com/share/video/7592948065830746235,iesdouyin.com,全新的截流选品方法#干货分享 #电商#抖店#无货源,抖音视频,2,1,2,2,0,0.35,2.08
https://iesdouyin.com/share/video/7594317606414534882,iesdouyin.com,蝉妈妈数据分析平台，原来同行做的爆款视频都是这样选品的？#选品#爆款视频#蝉妈妈数据分析#蝉妈妈数据会员#找商品,抖音视频,2,1,2,1,0,0.35,1.04
https://iesdouyin.com/share/video/7595057376660940901,iesdouyin.com,用这个工具查抖音数据也太香了吧！用灰豚数据查抖音数据 用这个工具查抖音数据也太香了吧！用灰豚数据查抖音数据，灰豚数据可以查抖音达人，视频，直播，小店，品牌#灰豚数据#灰豚#抖音数据#灰豚会员#灰豚数据,抖音视频,2,1,2,2,0,0.35,2.08
https://iesdouyin.com/share/video/7599598263935149297,iesdouyin.com,突然断流五个原因#抖店 #抖音小店 #电商运营 #抖店运营,抖音视频,2,1,2,2,0,0.35,2.08
https://iesdouyin.com/share/video/7599938568357678386,iesdouyin.com,"揭秘如何识别假数据 这个世界已经够虚幻了，至少在判断价值的时候，让我们清醒一点。
希望这个简单的小方法，能帮你避开90%的“大V”骗局。
#自媒体 #短视频 #会做号的东箭",抖音视频,2,1,2,1,0,0.35,1.04
https://iesdouyin.com/share/video/7602974968179166474,iesdouyin.com,"8分钟一口气讲清楚 如何学会账号诊断（喂饭版教程） 含抖音、小红书、视频号三个平台的创作者查询入口 及数据分析…
#自媒体 #短视频运营 #经验分享 #求职 #抖音精选",抖音视频,2,1,2,2,0,0.35,2.08
https://iesdouyin.com/share/video/7607247051042494281,iesdouyin.com,抖音周报模板表格 #抖店 #电商周报,抖音视频,2,1,2,1,0,0.35,1.04
https://iesdouyin.com/share/video/7608497878838824192,iesdouyin.com,电商作者政策解读，2026平台有哪些新变化？ #2026 #政策 #抖音新政策 #新政策 #抖音电商学习中心,抖音视频,2,1,2,2,0,0.35,2.08
https://iesdouyin.com/share/video/7609626591458544896,iesdouyin.com,短视频有流量，但是没有转化，核心就3个字：错位了#短视频干货 #认知 #创始人IP #文斐的IP思维,抖音视频,2,1,2,1,0,0.35,1.04
https://iesdouyin.com/share/video/7616297299316067634,iesdouyin.com,#带货 如何找到带货爆款视频？#蝉选星星 #干货分享 #抖音知识 #短视频运营,抖音视频,2,1,2,2,0,0.35,2.08
https://iesdouyin.com/share/video/7618257172581122169,iesdouyin.com,所有做短视频频带货和直播的姐妹，有了这个小工具，真的事半功倍 #灰豚数据#选品工具#短视频带货工具,抖音视频,2,1,2,2,0,0.35,2.08
https://iesdouyin.com/share/video/7619266807564636131,iesdouyin.com,飞书多维表自动同步某音数据，复盘省一半时间✌️#飞书多维表格 #抖音数据同步 #自媒体复盘 #数据自动化 #反卷神器,抖音视频,2,1,2,1,0,0.35,1.04
https://iesdouyin.com/share/video/7621508043674568697,iesdouyin.com,还在手动填数据？飞书多维表格一键同步某音数据 #飞书多维表格 #抖音数据同步 #运营神器 #数据分析 #偷懒小技巧,抖音视频,2,1,2,2,0,0.35,2.08
https://iesdouyin.com/share/video/7624667953632037563,iesdouyin.com,你的流量是不是突然断崖式下滑？ 别再怪平台限流，真正原因就三个：   第一，内容质量波动，前后作品水平差距太大，算法直接判定你不稳定，不给推流； 第二，隐性违规、擦边、用词敏感，自己没察觉，却被系统悄悄降权； 第三，受众审美疲劳，老拍同一套内容，用户看腻了，完播率直接崩盘。   抖音精选逻辑从来都是：内容稳、不踩雷、有新意，流量才会稳。 找准问题及时调整，很快就能拉回流量池。#抖音运营干货 #抖音,抖音视频,2,1,2,1,0,0.35,1.04
https://iesdouyin.com/share/video/7626197351121071973,iesdouyin.com,你的流量起不来，很可能变成僵尸号了，怎么来看，详细教程了#赚钱 #抖音运营,抖音视频,2,1,2,1,0,0.35,1.04
https://iesdouyin.com/share/video/7626340967268562534,iesdouyin.com,干新媒体，9大平台数据分析工具。干新媒体，9大平台数据分析工具你得知道 今天给大家总结了各大新媒体平台数据分析工具，不仅有单个平台专门的数据工具，也有多平台数据工具,抖音视频,2,1,2,2,0,0.35,2.08
https://iesdouyin.com/share/video/7628437785876650074,iesdouyin.com,视频号官方免费的数据工具有哪些？ #视频号 #视频号运营技巧 #视频号运营技巧 #视频号工具 #视频号数据,抖音视频,2,1,2,2,0,0.35,2.08
https://iesdouyin.com/share/video/7629705658766506853,iesdouyin.com,了解直播中控工作流程，新手三天变老手！ #直播中控#直播运营,抖音视频,2,1,2,2,0,0.35,2.08
https://iesdouyin.com/share/video/7629764272255908273,iesdouyin.com,如何查看对标账号的流量来源以及带货数据#电商#干货分享#直播带货,抖音视频,2,1,2,2,0,0.35,2.08
https://iesdouyin.com/share/video/7633335267818016009,iesdouyin.com,"每期节目上线后，运营团队需要从各个平台导出数据，手动整理成报表，这个过程往往要花上大半天。影视飓风通过飞书多维表格AI生成仪表盘& AI 问数、数据分析功能功能，重构了数据运营体系。

#飞书  #飞书多维表格  #影视飓风  #AI",抖音视频,2,1,2,1,0,0.35,1.04
https://iesdouyin.com/share/video/7637030261821066548,iesdouyin.com,新手做抖音如何查看同行数据 #沈阳短视频拍摄团队#沈阳短视频拍摄#沈阳短视频代运营#沈阳短视频代运营公司#短视频获客引流,抖音视频,2,1,2,2,0,0.35,2.08
https://iesdouyin.com/share/video/7637188653806887025,iesdouyin.com,6个方法+5个工具，帮你快速找对标账号。#创作者扶持计划 #创作灵感上热门 #对标账号 #新媒体运营 #自媒体干货,抖音视频,2,1,2,2,0,0.35,2.08
https://iesdouyin.com/share/video/7643367813935666149,iesdouyin.com,复盘的工具，越简单越好。复盘是提升效率的关键，无需复杂工具，一张纸、一支笔、手机备忘录或闹钟即可。 复盘四问：做了什么？为什么这么做？做得怎么样？下一步怎么做？ 坚持复盘，让思考更专注，行动更高效。,抖音视频,2,1,2,1,0,0.35,1.04
https://iesdouyin.com/share/video/7647501224660733614,iesdouyin.com,真觉得每个数据都有它的意义，多花点时间研究准没错～  #信息差的重要性 #短视频带货 #复盘 #打破信息差壁垒 #车内唠嗑日常,抖音视频,2,1,2,1,0,0.35,1.04
https://iesdouyin.com/share/video/7651089892428399082,iesdouyin.com,教老婆做抖店第15天，如何挖掘潜力爆品#抖店运营 #抖店干货,抖音视频,2,1,2,1,0,0.35,1.04
https://iesdouyin.com/share/video/7651513381119366902,iesdouyin.com,电商运营怎么查对标小店商品动销数据？#对标小店 #对标小店商品动销数据 #店铺运营技巧,抖音视频,2,1,2,1,0,0.35,1.04
https://iesdouyin.com/share/video/7652194889098222719,iesdouyin.com,怎么查竞品上新节奏跟动销？#竞品上新节奏 #竞品分析 #竞品动销 #蝉妈妈查数据,抖音视频,2,1,2,1,0,0.35,1.04
https://iesdouyin.com/share/video/7654851837543151865,iesdouyin.com,电商运营如何用蝉妈妈复盘抖音直播？#直播复盘 #蝉妈妈直播 #直播复盘总结,抖音视频,2,1,2,1,0,0.35,1.04
https://iesdouyin.com/share/video/7657945682644376997,iesdouyin.com,你经历过流量断崖式下跌吗？ 流量突然断崖式下跌，到底该怎么回流？其实问题可能出在这4个地方，对号入座就能找到自救方法～ #流量 #播放量 #抖音干货 #抖音运营 #限流,抖音视频,2,1,2,1,0,0.35,1.04
https://iesdouyin.com/share/video/7658228641637439808,iesdouyin.com,用蝉妈妈看对标达人数据，用蝉妈妈找达人，找商品，找直播数据 用蝉妈妈看对标达人数据，用蝉妈妈找达人，找商品，找直播数据，蝉妈妈数据，蝉妈妈会员#蝉妈妈#蝉妈妈会员#蝉妈妈数据#找达人#直播数据,抖音视频,2,1,2,2,0,0.35,2.08
https://iesdouyin.com/share/video/7658296423682805007,iesdouyin.com,"直播 运营 面试 必 答 数据 指标 面试 被 问 直播 重点 看 哪些 数据 ， 别 只 说 GMV 和 ROI ！ 资深 运营 分层 复盘 思路 ， 从 流量 结构 、 承接 能力 再 到 转化 结果 逐层 拆解 ， 逻辑 清晰 拿 捏 面试 官 。 
 # 直播 运营 # 面试 答题 # 直播 复盘 # 运营 干货 # 数据 分析",抖音视频,2,1,2,1,0,0.35,1.04
https://iesdouyin.com/share/video/7659299411244652998,iesdouyin.com,运营怎么查抖音直播行业均值？#直播行业均值 #直播行业 #蝉妈妈查直播,抖音视频,2,1,2,1,0,0.35,1.04
https://iesdouyin.com/share/video/7659354061480942144,iesdouyin.com,电商运营如何做数据分析?重点看哪些数据？#电商运营知识分享 #店铺转化率 #电商知识点总结 #从业避坑指南,抖音视频,2,1,2,1,0,0.35,1.04
https://iesdouyin.com/share/video/7659354485668433524,iesdouyin.com,电商运营如何做数据分析?重点看哪些数据？#店铺转化率 #电商知识点总结 #电商运营数据 #电商知识问答,抖音视频,2,1,2,1,0,0.35,1.04
https://iesdouyin.com/share/video/7659668698222923046,iesdouyin.com,day62：新手如何选品？抖店爆品挖掘进阶指南来了 #新手开网店 #电商干货 #电商创业 #抖店 #选品,抖音视频,2,1,2,1,0,0.35,1.04
https://iesdouyin.com/share/video/7660052428334599476,iesdouyin.com,2026抖音来客后台功能详细讲解 2026年7月最新录制抖音来客后台功能详细讲解视频，有什么疑问都可以在视频下方留言。#抖音来客 #抖音来客后台,抖音视频,2,1,2,1,0,0.35,1.04
https://iesdouyin.com/share/video/7660454791105088777,iesdouyin.com,电商知识之选品就是看数据。#电商经验分享 #00后电商创业 #电商小白入门 #我的电商之路,抖音视频,2,1,2,1,0,0.35,1.04
https://iesdouyin.com/share/video/7662396117313945935,iesdouyin.com,品牌 方和 媒介 筛选 账号 肯定 是 要看 整体 的 数据 ， 包括 男女 粉 占 比 ， 粉丝 画像 ， 八大 人群 占 比 ， 商品 看 后 搜 等等 。 大家 可以 根据 这些 去 调整 自己 的 视频 内容 ， 账号 有 商业 价值 才 会 有 变现 能力 哦 ！ # 普通人 做 自 媒体 # 真实 生活 分享 计划 # 自 媒体 赛道 # 豆荚 上 热门,抖音视频,2,1,2,1,0,0.35,1.04
https://iesdouyin.com/share/video/7664568499880201472,iesdouyin.com,"如何用AI做有效复盘？ AI做自媒体全流程系列
#AI工具 #Agent #vibecoding大赏  #ai新星计划  @抖音科技",抖音视频,2,1,2,1,0,0.35,1.04
https://iesdouyin.com/share/video/7664867155700431473,iesdouyin.com,抖音直播数据复盘怎么做？Q1: 抖音直播数据监测工具，核心要盯住哪些流量数据？  A1: 复盘直播时，只看总场观是远远不够的，核心是拆解流量结构，看流量从哪来、来了多少、留没留住。艾瑞咨询在2023年,抖音视频,2,1,2,1,0,0.35,1.04
https://iesdouyin.com/share/video/7665235777676924645,iesdouyin.com,抖音直播数据查哪里？三步搞定大盘、自身与复盘 Q1: 抖音直播数据在哪查 A1: 第一步看大盘风向，用抖音电商罗盘查看官方人气榜、带货榜和小时榜，了解行业热度。  Q2: 抖音直播数据在哪查 A2:,抖音视频,2,1,2,1,0,0.35,1.04
https://iesdouyin.com/share/video/7665972779426469603,iesdouyin.com,Q1: 抖音商品销量数据怎么查 A1: 首选抖音电商罗盘，在你的后台可以直接查看店铺内商品的详细销量、转化率和访客数据，这是最权威的官方渠道。  Q2: 抖音商品销量数据怎么查 A2: 可以去抖音商品,抖音视频,2,1,2,2,0,0.35,2.08
https://iesdouyin.com/share/video/7665982164169636770,iesdouyin.com,复盘必看：直播回放和评论，高效分析方法揭秘 Q1: 直播结束后，回放从哪里找最全最方便？ A1: 最直接的渠道是抖音APP，可以去达人主页看“作品”栏，找到直播片段；但完整回放和详细数据，建议使用专业,抖音视频,2,1,2,1,0,0.35,1.04
https://iesdouyin.com/share/video/7666443017762376987,iesdouyin.com,直播大屏复盘怎么看？直播复盘看什么？ #主播培训 #主播培训唐sir #流量方舟 #直播复盘 #创业,抖音视频,2,1,2,2,0,0.35,2.08
https://iesdouyin.com/share/video/7667779779722784937,iesdouyin.com,同行店铺榜这个功能被严重低估了！对手的底牌看得一清二楚#截流选品 #店铺榜单 #抖店运营 #运营技巧 #电商干货,抖音视频,2,1,2,2,0,0.35,2.08
https://iesdouyin.com/share/video/7667884345843901642,iesdouyin.com,一条视频讲清楚 带货主播要看那些直播数据 才能找到问题 #带货主播 #直播带货 #主播培训 #直播技巧,抖音视频,2,1,2,1,0,0.35,1.04
https://iesdouyin.com/share/video/7668878330674030955,iesdouyin.com,#带货#视频带货#直播带货#图文带货#抖音带货,抖音视频,2,1,2,2,0,0.35,2.08
https://iesdouyin.com/share/video/7669404712840248719,iesdouyin.com,#短视频运营 #实体店引流 #个人ip #自媒体,抖音视频,2,1,2,1,0,0.35,1.04
https://iesdouyin.com/share/video/7669585876490733386,iesdouyin.com,#数据分析 #短视频干货#爆款逻辑#自媒体工具#抖音运营,抖音视频,2,1,2,2,0,0.35,2.08
https://iesdouyin.com/share/video/7671643466158314368,iesdouyin.com,抖音知识分享，你不知道的事 #抖音核对怎么解决 你如果能解决，你就成功了一半了,抖音视频,2,1,2,1,2,0.35,1.04
https://iesdouyin.com/share/video/7673344395123210083,iesdouyin.com,抖音选品看哪些数据？蝉妈妈3步锁定爆款。Q1: 抖音电商选品，重点需要查看哪些数据维度来验证市场潜力？ A1: 选品先看类目大盘与SPU聚合表现，避免被单链接虚假繁荣误导。 ①看市场规模与结构：不要只,抖音视频,2,1,2,1,0,0.35,1.04
https://iesdouyin.com/share/video/7673357552154955027,iesdouyin.com,不干几个月商务都发现不了这个问题~ #达人分销  #抖音电商 #抖店运营技巧 #商务BD #超级商务,抖音视频,2,1,2,1,0,0.35,1.04
https://iesdouyin.com/share/video/7674092955652672822,iesdouyin.com,少看数据，多看用户！ #电商 #数据陷阱 #用户思维 #运营经验 #避坑,抖音视频,2,1,2,1,0,0.35,1.04
https://iesdouyin.com/share/video/7674261870408188073,iesdouyin.com,抖音文章,抖音视频,2,1,2,1,0,0.35,1.04
https://iesdouyin.com/share/video/7674638780187462099,iesdouyin.com,账号不推流？做完这四步，涨粉不是问题 #分享你的抖音技巧吧 #自媒体干货#新手做抖音#涨粉#抖音不推流,抖音视频,2,1,2,1,0,0.35,1.04
https://iesdouyin.com/share/video/7675747560938515630,iesdouyin.com,#干货分享  #短视频带货 #带货达人 #天选带货人 #电商带货,抖音视频,2,1,2,2,0,0.35,2.08
https://iesdouyin.com/share/video/7675964371793549486,iesdouyin.com,抖音来客竟然可以看到同行数据 竟然可以直接看到同行数据，美业老板一定要点赞收藏#美业#抖音来客#生意经 #美业人,抖音视频,2,1,2,2,0,0.35,2.08
https://iesdouyin.com/share/video/7676750152228715625,iesdouyin.com,电商运营面试，店铺流量断崖式的下滑要如何排查原因 #求职 #面试 #找工作 #电商运营 #大厂,抖音视频,2,1,2,1,0,0.35,1.04
https://iesdouyin.com/share/video/7676928551236894074,iesdouyin.com,宠物带货 丢单是啥原因呢 有时候抖音跟三方软件发现出单数量对不上 原来是这样#宠物短视频带货 #宠物带货 #宠物短视频运营 #宠物短视频拍摄教程 #宠物博主,抖音视频,2,1,2,1,0,0.35,1.04
https://iesdouyin.com/share/video/7677278972124105081,iesdouyin.com,做抖店别再被第三方数据坑了⚠️ 蝉妈妈上看的竞品GMV，跟后台真实数据能差5倍！  不是工具没用，是你没搞懂它的算法口径和统计盲区。  我是七数电商的地垫类目运营，拿自家店铺对账验证过的。  评论区扣,抖音视频,2,1,2,2,0,0.35,2.08
https://iesdouyin.com/share/video/7677501136500247860,iesdouyin.com,爆款不是碰运气，数据驱动选品成功率翻3倍 #抖音运营  #电商代运营  #智麦电商,抖音视频,2,1,2,1,2,0.35,1.04
https://iesdouyin.com/share/video/7677585475448077172,iesdouyin.com,新手小白做抖店 如何选品#新手开网店 #抖店运营 #电商干货 #抖音小店 #电商,抖音视频,2,1,2,1,0,0.35,1.04
https://iesdouyin.com/share/video/7677863865178382513,iesdouyin.com,蝴蝶号带货投流数据公开 如何查同行短视频带货投流数据 #短视频带货 #同行数据 #视频号带货 #投流 #自媒体创业,抖音视频,2,1,2,1,1,0.35,1.04
https://iesdouyin.com/share/video/7679061468348621695,iesdouyin.com,第四期 | 【复盘】带货主播应该知道的20个核心数据复盘！ #主播 #直播带货  #直播复盘 #直播数据#真实生活分享计划,抖音视频,2,1,2,2,0,0.35,2.08
https://iesdouyin.com/share/video/7680128739644050714,iesdouyin.com,3 场 直播 ， 在线 人数 翻 了 80 倍 ， 方法 全 公开 # 千川 投放 技巧 # 千川 运营 # 千川 代 投 # 直播 带 货,抖音视频,2,1,2,1,0,0.35,1.04
https://iesdouyin.com/share/video/7680825142607399525,iesdouyin.com,抖音竞品分析只靠后台？蝉妈妈3步拆解。Q1: 抖音竞品分析只靠后台够不够？如何获取全网对标数据？ A1: 仅靠抖店后台无法完成完整的竞品分析，因为后台仅展示自有店铺的经营数据，缺乏对竞争对手、行业大盘,抖音视频,2,1,2,2,0,0.35,2.08
https://iesdouyin.com/share/video/7680825682549771449,iesdouyin.com,抖音投放周报怎么看？千川投手3维复盘。Q1: 抖音投放周报核心看哪些素材指标？ A1: 周报复盘首要关注千川素材的跑量能力与生命周期，避免仅凭感觉选片。 ①去哪里看：进入蝉妈妈·创意模块，点击「找素材,抖音视频,2,1,2,1,0,0.35,1.04
https://iesdouyin.com/share/video/7680959152131714506,iesdouyin.com,找对标、学选品、找爆品、看数据 #短视频带货 #干货满满超实用 #带货 #对标 #爆品,抖音视频,2,1,2,1,0,0.35,1.04
https://iesdouyin.com/share/video/7681110630942816443,iesdouyin.com,直播间怎么分析数据？主要看四大维度！ 直播间怎么分析数据？主要看四大维度！#本地推 #直播间投流 #直播间小风车 #直播获客,抖音视频,2,1,2,1,0,0.35,1.04
https://iesdouyin.com/share/video/7681216702260801350,iesdouyin.com,第五期（下） | 8min超全！讲清楚巨量百应如何复盘！ #主播 #带货主播 #直播复盘 #直播数据 #直播运营,抖音视频,2,1,2,2,0,0.35,2.08
https://iesdouyin.com/share/video/7681556432893775130,iesdouyin.com,"做直播带货大佬必装的6个中控神器 做直播带货大佬必装的6个中控神器
做直播带货必装的6个中控神器，最后一个帮你省掉一个运营！智播魔方 / 飞瓜数据 / 蝉妈妈 / Seedance 2.0 / 磁力金",抖音视频,2,1,2,2,0,0.35,2.08
https://iesdouyin.com/share/video/7681656087150635688,iesdouyin.com,带 货 主播 如何 自己 看 大盘 数据 给 自己 复盘 ？ 1 . 人气 数据 ： 平均 停留 、 曝光 进入 率 、 互动 、 在线 波动 ， 判断 流量 承接 能力 2 . 电商 数据 ： 点击率 、 转化率 、 UV 价值 、 GPM 、 退款 率 ， 看 变现 能力 3 . 流量 结构 ： 自然 流 、 付费 占 比 ， 判断 账号 健康 度 4 . 复盘 直播 节奏 ： 抓 高 在线,抖音视频,2,1,2,1,0,0.35,1.04
https://iesdouyin.com/share/video/7684555963868712238,iesdouyin.com,电商财务实操课：抖店对账数据导出路径+知识库资料 #会计实操  #电商会计 #电商对账  #零基础学会计,抖音视频,2,1,2,2,0,0.35,2.08
https://iesdouyin.com/share/video/7684687012703838696,iesdouyin.com,抖店一键下单第三方工具合规吗？抖店自动下单软件风险大不大，会不会封号？顺带做抖店一键下单工具介绍、抖店一键下单软件推荐，聊聊抖店官方批量下单工具。@抖大侠  @抖音电商   #抖大侠一键下单  #抖大侠  #一键下单  #抖店软件  #一件代发软件,抖音视频,2,1,2,2,0,0.35,2.08
https://iesdouyin.com/share/video/7685940108348646521,iesdouyin.com,📊抖音直播明细查看方法 1️⃣打开巨量百应网页版 2️⃣点击经营，进入直播明细 ✅直播明细包含： •直播场次、开播时长 •曝光、观看人次 •流量渠道占比 •商品点击、购物袋点击 •GMV、订单数、支付人数 •退款数据、预估佣金 •转化漏斗各项比率 •单商品成交数据,抖音视频,2,1,2,2,0,0.35,2.08
https://iesdouyin.com/share/video/7686146070611864804,iesdouyin.com,#短视频带货 #带货技巧 #带货 #带货数据 #带货达人,抖音视频,2,1,2,2,0,0.35,2.08
https://iesdouyin.com/share/video/7686499593207598419,iesdouyin.com,抖音文章,抖音视频,2,1,2,1,0,0.35,1.04
https://iesdouyin.com/share/video/7686860530581114148,iesdouyin.com,一条视频讲清楚后台数据到底怎么看 #短视频 #自媒体 #运营 #抖音精选APP职场观察,抖音视频,2,1,2,2,1,0.35,2.08
https://iesdouyin.com/share/video/7687555111690502761,iesdouyin.com,抖音老客复购哪里看？罗盘3步查数据。Q1: 抖音直播间老客复购数据哪里看？ A1: 查看自家店铺的老客复购数据，首选官方后台【抖音电商罗盘】。具体路径为：登录罗盘，进入“直播”或“人群”模块，在“观众,抖音视频,2,1,2,1,0,0.35,1.04
https://iesdouyin.com/share/video/7687905452949044923,iesdouyin.com,在我这里全是实战 #全域 #千川 #直播运营 #全域电商 #电商运营,抖音视频,2,1,2,2,0,0.35,2.08
https://iesdouyin.com/share/video/7687944713445633765,iesdouyin.com,快看看你的单丢了没 #短视频带货 #丢单 #踩坑,抖音视频,2,1,2,2,1,0.35,2.08
https://iesdouyin.com/share/video/7688299546947006287,iesdouyin.com,不管流量如何，你都需了解的数据复盘。#短视频运营 #团购运营 #代运营 #实体获客 #人设,抖音视频,2,1,2,1,0,0.35,1.04
https://iesdouyin.com/share/video/7688645497631821092,iesdouyin.com,同行ROI别买工具查，官方后台免费三个入口 #千川#千川投放技巧#千川运营#直播#直播运营,抖音视频,2,1,2,2,0,0.35,2.08
https://iesdouyin.com/share/video/7688878544407055650,iesdouyin.com,"直播复盘总漏重点？用对工具效率翻倍。你是不是也遇到过这些问题——
*直播口播内容太多，回听录音总找不到关键信息？
*多人连麦对话，手动整理发言时谁说了啥根本分不清？
*复盘点一直在翻录音文件，耗时半天",抖音视频,2,1,2,1,0,0.35,1.04
https://iesdouyin.com/share/video/7689997006172966171,iesdouyin.com,直播复盘总漏重点？试试AI自动提炼。你是不是也有这种感受？辛辛苦苦做一场直播，结束后想复盘，结果回放视频动辄两三个小时，翻来覆去听，关键信息却记不全；团队协作更头疼，每个人记的笔记五花八门，整理出来像,抖音视频,2,1,2,1,0,0.35,1.04
https://iesdouyin.com/share/video/7690166601714388260,iesdouyin.com,查同行数据，三个入口免费 #千川#千川投放技巧#千川素材#千川代投,抖音视频,2,1,2,2,0,0.35,2.08
https://iesdouyin.com/share/video/7691878503479070321,iesdouyin.com,自媒体创作，数据忽高忽低正常吗？ #创作伙伴计划 #创作者中心 #创作灵感 有没有老铁最近作品流量不稳定？一起交流。,抖音视频,2,1,2,2,0,0.35,2.08
https://ifupan.com/home,ifupan.com,爱复盘-国内首款直播内容AI复盘工具,其他外部来源,2,1,2,2,0,0.35,2.08
https://improvado.io/blog/tiktok-business-analytics,improvado.io,TikTok Business Analytics: Complete Guide for Data-Driven Marketers in 2026,其他外部来源,2,1,2,2,0,0.35,2.08
https://jzl.com/news/166,jzl.com,抖音第三方查看数据软件怎么选?从官方到定制化工具全攻略,企业官网/工具平台,2,1,2,2,0,0.35,2.08
https://jzl.com/news/661,jzl.com,别让数据沉睡:解锁抖音增长密码，从看懂这一页开始,企业官网/工具平台,2,1,2,1,0,0.35,1.04
https://jzl.com/news/douyin-data-4,jzl.com,抖音数据分析工具和平台推荐:免费和付费哪个好?,企业官网/工具平台,2,1,2,2,0,0.35,2.08
https://jzl.com/news/douyin-data-70,jzl.com,抖音创作者中心怎么查看作品数据分析?入口路径与核心指标全攻略,企业官网/工具平台,2,1,2,1,0,0.35,1.04
https://kawo.com/cn/solutions/data-insights,kawo.com,更 全面 的 社交 媒体 数据 洞察 | kawo 科 握,其他外部来源,2,1,2,1,0,0.35,1.04
https://ks.feigua.cn/Help/HelpCenter?id=42,ks.feigua.cn,飞瓜数据快手版-帮助中心,企业官网/工具平台,2,1,2,1,0,0.35,1.04
https://ks.feigua.cn/Help/HelpCenter?id=62,ks.feigua.cn,飞瓜数据快手版-帮助中心,企业官网/工具平台,2,1,2,2,0,0.35,2.08
https://kwaixiaodian.com/index.html,kwaixiaodian.com,快手电商,其他外部来源,2,1,2,1,0,0.35,1.04
https://letschuhai.com/edeb11a8,letschuhai.com,抖音电商全球购，开辟海外商家跨境经营多元路径,其他外部来源,2,1,2,1,2,0.35,1.04
https://lifexue.com/knowledge/detail/136536?enter_method=search,lifexue.com,抖音生活服务-学习中心,其他外部来源,2,1,2,1,0,0.35,1.04
https://lobehub.com/mcp/kuhakucai-douyin-mcp,lobehub.com,douyin-mcp | MCP Servers · LobeHub,其他外部来源,2,1,2,2,0,0.35,2.08
https://m.bjnews.com.cn/detail/1791431194129426.html,m.bjnews.com.cn,AI回答出现商品卡，智推时代上线商品级监测功能,其他外部来源,2,1,2,2,0,0.35,2.08
https://m.chanmama.com/,m.chanmama.com,蝉妈妈数据 - 短视频生态数据服务平台,企业官网/工具平台,2,1,2,2,0,0.35,2.08
https://m.fastmoss.com/zh?lang=zh,m.fastmoss.com,FastMoss-TikTok短视频& 直播电商与达人营销一站式数据分析,其他外部来源,2,1,2,2,0,0.35,2.08
https://m.khmrest.cn/news/821f499174.html,m.khmrest.cn,抖音买卖网站抖音指数在哪里看得到?如何查看抖音指数-兔牙网,其他外部来源,2,1,2,2,0,0.35,2.08
https://m.kuai-ad.com/jd/9999.html,m.kuai-ad.com,产品上新|简单·智能·友好 磁力金牛升级版3.0来了!,其他外部来源,2,1,2,1,0,0.35,1.04
https://m.sohu.com/a/1015719190_122554258,m.sohu.com,抖音数据监测工具有哪些?第三方平台对比测评_场景_功能_接口,新闻/门户/自媒体,2,1,2,1,0,0.35,1.04
https://m.sohu.com/a/1057685349_122949247,m.sohu.com,抖店无货源必备运营工具大全 新手选型避坑不花冤枉钱_官方_订单_功能,新闻/门户/自媒体,2,1,2,1,0,0.35,1.04
https://m.sohu.com/a/1068378143_122634602,m.sohu.com,竞品监控指标怎么看?蝉妈妈拆解数据颗粒度差异_直播_流量_品牌,新闻/门户/自媒体,2,1,2,2,0,0.35,2.08
https://m.wandoujia.com/apps/8120321,m.wandoujia.com,蝉妈妈下载2026安卓最新版_手机app官方版免费安装下载_豌豆荚,其他外部来源,2,1,2,2,0,0.35,2.08
https://matrix.newrank.cn/article/article-detail/70943fda34844154,matrix.newrank.cn,横评5款矩阵管理工具!这款靠AI+全平台数据，帮运营省出半个人力(强推)_矩阵通,企业官网/工具平台,2,1,2,1,0,0.35,1.04
https://matrix.newrank.cn/article/article-detail/d86bece5d907489f,matrix.newrank.cn,几百个社媒账号考核数据如何自动生成?用什么系统替代人工填表?_矩阵通,企业官网/工具平台,2,1,2,1,0,0.35,1.04
https://megabant.com/third-party-vs-native-tiktok-analytics-dashboard-a-detailed-comparison-of-analytics-features-reporting-accuracy-data-access-and-performance-tracking,megabant.com,"Third-Party vs Native TikTok Analytics Dashboard: A Detailed Comparison of Analytics Features, Reporting Accuracy, Data Access, and Performance Tracking",其他外部来源,2,1,2,2,1,0.35,2.08
https://mip.pc6.com/s/170/1701953.html,mip.pc6.com,考古加免费版下载-考古加正版 安卓版v4.8.5-pc6手机下载,其他外部来源,2,1,2,1,0,0.35,1.04
https://niu.e.kuaishou.com/capital,niu.e.kuaishou.com,欢迎使用 - 磁力金牛,其他外部来源,2,1,2,1,0,0.35,1.04
https://niu.e.kuaishou.com/user-agreement,niu.e.kuaishou.com,磁力金牛官网-快手电商商家广告投放平台,其他外部来源,2,1,2,1,0,0.35,1.04
https://niu.e.kuaishou.com/welcome?__accountId__=23841787&redirectUrl=%2Fmanage,niu.e.kuaishou.com,磁力金牛官网-快手电商商家广告投放平台,其他外部来源,2,1,2,1,0,0.35,1.04
https://op.jinritemai.com/docs/guide-d/140/583,op.jinritemai.com,抖店开放平台,字节/头条系其他,2,1,2,2,0,0.35,2.08
https://op.jinritemai.com/docs/guide-docs/140/583,op.jinritemai.com,抖店开放平台,字节/头条系其他,2,1,2,2,0,0.35,2.08
https://op.jinritemai.com/docs/guide-docs/83/7320,op.jinritemai.com,抖店开放平台,字节/头条系其他,2,1,2,2,1,0.35,2.08
https://op.jinritemai.com/docs/guide-docs/84/6247?docLabel=,op.jinritemai.com,抖店开放平台,字节/头条系其他,2,1,2,2,0,0.35,2.08
https://open.oceanengine.com/docs/1763406675800128,open.oceanengine.com,获取今日直播数据-数据报表-商业开放平台,字节/头条系其他,2,1,2,2,0,0.35,2.08
https://open.oceanengine.com/docs/1844117189152843,open.oceanengine.com,直播间分析报表【新】-数据报表-商业开放平台,字节/头条系其他,2,1,2,1,0,0.35,1.04
https://open.oceanengine.com/labels/21/docs/1739047000991747,open.oceanengine.com,API接口 - 商业开放平台,字节/头条系其他,2,1,2,2,0,0.35,2.08
https://open.oceanengine.com/labels/41/docs/1812506430648330,open.oceanengine.com,应用如何申请账户授权-开始使用-商业开放平台,字节/头条系其他,2,1,2,1,0,0.35,1.04
https://open.oceanengine.com/labels/7/docs/1741387668314126?origin=left_nav,open.oceanengine.com,自定义报表-数据报表-商业开放平台,字节/头条系其他,2,1,2,2,0,0.35,2.08
https://open.oceanengine.com/mcp?app_id=1837698859935771,open.oceanengine.com,mcp 鉴权 - 商业 开放 平台,字节/头条系其他,2,1,2,2,0,0.35,2.08
https://open.oceanengine.com/register/protocol,open.oceanengine.com,Marketing API使用协议(开发者) - 商业开放平台,字节/头条系其他,2,1,2,1,0,0.35,1.04
https://partner.open-douyin.com/capacity-center-page/capacity-detail/7180550425647513661,partner.open-douyin.com,粉丝数据-抖音开放平台-服务商平台,其他外部来源,2,1,2,2,0,0.35,2.08
https://partner.open-douyin.com/docs/resource/zh-CN/dop/ability/open-data/get-user-info-solution,partner.open-douyin.com,用户信息_移动/网站应用_抖音开放平台,其他外部来源,2,1,2,1,0,0.35,1.04
https://partner.open-douyin.com/docs/resource/zh-CN/dop/ability/open-data/video-data-solution,partner.open-douyin.com,视频数据管理_移动/网站应用_抖音开放平台,其他外部来源,2,1,2,1,0,0.35,1.04
https://partner.open-douyin.com/docs/resource/zh-CN/dop/ability/opensdk/user-authorization/authorization-custom-note,partner.open-douyin.com,授权自定义备注_移动/网站应用_抖音开放平台,其他外部来源,2,1,2,1,0,0.35,1.04
https://partner.open-douyin.com/service-market/home/recommend,partner.open-douyin.com,服务 市场 _ 服务 撮合 平台 - 抖音 开放 平台 - 服务商 平台,其他外部来源,2,1,2,2,0,0.35,2.08
https://pc.feigua.cn/,pc.feigua.cn,飞瓜品策-抖音营销舆情分析平台,企业官网/工具平台,2,1,2,2,0,0.35,2.08
https://qcc.com/cassets/0b43ed090a7779491569a8fbba2b70c6.html,qcc.com,福州果集信息科技有限公司知识产权 - 企查查,其他外部来源,2,1,2,2,0,0.35,2.08
https://qn.uqudao.com/09e81b93544e7566fda5f7c31b0b920b.pdf,qn.uqudao.com,巨量云图营销通案,其他外部来源,2,1,2,2,0,0.35,2.08
https://renzheng.douyin.com/support/mobile/content/123631,renzheng.douyin.com,抖音企业号认证服务协议 - 企业号帮助中心,抖音其他页面,2,1,2,2,0,0.35,2.08
https://school.jinritemai.com/doudian/wap/article/aHMSpgQDfmxk?from_school=1&should_full_screen=1&should_hide_bottom_nav=1,school.jinritemai.com,【全球购】商家体验分规范,字节/头条系其他,2,1,2,2,0,0.35,2.08
https://school.jinritemai.com/doudian/wap/article/aHT4833RPoGH?from_school=1&should_full_screen=1&should_hide_bottom_nav=1,school.jinritemai.com,抖音电商学习中心,字节/头条系其他,2,1,2,1,0,0.35,1.04
https://school.jinritemai.com/doudian/wap/article/aHYbfnXdKHfa?from_school=1&should_full_screen=1&should_hide_bottom_nav=1,school.jinritemai.com,抖音电商学习中心,字节/头条系其他,2,1,2,2,0,0.35,2.08
https://school.jinritemai.com/doudian/wap/article/aHghh2bV3KrC,school.jinritemai.com,抖音电商学习中心,字节/头条系其他,2,1,2,2,0,0.35,2.08
https://school.jinritemai.com/doudian/wap/article/aHntJKvpJAUb?from_school=1&should_full_screen=1&should_hide_bottom_nav=1,school.jinritemai.com,抖音电商学习中心,字节/头条系其他,2,1,2,2,0,0.35,2.08
https://school.jinritemai.com/doudian/wap/article/aHsaFa4hiQ5J?from_school=1&should_full_screen=1&should_hide_bottom_nav=1,school.jinritemai.com,百应「数据参谋」升级 嵌入罗盘数据能力,字节/头条系其他,2,1,2,2,0,0.35,2.08
https://school.jinritemai.com/doudian/wap/article/aJVVUcN3je9k?from_school=1&should_full_screen=1&should_hide_bottom_nav=1,school.jinritemai.com,🔥求取同行生意经!案例中心全新上线,字节/头条系其他,2,1,2,2,0,0.35,2.08
https://school.jinritemai.com/doudian/wap/article/aJZeqVu5p99a?from_school=1&should_full_screen=1&should_hide_bottom_nav=1,school.jinritemai.com,关于修订《“精选联盟”服务协议(达人)》的更新公示通知,字节/头条系其他,2,1,2,1,0,0.35,1.04
https://school.jinritemai.com/doudian/web/article/aHSMTiukjMnW,school.jinritemai.com,【罗盘·经营】直播间诊断优化升级升级!,字节/头条系其他,2,1,2,2,0,0.35,2.08
https://school.jinritemai.com/doudian/web/article/aHXBnp9feDkr,school.jinritemai.com,达人广场功能详解-抖音电商学习中心，抖店官方教你运营抖音小店,字节/头条系其他,2,1,2,1,0,0.35,1.04
https://school.jinritemai.com/doudian/web/article/aHiLfbZaSZrk?jsls_shop=252355334,school.jinritemai.com,【罗盘·达人】橱窗分析全新升级，双端联动助力经营提升!,字节/头条系其他,2,1,2,1,0,0.35,1.04
https://school.jinritemai.com/doudian/web/article/aJ5N3Pxir67C,school.jinritemai.com,抖音电商运营类服务商管理规范,字节/头条系其他,2,1,2,2,0,0.35,2.08
https://school.jinritemai.com/doudian/web/article/aJ68SpMQq1GW,school.jinritemai.com,【 使用 指南 】 罗盘 价格 专区 上线 ， 助力 看清 价格 机会,字节/头条系其他,2,1,2,2,0,0.35,2.08
https://school.jinritemai.com/doudian/web/article/aJ7inTYam2HF,school.jinritemai.com,「 罗盘 · 经营 」 全店 诊断 能力 上线 ， 提升 店铺 竞争力 !,字节/头条系其他,2,1,2,2,0,0.35,2.08
https://school.jinritemai.com/doudian/web/article/aJNmFjfDRcGA,school.jinritemai.com,关于 废止 《 抖音 电商 创作者 口碑 分 实施 规则 》 的 公示 通知,字节/头条系其他,2,1,2,1,0,0.35,1.04
https://school.jinritemai.com/doudian/web/article/aJeejqFp1dG5,school.jinritemai.com,中小商家抖音电商经营常用词小词典,字节/头条系其他,2,1,2,2,0,0.35,2.08
https://school.jinritemai.com/doudian/web/article/aJi9sVSLavD3?biz_from=new_rules,school.jinritemai.com,关于修订《【商家—不当获取/使用信息】细则》的公示通知,字节/头条系其他,2,1,2,2,0,0.35,2.08
https://school.jinritemai.com/doudian/web/course-series/cHWoyeJGgD33/cHWoyeJGgD33lHWoycCuBqgY,school.jinritemai.com,新手经营必知,字节/头条系其他,2,1,2,2,0,0.35,2.08
https://school.jinritemai.com/doudian/web/course-series/cHXYPm4k5tCn/cHXYPm4k5tCnlHZdqBe2bFcg?from_school=1&should_full_screen=1&should_hide_bottom_nav=1,school.jinritemai.com,抖音电商官方数据产品「罗盘·策略」引领生意增长,字节/头条系其他,2,1,2,1,0,0.35,1.04
https://school.oceanengine.com/mobile/v2/pages/search/index?keyword=%E8%9B%9B%E6%B3%B0%E6%95%B0%E6%8D%AE,school.oceanengine.com,巨量学官网|短视频运营_直播运营_电商直播运营培训课程,字节/头条系其他,2,1,2,2,0,0.35,2.08
https://socialmediacurve.com/tiktok-analytics-tools,socialmediacurve.com,10 Best TikTok Analytics Tools For 2026 (Top Picks + Budget Options),其他外部来源,2,1,2,1,0,0.35,1.04
https://socialpilot.co/it/tiktok-analytics-tools?trp-edit-translation=preview,socialpilot.co,12 Best TikTok Analytics Tools to Track Real Growth in 2026,其他外部来源,2,1,2,2,0,0.35,2.08
https://socialpilot.co/tiktok-tools,socialpilot.co,12 Best TikTok Tools for Creators and Marketers in 2026,其他外部来源,2,1,2,2,0,0.35,2.08
https://static.douchacha.com/article/details/ijtuitg6.html,static.douchacha.com,订单 数 对 不上 成交额 不 一致 什么 原因,其他外部来源,2,1,2,1,0,0.35,1.04
https://tools-ai.cn/tag/Tailor+Brands官网?page=55,tools-ai.cn,Tailor+Brands官网-AI工具导航 | AI工具大全，国内外AI工具一站式导航网站,其他外部来源,2,1,2,1,0,0.35,1.04
https://tools-ai.cn/tag/抖音数据分析,tools-ai.cn,抖音数据分析-AI工具导航 | AI工具大全，国内外AI工具一站式导航网站,其他外部来源,2,1,2,2,0,0.35,2.08
https://trendinsight.oceanengine.com/?lailu=www.0dh.cn,trendinsight.oceanengine.com,抖音指数(原巨量算数),字节/头条系其他,2,1,2,2,0,0.35,2.08
https://trendinsight.oceanengine.com/arithmetic-index,trendinsight.oceanengine.com,抖音指数(原巨量算数),字节/头条系其他,2,1,2,2,0,0.35,2.08
https://trendinsight.oceanengine.com/）,trendinsight.oceanengine.com,抖音 指数 ( 原 巨量 算数 ),字节/头条系其他,2,1,2,2,0,0.35,2.08
https://trenz.ai/resource/best-tiktok-shop-analytics-tools,trenz.ai,"8 Best TikTok Shop Analytics Tools (2026), Ranked by Sellers",其他外部来源,2,1,2,1,0,0.35,1.04
https://tup.com.cn/upload/books/yz/096801-02.pdf,tup.com.cn,抖音电商从入门到精通：直播与短视频数据分析和运营,其他外部来源,2,1,2,2,0,0.35,2.08
https://volcengine.com/docs/84129/1261578?lang=zh,volcengine.com,广告监测概述--增长分析 DataFinder-火山引擎,字节/头条系其他,2,1,2,1,0,0.35,1.04
https://woshipm.com/share/6227300.html,woshipm.com,新手抖店3步精准选品指南:用好商机中心，快速找爆款! | 人人都是产品经理,社区/博客/问答,2,1,2,1,0,0.35,1.04
https://www3.xinhuanet.com/tech/20260115/4edff26a18614c088844c150025f8c89/c.html,www3.xinhuanet.com,抖音电商年度报告:超8万新商家直播成交额破百万-新华网,其他外部来源,2,1,2,1,0,0.35,1.04
https://xiguashuju.com/jdsj/index.html,xiguashuju.com,西瓜数据-助力电商数据化选品、提升店铺层级-xiguashuju.com,其他外部来源,2,1,2,2,0,0.35,2.08
https://xingtu.cn/help-center/demander/114908,xingtu.cn,短视频-达人广场筛选功能介绍-星图营销服务平台,其他外部来源,2,1,2,2,0,0.35,2.08
https://xinstall.com/article/11545,xinstall.com,短 视频 推广 app 怎么 统计 ? 抖音 快手 渠道 引流 归因 - xinstall,其他外部来源,2,1,2,2,0,0.35,2.08
https://youwant.cn/?chl=kldh,youwant.cn,友望数据—视频号数据分析平台—youwant.cn,其他外部来源,2,1,2,2,0,0.35,2.08
https://yuntu.oceanengine.com/yuntu_ng/home/overview?aadvid=1710507646387208,yuntu.oceanengine.com,巨量 云图,字节/头条系其他,2,1,2,2,0,0.35,2.08
https://zgdazxw.com.cn/nhkc/article/1I1dyhTFRQB-G2zkBp.htm,zgdazxw.com.cn,南宫ng体育中国官方网址:行业首发实时热力图 揭示直播平台真实流量分布 - 中国档案资讯网,其他外部来源,2,1,2,2,0,0.35,2.08
https://100ec.cn/Public/Upload/file/20250813/1755073453903004.pdf,100ec.cn,抖音电商 商家自播白皮书,其他外部来源,1,1,1,1,0,0.17,1.04
https://2024ctic.botok.com/storage/uploads/2024-07-11/668f475d95bfa.pdf,2024ctic.botok.com,直播 数据 截图 范例 PDF,其他外部来源,1,1,1,1,0,0.17,1.04
https://365.wps.cn/content/42dfd0adaa474741be462ac382d61da6.html,365.wps.cn,wps 多维 表格 为 mcn 及 品牌 方 提供 新 媒体 数据 关联 解决 方案 ， 打通 多 平台 数据 孤岛 与 内容 中台,其他外部来源,1,1,1,1,0,0.17,1.04
https://365.wps.cn/content/abd25f659a274ee89ddda52d01880047.html,365.wps.cn,直播复盘报告怎么上手:WPS智能文档整合数据表格、回放视频与团队协同复盘的全流程实操方法,其他外部来源,1,1,1,1,0,0.17,1.04
https://365.wps.cn/content/b4baac41b56a4a5fba2de339a1d85ce4.html,365.wps.cn,WPS智能文档直播复盘报告:自动汇总多平台直播数据，AI生成结构化复盘报告，支持多人实时协作与精细化权限安全管控,其他外部来源,1,1,1,1,0,0.17,1.04
https://36dianping.com/vs/q9ph.html,36dianping.com,飞瓜智投和抖查查哪个好-有什么区别-优缺点-36氪企服点评,其他外部来源,1,1,1,1,0,0.17,1.04
https://36kr.com/p/3903803401127811,36kr.com,2026内容电商三大平台的攻守与突围,新闻/门户/自媒体,1,1,1,1,0,0.17,1.04
https://9th.tma999.com/uploads/soft/220929/1-220929205H9.pdf,9th.tma999.com,有米有数 年度最佳移动营销数据平台,其他外部来源,1,1,1,1,0,0.17,1.04
https://ads.tiktok.com/help/article/how-to-connect-google-analytics-with-tiktok-events-manager?lang=zh,ads.tiktok.com,关联 Google Analytics | TikTok for Business,其他外部来源,1,1,1,1,0,0.17,1.04
https://ads.tiktok.com/help/article/partner-integrations-for-web-tracking?lang=zh,ads.tiktok.com,网站事件转化合作伙伴集成 | TikTok for Business,其他外部来源,1,1,1,1,0,0.17,1.04
https://aemps.ewapub.com/article/view/26479.pdf,aemps.ewapub.com,Agile Response to Pulse-Based Demand: Challenges and Strategies for Douyin E-commerce Supply Chain,其他外部来源,1,1,1,1,0,0.17,1.04
https://ahhuoshan.gov.cn/group3/M00/2C/E3/wKgSG2IqoGOAdEURAQ88AoL39pk334.pdf,ahhuoshan.gov.cn,抖音带货直播带货攻略,其他外部来源,1,1,1,1,0,0.17,1.04
https://ai-indeed.com/encyclopedia/18442.html,ai-indeed.com,电商数据平台有哪些 - 实在智能,其他外部来源,1,1,1,1,0,0.17,1.04
https://ai-indeed.com/encyclopedia/19743.html,ai-indeed.com,抖音直播间大屏数据一关播就没了，怎么存历史?|直播复盘留痕法 - 实在智能,其他外部来源,1,1,1,1,0,0.17,1.04
https://ai-indeed.com/encyclopedia/20421.html,ai-indeed.com,抖音商家后台数据可以自动采集吗?方法与边界 - 实在智能,其他外部来源,1,1,1,1,0,0.17,1.04
https://ai-indeed.com/encyclopedia/28245.html,ai-indeed.com,巨量千川投放数据如何汇总分析?智能体自动导出，让报表跑在决策前面 - 实在智能,其他外部来源,1,1,1,1,0,0.17,1.04
https://ai-indeed.com/encyclopedia/30092.html,ai-indeed.com,抖音直播数据怎么自动抓取?告别人工复制粘贴，实现分钟级报表自动化 - 实在智能,其他外部来源,1,1,1,1,0,0.17,1.04
https://ai-indeed.com/encyclopedia/31154.html,ai-indeed.com,巨量千川数据导出智能体:让投放效果精准分析不再苦等报表 - 实在智能,其他外部来源,1,1,1,1,0,0.17,1.04
https://ai.chanmama.com/article/106,ai.chanmama.com,抖音账号分析怎么做?抖音粉丝画像分析包括哪些关键指标?-蝉妈妈AI抖音数据分析工具,企业官网/工具平台,1,1,1,1,0,0.17,1.04
https://ai.chanmama.com/article/200,ai.chanmama.com,抖音电商市场趋势分析怎么做?-蝉妈妈AI抖音数据分析工具,企业官网/工具平台,1,1,1,1,0,0.17,1.04
https://ai.chanmama.com/article/205,ai.chanmama.com,抖音电商选品趋势怎么看?2026年爆款潜力商品如何用蝉妈妈AI精准抓取?-蝉妈妈AI抖音数据分析工具,企业官网/工具平台,1,1,1,1,0,0.17,1.04
https://ai.chanmama.com/article/245,ai.chanmama.com,抖音竞品账号怎么监控?-蝉妈妈AI抖音数据分析工具,企业官网/工具平台,1,1,1,1,0,0.17,1.04
https://ai.chanmama.com/article/507,ai.chanmama.com,蝉妈妈直播销售额实时监控怎么用-蝉妈妈AI抖音数据分析工具,企业官网/工具平台,1,1,1,1,0,0.17,1.04
https://ai.chanmama.com/article/543,ai.chanmama.com,618期间如何不囤货也能稳定出单-蝉妈妈AI抖音数据分析工具,企业官网/工具平台,1,1,1,1,0,0.17,1.04
https://ai.chanmama.com/article/583,ai.chanmama.com,抖音直播复盘如何高效-蝉妈妈AI抖音数据分析工具,企业官网/工具平台,1,1,1,1,0,0.17,1.04
https://ai.chanmama.com/article/625,ai.chanmama.com,直播粉丝团数据分析-蝉妈妈AI抖音数据分析工具,企业官网/工具平台,1,1,1,1,0,0.17,1.04
https://ai.chanmama.com/article/648,ai.chanmama.com,5 个 维度 精准 匹配 短 视频 目标 人群 - 蝉 妈妈 ai 抖音 数据 分析 工具,企业官网/工具平台,1,1,1,1,0,0.17,1.04
https://ai.chanmama.com/article/666,ai.chanmama.com,电商运营如何高效挖掘短视频爆款数据-蝉妈妈AI抖音数据分析工具,企业官网/工具平台,1,1,1,1,0,0.17,1.04
https://ai.chanmama.com/article/67,ai.chanmama.com,抖音直播数据在哪里看?用什么工具查最准?-蝉妈妈AI电商工具,企业官网/工具平台,1,1,1,1,0,0.17,1.04
https://ai.chanmama.com/article/714,ai.chanmama.com,电商运营如何分析不同品类达人-蝉妈妈AI抖音数据分析工具,企业官网/工具平台,1,1,1,1,0,0.17,1.04
https://ai.chanmama.com/article/761,ai.chanmama.com,抖音电商竞品分析怎么做-蝉妈妈AI抖音数据分析工具,企业官网/工具平台,1,1,1,1,0,0.17,1.04
https://ai.chanmama.com/article/762,ai.chanmama.com,抖音运营怎样靠蝉龙虾实现全天候竞品动态监控-蝉妈妈AI抖音数据分析工具,企业官网/工具平台,1,1,1,1,0,0.17,1.04
https://ai.chanmama.com/article/774,ai.chanmama.com,抖音电商运营如何搭建AI数据看板-蝉妈妈AI抖音数据分析工具,企业官网/工具平台,1,1,1,1,0,0.17,1.04
https://ai.chanmama.com/article/777,ai.chanmama.com,抖音竞品监控怎么做-蝉妈妈AI抖音数据分析工具,企业官网/工具平台,1,1,1,1,0,0.17,1.04
https://ai.chanmama.com/article/799,ai.chanmama.com,抖音竞品对比怎么看-蝉妈妈AI抖音数据分析工具,企业官网/工具平台,1,1,1,1,0,0.17,1.04
https://ai.chanmama.com/article/855,ai.chanmama.com,抖音品牌月报自动生成-蝉妈妈AI抖音数据分析工具,企业官网/工具平台,1,1,1,1,0,0.17,1.04
https://ai.chanmama.com/article/863,ai.chanmama.com,抖音运营日报怎么自动发-蝉妈妈AI抖音数据分析工具,企业官网/工具平台,1,1,1,1,0,0.17,1.04
https://ai.chanmama.com/article/878,ai.chanmama.com,短视频播放高没人点-蝉妈妈AI抖音数据分析工具,企业官网/工具平台,1,1,1,1,0,0.17,1.04
https://ai.chanmama.com/article/890,ai.chanmama.com,抖音月报怎么自动总结-蝉妈妈AI抖音数据分析工具,企业官网/工具平台,1,1,1,1,0,0.17,1.04
https://ai.chanmama.com/article/899,ai.chanmama.com,抖音品牌内容怎么复盘-蝉妈妈AI抖音数据分析工具,企业官网/工具平台,1,1,1,1,0,0.17,1.04
https://ai.chanmama.com/article/920,ai.chanmama.com,抖音商品热度怎么看-蝉妈妈AI抖音数据分析工具,企业官网/工具平台,1,1,1,1,0,0.17,1.04
https://ai.chanmama.com/article/96,ai.chanmama.com,抖音竞品账号分析怎么做?用什么工具好?-蝉妈妈AI抖音数据分析工具,企业官网/工具平台,1,1,1,1,0,0.17,1.04
https://ai.chanmama.com/product/accountAnalysis,ai.chanmama.com,AI抖音账号拆解分析平台_抖音数据拆解工具-蝉妈妈AI,企业官网/工具平台,1,1,1,1,0,0.17,1.04
https://ai.chanmama.com/skills,ai.chanmama.com,蝉妈妈AI数据查询Skill_抖音电商达人商品直播数据智能分析工具-蝉妈妈AI,企业官网/工具平台,1,1,1,1,0,0.17,1.04
https://anycross.feishu.cn/documentation/template/all?q=%E6%8A%96%E9%9F%B3,anycross.feishu.cn,飞书集成平台,字节/头条系其他,1,1,1,1,0,0.17,1.04
https://api.amemv.com/draft/douyin_agreement/06c0b91e-829a-4742-9bdd-bbc23d9366a4.html?hide_nav_bar=1,api.amemv.com,“抖音”隐私政策简明版,其他外部来源,1,1,1,1,0,0.17,1.04
https://api.amemv.com/draft/douyin_agreement/agreements.html?hide_nav_bar=1,api.amemv.com,“ 抖音 ” 用户 服务 协议,其他外部来源,1,1,1,1,0,0.17,1.04
https://api.amemv.com/draft/douyin_agreement/privacy.html?hide_nav_bar=1,api.amemv.com,“抖音”隐私政策,其他外部来源,1,1,1,1,0,0.17,1.04
https://apify.com/atomus/douyin-scraper,apify.com,Douyin Scraper ✅ Xingtu Influencer Analytics,其他外部来源,1,1,1,1,0,0.17,1.04
https://app.flyme.cn/apps/public/detail?package_name=com.ht.htdata,app.flyme.cn,魅族应用商店_魅族手机应用下载官方商店,其他外部来源,1,1,1,1,0,0.17,1.04
https://app.meizu.com/apps/public/detail?package_name=com.chandashi.chanmama,app.meizu.com,魅族应用商店_魅族手机应用下载官方商店,其他外部来源,1,1,1,1,0,0.17,1.04
https://app.sensortower.com/overview/1508944184?country=CN,app.sensortower.com,"蝉妈妈-直播短视频电商AI数据分析 - Overview - Apple App Store - China - App Information, Downloads, Revenues, Category Rankings, Keyword Rankings, Ratings, and Reviews",其他外部来源,1,1,1,1,0,0.17,1.04
https://apps.apple.com/cn/app/抖查查-直播短视频电商数据/id1541827270?l=en-GB,apps.apple.com,‎抖查查-直播短视频电商数据 App - App Store,其他外部来源,1,1,1,1,0,0.17,1.04
https://apps.apple.com/cn/app/直播中控助手-抖音直播提效/id6475798509?l=en-GB,apps.apple.com,‎直播中控助手-抖音直播提效 App - App Store,其他外部来源,1,1,1,1,0,0.17,1.04
https://apps.apple.com/cn/app/蝉妈妈-直播电商短视频带货服务/id1508944184?platform=ipad,apps.apple.com,‎蝉妈妈-短视频电商AI数据分析 App - App Store,其他外部来源,1,1,1,1,0,0.17,1.04
https://apps.apple.com/cn/app/蝉妈妈-短视频电商ai数据分析/id1508944184?platform=vision,apps.apple.com,‎蝉妈妈-短视频电商AI数据分析 App - App Store,其他外部来源,1,1,1,1,0,0.17,1.04
https://apps.apple.com/cn/app/飞瓜快数-短视频直播电商数据平台/id1572574498?platform=watch,apps.apple.com,‎飞瓜快数-短视频直播电商数据平台 App - App Store,其他外部来源,1,1,1,1,0,0.17,1.04
https://apps.apple.com/cn/app/飞瓜数据-短视频直播电商数据/id1541257524,apps.apple.com,‎飞瓜数据-短视频直播电商数据 App - App Store,其他外部来源,1,1,1,1,0,0.17,1.04
https://arxiv.org/html/2402.07220,arxiv.org,KVQ: Kwai Video Quality Assessment for Short-form Videos,其他外部来源,1,1,1,1,0,0.17,1.04
https://arxiv.org/html/2504.14904v1,arxiv.org,VLM as Policy: Common-Law Content Moderation Framework for Short Video Platform,其他外部来源,1,1,1,1,0,0.17,1.04
https://arxiv.org/html/2507.01255v1,arxiv.org,Aigve-Macs: Unified Multi-Aspect Commenting and Scoring Model for AI-Generated Video Evaluation,其他外部来源,1,1,1,1,0,0.17,1.04
https://arxiv.org/html/2512.21402v1,arxiv.org,Understanding Virality: A Rubric based Vision-Language Model Framework for Short-Form Edutainment Evaluation,其他外部来源,1,1,1,1,0,0.17,1.04
https://arxiv.org/pdf/2506.09746v1.pdf,arxiv.org,TIKTOK’S RESEARCH API: PROBLEMS WITHOUT EXPLANATIONS,其他外部来源,1,1,1,1,0,0.17,1.04
https://aweme.snssdk.com/draft/douyin_agreement/06c0b91e-829a-4742-9bdd-bbc23d9366a4.html?hide_nav_bar=1,aweme.snssdk.com,“抖音”隐私政策简明版,其他外部来源,1,1,1,1,0,0.17,1.04
https://bain.cn/pdfs/202105190303414094.pdf,bain.cn,FACT经营矩阵 激发兴趣电商新增量—2021抖音电商商家经营方法论白皮书,其他外部来源,1,1,1,1,0,0.17,1.04
https://bibigpt.co/es/blog/posts/best-douyin-video-summary-tools-ai-analysis,bibigpt.co,Douyin Video Summarizer: Top 3 AI Tools Compared (2026),其他外部来源,1,1,1,1,0,0.17,1.04
https://big5.www.gov.cn/gate/big5/www.gov.cn/gongbao/2026/issue_12926/202608/content_7078416.html,big5.www.gov.cn,互联网信息内容多渠道分发服务管理规定,其他外部来源,1,1,1,1,0,0.17,1.04
https://bitable.feishu.cn/,bitable.feishu.cn,飞书多维表格|AI 驱动的表格与业务系统搭建平台 - 飞书官网,字节/头条系其他,1,1,1,1,0,0.17,1.04
https://blog.csdn.net/beiisbei/article/details/141576977,blog.csdn.net,聚焦电商场景，详解抖音集团埋点及归因分析方案-CSDN博客,社区/博客/问答,1,1,1,1,0,0.17,1.04
https://blog.csdn.net/qq_43263647/article/details/159280457,blog.csdn.net,一个电商卖家的 ToClaw 实测，为什么是最实用的龙虾?_千牛claw-CSDN博客,社区/博客/问答,1,1,1,1,0,0.17,1.04
https://blog.csdn.net/qq_44475551/article/details/157900134,blog.csdn.net,广告 平台 归因 的 工作 原理 : 为什么 平台 数据 总和 你 对 不上 ? _ 用户 为什么 存在 多次 归因 的 情况 - csdn 博客,社区/博客/问答,1,1,1,1,0,0.17,1.04
https://blog.csdn.net/qq_54351538/article/details/156956111,blog.csdn.net,【Java 转运营】Day05:抖音新号起号:对标账号运营全指南_抖音起号对标账号名单 自然流量起号 短视频运营博主 推荐 2025-CSDN博客,社区/博客/问答,1,1,1,1,0,0.17,1.04
https://blog.csdn.net/weixin_44904816/article/details/147518595,blog.csdn.net,抖音集团电商流量实时数仓建设实践_流量数仓建设-CSDN博客,社区/博客/问答,1,1,1,1,0,0.17,1.04
https://blog.sandbase.ai/douyin-data-api-on-sandbase,blog.sandbase.ai,Douyin Data API: 310 Endpoints on SandBase,其他外部来源,1,1,1,1,0,0.17,1.04
https://brand24.com/blog/es/herramientas-de-analisis-tiktok,brand24.com,Las 12 mejores herramientas de análisis de TikTok [probadas en 2026] | Brand24,其他外部来源,1,1,1,1,0,0.17,1.04
https://business.oceanengine.com/site/agreement,business.oceanengine.com,巨量引擎工作台,字节/头条系其他,1,1,1,1,0,0.17,1.04
https://buyin.jinritemai.com/developer/service-provider/doc-center,buyin.jinritemai.com,巨量百应Buyin,字节/头条系其他,1,1,1,1,0,0.17,1.04
https://buyin.jinritemai.com/developer/service-provider/doc-center?docId=2004,buyin.jinritemai.com,巨量百应Buyin,字节/头条系其他,1,1,1,1,0,0.17,1.04
https://buyin.jinritemai.com/helpcenter/5124/62835,buyin.jinritemai.com,小店商家自主入驻精选联盟流程 - 帮助中心 - 巨量百应帮助中心,字节/头条系其他,1,1,1,1,0,0.17,1.04
https://buyin.jinritemai.com/helpcenter/5124/73661,buyin.jinritemai.com,【机构绑定商家教程】 - 帮助中心 - 巨量百应帮助中心,字节/头条系其他,1,1,1,1,0,0.17,1.04
https://buyin.jinritemai.com/helpcenter/5124/78641,buyin.jinritemai.com,小店精选联盟订单明细下载说明 - 帮助中心 - 巨量百应帮助中心,字节/头条系其他,1,1,1,1,0,0.17,1.04
https://buyin.jinritemai.com/helpcenter/5124/78712,buyin.jinritemai.com,【机构侧直播实时监控】 - 帮助中心 - 巨量百应帮助中心,字节/头条系其他,1,1,1,1,0,0.17,1.04
https://buyin.jinritemai.com/helpcenter/5124/78969,buyin.jinritemai.com,如何登录百应作者PC平台? - 帮助中心 - 巨量百应帮助中心,字节/头条系其他,1,1,1,1,0,0.17,1.04
https://buyin.jinritemai.com/mpa/account/login?log_out=1,buyin.jinritemai.com,巨量百应Buyin,字节/头条系其他,1,1,1,1,0,0.17,1.04
https://buyin.jinritemai.com/mpa/account/login?log_out=1&type=24%E3%80%81,buyin.jinritemai.com,巨量百应Buyin,字节/头条系其他,1,1,1,1,0,0.17,1.04
https://buyin.jinritemai.com/rulecenter/5268/44230,buyin.jinritemai.com,私下交易及导流行为 - 规则解读 - 巨量百应规则中心,字节/头条系其他,1,1,1,1,0,0.17,1.04
https://buzzlytics.io/guides/best-tiktok-analytics-tools,buzzlytics.io,The best TikTok analytics tools in 2026 (honest comparison),其他外部来源,1,1,1,1,0,0.17,1.04
https://cac.gov.cn/2026-05/29/c_1781795864412597.htm,cac.gov.cn,互联网信息内容多渠道分发服务管理规定_中央网络安全和信息化委员会办公室,其他外部来源,1,1,1,1,0,0.17,1.04
https://cac.gov.cn/2026-07/03/c_1784822399677167.htm,cac.gov.cn,国家互联网信息办公室关于《互联网信息服务管理办法(修订草案征求意见稿)》再次公开征求意见的通知_中央网络安全和信息化委员会办公室,其他外部来源,1,1,1,1,0,0.17,1.04
https://caict.ac.cn/kxyj/qwfb/ztbg/202507/P020250722586190236759.pdf,caict.ac.cn,移动互联网应用程序（APP） 风险分类分级指南 (2025 年),其他外部来源,1,1,1,1,0,0.17,1.04
https://caifuhao.eastmoney.com/news/20260902135522908188680,caifuhao.eastmoney.com,2026上半年抖音电商与营销投放报告_财富号_东方财富网,其他外部来源,1,1,1,1,0,0.17,1.04
https://caifuhao.eastmoney.com/news/20260911174957086530240,caifuhao.eastmoney.com,传抖音电商上半年支付GMV约2.4万亿元 GMV增速近20%_财富号_东方财富网,其他外部来源,1,1,1,1,0,0.17,1.04
https://cc.oceanengine.com/academy/article-detail/10366,cc.oceanengine.com,巨量创意,字节/头条系其他,1,1,1,1,0,0.17,1.04
https://cc.oceanengine.com/academy/article-detail/3a1991696888a98e15b1fc0854c2f775,cc.oceanengine.com,巨量创意,字节/头条系其他,1,1,1,1,0,0.17,1.04
https://cc.oceanengine.com/academy/article-detail/8958,cc.oceanengine.com,巨量创意,字节/头条系其他,1,1,1,1,0,0.17,1.04
https://cc.oceanengine.com/academy/article-detail/d49dfe5715c064c7c79d29c9f757d810,cc.oceanengine.com,巨量创意,字节/头条系其他,1,1,1,1,0,0.17,1.04
https://cc.oceanengine.com/academy/article-detail/fa64d15c05c961048231ebf37d637ee3,cc.oceanengine.com,巨量创意,字节/头条系其他,1,1,1,1,0,0.17,1.04
https://cc.oceanengine.com/sub/inspiration/creative-content-insight,cc.oceanengine.com,巨量创意,字节/头条系其他,1,1,1,1,0,0.17,1.04
https://cc.oceanengine.com/sub/inspiration/creative-radar-industry,cc.oceanengine.com,巨量创意,字节/头条系其他,1,1,1,1,0,0.17,1.04
https://cdn.jinghuiyue.com/uploads/20230711/FsjLaszfXpKqvAbupqYsTQ_k8VFp.pdf,cdn.jinghuiyue.com,任务6 直播数据分析《实训任务》,其他外部来源,1,1,1,1,0,0.17,1.04
https://cdn.jinghuiyue.com/uploads/20230810/FhPAx63i_E5uC4a_r4XxlcVDmVNN.pdf,cdn.jinghuiyue.com,实训项目 5: 竞对分析,其他外部来源,1,1,1,1,0,0.17,1.04
https://cdn.selectdb.com/static/2_Apache_Doris_0d7e820e94.pdf,cdn.selectdb.com,Apache Doris 在电商场景的最佳实践,其他外部来源,1,1,1,1,0,0.17,1.04
https://ce.cn/xwzx/gnsz/gdxw/202411/17/t20241117_39205332.shtml,ce.cn,与辉同行冲进前三、东方甄选跌出前十，抖音电商“双11”谁是赢家?_中国经济网——国家经济门户,其他外部来源,1,1,1,1,0,0.17,1.04
https://chanmama.com/awemeRank/56Aj-9NJQaUs5R4UMpiyOi58LYaprUDL.html,chanmama.com,蝉妈妈注册入口-蝉妈妈数据,企业官网/工具平台,1,1,1,1,0,0.17,1.04
https://chanmama.com/awemeRank/tLH8Kdd6pj9PSHs1libXPtTRT-J6dxo4.html,chanmama.com,蝉妈妈注册入口 - 蝉妈妈数据,企业官网/工具平台,1,1,1,1,0,0.17,1.04
https://chanmama.com/awemeRank/topic,chanmama.com,蝉妈妈注册入口 - 蝉妈妈数据,企业官网/工具平台,1,1,1,1,0,0.17,1.04
https://chanmama.com/awemeRank/vD7fQxoS6CKcOOFvVDEAiSoPwwl0Sz0H.html,chanmama.com,蝉妈妈注册入口 - 蝉妈妈数据,企业官网/工具平台,1,1,1,1,0,0.17,1.04
https://chanmama.com/awemeRank/xuZTmnZNyLamJdBV23ij-pbnu_EVcIXq.html,chanmama.com,蝉妈妈官网 - 短视频内容运营与直播电商数据分析平台,企业官网/工具平台,1,1,1,1,0,0.17,1.04
https://chanmama.com/bloggerRank/Ec_jFuFhPFjBjBEUTUnjNw.html,chanmama.com,抖音达人数据分析_直播带货与粉丝数据查询 - 蝉妈妈数据,企业官网/工具平台,1,1,1,1,0,0.17,1.04
https://chanmama.com/bloggerRank/QkzDdflg24hz6pKTiikhclQhAUpxDKiP.html,chanmama.com,抖音达人数据分析_直播带货与粉丝数据查询 - 蝉妈妈数据,企业官网/工具平台,1,1,1,1,0,0.17,1.04
https://chanmama.com/bloggerRank/m1RoegcHjupHHbgMhq0wUQ.html,chanmama.com,抖音达人数据分析_直播带货与粉丝数据查询 - 蝉妈妈数据,企业官网/工具平台,1,1,1,1,0,0.17,1.04
https://chanmama.com/bloggerRank/nMBfR6eOaGPzP8Jqnozh0A.html?activeTab=promotion,chanmama.com,抖音达人数据分析_直播带货与粉丝数据查询 - 蝉妈妈数据,企业官网/工具平台,1,1,1,1,0,0.17,1.04
https://chanmama.com/bloggerRank/ntijfpzPLZK7pn4wIhw0aQcAX83yHs9y.html,chanmama.com,抖音达人数据分析_直播带货与粉丝数据查询 - 蝉妈妈数据,企业官网/工具平台,1,1,1,1,0,0.17,1.04
https://chanmama.com/bloggerRank/viIYW8m5eoldN4z1b5lmLw.html?activeTab=live,chanmama.com,抖音达人数据分析_直播带货与粉丝数据查询 - 蝉妈妈数据,企业官网/工具平台,1,1,1,1,0,0.17,1.04
https://chanmama.com/open,chanmama.com,蝉妈妈抖音电商开放数据榜单_达人榜/品牌榜,企业官网/工具平台,1,1,1,1,0,0.17,1.04
https://chanmama.com/promotionRank/95bgaJEgtd-B2YerG_k1VNDzNvDjRRxX.html,chanmama.com,蝉妈妈官网 - 短视频内容运营与直播电商数据分析平台,企业官网/工具平台,1,1,1,1,0,0.17,1.04
https://chanmama.com/promotionRank/TnGzEszKOqSuBGV3KQgMZnzP6pRtX2aS.html,chanmama.com,蝉妈妈官网 - 短视频内容运营与直播电商数据分析平台,企业官网/工具平台,1,1,1,1,0,0.17,1.04
https://chanmama.com/promotionRank/X01vHHAVnp9m1YypX88FNp8F-7FAiVid.html,chanmama.com,蝉妈妈官网 - 短视频内容运营与直播电商数据分析平台,企业官网/工具平台,1,1,1,1,0,0.17,1.04
https://chanmama.com/promotionRank/x6uljG8--9d72SflEMfK_h54E-MA_bjA.html,chanmama.com,蝉妈妈官网 - 短视频内容运营与直播电商数据分析平台,企业官网/工具平台,1,1,1,1,0,0.17,1.04
https://chanmama.com/tikHotWordRank/hot,chanmama.com,蝉 妈妈 注册 入口 - 蝉 妈妈 数据,企业官网/工具平台,1,1,1,1,0,0.17,1.04
https://chanmama.com/tikShopRank/AOuRLMKF.html,chanmama.com,蝉妈妈官网 - 短视频内容运营与直播电商数据分析平台,企业官网/工具平台,1,1,1,1,0,0.17,1.04
https://chanmama.com/yunyingquan/article/1600.html,chanmama.com,直播流量分析、抖音电商工具、流量结构优化、蝉妈妈评测、直播运营痛点-蝉妈妈运营圈,企业官网/工具平台,1,1,1,1,0,0.17,1.04
https://chanmama.com/yunyingquan/article/1743.html,chanmama.com,怎么查抖音竞品店铺与直播间数据?蝉妈妈数据分析平台完整攻略 - 蝉妈妈运营圈,企业官网/工具平台,1,1,1,1,0,0.17,1.04
https://chanmama.com/yunyingquan/article/2406.html,chanmama.com,抖音 数据 分析 平台 哪个 好用 ? 蝉 妈妈 搭配 官方 后台 实操 - 蝉 妈妈 运营 圈,企业官网/工具平台,1,1,1,1,0,0.17,1.04
https://chanmama.com/yunyingquan/article/2409.html,chanmama.com,中小商家抖音选品怎么看?蝉妈妈实操避坑指南 - 蝉妈妈运营圈,企业官网/工具平台,1,1,1,1,0,0.17,1.04
https://chanmama.com/yunyingquan/article/2510.html,chanmama.com,抖音达人榜排名高值不值得合作?蝉妈妈重点核验粉丝画像与带货品类匹配度 - 蝉妈妈运营圈,企业官网/工具平台,1,1,1,1,0,0.17,1.04
https://chanmama.com/yunyingquan/question/2644,chanmama.com,如何拆解带货100w竞品直播间? - 蝉妈妈运营圈,企业官网/工具平台,1,1,1,1,0,0.17,1.04
https://chanmama.com/yunyingquan/question/3469,chanmama.com,如何使用蝉圈圈找达人? - 蝉妈妈运营圈,企业官网/工具平台,1,1,1,1,0,0.17,1.04
https://chanmama.com/yunyingquan/question/4126.html,chanmama.com,抖音 商品 每日 销量 怎么 看 ? 怎么 查 抖音 商品 链接 的 每日 销量 数据 ? - 蝉 妈妈 运营 圈,企业官网/工具平台,1,1,1,1,0,0.17,1.04
https://chanmama.com/yunyingquan/question/4217.html,chanmama.com,如何查看抖店销量数据?抖店数据分析工具推荐 - 蝉妈妈运营圈,企业官网/工具平台,1,1,1,1,0,0.17,1.04
https://chanmama.com/yunyingquan/question/4565.html,chanmama.com,自己的抖音直播回放查看方法是什么? - 蝉妈妈运营圈,企业官网/工具平台,1,1,1,1,0,0.17,1.04
https://chanmama.com/yunyingquan/question/4813.html,chanmama.com,蝉妈妈怎么分析品牌内容矩阵? - 蝉妈妈运营圈,企业官网/工具平台,1,1,1,1,0,0.17,1.04
https://china-gateway360.com/essential-china-consumer-research-tools-for,china-gateway360.com,Essential China Consumer Research Tools for Foreign Businesses,其他外部来源,1,1,1,1,0,0.17,1.04
https://china-gateway360.com/what-analytics-tools-work-for-tracking,china-gateway360.com,What analytics tools work for tracking social media performance in China?,其他外部来源,1,1,1,1,0,0.17,1.04
https://chinanews.com.cn/cj/2026/02-25/10576554.shtml,chinanews.com.cn,抖音电商安全与信任中心发布首份年度报告，全年拦截风险商家超400万家-中新网,其他外部来源,1,1,1,1,0,0.17,1.04
https://chinanews.com.cn/cj/2026/05-19/10624114.shtml,chinanews.com.cn,抖音商城618前三日数据公布:成交额破千万元直播间数同比增长116%-中新网,其他外部来源,1,1,1,1,0,0.17,1.04
https://chromewebstore.google.com/detail/社媒助手-小红书、抖音、哔哩哔哩、快手、tikto/dbichmdlbjdeplpkhcejgkakobjbjalc?hl=ja,chromewebstore.google.com,社媒助手 - 小红书、抖音、哔哩哔哩、快手、TikTok数据采集工具,其他外部来源,1,1,1,1,0,0.17,1.04
https://cloud.tencent.cn/developer/article/2686528,cloud.tencent.cn,我用 AI 做了一个短视频数据看板 #WorkBuddy#-腾讯云开发者社区-腾讯云,其他外部来源,1,1,1,1,0,0.17,1.04
https://cloud.tencent.com/developer/article/2724537,cloud.tencent.com,"# work buddy # 我 用 work buddy 把 一周 发布 台账 一键 生成 运营 周报 ( csv 自动 分析 + 爆款 率 统计 ， 附 踩坑 记录 ) 目录 为什么 要 把 "" 发布 台账 "" 自动 - 腾讯 云 开发者 社区 - 腾讯 云",其他外部来源,1,1,1,1,0,0.17,1.04
https://cnblogs.com/suolong2026/p/23209110,cnblogs.com,抖店数据接口接入实践:聚合方案的选型、踩坑与迁移预留 - AAACCCDDDEEE - 博客园,社区/博客/问答,1,1,1,1,0,0.17,1.04
https://cnblogs.com/suolong2026/p/23209241,cnblogs.com,低门槛抖店数据接口的技术方案分析:能力覆盖与选型思考 - AAACCCDDDEEE - 博客园,社区/博客/问答,1,1,1,1,0,0.17,1.04
https://cnews.chinadaily.com.cn/a/202602/26/WS69a008dda310942cc49a0a8e.html,cnews.chinadaily.com.cn,抖音电商安全与信任中心发布首份年度报告，扶优打劣升级达人治理 - 中国日报网,其他外部来源,1,1,1,1,0,0.17,1.04
https://cnr.cn/shanghai/qqlb/20220708/t20220708_525904563.shtml,cnr.cn,电商 崛起 的 格局 下 ， 如何 获取 生意 新 增量 _ 央广网,其他外部来源,1,1,1,1,0,0.17,1.04
https://compass.jinritemai.com/shop/business-part?from_page=%2Fshop,compass.jinritemai.com,全店成交分析-抖音电商罗盘,字节/头条系其他,1,1,1,1,0,0.17,1.04
https://compass.jinritemai.com/shop/chance/rank,compass.jinritemai.com,抖音电商罗盘-抖店商家、达人和机构多视角数据平台,字节/头条系其他,1,1,1,1,0,0.17,1.04
https://compass.jinritemai.com/shop/ecology/experience-score,compass.jinritemai.com,抖音电商罗盘-抖店商家、达人和机构多视角数据平台,字节/头条系其他,1,1,1,1,0,0.17,1.04
https://compass.jinritemai.com/shop/search/competitor-comparison,compass.jinritemai.com,竞店搜索对比-抖音电商罗盘,字节/头条系其他,1,1,1,1,0,0.17,1.04
https://compass.jinritemai.com/shop/service/customer-analysis,compass.jinritemai.com,客服分析-抖音电商罗盘,字节/头条系其他,1,1,1,1,0,0.17,1.04
https://compass.jinritemai.com/talent/video-analysis,compass.jinritemai.com,短视频分析-抖音电商罗盘,字节/头条系其他,1,1,1,1,0,0.17,1.04
https://compass.jinritemai.com/unAuthorized?t=1,compass.jinritemai.com,抖音电商罗盘-抖店商家、达人和机构多视角数据平台,字节/头条系其他,1,1,1,1,0,0.17,1.04
https://coonav.com/favorites/kuaishoushuju,coonav.com,快手数据 | COONAV电商运营导航,企业官网/工具平台,1,1,1,1,0,0.17,1.04
https://cp.kuaishou.com/statistics/live,cp.kuaishou.com,快手创作者服务平台,其他外部来源,1,1,1,1,0,0.17,1.04
https://crates.io/crates/douyin-cli/2026.7.23,crates.io,douyin-cli,其他外部来源,1,1,1,1,0,0.17,1.04
https://cutscore.io/blog/best-ai-video-quality-coach,cutscore.io,Best AI video quality coach in 2026 — CutScore,其他外部来源,1,1,1,1,0,0.17,1.04
https://cxgn.cn/dou-yin-zhi-shu,cxgn.cn,巨量算数 | 官网入口 - 抖音头条内容趋势与营销数据洞察,其他外部来源,1,1,1,1,0,0.17,1.04
https://cy.chanmama.com/inspiration-center,cy.chanmama.com,蝉妈妈·创意 - 千川投放素材_短视频素材创意服务平台,企业官网/工具平台,1,1,1,1,0,0.17,1.04
https://data.newrank.cn/mobile,data.newrank.cn,新榜有数 - 专注于内容产业的数据服务,企业官网/工具平台,1,1,1,1,0,0.17,1.04
https://datastory.com.cn/details/785,datastory.com.cn,《一站式抖音增长洞察解决方案》-数说智库-数说故事Datastory - 领先的原生人工智能(AI)科技公司,其他外部来源,1,1,1,1,0,0.17,1.04
https://developer.aliyun.com/article/1764241,developer.aliyun.com,2026年适合电商的BI产品推荐与深度选型指南-阿里云开发者社区,其他外部来源,1,1,1,1,0,0.17,1.04
https://developer.aliyun.com/article/1767330,developer.aliyun.com,抖店数据接口技术拆解:第三方聚合方案的能力边界与接入设计-阿里云开发者社区,其他外部来源,1,1,1,1,0,0.17,1.04
https://developer.open-douyin.com/announcement/371,developer.open-douyin.com,移动/网站应用的实名能力回收公告 - 抖音开放平台,其他外部来源,1,1,1,1,0,0.17,1.04
https://developer.open-douyin.com/docs/resource/zh-CN/codelabs/mini-app/develop/tutorial/privacy-component?currentIndex=0,developer.open-douyin.com,开发隐私协议组件,其他外部来源,1,1,1,1,0,0.17,1.04
https://developer.open-douyin.com/docs/resource/zh-CN/dop/ability/opensdk/user-authorization/unionauth-get-user-openid,developer.open-douyin.com,联合授权获取用户标识_移动/网站应用_抖音开放平台,其他外部来源,1,1,1,1,0,0.17,1.04
https://developer.open-douyin.com/docs/resource/zh-CN/dop/develop/openapi/account-management/fans-portrait-data/get-user-fans-origin,developer.open-douyin.com,获取用户粉丝来源_移动/网站应用_抖音开放平台,其他外部来源,1,1,1,1,0,0.17,1.04
https://developer.open-douyin.com/docs/resource/zh-CN/dop/develop/openapi/data-open-service/tops-data/hot-video-list/hot-video-list,developer.open-douyin.com,热门视频榜_移动/网站应用_抖音开放平台,其他外部来源,1,1,1,1,1,0.17,1.04
https://developer.open-douyin.com/docs/resource/zh-CN/dop/develop/openapi/life-service-open-ability/micro-app/poi-data/get-poi-data,developer.open-douyin.com,文档 - 抖音开放平台,其他外部来源,1,1,1,1,0,0.17,1.04
https://developer.open-douyin.com/docs/resource/zh-CN/dop/develop/openapi/sdk-overview,developer.open-douyin.com,移动/网站应用 OpenAPI SDK 总览_移动/网站应用_抖音开放平台,其他外部来源,1,1,1,1,0,0.17,1.04
https://developer.open-douyin.com/docs/resource/zh-CN/dop/develop/openapi/video-management/douyin/search-video/video-data,developer.open-douyin.com,查询特定视频的视频数据_移动/网站应用_抖音开放平台,其他外部来源,1,1,1,1,0,0.17,1.04
https://developer.open-douyin.com/docs/resource/zh-CN/local-life/solution/in-store-dining-solution/combo-coupon-pack/api-list,developer.open-douyin.com,组合券包SAAS对接方案_生活服务商家应用_抖音开放平台,其他外部来源,1,1,1,1,0,0.17,1.04
https://developer.open-douyin.com/docs/resource/zh-CN/mini-app/data/data-center/advanced-analysis/event-analysis,developer.open-douyin.com,事件分析_小程序_抖音开放平台,其他外部来源,1,1,1,1,0,0.17,1.04
https://developer.open-douyin.com/docs/resource/zh-CN/mini-app/develop/server/data-analysis/small-room-analysis/small-room-room-data,developer.open-douyin.com,文档 - 抖音 开放 平台,其他外部来源,1,1,1,1,0,0.17,1.04
https://developer.open-douyin.com/docs/resource/zh-CN/mini-app/develop/server/data-analysis/user-analysis/scene-analysis,developer.open-douyin.com,文档 - 抖音开放平台,其他外部来源,1,1,1,1,0,0.17,1.04
https://developer.open-douyin.com/docs/resource/zh-CN/mini-app/develop/server/video-id-convert/user-recent-video-data/get-base-bc,developer.open-douyin.com,获取视频基础数据(经营授权)_小程序_抖音开放平台,其他外部来源,1,1,1,1,0,0.17,1.04
https://developer.open-douyin.com/docs/resource/zh-CN/mini-app/open-capacity/basic-capacities/user-identification/unionauth-get-user-openid,developer.open-douyin.com,联合授权获取用户标识能力_小程序_抖音开放平台,其他外部来源,1,1,1,1,0,0.17,1.04
https://developer.open-douyin.com/docs/resource/zh-CN/mini-app/operation/data/data-center/advanced-analysis/event-analysis,developer.open-douyin.com,事件分析_小程序_抖音开放平台,其他外部来源,1,1,1,1,0,0.17,1.04
https://developer.open-douyin.com/docs/resource/zh-CN/mini-app/operation/data/data-center/advanced-analysis/volcengine-growth-analysis,developer.open-douyin.com,火山引擎增长分析_小程序_抖音开放平台,其他外部来源,1,1,1,1,0,0.17,1.04
https://developer.open-douyin.com/docs/resource/zh-CN/mini-game/develop/api/open-capacity/data-analysis/tt-report-analytics,developer.open-douyin.com,tt . report analytics _ 小 游戏 _ 抖音 开放 平台,其他外部来源,1,1,1,1,0,0.17,1.04
https://developer.open-douyin.com/forum/bulletin/post/6566b0dc3313a9c90f888045,developer.open-douyin.com,联合授权获取用户标识能力上线，一站解决多端跨应用经营难题 - 抖音开放平台,其他外部来源,1,1,1,1,0,0.17,1.04
https://developer.open-douyin.com/forum/bulletin/post/663c3f62729b7db2356667d5,developer.open-douyin.com,抖音 服务 市场 审核 通关 宝典 第一 期 - 抖音 开放 平台,其他外部来源,1,1,1,1,0,0.17,1.04
https://developer.open-douyin.com/forum/bulletin/post/66bc276b23842bc237da10a0,developer.open-douyin.com,抖音服务市场审核通关宝典第二期 - 抖音开放平台,其他外部来源,1,1,1,1,0,0.17,1.04
https://developer.open-douyin.com/forum/bulletin/post/66cd430b73a9173bf14f8c66,developer.open-douyin.com,直播数据接口下线通知 - 抖音开放平台,其他外部来源,1,1,1,1,0,0.17,1.04
https://developer.open-douyin.com/forum/question/post/6666b2a24534d9d0a5fcd2ba,developer.open-douyin.com,tt.getAnalysisInfo有些主播的抖音号获取不到 - 其他 - 抖音开放平台,其他外部来源,1,1,1,1,0,0.17,1.04
https://developer.open-douyin.com/forum/question/post/667286140932506ab46630ec,developer.open-douyin.com,查询 POI 地点信息能力没有申请入口? - 权限相关 - 抖音开放平台,其他外部来源,1,1,1,1,0,0.17,1.04
https://developer.open-douyin.com/forum/synthesize/post/611cc3b16542dafb40c22af1,developer.open-douyin.com,抖音后台对账单需要增加对账区间，单次只能选择某天对于对账来说并不实用，不方便。 - 流量主 - 抖音开放平台,其他外部来源,1,1,1,1,0,0.17,1.04
https://developer.open-douyin.com/forum/synthesize/post/65e545b4c31066b725ff0c75,developer.open-douyin.com,【 技术 篇 】 精选 问答 集锦 ( 2024 - 3 ) - 其他 - 抖音 开放 平台,其他外部来源,1,1,1,1,0,0.17,1.04
https://developer.open-douyin.com/helpCenter/home/detail/431/1179,developer.open-douyin.com,分布图上为什么部分小圆点鼠标悬停时不可见数据? - 经营分析 - 抖音开放平台,其他外部来源,1,1,1,1,0,0.17,1.04
https://developer.open-douyin.com/m/capacity-center-page/capacity-detail/7180522194714230845,developer.open-douyin.com,视频数据,其他外部来源,1,1,1,1,0,0.17,1.04
https://developer.open-douyin.com/m/capacity-center-page/capacity-detail/7180550425647530045,developer.open-douyin.com,抖音话题榜单,其他外部来源,1,1,1,1,0,0.17,1.04
https://developer.open-douyin.com/m/capacity-center-page/capacity-detail/7448483112163590181,developer.open-douyin.com,视频互动数据,其他外部来源,1,1,1,1,0,0.17,1.04
https://developer.open-douyin.com/m/docs/resource/zh-CN/dop/develop/openapi/data-open-service/douyin-interest,developer.open-douyin.com,三方活动数据同步,其他外部来源,1,1,1,1,0,0.17,1.04
https://developer.open-douyin.com/m/docs/resource/zh-CN/dop/develop/openapi/data-open-service/tops-data/live-list-data/live-list,developer.open-douyin.com,直播榜_移动/网站应用_抖音开放平台,其他外部来源,1,1,1,1,0,0.17,1.04
https://developer.open-douyin.com/m/docs/resource/zh-CN/dop/operation-standard/service-protocol/douyin-sdk-privacy-policy,developer.open-douyin.com,抖音开放平台SDK 服务隐私政策,其他外部来源,1,1,1,1,0,0.17,1.04
https://developer.open-douyin.com/m/docs/resource/zh-CN/interaction/introduction/live-play/creation,developer.open-douyin.com,直播玩法准入规则,其他外部来源,1,1,1,1,0,0.17,1.04
https://developer.open-douyin.com/m/docs/resource/zh-CN/live-interactive-tools/development/tutorial/live-tool-guide,developer.open-douyin.com,互动工具开发者指南(仅直播伴侣),其他外部来源,1,1,1,1,0,0.17,1.04
https://developer.open-douyin.com/m/docs/resource/zh-CN/local-life/solution/in-store-dining-solution/flexible-group-solution,developer.open-douyin.com,即送(原随心团)解决方案,其他外部来源,1,1,1,1,0,0.17,1.04
https://developer.open-douyin.com/m/docs/resource/zh-CN/mini-app/data/advanced-analysis/funnel-analysis,developer.open-douyin.com,漏斗分析(事件转化漏斗),其他外部来源,1,1,1,1,0,0.17,1.04
https://developer.open-douyin.com/m/docs/resource/zh-CN/mini-app/develop/api/open-interface/authorization/tt-show-douyin-open-auth,developer.open-douyin.com,tt.showDouyinOpenAuth,其他外部来源,1,1,1,1,0,0.17,1.04
https://developer.open-douyin.com/m/docs/resource/zh-CN/mini-app/develop/server/data-analysis/live-analysis/live-shortId-analysis,developer.open-douyin.com,主播分析,其他外部来源,1,1,1,1,0,0.17,1.04
https://developer.open-douyin.com/m/docs/resource/zh-CN/mini-app/develop/server/data-analysis/user-analysis/user-portrait-analysis-datav3,developer.open-douyin.com,用户画像,其他外部来源,1,1,1,1,0,0.17,1.04
https://developer.open-douyin.com/m/docs/resource/zh-CN/mini-app/develop/server/video-id-convert/user-recent-video-data/get-base-bc,developer.open-douyin.com,获取视频基础数据(经营授权),其他外部来源,1,1,1,1,0,0.17,1.04
https://developer.open-douyin.com/m/docs/resource/zh-CN/mini-app/open-capacity/business/ad-live-promotion,developer.open-douyin.com,广告直播推广,其他外部来源,1,1,1,1,0,0.17,1.04
https://developer.open-douyin.com/service-market/market-detail/7011388803172652040,developer.open-douyin.com,超级管家-私域获客助手 - 抖音开放平台,其他外部来源,1,1,1,1,0,0.17,1.04
https://developer.open-douyin.com/service-market/market-detail/7052158425777640455,developer.open-douyin.com,微动企量 - 抖音开放平台,其他外部来源,1,1,1,1,0,0.17,1.04
https://developer.open-douyin.com/service-market/market-detail/7101892082574431268,developer.open-douyin.com,抖大侠-全网短视频营销获客系统 - 抖音开放平台,其他外部来源,1,1,1,1,0,0.17,1.04
https://developer.open-douyin.com/service-market/market-detail/7344287042555117594,developer.open-douyin.com,逆袭数据分析平台-自媒体分析运营工具 - 抖音开放平台,其他外部来源,1,1,1,1,0,0.17,1.04
https://developer.volcengine.com/articles/7361845720908824614,developer.volcengine.com,【客户案例】抖音 x 飞书多维表格，每周自动查询视频数汇总到表单 - 文章 - 开发者社区 - 火山引擎,字节/头条系其他,1,1,1,1,0,0.17,1.04
https://developer.volcengine.com/articles/7361855082406608906,developer.volcengine.com,【客户案例】抖音 x 飞书多维表格，每周自动查询视频数汇总到表单 - 文章 - 开发者社区 - 火山引擎,字节/头条系其他,1,1,1,1,0,0.17,1.04
https://digichuan.com/favorites/新媒体数据,digichuan.com,新媒体数据 | DigiChuan|数字营销导航|数字营销图谱,其他外部来源,1,1,1,1,0,0.17,1.04
https://docs.feishu.cn/v/wiki/VTR8wy4qpiUikOkAJqzcI4BYnsd/a5,docs.feishu.cn,从影刀RPA到飞书多维表格:对标数据之旅,字节/头条系其他,1,1,1,1,0,0.17,1.04
https://docs.feishu.cn/v/wiki/VTR8wy4qpiUikOkAJqzcI4BYnsd/a7,docs.feishu.cn,影刀RPA助力对标数据的精准收集,字节/头条系其他,1,1,1,1,0,0.17,1.04
https://don9x.com/2026/08/03/if-you-re-curious-about-how-popular-a-tiktok-video-is-you-may-be-wondering-how-d,don9x.com,TikTok Executes Mass Content Purge: Global View Counts Vanish Overnight as Creator Economy Collapses,其他外部来源,1,1,1,1,0,0.17,1.04
https://douchacha.com/article/details/f7o2d4wx.html,douchacha.com,抖音数据用抖查查，不当冤大头!,其他外部来源,1,1,1,1,0,0.17,1.04
https://douchacha.com/article/details/nwlfeuc7.html,douchacha.com,抖查查如何查看最新的达人数据,其他外部来源,1,1,1,1,0,0.17,1.04
https://douchacha.com/article/details/x1f2eczj.html,douchacha.com,抖查查 | 数据导出功能全图,其他外部来源,1,1,1,1,0,0.17,1.04
https://douchacha.com/article/details/yea4iesf.html,douchacha.com,直播录制+复盘功能上线!^_^,其他外部来源,1,1,1,1,0,0.17,1.04
https://douchacha.com/help/find_rise_user.html,douchacha.com,抖查查-抖数据查询平台,其他外部来源,1,1,1,1,0,0.17,1.04
https://drvictor.app/blog/dr-victor-vs-tiktok-native-analytics,drvictor.app,Dr. Victor vs TikTok Studio (Native Analytics) — Honest Comparison,其他外部来源,1,1,1,1,0,0.17,1.04
https://dsp.feigua.cn/help/detail/13/103.html,dsp.feigua.cn,【飞瓜数据】电商分析常见问题汇总-帮助中心-抖音电商与直播大数据分析平台-feigua.cn,企业官网/工具平台,1,1,1,1,0,0.17,1.04
https://dsp.feigua.cn/help/detail/21/31.html,dsp.feigua.cn,如何通过【达人排行榜】发现抖音近期的优质播主?-帮助中心-抖音电商与直播大数据分析平台-feigua.cn,企业官网/工具平台,1,1,1,1,0,0.17,1.04
https://dy.feigua.cn/?chl=0111sj-ocpc,dy.feigua.cn,飞瓜数据-抖音电商与直播大数据分析平台-feigua.cn,企业官网/工具平台,1,1,1,1,0,0.17,1.04
https://dy.feigua.cn/?chl=bing-shuju2,dy.feigua.cn,飞瓜数据-抖音电商与直播大数据分析平台-feigua.cn,企业官网/工具平台,1,1,1,1,0,0.17,1.04
https://dy.feigua.cn/?chl=feigua2,dy.feigua.cn,飞瓜数据-抖音电商与直播大数据分析平台-feigua.cn,企业官网/工具平台,1,1,1,1,0,0.17,1.04
https://dy.feigua.cn/?chl=feigua2_bing-pinpai,dy.feigua.cn,飞瓜数据-抖音电商与直播大数据分析平台-feigua.cn,企业官网/工具平台,1,1,1,1,0,0.17,1.04
https://dy.feigua.cn/?chl=scgw,dy.feigua.cn,飞 瓜 数据 - 抖音 电商 与 直播 大 数据 分析 平台 - feigua . cn,企业官网/工具平台,1,1,1,1,0,0.17,1.04
https://dy.feigua.cn/?chl=ytgw,dy.feigua.cn,飞瓜数据-抖音电商与直播大数据分析平台-feigua.cn,企业官网/工具平台,1,1,1,1,0,0.17,1.04
https://dy.feigua.cn/app/download,dy.feigua.cn,飞瓜数据官方APP下载-随时随地查数据,企业官网/工具平台,1,1,1,1,0,0.17,1.04
https://dy.feigua.cn/help/detail/103.html,dy.feigua.cn,【飞瓜数据】电商分析常见问题汇总-帮助中心-抖音电商与直播大数据分析平台-feigua.cn,企业官网/工具平台,1,1,1,1,0,0.17,1.04
https://dy.feigua.cn/help/detail/13/121.html,dy.feigua.cn,如何通过【播主电商分析】了解达人带货能力?-帮助中心-抖音电商与直播大数据分析平台-feigua.cn,企业官网/工具平台,1,1,1,1,0,0.17,1.04
https://dy.feigua.cn/help/detail/131.html,dy.feigua.cn,怎么通过「飞瓜数据」查看播主个人的抖音成交量?-帮助中心-抖音电商与直播大数据分析平台-feigua.cn,企业官网/工具平台,1,1,1,1,0,0.17,1.04
https://dy.feigua.cn/help/detail/15/90.html,dy.feigua.cn,【播主电商号搜索】使用操作:3步快速定位优质带货达人-帮助中心-抖音电商与直播大数据分析平台-feigua.cn,企业官网/工具平台,1,1,1,1,0,0.17,1.04
https://dy.feigua.cn/help/detail/2/422.html,dy.feigua.cn,【常见问题】飞瓜指数是什么?-帮助中心-抖音电商与直播大数据分析平台-feigua.cn,企业官网/工具平台,1,1,1,1,0,0.17,1.04
https://dy.feigua.cn/help/detail/23/158.html,dy.feigua.cn,1天出单4.7万单!预估佣金70万!什么神奇商品日增200个播主同时热推?!-帮助中心-抖音电商与直播大数据分析平台-feigua.cn,企业官网/工具平台,1,1,1,1,0,0.17,1.04
https://dy.feigua.cn/help/detail/23/181.html,dy.feigua.cn,日销 8w 单 ! 200 + 播主 热 推 的 夏季 新品 是 什么 ? 带货 直播 流量 又 出 了 什么 新 玩法 ? - 帮助 中心 - 抖音 电商 与 直播 大 数据 分析 平台 - feigua . cn,企业官网/工具平台,1,1,1,1,0,0.17,1.04
https://dy.feigua.cn/help/detail/28/599.html,dy.feigua.cn,【关注的直播号】如何深度复盘直播间数据-帮助中心-抖音电商与直播大数据分析平台-feigua.cn,企业官网/工具平台,1,1,1,1,0,0.17,1.04
https://dy.feigua.cn/help/detail/57.html,dy.feigua.cn,【抖音号视频排行】使用操作:5步帮你发现爆款视频背后的实力带货播主!-帮助中心-抖音电商与直播大数据分析平台-feigua.cn,企业官网/工具平台,1,1,1,1,0,0.17,1.04
https://dy.feigua.cn/home/price,dy.feigua.cn,产品价格-飞瓜数据-抖音电商与直播大数据分析平台-feigua.cn,企业官网/工具平台,1,1,1,1,0,0.17,1.04
https://dy3.feigua.cn/Home/Default?url=%2Fmember%2F,dy3.feigua.cn,飞瓜数据-抖音电商与直播大数据分析平台-feigua.cn,企业官网/工具平台,1,1,1,1,0,0.17,1.04
https://dypc.ijinshan.com/creator/data-guide/index.html,dypc.ijinshan.com,抖音创作者中心数据看板 - 怎么看懂作品数据 - 抖音,其他外部来源,1,1,1,1,0,0.17,1.04
https://ecomefficiency.com/blog/best-tiktok-analytics-tools,ecomefficiency.com,The 12 Best TikTok Analytics Tools for Growth in 2026,其他外部来源,1,1,1,1,0,0.17,1.04
https://edit.newrank.cn/detail.html?uuid=5D3D8BCE9D897652DDD4BF16A1D7A190,edit.newrank.cn,2026多社媒账号异常监测工具推荐:快速发现 “僵尸账号” 与长期断更账号,企业官网/工具平台,1,1,1,1,0,0.17,1.04
https://eshop-ai.com/tool/蝉妈妈-2,eshop-ai.com,蝉妈妈 - 电商AI工具大集合,其他外部来源,1,1,1,1,0,0.17,1.04
https://event-manager.oceanengine.com/docs/8650/xpath_tool,event-manager.oceanengine.com,落地页「XPath圈选」使用说明 - 事件管理对接文档 - 事件管理对接文档,字节/头条系其他,1,1,1,1,0,0.17,1.04
https://f-o-p.com/351666.html,f-o-p.com,抖音数据分析方法，拿去! | 青瓜传媒,其他外部来源,1,1,1,1,0,0.17,1.04
https://famety.net/blog/how-to-see-who-shared-your-tiktok-video,famety.net,How to See Who Shared Your TikTok Video,其他外部来源,1,1,1,1,0,0.17,1.04
https://feichuangtech.com/customers/flowcharge.html,feichuangtech.com,福儒昌聚客户案例 | 飞创协作,其他外部来源,1,1,1,1,0,0.17,1.04
https://feigua.cn/?chl=jigua,feigua.cn,飞瓜数据-助力电商销量、营销声量双丰收-feigua.cn,企业官网/工具平台,1,1,1,1,0,0.17,1.04
https://feigua.cn/?lang=ur,feigua.cn,飞瓜数据-助力电商销量、营销声量双丰收-feigua.cn,企业官网/工具平台,1,1,1,1,0,0.17,1.04
https://feigua.cn/?lang=zh,feigua.cn,飞 瓜 数据 - 助力 电商 销量 、 营销 声量 双 丰收 - feigua . cn,企业官网/工具平台,1,1,1,1,0,0.17,1.04
https://feigua.cn/pricing,feigua.cn,飞瓜矩阵产品,企业官网/工具平台,1,1,1,1,0,0.17,1.04
https://feishu.cn/content/7312340818293293060,feishu.cn,集成平台×多维表格——短视频创意收集的得力助手,字节/头条系其他,1,1,1,1,0,0.17,1.04
https://feishu.cn/content/feishu-advertising-digital-hub,feishu.cn,飞书助力「广告营销」行业打造未来企业数字总部！,字节/头条系其他,1,1,1,1,0,0.17,1.04
https://feishu.cn/customers/the-future-of-business/three-squirrels,feishu.cn,三只 松鼠 x 飞 瓜 智投 : 智能 驱动 精细 化 运营 ， 助力 直播 电商 增长,字节/头条系其他,1,1,1,1,0,0.17,1.04
https://feishu.cn/demo/douyin,feishu.cn,抖音营销体验Demo,字节/头条系其他,1,1,1,1,0,0.17,1.04
https://feishu.cn/hc/zh-CN/articles/725304182725-使用多维表格连接器,feishu.cn,使用多维表格连接器,字节/头条系其他,1,1,1,1,0,0.17,1.04
https://feishu.cn/marketing/base_ai_ecommerce,feishu.cn,飞书 多维 表格 ， 头部 电商 团队 都 在用 的 ai 应用,字节/头条系其他,1,1,1,1,0,0.17,1.04
https://feishu.cn/template/e-commerce-company-management,feishu.cn,模板中心|电商行业一站式公司管理表模板 - 飞书官网,字节/头条系其他,1,1,1,1,0,0.17,1.04
https://feishu.cn/template/group/sheet,feishu.cn,飞书表格模板 - 飞书官网,字节/头条系其他,1,1,1,1,0,0.17,1.04
https://feishu.feishu.cn/base/bascnMCVensw1PGCkUJOBXRSZ4g?table=tblMKKEtpdsOg1En&view=vewyXbdFcy,feishu.feishu.cn,将抖音电商中的订单数据同步到多维表格 - 模板,字节/头条系其他,1,1,1,1,0,0.17,1.04
https://finance.sina.com.cn/jjxw/2026-09-14/doc-iniruare7346368.shtml,finance.sina.com.cn,用户时长不再是硬通货_新浪财经_新浪网,新闻/门户/自媒体,1,1,1,1,0,0.17,1.04
https://firecat-web.com/workflow/245,firecat-web.com,X12_Tdouyin4_table - 工作流详情,其他外部来源,1,1,1,1,0,0.17,1.04
https://founderpal.ai/best-marketing-tools/tiktok-analytics-tools,founderpal.ai,10 Best TikTok Analytics Tools for Founders [2026 Updated],其他外部来源,1,1,1,1,0,0.17,1.04
https://fuwu.jinritemai.com/00,fuwu.jinritemai.com,抖店服务市场,字节/头条系其他,1,1,1,1,0,0.17,1.04
https://fuwu.jinritemai.com/2018,fuwu.jinritemai.com,抖店服务市场,字节/头条系其他,1,1,1,1,0,0.17,1.04
https://fuwu.jinritemai.com/B,fuwu.jinritemai.com,抖店服务市场,字节/头条系其他,1,1,1,1,0,0.17,1.04
https://fuwu.jinritemai.com/V4,fuwu.jinritemai.com,抖店服务市场,字节/头条系其他,1,1,1,1,0,0.17,1.04
https://fuwu.jinritemai.com/appList,fuwu.jinritemai.com,抖店服务市场-全部服务,字节/头条系其他,1,1,1,1,0,0.17,1.04
https://fuwu.jinritemai.com/appList?canTrial=false&cate_id=117&inCanAccessPromotion=false&orderRule=0&page=1&rank=desc&s=,fuwu.jinritemai.com,抖店服务市场-全部服务,字节/头条系其他,1,1,1,1,0,0.17,1.04
https://fuwu.jinritemai.com/appList?canTrial=false&cate_id=117&inCanAccessPromotion=false&orderRule=0&page=1&rank=desc&searchType=0&sub_cate_id=11,fuwu.jinritemai.com,抖店服务市场-全部服务,字节/头条系其他,1,1,1,1,0,0.17,1.04
https://fuwu.jinritemai.com/detail?service_id=21366,fuwu.jinritemai.com,抖 店 服务 市场 - 服务 详情,字节/头条系其他,1,1,1,1,0,0.17,1.04
https://fuwu.jinritemai.com/detail?service_id=21639,fuwu.jinritemai.com,抖店服务市场-服务详情,字节/头条系其他,1,1,1,1,0,0.17,1.04
https://fuwu.jinritemai.com/detail?service_id=413,fuwu.jinritemai.com,抖店服务市场-服务详情,字节/头条系其他,1,1,1,1,0,0.17,1.04
https://fuwu.jinritemai.com/https:/fuwu.jinritemai.com,fuwu.jinritemai.com,抖店服务市场,字节/头条系其他,1,1,1,1,0,0.17,1.04
https://fuwu.jinritemai.com/https:/fuwu.jinritemai.com/authorize?service_ids=32029&use_from=fwsc.crossRec,fuwu.jinritemai.com,抖 店 服务 市场,字节/头条系其他,1,1,1,1,0,0.17,1.04
https://fuwu.jinritemai.com/optimus/7077394369271038221,fuwu.jinritemai.com,活动 页,字节/头条系其他,1,1,1,1,0,0.17,1.04
https://fuwu.jinritemai.com/providerHomepage?id=1415823129589118,fuwu.jinritemai.com,抖 店 服务 市场 - 服务商 主页,字节/头条系其他,1,1,1,1,0,0.17,1.04
https://fuwu.kwaixiaodian.com/detail?id=824744558933,fuwu.kwaixiaodian.com,快手服务市场-快手电商官网,其他外部来源,1,1,1,1,0,0.17,1.04
https://gitee.com/yyruci/oba-live-tool,gitee.com,赵彪/oba-live-tool,其他外部来源,1,1,1,1,0,0.17,1.04
https://guandata.com/gy/post/btfGCuBe.html,guandata.com,品牌投放效果难衡量?3个BI看板让每一分营销预算都看得见ROI-观远数据BI平台,其他外部来源,1,1,1,1,0,0.17,1.04
https://h.chanjet.com/ask/1246762247bb4f1b95d.html,h.chanjet.com,抖音 商家 财务 如何 对账 成功 - 畅捷通,其他外部来源,1,1,1,1,0,0.17,1.04
https://hashmeta.com/blog/tiktok-analytics-deep-dive-metrics-that-actually-matter,hashmeta.com,TikTok Analytics Deep Dive: Metrics That Actually Matter,其他外部来源,1,1,1,1,0,0.17,1.04
https://help.fanruan.com/jiushuyun/doc-view-825.html,help.fanruan.com,DOU+- 九数云帮助文档,企业官网/工具平台,1,1,1,1,0,0.17,1.04
https://help.fanruan.com/jiushuyun/edition-view-5006-0.html,help.fanruan.com,抖音来客 FineReport帮助文档|报表开发|报表使用|学习教程,企业官网/工具平台,1,1,1,1,0,0.17,1.04
https://howto.socialinsider.io/en/articles/12305264-tiktok-metrics-differences-complete-overview,howto.socialinsider.io,TikTok Metrics Differences - Complete Overview,其他外部来源,1,1,1,1,0,0.17,1.04
https://huitun.com/download.html,huitun.com,灰豚数据 - 短视频& 直播电商数据分析平台,其他外部来源,1,1,1,1,0,0.17,1.04
https://huitun.com/help,huitun.com,帮助中心,其他外部来源,1,1,1,1,0,0.17,1.04
https://huo1818.com/news/detail?id=803,huo1818.com,炼丹炉文章,其他外部来源,1,1,1,1,0,0.17,1.04
https://iesdouyin.com/share/video/6931177474147568911,iesdouyin.com,#创作灵感  抖音，你不知道的三大法宝。,抖音视频,1,1,1,1,0,0.17,1.04
https://iesdouyin.com/share/video/6946407512363093280,iesdouyin.com,#涨知识 做直播带货实用的6个app，赶快用起来！,抖音视频,1,1,1,1,0,0.17,1.04
https://iesdouyin.com/share/video/6962511252966985001,iesdouyin.com,如何 打开 我们 账号 的 创作者 服务 中心 后台 查看 数据 ？ # 创作 灵感 # 创作者 服务 中心 # 短 视频 # 知识 分享 # 忆 缘 谷,抖音视频,1,1,1,1,0,0.17,1.04
https://iesdouyin.com/share/video/6982490862488014084,iesdouyin.com,#干货分享 抖音这个功能，自己就能一键检测账号是否正常，快试试@DOU+小助手 #涨知识,抖音视频,1,1,1,1,0,0.17,1.04
https://iesdouyin.com/share/video/7004038410226781452,iesdouyin.com,专业运营都不愿意分享的四个官方网站，帮你更好更快的做一个抖音帐号#看到最后 #短视频运营 #干货分享,抖音视频,1,1,1,1,0,0.17,1.04
https://iesdouyin.com/share/video/7012590494194617639,iesdouyin.com,企业号可以查看帐号的排名了，你有没有用起来？#企业号  #从零开始学短视频营销  #短视频教学 #无锡短视频教学,抖音视频,1,1,1,1,0,0.17,1.04
https://iesdouyin.com/share/video/7022618867604245790,iesdouyin.com,关注这五个官方账号，让你玩转抖音。,抖音视频,1,1,1,1,0,0.17,1.04
https://iesdouyin.com/share/video/7026923296851528974,iesdouyin.com,抖音竞品分析#备忘录文字 #知识分享 #干货 #每天学习一点点,抖音视频,1,1,1,1,0,0.17,1.04
https://iesdouyin.com/share/video/7028517362441669902,iesdouyin.com,#巨量算数 #涨知识 #上热门 上巨量算数，带你找行业对标，找热门关键词。@DOU+小助手,抖音视频,1,1,1,1,0,0.17,1.04
https://iesdouyin.com/share/video/7032866769916202277,iesdouyin.com,当我偷偷使用【企业服务中心】...,抖音视频,1,1,1,1,0,0.17,1.04
https://iesdouyin.com/share/video/7033349942139735333,iesdouyin.com,只有内行人才知道的直播电商数据分析工具#直播带货 #短视频 #抖音热门 #创业 #创作灵感 #抖音小助手 #海来说视频教你做抖音,抖音视频,1,1,1,1,0,0.17,1.04
https://iesdouyin.com/share/video/7034076027991248159,iesdouyin.com,抖音运营小技巧，视频创业必学技巧#短视频运营 #巨量算数,抖音视频,1,1,1,1,0,0.17,1.04
https://iesdouyin.com/share/video/7044093371601767714,iesdouyin.com,#新人 做#抖音 的#捷径 #就是 #找到 #对标 帐号 去#模仿 和#借鉴，用人家已经拿到#结果 的#方法，去做我们的抖音#马菲 #经验分享 #知识分享,抖音视频,1,1,1,1,0,0.17,1.04
https://iesdouyin.com/share/video/7050409680354561316,iesdouyin.com,D音常用电脑端入口，赶紧下载下来吧~#抖音运营 #抖音干货 #抖音知识分享官,抖音视频,1,1,1,1,0,0.17,1.04
https://iesdouyin.com/share/video/7054856852542131493,iesdouyin.com,#抖音电商创作者经营必备，巨量百应作者工作台来了！,抖音视频,1,1,1,1,0,0.17,1.04
https://iesdouyin.com/share/video/7057823646328392975,iesdouyin.com,能帮创作者做爆款的小程序终于上线了！还不赶快点击使用？#巨量算数 #巨量算数官方入口 #上热门 #拍抖音小技巧 #涨粉,抖音视频,1,1,1,1,0,0.17,1.04
https://iesdouyin.com/share/video/7061309759890165006,iesdouyin.com,"播放量突然变成几十是怎么回事？了解过这4个原因你就明白了。
#抖音基础知识 #短视频运营 #视频不推流",抖音视频,1,1,1,1,0,0.17,1.04
https://iesdouyin.com/share/video/7063778055931579662,iesdouyin.com,#新疆 #乌鲁木齐#实体商家#让你的生意更简单#如何做抖音#同城引流#客流#拓客#数据分享,抖音视频,1,1,1,1,0,0.17,1.04
https://iesdouyin.com/share/video/7066216429279923464,iesdouyin.com,提升播放量完播率是关键，你知道完播率的合格标准吗@巨量算数 #巨量算数 #抖音知识分享 #完播率 #完播率合格标准 #互动率合格标准 #如何提升播放量 #抖来抖干货 @DOU+小助手,抖音视频,1,1,1,1,0,0.17,1.04
https://iesdouyin.com/share/video/7076396661433502988,iesdouyin.com,做短视频，如何找到蓝海领域？并且竞争压力还小？记住这一招，轻松找到！#干货 #短视频运营 #短视频 #知识分享,抖音视频,1,1,1,1,0,0.17,1.04
https://iesdouyin.com/share/video/7082391981204262157,iesdouyin.com,抖音新出的数据分析功能…@抖音电商作者成长 #抖音电商达人知识分享 #百应怎么用 #干货分享 #菜篮子运营笔记,抖音视频,1,1,1,1,0,0.17,1.04
https://iesdouyin.com/share/video/7093694163820072233,iesdouyin.com,团购达人怎么查看自己的佣金？#知识分享 #团购达人 #团购达人佣金 #团购达人计划 #团购达人佣金订单在哪里看 #知识 #干货分享 #干货 #知识科普 #科普一下 #每天跟我涨知识 #知识点,抖音视频,1,1,1,1,0,0.17,1.04
https://iesdouyin.com/share/video/7093823423075339557,iesdouyin.com,快速找对标的三个方法#短视频创业 #短视频运营  #我们的闪光时刻 #抖音电商达人知识分享 @抖音电商作者成长,抖音视频,1,1,1,1,0,0.17,1.04
https://iesdouyin.com/share/video/7094945094998052110,iesdouyin.com,抖音卖什么竞争压力小？哪个赛道更好做？1分钟轻松找到#百亿流量扶持 #抖音运营小技巧 #短视频带货 #干货分享 @DOU+小助手,抖音视频,1,1,1,1,0,0.17,1.04
https://iesdouyin.com/share/video/7095638332192869673,iesdouyin.com,抖查查实用功能分析账号数据，达人ip，产品数据，变现与投放，好用&性价比#蝉妈妈 #飞瓜智投 #灰豚数据 #抖查查 #千川运营,抖音视频,1,1,1,1,0,0.17,1.04
https://iesdouyin.com/share/video/7106429739035872549,iesdouyin.com,抖音小店 抖店 电商 技术 玩法 免费分享      创作者经营必备    巨量百应工作台来了#抖音小店 #抖店 #电商 #免费分享 #知识分享,抖音视频,1,1,1,1,0,0.17,1.04
https://iesdouyin.com/share/video/7110864912708062472,iesdouyin.com,抖音小店，常用五大工具！#抖店 #抖音小店 #抖店运营 #电商 #电商干货 #电商人 #新手开网店 #创业 #干货,抖音视频,1,1,1,1,0,0.17,1.04
https://iesdouyin.com/share/video/7123497355487333646,iesdouyin.com,抖店数据如何分析呢#抖音小店运营 #干货分享 #电商运营培训 #新手开网店#抖店运营,抖音视频,1,1,1,1,0,0.17,1.04
https://iesdouyin.com/share/video/7123509120786828558,iesdouyin.com,准备做抖音小店了，不会找对标的店铺？这个视频告诉你，怎么找到对标店铺~#抖音电商达人知识分享 #抖音小店 #对标店铺 #对标帐号 #抖音小店运营 #抖店创业 #抖音小店运营,抖音视频,1,1,1,1,0,0.17,1.04
https://iesdouyin.com/share/video/7124204869719723295,iesdouyin.com,一键测出爆款视频 #小店随心推 #电商干货 #测评 #实用工具,抖音视频,1,1,1,1,0,0.17,1.04
https://iesdouyin.com/share/video/7138353863895125281,iesdouyin.com,怎么判断自己的粉丝是否精准#同城账号打造 #自媒体运营 #短视频运营 #抖音运营小技巧 #干货分享,抖音视频,1,1,1,1,0,0.17,1.04
https://iesdouyin.com/share/video/7140586333562572062,iesdouyin.com,直播 间 数据 表现 平平 ， 到底 是 哪里 出 了 问题 ？ # 巨量 云图 百问 百 答 直播 分析 篇,抖音视频,1,1,1,1,0,0.17,1.04
https://iesdouyin.com/share/video/7142291465799093516,iesdouyin.com,#如何找对标账号 #怎样查账号标签 #账号观测 #征集我与热点宝的故事 #活动日历喊你上热门 #抖来抖干货,抖音视频,1,1,1,1,0,0.17,1.04
https://iesdouyin.com/share/video/7148614791873973540,iesdouyin.com,新手做无货源必备的3种工具！抖音小店无货源拍单软件有哪些？#上货软件 #抖店运营 #抖音小店 #干货分享 #无货源,抖音视频,1,1,1,1,0,0.17,1.04
https://iesdouyin.com/share/video/7158473065259633956,iesdouyin.com,这个工具你不用， 别说自己在做带货。帮你实现人群，商品，内容的三者匹配，实测带货效率能够直线飙升#短视频带货 #选品 #数据分析,抖音视频,1,1,1,1,0,0.17,1.04
https://iesdouyin.com/share/video/7171016124434238757,iesdouyin.com,怎么查看竞品或者对标账号的后台数据，短视频运营干货#荆州抖音运营 #荆州抖音培训 #荆州抖音代运营 #短视频干货 #个人IP @DOU+小助手,抖音视频,1,1,1,1,0,0.17,1.04
https://iesdouyin.com/share/video/7171376213607386408,iesdouyin.com,直播到底应该怎么复盘？哪些数据是关键？月薪五万的运营，怎么做直播复盘？来听听月销千万级直播运营是如何复盘的？一条视频教你千万级直播运营是怎么复盘的 #干货分享 #电商 #运营#短视频#世界杯 @DOU,抖音视频,1,1,1,1,0,0.17,1.04
https://iesdouyin.com/share/video/7174402838821489934,iesdouyin.com,巨量千川小店随心推dou+区别，巨量引擎巨量百应巨量算数抖店抖音来客都是什么，#短视频运营 #巨量千川 #营销 #自媒体,抖音视频,1,1,1,1,0,0.17,1.04
https://iesdouyin.com/share/video/7174645906690575630,iesdouyin.com,豆荚复盘神器，1分钟教会你们使用，不会复盘等于不会投#豆荚复盘神器 #自媒体 #个人ip #新媒体运营 #干货分享 #职场,抖音视频,1,1,1,1,0,0.17,1.04
https://iesdouyin.com/share/video/7176510988940856631,iesdouyin.com,#王拓老师讲实操系列  如何轻松掌握对标帐号的一举一动？帐号的数据变化趋势，新作品数据飙升，你关心的这些数据，系统帮你时刻盯紧，有了变化第一时间系统消息通知你。这么神奇好用的免费功能你还没用？！抖音热点宝观测功能快来极速体验吧#抖音热点宝 #干货分享 #知识分享 #短视频运营 #创作者扶持计划 #电商创业 @王拓-交个朋友,抖音视频,1,1,1,1,0,0.17,1.04
https://iesdouyin.com/share/video/7184804301468912953,iesdouyin.com,新的一年，一起努力#抖音图文来了,抖音视频,1,1,1,1,0,0.17,1.04
https://iesdouyin.com/share/video/7187695702057684283,iesdouyin.com,抖音热点宝23大特色视频和图文榜单，4大数据分析能力，2大观测能力，这些超给力的功能一定让你爱不释手，抖音放大镜搜索「热点宝」黑色海报图一键体验吧！#抖音热点宝 #知识分享 #干货分享 #每天跟我涨知识 #经验分享 @抖音 @抖音热点 @抖音热点宝,抖音视频,1,1,1,1,0,0.17,1.04
https://iesdouyin.com/share/video/7197336051273239868,iesdouyin.com,【挂车短视频爆款实操指南】7、改进挂车并不难，打开罗盘做复盘#短视频 #电商短视频 #短视频教程,抖音视频,1,1,1,1,0,0.17,1.04
https://iesdouyin.com/share/video/7203615816502299959,iesdouyin.com,看抖音电商数据，就用罗盘！官方权威，永久免费数据分析工具#电商罗盘 #抖音电商罗盘 #抖音电商数据就用罗盘,抖音视频,1,1,1,1,0,0.17,1.04
https://iesdouyin.com/share/video/7205548793025039648,iesdouyin.com,直播 后台 数据 哪里 看 ！ 我 来 告诉 你 ！ # 大 数据 推荐 给 有 需要 的 人 # 引流 拓客 # 实体 店 引流,抖音视频,1,1,1,1,0,0.17,1.04
https://iesdouyin.com/share/video/7207455817166130493,iesdouyin.com,【算数产品介绍】：如何使用关键词指数？#巨量算数 #关键词指数 #产品功能介绍 #产品运营技能 #算数指数 #短视频运营,抖音视频,1,1,1,1,0,0.17,1.04
https://iesdouyin.com/share/video/7207459887041875257,iesdouyin.com,【算数产品介绍】：什么是话题指数以及该如何使用？#巨量算数 #话题指数 #关键词指数 #算数指数 #产品运营技能,抖音视频,1,1,1,1,0,0.17,1.04
https://iesdouyin.com/share/video/7213589970068458812,iesdouyin.com,抖音小店新功能，可以直接分析竞争对手店铺数据啦#抖音小店 #抖店运营,抖音视频,1,1,1,1,0,0.17,1.04
https://iesdouyin.com/share/video/7215481198284393765,iesdouyin.com,新手如何做账号？#巨量学 #短视频,抖音视频,1,1,1,1,0,0.17,1.04
https://iesdouyin.com/share/video/7218509029893541181,iesdouyin.com,当巨量算数遇到投放：一键算数的投放技巧 #巨量算数 #做账号找巨量算数 #投放 #产品运营技能,抖音视频,1,1,1,1,0,0.17,1.04
https://iesdouyin.com/share/video/7219249339959397644,iesdouyin.com,商家给达人投放本地推，无法查看广告数据大屏？？？安排自运营就行了，小问题兄弟们！！！#团购达人 #抖音本地生活 #抖音来客#巨量本地推,抖音视频,1,1,1,1,0,0.17,1.04
https://iesdouyin.com/share/video/7222941987073297668,iesdouyin.com,抖店电商罗盘的竟品分析功能来了，功能很强大，好用还免费，再也不用第三方插件了#抖音小店 #商品卡 #电商运营 #聊电商 #直播,抖音视频,1,1,1,1,0,0.17,1.04
https://iesdouyin.com/share/video/7225513935204650301,iesdouyin.com,视频和直播的流量不精准？转化不达预期？可能是你没找到精准流量，达人定向功能，帮你的内容覆盖到对标账号的粉丝群体，课程还教你一招快速找对标的方法，快试试DOU+达人定向功能吧#DOU #豆荚小助手 #达人定向 #流量,抖音视频,1,1,1,1,0,0.17,1.04
https://iesdouyin.com/share/video/7227825981204090123,iesdouyin.com,新手做抖音，如何查看你的作品有没有推流？#知识分享#抖音干货,抖音视频,1,1,1,1,0,0.17,1.04
https://iesdouyin.com/share/video/7232188744961428791,iesdouyin.com,做抖店必备软件#抖店运营 #电商运营 #抖店,抖音视频,1,1,1,1,0,0.17,1.04
https://iesdouyin.com/share/video/7235577867483024698,iesdouyin.com,找到同行的爆款视频该如何翻拍，教你怎么样翻拍别人的爆款视频的方法#短视频运营 #拍视频的技巧 #短视频创业,抖音视频,1,1,1,1,0,0.17,1.04
https://iesdouyin.com/share/video/7241423352177397051,iesdouyin.com,商家绞尽脑汁都做不起来？也许是你行业的天花板在那！市场新功能上线，预知各赛道规模！#羽川运营笔记 #运营干货 #直播带货 #聊电商,抖音视频,1,1,1,1,0,0.17,1.04
https://iesdouyin.com/share/video/7253265285744971040,iesdouyin.com,抖音小店分析同行流量和销量来源，让同行在你面前没有秘密#抖音小店 #抖店运营 #抖店干货 #抖音电商 #抖店创业,抖音视频,1,1,1,1,0,0.17,1.04
https://iesdouyin.com/share/video/7255970581340900608,iesdouyin.com,分析查询同行抖音账号数据工具#巨量算数 #同行数据 #对标账号 #抖音小店 #抖店运营,抖音视频,1,1,1,1,0,0.17,1.04
https://iesdouyin.com/share/video/7256241127634799932,iesdouyin.com,抖音小店电商公司周报模板表格#周报,抖音视频,1,1,1,1,0,0.17,1.04
https://iesdouyin.com/share/video/7265662198440004864,iesdouyin.com,抖音灵机   复盘好帮手！#抖音灵机 #新人如何做抖音 #新人首播 #直播技巧 #干货分享,抖音视频,1,1,1,1,1,0.17,1.04
https://iesdouyin.com/share/video/7282026061649546551,iesdouyin.com,巨量千川查看同行投放的计划 知己知彼百战不殆#如何投放巨量千川 #电商运营 #巨量千川 #抖音运营 #直播电商,抖音视频,1,1,1,1,0,0.17,1.04
https://iesdouyin.com/share/video/7289010628126084413,iesdouyin.com,一周流量53.3万，涨粉1281个，我就是专门研究了热点宝的这几个功能，热点宝既能找到低粉爆款榜，又能找对标，还能观测数据，赶紧去试试吧#自媒体 #经验分享  #干货分享 #热点宝 #中视频伙伴计划,抖音视频,1,1,1,1,0,0.17,1.04
https://iesdouyin.com/share/video/7294108129191546146,iesdouyin.com,视频号又出新功能了，爆款商品榜，以后哪些产品热卖都可以在这里查到了。#视频号小店#爆款商品榜#敏老师讲视频号#1111好物就在视频号,抖音视频,1,1,1,1,0,0.17,1.04
https://iesdouyin.com/share/video/7294666919397854479,iesdouyin.com,为什么账号流量突然骤降？账号限流的10大原因#短视频运营 #电商运营技巧 #新人如何做抖音 #运营 #限流,抖音视频,1,1,1,1,0,0.17,1.04
https://iesdouyin.com/share/video/7298277007329217802,iesdouyin.com,#新人如何做抖音 #经验分享主播 #经验分享 #直播创业 #宝爸宝妈,抖音视频,1,1,1,1,0,0.17,1.04
https://iesdouyin.com/share/video/7304236896257920282,iesdouyin.com,用好巨量算数这个官方工具后不仅能找到你行业的流量密码还能找对标，做营销复盘，了解粉丝需求，确定不试试看？#巨量算数 #个人ip #新媒体运营,抖音视频,1,1,1,1,0,0.17,1.04
https://iesdouyin.com/share/video/7308321842253581583,iesdouyin.com,我找对标达人和爆款选题的工具今天公开了！推荐每一个做自媒体的朋友去玩玩 #自媒体 #干货分享 #经验分享 #vlog #博主,抖音视频,1,1,1,1,0,0.17,1.04
https://iesdouyin.com/share/video/7316863387156221247,iesdouyin.com,"做 运营 应该 从 哪 儿 学 起 呢 ？ 今天 给 大家 带来 一些 比较 基础 的 知识 入门 
 大家 可以 持续 学习 # 直播 运营",抖音视频,1,1,1,1,0,0.17,1.04
https://iesdouyin.com/share/video/7321327365613800739,iesdouyin.com,免费查看别人直播间数据方法。具体流程如图示：进入抖店-精选联盟-找合作-达人合作-达人广场-输入对应账号-直播数据-单场营业额【当然别人也可以选择关闭这个数据、你就看不到了】#运营 #抖店 #千川 #,抖音视频,1,1,1,1,0,0.17,1.04
https://iesdouyin.com/share/video/7323019906591640867,iesdouyin.com,抖音利润计算、抖店回款计算，简单套模板就会算账了 #抖店创业 #抖店干货 #电商财务报表 #电商财务做账流程 #电商财务合规,抖音视频,1,1,1,1,0,0.17,1.04
https://iesdouyin.com/share/video/7323144899015068968,iesdouyin.com,假如抖音小店选品有段位…#抖店运营 #抖店干货 #抖音小店运营 #抖店运营技巧,抖音视频,1,1,1,1,0,0.17,1.04
https://iesdouyin.com/share/video/7323174426852248841,iesdouyin.com,抖查查终于可以看同行直播流量结构啦！通过看同行直播流量反推同行自然流还是付费流#抖查查#自媒体干活#直播电商#直播流量#自然流量怎么做起来,抖音视频,1,1,1,1,0,0.17,1.04
https://iesdouyin.com/share/video/7324704420132900148,iesdouyin.com,抖查查！我为什么现在才发现啊啊啊！一款性价比极高的数据检测工具——抖查查 为您提供一站式短视频、直播、电商数据服务以及实时数据监测、竞争对手分析、营销效果评估等功能。性价比极高，功能涵盖全面#抖查查#考古加#直播数据分析,抖音视频,1,1,1,1,0,0.17,1.04
https://iesdouyin.com/share/video/7340619936672288054,iesdouyin.com,蝉妈妈真有那么好用吗？蝉妈妈真有那么好用吗？ 蝉妈妈真的有那么好用吗？可以来看看抖查查，抖查查的功能更多，价格也比蝉妈妈低，还有更多优惠！#蝉妈妈 #蝉妈妈数据 #直播电商 #电商运营 #抖音运营工具,抖音视频,1,1,1,1,0,0.17,1.04
https://iesdouyin.com/share/video/7347562654237461770,iesdouyin.com,4⃣️大高效复盘方法，告别焦虑。#干货分享 #上岸吧,抖音视频,1,1,1,1,0,0.17,1.04
https://iesdouyin.com/share/video/7357649454712769819,iesdouyin.com,为什么后台出单数据总是对不上，用这个方法查#干货分享 #短视频创业 #短视频带货 #账号运营,抖音视频,1,1,1,1,0,0.17,1.04
https://iesdouyin.com/share/video/7359194952175324456,iesdouyin.com,抖音运营如何分析后台数据？抖音运营如何看数据？#短视频运营 #流量变现 #干货分享 #商业思维 #抖音运营,抖音视频,1,1,1,1,0,0.17,1.04
https://iesdouyin.com/share/video/7368488225515654454,iesdouyin.com,别再花大几千开会员去查同行的电商数据了，教大家一个免费的方法可以查到更详细的直播数据和账号数据，包括流量结构和付费占比等等#直播电商 #干货分享 #抖音运营,抖音视频,1,1,1,1,0,0.17,1.04
https://iesdouyin.com/share/video/7373506663673908518,iesdouyin.com,抖音小店爆款选品渠道#抖音小店 #抖店 #抖店选品 #抖店运营 #抖音小店选品,抖音视频,1,1,1,1,0,0.17,1.04
https://iesdouyin.com/share/video/7374705558944746767,iesdouyin.com,直播必备工具：蝉妈妈商品热度分析。直播必备工具：蝉妈妈商品热度分析 功能入口：登录蝉妈妈首页--抖音分析平台--工具/报表--商品热度分析 用处： 1、近期热门商品关键词云展示：直观查看近日热卖的商品,抖音视频,1,1,1,1,0,0.17,1.04
https://iesdouyin.com/share/video/7383689793902759218,iesdouyin.com,电商罗盘的营业额跟代结算订单额不等问题。是真的不等，你要问我算账以哪个为准，哈哈，两个都不准。#抖店运营 #抖店账期#待结算订单,抖音视频,1,1,1,1,0,0.17,1.04
https://iesdouyin.com/share/video/7386604708942630207,iesdouyin.com,怎么找对标账号。对标账号怎么找才精准？热点宝找对标账号#抖查查搜索流量 #抖查查搜索流量来了 #怎么找对标账号 #怎么找对标账号比较精准 #对标账号怎么找才精准,抖音视频,1,1,1,1,1,0.17,1.04
https://iesdouyin.com/share/video/7404417901270256931,iesdouyin.com,#电商人 达人带货出现了违规怎么查询？达人违规用电脑怎么查呢？#达人带货 #带货达人 #电商带货 #电商,抖音视频,1,1,1,1,0,0.17,1.04
https://iesdouyin.com/share/video/7413195970982235418,iesdouyin.com,二奢老板这都不会怎么做二奢？？。#二奢 #自媒体 #抖音小店,抖音视频,1,1,1,1,0,0.17,1.04
https://iesdouyin.com/share/video/7418145125102095625,iesdouyin.com,投巨量ad推如何隐藏正在投放的视频 #巨量引擎 #信息流 #王百万讲投放 #本地推 #巨量ad,抖音视频,1,1,1,1,0,0.17,1.04
https://iesdouyin.com/share/video/7418152421601332543,iesdouyin.com,查询掉量不求人，官方工具免费查！再懒的我帮你查！ #千川投放技巧 #未来聊千川 #电商运营技巧 #直播培训 #千川运营,抖音视频,1,1,1,1,0,0.17,1.04
https://iesdouyin.com/share/video/7419669748436290816,iesdouyin.com,访客成交下滑诊断方式。商品链接的访客或者成交下滑的时候，怎么精准查看是类目行业下滑，还是自己链接出现了问题！#商品诊断 #访客下滑 #网店的运营怎么做 #干货分享 #新手开网店,抖音视频,1,1,1,1,0,0.17,1.04
https://iesdouyin.com/share/video/7423777713598598437,iesdouyin.com,抖音小店千万不要随便去买软件 #抖音小店 #抖店运营 #电商 #抖店 #电商运营,抖音视频,1,1,1,1,0,0.17,1.04
https://iesdouyin.com/share/video/7428144557742771465,iesdouyin.com,揭秘探店达人虚假数据的背后！实体商家注意避坑！#本地生活服务 #实体店引流 #探店达人,抖音视频,1,1,1,1,0,0.17,1.04
https://iesdouyin.com/share/video/7428191385532009739,iesdouyin.com,蝉妈妈和飞瓜数据哪个好？蝉妈妈和飞瓜有什么区别？ 婵妈妈和飞瓜哪个好用？蝉妈妈和飞瓜数据的区别？蝉妈妈和飞瓜哪个数据准？蝉妈妈和飞瓜数据哪个好用？飞瓜数据和蝉妈妈数据哪个比较好？#飞瓜数据 #蝉妈妈会,抖音视频,1,1,1,1,0,0.17,1.04
https://iesdouyin.com/share/video/7429277210789383459,iesdouyin.com,第三方生意参谋软件。#新手开网店 #电商运营技巧 #网店运营 淘宝 天猫 拼多多 抖店 等多电商平台都可以使用的第三方生意参谋软件，有几十款热门功能可以使用，比如竞品分析、竞店分析、类目查询、榜单排名,抖音视频,1,1,1,1,0,0.17,1.04
https://iesdouyin.com/share/video/7431141377246874919,iesdouyin.com,与辉同行江苏行 第一天完整数据复盘总结，与辉同行江苏行创下多个首次！@抖查查精选生活 #与辉同行江苏行 #与辉同行徐州行 #朱广权董宇辉直播段子压不住了 #董宇辉 #抖查查精选生活,抖音视频,1,1,1,1,0,0.17,1.04
https://iesdouyin.com/share/video/7433014629833510153,iesdouyin.com,作品 限流 了 怎么办 抖音 作品 播放 量 突然 变少 了 怎么 回事 # 抖音 设置 # 减少 推荐 # 内容 启发 搜索,抖音视频,1,1,1,1,0,0.17,1.04
https://iesdouyin.com/share/video/7440005763356986684,iesdouyin.com,如何关闭同行跟选，让他们看不到你出单数据无法跟你的爆品#短视频带货 #干货分享 #经验分享 #知识分享,抖音视频,1,1,1,1,0,0.17,1.04
https://iesdouyin.com/share/video/7447110203377454351,iesdouyin.com,第三方查看抖音数据平台有哪些?看抖音数据的软件 抖音第三方看数据的推荐哪个?灰豚数据，考古加数据，蝉妈妈数据哪个好用点？灰豚数据哪里购买便宜？蝉妈妈企业版功能好用吗？蝉妈妈企业版子账号怎么购买？#看抖,抖音视频,1,1,1,1,0,0.17,1.04
https://iesdouyin.com/share/video/7448632031568874812,iesdouyin.com,抖店必关闭的功能 避免同行检测数据#抖店运营 #抖音运营小技巧#抖店干货  #抖店竞品 #抖店数据,抖音视频,1,1,1,1,0,0.17,1.04
https://iesdouyin.com/share/video/7480404911541194043,iesdouyin.com,如何利用数据分析工具选品，考古加，蝉妈妈，飞瓜数据等工具，利用数据分析工具精细化选品，蝉妈妈和飞瓜数据哪个好用，蝉妈妈和考古加数据哪个好用。#蝉妈妈#考古加#飞瓜数据#数据分析工具#数据分析工具推荐,抖音视频,1,1,1,1,0,0.17,1.04
https://iesdouyin.com/share/video/7481516174665141558,iesdouyin.com,为啥相差这么大。3月13日GMV，灰豚，蝉妈妈都是3400万左右，抖查查怎么最多显示2500万？#与辉同行,抖音视频,1,1,1,1,0,0.17,1.04
https://iesdouyin.com/share/video/7483292463252163874,iesdouyin.com,2025电商运营周报（电商）#电商运营 #电商 #电商人 #运营干货 #天猫运营,抖音视频,1,1,1,1,0,0.17,1.04
https://iesdouyin.com/share/video/7490547943104171301,iesdouyin.com,想出爆款❓对标账号拆解法，附详细模板。#运营干货 #干货分享 #自媒体 #新媒体运营,抖音视频,1,1,1,1,0,0.17,1.04
https://iesdouyin.com/share/video/7493482618479037711,iesdouyin.com,"电商财务，抖店电商罗盘数据怎么看 抖店电商罗盘数据到底怎么看，这个视频告诉你答案
#电商罗盘 #抖店对账 #电商财务 #电商会计 #抖店罗盘",抖音视频,1,1,1,1,0,0.17,1.04
https://iesdouyin.com/share/video/7498270906441043257,iesdouyin.com,快手数据分析的平台工具有哪些，查快手数据的第三方平台有哪些。快手数据用哪个平台可以分析，#快手数据#快手#飞瓜数据#新快数据#灰豚数据,抖音视频,1,1,1,1,0,0.17,1.04
https://iesdouyin.com/share/video/7500543201804717321,iesdouyin.com,#抖音支持三农扶持三农发展 #三农 #助力三农 #抖音新农人计划2025 #三农远哥,抖音视频,1,1,1,1,0,0.17,1.04
https://iesdouyin.com/share/video/7501668709548707084,iesdouyin.com,怎么关闭同行跟选，隐藏带货数据和出单商品，分享给大家～#短视频带货 #自媒体创业 #干货 #同行跟选,抖音视频,1,1,1,1,0,0.17,1.04
https://iesdouyin.com/share/video/7502884335570193664,iesdouyin.com,如何拯救直播数据？一条视频看懂 #弹幕互动 #直播玩法 #主播 #游戏玩法大本营,抖音视频,1,1,1,1,0,0.17,1.04
https://iesdouyin.com/share/video/7505249199392279818,iesdouyin.com,#下播后如何查看直播数据,抖音视频,1,1,1,1,0,0.17,1.04
https://iesdouyin.com/share/video/7506015110944197951,iesdouyin.com,账号 被 封 控 / 限流 的 原因 和 解决 办法 ！ # 直播 运营 # 直播 带 货 # 直播 运营 林枫 # 直播 电商 # 直播 带 货 培训,抖音视频,1,1,1,1,0,0.17,1.04
https://iesdouyin.com/share/video/7506125238649834802,iesdouyin.com,# 抖 店 运营 # 巨量 千川 抖 店 直播 数据 复盘 这样 看,抖音视频,1,1,1,1,0,0.17,1.04
https://iesdouyin.com/share/video/7509085046175714595,iesdouyin.com,巨量千川智投星AI大促日报，精准洞察，智能提效投放策略！ #618暴涨挑战赛 #巨量千川,抖音视频,1,1,1,1,0,0.17,1.04
https://iesdouyin.com/share/video/7511927001486216500,iesdouyin.com,第三方查抖音数据的平台有哪些？哪个平台更好？ 飞瓜数据和蝉妈妈数据哪个好用，蝉妈妈和考古加哪个好用，新榜数据和蝉妈妈数据哪个好用，蝉妈妈数据和飞瓜数据哪个好 #第三方数据平台 #第三方数据 #飞瓜数据,抖音视频,1,1,1,1,0,0.17,1.04
https://iesdouyin.com/share/video/7513200913301998875,iesdouyin.com,一条视频带你了解抖音四种核心数据 #直播运营技巧 #直播运营技巧 #干货分享 #千川 #千川投放技巧,抖音视频,1,1,1,1,0,0.17,1.04
https://iesdouyin.com/share/video/7516551689034337588,iesdouyin.com,蝉妈妈，飞瓜，抖查查，考古加哪个好用？ 飞瓜数据品牌版怎么买？考古加旗舰版哪里可以买到便宜的？蝉妈妈数据企业版本好用吗？#飞瓜数据品牌版 #考古加旗舰版 #蝉妈妈企业版,抖音视频,1,1,1,1,0,0.17,1.04
https://iesdouyin.com/share/video/7516829035209444620,iesdouyin.com,直播复盘到底看哪些数据？ 数据标准都给你列出来了，看看你的直播间达标了没？#干货分享 #直播带货 #个体直播 #直播运营,抖音视频,1,1,1,1,0,0.17,1.04
https://iesdouyin.com/share/video/7522324379359874331,iesdouyin.com,"抖店电商罗盘，经营数据数据越来越清晰了 罗盘页面内的成交金额指标均为用户实际支付的金额，与商家实际收入金额之间的差异主要有千川全域推广的智能优惠券、电商平台补贴等。

即：罗盘页面成交金额+千川智能优惠券金额+电商平台补贴金额=商家实收金额

罗盘页面退款后成交金额+退款后千川智能优惠券金额+退款后电商平台补贴金额=商家剔除退款后的实收金额
#电商运营 #电商对账 
#会计 #财务 #电商罗盘",抖音视频,1,1,1,1,0,0.17,1.04
https://iesdouyin.com/share/video/7522801578879159615,iesdouyin.com,直播间五维四率怎么看？复盘思维分析#千川投放技巧 #巨量千川 #小店随心推 #直播运营 #直播带货,抖音视频,1,1,1,1,0,0.17,1.04
https://iesdouyin.com/share/video/7526124596606471459,iesdouyin.com,抖店黑标旗舰店最新最全开通攻略方法详解。抖店黑标旗舰店最新最全开通攻略方法详解抖音黑标旗舰店是什么？抖音黑标旗舰店的含金量及开通方法一文告诉你！  “抖音旗舰”是官方认证的行业知名品牌商家在抖音电商开设的店铺，为消费者提供专属服务。  核心权益： [一]品牌背书：平台官方认证“品牌旗舰店，购物时消费者信任度极高 [二]流量加权：商城推荐页/搜索页有专属标识，产品流量曝光提升50%+ [三]营销特权,抖音视频,1,1,1,1,0,0.17,1.04
https://iesdouyin.com/share/video/7528420342071676160,iesdouyin.com,一个视频教你免费查看对标账号流量结构 #电商人 #直播运营 #千川 #千川投放技巧 #直播带货,抖音视频,1,1,1,1,0,0.17,1.04
https://iesdouyin.com/share/video/7531743226363088191,iesdouyin.com,#提词器 #视频提取文字 #视频转文字 如何把主播在直播间讲的话术给提取出来？,抖音视频,1,1,1,1,0,0.17,1.04
https://iesdouyin.com/share/video/7533217500051590459,iesdouyin.com,有 哪些 工具 可以 替代 人 ？ 有 哪些 人 是 不 会 被 AI 替代 的 ？ 2025 做 直播 会 这些 运营 工具 ， 一个 人 就是 一支 团队 ！ # 直播 运营 # 主播 培训 # 直播 电商 # 运营 工具 # 抖 店 运营,抖音视频,1,1,1,1,0,0.17,1.04
https://iesdouyin.com/share/video/7534565288986463548,iesdouyin.com,保护个人隐私，防止同行跟选，这个按钮关了就行了，达人后台主页就不可见了 #自媒体创业 #短视频带货 #经验分享 #干货 @DOU+上热门,抖音视频,1,1,1,1,0,0.17,1.04
https://iesdouyin.com/share/video/7536072480138988843,iesdouyin.com,大博主短视频爆文的秘密终于被我发现了✅。复盘数据分析对于新媒体运营人来说有多重要， 相信大家都心知肚明～  不管是新手博主还是准备入行的小白， 一定要把这项技能刻在骨子里！ 这可是能吃饭的家伙！！,抖音视频,1,1,1,1,0,0.17,1.04
https://iesdouyin.com/share/video/7536114673214033215,iesdouyin.com,如何查看橱窗后台 退货退单佣金如何查看？#橱窗下单 #橱窗 #教你一招 #知识分享 #涨知识,抖音视频,1,1,1,1,0,0.17,1.04
https://iesdouyin.com/share/video/7538798800303934761,iesdouyin.com,一条视频告诉你起号前的准备 #直播运营东哥 #小店随心推 #聚成电商 #电商干货 #起号,抖音视频,1,1,1,1,0,0.17,1.04
https://iesdouyin.com/share/video/7539831812026141987,iesdouyin.com,"明确：抖音公布数据报送口径 要点：1、按结算。2、平台扣点不能扣除，按总额申报。3、退款计入当期。4、不同收入类型税率区分。不是财务人看会有点难懂，要求税后利润核算更清晰了，多报了老板巨亏！！！！
#抖店 #电商 #电商老板 #电商税 #抖音新规",抖音视频,1,1,1,1,0,0.17,1.04
https://iesdouyin.com/share/video/7542702981393747227,iesdouyin.com,屏 共享 = 钱 被盗 ！ 抖音 发布 最新 山寨 诈骗 App 名单 ， 遇到 这些 APP 立即 卸载 # 可能 是 全网 最 全面 的 反 诈 指南,抖音视频,1,1,1,1,0,0.17,1.04
https://iesdouyin.com/share/video/7545750225753083194,iesdouyin.com,怎么查同行数据？看这条视频就行了#灰豚数据 #数据分析工具 #带货助手 #直播带货 #直播带货运营,抖音视频,1,1,1,1,0,0.17,1.04
https://iesdouyin.com/share/video/7545807336967834890,iesdouyin.com,超详细复盘全攻略！一个人也能给自己复盘 #直播复盘 #运营技巧 #直播带货 #干货分享 #长视频,抖音视频,1,1,1,1,0,0.17,1.04
https://iesdouyin.com/share/video/7548401565342633262,iesdouyin.com,短视频带货怎么查看商品榜单和视频榜单 巨量百应设置里面升级了，可以关闭创意中心和内容授权了。那么达人怎么用达人版的电商罗盘查看商品和视频榜单这条视频好好看看！#短视频带货 #干货分享 #电商罗盘 #全域推广 #达人带货,抖音视频,1,1,1,1,0,0.17,1.04
https://iesdouyin.com/share/video/7548819895938829606,iesdouyin.com,抖店选品新功能同行跟卖选品思路#抖店运营#抖店#电商#电商运营#潮汕,抖音视频,1,1,1,1,1,0.17,1.04
https://iesdouyin.com/share/video/7549108842638986511,iesdouyin.com,可以让小卡片锦上添花的小工具，做重复图案也是省时省力#压花器  #手工  #手账 #压花器手工 #压花器diy 压花器手工材料手账花朵DIY工具图案大号打花儿童压花器雪花星星,抖音视频,1,1,1,1,1,0.17,1.04
https://iesdouyin.com/share/video/7550182268376075546,iesdouyin.com,巨量百应里大家都关闭创意中心和内容授权，达人隐藏出单信息了！怎么用电商罗盘查看商品榜单和视频榜单，但是只能预览？#短视频带货 #干货分享#电商罗盘 #达人带货 #电商罗盘视频跳转,抖音视频,1,1,1,1,0,0.17,1.04
https://iesdouyin.com/share/video/7554286755080310031,iesdouyin.com,#怎么看数据 #抖音电商,抖音视频,1,1,1,1,0,0.17,1.04
https://iesdouyin.com/share/video/7555042124811570475,iesdouyin.com,竞品分析：3个工具查看同行社媒数据。竞品分析是快速切入海外市场的捷径。本主题介绍3个实用工具，帮助新手高效查看同行的社媒内容策略、粉丝增长趋势及互动表现，从而借鉴成功经验，规避无效投入，为自己的内容规,抖音视频,1,1,1,1,0,0.17,1.04
https://iesdouyin.com/share/video/7555708132699360539,iesdouyin.com,都店如何找达人帮忙带货#干货分享 #抖店干货 #抖店运营 #电商运营,抖音视频,1,1,1,1,0,0.17,1.04
https://iesdouyin.com/share/video/7557398035426331923,iesdouyin.com,不会还有人不知道可以借助官方数据罗盘工具来辅助产品吧#直播 #直播创业 #知识分享,抖音视频,1,1,1,1,0,0.17,1.04
https://iesdouyin.com/share/video/7559424139933551872,iesdouyin.com,干货来了，计划的数据复盘和关键性指标#千川 #千川扫地僧 #千川运营 #直播 #直播电商,抖音视频,1,1,1,1,0,0.17,1.04
https://iesdouyin.com/share/video/7561332997439655177,iesdouyin.com,不会竞品分析的运营，下班了来我办公室🏇 #电商 #干货分享 #竞品分析 #运营,抖音视频,1,1,1,1,0,0.17,1.04
https://iesdouyin.com/share/video/7561429560925359379,iesdouyin.com,别人的带货录屏，怎么转成文字版本，用于自己学习话术#视频转文字 #视频转文字软件 #视频转文字怎么转 #带货主播 #夸克,抖音视频,1,1,1,1,0,0.17,1.04
https://iesdouyin.com/share/video/7563292014167477562,iesdouyin.com,今天我先发，你们效果怎么样 #电商 #新手小白 #助手抖音,抖音视频,1,1,1,1,0,0.17,1.04
https://iesdouyin.com/share/video/7564277997172378938,iesdouyin.com,#创作者扶持计划 #创作灵感 #宝妈日常 #上热门🔥 #上热门话题90000亿流量第一名,抖音视频,1,1,1,1,0,0.17,1.04
https://iesdouyin.com/share/video/7564957993599618354,iesdouyin.com,数据 下滑 别光 投 广告 ， 查查 内容 、 对手 和 GMV 咋样 了 # 直播 数据 # 电商 问题 # 抖音 直播 # 直播 # 跨境 电商,抖音视频,1,1,1,1,0,0.17,1.04
https://iesdouyin.com/share/video/7565547446203518223,iesdouyin.com,如何查看营业额以及卖了什么产品？来，重点来了，手把手教#口播 #科普 #短视频带货 #dou+小助手 #a安然户外用品 @DOU+小助手,抖音视频,1,1,1,1,0,0.17,1.04
https://iesdouyin.com/share/video/7565812844039834929,iesdouyin.com,用蝉妈妈看抖音热门短视频，带货视频榜，热门视频榜，用蝉妈妈查看视频榜单，蝉妈妈查看抖音数据，蝉妈妈看数据准不准，#蝉妈妈#抖音数据#数据分析#带货视频#蝉妈妈会员,抖音视频,1,1,1,1,0,0.17,1.04
https://iesdouyin.com/share/video/7569124360276036904,iesdouyin.com,压花器手工材料手账花朵DIY工具图案大号打花儿童压花器雪花星星#手工压花器 #儿童DIY #手账工具 #花朵图案 #手工材料,抖音视频,1,1,1,1,0,0.17,1.04
https://iesdouyin.com/share/video/7569514683271950001,iesdouyin.com,抖店选品三大核心#新手开抖店 #抖音小店 #抖店运营 #电商 #电商创业,抖音视频,1,1,1,1,0,0.17,1.04
https://iesdouyin.com/share/video/7570222516199869730,iesdouyin.com,压花器手工材料手账花朵DIY工具图案大号打花儿童压花器雪花星星#儿童压花器 #手工材料 #手账工具 #DIY好物 #压花器推荐,抖音视频,1,1,1,1,0,0.17,1.04
https://iesdouyin.com/share/video/7571473641305656585,iesdouyin.com,多维矩阵蓄能X花式穿搭卖货，直播在线9万+，月GMV2000万+#双11投运提量 #抖音电商学习中心 #电商分享 #电商知识,抖音视频,1,1,1,1,0,0.17,1.04
https://iesdouyin.com/share/video/7571856416420498715,iesdouyin.com,没违规还不推流，问题出在哪儿？ #自媒体运营 #运营干货  #干货分享 #账号诊断工具 #老李就是不NG,抖音视频,1,1,1,1,0,0.17,1.04
https://iesdouyin.com/share/video/7573670518050783898,iesdouyin.com,#上热门 #知识分享 #干货分享,抖音视频,1,1,1,1,0,0.17,1.04
https://iesdouyin.com/share/video/7573679778751567488,iesdouyin.com,# 短 视频 运营 # 实体 店 引流 # 个人 ip # 自 媒体,抖音视频,1,1,1,1,0,0.17,1.04
https://iesdouyin.com/share/video/7574296199408430921,iesdouyin.com,查看他人视频数据 通过巨量算数可以查看到别人单条视频的数据，特别是要看观看画像，才决定你要不要学习模仿#汽车自媒体 #短视频运营 #自媒体运营 #数据分析,抖音视频,1,1,1,1,0,0.17,1.04
https://iesdouyin.com/share/video/7577705214754606309,iesdouyin.com,打完 付费 计划 如何 做 数据 复盘 🔥 # 直播 电商 三哥 # 直播 运营 三哥 # 直播 # 电商 # 直播 间,抖音视频,1,1,1,1,0,0.17,1.04
https://iesdouyin.com/share/video/7578125408109972790,iesdouyin.com,新手必学！抖音 6 个核心后台功能！ #抖店实操  #新手抖店运营 #商品管理 #电商干货 #电商分享,抖音视频,1,1,1,1,0,0.17,1.04
https://iesdouyin.com/share/video/7578720714929853290,iesdouyin.com,如何使用抖音热点宝找到自己行业内近期的爆款视频#窗帘人  #家居建材 #软装门店 #实体店引流 #窗帘墙布,抖音视频,1,1,1,1,0,0.17,1.04
https://iesdouyin.com/share/video/7579466935948223103,iesdouyin.com,如何把主播的直播话术提取出来？ 视频转文案，视频怎么去提取文案出来？#主播话术 #视频转文案 #视频提取 #易直播提词器,抖音视频,1,1,1,1,0,0.17,1.04
https://iesdouyin.com/share/video/7579901314633714990,iesdouyin.com,对标-拆解-超越 tk专业版卖家看板助力精准定位，深度分析#tk选品工具 #tk选品推荐 #跨境电商选品,抖音视频,1,1,1,1,0,0.17,1.04
https://iesdouyin.com/share/video/7581412721045081378,iesdouyin.com,查抖音数据的平台都有哪些？查抖音数据的第三方平台有哪几个？蝉妈妈，考古加，飞瓜，抖查查，达多多，灰豚这些平台哪个好用，哪个精准，哪个性价比高？#抖音数据#数据分析#蝉妈妈#第三方平台#飞瓜数据,抖音视频,1,1,1,1,0,0.17,1.04
https://iesdouyin.com/share/video/7581437219833285925,iesdouyin.com,"本视频长达52分钟，干货拉满，跟得上的家人们，可以2倍速观看，一条视频讲清楚以下实操内容【老粉就当回顾】： 
·2025下半年，抖音直播带货底层逻辑全解析
·2025新号起号开播时间，如何合理选取？抖音八大人群介绍及各自消费力情况详解；几种简单粗暴的新号起号方法分享 
·2025下半年最新的直播带货起号方法7大步骤 
·2025直播带货，打造多峰值流量曲线的方法 
·2025下半年，最新的流量曲线",抖音视频,1,1,1,1,0,0.17,1.04
https://iesdouyin.com/share/video/7581991037783117056,iesdouyin.com,知己知彼百战不殆！如何用电商罗盘查看同行数据 #抖店运营#抖店#抖店电商运营#抖店干货,抖音视频,1,1,1,1,0,0.17,1.04
https://iesdouyin.com/share/video/7582485230524894501,iesdouyin.com,关于千川投手常用的数据分析工具有哪些？抖音数据分析。#电商#蝉妈妈#飞瓜#抖音数据#有米云,抖音视频,1,1,1,1,0,0.17,1.04
https://iesdouyin.com/share/video/7583726466438597907,iesdouyin.com,灰豚数据和蝉妈妈哪个好用些。根据营销需求场景（达人分析、直播带货、全平台覆盖等）、功能侧重（数据维度、操作便捷性）来选择，就能找到更适合自己的工具。   作为一名学营销的大学生，我在灰豚数据和蝉妈妈的,抖音视频,1,1,1,1,0,0.17,1.04
https://iesdouyin.com/share/video/7584004568388881714,iesdouyin.com,"新媒体人必备12个数据分析工具，建议收藏。运营人必备的数据分析工具，看看有没有你需要的呢

#96编辑器  #公众号  #数据分析  #新媒体运营工具  #内容运营",抖音视频,1,1,1,1,0,0.17,1.04
https://iesdouyin.com/share/video/7584288573139111227,iesdouyin.com,感觉马上要成“行业公敌”了。😂  飞书 ➕ 付费 API 接口，这套组合拳下来，几乎能让所有商家的数据“明牌裸奔”。  以前靠信息差赚钱的日子到头了。抖音给足了工具，其实就是一种无声的鞭策：别整虚的，把精力回归到产品本身。  遮羞布扯下来，才是真正的肉搏战。#记录天诺美好生活,抖音视频,1,1,1,1,0,0.17,1.04
https://iesdouyin.com/share/video/7585077104645033273,iesdouyin.com,"直播复盘的 7 个重点🔥。直播间一直没流量?不是平台不给机会,是你不会分析数据!今天把新手也能学会的复盘技巧讲透,按这方法优化,流量肯定能起来! 1.看""进入率""--解决""没人进直播间""问题平台给的是",抖音视频,1,1,1,1,0,0.17,1.04
https://iesdouyin.com/share/video/7585498457563172145,iesdouyin.com,抖音免费工具你会用吗？#伙伴计划 #自媒体创业 #实用小技巧 #免费工具@DOU+小助手,抖音视频,1,1,1,1,0,0.17,1.04
https://iesdouyin.com/share/video/7585852792277028137,iesdouyin.com,#视频号 如何查看同行数据 #视频号运营 #视频号直播带货,抖音视频,1,1,1,1,0,0.17,1.04
https://iesdouyin.com/share/video/7585875759580351779,iesdouyin.com,抖音浏览量消失？学生党3步速解！📶   作为靠分享学习日常涨粉的学生，上周真的被抖音浏览量搞心态了😤！熬夜剪完的错题讲解视频，发布后6小时浏览量一直空白，既看不到数字也不知道有没有人刷到，甚至怀疑自己,抖音视频,1,1,1,1,0,0.17,1.04
https://iesdouyin.com/share/video/7586585549978357007,iesdouyin.com,抖店“结算账单”与“资金流水”有什么区别❓ ❇️结算账单：主要体现已经结算订单，以及结算后退款，不会出现“小额打款”，“消费者赔付等” ❇️资金流水：主要体现资金所有变动情况，以及能核对资金期初期末余额，包括所有订单结算以及退款，“小额打款”“消费者赔付”“提现等”都会出现在资金流水明细中 综上所述，抖店对账所以建议用资金流水核对 #抖店对账 #抖店利润 #电商对账 #电商财务 #电商会计实操,抖音视频,1,1,1,1,0,0.17,1.04
https://iesdouyin.com/share/video/7586602191931133211,iesdouyin.com,教你巨量百应子账号怎么登录？我家淘宝店开了三年，去年接入巨量百应带货，订单多了之后主账号根本忙不过来，客服、选品、直播都得分开管。 开通子账号时，我以为和主账号一样直接登就行，结果输完手机号提示“该账,抖音视频,1,1,1,1,0,0.17,1.04
https://iesdouyin.com/share/video/7586909934135037243,iesdouyin.com,新赛道虾皮选品，这些工具帮了大忙。做虾皮电商，选品选不对，努力全白费！今天给大家分享9个超好用的虾皮选品工具，不管是新手小白还是老卖家，都能找到灵感，选到爆款！  一、基础数据分析类 先从专门为虾皮打,抖音视频,1,1,1,1,0,0.17,1.04
https://iesdouyin.com/share/video/7590284768575573300,iesdouyin.com,史上最快复盘！直播复盘再也不用手动敲数字了！大屏截图、后台数据、手写单据，扔给飞书 AI 全搞定！自动填表生成图表，实时复盘快人一步，直播人狂喜！#飞书  #飞书多维表格  #得到  #罗振宇时间的朋友  #跨年演讲,抖音视频,1,1,1,1,0,0.17,1.04
https://iesdouyin.com/share/video/7590417980154426597,iesdouyin.com,想看自己是否被官方打上标签的姐妹看过来，错过就找不到了#农村生活 #日常vlog #宝妈分享 #创作者扶持计划 @DOU+小助手,抖音视频,1,1,1,1,0,0.17,1.04
https://iesdouyin.com/share/video/7591708914840898843,iesdouyin.com,压花器手工材料手账花朵DIY工具图案大号打花儿童压花器雪花星星#手工材料 #儿童手账 #DIY工具 #压花器 #手账装饰,抖音视频,1,1,1,1,0,0.17,1.04
https://iesdouyin.com/share/video/7591751797825010831,iesdouyin.com,学会使用抖音指数，2026年做账号不再困难。#抖音指数 #巨量算数 #账号标签 #抖音干货 #抖音小知识,抖音视频,1,1,1,1,0,0.17,1.04
https://iesdouyin.com/share/video/7592173365524288497,iesdouyin.com,用蝉妈妈看同行数据，用蝉妈妈看抖音数据，蝉妈妈抖音数据查看 做抖音要学会看数据，用蝉妈妈看抖音达人，直播，视频，小店数据，#蝉妈妈#蝉妈妈会员#抖音数据#直播数据#数据分析,抖音视频,1,1,1,1,0,0.17,1.04
https://iesdouyin.com/share/video/7592507768360880803,iesdouyin.com,#多多短视频 #多多视频带货 #短视频 #汇牛工具箱 2026短视频的流量非常大，一个工具箱带大家玩转短视频带货，操作简单，免费试用，需要工具箱找我领取,抖音视频,1,1,1,1,0,0.17,1.04
https://iesdouyin.com/share/video/7592527788809211136,iesdouyin.com,免费对标账号分析神器 #热点 #科技改变生活 #飞书 #科技 #科技数码,抖音视频,1,1,1,1,0,0.17,1.04
https://iesdouyin.com/share/video/7594105886345217146,iesdouyin.com,抖店商品素材库已满如何解决！ #抖店运营 #抖店创业 #新手做抖店 #抖店大亨,抖音视频,1,1,1,1,0,0.17,1.04
https://iesdouyin.com/share/video/7594448317006761254,iesdouyin.com,罗盘拆解 保姆级数据罗盘拆解#直播运营 #直播带货 #直播,抖音视频,1,1,1,1,0,0.17,1.04
https://iesdouyin.com/share/video/7595475571820252422,iesdouyin.com,手把手教你看直播大盘数据，全程干货 #房地产#地产直播#数据复盘#大盘数据#投流,抖音视频,1,1,1,1,0,0.17,1.04
https://iesdouyin.com/share/video/7595829702921620751,iesdouyin.com,obs推流风险提？建议用直播伴侣开播几分钟让你学会抖音新开播 #直播伴侣 #直播风险提示 #obs直播教程 #抖音直播新规,抖音视频,1,1,1,1,0,0.17,1.04
https://iesdouyin.com/share/video/7596634497894932457,iesdouyin.com,抖店如何看同行投产比？如何拍优秀短视频以及搭建直播间？#电商 #电商创业 #电商人 #电商干货,抖音视频,1,1,1,1,0,0.17,1.04
https://iesdouyin.com/share/video/7597037612797573882,iesdouyin.com,"三万挖来的电商运营,她做事是真体面…#电商运营 #电商干货 #运营干货 #电商电商 #电商日常",抖音视频,1,1,1,1,0,0.17,1.04
https://iesdouyin.com/share/video/7597112628863962993,iesdouyin.com,巨量算数🆚新抖#抖音数据分析 #电商人 #巨量算数 #新抖,抖音视频,1,1,1,1,0,0.17,1.04
https://iesdouyin.com/share/video/7599921198662838706,iesdouyin.com,破千川掉量真的很严重#主播 #电商,抖音视频,1,1,1,1,0,0.17,1.04
https://iesdouyin.com/share/video/7599921340891532607,iesdouyin.com,千川素材没渠道？五个渠道直接抄 #千川 #千川素材 #千川全域推广 #千川开户,抖音视频,1,1,1,1,0,0.17,1.04
https://iesdouyin.com/share/video/7600372008848837951,iesdouyin.com,"30天学会短视频-数据分析 通过看后台数据,知道自己视频哪里可以优化#短视频运营 #短视频干货分享",抖音视频,1,1,1,1,0,0.17,1.04
https://iesdouyin.com/share/video/7601801296819089829,iesdouyin.com,电商店铺年度复盘（电商运营）#电商 #店铺运营 #年度复盘 #2026 #电商干货,抖音视频,1,1,1,1,0,0.17,1.04
https://iesdouyin.com/share/video/7601903806724518491,iesdouyin.com,商家，达人，必备的工具！#抖店 #千川运营 #短视频运营 #素材搬运,抖音视频,1,1,1,1,0,0.17,1.04
https://iesdouyin.com/share/video/7602493547383639305,iesdouyin.com,怎么找爆款？有用的知识 #知识分享 #创作人计划 #邪修,抖音视频,1,1,1,1,0,0.17,1.04
https://iesdouyin.com/share/video/7602842257238321531,iesdouyin.com,做短视频带货选对工具，真的再也不用为选品发愁了 #灰豚数据  #选品工具   #带货小帮手,抖音视频,1,1,1,1,0,0.17,1.04
https://iesdouyin.com/share/video/7602874090802300517,iesdouyin.com,寻找对标货盘的操作全流程#直播#影楼直播#直播干货,抖音视频,1,1,1,1,0,0.17,1.04
https://iesdouyin.com/share/video/7604003007278633145,iesdouyin.com,"如何快速找对标账号，并查看他们的数据。官方的免费工具要学会利用起来
#直播带货陪跑 #直播带货 #直播带货运营技巧",抖音视频,1,1,1,1,0,0.17,1.04
https://iesdouyin.com/share/video/7604016914469892518,iesdouyin.com,抖音运营必备的工具。看图收藏！#抖音运营工具推荐 #知识分享,抖音视频,1,1,1,1,0,0.17,1.04
https://iesdouyin.com/share/video/7604518722908327231,iesdouyin.com,自媒体工作流，爆款视频拆解+分析+复刻+超越+写入飞书多维表 #ai工具 #自媒体工具 #飞书多维表格 #自媒体运营 #新媒体运营,抖音视频,1,1,1,1,0,0.17,1.04
https://iesdouyin.com/share/video/7609873698262175017,iesdouyin.com,多 表 合并 → 总表 实时 刷新 ， FILTER + VSTACK 一招 封神 ~ # excel 技巧 # office 办公 技巧 # 多 表 合并 # excel 多 表 合并 # v stack 函数 @ DOU + 上 热门 @ 抖音 创作 小 助手 @ 抖音 创作 灵感,抖音视频,1,1,1,1,0,0.17,1.04
https://iesdouyin.com/share/video/7610796025854381362,iesdouyin.com,流量拉起来了，但是转化不高，原因到底出在哪里呢？ #直播运营 #直播带货 #干货分享 #千川 #直播创业,抖音视频,1,1,1,1,0,0.17,1.04
https://iesdouyin.com/share/video/7611335137003283620,iesdouyin.com,你们的抖音精准定位都关了没有？ 没有关的朋友按照我的方法去操作啊，今天分享三种方法，为了保护自己的隐私  第一种：打开抖音编辑个人主页，选择暂不设置，不要开启精准位置。 第二种，打开抖音，找到设置，点,抖音视频,1,1,1,1,0,0.17,1.04
https://iesdouyin.com/share/video/7611365661796764928,iesdouyin.com,抖音电商持续开展专项治理，重点解决消费者被误导下单的问题。2025年，平台累计处置商家4.3万个，处置达人14万名。#抖音电商清退27万违规达人,抖音视频,1,1,1,1,1,0.17,1.04
https://iesdouyin.com/share/video/7612172157406101475,iesdouyin.com,蝉妈妈，考古加，飞瓜数据，抖查查数据哪个好用？蝉妈妈和考古加哪个好用？飞瓜数据和抖查查数据哪个好用？抖音数据分析工具会员？蝉妈妈多少钱？考古加会员多少钱？飞瓜数据会员多少钱？抖查查会员多少钱？#蝉妈妈,抖音视频,1,1,1,1,0,0.17,1.04
https://iesdouyin.com/share/video/7612308362646893659,iesdouyin.com,【面试万能模板004】数据异动的分析方法#面试技巧 #产品经理入门 #产品经理 #过来人的春招建议 #校招面试,抖音视频,1,1,1,1,0,0.17,1.04
https://iesdouyin.com/share/video/7613735837397749055,iesdouyin.com,做帐号要懂得看数据哦~后附播放量评估 #内容过于真实#自媒体干货 #短视频运营 #账号数据 #自媒体创业,抖音视频,1,1,1,1,0,0.17,1.04
https://iesdouyin.com/share/video/7613916562386373907,iesdouyin.com,压花器 压花器手工材料手账花朵DIY工具图案大号打花儿童压花器雪花星星#儿童玩具 #手工材料推荐 #压花器 #手工乐趣 #手工文化,抖音视频,1,1,1,1,0,0.17,1.04
https://iesdouyin.com/share/video/7613980397428555855,iesdouyin.com,店铺有流量但没有转化，这是为什么呢？店铺流量大但转化率低，需从流量质量、信任构建、商品呈现和转化引导四个维度排查。优化流量精准性，增强信任感，提升商品说服力，并通过明确行动指引和限时优惠刺激用户下单，,抖音视频,1,1,1,1,0,0.17,1.04
https://iesdouyin.com/share/video/7614893238436995974,iesdouyin.com,怎么让同行看不到你的直播数据以及投没投流#电商#干货分享#直播带货,抖音视频,1,1,1,1,0,0.17,1.04
https://iesdouyin.com/share/video/7614910636727880996,iesdouyin.com,基于兴趣的停留而不是基于套路的停留会更被推荐！ #直播运营东风 #直播电商 #直播培训 #主播培训 #直播运营,抖音视频,1,1,1,1,0,0.17,1.04
https://iesdouyin.com/share/video/7615470841857461554,iesdouyin.com,"【电商直播】如何用多维表格管理10个直播间 谁懂啊家人们😩
做电商直播运营，管 10 个直播间真的头大！
主播排班乱、选品数据杂、下播后熬夜做复盘，ERP/SAAS 软件还贵的要死，每天光整理数据就耗",抖音视频,1,1,1,1,1,0.17,1.04
https://iesdouyin.com/share/video/7615620381587857658,iesdouyin.com,抖店对账（十） 电商罗盘的因素分析法 #会计#财务 #电商 #运营,抖音视频,1,1,1,1,0,0.17,1.04
https://iesdouyin.com/share/video/7616574962523435377,iesdouyin.com,抖店店铺类目放置查看#抖店运营 #抖店干货 #商品卡,抖音视频,1,1,1,1,0,0.17,1.04
https://iesdouyin.com/share/video/7616579563308551443,iesdouyin.com,蝉妈妈和考古加哪个好用？考古加与蝉妈妈。蝉妈妈和考古加哪个好用?蝉妈妈数据和考古加数据哪个好用?蝉妈妈和飞瓜数据哪个好用?#蝉妈妈数据#考古加数据 #抖音数据 #数据分析 #蝉妈妈和考古加哪个好用 #,抖音视频,1,1,1,1,0,0.17,1.04
https://iesdouyin.com/share/video/7617014436117364955,iesdouyin.com,为什么你的视频播放量高，但就是不出单#tiktok #tiktokshop #跨境 #电商,抖音视频,1,1,1,1,0,0.17,1.04
https://iesdouyin.com/share/video/7617042291697437993,iesdouyin.com,蝉妈妈和飞瓜的区别？飞瓜和蝉妈妈哪个好？。飞瓜数据和蝉妈妈哪个更精准？飞瓜数据和蝉妈妈怎么查？飞瓜数据和蝉妈妈数据哪个比较好？蝉妈妈和飞瓜数据哪个好？蝉妈妈和飞瓜的价格对比#飞瓜数据和蝉妈妈数据哪个比,抖音视频,1,1,1,1,0,0.17,1.04
https://iesdouyin.com/share/video/7617420704233000945,iesdouyin.com,作品数对不上？教你快速解决。谁懂啊！我主页明明显示5个作品，翻来翻去只看到3个，真的越看越慌😫 我一开始还以为账号出问题了，查了半天终于搞清楚。大多是这几种情况：有的被设成私密、有的在审核、还有的被系,抖音视频,1,1,1,1,0,0.17,1.04
https://iesdouyin.com/share/video/7617740294741708075,iesdouyin.com,你的行业如何找爆款对标视频 先找对标视频 流量才能好#短视频运营 #巨量算数 #流量 #干货分享 #个人ip,抖音视频,1,1,1,1,0,0.17,1.04
https://iesdouyin.com/share/video/7617884949667908904,iesdouyin.com,学会看 五维四率精准定位你直播间所有问题。#五维四率#直播带货 #直播运营 #直播陪跑 #直播复盘,抖音视频,1,1,1,1,0,0.17,1.04
https://iesdouyin.com/share/video/7618113976940940590,iesdouyin.com,"3月17日(1) 系统推的都是你爱看的，
今天教你一招，直接看全抖音顶流好玩爆款，
官方验证，个个精品，刷到停不下来！
#抖音实用知识  #抖音爆款榜 #刷抖音小技巧#抖音隐藏功能 #抖音玩法教学",抖音视频,1,1,1,1,0,0.17,1.04
https://iesdouyin.com/share/video/7618442980236569963,iesdouyin.com,别瞎选品！一招查到主播哪款卖爆，我实操给你看#带过新人#做主播必看#如何选品 #爆款选品,抖音视频,1,1,1,1,0,0.17,1.04
https://iesdouyin.com/share/video/7619298579223465256,iesdouyin.com,直播 间 体检表 ： 这 几个 数 不 及格 直接 下 播 ！ # 直播 运营 # 直播 电商 # 电商 运营 # 小天 直播 运营 # 干货 分享,抖音视频,1,1,1,1,0,0.17,1.04
https://iesdouyin.com/share/video/7619423611568311592,iesdouyin.com,往年类目趋势，大盘占比，起盘时间点！！！ #直播带货 #直播运营 #如何选品带货 #起号 #精选联盟,抖音视频,1,1,1,1,0,0.17,1.04
https://iesdouyin.com/share/video/7619710858218639865,iesdouyin.com,运营福音！飞书多维表格自动同步抖音创作者中心数据😝 #飞书多维表格 #抖音运营 #数据分析 #效率神器 #有用的知识又增加了,抖音视频,1,1,1,1,0,0.17,1.04
https://iesdouyin.com/share/video/7621770957685987045,iesdouyin.com,投流核心指南 投流怎么投#投流技巧,抖音视频,1,1,1,1,0,0.17,1.04
https://iesdouyin.com/share/video/7621891256477568219,iesdouyin.com,抖音后台数据怎么看#数据 #跳出率 #完播 #拍视频,抖音视频,1,1,1,1,0,0.17,1.04
https://iesdouyin.com/share/video/7622262828203805979,iesdouyin.com,直播 大屏 数据 怎么 看 怎么 优化 # 直播 数据 # 直播 运营 # 全域 # 千川 投放 技巧 # 千川 投 流,抖音视频,1,1,1,1,0,0.17,1.04
https://iesdouyin.com/share/video/7622561264296021866,iesdouyin.com,抖查查怎么使用 刚摸透抖查查这玩意儿，给你们唠唠我 踩过的坑和真香用法🤣   1. 打开抖查查：先避坑！   我一开始傻乎乎搜“抖查查”，差点下到冒牌APP！⚠️ 公告都写了，别信那些“抖商打榜”的鬼,抖音视频,1,1,1,1,0,0.17,1.04
https://iesdouyin.com/share/video/7622873173771472191,iesdouyin.com,蝉妈妈是一个什么样的平台？。蝉妈妈是做什么的？蝉妈妈的功能有哪些？蝉妈妈的详细功能，抖查查和蝉妈妈哪个好用？蝉妈妈和考古加哪个好用？#蝉妈妈是一个什么样的平台？ #蝉妈妈是做什么的,抖音视频,1,1,1,1,0,0.17,1.04
https://iesdouyin.com/share/video/7623352709504093478,iesdouyin.com,达人管理怎么做 kol全链路一表管理 #投流 #电商运营 #干货分享 #热点 #知识分享,抖音视频,1,1,1,1,0,0.17,1.04
https://iesdouyin.com/share/video/7624435138050526507,iesdouyin.com,抖店对账，核对的数据和罗盘的数据对不上 #电商财务实操 #抖店对账 #电商做账报税 #电商财务实操,抖音视频,1,1,1,1,0,0.17,1.04
https://iesdouyin.com/share/video/7624683631117699557,iesdouyin.com,2026抖音直播复盘表（直播运营）#2026 #直播 #抖音直播 #直播运营 #绩效,抖音视频,1,1,1,1,0,0.17,1.04
https://iesdouyin.com/share/video/7625574042371897457,iesdouyin.com,作品 被 限流 ， 怎么 快速 恢复 流量 推荐 ， 看 这里 # 限流 # 自 媒体 干货 # 上 热门 @ DOU + 小 助手 @ 抖音 热点 @ 抖音 作者 助手,抖音视频,1,1,1,1,0,0.17,1.04
https://iesdouyin.com/share/video/7626187619499949467,iesdouyin.com,发视频没流量，原因就在这里！想知道自己账号有没有违规、作品有没有被限流吗？ 方法特别简单，几秒就能搞定！  首先，打开抖音，点创作者中心，找到账号检测，点开更多。 只要显示全部正常，那就说明你的账号没,抖音视频,1,1,1,1,0,0.17,1.04
https://iesdouyin.com/share/video/7628165562330673573,iesdouyin.com,新！达人如何查看商品退款率，查询入口与计算保本Roi的公式在视频最后！怎么查看退款率。#巨量千川 #随心推 #达人带货 #投流技巧,抖音视频,1,1,1,1,0,0.17,1.04
https://iesdouyin.com/share/video/7628418983770762417,iesdouyin.com,抖音旗舰店蓝标。抖音旗舰店蓝标，是抖音电商对优质旗舰店的官方高级认证，显示为蓝色「抖音旗舰」字样。  • 代表：官方直营或独家授权，正品保障  • 门槛：平台筛选优质店铺，评分、服务达标  • 优势：全店打标、流量优先、权重更高、转化更好  • 区别：普通蓝V=企业认证；蓝标=蓝V+旗舰双重认证 感兴趣的可以留言或者私信，价格比旗舰店黑标更便宜 #蓝v认证企业号 #抖音旗舰店 #黑标 #超值购 #,抖音视频,1,1,1,1,0,0.17,1.04
https://iesdouyin.com/share/video/7628828637638298920,iesdouyin.com,"飞瓜数据和蝉妈妈数据哪个比较好？。飞瓜数据和蝉妈妈哪个更精准？蝉妈妈和飞瓜数据哪个好？蝉妈妈和飞瓜的区别？
蝉妈妈和飞瓜数据对比？蝉妈妈飞瓜考古加哪个好用？蝉妈妈和飞瓜的优缺点？
蝉妈妈和飞瓜哪个准？",抖音视频,1,1,1,1,0,0.17,1.04
https://iesdouyin.com/share/video/7629262715320283813,iesdouyin.com,抖店怎么快速上架商品 #抖店运营 #百客商品 #抖店违规监控,抖音视频,1,1,1,1,0,0.17,1.04
https://iesdouyin.com/share/video/7629282875053224433,iesdouyin.com,播放卡在三五百的号两步教你自救  #短视频运营 #自媒体干货 #个人IP #从0到1做自媒体 #真实生活分享计划,抖音视频,1,1,1,1,0,0.17,1.04
https://iesdouyin.com/share/video/7629284735286975379,iesdouyin.com,蝉妈妈和飞瓜哪个更精准 蝉妈妈、考古加、飞瓜数据、灰豚、斗查查哪个更精准#数据平台 #抖音数据,抖音视频,1,1,1,1,0,0.17,1.04
https://iesdouyin.com/share/video/7629306526793158075,iesdouyin.com,快手数据分析，快手数据查询，快手商品查找，快手类目查找 快手数据分析，快手数据查询，快手商品查找，快手类目查找，飞瓜数据快手，新快数据，灰豚数据快手版#快手#快手数据#快手商品#类目#上热门🔥,抖音视频,1,1,1,1,0,0.17,1.04
https://iesdouyin.com/share/video/7629622495615782170,iesdouyin.com,"TK达人数据软件哪家好｜三个判断标准。📊广州王哥对比了5家TikTok达人数据软件，最后选了这个📈
TK达人数据软件，哪家数据更准确更全面？判断标准看三点👇
✅数据来源——是否官方实时数据，而不是静态",抖音视频,1,1,1,1,0,0.17,1.04
https://iesdouyin.com/share/video/7630091603344934501,iesdouyin.com,带货突然没单量？平台算法已经彻底变了 #短视频带货 #新手带货 #带货,抖音视频,1,1,1,1,0,0.17,1.04
https://iesdouyin.com/share/video/7631213700447276197,iesdouyin.com,0经验小白入职直播中控三板斧！直播交流大本营圈子新建的，一起来，进步成长！#中控 #直播中控 #场控 #新媒体运营   #直播电商,抖音视频,1,1,1,1,0,0.17,1.04
https://iesdouyin.com/share/video/7631414457469619502,iesdouyin.com,新手小白如何复盘 #晶姐说直播 #干货分享 #直播带货 #直播复盘,抖音视频,1,1,1,1,0,0.17,1.04
https://iesdouyin.com/share/video/7631471336125625329,iesdouyin.com,抖店防截流和运营优化技巧 #抖店运营  #抖店干货 #电商运营 #抖店  #抖音小店开店教程,抖音视频,1,1,1,1,0,0.17,1.04
https://iesdouyin.com/share/video/7631828897541197071,iesdouyin.com,电商引流视频这样提升数据！ #直播运营 #直播电商 #电商运营 #小天直播运营 #干货分享,抖音视频,1,1,1,1,0,0.17,1.04
https://iesdouyin.com/share/video/7631851682619477263,iesdouyin.com,如何寻找爆品和热门小店？ #郑和数据 #TikTok #跨境电商,抖音视频,1,1,1,1,0,0.17,1.04
https://iesdouyin.com/share/video/7632225907294509477,iesdouyin.com,播放量低该怎么办？#手机使用攻略#短视频生活号#创业视频号#短视频运营#抖音运营从自救开始,抖音视频,1,1,1,1,0,0.17,1.04
https://iesdouyin.com/share/video/7632249245249276515,iesdouyin.com,短视频新人必学：看懂后台数据高效复盘，用官方工具解决账号问题#口播视频 #上热搜 #内容太过真实 #90后创业日记,抖音视频,1,1,1,1,0,0.17,1.04
https://iesdouyin.com/share/video/7632303879988591035,iesdouyin.com,5分教会你运营型中控如何看五维四率？ #电商运营干货 #直播中控 #直播运营 #直播带货 #直播电商,抖音视频,1,1,1,1,0,0.17,1.04
https://iesdouyin.com/share/video/7632379739524648218,iesdouyin.com,中控 转 运营 必备 数据 分析 能力 很多 中控 每天 在 直播 家 就是 做 着 最 基础 的 工作 ， 弹 讲解 做 链接 ， 说 真的 跟 工厂 流水线 一样 ， 时间 长 不 说 而且 什么 都 学 不到 ， 白白 浪费 时间 。 # 中控 转 运营 # 直播 中控 # 直播 运营 # 直播 大屏 # 数据 分析,抖音视频,1,1,1,1,0,0.17,1.04
https://iesdouyin.com/share/video/7632694190510037093,iesdouyin.com,新手做抖音如何查看同行数据？#知识科普 #知识分享 #涨知识 #数据 #同行懂同行 @文哥-实体商家自运营,抖音视频,1,1,1,1,0,0.17,1.04
https://iesdouyin.com/share/video/7632712749692292390,iesdouyin.com,"抖音账号标签怎么查看？ 热点宝和巨量算查到的标签有什么不同？
#账号标签 #账号标签怎么查 #热点宝 #巨量算数",抖音视频,1,1,1,1,0,0.17,1.04
https://iesdouyin.com/share/video/7633061673229749545,iesdouyin.com,不是本地推的效果变差了，而是你的视频太差了！ #本地推 #巨量引擎 #信息流广告 #投流 #广告投放,抖音视频,1,1,1,1,0,0.17,1.04
https://iesdouyin.com/share/video/7633369062694141435,iesdouyin.com,AI教程｜获取分钟直播数据并复盘 新手运营直播完只会干瞪流量曲线、导不出每分钟直播数据复盘？ 今天教会你借助AI：从打开直播大屏➡️抓分钟直播数据➡️直播深度复盘，新手也可以变资深运营！ #AI运营,抖音视频,1,1,1,1,0,0.17,1.04
https://iesdouyin.com/share/video/7634042716850031891,iesdouyin.com,抖音诱导第三方新规来了，5月5号开始！ #抖音新规 #活体新规 #宠物活体 #宠物直播 #活体直播,抖音视频,1,1,1,1,0,0.17,1.04
https://iesdouyin.com/share/video/7634184018711613897,iesdouyin.com,教你1分钟找100个对标 #短视频 #短视频创业 #实体店 #干货分享 #餐饮,抖音视频,1,1,1,1,0,0.17,1.04
https://iesdouyin.com/share/video/7634202139585591795,iesdouyin.com,#电商运营干货 #网店运营技巧 #直通车投放指南 #电商创业经验分享 #电商运营实操教学,抖音视频,1,1,1,1,0,0.17,1.04
https://iesdouyin.com/share/video/7634203045039176550,iesdouyin.com,深夜的灯光依然亮着，虽然只有我一个人在电脑前忙碌. #电商,抖音视频,1,1,1,1,0,0.17,1.04
https://iesdouyin.com/share/video/7635485325522930979,iesdouyin.com,2026年一季度，抖音电商通过货品补贴、流量倾斜等方式，带动约3000个领航品牌实现增速提升，针对纯新品牌、老字号品牌入驻，平台开展180天长期激励陪跑，单个商家最高可获得50万千川立减红包，降低商家的入驻和起步成本。,抖音视频,1,1,1,1,0,0.17,1.04
https://iesdouyin.com/share/video/7636425374737935737,iesdouyin.com,视频 播放 量 突然 下降 ， 排查 好 这 几 点 # 短 视频 # 短 视频 公式 # 起号,抖音视频,1,1,1,1,0,0.17,1.04
https://iesdouyin.com/share/video/7637449020101276133,iesdouyin.com,用灰豚数据找对标达人数据，用这个工具查抖音数据也太香了吧！ 用灰豚数据找对标达人数据，用这个工具查抖音数据也太香了吧！#灰豚数据#灰豚数据会员#灰豚数据抖音版,抖音视频,1,1,1,1,0,0.17,1.04
https://iesdouyin.com/share/video/7638949084623870641,iesdouyin.com,短视频流量池层级拆解！为啥你播放永远上不去 #新人如何做自媒体 #创作者中心 #创作灵感 #短视频干货#流量池底层逻辑@抖音小助手 @抖音流量助手 @DOU+小助手,抖音视频,1,1,1,1,0,0.17,1.04
https://iesdouyin.com/share/video/7639000166032231716,iesdouyin.com,"发现一个 ai自动截屏生成工作日报软件。回顾自己的一天，查看时间都浪费在了哪里。工作留痕，避免被冤枉，还可以作为劳动仲裁工作记录证明

#日报 #周报",抖音视频,1,1,1,1,0,0.17,1.04
https://iesdouyin.com/share/video/7639677843824518747,iesdouyin.com,判断抖店店铺断流及调整全解析，电商人快来学！#电商运营 #抖店运营技巧 #抖店干货 #抖店运营 #抖店,抖音视频,1,1,1,1,0,0.17,1.04
https://iesdouyin.com/share/video/7640014041205188475,iesdouyin.com,2026做跨境，很难找全的，且看且珍惜！#跨境电商运营 #电商干货 #跨境电商 #干货分享 #跨境电商选品,抖音视频,1,1,1,1,0,0.17,1.04
https://iesdouyin.com/share/video/7640035710744939791,iesdouyin.com,我让 AI 自己进抖音后台，跑完了一次运营分析 这条视频记录了一次真实的自动化尝试：让 Codex 通过 Computer Use 操作抖音创作者后台，进入数据中心、查看作品分析、结合导出的 Exce,抖音视频,1,1,1,1,0,0.17,1.04
https://iesdouyin.com/share/video/7640119761998006874,iesdouyin.com,违规 了 ， 已 踩 坑 # 账号 违规 处罚 # 账号 运营 避 坑 指南 # 违规 操作 后果 # 抖音 玩法 合伙人 计划 # 情绪 音乐 玩法 新 风向,抖音视频,1,1,1,1,0,0.17,1.04
https://iesdouyin.com/share/video/7640447371108683014,iesdouyin.com,抖店流量下滑，应该如何检查诊断店铺？ #商品卡 #抖音小店 #运营干货 #新手开抖店,抖音视频,1,1,1,1,0,0.17,1.04
https://iesdouyin.com/share/video/7640683857032875279,iesdouyin.com,承接期·综合复盘篇：不复盘的GMV只是数字 #抖音商城618商家作战大图 #抖音电商学习中心 @抖音电商学习中心,抖音视频,1,1,1,1,0,0.17,1.04
https://iesdouyin.com/share/video/7641154062540475648,iesdouyin.com,工厂溯源+跨界破圈——机械革命打爆618开门红，登顶笔记本电脑榜单Top1#抖音电商学习中心 #抖音商城618 #抖音商城618商家作战大图 #618开门红,抖音视频,1,1,1,1,0,0.17,1.04
https://iesdouyin.com/share/video/7641614059170729268,iesdouyin.com,一条视频说清楚什么是直播标准化 #电商干货 #直播复盘 #电商运营 #电商创业 #直播运营,抖音视频,1,1,1,1,0,0.17,1.04
https://iesdouyin.com/share/video/7641810063887203813,iesdouyin.com,如何在别人直播间准确直接的找到这个品#绿幕直播 #抖音直播伴侣 #直播技巧 #直播带货 #创业路上的我们,抖音视频,1,1,1,1,0,0.17,1.04
https://iesdouyin.com/share/video/7641859725583665317,iesdouyin.com,做新品开发分析 做新品开发分析#产品开发 #千川投放 #抖店运营,抖音视频,1,1,1,1,0,0.17,1.04
https://iesdouyin.com/share/video/7641879509096074542,iesdouyin.com,直播带货新规之后，逼单“死”，种草“生”！ #直播带货 #直播电商 #直播话术 #运营,抖音视频,1,1,1,1,0,0.17,1.04
https://iesdouyin.com/share/video/7642275302156143882,iesdouyin.com,新人做自媒体必看的“数据分析” #自媒体 #短视频 #新人自媒体 #抖音运营团队,抖音视频,1,1,1,1,0,0.17,1.04
https://iesdouyin.com/share/video/7642983247709801734,iesdouyin.com,2026 直播算法大变天！流量突然下滑怎么调整 #直播带货 #抖音新规 #主播培训,抖音视频,1,1,1,1,0,0.17,1.04
https://iesdouyin.com/share/video/7643083148380720436,iesdouyin.com,工厂溯源 + 货品运营 + 内容破圈 + 平台加补，618抢先购首日增长650%，狗食品类目店铺榜&商品榜TOP 1   #抖音电商学习中心 #618抢先购 #618,抖音视频,1,1,1,1,0,0.17,1.04
https://iesdouyin.com/share/video/7643799194319215355,iesdouyin.com,#抖音作品违规自查指南📚。新手总担心发作品违规？教你用官方工具提前规避！  1️⃣打开抖音→点三道杠→创作者中心→安全中心→发文助手，找到快速检测功能； 2️⃣点击进入相册，选择未上传作品，系统自动检,抖音视频,1,1,1,1,0,0.17,1.04
https://iesdouyin.com/share/video/7644885599576476974,iesdouyin.com,"字节抖音电商面经｜指标体系很难但有套路 字节抖音电商面经来了！
今天模拟一下指标体系怎么回答，虽然这道题很难，但是有套路！
#数据分析师 #面经 #指标体系 #模拟面 #字节",抖音视频,1,1,1,1,0,0.17,1.04
https://iesdouyin.com/share/video/7645936064821234980,iesdouyin.com,2026巨量千川618大促权益更新！AI工具投放更省力，素材生成/数据复盘/账户优化一键搞定，大促效率直接拉满！#巨量千川,抖音视频,1,1,1,1,0,0.17,1.04
https://iesdouyin.com/share/video/7646049007114093177,iesdouyin.com,找爆款 #自媒体#短视频创业#干货分享#短视频教学,抖音视频,1,1,1,1,0,0.17,1.04
https://iesdouyin.com/share/video/7646310866979212554,iesdouyin.com,电商人面试、日常工作不会看大屏数据分析？那不如回家洗洗睡了！ 真正运营不会看数据？那千万不要说自己是运营了，你连问题都看不出来，怎么去解决问题呢？#电商运营 #运营 #直播电商 #直播运营 #运营干货,抖音视频,1,1,1,1,0,0.17,1.04
https://iesdouyin.com/share/video/7646362481783456689,iesdouyin.com,新人做帐号，如何分析账号、优化作品 #知识分享 #自媒体#短视频创业 #新人如何做抖音 #干货分享,抖音视频,1,1,1,1,0,0.17,1.04
https://iesdouyin.com/share/video/7646394383361438363,iesdouyin.com,效率翻倍！！这个工具品牌必须知道 #效率神器 #快苔 #抖音数据分析 #创作者中心 #创作灵感,抖音视频,1,1,1,1,0,0.17,1.04
https://iesdouyin.com/share/video/7647005029967029160,iesdouyin.com,抖店全链路7大落地运营闭环导图。#电商运营 #短视频创作#素材制作#抖音起号,抖音视频,1,1,1,1,0,0.17,1.04
https://iesdouyin.com/share/video/7647069130385884262,iesdouyin.com,快手第三方工具，怎么查快手达人数据 快手数据用哪个软件查比较好，飞瓜快手好用吗，飞瓜快手精准吗？飞瓜快手能看到哪些数据，飞瓜快手和灰豚快手哪个更好用，灰豚快手数据精准吗，灰豚快手数据怎么登录,抖音视频,1,1,1,1,0,0.17,1.04
https://iesdouyin.com/share/video/7647793815437328842,iesdouyin.com,#视频带货答疑 #开通视频带货 #原创视频经验分享 #创业视频带货 #做视频带货,抖音视频,1,1,1,1,0,0.17,1.04
https://iesdouyin.com/share/video/7648584799678111409,iesdouyin.com,罗盘更新！可以查看同行投产了！ #罗盘 #同行数据 #亦然电商#直播运营#直播带货,抖音视频,1,1,1,1,0,0.17,1.04
https://iesdouyin.com/share/video/7648810297230465012,iesdouyin.com,电商平台监控神器 帮你提升50%效率。电商平台价格 库存上下架监控神器，帮你提高50%效率。#电商监控 #价格监控 #库存监控 #新品监控,抖音视频,1,1,1,1,0,0.17,1.04
https://iesdouyin.com/share/video/7648891115370465871,iesdouyin.com,搞懂5维4率，再也不用盲目优化直播间了 直播间出问题不知道哪错了？别瞎猜了，用 5 维 4 率一眼看穿。 很多主播下播只会看场观和成交，场观低就怪平台不给流量，成交低就怪产品不好。其实根本不是，通过,抖音视频,1,1,1,1,0,0.17,1.04
https://iesdouyin.com/share/video/7648994371534405358,iesdouyin.com,如何查看主页视频在直播间自然成交多少 #全域投放 #全域追投 #直播起号,抖音视频,1,1,1,1,0,0.17,1.04
https://iesdouyin.com/share/video/7649002705373591785,iesdouyin.com,发完作品忍不住刷后台？3招帮你摆脱数据内耗 #你的突破经验分享 #自媒体干货 #创作灵感 #新手做自媒体 #数据焦虑,抖音视频,1,1,1,1,0,0.17,1.04
https://iesdouyin.com/share/video/7649216853454147962,iesdouyin.com,抖音限流？两步自查翻3倍流量！同样的内容别人发一两个小时就破千，你发却只有几十播放量？大概率是账号被隐性降权了！教你两个快速自查方法，亲测有效！  1️⃣检查数据中心：进入抖音创作者中心，看主页右上角,抖音视频,1,1,1,1,0,0.17,1.04
https://iesdouyin.com/share/video/7649327821618271921,iesdouyin.com,商家朋友们，做抖音小店如何快速去找同行有流量的竞品来上架？教你三招 #商品卡流量 #抖音代运营 #抖店运营 #抖音商品卡 #抖音代运营公司,抖音视频,1,1,1,1,0,0.17,1.04
https://iesdouyin.com/share/video/7649690334703906368,iesdouyin.com,普通运营看结果，高手运营拆原因。#电商运营 #电商干货 #电商创业 #运营干货 #底层逻辑,抖音视频,1,1,1,1,0,0.17,1.04
https://iesdouyin.com/share/video/7650119684994690469,iesdouyin.com,千川数据分析2 #千川数据 #千川投放技巧 #抖音直播 #直播带货 #数据分析,抖音视频,1,1,1,1,0,0.17,1.04
https://iesdouyin.com/share/video/7650415593203502370,iesdouyin.com,3 分钟以后，你再也不用熬夜做短视频复盘了 #迪普AI #洛阳迪普 #直播复盘 #短视频复盘 #AI复盘,抖音视频,1,1,1,1,0,0.17,1.04
https://iesdouyin.com/share/video/7650438342965808436,iesdouyin.com,新手新号，怎么破十万播放量？ #轻抖app  #轻抖哥  #自媒体运营  #干货分享  #短视频创作,抖音视频,1,1,1,1,0,0.17,1.04
https://iesdouyin.com/share/video/7650749385731245233,iesdouyin.com,如何快速涨到1000粉丝#短视频运营 #涨粉 #短视频干货 #重庆短视频运营,抖音视频,1,1,1,1,0,0.17,1.04
https://iesdouyin.com/share/video/7650923459278605618,iesdouyin.com,"不用技术团队，AI Agent 也能做抖音数据看板 想做一个自己的抖音数据看板？
以前可能要技术团队，现在 AI Agent 也能帮你跑通。
自动打开后台
自动导出数据
自动填进飞书表格
自动生成图表",抖音视频,1,1,1,1,0,0.17,1.04
https://iesdouyin.com/share/video/7651516742968149951,iesdouyin.com,如何快速获取3C数码全网销量与爆品数据？#3C数码全网销量与爆品数据#获取数据 #爆品推荐,抖音视频,1,1,1,1,0,0.17,1.04
https://iesdouyin.com/share/video/7651560978596760841,iesdouyin.com,直播间深度复盘应该看哪些数据 #直播带货 #晶姐说直播 #干货分享 #直播复盘,抖音视频,1,1,1,1,0,0.17,1.04
https://iesdouyin.com/share/video/7651880469819148965,iesdouyin.com,抖音电商数据分析，不看这些指标等于白干！你是不是也有这种感觉—— 视频发了，直播播了，商品也挂了，但就是看不到明显增长？ 问题很可能出在：你不会看数据。  抖音电商不是靠感觉做的，是靠数据调的。  今,抖音视频,1,1,1,1,0,0.17,1.04
https://iesdouyin.com/share/video/7651920435186022053,iesdouyin.com,电商平台后台如何导出核对？如何核对淘宝，京东，抖音平台的数据？#会计干货 #每天学点财务知识 #电商运营干货分享,抖音视频,1,1,1,1,0,0.17,1.04
https://iesdouyin.com/share/video/7651967737429904686,iesdouyin.com,企业抖音运营难题，AI企帮手来搞定 #企业抖音运营 #抖音运营神器 #AI企业抖音助手 #企业抖音数据导出 #抖音视频生成,抖音视频,1,1,1,1,0,0.17,1.04
https://iesdouyin.com/share/video/7652140536232512201,iesdouyin.com,谁有权干涉你的抖音作品？路人、平台、法律区别很大 #抖音社区自律公约 #做博主心得 #创作自由边界 #账号运营常识 #自媒体科普 【简介】：【拆解抖音创作者核心权益】：自主发布权受平台保障，但自由存在,抖音视频,1,1,1,1,0,0.17,1.04
https://iesdouyin.com/share/video/7652194936489916526,iesdouyin.com,播放量上不去，三步教会你怎么账号自测 #新人来做抖音 #账号流量 #播放量破千万 #自媒体干货 #账号运营,抖音视频,1,1,1,1,0,0.17,1.04
https://iesdouyin.com/share/video/7652226283720927589,iesdouyin.com,新人几点发作品更好呢赶紧看一看吧#新手发作品 #几点发作品便容易上热门#抖音实操教学@DOU+小助手,抖音视频,1,1,1,1,0,0.17,1.04
https://iesdouyin.com/share/video/7652339923281906954,iesdouyin.com,AI企帮手，让企业抖音运营更轻松！ #企业抖音运营 #抖音运营必备 #AI运营支持 #抖音数据导出 #抖音视频生成,抖音视频,1,1,1,1,0,0.17,1.04
https://iesdouyin.com/share/video/7652708825007445093,iesdouyin.com,竞品分析的5个核心指标,抖音视频,1,1,1,1,0,0.17,1.04
https://iesdouyin.com/share/video/7653793844593382587,iesdouyin.com,播放量卡几百？教你3步激活账号标签，流量直接起飞！#抖音运营 #账号标签 #干货分享 #抖音避坑,抖音视频,1,1,1,1,0,0.17,1.04
https://iesdouyin.com/share/video/7654066280798612131,iesdouyin.com,抖音电商数据分析工具灰豚数据抖音版，灰豚数据抖音版会员 抖音电商数据分析工具灰豚数据抖音版，灰豚数据抖音版会员。找达人，看对标达人商品直播数据，#找达人#直播数据#灰豚数据抖音版#灰豚数据会员,抖音视频,1,1,1,1,0,0.17,1.04
https://iesdouyin.com/share/video/7654146833845144683,iesdouyin.com,如何用蝉妈妈分析千川投放趋势与竞品动态？#蝉妈妈分析数据 #千川投放趋势 #竞品动态 #蝉妈妈,抖音视频,1,1,1,1,0,0.17,1.04
https://iesdouyin.com/share/video/7654162304224824591,iesdouyin.com,"618大盘拆解｜三大电商平台表现如何？。电商人速码 2026 年 618 完整复盘
根据复旦消费大数据实验室数据，今年618全网零售额创新高，同比上涨 3.2%，货架 + 直播电商分化明显，三大头部平",抖音视频,1,1,1,1,0,0.17,1.04
https://iesdouyin.com/share/video/7654182061519684587,iesdouyin.com,#直播 直播推流,抖音视频,1,1,1,1,0,0.17,1.04
https://iesdouyin.com/share/video/7654207036800148642,iesdouyin.com,#短视频运营 #实体店引流 #个人ip #自媒体,抖音视频,1,1,1,1,0,0.17,1.04
https://iesdouyin.com/share/video/7654558360355818795,iesdouyin.com,2026 抖音投流大变天！全域+品广才是当前版本的答案 #千川投放技巧 #直播带货 #电商直播,抖音视频,1,1,1,1,0,0.17,1.04
https://iesdouyin.com/share/video/7654596989187763193,iesdouyin.com,#带货#抖音带货#短视频带货#图文带货#视频带货,抖音视频,1,1,1,1,0,0.17,1.04
https://iesdouyin.com/share/video/7654923175230262001,iesdouyin.com,运营人必学，豆包 AI 表格快速搞定全套数据复盘流程！#新媒体运营 #豆包ai #干货分享 #职场这课我来讲 #日常vlog,抖音视频,1,1,1,1,0,0.17,1.04
https://iesdouyin.com/share/video/7655591182436746707,iesdouyin.com,电商运营怎么查抖音达人带货数据真假？#蝉妈妈 #达人带货数据真假 #达人带货数据,抖音视频,1,1,1,1,0,0.17,1.04
https://iesdouyin.com/share/video/7655665304593565139,iesdouyin.com,四步截取竞品精准流量，大幅拉高直播间转化 #千川 #千川投放技巧 #全域 #直播运营 #直播带货,抖音视频,1,1,1,1,0,0.17,1.04
https://iesdouyin.com/share/video/7655728507716177190,iesdouyin.com,投流新手必看：同行素材数据查看方法，怎么判断你真的会看吗？ #巨量千川全域推广 #巨量千川投放技巧 #千川投放技巧 #巨量千川 #直播带货,抖音视频,1,1,1,1,0,0.17,1.04
https://iesdouyin.com/share/video/7655856129230361570,iesdouyin.com,想要恢复推流学会这两招就够了#运营 #自媒体 #推流 #运营干货 #知识分享,抖音视频,1,1,1,1,0,0.17,1.04
https://iesdouyin.com/share/video/7655904598833630470,iesdouyin.com,直播间复盘全攻略：4大板块拆解 #直播复盘 #干货分享 #运营 #晶姐说直播,抖音视频,1,1,1,1,0,0.17,1.04
https://iesdouyin.com/share/video/7655949574678252846,iesdouyin.com,抖店必关3个功能！降低店铺品退，防止被截流…… #抖店运营 #抖店干货 #电商知识分享 #真实生活分享计划 #电商创业 @DOU+小助手,抖音视频,1,1,1,1,0,0.17,1.04
https://iesdouyin.com/share/video/7656641990024645939,iesdouyin.com,抖音直播大盘，一个视频教你分析数据 #千川#全域#巨量千川,抖音视频,1,1,1,1,0,0.17,1.04
https://iesdouyin.com/share/video/7656644995802596324,iesdouyin.com,如何精准查询抖音类目大盘趋势与爆款数据？#类目大盘趋势 #类目大盘爆款数据 #蝉妈妈,抖音视频,1,1,1,1,0,0.17,1.04
https://iesdouyin.com/share/video/7656786276277000143,iesdouyin.com,#带货主播复盘 #小白入行 #飞书aily #拯救618 #AI   复盘是提高直播能力最快的方式——数据怎么看、问题怎么找、下一步怎么改，都要理清楚。复盘不复杂，关键是方法要对。希望这期内容对你有帮助💪,抖音视频,1,1,1,1,0,0.17,1.04
https://iesdouyin.com/share/video/7657022668058742052,iesdouyin.com,创作工坊 | 作品数据实时可查，复盘创作轻松规划 #上抖音找95152 #抖音数据中心 #创作者中心,抖音视频,1,1,1,1,0,0.17,1.04
https://iesdouyin.com/share/video/7657832066158953445,iesdouyin.com,如何找到对标达人，一条视频干货给大家讲清楚 #直播 #直播运营 #直播运营技巧,抖音视频,1,1,1,1,0,0.17,1.04
https://iesdouyin.com/share/video/7658132061988292166,iesdouyin.com,品牌运营怎么查抖音数据？#抖音数据 #抖音视频数据 #抖音直播数据 #蝉妈妈,抖音视频,1,1,1,1,0,0.17,1.04
https://iesdouyin.com/share/video/7658228591473226971,iesdouyin.com,抖音 电商 投放 必 看 ROI 干货 文案 。 # 千川 # 抖 店 # 电商 人 # 运营 # 全域,抖音视频,1,1,1,1,0,0.17,1.04
https://iesdouyin.com/share/video/7658265136839542123,iesdouyin.com,四步换控本追投，每一步给你标准，测完就知道哪条能打！点赞收藏#千川投放技巧 #直播运营 #全域推广 #千川全域 #千川,抖音视频,1,1,1,1,0,0.17,1.04
https://iesdouyin.com/share/video/7659104420450162874,iesdouyin.com,自己直播间跟同行比差在哪？怎么精准复盘？ #直播运营 #直播技巧 #直播带货 #直播培训,抖音视频,1,1,1,1,0,0.17,1.04
https://iesdouyin.com/share/video/7659298207433125119,iesdouyin.com,新锐品牌怎么查抖音爆款？#新锐品牌找对标 #对标爆款 #蝉妈妈查数据,抖音视频,1,1,1,1,0,0.17,1.04
https://iesdouyin.com/share/video/7659301351721042175,iesdouyin.com,抖音电商运营怎么查短视频种草效果？#短视频种草效果#种草好物 #蝉妈妈查种草数据,抖音视频,1,1,1,1,0,0.17,1.04
https://iesdouyin.com/share/video/7659351917214174483,iesdouyin.com,如何 才能 做出 爆款 视频 ， 一个 视频 给你 讲 透 。 # 新 媒体 运营 # 短 视频 # 爆款 # 运营 学姐 小乖,抖音视频,1,1,1,1,0,0.17,1.04
https://iesdouyin.com/share/video/7659416415644968881,iesdouyin.com,最近TK小店单量突然断崖式下滑，得从这十点挨个排查～#电商运营知识分享 #跨境电商 #电商真实说 #惠州跨境电商 #Tiktok,抖音视频,1,1,1,1,0,0.17,1.04
https://iesdouyin.com/share/video/7659648273522642191,iesdouyin.com,自媒体这个事儿，只要去做了，多少都会有点收获。 只要开始做了，就会想这样，又想那样，但是不会，就会开始到处搜，到处学。昨天想看看数据，一条条看不方便，就想导出，摸索出来了，顺便录屏拍个视频分享出来。,抖音视频,1,1,1,1,0,0.17,1.04
https://iesdouyin.com/share/video/7659679159563619636,iesdouyin.com,"品牌商家调研数据曝光,26年到底该把精力放在哪个平台？ #2026电商趋势  #品牌商家  #电商人 #电商运营 #中小卖家",抖音视频,1,1,1,1,0,0.17,1.04
https://iesdouyin.com/share/video/7659689919421369600,iesdouyin.com,千川投放必备的4个工具 裂变+去水印+破坏+混剪，教学版 #AI电商  #codex  #千川  #千川投放技巧  #抖店运营,抖音视频,1,1,1,1,0,0.17,1.04
https://iesdouyin.com/share/video/7660548786565889935,iesdouyin.com,分享：千川素材测试，判断指标！#巨量千川#千川投放技巧#经验分享#千川计划#电商,抖音视频,1,1,1,1,0,0.17,1.04
https://iesdouyin.com/share/video/7661290821026712832,iesdouyin.com,抖店新功能如何查看对标的流量结构以及ROI和短视频的销售额！ #巨量千川全域推广 #巨量千川投放技巧 #巨量千川 #千川投放技巧 #直播带货,抖音视频,1,1,1,1,0,0.17,1.04
https://iesdouyin.com/share/video/7661550697700484219,iesdouyin.com,一支牙膏，一场直播，抖音卖了22万，没含私域  不作不装，保持真诚和善意#电商真实说 #电商运营经验分享 #电商运营数据分析,抖音视频,1,1,1,1,0,0.17,1.04
https://iesdouyin.com/share/video/7661970047253985768,iesdouyin.com,抖店刚下单就秒退 如何自查和优化#电商运营知识分享 #电商运营工作内容 #电商 #抖音小店 #电商干货,抖音视频,1,1,1,1,0,0.17,1.04
https://iesdouyin.com/share/video/7662284129081940900,iesdouyin.com,抖音小店数据怎么查？官方太繁琐，蝉妈妈一键解锁核心洞察！ 1 个主问题：抖音小店数据查看有哪些方法？  细分小问题 1：如何查看官方后台基础数据？ 小回答：直接登录抖音电商后台，在数据中心可查看订单、,抖音视频,1,1,1,1,0,0.17,1.04
https://iesdouyin.com/share/video/7662287781917681078,iesdouyin.com,如何查看同行ROI以及打法 这套三看法认真看#直播运营 #抖音电商 #电商运营 #直播 #直播创业,抖音视频,1,1,1,1,0,0.17,1.04
https://iesdouyin.com/share/video/7662295295837424616,iesdouyin.com,用Codex对自媒体对标账号追踪拆解 Codex帮我自动追踪 对标博主，我已经不用一个个刷他们的主页了。每天打开飞书，就能看到他们都在发什么、哪些内容数据好、哪些选题我可以用。 #我在抖音聊科技#当我,抖音视频,1,1,1,1,0,0.17,1.04
https://iesdouyin.com/share/video/7662590348577026981,iesdouyin.com,抖音类目大盘趋势在哪里精准查询？Q1: 在哪里能查到抖音全类目的大盘趋势数据？ A1: 做类目分析，第一步不是看榜单，而是先弄清楚这个类目整体是在涨还是跌、价格带怎么走、竞争挤不挤。运营需要关注的三个,抖音视频,1,1,1,1,0,0.17,1.04
https://iesdouyin.com/share/video/7662957261753212068,iesdouyin.com,抖音直播数据复盘：从基础到深度分析指南 Q1:想看抖音直播数据，主要有哪些地方？   A1:你可以去抖音官方的创作者中心后台，里面有直播基本数据，比如观看人数、停留时长。  抖音数据平台也能提供带货榜,抖音视频,1,1,1,1,0,0.17,1.04
https://iesdouyin.com/share/video/7663031580696300836,iesdouyin.com,今天教各位，如何去查看同行的高跑量素材，保姆级教程，先赞后看#陈磊大鱼来客 #抖音运营 #门店获客 #实体老板必看 #运营技巧,抖音视频,1,1,1,1,0,0.17,1.04
https://iesdouyin.com/share/video/7663039481909929125,iesdouyin.com,2026抖店新版数据提取手册来啦📊。抖店明明爆单却赚不到钱？试试这份数据提取手册！我用下来感觉真的能解决不少问题～  #电商会计核算 #售后 #电商会计常用表格 #干货学习笔记 #抖店,抖音视频,1,1,1,1,0,0.17,1.04
https://iesdouyin.com/share/video/7663070343782812962,iesdouyin.com,电商全平台数据打通，AI自动汇总并分析，优化方案直接给#电商 #电商人 #AI电商 #电商智能体,抖音视频,1,1,1,1,0,0.17,1.04
https://iesdouyin.com/share/video/7663129817693707441,iesdouyin.com,新规后，流量腰斩7大原因速查 碰到流量暴跌，先别慌，更不要脑子一热就换赛道，或者直接摆烂停更。静下心来，去后台拉拉数据，看看有没有隐形违规，查查粉丝活跃度，复盘一下完播曲线。抖音这波新规，其实就是把那些想走捷径的人筛出去。你要记住，做短视频从来没有一夜爆红，流量起伏是常态。底层逻辑很简单：算法永远喜欢能留住人的好内容。别总想着钻空子，回归初心，坚持做垂直原创，踏踏实实给你的观众提供价值。只要内容够,抖音视频,1,1,1,1,0,0.17,1.04
https://iesdouyin.com/share/video/7664318188410981455,iesdouyin.com,#涨粉一千万 #账号违规解决 #账号不推流 #新手起号 @DOU+小助手,抖音视频,1,1,1,1,0,0.17,1.04
https://iesdouyin.com/share/video/7664402442113402715,iesdouyin.com,曝光、内场观、外场观，一次理清 三张数字为啥对不上？ 播了很久还看不懂直播间数据？ 后台曝光人数、进房内场观、下播弹窗外场观，三组数字看着完全不一样，今天拿我自己直播截图大白话拆解，搞懂流量底层逻辑，复盘再也不迷茫。  #直播数据干货 #内外场观讲解 #新人主播必看 #抖音流量逻辑 #自媒体实操,抖音视频,1,1,1,1,0,0.17,1.04
https://iesdouyin.com/share/video/7664446181807803688,iesdouyin.com,电商小白入门指南。想做电商，如何选品？文案和图片又该怎么做？#电商创业 #电商运营 #选品技巧 #电商入门,抖音视频,1,1,1,1,0,0.17,1.04
https://iesdouyin.com/share/video/7664455226074263793,iesdouyin.com,本地推如何找同行或者跨行爆款视频，一共有4个方法，分享给大家。#本地推 #投流 #投流素材 #干货分享 #知识分享 @DOU+小助手,抖音视频,1,1,1,1,0,0.17,1.04
https://iesdouyin.com/share/video/7664545838378552630,iesdouyin.com,如何一分钟找100个对标账号？ #自媒体 #短视频运营 #短视频拍摄 #运营知识,抖音视频,1,1,1,1,0,0.17,1.04
https://iesdouyin.com/share/video/7665169994292930662,iesdouyin.com,2026做了视频想复盘逐字稿，复制链接粘贴到「蚕小豆提词快转」文字自动出来。还能反复听自己口播找问题、导出TXT做笔记，剪辑时直接导入SRT字幕。#蚕小豆提词快转#短视频链接转文字,抖音视频,1,1,1,1,0,0.17,1.04
https://iesdouyin.com/share/video/7665193086730359909,iesdouyin.com,播放量不理想，可以这样做。#自媒体#干货分享 #大数据推荐给有需要的人 #经验分享 #口播视频,抖音视频,1,1,1,1,0,0.17,1.04
https://iesdouyin.com/share/video/7665244911881986496,iesdouyin.com,抖音短视频流量来源不明？3个查法一次讲清 Q1: 抖音短视频流量来源不明怎么查 A1: 先去抖音后台的“作品数据分析”里，看“观众来源”这个板块，能清楚看到主页浏览、粉丝、推荐流等不同渠道的具体占比。,抖音视频,1,1,1,1,0,0.17,1.04
https://iesdouyin.com/share/video/7665254602618887552,iesdouyin.com,蝉妈妈直播数据，用蝉妈妈看对标直播数据分析 蝉妈妈直播数据，用蝉妈妈看对标直播数据分析，蝉妈妈会员#直播数据#蝉妈妈会员,抖音视频,1,1,1,1,0,0.17,1.04
https://iesdouyin.com/share/video/7665304628977228923,iesdouyin.com,平台分配抖音推流，只看这4个核心数据 最后总结重点，抖音推流不靠运气，冷启动数据、四项核心互动指标、账号权重、长尾价值，共同决定你的流量上限。做好三秒钩子、打造收藏干货、引导评论、维护账号权重四件事，就能持续拿到平台自然抖音推流。内容干货满满，建议点赞收藏，后续持续更新更多抖音官方运营规则干货。#抖音干货 #抖音流量 #抖音推流机制 #新手做抖音 #短视频算法,抖音视频,1,1,1,1,0,0.17,1.04
https://iesdouyin.com/share/video/7665307434096905487,iesdouyin.com,电商选品数据总结工具 #抖店 #电商运营 #电商干货 #知识分享,抖音视频,1,1,1,1,0,0.17,1.04
https://iesdouyin.com/share/video/7665564994671994950,iesdouyin.com,8月1号千川调整重磅落地 认真看 少花冤枉钱#直播运营 #抖音电商 #电商运营 #直播 #新规,抖音视频,1,1,1,1,0,0.17,1.04
https://iesdouyin.com/share/video/7665602749140289871,iesdouyin.com,#账号完全不推流?我就是抓住这4点流量立刻回暖,抖音视频,1,1,1,1,0,0.17,1.04
https://iesdouyin.com/share/video/7666064442996048497,iesdouyin.com,视频流量突然几十个位数，三步帮你查找原因恢复 #恢复流量 #流量个位数怎么办 #流量断崖式下跌怎么办 #短视频运营 #抖音运营,抖音视频,1,1,1,1,0,0.17,1.04
https://iesdouyin.com/share/video/7666370770037425585,iesdouyin.com,蚂蚁电商·ROI无潜不起全域配抖加。蚂蚁电商·ROI无潜不起全域配抖加 【7月重大更新】全域配抖加4.0,抖音视频,1,1,1,1,0,0.17,1.04
https://iesdouyin.com/share/video/7666497291028565290,iesdouyin.com,如何 快速 找到 同行 的 爆款 短 视频 素材 并 扒 下来 学习 # 电商 # 电商 罗盘 # 电商 投 流 # 电商 选品 # 罗盘 跳转 插件,抖音视频,1,1,1,1,0,0.17,1.04
https://iesdouyin.com/share/video/7666722897042766769,iesdouyin.com,#真实生活分享计划 #电商运营知识分享#账号检查 #自助清粉,抖音视频,1,1,1,1,0,0.17,1.04
https://iesdouyin.com/share/video/7667151742835887403,iesdouyin.com,粉丝求解：187个 点击只成交一单应该怎么办？ #短视频运营 #抖音运营,抖音视频,1,1,1,1,0,0.17,1.04
https://iesdouyin.com/share/video/7667592402600873225,iesdouyin.com,一个面向短视频创作者复盘的工具 #codex #短视频复盘,抖音视频,1,1,1,1,0,0.17,1.04
https://iesdouyin.com/share/video/7667721716563041152,iesdouyin.com,#短视频分享日常 #抖音 #口播 #短视频 #真实生活分享计划,抖音视频,1,1,1,1,0,0.17,1.04
https://iesdouyin.com/share/video/7668287191463235761,iesdouyin.com,#抖音流量机制 #创作者中心 #创作灵感,抖音视频,1,1,1,1,0,0.17,1.04
https://iesdouyin.com/share/video/7668536173219875465,iesdouyin.com,抖音如何查询举报，违规及限流,抖音视频,1,1,1,1,0,0.17,1.04
https://iesdouyin.com/share/video/7669026302170598656,iesdouyin.com,20个抖音后台数据知识点 没事儿多看看 #编导宝宝 #新手做抖音 #抖音后台数据 #2秒跳出率 #涨粉,抖音视频,1,1,1,1,0,0.17,1.04
https://iesdouyin.com/share/video/7669233112987267931,iesdouyin.com,直播带货后台如何看，巨量百应教程，一定成为运营型主播，加油#直播带货 #新手主播 #林校长 #加油咱普通人能行 #如何从零开始做直播带货,抖音视频,1,1,1,1,0,0.17,1.04
https://iesdouyin.com/share/video/7669458641791742386,iesdouyin.com,现在是抖音指数，原来是“巨量算数” 大家把巨量算数换成现在的抖音指数，改版了，步骤操作一样的哦#抖音指数#找对标 #找同行,抖音视频,1,1,1,1,0,0.17,1.04
https://iesdouyin.com/share/video/7669757189971545350,iesdouyin.com,竞对ROI查不到，但能猜到！误差不超 15% #千川投放技巧 #千川运营 #千川代投 #直播带货,抖音视频,1,1,1,1,0,0.17,1.04
https://iesdouyin.com/share/video/7669804468552207626,iesdouyin.com,【千川乘方】从全域升级到乘方，会有什么变化？ #巨量千川 #千川乘方 #抖音电商 #商家经营 #抖音电商学习中心,抖音视频,1,1,1,1,0,0.17,1.04
https://iesdouyin.com/share/video/7670116482140190699,iesdouyin.com,全职妈妈vlog｜我们都要在自己的节奏里慢慢向前，慢慢发光💐#十亿vlog流量扶持计划 #创作者中心 #创作灵感 #真实生活分享计划 #短视频知识分享 @DOU+小助手 @DOU+上热门 @抖音作者助手,抖音视频,1,1,1,1,0,0.17,1.04
https://iesdouyin.com/share/video/7670211446717847220,iesdouyin.com,这两天都是这样，抖音后台和第三方数据对不上，有订单没佣金，啥原因啊？被吃了吗？,抖音视频,1,1,1,1,0,0.17,1.04
https://iesdouyin.com/share/video/7670855648669863161,iesdouyin.com,洗衣粉爆款怎么看？蝉妈妈3步避坑 Q1: 洗衣粉万级销量是真爆品吗？ A1: 别只看单日销量。进入蝉妈妈「商品-SPU库」，搜索洗衣粉，查看同品多链接聚合数据。若多个链接累计销量高且价格带稳定，才是真,抖音视频,1,1,1,1,0,0.17,1.04
https://iesdouyin.com/share/video/7671259936731883179,iesdouyin.com,#电商,抖音视频,1,1,1,1,0,0.17,1.04
https://iesdouyin.com/share/video/7671535524846259510,iesdouyin.com,千川素材判断，盯好这4块数据，好坏一眼看清 #千川#千川投放技巧#千川运营#直播投流技巧#直播投流运营,抖音视频,1,1,1,1,0,0.17,1.04
https://iesdouyin.com/share/video/7671546366346186036,iesdouyin.com,判断素材好坏，别再看投产单挑了，用这套四维框架 #千川#千川投放技巧#千川运营#直播投流技巧#直播投流运营,抖音视频,1,1,1,1,0,0.17,1.04
https://iesdouyin.com/share/video/7671695358347229670,iesdouyin.com,发了几十条视频一单也不出，这7个数据对着查，新手也能选到高转化的品。#短视频带货 #带货 #短视频变现 #自媒体创业 #搞钱,抖音视频,1,1,1,1,0,0.17,1.04
https://iesdouyin.com/share/video/7671851476667563002,iesdouyin.com,平台是怎样判断你的作品质量的，这四项核心数据讲清楚 #分享你的抖音技巧吧 #创作者中心 #创作灵感,抖音视频,1,1,1,1,0,0.17,1.04
https://iesdouyin.com/share/video/7671973375208017363,iesdouyin.com,抖音团购爆款视频跟拍 团购商家爆款成交短视频怎么拍，同行业爆款素材都是什么样子的？在哪去看？怎么跟拍？#短视频运营 #团购运营 #本地生活运营 #爆款视频跟拍 #知识分享,抖音视频,1,1,1,1,0,0.17,1.04
https://iesdouyin.com/share/video/7672225098896080872,iesdouyin.com,#抖音知识 #手机使用技巧 @DOU+小助手,抖音视频,1,1,1,1,0,0.17,1.04
https://iesdouyin.com/share/video/7672792324036329189,iesdouyin.com,视频号快速查对标同行 #视频号 #视频号运营 #视频号带货 #视频号直播 #视频号运营技巧,抖音视频,1,1,1,1,0,0.17,1.04
https://iesdouyin.com/share/video/7672798953495478708,iesdouyin.com,账号违规，就是推流怎么办#新人如何做抖音 #短视频 #运营 #个人ip #实体店引流,抖音视频,1,1,1,1,0,0.17,1.04
https://iesdouyin.com/share/video/7673131595126225551,iesdouyin.com,没想到吧，媒介鼠鼠的“准时下班”秘密就是。以前筛达人数据，我是Ctrl+C，Ctrl+V，再Ctrl+V，再Ctrl+V……循环往复，觉得自己像厂里踩缝纫机的。 自从装了MIBADS，好家伙，直接当上,抖音视频,1,1,1,1,0,0.17,1.04
https://iesdouyin.com/share/video/7673280926097495014,iesdouyin.com,搞透创作者中心胜过瞎拍百条视频 #我要上热门 #新手做抖音攻略 #短视频分享干货知识 #抖音创作者中心 @抖加小助手,抖音视频,1,1,1,1,0,0.17,1.04
https://iesdouyin.com/share/video/7673315304790065081,iesdouyin.com,账号五边形雷达图怎么看 ？五项数据逐条教你自查！！ #真实生活分享计划 #账号雷达图详解##自媒体运营干货#抖音玩法合伙人计划#坚持就是胜利@DOU+上热门,抖音视频,1,1,1,1,0,0.17,1.04
https://iesdouyin.com/share/video/7673349421954113253,iesdouyin.com,抖音隐形竞品怎么找？蝉妈妈3步反向定位。Q1: 如何通过商品反向定位抖音隐形竞品店铺？ A1: 挖掘隐形竞品的核心逻辑是“以品找店”，避开品牌光环，锁定实际出货的源头小店。 ①进入蝉妈妈【商品】板块，,抖音视频,1,1,1,1,0,0.17,1.04
https://iesdouyin.com/share/video/7673455120689120869,iesdouyin.com,# 运营 # 实体 店 引流 # 实体 店 做 抖音 # 新 媒体 运营 # 自 媒体 干货,抖音视频,1,1,1,1,0,0.17,1.04
https://iesdouyin.com/share/video/7673662447124106617,iesdouyin.com,自媒体干货 要是你也遇到了账号正常但没流量的问题，一定要去看这个隐藏的违规记录。#自媒体干货#干货分享#查找违规记录 @DOU+小助手 @粉丝1000万 @抖加🔥上热门🔥dou+🔥热点宝,抖音视频,1,1,1,1,0,0.17,1.04
https://iesdouyin.com/share/video/7673749621642481785,iesdouyin.com,没违规播放低，看两秒跳出数据  账号检测显示正常，但作品没流量？去创作者中心看两秒跳出数据，找到流量真实问题，不用瞎猜账号问题。#抖音账号自查 #新手做抖音 #抖音创作者后台 #两秒跳出率 #短视频冷启动,抖音视频,1,1,1,1,0,0.17,1.04
https://iesdouyin.com/share/video/7673897381238854386,iesdouyin.com,带货大坑！丢单，隐藏视频、下架橱窗，居然还在出单依然没有佣金。终于被我弄清楚背后的真相了，此视频有点长，需要耐心观看。我相信这条视频也一定能帮助到你！#短视频带货 #丢单#短视频带货踩坑 #踩坑,抖音视频,1,1,1,1,0,0.17,1.04
https://iesdouyin.com/share/video/7674114239011317366,iesdouyin.com,我拍了 14 条视频，用 AI 复盘后找到 3个致命问题 #成长#干货#真诚分享#复盘#自媒体,抖音视频,1,1,1,1,0,0.17,1.04
https://iesdouyin.com/share/video/7674127845958436849,iesdouyin.com,三步看透同行 #直播带货 #干货分享 #电商 #三农 #主播运营,抖音视频,1,1,1,1,0,0.17,1.04
https://iesdouyin.com/share/video/7674253494698894565,iesdouyin.com,生意经重磅更新功能【同行对比】，可以看竞对数据的🐮工具 #罗天行 #抖音来客 #本地生活 #代运营 #本地推,抖音视频,1,1,1,1,0,0.17,1.04
https://iesdouyin.com/share/video/7674509235142025841,iesdouyin.com,我评论了@一棵大大树 的作品： 分享一个查抖音账号核心标签的步骤👇  1. 打开抖音，点右下角「我」 2. 点右上角的「☰」按钮 3. 找到「创作者服务中心」 4. 进入后点「数据分析」 5. 找到「,抖音视频,1,1,1,1,0,0.17,1.04
https://iesdouyin.com/share/video/7674566600619527424,iesdouyin.com,如何 快速 找 同行 爆款 短 视频 素材 ！ # 电商 # 电商 罗盘 # 电商 投 流 # 电商 选品 # 罗盘 跳转 插件,抖音视频,1,1,1,1,0,0.17,1.04
https://iesdouyin.com/share/video/7674569278314924273,iesdouyin.com,免费查看同行对标账号真实数据 新人做带货没流量不出单怎么办？赶紧用这个工具及时找爆品跟爆款！上条视频被限流了，刷到先收藏，免得要用的时候找不到了！#选品 #起号 #短视频带货 #干货分享,抖音视频,1,1,1,1,0,0.17,1.04
https://iesdouyin.com/share/video/7674921564223114506,iesdouyin.com,#短视频运营 #创业 #真实生活分享计划 #电商创业 #新手运营,抖音视频,1,1,1,1,0,0.17,1.04
https://iesdouyin.com/share/video/7675624999813729545,iesdouyin.com,"抖店核算之推广费怎么统计与记账？ 抖店推广费怎么核对：后台消耗 vs 记账数。每月两个数要碰——推广后台的消耗合计 vs 你记账的推广费合计。
#电商财务 #电商会计 #抖店对账 #会计实操 @DOU",抖音视频,1,1,1,1,0,0.17,1.04
https://iesdouyin.com/share/video/7676063177650436531,iesdouyin.com,怎么判断直播间是不是优质直播间？视频里2分19秒有个根据平台指标自查的工具，2026年还在做纯带货直播的商家，基本都会被淘汰！看懂为什么要做内容直播，你就懂了抖音最新流量逻辑。带货直播赚短期交易，内容,抖音视频,1,1,1,1,0,0.17,1.04
https://iesdouyin.com/share/video/7676876436238241637,iesdouyin.com,抖店服务市场认证工具和第三方工具对比，新手选工具别踩大坑 抖店工具选型避坑 #ISV 工具科普 #无货源开店工具怎么选 #电商工具风险分辨 #抖店商家干货 #抖掌柜  @抖音电商 @抖掌柜,抖音视频,1,1,1,1,0,0.17,1.04
https://iesdouyin.com/share/video/7677056328996542683,iesdouyin.com,抖店无货源工具避坑指南，选错工具店铺扣分限流得不偿失 抖店工具避坑干货 #无货源开店避雷 #ISV工具怎么分辨 #抖店商家经验分享#电商工具理性选择 #抖掌柜 @抖掌柜 @抖音电商,抖音视频,1,1,1,1,0,0.17,1.04
https://iesdouyin.com/share/video/7677238606443957567,iesdouyin.com,"不懂代码，怎么用Codex一张表生成千川日报？ 每天还在复制千川数据、手算ROI、整理日报？
只要导出近7天计划明细，放进Codex，就能自动完成字段校验、指标汇总、异常计划筛选，并生成可直接发群的千",抖音视频,1,1,1,1,0,0.17,1.04
https://iesdouyin.com/share/video/7677549823549973691,iesdouyin.com,直播复盘全流程攻略来咯！纯干货！#美业 #美业大姚 #直播复盘 #复盘分析,抖音视频,1,1,1,1,0,0.17,1.04
https://iesdouyin.com/share/video/7677866580574967887,iesdouyin.com,竞品上新调价怎么查？蝉妈妈实时监控指南。Q1: 如何实时监控竞品店铺上新动态？ A1: 监控竞品上新不能只靠人工刷新，核心是建立“新品库+趋势预警”机制。在抖音电商运营中，新品往往意味着新的流量红利和,抖音视频,1,1,1,1,0,0.17,1.04
https://iesdouyin.com/share/video/7677873552776103547,iesdouyin.com,抖音小店数据怎么查？蝉妈妈3步实时监控。Q1: 抖音小店直播间数据怎么查？核心看哪些实时指标？ A1: 查看抖音小店直播间数据，首要任务是掌握分钟级实时动态，以便在直播中及时调整策略。传统后台数据往往,抖音视频,1,1,1,1,0,0.17,1.04
https://iesdouyin.com/share/video/7677873900033710181,iesdouyin.com,抖音小店数据怎么查？蝉妈妈3步拆解竞品。Q1: 抖音电商数据工具能查小店数据吗？ A1: 可以查，但需区分“自有后台”与“外部分析”的边界。抖店后台和罗盘聚焦店铺自有数据的精准核验，而蝉妈妈等第三方工,抖音视频,1,1,1,1,0,0.17,1.04
https://iesdouyin.com/share/video/7677932931184184603,iesdouyin.com,流量断崖下跌？看看是不是这个问题。#短视频  #经验分享  #流量  #流量下跌   #新媒体运营,抖音视频,1,1,1,1,0,0.17,1.04
https://iesdouyin.com/share/video/7678231807833868393,iesdouyin.com,看看抖音电商直播这半年到底咋样了！42页飞瓜独家行业趋势分析。 #飞瓜数据 #抖音直播 #抖音电商,抖音视频,1,1,1,1,0,0.17,1.04
https://iesdouyin.com/share/video/7678244734384524579,iesdouyin.com,带货不出单，一定要用好这个工具，流量精准不愁没成交！#短视频带货 #短视频带货出单技巧 #带货 #抖音指数,抖音视频,1,1,1,1,0,0.17,1.04
https://iesdouyin.com/share/video/7678250352449293602,iesdouyin.com,90%的千川预算，都喂给了只看不买的人 #千川#千川投放技巧#千川运营#直播投流技巧#直播投流运营,抖音视频,1,1,1,1,0,0.17,1.04
https://iesdouyin.com/share/video/7678336867390181494,iesdouyin.com,#电商人,抖音视频,1,1,1,1,0,0.17,1.04
https://iesdouyin.com/share/video/7678524241205328113,iesdouyin.com,罗盘电商小白要知道的那几件事 #千川 #抖店运营 #千川投放技巧 #电商干货分享,抖音视频,1,1,1,1,0,0.17,1.04
https://iesdouyin.com/share/video/7678617927638283923,iesdouyin.com,电商选品6步法🔥新手照着做就能出单。#创作者中心 #创作灵感 #新手开网店 #电商新手 #电商运营经验分享,抖音视频,1,1,1,1,0,0.17,1.04
https://iesdouyin.com/share/video/7678910613473521011,iesdouyin.com,这 是 什么 自己 。 下滑 阶段,抖音视频,1,1,1,1,0,0.17,1.04
https://iesdouyin.com/share/video/7679385982461922426,iesdouyin.com,短视频素数据分析#电商运营 #千川投放技巧,抖音视频,1,1,1,1,0,0.17,1.04
https://iesdouyin.com/share/video/7679439395908242688,iesdouyin.com,带货视频播放量低 十大维度分析你的作品#短视频带货 #铖系臻选 #铖系带货达人孵化 #直播切片 #播放量,抖音视频,1,1,1,1,0,0.17,1.04
https://iesdouyin.com/share/video/7679456093165234278,iesdouyin.com,核查账号安全状态，结合后台数据分析，判断账号是否存在异常！ #石榴歪帽帽 #卡米诺培训学校 #账号安全检测 #数据分析 #账号运营,抖音视频,1,1,1,1,0,0.17,1.04
https://iesdouyin.com/share/video/7679772854439016358,iesdouyin.com,五个官方免费工具。记住：抖音的本质是'大量复制＋快速试错'，今天拍一条不行，明天拍两条，总有一条能爆#创作者中心 #创作灵感 #抖音官方规则  #新手做抖音#抖音起号,抖音视频,1,1,1,1,0,0.17,1.04
https://iesdouyin.com/share/video/7679795231537122575,iesdouyin.com,#千川#投放#千川投放技巧#全域投放干货#千川运营实操,抖音视频,1,1,1,1,0,0.17,1.04
https://iesdouyin.com/share/video/7680039257415208357,iesdouyin.com,抖音复盘怎么做？蝉妈妈AI拆解实操指南。Q1: 抖音数据工具能不能替代人工复盘？核心看数据覆盖与决策深度 A1: 抖音数据工具无法完全替代人工复盘，但能承担80%的数据清洗与初步诊断工作，将人工从繁琐,抖音视频,1,1,1,1,0,0.17,1.04
https://iesdouyin.com/share/video/7680139350935871936,iesdouyin.com,用蝉妈妈看对标小店数据，小店数据分析 蝉妈妈看对标小店数据,抖音视频,1,1,1,1,0,0.17,1.04
https://iesdouyin.com/share/video/7680155103378165011,iesdouyin.com,别乱投千川！看懂同行 ROI，才知道钱该往哪花 #千川 #千川投放技巧 #全域 #全域营销,抖音视频,1,1,1,1,0,0.17,1.04
https://iesdouyin.com/share/video/7680395881543354994,iesdouyin.com,抖音 搬运 别 乱 做 # 抖音 规则 # 抖音 机制 # 抖音 知识,抖音视频,1,1,1,1,0,0.17,1.04
https://iesdouyin.com/share/video/7680711536616834289,iesdouyin.com,#抖音服务者创作中心,抖音视频,1,1,1,1,0,0.17,1.04
https://iesdouyin.com/share/video/7681244627735981952,iesdouyin.com,#我的图片 #抖音ai创作全新升级 #电商运营经验分享 #电商真实说,抖音视频,1,1,1,1,0,0.17,1.04
https://iesdouyin.com/share/video/7681319807673199970,iesdouyin.com,抖店矩阵铺货别再盲目乱定价#抖店矩阵 #抖店干货 #抖上抖 #店群 #电商工具,抖音视频,1,1,1,1,0,0.17,1.04
https://iesdouyin.com/share/video/7681363406934396169,iesdouyin.com,只要3分钟，教你彻底看清虚假流量的底牌 #揭秘 #避坑指南,抖音视频,1,1,1,1,0,0.17,1.04
https://iesdouyin.com/share/video/7681521286304482889,iesdouyin.com,告诉我类目，我来帮你投！#电商#电商人 #千川投放技巧 #巨量千川投放技巧,抖音视频,1,1,1,1,0,0.17,1.04
https://iesdouyin.com/share/video/7681548289086377267,iesdouyin.com,汽车投放账号，【直播大屏】这些地方重点关注！少走弯路 #汽车投流 #汽车新媒体培训 #汽车直播运营 #汽车直播话术,抖音视频,1,1,1,1,0,0.17,1.04
https://iesdouyin.com/share/video/7681579062347909349,iesdouyin.com,千川ROI与GMV不符？3步排查数据口径。Q1: 千川后台ROI达标但实际GMV对不上，怎么排查数据口径差异？ A1: 首先明确“统计口径”与“结算周期”的时间差。千川后台显示的ROI通常基于“支付成,抖音视频,1,1,1,1,0,0.17,1.04
https://iesdouyin.com/share/video/7681633029115065462,iesdouyin.com,9月后流量突然下滑真相 9月流量集体跳水，不是账号废了！3个原因+3个动作，帮你快速找回推流节奏，普通人少走弯路。#抖音流量 #短视频运营 #自媒体干货 #抖音算法@DOU+上热门  #新手做抖音,抖音视频,1,1,1,1,0,0.17,1.04
https://iesdouyin.com/share/video/7681688980333776881,iesdouyin.com,抖音创作者必须了解的数据分析。查看自己的流量数据#自媒体流量密码怎么抓 #流量数据 #短视频运营 #如何做好数据分析 #新手小白数据分析,抖音视频,1,1,1,1,0,0.17,1.04
https://iesdouyin.com/share/video/7682727401167621419,iesdouyin.com,"跨境电商2026丨主流平台对比+AI方案。本期对亚马逊、Ozon、SHEIN、TikTok Shop、速卖通、Temu 六大主流出海平台的交易规模、业务模式、适配卖家类型进行拆解对比，供读者参考
（数",抖音视频,1,1,1,1,0,0.17,1.04
https://iesdouyin.com/share/video/7683038010254764913,iesdouyin.com,作品播放上不去，先查推荐页来源，分清是账号问题还是内容问题#新手做抖音#自媒体创业#推荐页#账号检测#大侠有点犟@DOU+上热门 @DOU+小助手,抖音视频,1,1,1,1,0,0.17,1.04
https://iesdouyin.com/share/video/7683083175073138548,iesdouyin.com,链接流量下滑完整排查清单。分析大盘趋势、竞品变动、平台规则、节假日影响，排查链接基础状态如降权、下架、SKU变动，拆解流量来源，检查点击率、转化率、DSR评分，关注评价、价格、竞争环境，复盘处理动作清单，定位问题并优化。#电商干货 #电商 #新手开网店 #淘宝那点事 #从零开始做运营,抖音视频,1,1,1,1,0,0.17,1.04
https://iesdouyin.com/share/video/7683343847900668361,iesdouyin.com,短视频数据关注维度～ 很多商家做带货短视频，只盯着播放量，视频看着流量很高，但就是不出单，问题到底出在哪？其实你要看的不只有播放！ #淘宝商家 #短视频带货 #电商运营 #电商干货 #上热门🔥 @DO,抖音视频,1,1,1,1,0,0.17,1.04
https://iesdouyin.com/share/video/7683416638512127217,iesdouyin.com,蝉妈妈付费vs免费：达人商务筛选差距 Q1: 蝉妈妈付费会员对比免费会员差距在哪 A1: 核心差异在数据深度与AI效率。免费版仅看基础榜单，付费版可进入「达人-达人库」，按粉丝画像、带货类目精细筛选，,抖音视频,1,1,1,1,0,0.17,1.04
https://iesdouyin.com/share/video/7683546395407600906,iesdouyin.com,"90%的人发完视频都会盯着后台数据看，
核心问题：
第一，不确定的流量反馈像拆盲盒，容易上瘾。
第二，把自我好坏交给点赞播放这些外部数据评价 。
解决方案：
第一步，固定时间看数据，其余时间不打开后台",抖音视频,1,1,1,1,0,0.17,1.04
https://iesdouyin.com/share/video/7683725493845365114,iesdouyin.com,做带货迷茫焦虑的姐妹你们发现抖音上的这个功能了吗？真的可以用一用#短视频带货 #实用小技巧 #抖音功能,抖音视频,1,1,1,1,0,0.17,1.04
https://iesdouyin.com/share/video/7683760473291935012,iesdouyin.com,"带货视频不出单，先看这三个数 带货视频不出单，别急着换品。先把这三个数查明白，问题出在第几秒一眼就知道。

先看商品点击率。一千个人看了视频，有几个点了购物车。低于5%，说明观众看完没兴趣买，问题在选",抖音视频,1,1,1,1,0,0.17,1.04
https://iesdouyin.com/share/video/7683794533548767808,iesdouyin.com,抖音达人怎么选？蝉妈妈3步避坑指南。Q1: 抖音达人分析平台怎么选？看哪些核心指标避坑？ A1: 筛选达人不能只看粉丝量，必须核验近期带货表现、品类优势及转化稳定性。据新华网引用的直播电商行业报告指出,抖音视频,1,1,1,1,0,0.17,1.04
https://iesdouyin.com/share/video/7684166555055181062,iesdouyin.com,"同行类目赛马机制正式开启,比不过别人就要被淘汰！! #抖店 #体验分 #干货",抖音视频,1,1,1,1,0,0.17,1.04
https://iesdouyin.com/share/video/7684281583339162934,iesdouyin.com,直播数据四维框架全链路复盘干货 #直播干货 #数据复盘 #运营型主播,抖音视频,1,1,1,1,0,0.17,1.04
https://iesdouyin.com/share/video/7684482592275500338,iesdouyin.com,抖音一周两记重拳：私信/客服话术导流被点名，清退+冻佣金！ 抖音一周两记重拳：私信/客服话术导流被点名，清退+冻佣金！9月还想截流的商家，先背下这4条安全线 #抖音新规 #商家获客 #GEO 优化 #AI 搜索 #抖音电商运营 #本地商家流量 #短视频合规,抖音视频,1,1,1,1,0,0.17,1.04
https://iesdouyin.com/share/video/7684536475967739750,iesdouyin.com,播放 量 从 几千 掉到 两三百 ， 原来 问题 出 在 这 # 自 媒体 # 个人 ip # 赚钱 # 创业 # 破 而后 立,抖音视频,1,1,1,1,0,0.17,1.04
https://iesdouyin.com/share/video/7684584488625918885,iesdouyin.com,已 老实 ， 求 放过 # 抖音 玩法 合伙人 计划 # 创意 文案 玩法 集 # dou 来 聊 热点 # 创作者 干货 分享 # 抖音 流量 安全,抖音视频,1,1,1,1,0,0.17,1.04
https://iesdouyin.com/share/video/7684666096959491374,iesdouyin.com,抖店一键下单工具推荐！做无货源的朋友关心抖店一键下单软件推荐，很多人问抖店一键下单第三方工具合规吗，抖店自动下单软件风险和封号问题，如何选择合规工具#抖大侠一键下单  #抖大侠  #一键下单  #抖店软件  #一件代发  @抖大侠   @抖音电商,抖音视频,1,1,1,1,0,0.17,1.04
https://iesdouyin.com/share/video/7684791897274191231,iesdouyin.com,怎样查数据，来一步步教你 #抖音数据分析 #创作者中心 #创作者中心上热门 #如何做好数据分析 #抖音经验分享,抖音视频,1,1,1,1,0,0.17,1.04
https://iesdouyin.com/share/video/7685291900546387263,iesdouyin.com,五个数据，30秒，判断素材死因 #千川#千川投放技巧#千川运营#直播投流技巧#直播投流运营,抖音视频,1,1,1,1,0,0.17,1.04
https://iesdouyin.com/share/video/7685599227954711846,iesdouyin.com,抖音 广告 数据 复盘 优化 投放 效果 的 核心 抖音 广,抖音视频,1,1,1,1,0,0.17,1.04
https://iesdouyin.com/share/video/7685642903708671717,iesdouyin.com,AI复盘报告怎么做？直播运营3步拆解蝉妈。Q1: AI一键生成直播间复盘报告的第一步是什么？ A1: 核心是锁定目标场次并调取全维度数据，避免人工汇总遗漏。 ①进入入口与数据获取 打开蝉妈妈，点击顶部,抖音视频,1,1,1,1,0,0.17,1.04
https://iesdouyin.com/share/video/7685647108783671162,iesdouyin.com,达人合作前，3 步验出数据真假。很多人找达人只看粉丝量，结果投完才发现全是水。 教你 3 个不用工具就能用的判断方法，合作前先过一遍。 第一步：看评论区结构 翻最新 10 条视频的评论。 如果评论全是,抖音视频,1,1,1,1,0,0.17,1.04
https://iesdouyin.com/share/video/7685970726284807474,iesdouyin.com,三个核心指标。#千川投放技巧#电商#千川运营#直播运营#全域,抖音视频,1,1,1,1,0,0.17,1.04
https://iesdouyin.com/share/video/7686039965632908584,iesdouyin.com,千川消耗被站外吃掉？先排垃圾流量 #千川 #千川投放技巧 #电商 #运营 #直播带货,抖音视频,1,1,1,1,0,0.17,1.04
https://iesdouyin.com/share/video/7686043185839148307,iesdouyin.com,带货直播回放太长没空整理？让工具替你转。这款免费小程序把直播回放粘进去，批量转成文字稿，TXT、Word都能导，话术复盘、脚本拆解全靠它，准确率98%，永久免费无广告不限次数，做电商和自媒体的都该备一,抖音视频,1,1,1,1,0,0.17,1.04
https://iesdouyin.com/share/video/7686389186077727611,iesdouyin.com,"同一家公司做的两个 APP，差距到底有多。我做了张对比图，看完你就懂了👇
🔹用户规模：抖音 8.5亿月活 vs TikTok 24.5 亿月活
🔹电商 GMV：抖音约 6100 亿美元 vs TikT",抖音视频,1,1,1,1,0,0.17,1.04
https://iesdouyin.com/share/video/7686399705451130469,iesdouyin.com,抖音同行数据怎么查？3步拆解爆款逻辑。Q1: 抖音同行短视频数据怎么查？看哪些核心指标判断爆款逻辑？ A1: 查询同行短视频数据，不能仅停留在播放量表面，需深入拆解选题、黄金3秒、脚本结构及转化链路。,抖音视频,1,1,1,1,0,0.17,1.04
https://iesdouyin.com/share/video/7686683311988559158,iesdouyin.com,参考爆款的实用方法#抖店运营 #抖音电商课程中心 #抖店 #爆款视频  #电商,抖音视频,1,1,1,1,0,0.17,1.04
https://iesdouyin.com/share/video/7686836296564473512,iesdouyin.com,做场控中控工作需要会什么软件 #直播中控 #直播场控 #中控 #场控 #直播带货,抖音视频,1,1,1,1,0,0.17,1.04
https://iesdouyin.com/share/video/7687117461862305076,iesdouyin.com,直播 复盘 看 这 7 个 核心 数据 # 直播 # 直播 复盘 # 干货 分享 # 新 媒体 运营,抖音视频,1,1,1,1,0,0.17,1.04
https://iesdouyin.com/share/video/7687169879555820815,iesdouyin.com,每天刷两小时还找不到好题？先把三平台数据拉进表格 我把小红书、抖音、快手的作品、评论和创作者数据拉进同一张表，采集、筛选和复盘终于接在一起。真正要解决的不是刷得更久，而是把值得跟进的信号留下来，再把它,抖音视频,1,1,1,1,0,0.17,1.04
https://iesdouyin.com/share/video/7687552229380831098,iesdouyin.com,罗盘蝉妈妈怎么配合？电商运营3步闭环。Q1: 抖音罗盘和第三方数据平台怎么配合使用？ A1: 核心逻辑是“内看经营，外看市场”。抖音电商罗盘聚焦店铺自有数据的精准核验，而蝉妈妈这类第三方平台则补充全网,抖音视频,1,1,1,1,1,0.17,1.04
https://iesdouyin.com/share/video/7687557520333249137,iesdouyin.com,抖音成交数据怎么查？罗盘蝉妈妈实操。Q1: 抖音短视频成交数据怎么查？ A1: 查询抖音短视频成交数据，需区分“自家店铺”与“全网竞品”两个维度。对于自有账号，应优先登录抖音电商罗盘或抖店后台，在内容,抖音视频,1,1,1,1,0,0.17,1.04
https://iesdouyin.com/share/video/7687651890829730998,iesdouyin.com,怎么查看同行的直播带货完整数据 #电商运营经验分享 #电商真实说 #电商运营日常 #电商商家痛点 #电商数据人的日常,抖音视频,1,1,1,1,0,0.17,1.04
https://iesdouyin.com/share/video/7687910803307321449,iesdouyin.com,蝉妈妈看小店动销？店铺运营3步拆解低效 Q1: 蝉妈妈小店动销差用什么工具看 A1: 核心看「小店详情-商品分析」。入口：蝉妈妈顶部导航「小店」-「小店库」搜店名-点「详情」-「商品分析」。重点筛选「,抖音视频,1,1,1,1,0,0.17,1.04
https://iesdouyin.com/share/video/7687972692254837864,iesdouyin.com,做电商运营的请记住：信息闭塞真的很致命！现在做竞品分析，真的没必要再一个个手动扒数据了。 把竞品链接和数据丢进去，直接跑出核心卖点、价格策略、评价痛点和市场机会，最后给到能直接执行的结论。 以前半天才,抖音视频,1,1,1,1,0,0.17,1.04
https://iesdouyin.com/share/video/7688030870901744059,iesdouyin.com,千川短视频一刀不剪，溯源短视频下载（提高优质+首发），文件更大更容易消耗#千川 #嘉禾望岗,抖音视频,1,1,1,1,0,0.17,1.04
https://iesdouyin.com/share/video/7688559101203644571,iesdouyin.com,三 个 诱饵 ， 一个 套路 # 这些 网络 风险 一定 要 警惕,抖音视频,1,1,1,1,0,0.17,1.04
https://iesdouyin.com/share/video/7688618923620601126,iesdouyin.com,查同行roi。#千川投放技巧#电商#千川运营#直播运营#全域,抖音视频,1,1,1,1,0,0.17,1.04
https://iesdouyin.com/share/video/7688797563886463080,iesdouyin.com,抖音创作者大会到底讲了什么。#抖音创作者 #自媒体运营技巧 #自媒体#自媒体干货,抖音视频,1,1,1,1,0,0.17,1.04
https://iesdouyin.com/share/video/7688893979374538024,iesdouyin.com,直播复盘老抓不住重点？这个工具一键搞定。你是不是也这样？每次直播复盘，回放翻半天找不到关键信息；多人连麦讨论，分不清谁说了什么；想快速整理核心观点，结果手动整理到凌晨。别急，今天分享一个真实好用的方法,抖音视频,1,1,1,1,0,0.17,1.04
https://iesdouyin.com/share/video/7688899146706701568,iesdouyin.com,"直播复盘抓不住重点？试试这个AI助手。直播结束，想复盘却总遇到这些问题：
*回放视频太长，手动听一遍整理重点太耗时，一个小时的直播可能花两三个小时才能写完纪要。
*多人讨论时，谁说了什么根本分不清，关",抖音视频,1,1,1,1,0,0.17,1.04
https://iesdouyin.com/share/video/7688930829212872591,iesdouyin.com,抖音后台数据分析精简干货。不要迷信 2 秒跳出、5 秒完播、整体完播率单一数据，避免片面判断内容好坏。 作品数据 平均播放时长＞完播率 长视频低完播率不代表内容差，用户看几十分钟也具备价值；平均播放占比跨时长对比会失真，仅作参考。 2.2 秒跳出率高，不等于钩子差，受选题受众、推流精度、表达方式多重影响。 3.2 秒跳出、5 秒完播要组合计算相对留存，只看百分比会误判内容价值。 4. 重视封面点击,抖音视频,1,1,1,1,0,0.17,1.04
https://iesdouyin.com/share/video/7689029622932290660,iesdouyin.com,运营助手升级～ 输入一个抖音号，把爆款拆解、口播金句、评论需求和二创方向整理成一份报告 #AI工作流 #对标账号分析 #短视频运营 #自媒体干货 #AI工具,抖音视频,1,1,1,1,0,0.17,1.04
https://iesdouyin.com/share/video/7689046000006649769,iesdouyin.com,抖音大变天，2026创作者大会3个信号.普通人必须看懂。#抖音创作者大会 #2026抖音新趋势 #抖音流量逻辑,抖音视频,1,1,1,1,0,0.17,1.04
https://iesdouyin.com/share/video/7689170611231037051,iesdouyin.com,#媒体曝光实用方法 #电商运营工作内容 #任务管理工具 #后台管理工具 #电商中控小白,抖音视频,1,1,1,1,0,0.17,1.04
https://iesdouyin.com/share/video/7689782996371711990,iesdouyin.com,适合新人带货达人的选品方法 #短视频带货 #视频带货 #带货视频 #带货达人 #带货短视频,抖音视频,1,1,1,1,0,0.17,1.04
https://iesdouyin.com/share/video/7690524725226900772,iesdouyin.com,查看同行数据 #千川投放技巧#电商#千川运营#直播运营#全域,抖音视频,1,1,1,1,0,0.17,1.04
https://iesdouyin.com/share/video/7690592958097737098,iesdouyin.com,电商多平台看板开发架构 成品在陆续调整。#电商运营,抖音视频,1,1,1,1,0,0.17,1.04
https://iesdouyin.com/share/video/7690617895868845961,iesdouyin.com,# 直播 # 流量 # 机制,抖音视频,1,1,1,1,0,0.17,1.04
https://iesdouyin.com/share/video/7690887102812254329,iesdouyin.com,品牌自播怎么复盘？蝉妈妈3步汇总数据。Q1: 品牌自播周度复盘，如何快速汇总多源业务数据？ A1: 核心在于建立“全域数据+AI自动汇总”的标准化流程。日常运营不能只看成交结果，还要结合商品、达人、直,抖音视频,1,1,1,1,0,0.17,1.04
https://iesdouyin.com/share/video/7690891119663886547,iesdouyin.com,短视频转化差？蝉妈妈拆解点击成交数据。Q1: 短视频带货转化差，如何精准查看播放与商品点击数据？ A1: 解决转化差的第一步是区分“流量虚高”与“有效触达”。很多视频播放量高但无成交，核心在于商品点击,抖音视频,1,1,1,1,0,0.17,1.04
https://iesdouyin.com/share/video/7691246715042581794,iesdouyin.com,全平台店群电商数据自动汇总，自动分析数据，查找异常，定位原因，输出优化方案，店群电商真正的数据管家#电商 #电商人 #电商智能体 #店群 #AI电商,抖音视频,1,1,1,1,0,0.17,1.04
https://iesdouyin.com/share/video/7691702858009283874,iesdouyin.com,全域时代怎么做直播复盘 #直播复盘 #电商运营 #电商干货 #直播运营 #羽川全域电商,抖音视频,1,1,1,1,0,0.17,1.04
https://iesdouyin.com/share/video/7691837415321853562,iesdouyin.com,努力更新，数据却不动，谁懂这种失落感。#抖音创作日常 #创作者中心 #创作灵感,抖音视频,1,1,1,1,0,0.17,1.04
https://iesdouyin.com/share/video/7693356611012649290,iesdouyin.com,#AI高级封面排版 #抖音ai创作,抖音视频,1,1,1,1,0,0.17,1.04
https://iesdouyin.com/share/video/7693756477323935955,iesdouyin.com,想来应该是他投放计划做了调整，难怪前一天直播全程都很费劲。,抖音视频,1,1,1,1,0,0.17,1.04
https://ifupan.com/,ifupan.com,爱复盘 · 直播+短视频 AI 智能体工作台|比 Claude 更懂直播、更懂短视频,其他外部来源,1,1,1,1,0,0.17,1.04
https://img.alicdn.com/top/i1/TB1rE16NpXXXXXRXVXXAeRbFXXX.pdf,img.alicdn.com,全渠道开放服务商白皮书,其他外部来源,1,1,1,1,0,0.17,1.04
https://img.feigua.cn/dystudyreport/20241023/5e01055dd40e4e4e8b8bf33288ecfcf3.pdf,img.feigua.cn,2024上半年 抖音内容与电商数据报告,企业官网/工具平台,1,1,1,1,0,0.17,1.04
https://img.feigua.cn/dystudyreport/20250212/ea578e10817c41b5a4a1342e35f96161.pdf,img.feigua.cn,2025 年 1月 抖音 短 视频 及 直播 电商 月报 PDF,企业官网/工具平台,1,1,1,1,0,0.17,1.04
https://img.feigua.cn/kspj/carousel/a308b106817742718c5ec7650822de1d.pdf,img.feigua.cn,飞瓜数据快手版使用手册 为你量身打造的快手数据分析平台,企业官网/工具平台,1,1,1,1,0,0.17,1.04
https://img.traveldaily.cn/company/product/2023/021551631839804d8788.pdf,img.traveldaily.cn,KAWO 科握社交媒体管理平台 多账号管理 数据报告 竞品分析 团队协作,其他外部来源,1,1,1,1,0,0.17,1.04
https://improvado.io/blog/tiktok-ads-dashboard,improvado.io,"TikTok Ads Dashboard: How to Set Up, Metrics to Track, and When to Build Custom Dashboards (2026 Guide)",其他外部来源,1,1,1,1,0,0.17,1.04
https://improvado.io/integrations/tiktok-shop,improvado.io,"Your AI agent reads, acts on, and monitors TikTok Shop.",其他外部来源,1,1,1,1,0,0.17,1.04
https://jb51.net/softs/998556.html,jb51.net,蚁小二app下载 蚁小二(自媒体多平台多账号一键分发管理工具) v2.5.2 安卓手机版 下载-脚本之家,其他外部来源,1,1,1,1,0,0.17,1.04
https://ji-gua.com/,ji-gua.com,集瓜-全域社媒数据智能平台,其他外部来源,1,1,1,1,0,0.17,1.04
https://jiemian.com/article/14899039.html,jiemian.com,抖音电商不卷增长了，开始卷“赚钱”|界面新闻 · JMedia,新闻/门户/自媒体,1,1,1,1,0,0.17,1.04
https://jijyun.cn/apps/apps/1001136_94,jijyun.cn,抖音(普通号)与神策数据无代码集成连接方法 | 无需API接口代码开发快速连接抖音(普通号)与神策数据,其他外部来源,1,1,1,1,0,0.17,1.04
https://jijyun.cn/apps/processes/1502,jijyun.cn,每小时定时抖音账号发布的视频信息，每周日获取当周发布视频的数据(2)|日期时间格式变更|字段计算|抖音(普通号)|定时启动任务|循环执行|飞书云文档 | 集简云,其他外部来源,1,1,1,1,0,0.17,1.04
https://jinritemai.com/,jinritemai.com,抖店桌面端下载,字节/头条系其他,1,1,1,1,0,0.17,1.04
https://jiushuyun.com/blog/jsynews,jiushuyun.com,"""产品资讯""相关内容:",其他外部来源,1,1,1,1,0,0.17,1.04
https://jjdl.com.cn/CN/PDF/10.15957/j.cnki.jjdl.2025.06.024,jjdl.com.cn,基于抖音数据的旅游景点网络关注度的空间分异及影响因素分析   ——以华东地区为例,其他外部来源,1,1,1,1,0,0.17,1.04
https://jobs.bytedance.com/experienced/m/position/detail/7657166072716429573,jobs.bytedance.com,数据科学(AI业务) - 抖音电商 - 加入字节跳动,字节/头条系其他,1,1,1,1,0,0.17,1.04
https://joinbrands.com/blog/does-tik-tok-show-who-shared-your-video,joinbrands.com,Find Out: does tik tok show who shared your video?,其他外部来源,1,1,1,1,0,0.17,1.04
https://juejin.cn/post/7566660352282017844,juejin.cn,自媒体多平台数据不同步?教你用 API 对接工具，数据实时汇总分析更精准1. 每天2小时手动拉数据?这账算得太亏了 我做 - 掘金,社区/博客/问答,1,1,1,1,0,0.17,1.04
https://jzl.com/news/193,jzl.com,2025抖音用户数据查询技术全解析:从API限制到定制化采集方案,企业官网/工具平台,1,1,1,1,0,0.17,1.04
https://jzl.com/news/583,jzl.com,别再只看gmv!抖音直播数据这样分析才有效，运营必看指南,企业官网/工具平台,1,1,1,1,0,0.17,1.04
https://jzl.com/news/763,jzl.com,抖音数据查询平台有哪些?资深运营的“工具箱”选择指南,企业官网/工具平台,1,1,1,1,0,0.17,1.04
https://jzl.com/news/830,jzl.com,抖音流量数据突然降下来了什么原因?四大核心因素深度拆解 - 极致了数据,企业官网/工具平台,1,1,1,1,0,0.17,1.04
https://jzl.com/news/891,jzl.com,做了三年抖音，我总结出监测数据最重要的三个维度,企业官网/工具平台,1,1,1,1,0,0.17,1.04
https://jzl.com/news/douyin-data-32,jzl.com,抖音 电商 数据 查询 平台 操作 指南 : 如何 合法 获取 电商 数据,企业官网/工具平台,1,1,1,1,0,0.17,1.04
https://jzl.com/news/douyin-data-34,jzl.com,抖音数据同步飞书多维表格，手把手操作指南,企业官网/工具平台,1,1,1,1,0,0.17,1.04
https://jzl.com/news/douyin-data-7,jzl.com,抖音数据监测工具有哪些?第三方平台对比测评,企业官网/工具平台,1,1,1,1,0,0.17,1.04
https://jzl.com/news/douyin-data-86,jzl.com,抖音电商数据怎么看?要关注哪些关键指标?,企业官网/工具平台,1,1,1,1,0,0.17,1.04
https://jzl.com/news/douyin-data-api-9,jzl.com,抖音视频播放量突然下降?用API拉数据找原因,企业官网/工具平台,1,1,1,1,0,0.17,1.04
https://jzl.com/news/sph-data-5,jzl.com,查询视频号数据平台从零入门:3步找到适合自己的方案,企业官网/工具平台,1,1,1,1,0,0.17,1.04
https://kalodata.com/zh,kalodata.com,Kalodata - 全球用户首选的TikTok电商数据洞察平台,其他外部来源,1,1,1,1,0,0.17,1.04
https://keyapi.ai/blog/tiktok-api-alternatives,keyapi.ai,TikTok API Alternatives: Best Third-Party Tools When the Official API Isn't Enough,其他外部来源,1,1,1,1,0,0.17,1.04
https://kitoken.cn/,kitoken.cn,切片精灵 - 直播录播自动切片工具,其他外部来源,1,1,1,1,0,0.17,1.04
https://ks.feigua.cn/Help/HelpCenter?id=48,ks.feigua.cn,飞瓜数据快手版-帮助中心,企业官网/工具平台,1,1,1,1,0,0.17,1.04
https://ks.feigua.cn/help/detail/1101/165.html,ks.feigua.cn,【播主对比】使用操作:3个步骤快速做好快手竞品分析-帮助中心-飞瓜数据快手版,企业官网/工具平台,1,1,1,1,0,0.17,1.04
https://leq5.aasd1.cn/,leq5.aasd1.cn,"淘新媒网交易平台官网-抖音短视频,小红书自媒体账号购买出售售卖转让",其他外部来源,1,1,1,1,0,0.17,1.04
https://letschuhai.com/f758cae0,letschuhai.com,不认输的TikTok，在全球撒豆成兵,其他外部来源,1,1,1,1,0,0.17,1.04
https://lf26-cdn-tos.draftstatic.com/obj/ies-hotsoon-draft/douyin_agreement/b3c04bde-924d-44b1-88f2-d673532ec4b9.html,lf26-cdn-tos.draftstatic.com,“抖音”隐私政策,其他外部来源,1,1,1,1,0,0.17,1.04
https://lf3-cdn-tos.draftstatic.com/obj/ies-hotsoon-draft/BP/authorize.html,lf3-cdn-tos.draftstatic.com,商业 合作 授权 协议,其他外部来源,1,1,1,1,0,0.17,1.04
https://lf3-cdn-tos.draftstatic.com/obj/ies-hotsoon-draft/douyin_agreement/061b212d-5c05-4a83-b332-b92b2a1c862c.html,lf3-cdn-tos.draftstatic.com,“抖音”隐私政策,其他外部来源,1,1,1,1,0,0.17,1.04
https://lf3-cdn-tos.draftstatic.com/obj/ies-hotsoon-draft/douyin_agreement/380006f8-6557-4965-b545-33a97625d9f5.html,lf3-cdn-tos.draftstatic.com,“抖音”隐私政策,其他外部来源,1,1,1,1,0,0.17,1.04
https://lf9-cdn-tos.draftstatic.com/obj/ies-hotsoon-draft/douyin_agreement/a420a313-bb55-4457-8761-7bc082aab299.html?from_agreement=1&hide_nav_bar=1,lf9-cdn-tos.draftstatic.com,【抖音】第三方信息共享清单,其他外部来源,1,1,1,1,0,0.17,1.04
https://lifexue.com/knowledge/detail/124080?enter_method=search,lifexue.com,抖音生活服务-学习中心,其他外部来源,1,1,1,1,0,0.17,1.04
https://lifexue.com/knowledge/detail/124904451586,lifexue.com,抖音生活服务-学习中心,其他外部来源,1,1,1,1,0,0.17,1.04
https://lifexue.com/rule/detail/139751?enter_method=rule_page,lifexue.com,抖音生活服务-学习中心,其他外部来源,1,1,1,1,0,0.17,1.04
https://lifexue.com/rule/detail/246479269634?enter_method=rule_page,lifexue.com,抖音生活服务-学习中心,其他外部来源,1,1,1,1,0,0.17,1.04
https://liveservice.douyin.com/,liveservice.douyin.com,直播服务平台,抖音其他页面,1,1,1,1,0,0.17,1.04
https://lobehub.com/mcp/linglongai-kouboshenqi-mcp,lobehub.com,口播神器 MCP Server,其他外部来源,1,1,1,1,0,0.17,1.04
https://lobehub.com/mcp/wjj9868-ztwz-douyin-mcp,lobehub.com,ZTWZ-Douyin-MCP,其他外部来源,1,1,1,1,0,0.17,1.04
https://lobehub.com/skills/aaaaqwq-agi-super-team-influencer-analyzer,lobehub.com,influencer-analyzer,其他外部来源,1,1,1,1,0,0.17,1.04
https://m.11467.com/product/d52148731.htm,m.11467.com,巨量算数抖音广告 抖音开户 巨量引擎开户,其他外部来源,1,1,1,1,0,0.17,1.04
https://m.36dianping.com/vs/jpx1.html,m.36dianping.com,抖查查和蝉妈妈哪个好-有什么区别-优缺点-36氪企服点评,其他外部来源,1,1,1,1,0,0.17,1.04
https://m.36dianping.com/vs/lmoy.html,m.36dianping.com,新快和抖查查哪个好-有什么区别-优缺点-36氪企服点评,其他外部来源,1,1,1,1,0,0.17,1.04
https://m.36dianping.com/vs/n33y.html,m.36dianping.com,新抖和抖查查哪个好-有什么区别-优缺点-36氪企服点评,其他外部来源,1,1,1,1,0,0.17,1.04
https://m.36kr.com/p/3705534783221896,m.36kr.com,2026年，抖音电商的风往哪吹?-36氪,新闻/门户/自媒体,1,1,1,1,0,0.17,1.04
https://m.baike.com/wiki/巨量千川/7086209074828858627,m.baike.com,巨量千川[巨量引擎旗下的电商广告平台]_百科,其他外部来源,1,1,1,1,0,0.17,1.04
https://m.baike.com/wiki/爱复盘/7441396887527931958,m.baike.com,爱复盘[复盘分析工具]_百科,其他外部来源,1,1,1,1,0,0.17,1.04
https://m.chanmama.com/h5,m.chanmama.com,蝉妈妈 - 做内容电商一站式服务平台,企业官网/工具平台,1,1,1,1,0,0.17,1.04
https://m.cr173.com/x/1378637,m.cr173.com,灰豚数据平台下载-灰豚数据app下载v3.9.29安卓版-西西软件下载,其他外部来源,1,1,1,1,0,0.17,1.04
https://m.cr173.com/x/1578789,m.cr173.com,抖查查免费版下载-抖查查抖音账号诊断下载v2.9.6 安卓版-西西软件下载,其他外部来源,1,1,1,1,0,0.17,1.04
https://m.kaogujia.com/,m.kaogujia.com,考古加官网,其他外部来源,1,1,1,1,0,0.17,1.04
https://m.kaogujia.com/official,m.kaogujia.com,考古加官网,其他外部来源,1,1,1,1,0,0.17,1.04
https://m.kuai-ad.com/jd/9174.html,m.kuai-ad.com,磁力金牛广告推广「直播推广 - 全站推广 · 智投版」产品(一),其他外部来源,1,1,1,1,0,0.17,1.04
https://m.kuai-ad.com/jd/9633.html,m.kuai-ad.com,快手电商商家全域经营指南 | 快手广告平台,其他外部来源,1,1,1,1,0,0.17,1.04
https://m.liebiao.com/fuzhou/qitashangji/835181173.html,m.liebiao.com,"「图」视频号小店数据查看,多少钱能搞定-福州其他商务服务-福州列表网",其他外部来源,1,1,1,1,0,0.17,1.04
https://m.oceanengine.com/help/630,m.oceanengine.com,干货 丨 巨量 云图 带货 达人 优选 指南 ， 决胜 618 - 巨量 引擎 官网,字节/头条系其他,1,1,1,1,0,0.17,1.04
https://m.oppozhijia.com/wz/998860.html,m.oppozhijia.com,巨量算数PC端入口 巨量算数官方网站登录入口-oppo之家,其他外部来源,1,1,1,1,0,0.17,1.04
https://m.redhongan.com/p/256881.html,m.redhongan.com,新 媒体 矩阵 数据 自动化 汇总 、 报表 自动 输出 方案,其他外部来源,1,1,1,1,0,0.17,1.04
https://m.sohu.com/a/1061190239_122961235,m.sohu.com,2026年抖店无货源代发工具选型 核心功能与合规标准解析_订单_商品_官方,新闻/门户/自媒体,1,1,1,1,0,0.17,1.04
https://m.sohu.com/a/1064116455_122961235,m.sohu.com,2026 年 抖 店 竞品 对标 分析 数据 拆解 与 运营 优化 实操 指南 _ 流量 _ 商品 _ 多 维度,新闻/门户/自媒体,1,1,1,1,0,0.17,1.04
https://m.sohu.com/a/1064501732_122903795,m.sohu.com,自媒体运营必备:AI一键诊断账号权重，30天稳定提权方案来了!_视频_工具_cheng,新闻/门户/自媒体,1,1,1,1,0,0.17,1.04
https://m.sohu.com/a/1065762043_122554258,m.sohu.com,抖音创作者中心怎么查看作品数据分析?入口路径与核心指标全攻略_内容_视频_飞书,新闻/门户/自媒体,1,1,1,1,0,0.17,1.04
https://m.sohu.com/a/1067199341_122634602,m.sohu.com,蝉 妈妈 达人 筛选 口径 与 核验 方法 ， 抖音 运营 实操 _ 数据 _ 拆解 _ 账号,新闻/门户/自媒体,1,1,1,1,0,0.17,1.04
https://m.sohu.com/a/1068740651_122956808,m.sohu.com,兼职做抖音相关小店，普通人选运营工具要避开哪些容易踩中的坑?_商品_平台_货源,新闻/门户/自媒体,1,1,1,1,0,0.17,1.04
https://m.sohu.com/a/1069679361_122903795,m.sohu.com,短视频运营迈入精细化时代，“抖达人”AI雷达图分析赋能创作者破局_数据_账号_cheng,新闻/门户/自媒体,1,1,1,1,0,0.17,1.04
https://m.sohu.com/a/1070960609_122979932,m.sohu.com,2026抖店群控工具哪个合规不触发风控?店群工具选型与避坑实操指南_店铺_处罚_违规,新闻/门户/自媒体,1,1,1,1,0,0.17,1.04
https://m.sohu.com/a/1076295548_122899525,m.sohu.com,2026抖店一件代发怎么做?抖掌柜工具选型与实操方法分享_运营_店铺_商家,新闻/门户/自媒体,1,1,1,1,0,0.17,1.04
https://m.sohu.com/a/1081863509_122979932,m.sohu.com,抖音小店数据复盘实操指南:电商罗盘怎么看、7天复盘怎么做(2026最新规则版)_商品_动作_流量,新闻/门户/自媒体,1,1,1,1,0,0.17,1.04
https://m.sohu.com/a/973860471_122554258,m.sohu.com,抖音数据查询工具:免费与付费版本对比测评_账号_分析_完全免费,新闻/门户/自媒体,1,1,1,1,0,0.17,1.04
https://m.tech.china.com/redian/2026/0520/052026_1873550.html,m.tech.china.com,玺承BI:打通全链路经营数据，驱动电商企业数智化决策升级_中华网,其他外部来源,1,1,1,1,0,0.17,1.04
https://m.thepaper.cn/wifiKey_detail.jsp?contid=12214509,m.thepaper.cn,“小葫芦”非法抓取抖音用户打赏、主播收益数据，被起诉_长三角政商_澎湃新闻-The Paper,其他外部来源,1,1,1,1,0,0.17,1.04
https://m.toutiao.com/group/7256703380658094607,m.toutiao.com,抖音电商商家经营环境报告:多维度服务商家需求共建发展_抖音电商,字节/头条系其他,1,1,1,1,0,0.17,1.04
https://m.toutiao.com/group/7356457110307373605,m.toutiao.com,抖音:搜索一响，黄金万两_第一财经,字节/头条系其他,1,1,1,1,0,0.17,1.04
https://m.toutiao.com/group/7495946434362868258,m.toutiao.com,字节生态广告归因:小程序场景下的归因和数据追踪_人人都是产品经理,字节/头条系其他,1,1,1,1,0,0.17,1.04
https://m.toutiao.com/group/7553553091837116938,m.toutiao.com,一批 直播 电商 领域 典型 案例 集中 发布 ! _ 光明网,字节/头条系其他,1,1,1,1,0,0.17,1.04
https://m.toutiao.com/group/7601097250240086564,m.toutiao.com,抖音电商全生态出击，“淘天、京东、拼多多”三强格局被打破_21世纪经济报道,字节/头条系其他,1,1,1,1,0,0.17,1.04
https://m.toutiao.com/group/7694127590688244275,m.toutiao.com,提供直播带货服务不符约定且为竞品做推广，一直播公司因违约被判退还部分费用并支付违约金_中国法院网,字节/头条系其他,1,1,1,1,0,0.17,1.04
https://m.toutiao.com/group/7694142280136606242,m.toutiao.com,境外平台也要报你的数据，做外贸的先看清这一步_鸿顺财务佛山分公司,字节/头条系其他,1,1,1,1,0,0.17,1.04
https://m.toutiao.com/group/7694143873894892073,m.toutiao.com,英国零售商Currys正式入驻TikTok Shop 完善全渠道布局_亿邦动力,字节/头条系其他,1,1,1,1,0,0.17,1.04
https://m.xnnews.com.cn/tyxw_2109/202609/t20260918_5454599.shtml,m.xnnews.com.cn,企业矩阵运营:多抖音账号自动发布工具与操作方法 - 咸宁新闻网,其他外部来源,1,1,1,1,0,0.17,1.04
https://manual.sensorsdata.cn/sa/docs/tech_sdk_client_mp_other_use,manual.sensorsdata.cn,集成文档(其他小程序)-神策分析 帮助中心 | 数据分析使用手册,其他外部来源,1,1,1,1,0,0.17,1.04
https://market.aliyun.com/xinxuan,market.aliyun.com,精选商城_阿里云云市场-阿里云,其他外部来源,1,1,1,1,0,0.17,1.04
https://marketinglad.io/see-who-shared-your-tiktok,marketinglad.io,See Who Shared Your TikTok: What You Can Actually Track,其他外部来源,1,1,1,1,0,0.17,1.04
https://mnews.tianyancha.com/ll_aike2kbntt.html,mnews.tianyancha.com,飞瓜和蝉妈妈哪个适合品牌数据看板?电商运营选型对比-合作_ 天眼查新闻,其他外部来源,1,1,1,1,0,0.17,1.04
https://modash.io/blog/tiktok-monitoring-tools,modash.io,10 Best TikTok Monitoring Tools to Use in 2026,其他外部来源,1,1,1,1,0,0.17,1.04
https://navosagent.ai/en/blog/tiktok-shop-analytics,navosagent.ai,"TikTok Shop Analytics: Metrics, Tools & Workflow (2026)",其他外部来源,1,1,1,1,0,0.17,1.04
https://news.cn/tech/20260622/44acc52d80f2497696dd1d2e930019b6/c.html,news.cn,抖音商城618丨大促点燃消费热潮，平台携手商户共成长-新华网,其他外部来源,1,1,1,1,0,0.17,1.04
https://news.datashows.cn/2576,news.datashows.cn,抖音账号流量遭遇瓶颈?这款AI账号诊断神器，帮你一键生成30天爆款运营方案! | 抖达人& Livephotool,其他外部来源,1,1,1,1,0,0.17,1.04
https://news.dayoo.com/finance/202602/25/171077_54930910.htm,news.dayoo.com,重拳治乱象!抖音电商2025清退27万违规达人，拦截超400万风险商家_广州日报大洋网,其他外部来源,1,1,1,1,0,0.17,1.04
https://oceanengine.com/insight/815,oceanengine.com,飞科 店 播 冲击 父亲节 & 618 双节 品牌 巅峰 榜 - 巨量 引擎 官网,字节/头条系其他,1,1,1,1,0,0.17,1.04
https://ooty.io/blog/chatgpt-tiktok-analytics,ooty.io,ChatGPT for TikTok Analytics: Understand What's Working on Your Account,其他外部来源,1,1,1,1,0,0.17,1.04
https://op.jinritemai.com/docs/api-docs/46/1430,op.jinritemai.com,抖店开放平台,字节/头条系其他,1,1,1,1,0,0.17,1.04
https://op.jinritemai.com/docs/api/83/8137?docLabel=,op.jinritemai.com,抖店开放平台,字节/头条系其他,1,1,1,1,0,0.17,1.04
https://op.jinritemai.com/docs/guide-docs/1161/2663,op.jinritemai.com,抖店开放平台,字节/头条系其他,1,1,1,1,0,0.17,1.04
https://op.jinritemai.com/docs/guide-docs/1608/7924,op.jinritemai.com,抖店开放平台,字节/头条系其他,1,1,1,1,0,0.17,1.04
https://op.jinritemai.com/docs/guide-docs/83/4205?docLabel=1,op.jinritemai.com,抖店开放平台,字节/头条系其他,1,1,1,1,0,0.17,1.04
https://op.jinritemai.com/docs/guide-docs/83/7320?docLabel=1,op.jinritemai.com,抖店开放平台,字节/头条系其他,1,1,1,1,0,0.17,1.04
https://op.jinritemai.com/docs/guide-docs/83/8137?docLabel=,op.jinritemai.com,抖店开放平台,字节/头条系其他,1,1,1,1,0,0.17,1.04
https://op.jinritemai.com/docs/notice-docs/22/2321,op.jinritemai.com,抖店开放平台,字节/头条系其他,1,1,1,1,0,0.17,1.04
https://op.jinritemai.com/docs/notice-docs/22/766,op.jinritemai.com,抖店开放平台,字节/头条系其他,1,1,1,1,0,0.17,1.04
https://op.jinritemai.com/docs/notice-docs/22/7856,op.jinritemai.com,抖店开放平台,字节/头条系其他,1,1,1,1,0,0.17,1.04
https://op.jinritemai.com/docs/question-docs/96/4985,op.jinritemai.com,抖店开放平台,字节/头条系其他,1,1,1,1,0,0.17,1.04
https://op.jinritemai.com/home?%2F=,op.jinritemai.com,抖店开放平台,字节/头条系其他,1,1,1,1,0,0.17,1.04
https://open.oceanengine.com/changelog/1798385305745562,open.oceanengine.com,巨量引擎更新日志-巨量引擎更新日志-商业开放平台,字节/头条系其他,1,1,1,1,0,0.17,1.04
https://open.oceanengine.com/docs/1715386183099469,open.oceanengine.com,api 接口 - 商业 开放 平台,字节/头条系其他,1,1,1,1,0,0.17,1.04
https://open.oceanengine.com/docs/1745207002572807,open.oceanengine.com,获取投放素材数据-数据报表-商业开放平台,字节/头条系其他,1,1,1,1,0,0.17,1.04
https://open.oceanengine.com/docs/1795147063924819,open.oceanengine.com,API接口 - 商业开放平台,字节/头条系其他,1,1,1,1,0,0.17,1.04
https://open.oceanengine.com/labels/12/docs/1698797636713486,open.oceanengine.com,API接口 - 商业开放平台,字节/头条系其他,1,1,1,1,0,0.17,1.04
https://open.oceanengine.com/labels/13/docs/1796659452874762,open.oceanengine.com,获取 星 广 联投 ( 星图 版 ) 视频 维度 数据 - 巨量 星图 - 商业 开放 平台,字节/头条系其他,1,1,1,1,0,0.17,1.04
https://open.oceanengine.com/labels/30/docs/1739047000991747,open.oceanengine.com,API接口 - 商业开放平台,字节/头条系其他,1,1,1,1,0,0.17,1.04
https://open.oceanengine.com/labels/34/docs/1696710631271436,open.oceanengine.com,获取线索列表-飞鱼线索管理-商业开放平台,字节/头条系其他,1,1,1,1,0,0.17,1.04
https://open.oceanengine.com/labels/34/docs/1741387668314126,open.oceanengine.com,自定义报表-数据报表-商业开放平台,字节/头条系其他,1,1,1,1,0,0.17,1.04
https://open.oceanengine.com/labels/7/docs/1795146085880970,open.oceanengine.com,API接口 - 商业开放平台,字节/头条系其他,1,1,1,1,0,0.17,1.04
https://open.oceanengine.com/labels/7/docs/1800368266341379,open.oceanengine.com,数据报表-商业开放平台,字节/头条系其他,1,1,1,1,0,0.17,1.04
https://open.oceanengine.com/labels/7/docs/1803016515293203?origin=metadata,open.oceanengine.com,如何申请授权& 生成授权链接-Oauth2.0授权-商业开放平台,字节/头条系其他,1,1,1,1,0,0.17,1.04
https://open.oceanengine.com/labels/8/docs/1696710549068815,open.oceanengine.com,数据 报表 - 商业 开放 平台,字节/头条系其他,1,1,1,1,0,0.17,1.04
https://open.oceanengine.com/labels/9/docs/1696710575482880,open.oceanengine.com,dmp 自查 手册 - dmp 人群 管理 - 商业 开放 平台,字节/头条系其他,1,1,1,1,0,0.17,1.04
https://outlierkit.typeflo.io/blog/best-youtube-data-tools,outlierkit.typeflo.io,"15 Best YouTube Data Tools in 2026 for SEO, Keywords, Outlier Detection & Channel Analytics",其他外部来源,1,1,1,1,0,0.17,1.04
https://pantosource.com/blog/marketing-data-reliability,pantosource.com,Can You Trust Your Marketing Data? A Reliability Audit Framework for 2026,其他外部来源,1,1,1,1,0,0.17,1.04
https://paper.people.com.cn/zgcsb/images/2022-06/13/05/zgcsb2022061305.pdf,paper.people.com.cn,"兴趣点上做文章 兴趣点上做文章激活市场内动力 激活市场内动力
抖音电商探索全场景带货新模式 抖音电商探索全场景带货新模式",其他外部来源,1,1,1,1,0,0.17,1.04
https://partner.open-douyin.com/docs/resource/zh-CN/dop/operation-standard,partner.open-douyin.com,移动/网站应用能力申请及使用规范_移动/网站应用_抖音开放平台,其他外部来源,1,1,1,1,0,0.17,1.04
https://partner.open-douyin.com/docs/resource/zh-CN/dop/operation-standard/platform-capabilities/douyin-open-sdk-developer-standard,partner.open-douyin.com,抖音open SDK 开发者使用规范_移动/网站应用_抖音开放平台,其他外部来源,1,1,1,1,0,0.17,1.04
https://partner.open-douyin.com/docs/resource/zh-CN/dop/operation-standard/service-protocol/mobile-web-app-protocal,partner.open-douyin.com,移动应用/网站应用服务协议_移动/网站应用_抖音开放平台,其他外部来源,1,1,1,1,0,0.17,1.04
https://partner.open-douyin.com/docs/resource/zh-CN/local-life/develop/OpenAPI/life.capacity.shop/auth_with_bind?is_new_user=1,partner.open-douyin.com,能力授权& 门店绑定SDK_生活服务商家应用_抖音开放平台,其他外部来源,1,1,1,1,0,0.17,1.04
https://partner.open-douyin.com/docs/resource/zh-CN/local-life/guide,partner.open-douyin.com,技术服务商接入指南_生活服务商家应用_抖音开放平台,其他外部来源,1,1,1,1,0,0.17,1.04
https://partner.open-douyin.com/docs/resource/zh-CN/local-life/solution/flexible-group-solution,partner.open-douyin.com,随心团解决方案_生活服务商家应用_抖音开放平台,其他外部来源,1,1,1,1,0,0.17,1.04
https://partner.open-douyin.com/service-market/category/1733327617025032,partner.open-douyin.com,服务 市场 - 分类,其他外部来源,1,1,1,1,0,0.17,1.04
https://partner.open-douyin.com/service-market/market-detail/7397705145531760659,partner.open-douyin.com,立可为矩阵 - 抖音开放平台 - 服务商平台,其他外部来源,1,1,1,1,0,0.17,1.04
https://partner.tiktokshop.com/docv2/page/kpkfccsa,partner.tiktokshop.com,Analytics API Response Data Optimization,其他外部来源,1,1,1,1,0,0.17,1.04
https://pdf.dfcfw.com/pdf/H3_AP202107141503778489_1.pdf,pdf.dfcfw.com,抖音电商渠道解析: 兴趣电商崛起，纺服板块先行,其他外部来源,1,1,1,1,0,0.17,1.04
https://pdf.dfcfw.com/pdf/H3_AP202407261638343337_1.pdf,pdf.dfcfw.com,电商深度研究系列五： 阿里巴巴：外部竞争趋缓，88VIP和全站推广有望带动 主站可持续增长,其他外部来源,1,1,1,1,0,0.17,1.04
https://pdf.dfcfw.com/pdf/H3_AP202509051739085959_1.pdf,pdf.dfcfw.com,2025年8月 飞瓜抖音电商营销月报,其他外部来源,1,1,1,1,0,0.17,1.04
https://pinkroon.com/news/detail/641,pinkroon.com,案例拆解:居家布艺新号15天从0到1，ROI是怎么做到逼近12的,其他外部来源,1,1,1,1,0,0.17,1.04
https://pmc.ncbi.nlm.nih.gov/articles/PMC12727577,pmc.ncbi.nlm.nih.gov,Cross-platform assessment of short-form video quality on the gut–liver axis: informational integrity and engagement disparity - PMC,其他外部来源,1,1,1,1,0,0.17,1.04
https://pre-nav.newrank.cn/site/41,pre-nav.newrank.cn,新抖-新榜-新媒体导航,企业官网/工具平台,1,1,1,1,0,0.17,1.04
https://prescientai.com/blog/how-to-measure-tiktok-effectively,prescientai.com,How to measure TikTok effectively (instead of seeing half the story),其他外部来源,1,1,1,1,0,0.17,1.04
https://qianchuan.jinritemai.com/docs/help/11750/226857,qianchuan.jinritemai.com,搜索 计划 - 投放 步骤 - 巨量 千川 帮助 中心,字节/头条系其他,1,1,1,1,0,0.17,1.04
https://qn.uqudao.com/a2796d5e1a8fa988805e95cb4262bdf2.pdf,qn.uqudao.com,FESTIVAL MARKETING 2023巨量引擎节点营销策略洞察报告,其他外部来源,1,1,1,1,0,0.17,1.04
https://realdataapi.com/web-scraping-douyin-follower-growth-engagement-data.php,realdataapi.com,Scrape Douyin follower growth and engagement data to track influencer performance and trends,其他外部来源,1,1,1,1,0,0.17,1.04
https://renzheng.douyin.com/support/content/123545?graphId=412&spaceId=77,renzheng.douyin.com,企业号数据查看方式 - 企业号帮助中心,抖音其他页面,1,1,1,1,0,0.17,1.04
https://renzheng.douyin.com/support/mobile/content/123499,renzheng.douyin.com,企业号运营后台入口介绍 - 企业号帮助中心,抖音其他页面,1,1,1,1,0,0.17,1.04
https://resources.youcloud.com/youshu/product_update/2814,resources.youcloud.com,官方选型指南:有米有数 vs 蝉妈妈，全方位对比助您决策,其他外部来源,1,1,1,1,0,0.17,1.04
https://rpa.bazhuayu.com/solutions/ecommerce,rpa.bazhuayu.com,全域电商取数_全平台数据获取_数阔八爪鱼RPA,其他外部来源,1,1,1,1,0,0.17,1.04
https://school.jinritemai.com/doudian/wap/article/108817?from_school=1&should_full_screen=1&should_hide_bottom_nav=1,school.jinritemai.com,抖音电商学习中心,字节/头条系其他,1,1,1,1,0,0.17,1.04
https://school.jinritemai.com/doudian/wap/article/110319?from_school=1&should_full_screen=1&should_hide_bottom_nav=1,school.jinritemai.com,店铺绑定抖音官方帐号功能服务协议(商家端),字节/头条系其他,1,1,1,1,0,0.17,1.04
https://school.jinritemai.com/doudian/wap/article/110796,school.jinritemai.com,玩转达人广场-精准找带货达人合作,字节/头条系其他,1,1,1,1,0,0.17,1.04
https://school.jinritemai.com/doudian/wap/article/114910?from_school=1&should_full_screen=1&should_hide_bottom_nav=1,school.jinritemai.com,【百应】达人佣金分成账单如何对账?,字节/头条系其他,1,1,1,1,0,0.17,1.04
https://school.jinritemai.com/doudian/wap/article/aHGu7yhLZMPh?fromPage=search_result&rank=0&searchInfo=5115280400073437520%3A0%3A0%3A893844528%3A202212081644260101501102331D08183,school.jinritemai.com,抖店服务市场服务商违规管理规则-抖音电商学习中心，抖店官方教你运营抖音小店,字节/头条系其他,1,1,1,1,0,0.17,1.04
https://school.jinritemai.com/doudian/wap/article/aHGuCLMAC5Bk,school.jinritemai.com,【罗盘·经营】直播复盘功能升级，提升账户数据分析和问题定位能力!(原:如何阶段性复盘直播数据?)-抖音电商学习中心，抖店官方教你运营抖音小店,字节/头条系其他,1,1,1,1,0,0.17,1.04
https://school.jinritemai.com/doudian/wap/article/aHRbnsP5fSGu,school.jinritemai.com,抖音电商创作者等级管理规则-抖音电商学习中心，抖店官方教你运营抖音小店,字节/头条系其他,1,1,1,1,0,0.17,1.04
https://school.jinritemai.com/doudian/wap/article/aHdw6yRYDL62?from_school=1&should_full_screen=1&should_hide_bottom_nav=1,school.jinritemai.com,抖音电商学习中心,字节/头条系其他,1,1,1,1,0,0.17,1.04
https://school.jinritemai.com/doudian/wap/article/aHghh2bV3KrC?from_school=1&should_full_screen=1&should_hide_bottom_nav=1,school.jinritemai.com,用户运营——【用户分析】操作指南,字节/头条系其他,1,1,1,1,0,0.17,1.04
https://school.jinritemai.com/doudian/wap/article/aHnLL5zLHQAb?from_school=1&should_full_screen=1&should_hide_bottom_nav=1,school.jinritemai.com,抖音电商学习中心,字节/头条系其他,1,1,1,1,0,0.17,1.04
https://school.jinritemai.com/doudian/wap/article/aHz8tLuQYojQ,school.jinritemai.com,抖音电商学习中心,字节/头条系其他,1,1,1,1,0,0.17,1.04
https://school.jinritemai.com/doudian/wap/article/aHzTcug1o6eD,school.jinritemai.com,关于修订《抖音电商创作者口碑分实施规则》的公示通知,字节/头条系其他,1,1,1,1,0,0.17,1.04
https://school.jinritemai.com/doudian/wap/article/aJ7vEkTR8ccQ?from_school=1&should_full_screen=1&should_hide_bottom_nav=1,school.jinritemai.com,抖音电商学习中心,字节/头条系其他,1,1,1,1,0,0.17,1.04
https://school.jinritemai.com/doudian/wap/article/aJCPAz6HCj8K,school.jinritemai.com,三率指标高频问题解答-抖音电商学习中心，抖店官方教你运营抖音小店,字节/头条系其他,1,1,1,1,0,0.17,1.04
https://school.jinritemai.com/doudian/wap/article/aJXSur26JpWz,school.jinritemai.com,抖店双周新功能速递 05期(2025.09.15),字节/头条系其他,1,1,1,1,0,0.17,1.04
https://school.jinritemai.com/doudian/wap/article/aJaKc2HhiZAE?from_school=1&should_full_screen=1&should_hide_bottom_nav=1,school.jinritemai.com,关于修订《商家体验分规范》的公示通知,字节/头条系其他,1,1,1,1,0,0.17,1.04
https://school.jinritemai.com/doudian/wap/article/aJeejqFp1dG5,school.jinritemai.com,中小商家抖音电商经营常用词小词典,字节/头条系其他,1,1,1,1,0,0.17,1.04
https://school.jinritemai.com/doudian/wap/articlev0/aHq5uvgaYmeC,school.jinritemai.com,抖音电商学习中心,字节/头条系其他,1,1,1,1,0,0.17,1.04
https://school.jinritemai.com/doudian/wap/articlev0/aJEsLCAk8oNg,school.jinritemai.com,抖音电商学习中心,字节/头条系其他,1,1,1,1,0,0.17,1.04
https://school.jinritemai.com/doudian/wap/course-series/cHSMH4XjcRvj/cHSMH4XjcRvjlHVD3jbxA8wx?from_school=1&should_full_screen=1&should_hide_bottom_nav=1,school.jinritemai.com,抖音电商学习中心,字节/头条系其他,1,1,1,1,0,0.17,1.04
https://school.jinritemai.com/doudian/wap/course-series/cJDfjw7Wbt3c/cJDfjw7Wbt3clJDxt8ZjxEg1?from_school=1&should_full_screen=1&should_hide_bottom_nav=1,school.jinritemai.com,抖音电商学习中心,字节/头条系其他,1,1,1,1,0,0.17,1.04
https://school.jinritemai.com/doudian/wap/course-series/cJFKTvKaBrP1/cJFKTvKaBrP1lJFR5n8DkTZh?from_school=1&should_full_screen=1&should_hide_bottom_nav=1,school.jinritemai.com,抖音 电商 学习 中心,字节/头条系其他,1,1,1,1,0,0.17,1.04
https://school.jinritemai.com/doudian/wap/course-series/cJRyE8NWrYXU/cJRyE8NWrYXUlJRyBcTBSK9i?from_school=1&should_full_screen=1&should_hide_bottom_nav=1,school.jinritemai.com,抖音电商学习中心,字节/头条系其他,1,1,1,1,0,0.17,1.04
https://school.jinritemai.com/doudian/wap/course-series/cJZHjLnhaLyw/cJZHjLnhaLywlJZJUawr8L8r?from_school=1&should_full_screen=1&should_hide_bottom_nav=1,school.jinritemai.com,中小商家千川广告投放运营基础及工具使用,字节/头条系其他,1,1,1,1,0,0.17,1.04
https://school.jinritemai.com/doudian/wap/course-series/cJb3eGedzvEv/cJb3eGedzvEvlJb3yvkq1Vqt?from_school=1&should_full_screen=1&should_hide_bottom_nav=1,school.jinritemai.com,抖音 电商 - 学习 中心,字节/头条系其他,1,1,1,1,0,0.17,1.04
https://school.jinritemai.com/doudian/wap/course-series/cJdHgW6r2V1C/cJdHgW6r2V1ClJdJKNQYAC8V?from_school=1&should_full_screen=1&should_hide_bottom_nav=1&video_start_time=1,school.jinritemai.com,抖音电商「ai+」系列课|9步走让生意更简单|拉到最后有教程,字节/头条系其他,1,1,1,1,0,0.17,1.04
https://school.jinritemai.com/doudian/wap/ecomcase/detail?currentTab=2&should_full_screen=1,school.jinritemai.com,抖音电商案例库-抖音电商官方学习平台,字节/头条系其他,1,1,1,1,0,0.17,1.04
https://school.jinritemai.com/doudian/wap/ecomcase/detail?currentTab=3&should_full_screen=1,school.jinritemai.com,抖音电商案例库-抖音电商官方学习平台,字节/头条系其他,1,1,1,1,0,0.17,1.04
https://school.jinritemai.com/doudian/wap/ecomcase?should_full_screen=1,school.jinritemai.com,抖音 电商 案例 库 - 抖音 电商 官方 学习 平台,字节/头条系其他,1,1,1,1,0,0.17,1.04
https://school.jinritemai.com/doudian/wap/knowledge/kJ9EWcq3e6FT,school.jinritemai.com,抖音电商学习中心,字节/头条系其他,1,1,1,1,0,0.17,1.04
https://school.jinritemai.com/doudian/wap/topic/qJ9D1p5hoZD1?should_full_screen=1,school.jinritemai.com,抖音电商学习中心,字节/头条系其他,1,1,1,1,0,0.17,1.04
https://school.jinritemai.com/doudian/wap/video-article/vJdCje6GP7t4?scene_source=xiangguantuijian&strategy_source=XiangGuanTuiJian_1650788433,school.jinritemai.com,抖音电商学习中心,字节/头条系其他,1,1,1,1,0,0.17,1.04
https://school.jinritemai.com/doudian/web/article/112284,school.jinritemai.com,资金流水明细/资金账单使用手册,字节/头条系其他,1,1,1,1,0,0.17,1.04
https://school.jinritemai.com/doudian/web/article/aHGDEoASVDHn,school.jinritemai.com,如何洞察单个商品的人群画像?-抖音电商学习中心，抖店官方教你运营抖音小店,字节/头条系其他,1,1,1,1,0,0.17,1.04
https://school.jinritemai.com/doudian/web/article/aHKzxd7DaEhL?from_school=1&should_full_screen=1&should_hide_bottom_nav=1,school.jinritemai.com,账号绑定功能使用协议(机构版),字节/头条系其他,1,1,1,1,0,0.17,1.04
https://school.jinritemai.com/doudian/web/article/aHP515Haa5s3,school.jinritemai.com,如何系统性复盘单场直播效果?,字节/头条系其他,1,1,1,1,0,0.17,1.04
https://school.jinritemai.com/doudian/web/article/aHPuNmhxfhCA,school.jinritemai.com,学会罗盘做直播复盘，就三步!-抖音电商学习中心，抖店官方教你运营抖音小店,字节/头条系其他,1,1,1,1,0,0.17,1.04
https://school.jinritemai.com/doudian/web/article/aHZ3GmH3D13L?industryId=16&typeName=%E5%8A%9F%E8%83%BD%E5%85%AC%E5%91%8A,school.jinritemai.com,罗盘·策略市场洞察能力介绍,字节/头条系其他,1,1,1,1,0,0.17,1.04
https://school.jinritemai.com/doudian/web/article/aHaPridCg7hW,school.jinritemai.com,快速get不同运营场景下的数据分析方法!,字节/头条系其他,1,1,1,1,0,0.17,1.04
https://school.jinritemai.com/doudian/web/article/aHc3X6jjNtCK,school.jinritemai.com,如何识别商品卡载体流量及成交表现?-抖音电商学习中心，抖店官方教你运营抖音小店,字节/头条系其他,1,1,1,1,0,0.17,1.04
https://school.jinritemai.com/doudian/web/article/aHi5Vo1f2gCv,school.jinritemai.com,【重要】罗盘·经营商品卡数据口径升级说明,字节/头条系其他,1,1,1,1,0,0.17,1.04
https://school.jinritemai.com/doudian/web/article/aHizmazkucH1,school.jinritemai.com,抖音电商开店10大权益，助力商家入驻经营-抖音电商学习中心，抖店官方教你运营抖音小店,字节/头条系其他,1,1,1,1,0,0.17,1.04
https://school.jinritemai.com/doudian/web/article/aHmb83YFLtyi,school.jinritemai.com,【重要】罗盘·经营新老客数据口径升级说明,字节/头条系其他,1,1,1,1,0,0.17,1.04
https://school.jinritemai.com/doudian/web/article/aHsw1vzYjdDN,school.jinritemai.com,关于修订《【抖音电商】品牌力标准》的公示通知,字节/头条系其他,1,1,1,1,0,0.17,1.04
https://school.jinritemai.com/doudian/web/article/aHyN7CKtogQa?from_school=1&should_full_screen=1&should_hide_bottom_nav=1,school.jinritemai.com,关于 修订 《 抖音 账号 绑定 巨量 百应 / 精选 联盟 账号 服务 协议 》 等 2 份 协议 的 公示 通知,字节/头条系其他,1,1,1,1,0,0.17,1.04
https://school.jinritemai.com/doudian/web/article/aHz4Rb6T2GLz,school.jinritemai.com,抖 店 「 订单 管理 」 使用 指南,字节/头条系其他,1,1,1,1,0,0.17,1.04
https://school.jinritemai.com/doudian/web/article/aHztW9TWhNnr,school.jinritemai.com,【罗盘经营】移动端产品功能优化,字节/头条系其他,1,1,1,1,0,0.17,1.04
https://school.jinritemai.com/doudian/web/article/aJ13H4Wa2dqK,school.jinritemai.com,关于新增《创作者【不当获取/使用信息】实施细则》的公示通知,字节/头条系其他,1,1,1,1,0,0.17,1.04
https://school.jinritemai.com/doudian/web/article/aJBGHwgD3poU,school.jinritemai.com,抖店AI智能助手& 搜索使用手册,字节/头条系其他,1,1,1,1,0,0.17,1.04
https://school.jinritemai.com/doudian/web/article/aJDU1n3uyUDb,school.jinritemai.com,关于修订《抖店服务市场服务商违规管理规则》的公示通知,字节/头条系其他,1,1,1,1,0,0.17,1.04
https://school.jinritemai.com/doudian/web/article/aJVVUcN3je9k?from_school=1&should_full_screen=1&should_hide_bottom_nav=1,school.jinritemai.com,🔥求取同行生意经!案例中心全新上线,字节/头条系其他,1,1,1,1,0,0.17,1.04
https://school.jinritemai.com/doudian/web/article/aJcFTe33bS8R?from_school=1&should_full_screen=1&should_hide_bottom_nav=1,school.jinritemai.com,🔥 专 为 电商 主播 设计 的 实时 大屏 : 核心 信息 1 屏 聚合 ， 快 节奏 也 能 精准 决策 !,字节/头条系其他,1,1,1,1,0,0.17,1.04
https://school.jinritemai.com/doudian/web/article/aJco8mrao5nK,school.jinritemai.com,再降本增收|抖音电商2026年全面升级“九大商家扶持政策”,字节/头条系其他,1,1,1,1,0,0.17,1.04
https://school.jinritemai.com/doudian/web/article/aJhxz13V1Z9q?from_school=1&should_full_screen=1&should_hide_bottom_nav=1,school.jinritemai.com,一文详解电商带货「违规引流营销」,字节/头条系其他,1,1,1,1,0,0.17,1.04
https://school.jinritemai.com/doudian/web/article/aJikR2KtbpGR?biz_from=new_rules,school.jinritemai.com,关于修订《创作者「诱导第三方」实施细则》的公示通知,字节/头条系其他,1,1,1,1,0,0.17,1.04
https://school.jinritemai.com/doudian/web/article/aJjSjTwbHXvD?biz_from=new_rules,school.jinritemai.com,关于修订《精选联盟推广费/服务费结算规则》的公示通知,字节/头条系其他,1,1,1,1,0,0.17,1.04
https://school.jinritemai.com/doudian/web/article/ahghh2bv3krc,school.jinritemai.com,用户运营——【用户分析】操作指南,字节/头条系其他,1,1,1,1,0,0.17,1.04
https://school.jinritemai.com/doudian/web/article/kJDihoTte1L7,school.jinritemai.com,开票账单和结算账单/交易账单核对时，发现有订单未入账/订单核对不一致，原因是什么?,字节/头条系其他,1,1,1,1,0,0.17,1.04
https://school.jinritemai.com/doudian/web/course-series/cHSgy77AkFoU/cHSgy77AkFoUlHSxi7Euya6y,school.jinritemai.com,抖店后台一站式操作指南(含电脑/移动端),字节/头条系其他,1,1,1,1,0,0.17,1.04
https://school.jinritemai.com/doudian/web/course-series/cHXYPm4k5tCn/cHXYPm4k5tCnlHZdqBe2bAkC?from_school=1&should_full_screen=1&should_hide_bottom_nav=1,school.jinritemai.com,抖音电商官方数据产品「罗盘·策略」引领生意增长,字节/头条系其他,1,1,1,1,0,0.17,1.04
https://school.jinritemai.com/doudian/web/course-series/cHXYPm4k5tCn/cHXYPm4k5tCnlHZdqBe2bb6c,school.jinritemai.com,抖音 电商 官方 数据 产品 「 罗盘 · 策略 」 引领 生意 增长,字节/头条系其他,1,1,1,1,0,0.17,1.04
https://school.jinritemai.com/doudian/web/course-series/cHXYPm4k5tCn/cHXYPm4k5tCnlHkBiJdKZ3t4?from_school=1&should_full_screen=1&should_hide_bottom_nav=1,school.jinritemai.com,抖音电商官方数据产品「罗盘·策略」引领生意增长,字节/头条系其他,1,1,1,1,0,0.17,1.04
https://school.jinritemai.com/doudian/web/course-series/cHXYPm4k5tCn/cHXYPm4k5tCnlHsBbDRer1Z4,school.jinritemai.com,抖音电商官方数据产品「罗盘·策略」引领生意增长,字节/头条系其他,1,1,1,1,0,0.17,1.04
https://school.jinritemai.com/doudian/web/course-series/cHXYPm4k5tCn/cHXYPm4k5tCnlHsBbDRer6RY?from_school=1&should_full_screen=1&should_hide_bottom_nav=1,school.jinritemai.com,抖音电商官方数据产品「罗盘·策略」引领生意增长,字节/头条系其他,1,1,1,1,0,0.17,1.04
https://school.jinritemai.com/doudian/web/course-series/cJkCAQLF7KpM/cJkCAQLF7KpMlJmYBvWtqxnC?from_school=1&should_full_screen=1&should_hide_bottom_nav=1,school.jinritemai.com,【抖音商城618】商家优秀案例合集,字节/头条系其他,1,1,1,1,0,0.17,1.04
https://school.jinritemai.com/doudian/web/funcs/nHuDqBmh6GyH,school.jinritemai.com,抖音电商学习中心-功能中心，商家，电商罗盘，市场,字节/头条系其他,1,1,1,1,0,0.17,1.04
https://school.jinritemai.com/doudian/web/funcs/nHuDqBmh6GyH?tabKey=funcs,school.jinritemai.com,抖音电商学习中心-功能中心，商家，电商罗盘，市场,字节/头条系其他,1,1,1,1,0,0.17,1.04
https://school.jinritemai.com/doudian/web/knowledge/kHfwgbcGg1wN,school.jinritemai.com,达人带货佣金/团长服务费如何收取?-抖音电商学习中心,字节/头条系其他,1,1,1,1,0,0.17,1.04
https://sdecu.com/virtual_attach_file.vsb?afc=CU4MQ2UNCiM7n7MqmCPnRGbUzUsnmvpaoRv4MRU8Mln7LzL0gihFp2hmCIa0LShfUShVL1ybLR74LRGYLRCYoz6fnml4ollaUlnVMz6kM8nFLRCZU8-DoR6FU4NbnlCJv2nto4OeosMNQIMi_khXptQ0g4-8Lz70LzU8oRlPgtA8pUvcc&e=.pdf&nid=144851&oid=2123883912&tid=2411,sdecu.com,一套指标看懂电商经营：流量、转化、复购全链路拆解,其他外部来源,1,1,1,1,0,0.17,1.04
https://sellercentral.amazon.com.br/seller-forums/discussions/t/b82058e0-e8b1-4f9f-8108-2446126d0b78?mons_sel_locale=zh_CN,sellercentral.amazon.com.br,Sales Slowing Down? Your Business Reports Can Help 📊,其他外部来源,1,1,1,1,0,0.17,1.04
https://sellercentral.amazon.in/seller-forums/discussions/t/a3b093e7-ca0e-4e0d-9080-453ecc67e906?mons_sel_locale=zh_CN,sellercentral.amazon.in,Sales dropped sharply despite healthy account – looking for expert advice,其他外部来源,1,1,1,1,0,0.17,1.04
https://sf3-cdn-tos.douyinstatic.com/obj/ies-hotsoon-draft/douyin_agreement/194077e3-5f6f-4fd8-b7ca-3b2c878bea30.html?hide_nav_bar=1,sf3-cdn-tos.douyinstatic.com,【抖音】第三方信息共享清单,其他外部来源,1,1,1,1,1,0.17,1.04
https://sf3-cdn-tos.douyinstatic.com/obj/ies-hotsoon-draft/douyin_agreement/privacy.html,sf3-cdn-tos.douyinstatic.com,“抖音”隐私政策,其他外部来源,1,1,1,1,0,0.17,1.04
https://shandongai.cn/,shandongai.cn,Social Ops|自媒体账号诊断与爆款视频拆解工具,其他外部来源,1,1,1,1,0,0.17,1.04
https://shm.com.cn/szb/ytwb/paper/pc/attachment/202312/20/bd6207ab-8c95-4c0a-9d4a-f0bd89e8b8b8.pdf,shm.com.cn,谨防‘假流量’成‘真产业’,其他外部来源,1,1,1,1,0,0.17,1.04
https://shoppingads.cn/?is_new_user=0,shoppingads.cn,巨量千川,其他外部来源,1,1,1,1,0,0.17,1.04
https://shortimize.com/blog/rival-iq-alternative-for-short-form,shortimize.com,Best Rival IQ Alternative for Short Form Video 2026,其他外部来源,1,1,1,1,0,0.17,1.04
https://shortimize.com/blog/tiktok-analytics-for-agencies,shortimize.com,TikTok Analytics For Agencies: Complete Guide (2026),其他外部来源,1,1,1,1,0,0.17,1.04
https://skywork.ai/skillhub/全网作品数据抓取分析工具-抖音小红书视频号快手b站通用,skywork.ai,全网作品数据抓取分析工具（抖音小红书视频号快手B站通用）,其他外部来源,1,1,1,1,0,0.17,1.04
https://smartscout.com/blog/tiktok-shop-analytics-tools,smartscout.com,9 Best TikTok Shop Analytics Tools For Product Research (2026 Picks),其他外部来源,1,1,1,1,0,0.17,1.04
https://smartscout.com/zh-cn/blog/tiktok-shop-analytics-tools,smartscout.com,9 Best TikTok Shop Analytics Tools For Product Research (2026 Picks),其他外部来源,1,1,1,1,0,0.17,1.04
https://smzs.xisence.com/help/faq/douyin/video-limit,smzs.xisence.com,抖音:为什么有时候视频数据会获取不全? - 社媒助手,其他外部来源,1,1,1,1,0,0.17,1.04
https://socialinsider.io/blog/third-party-vs-tiktok-native-dashboard,socialinsider.io,Third-Party vs. Native TikTok Dashboard Comparison: What’s Right for You?,其他外部来源,1,1,1,1,0,0.17,1.04
https://socialpilot.co/de/tiktok-analytics-tools?trp-edit-translation=preview,socialpilot.co,12 Best TikTok Analytics Tools to Track Real Growth in 2026,其他外部来源,1,1,1,1,0,0.17,1.04
https://socialpilot.co/pt/tiktok-analytics-tools?trp-edit-translation=preview,socialpilot.co,12 Best TikTok Analytics Tools to Track Real Growth in 2026,其他外部来源,1,1,1,1,0,0.17,1.04
https://socialpilot.co/tiktok-analytics-tools,socialpilot.co,12 Best TikTok Analytics Tools to Track Real Growth in 2026,其他外部来源,1,1,1,1,0,0.17,1.04
https://socialpilot.co/tiktok-analytics-tools?trp-edit-translation=preview,socialpilot.co,10 TikTok Analytics Tools to Optimize Your Strategy in 2026,其他外部来源,1,1,1,1,0,0.17,1.04
https://society.people.com.cn/n1/2022/0127/c1008-32340905.html,society.people.com.cn,杭州余杭法院宣判首例涉直播数据权益不正当竞争案--社会·法治--人民网,其他外部来源,1,1,1,1,0,0.17,1.04
https://soft.china.com/soft/1975571.html,soft.china.com,新榜小豆芽官网电脑版下载，新榜小豆芽官方最新版下载 - 中华网软件,其他外部来源,1,1,1,1,0,0.17,1.04
https://sozee.ai/resources/multi-platform-creator-analytics-tools,sozee.ai,7 Multi-Platform Creator Analytics Tools That Save Hours,其他外部来源,1,1,1,1,1,0.17,1.04
https://starngage.com/plus/en-us/blog/best-tiktok-fake-follower-detection-tools-for-smarter-influencer-marketing,starngage.com,Best TikTok Fake Follower Detection Tools for Smarter Influencer Marketing,其他外部来源,1,1,1,1,0,0.17,1.04
https://store.weixin.qq.com/chengzhang/webdoc/wiki/7632/f82393644b9b9e3e/growth_center_manual_for_finder,store.weixin.qq.com,微信小店成长中心 - 功能中心,新闻/门户/自媒体,1,1,1,1,0,0.17,1.04
https://streamer.guide/guides/best-tiktok-analytics-tools-2026,streamer.guide,Best TikTok Analytics Tools 2026: Free & Paid Options Compared,其他外部来源,1,1,1,1,0,0.17,1.04
https://support.oceanengine.com/support/mobile/content/130405,support.oceanengine.com,人群管理-快速玩转人群定向策略 - 巨量帮助,字节/头条系其他,1,1,1,1,0,0.17,1.04
https://tabbit.com/use-cases/creator-analytics-dashboard,tabbit.com,爆款复盘官 Use Case - Tabbit 浏览器,其他外部来源,1,1,1,1,0,0.17,1.04
https://taobao.com/list/product/wap/直播数据分析.htm,taobao.com,直播数据分析 - Top 100件直播数据分析 - 2026年8月更新 - 淘宝Taobao|天猫Tmall,其他外部来源,1,1,1,1,0,0.17,1.04
https://taobao.com/list/product/账号数据分析.htm,taobao.com,账号数据分析 - Top 100件账号数据分析 - 2026年9月更新 - 淘宝Taobao|天猫Tmall,其他外部来源,1,1,1,1,0,0.17,1.04
https://tikhub.io/integrations,tikhub.io,"Zapier Social Media Integration: Automate TikTok, Instagram & YouTube Data",其他外部来源,1,1,1,1,0,0.17,1.04
https://tikhub.io/zh/douyin-api,tikhub.io,抖音 API — 视频、用户、热榜与星图数据 | TikHub,其他外部来源,1,1,1,1,0,0.17,1.04
https://tikliveapi.com/blog/tiktok-for-brand-marketers-api-driven-strategy-2026,tikliveapi.com,TikTok For Brand Marketers: API-Driven Strategy in 2026,其他外部来源,1,1,1,1,0,0.17,1.04
https://tools-ai.cn/tag/数据分析?page=2,tools-ai.cn,数据分析-AI工具导航 | AI工具大全，国内外AI工具一站式导航网站,其他外部来源,1,1,1,1,0,0.17,1.04
https://tools-ai.cn/tag/直播数据,tools-ai.cn,直播数据-AI工具导航 | AI工具大全，国内外AI工具一站式导航网站,其他外部来源,1,1,1,1,0,0.17,1.04
https://tools-ai.cn/tag/直播数据分析,tools-ai.cn,直播数据分析-AI工具导航 | AI工具大全，国内外AI工具一站式导航网站,其他外部来源,1,1,1,1,0,0.17,1.04
https://trendinsight.oceanengine.com/arithmetic-index）,trendinsight.oceanengine.com,抖音指数(原巨量算数),字节/头条系其他,1,1,1,1,0,0.17,1.04
https://trendinsight.oceanengine.com/arithmetic-report,trendinsight.oceanengine.com,趋势报告-抖音指数,字节/头条系其他,1,1,1,1,0,0.17,1.04
https://trendinsight.oceanengine.com/foresee/detail/1085,trendinsight.oceanengine.com,2025游戏行业抖音经营白皮书-undefined,字节/头条系其他,1,1,1,1,0,0.17,1.04
https://trendinsight.oceanengine.com/foresee/detail/616,trendinsight.oceanengine.com,数据:创意洞察与生产的“指南针”-商业实战-抖音指数,字节/头条系其他,1,1,1,1,0,0.17,1.04
https://trendinsight.oceanengine.com/report/detail/160,trendinsight.oceanengine.com,抖音指数(原巨量算数),字节/头条系其他,1,1,1,1,0,0.17,1.04
https://trendtrack.io/blog-post/how-to-find-trending-products-on-tiktok,trendtrack.io,How to Use Ad Spy Tools to Find Trending TikTok Products Before They Blow Up,其他外部来源,1,1,1,1,0,0.17,1.04
https://trenz.ai/resource/best-tiktok-shop-product-research-tools-2,trenz.ai,9 Best TikTok Shop Product Research Tools for Sellers (2026),其他外部来源,1,1,1,1,0,0.17,1.04
https://tukuppt.com/excelmuban/zhibo.html,tukuppt.com,直播Excel表格模板_直播Excel表格模板下载_熊猫办公,其他外部来源,1,1,1,1,0,0.17,1.04
https://tup.tsinghua.edu.cn/upload/books/yz/095959-01.pdf,tup.tsinghua.edu.cn,直播电商：从基础到实务,其他外部来源,1,1,1,1,0,0.17,1.04
https://tup.tsinghua.edu.cn/upload/books/yz/098678-01.pdf,tup.tsinghua.edu.cn,抖音电商：抖音成为电商流量的新宠,其他外部来源,1,1,1,1,0,0.17,1.04
https://tup.tsinghua.edu.cn/upload/books/yz/102623-01.pdf,tup.tsinghua.edu.cn,抖音运营实战笔记,其他外部来源,1,1,1,1,0,0.17,1.04
https://virlo.ai/,virlo.ai,Social Listening for,其他外部来源,1,1,1,1,0,0.17,1.04
https://virlo.ai/blog/best-free-tiktok-tools,virlo.ai,9 Best Free TikTok Tools in 2026 (That Actually Work),其他外部来源,1,1,1,1,0,0.17,1.04
https://voice.newrank.cn/study/detail/bb9c4fe0714d4814,voice.newrank.cn,抖音/小红书竞品分析怎么做?_声量通,企业官网/工具平台,1,1,1,1,0,0.17,1.04
https://volcengine.com/docs/6316/162972,volcengine.com,字节跳动杨震原:抖音电商是如何实现数据驱动的?--行业洞察-火山引擎,字节/头条系其他,1,1,1,1,0,0.17,1.04
https://volcengine.com/docs/85637/1588306,volcengine.com,巨量引擎/巨量千川--数据智能体-火山引擎,字节/头条系其他,1,1,1,1,0,0.17,1.04
https://volcengine.com/docs/86403/1829804,volcengine.com,抖音来客订单数据接入--智能数据洞察 DataWind-火山引擎,字节/头条系其他,1,1,1,1,0,0.17,1.04
https://volcengine.com/product/datasail,volcengine.com,全域数据集成-火山引擎,字节/头条系其他,1,1,1,1,0,0.17,1.04
https://wen.woshipm.com/question/detail/cp8ar.html,wen.woshipm.com,app竞品分析该在哪些网站查看此APP的上线下载量等信息?-天天问-产品经理互助问答社区|人人都是产品经理,社区/博客/问答,1,1,1,1,0,0.17,1.04
https://womenofchina.com/9GtstsMIFC/news.html,womenofchina.com,e.douyin.com 官方入口怎么找?手机端与电脑端体验及常见问题-中国妇女杂志社,其他外部来源,1,1,1,1,0,0.17,1.04
https://woshipm.com/ai/6300649.html,woshipm.com,Gemini3+飞书多维表格，批量扒抖音爆款& 自动二创，太爽了!【喂饭级教程】 | 人人都是产品经理,社区/博客/问答,1,1,1,1,0,0.17,1.04
https://woshipm.com/ai/6421174.html,woshipm.com,用AI拆解对标账号，从选题到变现5个维度全流程，都整理好在这里了 | 人人都是产品经理,社区/博客/问答,1,1,1,1,0,0.17,1.04
https://woshipm.com/evaluating/6239753.html,woshipm.com,“这个产品为什么好”系列2——抖音 | 人人都是产品经理,社区/博客/问答,1,1,1,1,0,0.17,1.04
https://woshipm.com/operate/5371533.html,woshipm.com,视频 号 直播 复盘 实操 手册 ( 完整 版 ) | 人人 都是 产品 经理,社区/博客/问答,1,1,1,1,0,0.17,1.04
https://woshipm.com/operate/5918047.html,woshipm.com,我做了14年的运营!才明白的全平台“对标账号”寻找技巧和分析方法!首次无保留全公开! | 人人都是产品经理,社区/博客/问答,1,1,1,1,0,0.17,1.04
https://woshipm.com/share/5929612.html,woshipm.com,数据分析平台拆解——MCN数据分析平台(2/4) | 人人都是产品经理,社区/博客/问答,1,1,1,1,0,0.17,1.04
https://woshipm.com/share/6231531.html,woshipm.com,抖音电商的“生死时速”:既要规模，又要质量? | 人人都是产品经理,社区/博客/问答,1,1,1,1,0,0.17,1.04
https://woshipm.com/share/6407130.html,woshipm.com,618观察:头部主播“打头阵”，商家不打“价格战” | 人人都是产品经理,社区/博客/问答,1,1,1,1,0,0.17,1.04
https://wp301redirects.com/third-party-tiktok-analytics-vs-native-dashboard-which-provides-better-marketing-insights-in-2026,wp301redirects.com,Third-Party TikTok Analytics vs Native Dashboard: Which Provides Better Marketing Insights in 2026?,其他外部来源,1,1,1,1,0,0.17,1.04
https://xcut.ai/blog/best-viral-content-research-tools-2026.html,xcut.ai,Best Viral Content Research Tools for Creators (2026),其他外部来源,1,1,1,1,0,0.17,1.04
https://xingtu.cn/help-center/demander/121313,xingtu.cn,成效分析功能介绍-星图营销服务平台,其他外部来源,1,1,1,1,0,0.17,1.04
https://xinstall.com/article/11424,xinstall.com,多平台投放效果怎么评估?统一报表与跨平台归因实战-Xinstall,其他外部来源,1,1,1,1,0,0.17,1.04
https://xueqiu.com/6167778051/388186381?md5__1038=2790552d-3L3E%3DE0WoWD5pwuVhwuVugWtlW6WfMiA%2FeLxABfYRtuoDW5DpB2EfbWFoO6KoKbwoTOWOEPRWgEo9W9EfNOLW1jurWpOWvhnWoFWvGbuvW1TCWUEuCiJEw7u8WWULWjEp9MW3LphW6%2Fvd%2FWhU_WezLvtXW85TF05_IoBTEmADXvALUpejUfpKO6dAeGoJLmPjEW,xueqiu.com,"抖音电商纪要:M1M2M3全域三池合一,算法权重已转移至结算GMV 核心观点2026年抖音电商618大促定调“长效经营”与“质量优先”，平台整体GMV目标设定为5860亿元。本届大促的核心... - 雪球",其他外部来源,1,1,1,1,0,0.17,1.04
https://ying-dao.feishu.cn/wiki/Q1GhwC5dkiNtxyk2p0ZcAP8fnxe,ying-dao.feishu.cn,影刀X飞书|抖音全域数据自动化采集方案,字节/头条系其他,1,1,1,1,0,0.17,1.04
https://yingdao.com/community/detaildiscuss?id=878880382272548864,yingdao.com,"""str"" 没有 ""navigate"" 属性或方法-问答-影刀RPA开发者社区",其他外部来源,1,1,1,1,0,0.17,1.04
https://yingdao.com/community/detaildiscuss?id=886921834957459456,yingdao.com,怎么使用批量数据抓取，循环抓取不同网址链接内容-问答-影刀RPA开发者社区,其他外部来源,1,1,1,1,0,0.17,1.04
https://yingdao.com/community/detaildiscuss?id=887168510108454912,yingdao.com,2个方案点击导出都没有反应，怎么回事-问答-影刀RPA开发者社区,其他外部来源,1,1,1,1,0,0.17,1.04
https://yingdao.com/community/detaildiscuss?id=896272867623288832,yingdao.com,我需要每天在抖店罗盘策略里到出前一天的数据 怎么才能让影刀自动识别选择前一天的时间-问答-影刀RPA开发者社区,其他外部来源,1,1,1,1,0,0.17,1.04
https://yingdao.com/community/detaildiscuss?id=912936554180952064,yingdao.com,抖音电商罗盘的问题-问答-影刀RPA开发者社区,其他外部来源,1,1,1,1,0,0.17,1.04
https://yingdao.com/encyclopedia/detail?uuid=892674008970776576,yingdao.com,如何用影刀RPA自动批量导出网页数据,其他外部来源,1,1,1,1,0,0.17,1.04
https://youshu.tencent.com/portal-web/functionality.html,youshu.tencent.com,腾讯有数,其他外部来源,1,1,1,1,0,0.17,1.04
https://youwant.cn/help/detail/578.html,youwant.cn,精准定位直播爆品、快速打造爆款上热门，这个视频号工具人手必备!,其他外部来源,1,1,1,1,0,0.17,1.04
https://yun88.com/product/8283.html,yun88.com,有米云有米有数新电商营销大数据分析平台_抖音电商选品软件_智能投放提效工具-云巴巴,其他外部来源,1,1,1,1,0,0.17,1.04
https://yuntu.oceanengine.com/yuntu_ng/analysis/content/report?aadvid=1726246224188429,yuntu.oceanengine.com,巨量云图,字节/头条系其他,1,1,1,1,0,0.17,1.04
https://yuntu.oceanengine.com/yuntu_ng/apply_account,yuntu.oceanengine.com,巨量云图,字节/头条系其他,1,1,1,1,0,0.17,1.04
https://yuntu.oceanengine.com/yuntu_ng/cases,yuntu.oceanengine.com,巨量 云图,字节/头条系其他,1,1,1,1,0,0.17,1.04
https://yuntu.oceanengine.com/yuntu_ng/login,yuntu.oceanengine.com,巨量云图,字节/头条系其他,1,1,1,1,0,0.17,1.04
https://yuntu.oceanengine.com/yuntu_ng/new_account,yuntu.oceanengine.com,巨量 云图,字节/头条系其他,1,1,1,1,0,0.17,1.04
https://yunyingpai.com/app/967256.html,yunyingpai.com,本地生活再起波澜，美抖贴身肉搏 – 运营派,其他外部来源,1,1,1,1,0,0.17,1.04
https://yuzhoumao.com/platform/data,yuzhoumao.com,直播数据分析与复盘系统_多平台数据中台|宇宙猫,其他外部来源,1,1,1,1,0,0.17,1.04
https://zboec.cn/index.php?c=show&id=278,zboec.cn,如何判断抖音运营公司提供的数据是否真实?_卓博科技,其他外部来源,1,1,1,1,0,0.17,1.04
https://zhibo.rmeibao.com/details/93,zhibo.rmeibao.com,跨平台直播数据杂乱?智播魔方多维度大盘数据，一眼看穿直播效果!-智播魔方,其他外部来源,1,1,1,1,0,0.17,1.04
https://zhibo.rmeibao.com/detailsTags/24,zhibo.rmeibao.com,直播间管理太头疼?智播魔方一键同步百间直播间，效率翻倍解放双手!-智播魔方,其他外部来源,1,1,1,1,0,0.17,1.04
https://zhitou.feigua.cn/blog?p=886,zhitou.feigua.cn,重磅 新规 落地 了 ? 哪些 直播 间 推 流 将 受 影响 ? 头部 直播 间 又 跑出 了 爆 单 新 玩法 ? – 飞 瓜 智投 - 帮助 中心,企业官网/工具平台,1,1,1,1,0,0.17,1.04
https://zhitou.feigua.cn/h5_home/home,zhitou.feigua.cn,飞瓜智投直播管家,企业官网/工具平台,1,1,1,1,0,0.17,1.04
https://zocialcomment.com/blog/tiktok-analytics-tool-free,zocialcomment.com,Best Free TikTok Analytics Tools in 2026 (Including Comment Analytics),其他外部来源,1,1,1,1,0,0.17,1.04
