url,raw_url,domain,title,type,authority,owner,bytedance,douyin_video,video_id,format,structure,topic,methodology,citations,answers,questions,owned_account
https://coonav.com/36782.html,https://coonav.com/36782.html,coonav.com,抖音数据查看平台有哪些?12大主流工具深度解析，选对平台事半功倍 | COONAV电商运营导航,其他外部来源,身份权威性未知,所有者未核实,False,False,,图文/网页,推荐/对比/清单,数据工具/分析,False,334,334,82,
https://compass.jinritemai.com/,https://compass.jinritemai.com/,jinritemai.com,抖音电商罗盘数据_抖音电商数据主屏入口_抖音电商罗盘数据官网,字节/头条系其他,平台或产品来源,字节跳动/头条系,True,False,,图文/网页,说明/其他,数据工具/分析,False,140,140,51,
https://school.jinritemai.com/doudian/wap/course-series/cHSLjJ4EXZ57/cHSLjJ4EXZ57lHSLwWrdnmCx,https://school.jinritemai.com/doudian/wap/course-series/cHSLjJ4EXZ57/cHSLjJ4EXZ57lHSLwWrdnmCx,jinritemai.com,抖音电商罗盘手机端使用攻略,字节/头条系其他,平台或产品来源,字节跳动/头条系,True,False,,图文/网页,教程/操作指南,综合运营/其他,True,134,134,52,
https://deepnavi.cn/ai-ecommerce/dou-cha-cha,https://deepnavi.cn/ai-ecommerce/dou-cha-cha,deepnavi.cn,抖查查 - 抖音电商直播数据分析运营工具,企业官网/工具平台,企业或垂直站点,外部企业,False,False,,图文/网页,推荐/对比/清单,直播运营,False,125,125,56,
https://deepnavi.cn/ai-new-media/fei-gua-shu-ju-1,https://deepnavi.cn/ai-new-media/fei-gua-shu-ju-1,deepnavi.cn,飞瓜数据 - 短视频直播电商全链路数据分析工具,企业官网/工具平台,企业或垂直站点,外部企业,False,False,,图文/网页,推荐/对比/清单,直播运营,False,124,124,56,
https://deepnavi.cn/ai-ecommerce/chan-ma-ma,https://deepnavi.cn/ai-ecommerce/chan-ma-ma,deepnavi.cn,蝉妈妈 - 直播电商数据分析与内容运营工具,企业官网/工具平台,企业或垂直站点,外部企业,False,False,,图文/网页,推荐/对比/清单,直播运营,False,123,123,56,
https://deepnavi.cn/ai-marketing/ju-liang-suan-shu-trend-insight,https://deepnavi.cn/ai-marketing/ju-liang-suan-shu-trend-insight,deepnavi.cn,巨量算数-抖音全域趋势洞察与营销决策工具,企业官网/工具平台,企业或垂直站点,外部企业,False,False,,图文/网页,推荐/对比/清单,数据工具/分析,False,118,118,48,
https://duoduocm.com/sites/20106.html,https://duoduocm.com/sites/20106.html,duoduocm.com,电商罗盘官网 - 「罗盘」是抖音电商推出的官方数据产品矩阵，基于抖音电商全域数据(内容场+货架场)为商家及达人提供全面数策服务，旗下「罗盘·经营」为单店视角，让店铺经营可诊断可优化，「罗盘·策略」为多店多号的品牌视角，让生意增长有洞察有方向。「罗盘·达人」，为达人及机构视角，看清带货全链路数据(人群分析、内容创意、选品策略 - 多多参谋,其他外部来源,身份权威性未知,所有者未核实,False,False,,图文/网页,案例/复盘,达人/带货,False,117,117,56,
https://post.m.smzdm.com/p/anv4v8lv,https://post.m.smzdm.com/p/anv4v8lv,smzdm.com,2026抖音数据工具怎么选?免费、付费还是自建，一篇讲清避坑指南_服务软件_什么值得买,新闻/门户/自媒体,媒体或自媒体平台,媒体平台,False,False,,图文/网页,教程/操作指南,数据工具/分析,True,115,115,52,
https://blog.csdn.net/lyxathena/article/details/143586363,https://blog.csdn.net/lyxathena/article/details/143586363,csdn.net,飞瓜数据抖音版与蝉妈妈抖音版优劣势比较_飞瓜抖音版-CSDN博客,社区/博客/问答,UGC/专业社区,外部平台,False,False,,图文/网页,说明/其他,数据工具/分析,False,109,109,52,
https://m.toutiao.com/group/7664801420490605075,https://m.toutiao.com/group/7664801420490605075,toutiao.com,蝉妈妈全域洞察能看什么数据?覆盖范围和使用边界一次说清_蝉妈妈电商增长,字节/头条系其他,平台或产品来源,字节跳动/头条系,True,False,,图文/网页,案例/复盘,数据工具/分析,False,109,109,61,蝉妈妈电商增长
https://feigua.cn/,https://feigua.cn/,feigua.cn,飞瓜数据,企业官网/工具平台,企业或垂直站点,外部企业,False,False,,图文/网页,说明/其他,数据工具/分析,False,107,107,51,
https://deepnavi.cn/ai-ecommerce/dou-yin-dian-shang-luo-pan,https://deepnavi.cn/ai-ecommerce/dou-yin-dian-shang-luo-pan,deepnavi.cn,抖音电商罗盘 - 全域数据赋能电商生意增长,企业官网/工具平台,企业或垂直站点,外部企业,False,False,,图文/网页,案例/复盘,数据工具/分析,False,106,106,49,
https://m.163.com/dy/article/L2CGUUP00556OFA0.html,https://m.163.com/dy/article/L2CGUUP00556OFA0.html,163.com,蝉妈妈和飞瓜数据口径对比，中小商家选哪个更合适?|直播|短视频_手机网易网,新闻/门户/自媒体,媒体或自媒体平台,网易,False,False,,图文/网页,推荐/对比/清单,直播运营,False,105,105,56,
https://school.jinritemai.com/doudian/wap/course-series/cHXYPm4k5tCn/cHXYPm4k5tCnlHadidnoUX6D?from_school=1&should_full_screen=1&should_hide_bottom_nav=1,https://school.jinritemai.com/doudian/wap/course-series/cHXYPm4k5tCn/cHXYPm4k5tCnlHadidnoUX6D?from_school=1&should_full_screen=1&should_hide_bottom_nav=1,jinritemai.com,抖音电商官方数据产品「罗盘·策略」引领生意增长,字节/头条系其他,平台或产品来源,字节跳动/头条系,True,False,,图文/网页,案例/复盘,数据工具/分析,False,103,103,38,
https://matrix.newrank.cn/article/article-detail/9023eafac2a84c71,https://matrix.newrank.cn/article/article-detail/9023eafac2a84c71,newrank.cn,2026多账号抖音直播数据分析平台推荐 蝉妈妈千瓜矩阵通对比_矩阵通,企业官网/工具平台,企业或垂直站点,外部企业,False,False,,图文/网页,推荐/对比/清单,直播运营,False,103,103,44,
https://m.toutiao.com/group/7668133227206345250,https://m.toutiao.com/group/7668133227206345250,toutiao.com,蝉妈妈飞瓜直播数据差异?直播运营拆解核心逻辑_电商数据观察员,字节/头条系其他,平台或产品来源,字节跳动/头条系,True,False,,图文/网页,方法论/策略,直播运营,True,95,95,50,电商数据观察员
https://school.jinritemai.com/doudian/web/article/113166,https://school.jinritemai.com/doudian/web/article/113166,jinritemai.com,抖音电商罗盘最新最全介绍手册(达人版),字节/头条系其他,平台或产品来源,字节跳动/头条系,True,False,,图文/网页,教程/操作指南,达人/带货,True,93,93,46,
https://jzl.com/news/166,https://jzl.com/news/166,jzl.com,抖音第三方查看数据软件怎么选?从官方到定制化工具全攻略,企业官网/工具平台,企业或垂直站点,外部企业,False,False,,图文/网页,教程/操作指南,数据工具/分析,True,83,83,41,
https://guandata.com/gy/post/TSofjbaW.html,https://guandata.com/gy/post/TSofjbaW.html,guandata.com,抖音数据分析工具选型指南:品牌自播团队的三维评估-观远数据BI平台,其他外部来源,身份权威性未知,所有者未核实,False,False,,图文/网页,教程/操作指南,数据工具/分析,True,81,81,34,
https://m.sohu.com/a/1056537027_122634602,https://m.sohu.com/a/1056537027_122634602,sohu.com,蝉妈妈数据与抖店后台怎么交叉验证?电商运营实操指南_直播_趋势_结算,新闻/门户/自媒体,媒体或自媒体平台,搜狐,False,False,,图文/网页,教程/操作指南,直播运营,True,80,80,22,蝉妈妈
https://school.jinritemai.com/doudian/wap/course-series/cHcPPwSCPcym/cHcPPwSCPcymlHcQ92eWjfgY?from_school=1&should_full_screen=1&should_hide_bottom_nav=1,https://school.jinritemai.com/doudian/wap/course-series/cHcPPwSCPcym/cHcPPwSCPcymlHcQ92eWjfgY?from_school=1&should_full_screen=1&should_hide_bottom_nav=1,jinritemai.com,罗盘双11大促作战攻略,字节/头条系其他,平台或产品来源,字节跳动/头条系,True,False,,图文/网页,教程/操作指南,综合运营/其他,True,69,69,22,
https://jzl.com/news/douyin-data-49,https://jzl.com/news/douyin-data-49,jzl.com,抖音数据监控方案全对比:手动盯、官方工具、第三方平台,企业官网/工具平台,企业或垂直站点,外部企业,False,False,,图文/网页,推荐/对比/清单,数据工具/分析,False,64,64,22,
https://www.douyin.com/video/7581698015603395877,https://www.douyin.com/video/7581698015603395877,douyin.com,抖音第三方数据分析平台推荐及适用场景解析,抖音视频,创作者视频,字节跳动/头条系,True,True,7581698015603395877,视频,推荐/对比/清单,数据工具/分析,False,63,63,35,
https://www.douyin.com/video/7643796769839012771,https://www.douyin.com/video/7643796769839012771,douyin.com,直播运营分析竞品直播间从哪看 #直播运营 #竞品分析 #蝉妈妈 #蝉魔方 #飞瓜,抖音视频,创作者视频,字节跳动/头条系,True,True,7643796769839012771,视频,说明/其他,直播运营,False,62,62,41,
https://school.jinritemai.com/doudian/wap/course-series/cJZHjLnhaLyw/cJZHjLnhaLywlJZJUawr9Aqg?from_school=1&should_full_screen=1&should_hide_bottom_nav=1,https://school.jinritemai.com/doudian/wap/course-series/cJZHjLnhaLyw/cJZHjLnhaLywlJZJUawr9Aqg?from_school=1&should_full_screen=1&should_hide_bottom_nav=1,jinritemai.com,抖音电商学习中心,字节/头条系其他,平台或产品来源,字节跳动/头条系,True,False,,图文/网页,说明/其他,综合运营/其他,False,61,61,26,
https://m.sohu.com/a/1041328285_122634602,https://m.sohu.com/a/1041328285_122634602,sohu.com,不用花钱也能做抖音电商数据运营?蝉妈妈免费功能实战用法_商品_直播_详情页,新闻/门户/自媒体,媒体或自媒体平台,搜狐,False,False,,图文/网页,案例/复盘,直播运营,False,60,60,27,蝉妈妈
https://m.sohu.com/a/1044308750_122634602,https://m.sohu.com/a/1044308750_122634602,sohu.com,运营怎么查抖音电商数据?蝉妈妈深度分析攻略_模块_商品_直播,新闻/门户/自媒体,媒体或自媒体平台,搜狐,False,False,,图文/网页,教程/操作指南,直播运营,True,58,58,32,蝉妈妈
https://school.jinritemai.com/doudian/wap/course-series/cHcPPwSCPcym/cHcPPwSCPcymlHcQ92eWjVwa,https://school.jinritemai.com/doudian/wap/course-series/cHcPPwSCPcym/cHcPPwSCPcymlHcQ92eWjVwa,jinritemai.com,罗盘双11大促作战攻略,字节/头条系其他,平台或产品来源,字节跳动/头条系,True,False,,图文/网页,教程/操作指南,综合运营/其他,True,57,57,30,
https://jzl.com/news/douyin-data-4,https://jzl.com/news/douyin-data-4,jzl.com,抖音数据分析工具和平台推荐:免费和付费哪个好?,企业官网/工具平台,企业或垂直站点,外部企业,False,False,,图文/网页,推荐/对比/清单,数据工具/分析,False,55,55,31,
https://c.m.163.com/news/a/L2GUIA160556OFA0.html,https://c.m.163.com/news/a/L2GUIA160556OFA0.html,163.com,投放素材怎么抄才有效?蝉妈妈飞瓜实操拆解对比,新闻/门户/自媒体,媒体或自媒体平台,网易,False,False,,图文/网页,教程/操作指南,广告投放,True,54,54,40,
https://www.douyin.com/video/7666774459961836133,https://www.douyin.com/video/7666774459961836133,douyin.com,新手如何查看同行数据#知识分享 #涨知识 #自媒体运营 #知识科普 #干货分享,抖音视频,创作者视频,字节跳动/头条系,True,True,7666774459961836133,视频,教程/操作指南,数据工具/分析,True,54,54,35,
https://www.douyin.com/video/7571395648705618801,https://www.douyin.com/video/7571395648705618801,douyin.com,抖音第三方数据平台功能对比及实用推荐,抖音视频,创作者视频,字节跳动/头条系,True,True,7571395648705618801,视频,推荐/对比/清单,数据工具/分析,False,53,53,35,
https://www.douyin.com/video/7584970500600204594,https://www.douyin.com/video/7584970500600204594,douyin.com,巨量算数：数据驱动内容与广告策略优化,抖音视频,创作者视频,字节跳动/头条系,True,True,7584970500600204594,视频,方法论/策略,广告投放,True,52,52,33,
https://m.sohu.com/a/1037959074_122634602,https://m.sohu.com/a/1037959074_122634602,sohu.com,电商运营怎么查抖音直播带货达人数据与爆款选品?5个技巧用蝉妈妈数据分析平台实操指南_实时_品牌,新闻/门户/自媒体,媒体或自媒体平台,搜狐,False,False,,图文/网页,教程/操作指南,直播运营,True,52,52,31,蝉妈妈
https://m.xiayx.com/article/721839,https://m.xiayx.com/article/721839,xiayx.com,抖音电商数据分析免费功能有哪些?_侠游戏网教程-m.xiayx.com,其他外部来源,身份权威性未知,所有者未核实,False,False,,图文/网页,教程/操作指南,数据工具/分析,True,51,51,33,
https://m.sohu.com/a/973860471_122554258,https://m.sohu.com/a/973860471_122554258,sohu.com,抖音数据查询工具:免费与付费版本对比测评_账号_分析_完全免费,新闻/门户/自媒体,媒体或自媒体平台,搜狐,False,False,,图文/网页,推荐/对比/清单,数据工具/分析,False,49,49,29,
https://m.163.com/news/article/L2CGUUP00556OFA0.html,https://m.163.com/news/article/L2CGUUP00556OFA0.html,163.com,蝉妈妈和飞瓜数据口径对比，中小商家选哪个更合适?|直播|短视频_手机网易网,新闻/门户/自媒体,媒体或自媒体平台,网易,False,False,,图文/网页,推荐/对比/清单,直播运营,False,48,48,37,
https://school.jinritemai.com/doudian/wap/course-series/cJZHjLnhaLyw/cJZHjLnhaLywlJZJUawr8kVG?from_school=1&should_full_screen=1&should_hide_bottom_nav=1,https://school.jinritemai.com/doudian/wap/course-series/cJZHjLnhaLyw/cJZHjLnhaLywlJZJUawr8kVG?from_school=1&should_full_screen=1&should_hide_bottom_nav=1,jinritemai.com,抖音电商学习中心,字节/头条系其他,平台或产品来源,字节跳动/头条系,True,False,,图文/网页,说明/其他,综合运营/其他,False,48,48,17,
https://c.m.163.com/news/a/L2CGUUP00556OFA0.html,https://c.m.163.com/news/a/L2CGUUP00556OFA0.html,163.com,蝉妈妈和飞瓜数据口径对比，中小商家选哪个更合适?,新闻/门户/自媒体,媒体或自媒体平台,网易,False,False,,图文/网页,推荐/对比/清单,数据工具/分析,False,46,46,33,
https://www.douyin.com/video/7584335964790115603,https://www.douyin.com/video/7584335964790115603,douyin.com,抖音数据分析工具对比及适用场景推荐,抖音视频,创作者视频,字节跳动/头条系,True,True,7584335964790115603,视频,推荐/对比/清单,数据工具/分析,False,45,45,27,
https://m.sohu.com/a/1040432010_122634602,https://m.sohu.com/a/1040432010_122634602,sohu.com,蝉妈妈收费标准透明吗?抖音电商数据工具如何杜绝隐形消费?_个人版_用户_运营,新闻/门户/自媒体,媒体或自媒体平台,搜狐,False,False,,图文/网页,教程/操作指南,数据工具/分析,True,44,44,29,蝉妈妈
https://wenku.csdn.net/answer/bwk3ekhwzqy6,https://wenku.csdn.net/answer/bwk3ekhwzqy6,csdn.net,抖店实时数据该用官方后台、第三方工具还是API?各自有哪些致命陷阱? - CSDN文库,社区/博客/问答,UGC/专业社区,外部平台,False,False,,图文/网页,推荐/对比/清单,店铺/商品/商城,False,43,43,24,
https://school.jinritemai.com/doudian/web/course-series/cHXYPm4k5tCn/cHXYPm4k5tCnlHZdqBe2aqGG,https://school.jinritemai.com/doudian/web/course-series/cHXYPm4k5tCn/cHXYPm4k5tCnlHZdqBe2aqGG,jinritemai.com,抖音电商官方数据产品「罗盘·策略」引领生意增长,字节/头条系其他,平台或产品来源,字节跳动/头条系,True,False,,图文/网页,案例/复盘,数据工具/分析,False,43,43,26,
https://m.sohu.com/a/1034806812_122634602,https://m.sohu.com/a/1034806812_122634602,sohu.com,直播运营如何实时监控竞品直播间 GMV?三步实操法实现分钟级数据洞察_妈妈_分析_流量,新闻/门户/自媒体,媒体或自媒体平台,搜狐,False,False,,图文/网页,教程/操作指南,直播运营,True,43,43,26,蝉妈妈
https://hwds868.com/article/douyin-ecommerce-luopan-metrics-2026.html,https://hwds868.com/article/douyin-ecommerce-luopan-metrics-2026.html,hwds868.com,抖音电商罗盘指标体系2026版核心数据全解读 | 电商干货社区,其他外部来源,身份权威性未知,所有者未核实,False,False,,图文/网页,方法论/策略,数据工具/分析,True,42,42,26,
https://finebi.com/blog/article/69d06b4abc3caea58795ac60,https://finebi.com/blog/article/69d06b4abc3caea58795ac60,finebi.com,短视频数据分析工具有哪些?全面解析主流平台实用功能 - FineBI数据分析知识库,其他外部来源,身份权威性未知,所有者未核实,False,False,,图文/网页,推荐/对比/清单,短视频内容,False,41,41,28,
https://shankongmao.com/content/news/32585,https://shankongmao.com/content/news/32585,shankongmao.com,抖音账号管理平台的数据统计准吗?,其他外部来源,身份权威性未知,所有者未核实,False,False,,图文/网页,推荐/对比/清单,数据工具/分析,False,41,41,14,
https://hwds868.com/article/douyin-ecommerce-luopan-entry-guide.html,https://hwds868.com/article/douyin-ecommerce-luopan-entry-guide.html,hwds868.com,抖音电商罗盘入口在哪里?3条路径+完整使用指南 | 电商干货社区,其他外部来源,身份权威性未知,所有者未核实,False,False,,图文/网页,教程/操作指南,综合运营/其他,True,40,40,22,
https://m.appchina.com/app/com.chandashi.chanmama,https://m.appchina.com/app/com.chandashi.chanmama,appchina.com,最新安卓蝉妈妈免费下载 – AppChina应用汇,其他外部来源,身份权威性未知,所有者未核实,False,False,,图文/网页,说明/其他,综合运营/其他,False,39,39,25,
https://m.sohu.com/a/1001404681_122020115,https://m.sohu.com/a/1001404681_122020115,sohu.com,小红书 、 抖音竞品分析用什么工具?2026 高适配工具推荐_数据_内容_平台,新闻/门户/自媒体,媒体或自媒体平台,搜狐,False,False,,图文/网页,推荐/对比/清单,数据工具/分析,False,39,39,23,
https://m.sohu.com/a/1038474622_122634602,https://m.sohu.com/a/1038474622_122634602,sohu.com,电商团队协作如何选数据工具?揭秘抖音运营高效协作的3个核心要点_直播_ChanClaw_分析,新闻/门户/自媒体,媒体或自媒体平台,搜狐,False,False,,图文/网页,教程/操作指南,直播运营,True,38,38,17,蝉妈妈
https://feigua.aiproducthub.cn/,https://feigua.aiproducthub.cn/,aiproducthub.cn,飞瓜数据 - 短视频/直播电商数据分析平台|抖音快手B站数据洞察,其他外部来源,身份权威性未知,所有者未核实,False,False,,图文/网页,推荐/对比/清单,直播运营,False,36,36,22,
https://oceanengine2.aiproducthub.cn/,https://oceanengine2.aiproducthub.cn/,aiproducthub.cn,巨量云图/巨量百应 - 抖音品牌营销数据分析|达人带货管理平台,其他外部来源,身份权威性未知,所有者未核实,False,False,,图文/网页,推荐/对比/清单,达人/带货,False,35,35,27,
https://hwds868.com/article/douyin-ecommerce-luopan-operation-guide.html,https://hwds868.com/article/douyin-ecommerce-luopan-operation-guide.html,hwds868.com,抖音电商罗盘使用指南:数据读取与精准运营实操 | 电商干货社区,其他外部来源,身份权威性未知,所有者未核实,False,False,,图文/网页,教程/操作指南,数据工具/分析,True,34,34,20,
https://compass.jinritemai.com/welcome/version,https://compass.jinritemai.com/welcome/version,jinritemai.com,版本区别_抖音电商罗盘数据官网,字节/头条系其他,平台或产品来源,字节跳动/头条系,True,False,,图文/网页,说明/其他,数据工具/分析,False,34,34,22,
https://school.jinritemai.com/doudian/web/course-series/cHXYPm4k5tCn/cHXYPm4k5tCnlHadidnoUX6D?from_school=1&should_full_screen=1&should_hide_bottom_nav=1,https://school.jinritemai.com/doudian/web/course-series/cHXYPm4k5tCn/cHXYPm4k5tCnlHadidnoUX6D?from_school=1&should_full_screen=1&should_hide_bottom_nav=1,jinritemai.com,抖音电商官方数据产品「罗盘·策略」引领生意增长,字节/头条系其他,平台或产品来源,字节跳动/头条系,True,False,,图文/网页,案例/复盘,数据工具/分析,False,34,34,19,
https://blog.csdn.net/hebosen/article/details/154141323,https://blog.csdn.net/hebosen/article/details/154141323,csdn.net,贺博森:抖音SEO关键词研究篇:抖音关键词工具有哪些? _147seo能做抖音爆款文案吗-CSDN博客,社区/博客/问答,UGC/专业社区,外部平台,False,False,,图文/网页,推荐/对比/清单,数据工具/分析,False,33,33,29,
https://www.douyin.com/video/7619343602402080994,https://www.douyin.com/video/7619343602402080994,douyin.com,飞瓜数据怎么使用？我教你玩转数据分析！  我最近在看短视频数据，发现很多朋友还不知道飞瓜数据怎么用才能发挥最大价值。我用它主要是盯竞品和找达人。平时我直接打开飞瓜数据，首页会显示热门视频和达人榜单，但,抖音视频,创作者视频,字节跳动/头条系,True,True,7619343602402080994,视频,教程/操作指南,达人/带货,True,33,33,21,
https://jzl.com/news/douyin-data-29,https://jzl.com/news/douyin-data-29,jzl.com,抖音数据第三方平台对比与选择指南:哪款工具最适合你,企业官网/工具平台,企业或垂直站点,外部企业,False,False,,图文/网页,教程/操作指南,数据工具/分析,True,33,33,22,
https://jzl.com/news/douyin-data-32,https://jzl.com/news/douyin-data-32,jzl.com,抖音电商数据查询平台操作指南:如何合法获取电商数据,企业官网/工具平台,企业或垂直站点,外部企业,False,False,,图文/网页,教程/操作指南,数据工具/分析,True,32,32,21,
https://www.douyin.com/video/7626340967268562534,https://www.douyin.com/video/7626340967268562534,douyin.com,干新媒体，9大平台数据分析工具。干新媒体，9大平台数据分析工具你得知道 今天给大家总结了各大新媒体平台数据分析工具，不仅有单个平台专门的数据工具，也有多平台数据工具,抖音视频,创作者视频,字节跳动/头条系,True,True,7626340967268562534,视频,推荐/对比/清单,数据工具/分析,False,31,31,16,
https://jzl.com/news/625,https://jzl.com/news/625,jzl.com,抖音运营数据分析工具推荐,企业官网/工具平台,企业或垂直站点,外部企业,False,False,,图文/网页,推荐/对比/清单,数据工具/分析,False,31,31,22,
https://m.sohu.com/a/1051034164_122634602,https://m.sohu.com/a/1051034164_122634602,sohu.com,蝉妈妈实时数据延迟多久?直播运营看懂预估口径_商品_罗盘_后台,新闻/门户/自媒体,媒体或自媒体平台,搜狐,False,False,,图文/网页,说明/其他,直播运营,False,31,31,13,蝉妈妈
https://blog.csdn.net/yjq125931902/article/details/143975213,https://blog.csdn.net/yjq125931902/article/details/143975213,csdn.net,求推荐适用于抖音的数据分析工具?_csdn抖音数据分析工具-CSDN博客,社区/博客/问答,UGC/专业社区,外部平台,False,False,,图文/网页,推荐/对比/清单,数据工具/分析,False,30,30,17,
https://cxgn.cn/14470.html,https://cxgn.cn/14470.html,cxgn.cn,抖音指数 - 抖音官方出品的免费数据工具,其他外部来源,身份权威性未知,所有者未核实,False,False,,图文/网页,推荐/对比/清单,数据工具/分析,False,30,30,18,
https://www.douyin.com/video/7647788773849189574,https://www.douyin.com/video/7647788773849189574,douyin.com,抖音直播数据分析工具大全。#直播数据 #直播数据分析 #直播数据分析平台 #直播数据分析工具,抖音视频,创作者视频,字节跳动/头条系,True,True,7647788773849189574,视频,推荐/对比/清单,直播运营,False,30,30,17,
https://iqinghu.com/qa/detail/52953,https://iqinghu.com/qa/detail/52953,iqinghu.com,抖音选品怎么看数据来源 | 青虎,其他外部来源,身份权威性未知,所有者未核实,False,False,,图文/网页,教程/操作指南,店铺/商品/商城,True,30,30,13,
https://school.jinritemai.com/doudian/web/course-series/cHXYPm4k5tCn/cHXYPm4k5tCnlHadidnoUX6D,https://school.jinritemai.com/doudian/web/course-series/cHXYPm4k5tCn/cHXYPm4k5tCnlHadidnoUX6D,jinritemai.com,抖音电商官方数据产品「罗盘·策略」引领生意增长,字节/头条系其他,平台或产品来源,字节跳动/头条系,True,False,,图文/网页,案例/复盘,数据工具/分析,False,30,30,17,
https://m.sohu.com/a/1047853866_122634602,https://m.sohu.com/a/1047853866_122634602,sohu.com,多平台数据壁垒怎么打通?电商运营用蝉龙虾3步整合全域数据_销售_关联_自动提取,新闻/门户/自媒体,媒体或自媒体平台,搜狐,False,False,,图文/网页,教程/操作指南,数据工具/分析,True,30,30,13,蝉妈妈
https://www.douyin.com/video/7644507508875615723,https://www.douyin.com/video/7644507508875615723,douyin.com,如何高效获取抖音竞品商品数据？#抖音竞品#抖音竞品商品数据 #竞品分析,抖音视频,创作者视频,字节跳动/头条系,True,True,7644507508875615723,视频,教程/操作指南,店铺/商品/商城,True,29,29,14,
https://www.douyin.com/video/7647808224762335653,https://www.douyin.com/video/7647808224762335653,douyin.com,抖音数据分析工具推荐！#抖音数据分析 #抖音数据分析工具 #抖音数据分析平台,抖音视频,创作者视频,字节跳动/头条系,True,True,7647808224762335653,视频,推荐/对比/清单,数据工具/分析,False,29,29,18,
https://cxgn.cn/chan-ma-ma,https://cxgn.cn/chan-ma-ma,cxgn.cn,蝉妈妈 | 官网入口 - 国内领先的电商全链路数据服务平台,其他外部来源,身份权威性未知,所有者未核实,False,False,,图文/网页,推荐/对比/清单,数据工具/分析,False,27,27,22,
https://www.douyin.com/video/7665965324738974053,https://www.douyin.com/video/7665965324738974053,douyin.com,电商人需要装到五大插件，用好了流量猛增 #电商运营 #电商从业者 #干货满满超实用,抖音视频,创作者视频,字节跳动/头条系,True,True,7665965324738974053,视频,说明/其他,综合运营/其他,False,27,27,19,
https://jzl.com/news/douyin-data-45,https://jzl.com/news/douyin-data-45,jzl.com,抖音数据分析在哪里看:从零入门完全指南,企业官网/工具平台,企业或垂直站点,外部企业,False,False,,图文/网页,教程/操作指南,数据工具/分析,True,27,27,14,
https://ai.chanmama.com/home,https://ai.chanmama.com/home,chanmama.com,蝉妈妈AI,企业官网/工具平台,企业或垂直站点,外部企业,False,False,,图文/网页,说明/其他,综合运营/其他,False,26,26,23,
https://fanruan.com/finepedia/article/69c8908437b18b887bdd6b1d,https://fanruan.com/finepedia/article/69c8908437b18b887bdd6b1d,fanruan.com,抖音数据分析怎么快速查看?一文详解平台内外多维度数据入口-帆软企业数字化知识百科,企业官网/工具平台,企业或垂直站点,外部企业,False,False,,图文/网页,教程/操作指南,数据工具/分析,True,26,26,16,
https://school.jinritemai.com/doudian/wap/article/106202?from_school=1&should_full_screen=1&should_hide_bottom_nav=1,https://school.jinritemai.com/doudian/wap/article/106202?from_school=1&should_full_screen=1&should_hide_bottom_nav=1,jinritemai.com,抖音电商罗盘常见问题解答(商家版),字节/头条系其他,平台或产品来源,字节跳动/头条系,True,False,,图文/网页,说明/其他,综合运营/其他,False,26,26,10,
https://deepnavi.cn/ai-ecommerce/fei-gua-zhi-tou,https://deepnavi.cn/ai-ecommerce/fei-gua-zhi-tou,deepnavi.cn,飞瓜智投-品牌自播专业运营提效工具,企业官网/工具平台,企业或垂直站点,外部企业,False,False,,图文/网页,推荐/对比/清单,数据工具/分析,False,25,25,14,
https://douyin.com/search/在哪可以查各平台的直播带货数据,https://douyin.com/search/%E5%9C%A8%E5%93%AA%E5%8F%AF%E4%BB%A5%E6%9F%A5%E5%90%84%E5%B9%B3%E5%8F%B0%E7%9A%84%E7%9B%B4%E6%92%AD%E5%B8%A6%E8%B4%A7%E6%95%B0%E6%8D%AE,douyin.com,在哪可以查各平台的直播带货数据 - 抖音,抖音其他页面,平台官方页面,字节跳动/头条系,True,False,,图文/网页,推荐/对比/清单,直播运营,False,25,25,15,
https://www.douyin.com/video/7643054373443405411,https://www.douyin.com/video/7643054373443405411,douyin.com,作为直播运营每天要看哪些页面和数据 #直播运营 #直播电商 #直播带货 #巨量千川 #电商罗盘,抖音视频,创作者视频,字节跳动/头条系,True,True,7643054373443405411,视频,说明/其他,直播运营,False,25,25,18,
https://fanruan.com/finepedia/article/68ca85ecf7a2e7129727ff12,https://fanruan.com/finepedia/article/68ca85ecf7a2e7129727ff12,fanruan.com,抖音数据分析工具如何快速找到?企业用户必备使用攻略-帆软企业数字化知识百科,企业官网/工具平台,企业或垂直站点,外部企业,False,False,,图文/网页,教程/操作指南,数据工具/分析,True,25,25,13,
https://m.sohu.com/a/1056576619_120626870,https://m.sohu.com/a/1056576619_120626870,sohu.com,第三方电商数据公司对比: 炼丹炉数据 vs 蝉妈妈 vs 阿明工具_指数_核心_直播,新闻/门户/自媒体,媒体或自媒体平台,搜狐,False,False,,图文/网页,推荐/对比/清单,直播运营,False,25,25,18,
https://goods.taobao.com/t/fuzhuangpinpai_16952/9a65df9f1353f215ff1c0716b71b5ab9.html,https://goods.taobao.com/t/fuzhuangpinpai_16952/9a65df9f1353f215ff1c0716b71b5ab9.html,taobao.com,25年抖音数据分析神器!蝉妈妈企业版创意版避坑指南-服装品牌-淘宝好物网,其他外部来源,身份权威性未知,所有者未核实,False,False,,图文/网页,教程/操作指南,数据工具/分析,True,25,25,20,
https://www.douyin.com/video/7643757925822909723,https://www.douyin.com/video/7643757925822909723,douyin.com,答疑：千川后台、抖音罗盘、第三方工具，数据对不上到底信哪个？ #数据 #数据工具 #抖音罗盘 #千川后台 #千川全域,抖音视频,创作者视频,字节跳动/头条系,True,True,7643757925822909723,视频,推荐/对比/清单,广告投放,False,24,24,12,
https://feigua.cn/?renqun_youhua=734849,https://feigua.cn/?renqun_youhua=734849,feigua.cn,飞瓜数据-助力电商销量、营销声量双丰收-feigua.cn,企业官网/工具平台,企业或垂直站点,外部企业,False,False,,图文/网页,说明/其他,数据工具/分析,False,24,24,21,
https://school.jinritemai.com/doudian/web/knowledge/kJVAfa7ZecZg,https://school.jinritemai.com/doudian/web/knowledge/kJVAfa7ZecZg,jinritemai.com,同行业数据在哪里看-抖音电商学习中心,字节/头条系其他,平台或产品来源,字节跳动/头条系,True,False,,图文/网页,行业资讯/报告,数据工具/分析,False,24,24,13,
https://matrix.newrank.cn/article/article-detail/64fe80c041c84d7a,https://matrix.newrank.cn/article/article-detail/64fe80c041c84d7a,newrank.cn,几百个抖音账号数据自动分析工具|告别手动统计播放量与互动数据_矩阵通,企业官网/工具平台,企业或垂直站点,外部企业,False,False,,图文/网页,推荐/对比/清单,数据工具/分析,False,24,24,8,
https://fanruan.com/finepedia/article/698f5bce37b18b887b7d1395,https://fanruan.com/finepedia/article/698f5bce37b18b887b7d1395,fanruan.com,抖音数据分析有哪些工具?短视频行业数据洞察新利器-帆软企业数字化知识百科,企业官网/工具平台,企业或垂直站点,外部企业,False,False,,图文/网页,推荐/对比/清单,短视频内容,False,23,23,15,
https://douchacha.aiproducthub.cn/,https://douchacha.aiproducthub.cn/,aiproducthub.cn,抖查查 - 抖音直播短视频电商数据分析平台|直播大屏秒级监测带货分析商品销量排行热门榜单账号诊断达人运营变现网页版入口,其他外部来源,身份权威性未知,所有者未核实,False,False,,图文/网页,推荐/对比/清单,直播运营,False,22,22,19,
https://douyin.com/search/抖音怎么看竞品的店铺数据,https://douyin.com/search/%E6%8A%96%E9%9F%B3%E6%80%8E%E4%B9%88%E7%9C%8B%E7%AB%9E%E5%93%81%E7%9A%84%E5%BA%97%E9%93%BA%E6%95%B0%E6%8D%AE,douyin.com,抖音怎么看竞品的店铺数据 - 抖音,抖音其他页面,平台官方页面,字节跳动/头条系,True,False,,图文/网页,教程/操作指南,店铺/商品/商城,True,22,22,9,
https://douyin.com/search/抖音门店数据分析工具推荐,https://douyin.com/search/%E6%8A%96%E9%9F%B3%E9%97%A8%E5%BA%97%E6%95%B0%E6%8D%AE%E5%88%86%E6%9E%90%E5%B7%A5%E5%85%B7%E6%8E%A8%E8%8D%90,douyin.com,抖音门店数据分析工具推荐 - 抖音,抖音其他页面,平台官方页面,字节跳动/头条系,True,False,,图文/网页,推荐/对比/清单,数据工具/分析,False,22,22,15,
https://www.douyin.com/video/7343934535542836507,https://www.douyin.com/video/7343934535542836507,douyin.com,抖音电商五大选品工具功能解析与运营指南,抖音视频,创作者视频,字节跳动/头条系,True,True,7343934535542836507,视频,教程/操作指南,店铺/商品/商城,True,22,22,13,
https://www.douyin.com/video/7656705892880629989,https://www.douyin.com/video/7656705892880629989,douyin.com,电商运营如何自动复盘抖音短视频表现？#复盘短视频数据 #自动复盘短视频表现 #蝉妈妈,抖音视频,创作者视频,字节跳动/头条系,True,True,7656705892880629989,视频,教程/操作指南,短视频内容,True,22,22,9,
https://qianchuan.jinritemai.com/docs/help/11747/213216,https://qianchuan.jinritemai.com/docs/help/11747/213216,jinritemai.com,巨量千川简介 - 产品介绍 - 巨量千川帮助中心,字节/头条系其他,平台或产品来源,字节跳动/头条系,True,False,,图文/网页,说明/其他,广告投放,False,22,22,16,
https://school.jinritemai.com/doudian/wap/course-series/cHPuNmhxg7Ya/cHPuNmhxg7YalHPx4rb3XC8V?from_school=1&should_full_screen=1&should_hide_bottom_nav=1,https://school.jinritemai.com/doudian/wap/course-series/cHPuNmhxg7Ya/cHPuNmhxg7YalHPx4rb3XC8V?from_school=1&should_full_screen=1&should_hide_bottom_nav=1,jinritemai.com,数据化运营& 罗盘官方系列课程,字节/头条系其他,平台或产品来源,字节跳动/头条系,True,False,,图文/网页,说明/其他,数据工具/分析,False,22,22,13,
https://jzl.com/news/douyin-data-14,https://jzl.com/news/douyin-data-14,jzl.com,抖音第三方查看数据软件:官方后台之外的补充选择,企业官网/工具平台,企业或垂直站点,外部企业,False,False,,图文/网页,说明/其他,数据工具/分析,False,22,22,9,
https://www.douyin.com/video/7595515065287396175,https://www.douyin.com/video/7595515065287396175,douyin.com,主流社交平台数据查询工具推荐,抖音视频,创作者视频,字节跳动/头条系,True,True,7595515065287396175,视频,推荐/对比/清单,数据工具/分析,False,21,21,10,
https://buyin.jinritemai.com/helpcenter/5124/47267,https://buyin.jinritemai.com/helpcenter/5124/47267,jinritemai.com,【数据参谋】 - 帮助中心 - 巨量百应帮助中心,字节/头条系其他,平台或产品来源,字节跳动/头条系,True,False,,图文/网页,说明/其他,数据工具/分析,False,21,21,18,
https://compass.jinritemai.com/welcome/product,https://compass.jinritemai.com/welcome/product,jinritemai.com,产品优势_抖音电商罗盘数据官网,字节/头条系其他,平台或产品来源,字节跳动/头条系,True,False,,图文/网页,说明/其他,数据工具/分析,False,21,21,15,
https://mr010.com/online-retailers/tiktok/how-do-tiktok-stores-see-data-from-other-merchants-how-do-i-find-my-stores-daily-sales.html,https://mr010.com/online-retailers/tiktok/how-do-tiktok-stores-see-data-from-other-merchants-how-do-i-find-my-stores-daily-sales.html,mr010.com,抖音小店如何查看其他商家的数据?如何查询店铺每日销量?-MR010,其他外部来源,身份权威性未知,所有者未核实,False,False,,图文/网页,教程/操作指南,店铺/商品/商城,True,21,21,10,
https://d.newrank.cn/creative/9118,https://d.newrank.cn/creative/9118,newrank.cn,抖音爆款作品核心要素与数据洞察全解析 - 新榜小豆芽,企业官网/工具平台,企业或垂直站点,外部企业,False,False,,图文/网页,案例/复盘,数据工具/分析,False,21,21,11,
https://m.wandoujia.com/apps/8129245,https://m.wandoujia.com/apps/8129245,wandoujia.com,飞瓜数据下载2026安卓最新版_手机app官方版免费安装下载_豌豆荚,其他外部来源,身份权威性未知,所有者未核实,False,False,,图文/网页,说明/其他,数据工具/分析,False,21,21,16,
https://douyin.com/search/抖音创作者如何查看自己的视频收入,https://douyin.com/search/%E6%8A%96%E9%9F%B3%E5%88%9B%E4%BD%9C%E8%80%85%E5%A6%82%E4%BD%95%E6%9F%A5%E7%9C%8B%E8%87%AA%E5%B7%B1%E7%9A%84%E8%A7%86%E9%A2%91%E6%94%B6%E5%85%A5,douyin.com,抖音创作者如何查看自己的视频收入 - 抖音,抖音其他页面,平台官方页面,字节跳动/头条系,True,False,,图文/网页,教程/操作指南,短视频内容,True,20,20,11,
https://huo1818.com/news/detail/1617,https://huo1818.com/news/detail/1617,huo1818.com,第三方电商数据公司对比: 炼丹炉数据 vs 蝉妈妈 vs 阿明工具,其他外部来源,身份权威性未知,所有者未核实,False,False,,图文/网页,推荐/对比/清单,数据工具/分析,False,20,20,15,
https://m.163.com/dy/article/L2GUIA160556OFA0.html,https://m.163.com/dy/article/L2GUIA160556OFA0.html,163.com,投放素材怎么抄才有效?蝉妈妈飞瓜实操拆解对比|实操|拉片|飞瓜_手机网易网,新闻/门户/自媒体,媒体或自媒体平台,网易,False,False,,图文/网页,教程/操作指南,广告投放,True,19,19,18,
https://cnblogs.com/doudaxia/p/22073093,https://cnblogs.com/doudaxia/p/22073093,cnblogs.com,店铺数据运营工具:流量转化全链路数据分析 - 抖大侠 - 企业博客,社区/博客/问答,UGC/专业社区,外部平台,False,False,,图文/网页,推荐/对比/清单,店铺/商品/商城,False,19,19,16,
https://sohu.com/a/925247828_122054174,https://sohu.com/a/925247828_122054174,sohu.com,怎么看抖音达人数据?查看抖音达人数据的用什么软件?_直播_商品_商家,新闻/门户/自媒体,媒体或自媒体平台,搜狐,False,False,,图文/网页,教程/操作指南,直播运营,True,19,19,11,
https://tools-ai.cn/tag/抖音数据,https://tools-ai.cn/tag/%E6%8A%96%E9%9F%B3%E6%95%B0%E6%8D%AE,tools-ai.cn,抖音数据-AI工具导航 | AI工具大全，国内外AI工具一站式导航网站,其他外部来源,身份权威性未知,所有者未核实,False,False,,图文/网页,推荐/对比/清单,数据工具/分析,False,19,19,16,
https://m.wandoujia.com/apps/8129245/history_v194,https://m.wandoujia.com/apps/8129245/history_v194,wandoujia.com,2026飞瓜数据v1.9.4老旧历史版本安装包官方免费下载_豌豆荚,其他外部来源,身份权威性未知,所有者未核实,False,False,,图文/网页,说明/其他,数据工具/分析,False,19,19,12,
https://www.douyin.com/video/7564029844997590329,https://www.douyin.com/video/7564029844997590329,douyin.com,抖店运营中对标店铺选择与数据分析方法解析,抖音视频,创作者视频,字节跳动/头条系,True,True,7564029844997590329,视频,方法论/策略,店铺/商品/商城,True,18,18,7,
https://www.douyin.com/video/7645237464156909226,https://www.douyin.com/video/7645237464156909226,douyin.com,抖音公会直播数据查看与运营指南分享！#抖音公会 #抖音公会直播 #抖音公会直播数据,抖音视频,创作者视频,字节跳动/头条系,True,True,7645237464156909226,视频,教程/操作指南,直播运营,True,18,18,10,
https://www.douyin.com/video/7654851837543151865,https://www.douyin.com/video/7654851837543151865,douyin.com,电商运营如何用蝉妈妈复盘抖音直播？#直播复盘 #蝉妈妈直播 #直播复盘总结,抖音视频,创作者视频,字节跳动/头条系,True,True,7654851837543151865,视频,教程/操作指南,直播运营,True,18,18,9,
https://fanruan.com/finepedia/article/690883e1f7a2e71297c43719,https://fanruan.com/finepedia/article/690883e1f7a2e71297c43719,fanruan.com,抖音数据分析工具在哪里看?企业如何高效监控核心指标数据-帆软企业数字化知识百科,企业官网/工具平台,企业或垂直站点,外部企业,False,False,,图文/网页,教程/操作指南,数据工具/分析,True,18,18,13,
https://fanruan.com/finepedia/article/69cc763037b18b887be648b4,https://fanruan.com/finepedia/article/69cc763037b18b887be648b4,fanruan.com,抖音数据分析在哪查看?企业如何高效掌握平台数据洞察方法-帆软企业数字化知识百科,企业官网/工具平台,企业或垂直站点,外部企业,False,False,,图文/网页,教程/操作指南,数据工具/分析,True,18,18,8,
https://app.mi.com/details?id=com.chandashi.chanmama,https://app.mi.com/details?id=com.chandashi.chanmama,mi.com,蝉妈妈-直播短视频电商数据分析-小米应用商店,其他外部来源,身份权威性未知,所有者未核实,False,False,,图文/网页,说明/其他,直播运营,False,18,18,16,
https://matrix.newrank.cn/article/article-detail/1181c73b8e4d478d,https://matrix.newrank.cn/article/article-detail/1181c73b8e4d478d,newrank.cn,2025矩阵必备!多平台数据一屏看，账号/直播数据，抖音/小红书数据免授权查看(强推)_矩阵通,企业官网/工具平台,企业或垂直站点,外部企业,False,False,,图文/网页,推荐/对比/清单,直播运营,False,18,18,10,
https://php.cn/faq/1882252.html,https://php.cn/faq/1882252.html,php.cn,抖音创作者中心数据怎么看 播放量与粉丝分析方法-常见问题-PHP中文网,社区/博客/问答,UGC/专业社区,外部平台,False,False,,图文/网页,教程/操作指南,数据工具/分析,True,18,18,12,
https://newrank.oss-cn-hangzhou.aliyuncs.com/data/pdf/20230411新榜有数_新抖介绍材料.pdf,https://newrank.oss-cn-hangzhou.aliyuncs.com/data/pdf/20230411%E6%96%B0%E6%A6%9C%E6%9C%89%E6%95%B0_%E6%96%B0%E6%8A%96%E4%BB%8B%E7%BB%8D%E6%9D%90%E6%96%99.pdf,aliyuncs.com,新抖 新榜有数旗下抖音全场景AI数据工具,其他外部来源,身份权威性未知,所有者未核实,False,False,,PDF/图文报告,推荐/对比/清单,数据工具/分析,False,17,17,13,
https://apps.apple.com/jp/app/蝉妈妈-短视频电商直播ai数据分析/id1508944184,https://apps.apple.com/jp/app/%E8%9D%89%E5%A6%88%E5%A6%88-%E7%9F%AD%E8%A7%86%E9%A2%91%E7%94%B5%E5%95%86%E7%9B%B4%E6%92%ADai%E6%95%B0%E6%8D%AE%E5%88%86%E6%9E%90/id1508944184,apple.com,蝉妈妈-短视频电商直播AI数据分析,其他外部来源,身份权威性未知,所有者未核实,False,False,,图文/网页,说明/其他,直播运营,False,17,17,14,
https://douyin.com/search/抖音创作者中心数据分析功能介绍,https://douyin.com/search/%E6%8A%96%E9%9F%B3%E5%88%9B%E4%BD%9C%E8%80%85%E4%B8%AD%E5%BF%83%E6%95%B0%E6%8D%AE%E5%88%86%E6%9E%90%E5%8A%9F%E8%83%BD%E4%BB%8B%E7%BB%8D,douyin.com,抖音创作者中心数据分析功能介绍 - 抖音,抖音其他页面,平台官方页面,字节跳动/头条系,True,False,,图文/网页,说明/其他,数据工具/分析,False,17,17,11,
https://www.douyin.com/video/7611906768319525322,https://www.douyin.com/video/7611906768319525322,douyin.com,新手开了抖店怎么去看电商罗盘#抖店 #电商罗盘,抖音视频,创作者视频,字节跳动/头条系,True,True,7611906768319525322,视频,教程/操作指南,店铺/商品/商城,True,17,17,10,
https://douyinec.com/article/2,https://douyinec.com/article/2,douyinec.com,产品新思路，展望抖音电商生意新可能,其他外部来源,身份权威性未知,所有者未核实,False,False,,图文/网页,说明/其他,综合运营/其他,False,17,17,15,
https://jb51.net/softs/756134.html,https://jb51.net/softs/756134.html,jb51.net,飞瓜数据app下载 飞瓜数据(数据分析平台) v1.9.3 安卓版 下载-脚本之家,其他外部来源,身份权威性未知,所有者未核实,False,False,,图文/网页,推荐/对比/清单,数据工具/分析,False,17,17,14,
https://school.jinritemai.com/doudian/wap/article/aJXFPbWWNceA,https://school.jinritemai.com/doudian/wap/article/aJXFPbWWNceA,jinritemai.com,AI智能工具篇:云图& 即创,字节/头条系其他,平台或产品来源,字节跳动/头条系,True,False,,图文/网页,推荐/对比/清单,数据工具/分析,False,17,17,14,
https://school.jinritemai.com/doudian/web/article/106202?from_school=1&should_full_screen=1&should_hide_bottom_nav=1,https://school.jinritemai.com/doudian/web/article/106202?from_school=1&should_full_screen=1&should_hide_bottom_nav=1,jinritemai.com,抖音电商罗盘常见问题解答(商家版),字节/头条系其他,平台或产品来源,字节跳动/头条系,True,False,,图文/网页,说明/其他,综合运营/其他,False,17,17,7,
https://school.jinritemai.com/doudian/web/article/aHrV1Z179ify,https://school.jinritemai.com/doudian/web/article/aHrV1Z179ify,jinritemai.com,抖音电商罗盘最全最新介绍手册(经营版),字节/头条系其他,平台或产品来源,字节跳动/头条系,True,False,,图文/网页,教程/操作指南,综合运营/其他,True,17,17,12,
https://jzl.com/news/douyin-data-13,https://jzl.com/news/douyin-data-13,jzl.com,抖音数据分析平台有哪些:主流类型与功能全景盘点,企业官网/工具平台,企业或垂直站点,外部企业,False,False,,图文/网页,推荐/对比/清单,数据工具/分析,False,17,17,11,
https://volcengine.com/article/43462,https://volcengine.com/article/43462,volcengine.com,Seedance 2.0:抖音创作者中心高效总结创作成果指南,字节/头条系其他,平台或产品来源,字节跳动/头条系,True,False,,图文/网页,教程/操作指南,综合运营/其他,True,17,17,6,
https://webcdn.xiguaji.com/pince/web/20260708/product-intro.pdf,https://webcdn.xiguaji.com/pince/web/20260708/product-intro.pdf,xiguaji.com,飞瓜品策,其他外部来源,身份权威性未知,所有者未核实,False,False,,PDF/图文报告,说明/其他,综合运营/其他,False,17,17,14,
https://m.163.com/dy/article/L2JH02J90556OFA0.html,https://m.163.com/dy/article/L2JH02J90556OFA0.html,163.com,蝉妈妈vs飞瓜怎么选品?选品运营避坑指南|动销率|抖音|爆品|选品|避坑|飞瓜_手机网易网,新闻/门户/自媒体,媒体或自媒体平台,网易,False,False,,图文/网页,教程/操作指南,店铺/商品/商城,True,16,16,13,
https://toobigdata.aiproducthub.cn/,https://toobigdata.aiproducthub.cn/,aiproducthub.cn,TooBigData - 抖音快手短视频数据分析平台|网红排行热门商品账号诊断网页版入口,其他外部来源,身份权威性未知,所有者未核实,False,False,,图文/网页,推荐/对比/清单,短视频内容,False,16,16,9,
https://www.douyin.com/video/7584133933202296091,https://www.douyin.com/video/7584133933202296091,douyin.com,抖音官方营销工具分类及核心功能解析,抖音视频,创作者视频,字节跳动/头条系,True,True,7584133933202296091,视频,推荐/对比/清单,数据工具/分析,False,16,16,16,
https://www.douyin.com/video/7612875997802153723,https://www.douyin.com/video/7612875997802153723,douyin.com,数据分析软件哪个更好用？ 抖音直播数据，蝉妈妈/考古加/飞瓜数据 千川创意素材，蝉妈妈创意/考古加创意/有米云/飞瓜易投，视频号数据，友望数据/新视数据，小红书数据，千瓜数据/新红数据/灰豚红书数据#数据分析工具 #数据可视化 #新媒体运营 #干货分享,抖音视频,创作者视频,字节跳动/头条系,True,True,7612875997802153723,视频,推荐/对比/清单,直播运营,False,16,16,10,
https://www.douyin.com/video/7665233408440064639,https://www.douyin.com/video/7665233408440064639,douyin.com,抖音直播数据分析工具大全，助你精准复盘 Q1: 抖音主播直播数据用什么软件看 A1: 可以用抖音电商罗盘，这是官方的直播复盘工具，能看实时流量来源、人气峰值、用户画像等数据，判断直播间热度。  Q2:,抖音视频,创作者视频,字节跳动/头条系,True,True,7665233408440064639,视频,推荐/对比/清单,直播运营,False,16,16,11,
https://school.jinritemai.com/doudian/web/article/105308,https://school.jinritemai.com/doudian/web/article/105308,jinritemai.com,抖音电商数据，就用罗盘;罗盘推出中小简版首页/竞争分析能力,字节/头条系其他,平台或产品来源,字节跳动/头条系,True,False,,图文/网页,说明/其他,数据工具/分析,False,16,16,15,
https://school.jinritemai.com/doudian/web/course-series/cHUrTfRse7fr/cHUrTfRse7frlHV3KkY5fJia,https://school.jinritemai.com/doudian/web/course-series/cHUrTfRse7fr/cHUrTfRse7frlHV3KkY5fJia,jinritemai.com,抖音电商货架场景经营入门宝典,字节/头条系其他,平台或产品来源,字节跳动/头条系,True,False,,图文/网页,教程/操作指南,综合运营/其他,True,16,16,9,
https://yun88.com/product/9520.html,https://yun88.com/product/9520.html,yun88.com,灰豚数据短视频& 直播电商数据分析平台_抖音、小红书达人营销管理工具-云巴巴,其他外部来源,身份权威性未知,所有者未核实,False,False,,图文/网页,推荐/对比/清单,直播运营,False,16,16,14,
https://biqiusoft.com/seo/187200,https://biqiusoft.com/seo/187200,biqiusoft.com,抖音怎么看团购下单数据:全面解析商家与达人视角下的数据查看与应用 – 比丘营销推广,其他外部来源,身份权威性未知,所有者未核实,False,False,,图文/网页,教程/操作指南,达人/带货,True,15,15,9,
https://ai.chanmama.com/product/liveAnalysis,https://ai.chanmama.com/product/liveAnalysis,chanmama.com,蝉妈妈AI_电商人专属的营销助手-电商数据分析_AI图片设计_视频拆解提取分析在线平台,企业官网/工具平台,企业或垂直站点,外部企业,False,False,,图文/网页,推荐/对比/清单,短视频内容,False,15,15,8,
https://cnblogs.com/doudaxia/p/21650392,https://cnblogs.com/doudaxia/p/21650392,cnblogs.com,抖音电商第三方工具处罚标准是什么?违规行为对应规则 - 抖大侠 - 企业博客,社区/博客/问答,UGC/专业社区,外部平台,False,False,,图文/网页,推荐/对比/清单,数据工具/分析,False,15,15,4,
https://cnblogs.com/doudaxia/p/22111498,https://cnblogs.com/doudaxia/p/22111498,cnblogs.com,抖店运营数据看板搭建指南 核心指标分析与日常复盘方法 - 抖大侠 - 企业博客,社区/博客/问答,UGC/专业社区,外部平台,False,False,,图文/网页,教程/操作指南,店铺/商品/商城,True,15,15,10,
https://blog.csdn.net/2601_95788224/article/details/161227952,https://blog.csdn.net/2601_95788224/article/details/161227952,csdn.net,2026年矩阵运营工具横评:6款主流系统的真实对比与选型指南_类似飞瓜的系统-CSDN博客,社区/博客/问答,UGC/专业社区,外部平台,False,False,,图文/网页,教程/操作指南,数据工具/分析,True,15,15,13,
https://dy.feigua.cn/,https://dy.feigua.cn/,feigua.cn,飞瓜数据-抖音电商与直播大数据分析平台-feigua.cn,企业官网/工具平台,企业或垂直站点,外部企业,False,False,,图文/网页,推荐/对比/清单,直播运营,False,15,15,9,
https://school.jinritemai.com/doudian/web/course-series/cHXYPm4k5tCn/cHXYPm4k5tCnlHadidnoUmhf?from_school=1&should_full_screen=1&should_hide_bottom_nav=1,https://school.jinritemai.com/doudian/web/course-series/cHXYPm4k5tCn/cHXYPm4k5tCnlHadidnoUmhf?from_school=1&should_full_screen=1&should_hide_bottom_nav=1,jinritemai.com,抖音电商官方数据产品「罗盘·策略」引领生意增长,字节/头条系其他,平台或产品来源,字节跳动/头条系,True,False,,图文/网页,案例/复盘,数据工具/分析,False,15,15,8,
https://m.sohu.com/a/1045358383_122634602,https://m.sohu.com/a/1045358383_122634602,sohu.com,怎么排查抖音爆款商品虚假销量数据_分析_价格_妈妈,新闻/门户/自媒体,媒体或自媒体平台,搜狐,False,False,,图文/网页,教程/操作指南,店铺/商品/商城,True,15,15,5,蝉妈妈
https://m.toutiao.com/group/7664425489759257124,https://m.toutiao.com/group/7664425489759257124,toutiao.com,品牌抖音全渠道流量怎么拆解?蝉妈妈四个分析维度和实操方法_蝉妈妈电商增长,字节/头条系其他,平台或产品来源,字节跳动/头条系,True,False,,图文/网页,教程/操作指南,数据工具/分析,True,15,15,11,蝉妈妈电商增长
https://m.10100.com/article/42577683,https://m.10100.com/article/42577683,10100.com,抖音电商罗盘常见问题解答(抖店版)- 大数跨境,其他外部来源,身份权威性未知,所有者未核实,False,False,,图文/网页,说明/其他,店铺/商品/商城,False,14,14,10,
https://c.m.163.com/news/a/L2JH02J90556OFA0.html,https://c.m.163.com/news/a/L2JH02J90556OFA0.html,163.com,蝉妈妈vs飞瓜怎么选品?选品运营避坑指南,新闻/门户/自媒体,媒体或自媒体平台,网易,False,False,,图文/网页,教程/操作指南,店铺/商品/商城,True,14,14,11,
https://www.douyin.com/video/7626021255737345147,https://www.douyin.com/video/7626021255737345147,douyin.com,干新媒体必藏！9大平台数据分析工具一次性整理好🔥 单个平台专用+多平台通用全都有，做内容、看数据、搞运营，有这套就够了！#抖音运营小技巧 #抖音 #抖音运营笔记 #抖音运营推广,抖音视频,创作者视频,字节跳动/头条系,True,True,7626021255737345147,视频,推荐/对比/清单,数据工具/分析,False,14,14,8,
https://www.douyin.com/video/7649663990646210021,https://www.douyin.com/video/7649663990646210021,douyin.com,电商运营怎么查抖音投放数据？#投放数据 #投放数据怎么查 #电商运营查投放数据,抖音视频,创作者视频,字节跳动/头条系,True,True,7649663990646210021,视频,教程/操作指南,广告投放,True,14,14,10,
https://www.douyin.com/video/7663074848482037002,https://www.douyin.com/video/7663074848482037002,douyin.com,把 AI 做成专属运营助理，自动做数据复盘 + 选题 #我的第一个豆包手搓skill #一键复刻豆包宝藏skill  #我之前简直就是在乱用豆包 #AI教程 #AI,抖音视频,创作者视频,字节跳动/头条系,True,True,7663074848482037002,视频,教程/操作指南,数据工具/分析,True,14,14,5,
https://www.douyin.com/video/7663663060086779643,https://www.douyin.com/video/7663663060086779643,douyin.com,#电商运营数据分析 #实时销售数据 #电商运营经验分享,抖音视频,创作者视频,字节跳动/头条系,True,True,7663663060086779643,视频,说明/其他,数据工具/分析,False,14,14,3,
https://op.jinritemai.com/docs/guide-docs/83/7356,https://op.jinritemai.com/docs/guide-docs/83/7356,jinritemai.com,抖店开放平台,字节/头条系其他,平台或产品来源,字节跳动/头条系,True,False,,图文/网页,推荐/对比/清单,店铺/商品/商城,False,14,14,11,
https://school.jinritemai.com/doudian/wap/course-series/cHXYPm4k5tCn/cHXYPm4k5tCnlHZdqBe2bRMe?from_school=1&should_full_screen=1&should_hide_bottom_nav=1,https://school.jinritemai.com/doudian/wap/course-series/cHXYPm4k5tCn/cHXYPm4k5tCnlHZdqBe2bRMe?from_school=1&should_full_screen=1&should_hide_bottom_nav=1,jinritemai.com,抖音电商官方数据产品「罗盘·策略」引领生意增长,字节/头条系其他,平台或产品来源,字节跳动/头条系,True,False,,图文/网页,案例/复盘,数据工具/分析,False,14,14,11,
https://app.mi.com/details?id=com.ht.htdata,https://app.mi.com/details?id=com.ht.htdata,mi.com,灰豚数据-小米应用商店,其他外部来源,身份权威性未知,所有者未核实,False,False,,图文/网页,说明/其他,数据工具/分析,False,14,14,13,
https://edit.newrank.cn/detail.html?uuid=009087566B1B5AA5D3174418A31F5ED9,https://edit.newrank.cn/detail.html?uuid=009087566B1B5AA5D3174418A31F5ED9,newrank.cn,2025矩阵必备!多平台数据一屏看，账号/直播数据，抖音/小红书数据免授权查看(强推),企业官网/工具平台,企业或垂直站点,外部企业,False,False,,图文/网页,推荐/对比/清单,直播运营,False,14,14,9,
https://sohu.com/a/932092777_122502905,https://sohu.com/a/932092777_122502905,sohu.com,社媒投后数据监测怎么选?要“能用、好用、用得起”_平台_工具_中台,新闻/门户/自媒体,媒体或自媒体平台,搜狐,False,False,,图文/网页,教程/操作指南,数据工具/分析,True,14,14,8,
https://zboec.cn/index.php?c=show&id=421,https://zboec.cn/index.php?c=show&id=421,zboec.cn,如何分析抖音的流量数据?_卓博科技,其他外部来源,身份权威性未知,所有者未核实,False,False,,图文/网页,教程/操作指南,数据工具/分析,True,14,14,7,
https://ai-indeed.com/encyclopedia/23454.html,https://ai-indeed.com/encyclopedia/23454.html,ai-indeed.com,抖音店铺运营数据怎么实时更新?零代码实现电商数据自动化监控与决策的全面方案 - 实在智能,其他外部来源,身份权威性未知,所有者未核实,False,False,,图文/网页,教程/操作指南,店铺/商品/商城,True,13,13,8,
https://apps.apple.com/cn/app/灰豚数据-查流量结构-直播短视频电商选品数据/id1585816578,https://apps.apple.com/cn/app/%E7%81%B0%E8%B1%9A%E6%95%B0%E6%8D%AE-%E6%9F%A5%E6%B5%81%E9%87%8F%E7%BB%93%E6%9E%84-%E7%9B%B4%E6%92%AD%E7%9F%AD%E8%A7%86%E9%A2%91%E7%94%B5%E5%95%86%E9%80%89%E5%93%81%E6%95%B0%E6%8D%AE/id1585816578,apple.com,‎灰豚数据 - 查流量结构，直播短视频电商选品数据 App - App Store,其他外部来源,身份权威性未知,所有者未核实,False,False,,图文/网页,说明/其他,直播运营,False,13,13,9,
https://apps.apple.com/cn/app/蝉妈妈-直播短视频电商ai数据分析/id1508944184?uo=4,https://apps.apple.com/cn/app/%E8%9D%89%E5%A6%88%E5%A6%88-%E7%9B%B4%E6%92%AD%E7%9F%AD%E8%A7%86%E9%A2%91%E7%94%B5%E5%95%86ai%E6%95%B0%E6%8D%AE%E5%88%86%E6%9E%90/id1508944184?uo=4,apple.com,‎蝉妈妈-直播短视频电商AI数据分析 App - App Store,其他外部来源,身份权威性未知,所有者未核实,False,False,,图文/网页,说明/其他,直播运营,False,13,13,9,
https://mip.b2b168.com/wvs322273700.html,https://mip.b2b168.com/wvs322273700.html,b2b168.com,2026年视频号竞品数据分析平台甄选参考汇总 - 八方资源网,其他外部来源,身份权威性未知,所有者未核实,False,False,,图文/网页,推荐/对比/清单,短视频内容,False,13,13,7,
https://cnblogs.com/douzhanggui/p/21947416,https://cnblogs.com/douzhanggui/p/21947416,cnblogs.com,深耕抖音电商如何守住经营底线?区分工具合规与违规边界有哪些核心标准? - 抖掌柜 - 企业博客,社区/博客/问答,UGC/专业社区,外部平台,False,False,,图文/网页,教程/操作指南,数据工具/分析,True,13,13,8,
https://www.douyin.com/video/7652561554789321462,https://www.douyin.com/video/7652561554789321462,douyin.com,电商数据分析工具怎么选？#蝉妈妈 #电商数据分析工具 #蝉妈妈数据,抖音视频,创作者视频,字节跳动/头条系,True,True,7652561554789321462,视频,教程/操作指南,数据工具/分析,True,13,13,6,
https://www.douyin.com/video/7654122650755298660,https://www.douyin.com/video/7654122650755298660,douyin.com,电商运营怎么查店铺数据异常？#店铺数据异常 #蝉妈妈查数据#店铺数据异常怎么解决,抖音视频,创作者视频,字节跳动/头条系,True,True,7654122650755298660,视频,教程/操作指南,店铺/商品/商城,True,13,13,7,
https://www.douyin.com/video/7667779779722784937,https://www.douyin.com/video/7667779779722784937,douyin.com,同行店铺榜这个功能被严重低估了！对手的底牌看得一清二楚#截流选品 #店铺榜单 #抖店运营 #运营技巧 #电商干货,抖音视频,创作者视频,字节跳动/头条系,True,True,7667779779722784937,视频,说明/其他,店铺/商品/商城,False,13,13,7,
https://fanruan.com/finepedia/article/68aeac6b0bd240a239633851,https://fanruan.com/finepedia/article/68aeac6b0bd240a239633851,fanruan.com,抖音平台数据分析有哪些工具?助力品牌精准营销与内容优化-帆软企业数字化知识百科,企业官网/工具平台,企业或垂直站点,外部企业,False,False,,图文/网页,推荐/对比/清单,数据工具/分析,False,13,13,9,
https://fanruan.com/finepedia/article/69ef0373e7e92fac84877da0,https://fanruan.com/finepedia/article/69ef0373e7e92fac84877da0,fanruan.com,抖音数据分析工具有哪些?短视频平台数据挖掘实战-帆软企业数字化知识百科,企业官网/工具平台,企业或垂直站点,外部企业,False,False,,图文/网页,推荐/对比/清单,短视频内容,False,13,13,12,
https://dy.feigua.cn/Home/Default?url=%2FMember,https://dy.feigua.cn/Home/Default?url=%2FMember,feigua.cn,飞瓜数据-抖音电商与直播大数据分析平台-feigua.cn,企业官网/工具平台,企业或垂直站点,外部企业,False,False,,图文/网页,推荐/对比/清单,直播运营,False,13,13,11,
https://sohu.com/a/994737636_122634602,https://sohu.com/a/994737636_122634602,sohu.com,抖音对标账号分析工具详解:2026年高效竞品拆解指南_视频_内容_数据,新闻/门户/自媒体,媒体或自媒体平台,搜狐,False,False,,图文/网页,教程/操作指南,短视频内容,True,13,13,5,蝉妈妈
https://m.xiayx.com/article/952729,https://m.xiayx.com/article/952729,xiayx.com,抖音达人合作避坑指南:如何辨别数据真实性_侠游戏网教程-m.xiayx.com,其他外部来源,身份权威性未知,所有者未核实,False,False,,图文/网页,教程/操作指南,达人/带货,True,13,13,6,
https://resources.youcloud.com/youshu/product_update/2814,https://resources.youcloud.com/youshu/product_update/2814,youcloud.com,官方选型指南:有米有数 vs 蝉妈妈，全方位对比助您决策,其他外部来源,身份权威性未知,所有者未核实,False,False,,图文/网页,教程/操作指南,综合运营/其他,True,13,13,7,
https://c.m.163.com/news/a/L31MQC8R0556O9Q0.html,https://c.m.163.com/news/a/L31MQC8R0556O9Q0.html,163.com,抖店工具推荐 2026免费 + 付费，官方与第三方工具对比,新闻/门户/自媒体,媒体或自媒体平台,网易,False,False,,图文/网页,推荐/对比/清单,店铺/商品/商城,False,12,12,5,
https://ai-indeed.com/encyclopedia/19713.html,https://ai-indeed.com/encyclopedia/19713.html,ai-indeed.com,我是抖音投手，能不能把千川后台和直播间数据放一个表里看?整合逻辑解析 - 实在智能,其他外部来源,身份权威性未知,所有者未核实,False,False,,图文/网页,方法论/策略,直播运营,True,12,12,6,
https://blog.csdn.net/Ruanjianwang888/article/details/162433145,https://blog.csdn.net/Ruanjianwang888/article/details/162433145,csdn.net,影刀RPA新手教程:抖音电商全链路自动化完全指南——橱窗管理直播数据监控与佣金统计-CSDN博客,社区/博客/问答,UGC/专业社区,外部平台,False,False,,图文/网页,教程/操作指南,直播运营,True,12,12,6,
https://blog.csdn.net/weixin_53378048/article/details/141252257,https://blog.csdn.net/weixin_53378048/article/details/141252257,csdn.net,一个利用抖店的罗盘验证飞瓜数据准确度的方法_抖音罗盘api-CSDN博客,社区/博客/问答,UGC/专业社区,外部平台,False,False,,图文/网页,方法论/策略,店铺/商品/商城,True,12,12,8,
https://www.douyin.com/video/7511322802654973241,https://www.douyin.com/video/7511322802654973241,douyin.com,新媒体运营高效工具合集与实战技巧解析,抖音视频,创作者视频,字节跳动/头条系,True,True,7511322802654973241,视频,推荐/对比/清单,数据工具/分析,False,12,12,7,
https://www.douyin.com/video/7651885345969047286,https://www.douyin.com/video/7651885345969047286,douyin.com,电商商家如何自动生成日报周报？#电商日报 #电商周报 #电商必看,抖音视频,创作者视频,字节跳动/头条系,True,True,7651885345969047286,视频,教程/操作指南,综合运营/其他,True,12,12,4,
https://fanruan.com/finepedia/article/69086dc4f7a2e71297bf97ed,https://fanruan.com/finepedia/article/69086dc4f7a2e71297bf97ed,fanruan.com,抖音数据分析在哪里看?企业如何高效掌握运营数据?-帆软企业数字化知识百科,企业官网/工具平台,企业或垂直站点,外部企业,False,False,,图文/网页,教程/操作指南,数据工具/分析,True,12,12,8,
https://dsp.feigua.cn/home/Product,https://dsp.feigua.cn/home/Product,feigua.cn,飞瓜数据-抖音电商与直播大数据分析平台-feigua.cn,企业官网/工具平台,企业或垂直站点,外部企业,False,False,,图文/网页,推荐/对比/清单,直播运营,False,12,12,10,
https://school.jinritemai.com/doudian/wap/article/aHiLfa4fR62G?from_school=1&should_full_screen=1&should_hide_bottom_nav=1,https://school.jinritemai.com/doudian/wap/article/aHiLfa4fR62G?from_school=1&should_full_screen=1&should_hide_bottom_nav=1,jinritemai.com,抖音电商学习中心,字节/头条系其他,平台或产品来源,字节跳动/头条系,True,False,,图文/网页,说明/其他,综合运营/其他,False,12,12,10,
https://school.jinritemai.com/doudian/wap/course-series/cJZHjLnhaLyw/cJZHjLnhaLywlJZJUawr8APt?from_school=1&should_full_screen=1&should_hide_bottom_nav=1,https://school.jinritemai.com/doudian/wap/course-series/cJZHjLnhaLyw/cJZHjLnhaLywlJZJUawr8APt?from_school=1&should_full_screen=1&should_hide_bottom_nav=1,jinritemai.com,中小商家千川广告投放运营基础及工具使用,字节/头条系其他,平台或产品来源,字节跳动/头条系,True,False,,图文/网页,推荐/对比/清单,广告投放,False,12,12,8,
https://school.jinritemai.com/doudian/web/articlev0/aHcRxuHzpWaR?jsls_shop=175791803,https://school.jinritemai.com/doudian/web/articlev0/aHcRxuHzpWaR?jsls_shop=175791803,jinritemai.com,「罗盘·达人」直播间诊断优化升级!,字节/头条系其他,平台或产品来源,字节跳动/头条系,True,False,,图文/网页,方法论/策略,直播运营,True,12,12,6,
https://jzl.com/news/douyin-data-22,https://jzl.com/news/douyin-data-22,jzl.com,抖音竞品数据分析指南:如何用对手的流量密码打造自己的爆款,企业官网/工具平台,企业或垂直站点,外部企业,False,False,,图文/网页,教程/操作指南,数据工具/分析,True,12,12,5,
https://jzl.com/news/douyin-data-25,https://jzl.com/news/douyin-data-25,jzl.com,抖音数据API接口调用:从入门到实战的完整指南,企业官网/工具平台,企业或垂直站点,外部企业,False,False,,图文/网页,教程/操作指南,数据工具/分析,True,12,12,8,
https://jzl.com/news/douyin-data-31,https://jzl.com/news/douyin-data-31,jzl.com,抖音电商数据采集常见问题解答:商家和数据从业者必看,企业官网/工具平台,企业或垂直站点,外部企业,False,False,,图文/网页,说明/其他,数据工具/分析,False,12,12,10,
https://m.sohu.com/a/1031589405_122634602,https://m.sohu.com/a/1031589405_122634602,sohu.com,抖音竞品价格与促销策略跟踪:3个核心方法与1个智能工具_平台_商品_监控,新闻/门户/自媒体,媒体或自媒体平台,搜狐,False,False,,图文/网页,推荐/对比/清单,店铺/商品/商城,False,12,12,8,蝉妈妈
https://m.sohu.com/a/1044841248_122903795,https://m.sohu.com/a/1044841248_122903795,sohu.com,抖音发视频总没流量?这个 AI 诊断神器，一键找出限流根源!_分析_关键问题_自动,新闻/门户/自媒体,媒体或自媒体平台,搜狐,False,False,,图文/网页,方法论/策略,短视频内容,True,12,12,3,
https://m.sohu.com/a/1056144941_122634602,https://m.sohu.com/a/1056144941_122634602,sohu.com,蝉妈妈怎么分析进店UV?拆解流量结构提升转化_直播_数据_小店,新闻/门户/自媒体,媒体或自媒体平台,搜狐,False,False,,图文/网页,教程/操作指南,直播运营,True,12,12,8,蝉妈妈
https://sohu.com/a/945652849_120704721,https://sohu.com/a/945652849_120704721,sohu.com,视频号电商数据哪里可以看?如何监测视频号直播的人气、商品销量、涨粉情况......_流量_微信_支持,新闻/门户/自媒体,媒体或自媒体平台,搜狐,False,False,,图文/网页,教程/操作指南,直播运营,True,12,12,6,
https://chanmama.aiproducthub.cn/,https://chanmama.aiproducthub.cn/,aiproducthub.cn,蝉妈妈 - 抖音短视频与直播电商数据分析平台|达人营销与商品洞察,其他外部来源,身份权威性未知,所有者未核实,False,False,,图文/网页,推荐/对比/清单,直播运营,False,11,11,9,
https://m.appchina.com/app/com.ht.htdata,https://m.appchina.com/app/com.ht.htdata,appchina.com,最新安卓灰豚数据免费下载 – AppChina应用汇,其他外部来源,身份权威性未知,所有者未核实,False,False,,图文/网页,说明/其他,数据工具/分析,False,11,11,10,
https://cnblogs.com/zhushou/p/21920008,https://cnblogs.com/zhushou/p/21920008,cnblogs.com,抖店工具大全:免费与第三方合规工具全解析 - 电商分享 - 企业博客,社区/博客/问答,UGC/专业社区,外部平台,False,False,,图文/网页,推荐/对比/清单,店铺/商品/商城,False,11,11,9,
https://blog.csdn.net/zhangchen124/article/details/87898284,https://blog.csdn.net/zhangchen124/article/details/87898284,csdn.net,做抖音运营，一定要避开的3类数据陷阱_抖音数据拉取风险-CSDN博客,社区/博客/问答,UGC/专业社区,外部平台,False,False,,图文/网页,说明/其他,数据工具/分析,False,11,11,7,
https://douyin.com/search/怎么去看别人的直播间流量,https://douyin.com/search/%E6%80%8E%E4%B9%88%E5%8E%BB%E7%9C%8B%E5%88%AB%E4%BA%BA%E7%9A%84%E7%9B%B4%E6%92%AD%E9%97%B4%E6%B5%81%E9%87%8F,douyin.com,怎么去看别人的直播间流量 - 抖音,抖音其他页面,平台官方页面,字节跳动/头条系,True,False,,图文/网页,教程/操作指南,直播运营,True,11,11,7,
https://douyin.com/search/怎么看抖音数据分析在哪里找到,https://douyin.com/search/%E6%80%8E%E4%B9%88%E7%9C%8B%E6%8A%96%E9%9F%B3%E6%95%B0%E6%8D%AE%E5%88%86%E6%9E%90%E5%9C%A8%E5%93%AA%E9%87%8C%E6%89%BE%E5%88%B0,douyin.com,怎么看抖音数据分析在哪里找到 - 抖音,抖音其他页面,平台官方页面,字节跳动/头条系,True,False,,图文/网页,教程/操作指南,数据工具/分析,True,11,11,6,
https://m.duote.com/android/1171000.html,https://m.duote.com/android/1171000.html,duote.com,"灰豚数据抖音版下载安装,灰豚数据抖音版安卓下载入口-多特软件站安卓网",其他外部来源,身份权威性未知,所有者未核实,False,False,,图文/网页,说明/其他,数据工具/分析,False,11,11,10,
https://dy.feigua.cn/helperv2/detail?autoid=9,https://dy.feigua.cn/helperv2/detail?autoid=9,feigua.cn,飞瓜抖音-帮助中心,企业官网/工具平台,企业或垂直站点,外部企业,False,False,,图文/网页,说明/其他,综合运营/其他,False,11,11,7,
https://finereport.com/blog/article/69a8eae568fee269e9dce7ba,https://finereport.com/blog/article/69a8eae568fee269e9dce7ba,finereport.com,抖音数据分析如何实现自动化?新媒体运营数据轻松获取 - FineReport报表知识库,企业官网/工具平台,企业或垂直站点,外部企业,False,False,,图文/网页,教程/操作指南,数据工具/分析,True,11,11,3,
https://school.jinritemai.com/doudian/wap/article/aJXFPbWWNceA?from_school=1&should_full_screen=1&should_hide_bottom_nav=1,https://school.jinritemai.com/doudian/wap/article/aJXFPbWWNceA?from_school=1&should_full_screen=1&should_hide_bottom_nav=1,jinritemai.com,AI智能工具篇:云图& 即创,字节/头条系其他,平台或产品来源,字节跳动/头条系,True,False,,图文/网页,推荐/对比/清单,数据工具/分析,False,11,11,8,
https://school.jinritemai.com/doudian/web/articlev0/aHZzAAP979YA,https://school.jinritemai.com/doudian/web/articlev0/aHZzAAP979YA,jinritemai.com,罗盘达人版 如何识别优质短视频提升收益吗?,字节/头条系其他,平台或产品来源,字节跳动/头条系,True,False,,图文/网页,教程/操作指南,达人/带货,True,11,11,7,
https://jzl.com/news/douyin-data-28,https://jzl.com/news/douyin-data-28,jzl.com,抖音数据查看平台完整指南:如何全面掌握账号与内容表现,企业官网/工具平台,企业或垂直站点,外部企业,False,False,,图文/网页,教程/操作指南,数据工具/分析,True,11,11,9,
https://edit.newrank.cn/detail.html?uuid=32D45618802071E09B0D44EACE20487F,https://edit.newrank.cn/detail.html?uuid=32D45618802071E09B0D44EACE20487F,newrank.cn,直播数据复盘难?多平台数据统一汇总+多维度分析，效率提升80%,企业官网/工具平台,企业或垂直站点,外部企业,False,False,,图文/网页,推荐/对比/清单,直播运营,False,11,11,8,
https://m.sohu.com/a/1053233411_122634602,https://m.sohu.com/a/1053233411_122634602,sohu.com,蝉妈妈短视频带货数据怎么核验?3个模块完整校验链路_内容_拆解_商品,新闻/门户/自媒体,媒体或自媒体平台,搜狐,False,False,,图文/网页,教程/操作指南,达人/带货,True,11,11,8,蝉妈妈
https://trenz.ai/resource/tiktok-shop-analytics-tools,https://trenz.ai/resource/tiktok-shop-analytics-tools,trenz.ai,10 Best TikTok Shop Analytics Tools in 2026 (Compared),其他外部来源,身份权威性未知,所有者未核实,False,False,,图文/网页,说明/其他,综合运营/其他,False,11,11,9,
https://m.xiayx.com/article/748815,https://m.xiayx.com/article/748815,xiayx.com,为什么抖音数据分析都推荐？真实使用体验揭秘,其他外部来源,身份权威性未知,所有者未核实,False,False,,图文/网页,推荐/对比/清单,数据工具/分析,False,11,11,7,
https://znbo.com/post/6419.html,https://znbo.com/post/6419.html,znbo.com,数据分析工具横向对比，蝉妈妈、飞瓜数据、考古加、热浪数据 - 网站建设 - 广州网站建设_广州网站设计_广州网站制作,其他外部来源,身份权威性未知,所有者未核实,False,False,,图文/网页,推荐/对比/清单,数据工具/分析,False,11,11,8,
https://ai-indeed.com/encyclopedia/20429.html,https://ai-indeed.com/encyclopedia/20429.html,ai-indeed.com,怎么自动获取抖音直播间直播数据?日报与投放一并打通 - 实在智能,其他外部来源,身份权威性未知,所有者未核实,False,False,,图文/网页,教程/操作指南,直播运营,True,10,10,6,
https://kaogujia.aiproducthub.cn/,https://kaogujia.aiproducthub.cn/,aiproducthub.cn,考古加 - 抖音电商数据分析平台|达人直播带货选品分析网页版入口,其他外部来源,身份权威性未知,所有者未核实,False,False,,图文/网页,推荐/对比/清单,直播运营,False,10,10,9,
https://apps.apple.com/cn/app/蝉妈妈-直播短视频电商ai数据分析/id1508944184?platform=tv,https://apps.apple.com/cn/app/%E8%9D%89%E5%A6%88%E5%A6%88-%E7%9B%B4%E6%92%AD%E7%9F%AD%E8%A7%86%E9%A2%91%E7%94%B5%E5%95%86ai%E6%95%B0%E6%8D%AE%E5%88%86%E6%9E%90/id1508944184?platform=tv,apple.com,‎蝉妈妈-直播短视频电商AI数据分析 App - App Store,其他外部来源,身份权威性未知,所有者未核实,False,False,,图文/网页,说明/其他,直播运营,False,10,10,8,
https://apps.apple.com/cn/app/蝉妈妈-直播短视频电商ai数据分析/id1508944184?platform=watch,https://apps.apple.com/cn/app/%E8%9D%89%E5%A6%88%E5%A6%88-%E7%9B%B4%E6%92%AD%E7%9F%AD%E8%A7%86%E9%A2%91%E7%94%B5%E5%95%86ai%E6%95%B0%E6%8D%AE%E5%88%86%E6%9E%90/id1508944184?platform=watch,apple.com,‎蝉妈妈-直播短视频电商AI数据分析 App - App Store,其他外部来源,身份权威性未知,所有者未核实,False,False,,图文/网页,说明/其他,直播运营,False,10,10,6,
https://biemoyu.com/sites/daduoduo.html,https://biemoyu.com/sites/daduoduo.html,biemoyu.com,"达多多数据官网首页,抖音数据分析平台,直播和短视频,小店,商品,品牌查询 | 别摸鱼导航",其他外部来源,身份权威性未知,所有者未核实,False,False,,图文/网页,推荐/对比/清单,直播运营,False,10,10,10,
https://cnblogs.com/douzhanggui/p/21927160,https://cnblogs.com/douzhanggui/p/21927160,cnblogs.com,深耕抖音电商店铺经营，怎样区分合规与违规工具避免限流封号问题? - 抖掌柜 - 企业博客,社区/博客/问答,UGC/专业社区,外部平台,False,False,,图文/网页,推荐/对比/清单,店铺/商品/商城,False,10,10,5,
https://coonav.com/favorites/douyinshuju,https://coonav.com/favorites/douyinshuju,coonav.com,抖音数据分析工具 | COONAV电商运营导航,其他外部来源,身份权威性未知,所有者未核实,False,False,,图文/网页,推荐/对比/清单,数据工具/分析,False,10,10,9,
https://www.douyin.com/video/7581412721045081378,https://www.douyin.com/video/7581412721045081378,douyin.com,抖音数据分析第三方平台推荐及性价比对比,抖音视频,创作者视频,字节跳动/头条系,True,True,7581412721045081378,视频,推荐/对比/清单,数据工具/分析,False,10,10,8,
https://www.douyin.com/video/7668202529549172479,https://www.douyin.com/video/7668202529549172479,douyin.com,达人近30天经营表现怎么查？蝉妈妈实操指南 Q1: 怎么快速查看达人近30天经营全貌？ A1: 进入蝉妈妈「达人-达人库」，搜索达人昵称后点击详情。在「基础分析」页直接查看数据概览，重点看近30天带货销售额、直播场次及视频发布量。系统会自动标注核心数据同环比状态，附行业对标参考，帮你快速判断达人近期活跃度与稳定性，避免只看粉丝量的误区。  Q2: 如何判断达人的品类优势与人设匹配度？ A2: 在达,抖音视频,创作者视频,字节跳动/头条系,True,True,7668202529549172479,视频,教程/操作指南,直播运营,True,10,10,9,
https://www.douyin.com/video/7669038644128271631,https://www.douyin.com/video/7669038644128271631,douyin.com,自媒体工具合集，做自媒体必备。刚入门做内容的新人，喜欢大量胡乱下载各类软件，选对适配的新手自媒体工具，能大幅降低创作门槛。完整整合的自媒体工具套装覆盖选题、剪辑、封面、文案、数据复盘全环节，不用反复切换软件浪费时间。各类实用自媒体运营工具各司其职，剪辑自带模板快速成片，作图工具一键生成吸睛封面，数据工具复盘作品流量短板。工具只是辅助，省下繁琐操作的时间深耕内容，稳定输出垂直原创作品，账号数据才能稳,抖音视频,创作者视频,字节跳动/头条系,True,True,7669038644128271631,视频,教程/操作指南,数据工具/分析,True,10,10,8,
https://finereport.com/blog/article/69b36ae468fee269e97e83e3,https://finereport.com/blog/article/69b36ae468fee269e97e83e3,finereport.com,抖音数据分析怎么做才全面?流量转化全路径解析 - FineReport报表知识库,企业官网/工具平台,企业或垂直站点,外部企业,False,False,,图文/网页,教程/操作指南,数据工具/分析,True,10,10,7,
https://hwds868.com/article/douyin-compass-5-reports-deep-read.html,https://hwds868.com/article/douyin-compass-5-reports-deep-read.html,hwds868.com,抖音罗盘 5 张必看报表深度解读|数据驱动直播与投流 | 电商干货社区,其他外部来源,身份权威性未知,所有者未核实,False,False,,图文/网页,说明/其他,直播运营,False,10,10,6,
https://iqinghu.com/qa/detail/53601,https://iqinghu.com/qa/detail/53601,iqinghu.com,抖音选品的平台怎么样 | 青虎,其他外部来源,身份权威性未知,所有者未核实,False,False,,图文/网页,教程/操作指南,店铺/商品/商城,True,10,10,10,
https://school.jinritemai.com/doudian/web/article/aHiLfa4fR62G,https://school.jinritemai.com/doudian/web/article/aHiLfa4fR62G,jinritemai.com,抖音电商数据就用「罗盘」，罗盘·经营「竞争分析」免费开放啦!,字节/头条系其他,平台或产品来源,字节跳动/头条系,True,False,,图文/网页,说明/其他,数据工具/分析,False,10,10,9,
https://edit.newrank.cn/detail.html?uuid=2B98A8B466D9F87B28D06418C64AFF7B,https://edit.newrank.cn/detail.html?uuid=2B98A8B466D9F87B28D06418C64AFF7B,newrank.cn,多平台社媒竞品分析工具有哪些?附工具核心功能拆解,企业官网/工具平台,企业或垂直站点,外部企业,False,False,,图文/网页,推荐/对比/清单,数据工具/分析,False,10,10,4,
https://m.sohu.com/a/1030950260_122634602,https://m.sohu.com/a/1030950260_122634602,sohu.com,抖音电商数据报告实操指南(6步+工具)_分析_销售_商品,新闻/门户/自媒体,媒体或自媒体平台,搜狐,False,False,,图文/网页,教程/操作指南,店铺/商品/商城,True,10,10,7,蝉妈妈
https://m.sohu.com/a/997726860_122634602,https://m.sohu.com/a/997726860_122634602,sohu.com,靠谱的抖音数据分析服务商实力梳理与选型参考_行业_决策风险_支持,新闻/门户/自媒体,媒体或自媒体平台,搜狐,False,False,,图文/网页,推荐/对比/清单,数据工具/分析,False,10,10,7,蝉妈妈
https://cnblogs.com/douzhanggui/p/21549253,https://cnblogs.com/douzhanggui/p/21549253,cnblogs.com,2026抖音小店副业怎么做?+第三方工具搭配教程 - 抖掌柜 - 企业博客,社区/博客/问答,UGC/专业社区,外部平台,False,False,,图文/网页,教程/操作指南,数据工具/分析,True,9,9,3,
https://blog.csdn.net/Vivian_wl/article/details/156388520,https://blog.csdn.net/Vivian_wl/article/details/156388520,csdn.net,直播数据复盘难?多平台数据统一汇总+多维度分析，效率提升80%_多直播间数据-CSDN博客,社区/博客/问答,UGC/专业社区,外部平台,False,False,,图文/网页,推荐/对比/清单,直播运营,False,9,9,3,
https://www.douyin.com/video/7536072480138988843,https://www.douyin.com/video/7536072480138988843,douyin.com,新媒体运营多平台数据分析工具推荐与实战指南,抖音视频,创作者视频,字节跳动/头条系,True,True,7536072480138988843,视频,教程/操作指南,数据工具/分析,True,9,9,6,
https://www.douyin.com/video/7560525249746455808,https://www.douyin.com/video/7560525249746455808,douyin.com,蝉妈妈和飞瓜谁比较好？蝉妈妈对比飞瓜， 蝉妈妈跟飞瓜的区别？飞瓜数据和蝉妈妈哪个更精准？蝉妈妈和飞瓜的优缺点，飞瓜数据和蝉妈妈有啥区别？飞瓜数据和蝉妈妈数据不一样，#蝉妈妈和飞瓜谁比较好？#飞瓜数据和,抖音视频,创作者视频,字节跳动/头条系,True,True,7560525249746455808,视频,推荐/对比/清单,数据工具/分析,False,9,9,9,
https://www.douyin.com/video/7587789209697340729,https://www.douyin.com/video/7587789209697340729,douyin.com,五维四率系统助力直播复盘精准优化,抖音视频,创作者视频,字节跳动/头条系,True,True,7587789209697340729,视频,案例/复盘,直播运营,False,9,9,6,
https://www.douyin.com/video/7647481222830854308,https://www.douyin.com/video/7647481222830854308,douyin.com,抖音主播带货数据在哪看？#抖音主播 #抖音主播带货 #抖音主播带货数据在哪里看 #主播带货,抖音视频,创作者视频,字节跳动/头条系,True,True,7647481222830854308,视频,说明/其他,达人/带货,False,9,9,5,
https://www.douyin.com/video/7650401985732784262,https://www.douyin.com/video/7650401985732784262,douyin.com,直播运营怎么实时监控竞品GMV？#监控竞品GMV #实时监控竞品 #竞品分析,抖音视频,创作者视频,字节跳动/头条系,True,True,7650401985732784262,视频,教程/操作指南,直播运营,True,9,9,5,
https://www.douyin.com/video/7654146833845144683,https://www.douyin.com/video/7654146833845144683,douyin.com,如何用蝉妈妈分析千川投放趋势与竞品动态？#蝉妈妈分析数据 #千川投放趋势 #竞品动态 #蝉妈妈,抖音视频,创作者视频,字节跳动/头条系,True,True,7654146833845144683,视频,教程/操作指南,广告投放,True,9,9,5,
https://www.douyin.com/video/7654944066412717233,https://www.douyin.com/video/7654944066412717233,douyin.com,官方工具搞定爆款 #抖音运营 #抖音官方工具 #新手做抖音 #短视频干货 #2026抖音最新玩法,抖音视频,创作者视频,字节跳动/头条系,True,True,7654944066412717233,视频,推荐/对比/清单,短视频内容,False,9,9,8,
https://www.douyin.com/video/7658132061988292166,https://www.douyin.com/video/7658132061988292166,douyin.com,品牌运营怎么查抖音数据？#抖音数据 #抖音视频数据 #抖音直播数据 #蝉妈妈,抖音视频,创作者视频,字节跳动/头条系,True,True,7658132061988292166,视频,教程/操作指南,直播运营,True,9,9,5,
https://www.douyin.com/video/7662960417123372388,https://www.douyin.com/video/7662960417123372388,douyin.com,抖音带货数据在哪看？查数据就选蝉妈妈 Q1：去哪查主播带货数据？ A1：可通过三类渠道查询，抖音电商罗盘可查看官方基础销售额与流量数据；蝉妈妈等第三方工具数据维度更全面；抖音官方及第三方平台也会发布达,抖音视频,创作者视频,字节跳动/头条系,True,True,7662960417123372388,视频,推荐/对比/清单,达人/带货,False,9,9,8,
https://www.douyin.com/video/7663422997743583720,https://www.douyin.com/video/7663422997743583720,douyin.com,查抖音数据的平台都有哪些呢？哪个平台好用，哪个平台性价比高呢 查抖音数据的平台都有哪些呢？哪个平台好用，哪个平台性价比高呢？蝉妈妈会员。考古加会员，灰豚数据会员，抖查查会员，达多多会员，飞瓜数据会员#抖音数据分析#查抖音数据的软件#蝉妈妈会员#考古加会员#飞瓜数据会员,抖音视频,创作者视频,字节跳动/头条系,True,True,7663422997743583720,视频,推荐/对比/清单,数据工具/分析,False,9,9,8,
https://fanruan.com/finepedia/article/690883e7f7a2e71297c43852,https://fanruan.com/finepedia/article/690883e7f7a2e71297c43852,fanruan.com,抖音数据分析工具在哪里看?新手如何快速上手数据洞察平台-帆软企业数字化知识百科,企业官网/工具平台,企业或垂直站点,外部企业,False,False,,图文/网页,教程/操作指南,数据工具/分析,True,9,9,8,
https://dy.feigua.cn/help/detail/9/866.html,https://dy.feigua.cn/help/detail/9/866.html,feigua.cn,【竞品分析】如何使用 品牌/小店 相关功能?-帮助中心-抖音电商与直播大数据分析平台-feigua.cn,企业官网/工具平台,企业或垂直站点,外部企业,False,False,,图文/网页,教程/操作指南,直播运营,True,9,9,6,
https://dy.feigua.cn/home/Product,https://dy.feigua.cn/home/Product,feigua.cn,飞瓜数据-抖音电商与直播大数据分析平台-feigua.cn,企业官网/工具平台,企业或垂直站点,外部企业,False,False,,图文/网页,推荐/对比/清单,直播运营,False,9,9,8,
https://ji-gua.com/?chl=feigua,https://ji-gua.com/?chl=feigua,ji-gua.com,集瓜 - 全域社媒数据智能平台,其他外部来源,身份权威性未知,所有者未核实,False,False,,图文/网页,推荐/对比/清单,数据工具/分析,False,9,9,6,
https://jzl.com/news/douyin-data-26,https://jzl.com/news/douyin-data-26,jzl.com,抖音竞品数据查看与分析实操指南:找到对标账号的流量密码,企业官网/工具平台,企业或垂直站点,外部企业,False,False,,图文/网页,教程/操作指南,数据工具/分析,True,9,9,4,
https://jzl.com/news/dspdata-2,https://jzl.com/news/dspdata-2,jzl.com,短视频账号数据看板全对比:手动整理、官方后台、第三方工具,企业官网/工具平台,企业或垂直站点,外部企业,False,False,,图文/网页,推荐/对比/清单,短视频内容,False,9,9,7,
https://matrix.newrank.cn/article/article-detail/c6197110aa5a4af7,https://matrix.newrank.cn/article/article-detail/c6197110aa5a4af7,newrank.cn,抖音数据看不全、不会用?多账号数据散、短视频+直播数据分开查?1个工具解决_矩阵通,企业官网/工具平台,企业或垂直站点,外部企业,False,False,,图文/网页,推荐/对比/清单,直播运营,False,9,9,7,
https://m.oppozhijia.com/wz/947675.html,https://m.oppozhijia.com/wz/947675.html,oppozhijia.com,巨量算数粉丝画像怎么看_抖音账号粉丝人群属性深度分析-oppo之家,其他外部来源,身份权威性未知,所有者未核实,False,False,,图文/网页,教程/操作指南,数据工具/分析,True,9,9,7,
https://php.cn/faq/1960679.html,https://php.cn/faq/1960679.html,php.cn,抖音播放量突然下降怎么办_通过巨量算数分析账号限流原因-手机软件-PHP中文网,社区/博客/问答,UGC/专业社区,外部平台,False,False,,图文/网页,教程/操作指南,数据工具/分析,True,9,9,4,
https://php.cn/faq/2351385.html,https://php.cn/faq/2351385.html,php.cn,如何监控抖音流量变化?5大实时追踪方法-自媒体-PHP中文网,社区/博客/问答,UGC/专业社区,外部平台,False,False,,图文/网页,教程/操作指南,综合运营/其他,True,9,9,5,
https://shangjiazhushou.com/article/23972839-1649,https://shangjiazhushou.com/article/23972839-1649,shangjiazhushou.com,抖店「电商罗盘」后台怎么做经营诊断?核心指标口径、商品/直播对比分析、流量异常预警与数据报表下载实操教程,其他外部来源,身份权威性未知,所有者未核实,False,False,,图文/网页,教程/操作指南,直播运营,True,9,9,6,
https://m.sohu.com/a/1036877721_122634602,https://m.sohu.com/a/1036877721_122634602,sohu.com,电商运营如何用蝉龙虾RPA自动监控竞品动态与生成报表?_数据_ChanClaw_商品,新闻/门户/自媒体,媒体或自媒体平台,搜狐,False,False,,图文/网页,教程/操作指南,店铺/商品/商城,True,9,9,4,蝉妈妈
https://m.sohu.com/a/1040976966_122634602,https://m.sohu.com/a/1040976966_122634602,sohu.com,蝉妈妈会员权益FAQ:哪些功能付费，哪些属于增值服务?_运营_ChanClaw_数据,新闻/门户/自媒体,媒体或自媒体平台,搜狐,False,False,,图文/网页,说明/其他,数据工具/分析,False,9,9,9,蝉妈妈
https://m.sohu.com/a/1057047609_122634602,https://m.sohu.com/a/1057047609_122634602,sohu.com,蝉妈妈挖掘细分赛道机会点:选品运营3步锁定蓝海爆品_商品_数据_销量,新闻/门户/自媒体,媒体或自媒体平台,搜狐,False,False,,图文/网页,说明/其他,店铺/商品/商城,False,9,9,3,蝉妈妈
https://m.sohu.com/a/985505402_122634602,https://m.sohu.com/a/985505402_122634602,sohu.com,抖音直播数据查询平台推荐_抖音直播数据分析推荐蝉妈妈_运营_核心_选品,新闻/门户/自媒体,媒体或自媒体平台,搜狐,False,False,,图文/网页,推荐/对比/清单,直播运营,False,9,9,5,蝉妈妈
https://webcdn.xiguaji.com/pince/web/20260605/product-intro.pdf,https://webcdn.xiguaji.com/pince/web/20260605/product-intro.pdf,xiguaji.com,飞瓜品策 抖音营销舆情分析平台,其他外部来源,身份权威性未知,所有者未核实,False,False,,PDF/图文报告,推荐/对比/清单,数据工具/分析,False,9,9,7,
https://znbo.com/post/2496.html,https://znbo.com/post/2496.html,znbo.com,抖音/快手数据解析的第三方工具测评，哪款更适合你的需求? - 网站运营 - 广州网站建设_广州网站设计_广州网站制作,其他外部来源,身份权威性未知,所有者未核实,False,False,,图文/网页,推荐/对比/清单,数据工具/分析,False,9,9,9,
https://ai-indeed.com/encyclopedia/20411.html,https://ai-indeed.com/encyclopedia/20411.html,ai-indeed.com,抖音商家后台数据自动化采集全攻略:从日报到数仓 - 实在智能,其他外部来源,身份权威性未知,所有者未核实,False,False,,图文/网页,教程/操作指南,数据工具/分析,True,8,8,7,
https://xinshi.aiproducthub.cn/,https://xinshi.aiproducthub.cn/,aiproducthub.cn,新视数据 - 视频号数据分析平台|直播监测账号排行爆款分析商品数据工具网页版入口,其他外部来源,身份权威性未知,所有者未核实,False,False,,图文/网页,推荐/对比/清单,直播运营,False,8,8,6,
https://apps.apple.com/jp/app/蝉妈妈-短视频电商ai数据分析/id1508944184,https://apps.apple.com/jp/app/%E8%9D%89%E5%A6%88%E5%A6%88-%E7%9F%AD%E8%A7%86%E9%A2%91%E7%94%B5%E5%95%86ai%E6%95%B0%E6%8D%AE%E5%88%86%E6%9E%90/id1508944184,apple.com,蝉妈妈-短视频电商AI数据分析,其他外部来源,身份权威性未知,所有者未核实,False,False,,图文/网页,说明/其他,短视频内容,False,8,8,6,
https://beacon.cn/sites/livedata-douyin-com.html,https://beacon.cn/sites/livedata-douyin-com.html,beacon.cn,抖音灵机·直播数据平台官网 - 抖音灵机·直播数据平台是抖音官方直播数据分析工具，为创作者、商家和机构提供实时数据看板、转化漏斗和投放评估，支持场次复盘和对标分析，帮助优化带货直播节奏与投流策略。 - 灯塔导航|跨境电商工具与平台入口一站直达,其他外部来源,身份权威性未知,所有者未核实,False,False,,图文/网页,推荐/对比/清单,直播运营,False,8,8,6,
https://ask.csdn.net/questions/9385647,https://ask.csdn.net/questions/9385647,csdn.net,飞瓜和千瓜在数据源、监测维度及电商对接能力上有何核心区别?_编程语言-CSDN问答,社区/博客/问答,UGC/专业社区,外部平台,False,False,,图文/网页,说明/其他,数据工具/分析,False,8,8,7,
https://www.douyin.com/video/7592825681727602255,https://www.douyin.com/video/7592825681727602255,douyin.com,蝉妈妈数据会员助力抖音达人选品与直播分析,抖音视频,创作者视频,字节跳动/头条系,True,True,7592825681727602255,视频,说明/其他,直播运营,False,8,8,8,
https://www.douyin.com/video/7655548380370590931,https://www.douyin.com/video/7655548380370590931,douyin.com,钏山甲科技公司 大狼_抖音,抖音视频,创作者视频,字节跳动/头条系,True,True,7655548380370590931,视频,说明/其他,综合运营/其他,False,8,8,6,
https://www.douyin.com/video/7657082732434218367,https://www.douyin.com/video/7657082732434218367,douyin.com,运营怎么查抖音对标数据？#对标数据 #对标数据怎么查 #蝉妈妈查数据,抖音视频,创作者视频,字节跳动/头条系,True,True,7657082732434218367,视频,教程/操作指南,数据工具/分析,True,8,8,6,
https://fanruan.com/blog/article/1481662,https://fanruan.com/blog/article/1481662,fanruan.com,抖音的数据分析播放量不一样怎么回事呢 | 帆软数字化转型知识库,企业官网/工具平台,企业或垂直站点,外部企业,False,False,,图文/网页,教程/操作指南,数据工具/分析,True,8,8,5,
https://anycross.feishu.cn/documentation/template/6921313497922535537/cronjob-sync-douyinec-order-data-to-base,https://anycross.feishu.cn/documentation/template/6921313497922535537/cronjob-sync-douyinec-order-data-to-base,feishu.cn,每天定时将抖音电商中的订单数据同步到多维表格 - 文档中心 - 飞书集成平台,字节/头条系其他,平台或产品来源,字节跳动/头条系,True,False,,图文/网页,推荐/对比/清单,数据工具/分析,False,8,8,4,
https://iqinghu.com/qa/detail/52870,https://iqinghu.com/qa/detail/52870,iqinghu.com,抖音怎么用大数据选品类 | 青虎,其他外部来源,身份权威性未知,所有者未核实,False,False,,图文/网页,教程/操作指南,店铺/商品/商城,True,8,8,8,
https://qianchuan.jinritemai.com/docs/help/12781/235711,https://qianchuan.jinritemai.com/docs/help/12781/235711,jinritemai.com,官网介绍 - 巨量千川官网介绍 - 巨量千川帮助中心,字节/头条系其他,平台或产品来源,字节跳动/头条系,True,False,,图文/网页,说明/其他,广告投放,False,8,8,8,
https://school.jinritemai.com/doudian/wap/course-series/cHXYPm4k5tCn/cHXYPm4k5tCnlHkBiJdKZDd2?from_school=1&should_full_screen=1&should_hide_bottom_nav=1,https://school.jinritemai.com/doudian/wap/course-series/cHXYPm4k5tCn/cHXYPm4k5tCnlHkBiJdKZDd2?from_school=1&should_full_screen=1&should_hide_bottom_nav=1,jinritemai.com,抖音电商官方数据产品「罗盘·策略」引领生意增长,字节/头条系其他,平台或产品来源,字节跳动/头条系,True,False,,图文/网页,案例/复盘,数据工具/分析,False,8,8,7,
https://school.jinritemai.com/doudian/web/article/106202,https://school.jinritemai.com/doudian/web/article/106202,jinritemai.com,抖音电商罗盘常见问题解答(商家版),字节/头条系其他,平台或产品来源,字节跳动/头条系,True,False,,图文/网页,说明/其他,综合运营/其他,False,8,8,5,
https://school.jinritemai.com/doudian/web/article/113456,https://school.jinritemai.com/doudian/web/article/113456,jinritemai.com,抖音电商罗盘常见问题解答(达人& 机构版),字节/头条系其他,平台或产品来源,字节跳动/头条系,True,False,,图文/网页,说明/其他,达人/带货,False,8,8,3,
https://school.jinritemai.com/doudian/web/course-series/cHXYPm4k5tCn/cHXYPm4k5tCnlHZdqBe2av8k?from_school=1&should_full_screen=1&should_hide_bottom_nav=1,https://school.jinritemai.com/doudian/web/course-series/cHXYPm4k5tCn/cHXYPm4k5tCnlHZdqBe2av8k?from_school=1&should_full_screen=1&should_hide_bottom_nav=1,jinritemai.com,抖音电商官方数据产品「罗盘·策略」引领生意增长,字节/头条系其他,平台或产品来源,字节跳动/头条系,True,False,,图文/网页,案例/复盘,数据工具/分析,False,8,8,5,
https://school.jinritemai.com/doudian/web/knowledge/kHw2GTe1owrE,https://school.jinritemai.com/doudian/web/knowledge/kHw2GTe1owrE,jinritemai.com,为什么在抖店罗盘无法查看其他店铺数据的商品信息和关联直播间信息?-抖音电商学习中心,字节/头条系其他,平台或产品来源,字节跳动/头条系,True,False,,图文/网页,说明/其他,直播运营,False,8,8,4,
https://jzl.com/news/830,https://jzl.com/news/830,jzl.com,抖音流量数据突然降下来了什么原因?四大核心因素深度拆解 - 极致了数据,企业官网/工具平台,企业或垂直站点,外部企业,False,False,,图文/网页,说明/其他,数据工具/分析,False,8,8,4,
https://meipian.cn/5n3b0kne,https://meipian.cn/5n3b0kne,meipian.cn,抖音自查账违规，限流流程表,其他外部来源,身份权威性未知,所有者未核实,False,False,,图文/网页,说明/其他,综合运营/其他,False,8,8,3,
https://m.sohu.com/a/998909878_122013152,https://m.sohu.com/a/998909878_122013152,sohu.com,抖音看直播数据的软件叫什么?实时监控大屏数据全掌握_成交金额_账号_官方,新闻/门户/自媒体,媒体或自媒体平台,搜狐,False,False,,图文/网页,说明/其他,直播运营,False,8,8,5,
https://tt123.com/feature/Z7mMhye3,https://tt123.com/feature/Z7mMhye3,tt123.com,数据罗盘常见问题及解答_TikTok Shop功能指南-TT123卖家导航,其他外部来源,身份权威性未知,所有者未核实,False,False,,图文/网页,教程/操作指南,数据工具/分析,True,8,8,6,
https://xueyuan.yixiaoer.cn/article/43764,https://xueyuan.yixiaoer.cn/article/43764,yixiaoer.cn,抖音数据分析别人能看到吗?安全吗?-蚁小二,其他外部来源,身份权威性未知,所有者未核实,False,False,,图文/网页,说明/其他,数据工具/分析,False,8,8,5,
https://bgrdh.com/sites/43751.html,https://bgrdh.com/sites/43751.html,bgrdh.com,抖查查官网入口-办公人导航,其他外部来源,身份权威性未知,所有者未核实,False,False,,图文/网页,说明/其他,综合运营/其他,False,7,7,6,
https://ai.chanmama.com/product/dyAnalysis,https://ai.chanmama.com/product/dyAnalysis,chanmama.com,电商AI数据分析平台_抖音数据分析问答软件-蝉妈妈AI,企业官网/工具平台,企业或垂直站点,外部企业,False,False,,图文/网页,推荐/对比/清单,数据工具/分析,False,7,7,7,
https://cnblogs.com/doudaxia/p/22043701,https://cnblogs.com/doudaxia/p/22043701,cnblogs.com,抖店数据化运营体系搭建:技术复盘、指标监控与整体提效完整实操指南 - 抖大侠 - 企业博客,社区/博客/问答,UGC/专业社区,外部平台,False,False,,图文/网页,教程/操作指南,店铺/商品/商城,True,7,7,5,
https://blog.csdn.net/Chaojidianzhang/article/details/161319411,https://blog.csdn.net/Chaojidianzhang/article/details/161319411,csdn.net,抖店如何进行店铺诊断-CSDN博客,社区/博客/问答,UGC/专业社区,外部平台,False,False,,图文/网页,教程/操作指南,店铺/商品/商城,True,7,7,5,
https://blog.csdn.net/weixin_39850599/article/details/110361264,https://blog.csdn.net/weixin_39850599/article/details/110361264,csdn.net,爬虫 抖音 好物榜猜你喜欢_抖音短视频运营14:抖音运营7个数据分析工具-CSDN博客,社区/博客/问答,UGC/专业社区,外部平台,False,False,,图文/网页,推荐/对比/清单,短视频内容,False,7,7,7,
https://douyin.com/search/抖音怎样知道自己被限流了,https://douyin.com/search/%E6%8A%96%E9%9F%B3%E6%80%8E%E6%A0%B7%E7%9F%A5%E9%81%93%E8%87%AA%E5%B7%B1%E8%A2%AB%E9%99%90%E6%B5%81%E4%BA%86,douyin.com,抖音怎样知道自己被限流了 - 抖音,抖音其他页面,平台官方页面,字节跳动/头条系,True,False,,图文/网页,说明/其他,综合运营/其他,False,7,7,2,
https://douyin.com/search/蝉妈妈直播数据准吗,https://douyin.com/search/%E8%9D%89%E5%A6%88%E5%A6%88%E7%9B%B4%E6%92%AD%E6%95%B0%E6%8D%AE%E5%87%86%E5%90%97,douyin.com,蝉妈妈直播数据准吗 - 抖音,抖音其他页面,平台官方页面,字节跳动/头条系,True,False,,图文/网页,说明/其他,直播运营,False,7,7,7,
https://www.douyin.com/video/7511927001486216500,https://www.douyin.com/video/7511927001486216500,douyin.com,第三方查抖音数据的平台有哪些？哪个平台更好？ 飞瓜数据和蝉妈妈数据哪个好用，蝉妈妈和考古加哪个好用，新榜数据和蝉妈妈数据哪个好用，蝉妈妈数据和飞瓜数据哪个好 #第三方数据平台 #第三方数据 #飞瓜数据,抖音视频,创作者视频,字节跳动/头条系,True,True,7511927001486216500,视频,推荐/对比/清单,数据工具/分析,False,7,7,6,
https://www.douyin.com/video/7578508120060066235,https://www.douyin.com/video/7578508120060066235,douyin.com,为什么抖音作品数量显示和实际的不一样?#职场#互联网#互联网行业#希望对大家有帮助 抖音显示作品数与实际数量不一致通常由系统延迟、作品状态变更或平台规则导致。以下是常见原因及应对方式: 1.作品状态影响显示 审核中的作品:新上传或内容敏感(如游戏录屏、衣着较少)的视频需平台审核，期间不计入公开作品数。 私密或删除的作品:若将作品设为私密或主动删除，作品数会减少，但部分数据(如点赞数)可能仍保 -,抖音视频,创作者视频,字节跳动/头条系,True,True,7578508120060066235,视频,推荐/对比/清单,短视频内容,False,7,7,4,
https://www.douyin.com/video/7596305795911546033,https://www.douyin.com/video/7596305795911546033,douyin.com,短视频运营核心数据分析平台与关键指标解析,抖音视频,创作者视频,字节跳动/头条系,True,True,7596305795911546033,视频,推荐/对比/清单,短视频内容,False,7,7,5,
https://www.douyin.com/video/7610051947814569418,https://www.douyin.com/video/7610051947814569418,douyin.com,自媒体新手怎么查看同行数据，实现弯道超车#自媒体干货 #短视频运营 #带货 #热点 #上热门,抖音视频,创作者视频,字节跳动/头条系,True,True,7610051947814569418,视频,教程/操作指南,达人/带货,True,7,7,6,
https://www.douyin.com/video/7629608261230087424,https://www.douyin.com/video/7629608261230087424,douyin.com,视频号官方的免费数据工具，你知道吗？ #视频号 #视频号数据查询工具 #视频号工具 #视频号运营技巧 #视频号运营,抖音视频,创作者视频,字节跳动/头条系,True,True,7629608261230087424,视频,推荐/对比/清单,短视频内容,False,7,7,5,
https://www.douyin.com/video/7629744884346557135,https://www.douyin.com/video/7629744884346557135,douyin.com,看抖音数据的平台有哪些？ 看抖音数据的平台有哪些？有蝉妈妈，飞瓜，考古加，灰豚，抖查查，新抖。#抖音数据#数据分析#蝉妈妈分析#考古加分析#灰豚,抖音视频,创作者视频,字节跳动/头条系,True,True,7629744884346557135,视频,推荐/对比/清单,数据工具/分析,False,7,7,6,
https://www.douyin.com/video/7630652762790923574,https://www.douyin.com/video/7630652762790923574,douyin.com,视频号数据分析工具有哪些？ #视频号工具 #视频号数据 #视频号分析 #视频号运营 #视频号,抖音视频,创作者视频,字节跳动/头条系,True,True,7630652762790923574,视频,推荐/对比/清单,短视频内容,False,7,7,5,
https://www.douyin.com/video/7647976252598632628,https://www.douyin.com/video/7647976252598632628,douyin.com,26年最新电商教程来啦，抖店后台详解，新手小白快速入门电商，第一步先搞懂后台功能和按钮#电商运营经验分享 #电商课程 #电商干货 #电商实用技巧分享 #电商运营,抖音视频,创作者视频,字节跳动/头条系,True,True,7647976252598632628,视频,教程/操作指南,店铺/商品/商城,True,7,7,5,
https://www.douyin.com/video/7652194889098222719,https://www.douyin.com/video/7652194889098222719,douyin.com,怎么查竞品上新节奏跟动销？#竞品上新节奏 #竞品分析 #竞品动销 #蝉妈妈查数据,抖音视频,创作者视频,字节跳动/头条系,True,True,7652194889098222719,视频,教程/操作指南,数据工具/分析,True,7,7,3,
https://www.douyin.com/video/7656644995802596324,https://www.douyin.com/video/7656644995802596324,douyin.com,如何精准查询抖音类目大盘趋势与爆款数据？#类目大盘趋势 #类目大盘爆款数据 #蝉妈妈,抖音视频,创作者视频,字节跳动/头条系,True,True,7656644995802596324,视频,教程/操作指南,数据工具/分析,True,7,7,5,
https://www.douyin.com/video/7657475133292646501,https://www.douyin.com/video/7657475133292646501,douyin.com,抖音运营怎么查蝉妈妈选品数据？#选品数据 #蝉妈妈查选品数据 #蝉妈妈,抖音视频,创作者视频,字节跳动/头条系,True,True,7657475133292646501,视频,教程/操作指南,店铺/商品/商城,True,7,7,5,
https://www.douyin.com/video/7664433143332881003,https://www.douyin.com/video/7664433143332881003,douyin.com,如何高效获取抖音竞品商品数据？ Q:如何获取抖音竞品商品数据？ A1:查看抖音小店页面 进入对手抖音号主页的“商品橱窗”，直接浏览公开陈列的所有商品和价格信息。  Q:如何获取抖音竞品商品数据？ A2,抖音视频,创作者视频,字节跳动/头条系,True,True,7664433143332881003,视频,教程/操作指南,店铺/商品/商城,True,7,7,6,
https://www.douyin.com/video/7667103088427269353,https://www.douyin.com/video/7667103088427269353,douyin.com,竞品小店新品怎么查？蝉妈妈3步监控上架 Q1: 竞品小店新品监控看哪里？ A1: 核心是追踪上架节奏。进入蝉妈妈「小店-小店库」，搜索竞品店名，点击「商品分析」查看动销商品列表。按上架时间排序，重点关注近7天新增且产生销品的SKU。结合「基础分析-小店经营Top」中的品类销售TOP5，判断其主推方向。持续跟踪上新频率，能辅助预判其运营策略重心。  Q2: 如何判断新品是否跑通？ A2: 别只看销量,抖音视频,创作者视频,字节跳动/头条系,True,True,7667103088427269353,视频,教程/操作指南,店铺/商品/商城,True,7,7,5,
https://fanruan.com/finepedia/article/68ca7798f7a2e7129724ff5a,https://fanruan.com/finepedia/article/68ca7798f7a2e7129724ff5a,fanruan.com,抖音数据分析入口在哪?企业如何高效获取核心数据?-帆软企业数字化知识百科,企业官网/工具平台,企业或垂直站点,外部企业,False,False,,图文/网页,教程/操作指南,数据工具/分析,True,7,7,6,
https://fanruan.com/finepedia/article/68ca874ff7a2e71297280bea,https://fanruan.com/finepedia/article/68ca874ff7a2e71297280bea,fanruan.com,抖音数据分析表格能替代Excel吗?自动化报表工具优势深度测评-帆软企业数字化知识百科,企业官网/工具平台,企业或垂直站点,外部企业,False,False,,图文/网页,推荐/对比/清单,数据工具/分析,False,7,7,4,
https://fanruan.com/finepedia/article/69087739f7a2e71297c193b5,https://fanruan.com/finepedia/article/69087739f7a2e71297c193b5,fanruan.com,抖音内容流量为何波动?视频数据分析助力精准运营-帆软企业数字化知识百科,企业官网/工具平台,企业或垂直站点,外部企业,False,False,,图文/网页,说明/其他,短视频内容,False,7,7,5,
https://fanruan.com/finepedia/article/690880dbf7a2e71297c3a8cd,https://fanruan.com/finepedia/article/690880dbf7a2e71297c3a8cd,fanruan.com,抖音平台数据分析如何高效开展?企业用户必读的全流程指南-帆软企业数字化知识百科,企业官网/工具平台,企业或垂直站点,外部企业,False,False,,图文/网页,教程/操作指南,数据工具/分析,True,7,7,6,
https://fanruan.com/finepedia/article/6908849df7a2e71297c457cd,https://fanruan.com/finepedia/article/6908849df7a2e71297c457cd,fanruan.com,免费抖音数据分析工具有哪些?小白入门必备功能全解析-帆软企业数字化知识百科,企业官网/工具平台,企业或垂直站点,外部企业,False,False,,图文/网页,教程/操作指南,数据工具/分析,True,7,7,7,
https://fanruan.com/finepedia/article/690884e8f7a2e71297c465a4,https://fanruan.com/finepedia/article/690884e8f7a2e71297c465a4,fanruan.com,达人带货效果如何衡量?抖音数据分析工具全面解析-帆软企业数字化知识百科,企业官网/工具平台,企业或垂直站点,外部企业,False,False,,图文/网页,教程/操作指南,达人/带货,True,7,7,7,
https://fanruan.com/finepedia/article/693a95eb1d2aea3df6d71985,https://fanruan.com/finepedia/article/693a95eb1d2aea3df6d71985,fanruan.com,抖音分析需要哪些权限?企业数据安全合规有保障-帆软企业数字化知识百科,企业官网/工具平台,企业或垂直站点,外部企业,False,False,,图文/网页,说明/其他,数据工具/分析,False,7,7,7,
https://iqinghu.com/qa/detail/52876,https://iqinghu.com/qa/detail/52876,iqinghu.com,抖音怎么看选品销量数据 | 青虎,其他外部来源,身份权威性未知,所有者未核实,False,False,,图文/网页,教程/操作指南,店铺/商品/商城,True,7,7,5,
https://fuwu.jinritemai.com/,https://fuwu.jinritemai.com/,jinritemai.com,抖店服务市场,字节/头条系其他,平台或产品来源,字节跳动/头条系,True,False,,图文/网页,说明/其他,店铺/商品/商城,False,7,7,7,
https://school.jinritemai.com/doudian/wap/course-series/cHUrTfRse7fr/cHUrTfRse7frlHV3KkY5fJia?from_school=1&should_full_screen=1&should_hide_bottom_nav=1,https://school.jinritemai.com/doudian/wap/course-series/cHUrTfRse7fr/cHUrTfRse7frlHV3KkY5fJia?from_school=1&should_full_screen=1&should_hide_bottom_nav=1,jinritemai.com,抖音电商货架场景经营入门宝典,字节/头条系其他,平台或产品来源,字节跳动/头条系,True,False,,图文/网页,教程/操作指南,综合运营/其他,True,7,7,2,
https://school.jinritemai.com/doudian/wap/course-series/cHXYPm4k5tCn/cHXYPm4k5tCnlHadidnoUmhf?from_school=1&should_full_screen=1&should_hide_bottom_nav=1,https://school.jinritemai.com/doudian/wap/course-series/cHXYPm4k5tCn/cHXYPm4k5tCnlHadidnoUmhf?from_school=1&should_full_screen=1&should_hide_bottom_nav=1,jinritemai.com,抖音电商官方数据产品「罗盘·策略」引领生意增长,字节/头条系其他,平台或产品来源,字节跳动/头条系,True,False,,图文/网页,案例/复盘,数据工具/分析,False,7,7,4,
https://school.jinritemai.com/doudian/wap/course-series/cHXYPm4k5tCn/cHXYPm4k5tCnlHs9EiwS5qWv?from_school=1&should_full_screen=1&should_hide_bottom_nav=1,https://school.jinritemai.com/doudian/wap/course-series/cHXYPm4k5tCn/cHXYPm4k5tCnlHs9EiwS5qWv?from_school=1&should_full_screen=1&should_hide_bottom_nav=1,jinritemai.com,抖音电商官方数据产品「罗盘·策略」引领生意增长,字节/头条系其他,平台或产品来源,字节跳动/头条系,True,False,,图文/网页,案例/复盘,数据工具/分析,False,7,7,3,
https://school.jinritemai.com/doudian/web/article/aHqFkgHJmWcC,https://school.jinritemai.com/doudian/web/article/aHqFkgHJmWcC,jinritemai.com,抖音电商学习中心,字节/头条系其他,平台或产品来源,字节跳动/头条系,True,False,,图文/网页,说明/其他,综合运营/其他,False,7,7,4,
https://school.jinritemai.com/doudian/web/article/aJijoYGzDLJ5?biz_from=new_rules,https://school.jinritemai.com/doudian/web/article/aJijoYGzDLJ5?biz_from=new_rules,jinritemai.com,关于修订《【不当获取/使用信息】细则》的公示通知,字节/头条系其他,平台或产品来源,字节跳动/头条系,True,False,,图文/网页,说明/其他,综合运营/其他,False,7,7,3,
https://school.jinritemai.com/doudian/web/course-series/cHXYPm4k5tCn/cHXYPm4k5tCnlHs7qa3rrx6G?from_school=1&should_full_screen=1&should_hide_bottom_nav=1,https://school.jinritemai.com/doudian/web/course-series/cHXYPm4k5tCn/cHXYPm4k5tCnlHs7qa3rrx6G?from_school=1&should_full_screen=1&should_hide_bottom_nav=1,jinritemai.com,抖音电商官方数据产品「罗盘·策略」引领生意增长,字节/头条系其他,平台或产品来源,字节跳动/头条系,True,False,,图文/网页,案例/复盘,数据工具/分析,False,7,7,6,
https://mydropai.com/post/what-to-check-when-social-media-analytics-data-conflicts,https://mydropai.com/post/what-to-check-when-social-media-analytics-data-conflicts,mydropai.com,What to Check When Your Social Media Analytics Data Conflicts,其他外部来源,身份权威性未知,所有者未核实,False,False,,图文/网页,说明/其他,综合运营/其他,False,7,7,6,
https://php.cn/faq/2084580.html,https://php.cn/faq/2084580.html,php.cn,抖音怎么导出个人数据 抖音数据下载方法【操作】-手机软件-PHP中文网,社区/博客/问答,UGC/专业社区,外部平台,False,False,,图文/网页,教程/操作指南,数据工具/分析,True,7,7,5,
https://qituowang.com/portal/43818.html,https://qituowang.com/portal/43818.html,qituowang.com,飞瓜数据和灰豚数据哪个更适合做数据服务平台?- 企拓网,其他外部来源,身份权威性未知,所有者未核实,False,False,,图文/网页,推荐/对比/清单,数据工具/分析,False,7,7,6,
https://smartscout.com/blog/tiktok-shop-analytics-tools,https://smartscout.com/blog/tiktok-shop-analytics-tools,smartscout.com,9 Best TikTok Shop Analytics Tools For Product Research (2026 Picks),其他外部来源,身份权威性未知,所有者未核实,False,False,,图文/网页,说明/其他,综合运营/其他,False,7,7,7,
https://ads.tiktok.com/help/article/about-discrepancies-in-brand-safety-measurement?lang=zh,https://ads.tiktok.com/help/article/about-discrepancies-in-brand-safety-measurement?lang=zh,tiktok.com,关于品牌安全、适用性、可见性、关注度和 IVT 度量方面的差异,其他外部来源,身份权威性未知,所有者未核实,False,False,,图文/网页,说明/其他,综合运营/其他,False,7,7,5,
https://trenz.ai/resource/kalodata-alternative-tiktok-shop,https://trenz.ai/resource/kalodata-alternative-tiktok-shop,trenz.ai,Kalodata Alternative: 7 Best for TikTok Shop in 2026,其他外部来源,身份权威性未知,所有者未核实,False,False,,图文/网页,说明/其他,综合运营/其他,False,7,7,6,
https://trenz.ai/resource/pipiads-alternative-tiktok-shop-tools,https://trenz.ai/resource/pipiads-alternative-tiktok-shop-tools,trenz.ai,8 Best PiPiADS Alternative Tools for TikTok Shop (2026),其他外部来源,身份权威性未知,所有者未核实,False,False,,图文/网页,说明/其他,综合运营/其他,False,7,7,6,
https://vkssl.com/sites/3808.html,https://vkssl.com/sites/3808.html,vkssl.com,蝉妈妈 - 基于大数据与 AI 技术的直播电商数据分析工具 | 千帆集网址导航资源库,其他外部来源,身份权威性未知,所有者未核实,False,False,,图文/网页,推荐/对比/清单,直播运营,False,7,7,5,
https://woshipm.com/share/5968575.html,https://woshipm.com/share/5968575.html,woshipm.com,多款电商数字决策平台的竞品分析 | 人人都是产品经理,社区/博客/问答,UGC/专业社区,外部平台,False,False,,图文/网页,推荐/对比/清单,数据工具/分析,False,7,7,5,
https://xingtu.cn/help-center/demander/115182,https://xingtu.cn/help-center/demander/115182,xingtu.cn,营销数据报告-星图营销服务平台,其他外部来源,身份权威性未知,所有者未核实,False,False,,图文/网页,推荐/对比/清单,达人/带货,False,7,7,5,
https://zncdw.com/html/4537.html,https://zncdw.com/html/4537.html,zncdw.com,抖音点赞数量和实际数量不符合?揭秘背后真相与应对策略,其他外部来源,身份权威性未知,所有者未核实,False,False,,图文/网页,方法论/策略,综合运营/其他,True,7,7,3,
https://163.com/dy/article/KOFGEJKK0556I154.html,https://163.com/dy/article/KOFGEJKK0556I154.html,163.com,抖音数据分析服务商实力梳理:哪家更适配品牌需求?|运营|技术实力_网易订阅,新闻/门户/自媒体,媒体或自媒体平台,网易,False,False,,图文/网页,说明/其他,数据工具/分析,False,6,6,5,
https://80tg.com/news/42326.html,https://80tg.com/news/42326.html,80tg.com,一文掌握抖音巨量引擎所有产品的精髓! - 多面手企业网络推广一站式服务,其他外部来源,身份权威性未知,所有者未核实,False,False,,图文/网页,说明/其他,综合运营/其他,False,6,6,6,
https://ai-indeed.com/article/15123.html,https://ai-indeed.com/article/15123.html,ai-indeed.com,抖音怎么分析视频数据?AI抖音短视频数据分析工具有哪些? - 实在智能,其他外部来源,身份权威性未知,所有者未核实,False,False,,图文/网页,教程/操作指南,短视频内容,True,6,6,5,
https://ai-tab.cn/sites/3282.html,https://ai-tab.cn/sites/3282.html,ai-tab.cn,蝉妈妈 - AI工具箱网,其他外部来源,身份权威性未知,所有者未核实,False,False,,图文/网页,推荐/对比/清单,数据工具/分析,False,6,6,4,
https://huitun.aiproducthub.cn/,https://huitun.aiproducthub.cn/,aiproducthub.cn,灰豚数据 - 直播短视频带货数据分析平台|抖音快手小红书达人查询爆款商品直播间数据工具网页版,其他外部来源,身份权威性未知,所有者未核实,False,False,,图文/网页,推荐/对比/清单,直播运营,False,6,6,5,
https://m.bilibili.com/opus/805166008734056513?bsource=toutiao_bilibilih5,https://m.bilibili.com/opus/805166008734056513?bsource=toutiao_bilibilih5,bilibili.com,抖音怎么看对标账号的真实视频数据和粉丝画像人群? - 哔哩哔哩,社区/博客/问答,UGC/专业社区,外部平台,False,False,,图文/网页,教程/操作指南,短视频内容,True,6,6,3,
https://biqiusoft.com/seo/89096,https://biqiusoft.com/seo/89096,biqiusoft.com,抖音带货如何看销量 详细指南:掌握自己的与他人的销售数据查看方法 – 比丘营销推广,其他外部来源,身份权威性未知,所有者未核实,False,False,,图文/网页,教程/操作指南,达人/带货,True,6,6,3,
https://coonav.com/sites/35912.html,https://coonav.com/sites/35912.html,coonav.com,蝉管家 | COONAV电商运营导航,其他外部来源,身份权威性未知,所有者未核实,False,False,,图文/网页,说明/其他,综合运营/其他,False,6,6,4,
https://blog.csdn.net/2401_83712180/article/details/159383701,https://blog.csdn.net/2401_83712180/article/details/159383701,csdn.net,我把抖音小红书数据分析师的工作自动化了，效率提升了_xiaohongshu-data-collector-CSDN博客,社区/博客/问答,UGC/专业社区,外部平台,False,False,,图文/网页,说明/其他,数据工具/分析,False,6,6,2,
https://blog.csdn.net/weixin_42376192/article/details/157723757,https://blog.csdn.net/weixin_42376192/article/details/157723757,csdn.net,AI智能体驱动:社交媒体爆款视频抓取+飞书多维表自动化归集实战全解(上)_飞书怎么添加视频号实时数据-CSDN博客,社区/博客/问答,UGC/专业社区,外部平台,False,False,,图文/网页,教程/操作指南,短视频内容,True,6,6,5,
https://douyin.com/search/抖音怎样检测自己的账号是否正常,https://douyin.com/search/%E6%8A%96%E9%9F%B3%E6%80%8E%E6%A0%B7%E6%A3%80%E6%B5%8B%E8%87%AA%E5%B7%B1%E7%9A%84%E8%B4%A6%E5%8F%B7%E6%98%AF%E5%90%A6%E6%AD%A3%E5%B8%B8,douyin.com,抖音怎样检测自己的账号是否正常 - 抖音,抖音其他页面,平台官方页面,字节跳动/头条系,True,False,,图文/网页,说明/其他,综合运营/其他,False,6,6,2,
https://douyin.com/search/抖音查看他人销售数据,https://douyin.com/search/%E6%8A%96%E9%9F%B3%E6%9F%A5%E7%9C%8B%E4%BB%96%E4%BA%BA%E9%94%80%E5%94%AE%E6%95%B0%E6%8D%AE,douyin.com,抖音查看他人销售数据 - 抖音,抖音其他页面,平台官方页面,字节跳动/头条系,True,False,,图文/网页,说明/其他,数据工具/分析,False,6,6,4,
https://douyin.com/search/抖音账号流量突然下降的原因,https://douyin.com/search/%E6%8A%96%E9%9F%B3%E8%B4%A6%E5%8F%B7%E6%B5%81%E9%87%8F%E7%AA%81%E7%84%B6%E4%B8%8B%E9%99%8D%E7%9A%84%E5%8E%9F%E5%9B%A0,douyin.com,抖音账号流量突然下降的原因 - 抖音,抖音其他页面,平台官方页面,字节跳动/头条系,True,False,,图文/网页,说明/其他,综合运营/其他,False,6,6,4,
https://m.douyin.com/zhuanti/7211923527115704378,https://m.douyin.com/zhuanti/7211923527115704378,douyin.com,新版巨量百应在哪里找-抖音,抖音其他页面,平台官方页面,字节跳动/头条系,True,False,,图文/网页,说明/其他,综合运营/其他,False,6,6,6,
https://www.douyin.com/video/7578466926209291876,https://www.douyin.com/video/7578466926209291876,douyin.com,抖音新手查看同行数据的实用工具推荐,抖音视频,创作者视频,字节跳动/头条系,True,True,7578466926209291876,视频,推荐/对比/清单,数据工具/分析,False,6,6,6,
https://www.douyin.com/video/7619582659128194550,https://www.douyin.com/video/7619582659128194550,douyin.com,#抖音小店 #电商创业 #电商人来聊一聊 #电商人,抖音视频,创作者视频,字节跳动/头条系,True,True,7619582659128194550,视频,说明/其他,综合运营/其他,False,6,6,4,
https://www.douyin.com/video/7626305610576891145,https://www.douyin.com/video/7626305610576891145,douyin.com,如何查看同行爆款素材？三款官方免费工具助你上热门！ #直播带货 #千川素材 #千川代投 #投流 #电商运营技巧,抖音视频,创作者视频,字节跳动/头条系,True,True,7626305610576891145,视频,教程/操作指南,直播运营,True,6,6,2,
https://www.douyin.com/video/7640872656035663131,https://www.douyin.com/video/7640872656035663131,douyin.com,搜款比价一步到位，这个工具太省时间了！。做淘宝、1688、拼多多的老板们，你们是不是也经常遇到这种情况——看到同行卖得好的商品，想找个同款货源比比价，结果在各个平台之间来回切换，搜半天还找不到？找到,抖音视频,创作者视频,字节跳动/头条系,True,True,7640872656035663131,视频,推荐/对比/清单,店铺/商品/商城,False,6,6,3,
https://www.douyin.com/video/7650504869578004334,https://www.douyin.com/video/7650504869578004334,douyin.com,做抖店，别再把电商罗盘当摆设！学会拆解对手投流数据，少亏十万 #抖店运营#抖音小店#电商罗盘,抖音视频,创作者视频,字节跳动/头条系,True,True,7650504869578004334,视频,说明/其他,广告投放,False,6,6,2,
https://www.douyin.com/video/7652198326364429395,https://www.douyin.com/video/7652198326364429395,douyin.com,如何使用蝉妈妈分析抖音直播数据？#直播数据分析 #蝉妈妈查数据 #直播数据延迟,抖音视频,创作者视频,字节跳动/头条系,True,True,7652198326364429395,视频,教程/操作指南,直播运营,True,6,6,5,
https://www.douyin.com/video/7656786276277000143,https://www.douyin.com/video/7656786276277000143,douyin.com,#带货主播复盘 #小白入行 #飞书aily #拯救618 #AI   复盘是提高直播能力最快的方式——数据怎么看、问题怎么找、下一步怎么改，都要理清楚。复盘不复杂，关键是方法要对。希望这期内容对你有帮,抖音视频,创作者视频,字节跳动/头条系,True,True,7656786276277000143,视频,教程/操作指南,直播运营,True,6,6,2,
https://www.douyin.com/video/7659354485668433524,https://www.douyin.com/video/7659354485668433524,douyin.com,电商运营如何做数据分析?重点看哪些数据？#店铺转化率 #电商知识点总结 #电商运营数据 #电商知识问答,抖音视频,创作者视频,字节跳动/头条系,True,True,7659354485668433524,视频,教程/操作指南,店铺/商品/商城,True,6,6,1,
https://www.douyin.com/video/7663324572070269051,https://www.douyin.com/video/7663324572070269051,douyin.com,#实时销售数据,抖音视频,创作者视频,字节跳动/头条系,True,True,7663324572070269051,视频,说明/其他,数据工具/分析,False,6,6,2,
https://www.douyin.com/video/7663522721208208640,https://www.douyin.com/video/7663522721208208640,douyin.com,运营人必学，豆包 AI 表格快速搞定全套数据复盘流程！ #豆包 #ws #hqzx #AI表格 #运营,抖音视频,创作者视频,字节跳动/头条系,True,True,7663522721208208640,视频,案例/复盘,数据工具/分析,False,6,6,2,
https://www.douyin.com/video/7667398834465322886,https://www.douyin.com/video/7667398834465322886,douyin.com,直播高光怎么提？蝉妈妈3步快速复盘 Q1: 直播高光片段怎么快速提取？ A1: 进入蝉妈妈首页工具区-直播高光话术，选择目标直播场次，系统自动定位高光成交片段并提取话术。重点看AI拆解的吸睛场景与促单逻辑，直接复用高转化讲解节奏，减少人工回看耗时。  Q2: 如何用数据辅助直播复盘？ A2: 在直播详情页点击成交复盘或直播诊断，结合流量结构、商品承接与观众互动数据，一键生成复盘报告。对比行业均值，,抖音视频,创作者视频,字节跳动/头条系,True,True,7667398834465322886,视频,教程/操作指南,直播运营,True,6,6,3,
https://www.douyin.com/video/7668740222973306021,https://www.douyin.com/video/7668740222973306021,douyin.com,月底了！给我冲#电商数据人的日常 #电商运营数据分析 #数据焦虑怎么破,抖音视频,创作者视频,字节跳动/头条系,True,True,7668740222973306021,视频,教程/操作指南,数据工具/分析,True,6,6,6,
https://www.douyin.com/video/7669457237002458021,https://www.douyin.com/video/7669457237002458021,douyin.com,恭喜🎉美丽明天 首播销售近1300万！美丽明天 8月2日 全天两场完整预估GMV汇总   场次1：08:00–13:14（上午首秀场） 场次2：18:30–21:10（晚间第二场）   各平台分场数据 + 全天合计   1、蝉妈妈   上午场：1026万元 晚间场：412万元 ✅全天合计：1438万元   2、飞瓜数据   上午场：943万元 晚间场：376万元 ✅全天合计：1319万元   3、,抖音视频,创作者视频,字节跳动/头条系,True,True,7669457237002458021,视频,推荐/对比/清单,数据工具/分析,False,6,6,6,
https://fanruan.com/blog/article/1798298,https://fanruan.com/blog/article/1798298,fanruan.com,抖音数据分析难点在哪里?一站式平台解决数据整合问题 | 帆软数字化转型知识库,企业官网/工具平台,企业或垂直站点,外部企业,False,False,,图文/网页,推荐/对比/清单,数据工具/分析,False,6,6,2,
https://fanruan.com/finepedia/article/68ae9e790bd240a239618dca,https://fanruan.com/finepedia/article/68ae9e790bd240a239618dca,fanruan.com,抖音数据分析入口在哪?平台功能详解助你轻松上手-帆软企业数字化知识百科,企业官网/工具平台,企业或垂直站点,外部企业,False,False,,图文/网页,推荐/对比/清单,数据工具/分析,False,6,6,6,
https://fanruan.com/finepedia/article/68aeab9e0bd240a239632603,https://fanruan.com/finepedia/article/68aeab9e0bd240a239632603,fanruan.com,抖音数据分析网站如何选?企业提升运营效率的实用方案-帆软企业数字化知识百科,企业官网/工具平台,企业或垂直站点,外部企业,False,False,,图文/网页,教程/操作指南,数据工具/分析,True,6,6,4,
https://fanruan.com/finepedia/article/698dfe8437b18b887b7bb4d3,https://fanruan.com/finepedia/article/698dfe8437b18b887b7bb4d3,fanruan.com,抖音数据分析如何自动化?内容创作者提升效率全攻略-帆软企业数字化知识百科,企业官网/工具平台,企业或垂直站点,外部企业,False,False,,图文/网页,教程/操作指南,数据工具/分析,True,6,6,4,
https://glnav.com/Home/Newmedia/cate/cate_id/7,https://glnav.com/Home/Newmedia/cate/cate_id/7,glnav.com,新媒体网址分类_GLnav全球导航-国内国外网站网址大全,其他外部来源,身份权威性未知,所有者未核实,False,False,,图文/网页,说明/其他,综合运营/其他,False,6,6,4,
https://hwds868.com/article/live-stream-review-sop-five-data-three-templates.html,https://hwds868.com/article/live-stream-review-sop-five-data-three-templates.html,hwds868.com,直播复盘SOP:5类数据×3个复盘模板完整拆解 | 电商干货社区,其他外部来源,身份权威性未知,所有者未核实,False,False,,图文/网页,案例/复盘,直播运营,False,6,6,4,
https://iqinghu.com/qa/detail/52508,https://iqinghu.com/qa/detail/52508,iqinghu.com,抖精灵怎么上货抖音对手 | 青虎,其他外部来源,身份权威性未知,所有者未核实,False,False,,图文/网页,教程/操作指南,综合运营/其他,True,6,6,3,
https://bbs.itying.com/topic/693806492fcc650041be97f5,https://bbs.itying.com/topic/693806492fcc650041be97f5,itying.com,抖音的流量量和实际数据不同步,其他外部来源,身份权威性未知,所有者未核实,False,False,,图文/网页,说明/其他,数据工具/分析,False,6,6,3,
https://ji-gua.com/,https://ji-gua.com/,ji-gua.com,集瓜 - 全域社媒数据智能平台,其他外部来源,身份权威性未知,所有者未核实,False,False,,图文/网页,推荐/对比/清单,数据工具/分析,False,6,6,5,
https://ji-gua.com/?chl=feiguada,https://ji-gua.com/?chl=feiguada,ji-gua.com,集瓜 - 全域社媒数据智能平台,其他外部来源,身份权威性未知,所有者未核实,False,False,,图文/网页,推荐/对比/清单,数据工具/分析,False,6,6,5,
https://buyin.jinritemai.com/helpcenter/5124/42566,https://buyin.jinritemai.com/helpcenter/5124/42566,jinritemai.com,【直播管理】-直播带货数据说明 - 帮助中心 - 巨量百应帮助中心,字节/头条系其他,平台或产品来源,字节跳动/头条系,True,False,,图文/网页,说明/其他,直播运营,False,6,6,5,
https://school.jinritemai.com/doudian/wap/article/aHsaFa4hiQ5J,https://school.jinritemai.com/doudian/wap/article/aHsaFa4hiQ5J,jinritemai.com,抖音电商学习中心,字节/头条系其他,平台或产品来源,字节跳动/头条系,True,False,,图文/网页,说明/其他,综合运营/其他,False,6,6,5,
https://school.jinritemai.com/doudian/wap/course-series/cHXYPm4k5tCn/cHXYPm4k5tCnlHZdqBe2aqGG,https://school.jinritemai.com/doudian/wap/course-series/cHXYPm4k5tCn/cHXYPm4k5tCnlHZdqBe2aqGG,jinritemai.com,抖音电商官方数据产品「罗盘·策略」引领生意增长,字节/头条系其他,平台或产品来源,字节跳动/头条系,True,False,,图文/网页,案例/复盘,数据工具/分析,False,6,6,4,
https://school.jinritemai.com/doudian/web/article/104021,https://school.jinritemai.com/doudian/web/article/104021,jinritemai.com,数据指标定义全集,字节/头条系其他,平台或产品来源,字节跳动/头条系,True,False,,图文/网页,方法论/策略,数据工具/分析,True,6,6,3,
https://school.jinritemai.com/doudian/web/articlev0/aHYhVvzvnFuG,https://school.jinritemai.com/doudian/web/articlev0/aHYhVvzvnFuG,jinritemai.com,罗盘搜索分析全新升级，助力玩转搜索流量!,字节/头条系其他,平台或产品来源,字节跳动/头条系,True,False,,图文/网页,说明/其他,数据工具/分析,False,6,6,5,
https://school.jinritemai.com/doudian/web/knowledge/kJXu3Lx8EAUS,https://school.jinritemai.com/doudian/web/knowledge/kJXu3Lx8EAUS,jinritemai.com,为什么涉税信息报送数据的金额和平台开票里面的平台技术服务费金额不一致-抖音电商学习中心,字节/头条系其他,平台或产品来源,字节跳动/头条系,True,False,,图文/网页,推荐/对比/清单,数据工具/分析,False,6,6,2,
https://jzl.com/news/douyin-data-12,https://jzl.com/news/douyin-data-12,jzl.com,抖音数据分析平台哪个好:选型指南与核心能力对比,企业官网/工具平台,企业或垂直站点,外部企业,False,False,,图文/网页,教程/操作指南,数据工具/分析,True,6,6,2,
https://cs.lieju.com/guanggaomeiti/89173260.html,https://cs.lieju.com/guanggaomeiti/89173260.html,lieju.com,数据零散难整合?自媒体矩阵工具一键解决汇总难题 - 长沙岳麓麓谷多媒体广告 - 长沙列举网,其他外部来源,身份权威性未知,所有者未核实,False,False,,图文/网页,推荐/对比/清单,广告投放,False,6,6,4,
https://ly3721.com/news/421.html,https://ly3721.com/news/421.html,ly3721.com,临沂抖音运营:如何判断自己是否触碰了抖音红线?,其他外部来源,身份权威性未知,所有者未核实,False,False,,图文/网页,教程/操作指南,综合运营/其他,True,6,6,2,
https://d.newrank.cn/creative/2943,https://d.newrank.cn/creative/2943,newrank.cn,抖音粉丝数据查询方法与报告制作全攻略 - 新榜小豆芽,企业官网/工具平台,企业或垂直站点,外部企业,False,False,,图文/网页,教程/操作指南,数据工具/分析,True,6,6,1,
https://sj.qq.com/appdetail/com.ht.htdata,https://sj.qq.com/appdetail/com.ht.htdata,qq.com,灰豚数据app-官方正版软件2026最新版本免费下载-应用宝官网,新闻/门户/自媒体,媒体或自媒体平台,媒体平台,False,False,,图文/网页,说明/其他,数据工具/分析,False,6,6,6,
https://slashdot.org/software/p/Kalodata/alternatives,https://slashdot.org/software/p/Kalodata/alternatives,slashdot.org,Alternatives to Kalodata,其他外部来源,身份权威性未知,所有者未核实,False,False,,图文/网页,说明/其他,综合运营/其他,False,6,6,6,
https://post.smzdm.com/p/a0vg6nlw,https://post.smzdm.com/p/a0vg6nlw,smzdm.com,视频号数据工具实测!5款利器让我从小白变运营高手_服务软件_什么值得买,新闻/门户/自媒体,媒体或自媒体平台,媒体平台,False,False,,图文/网页,推荐/对比/清单,短视频内容,False,6,6,5,
https://m.sohu.com/a/1012506901_122634602,https://m.sohu.com/a/1012506901_122634602,sohu.com,抖音竞品分析四步法:高效对标实操指南_数据库_妈妈_策略,新闻/门户/自媒体,媒体或自媒体平台,搜狐,False,False,,图文/网页,教程/操作指南,数据工具/分析,True,6,6,3,蝉妈妈
https://m.sohu.com/a/1033855919_122634602,https://m.sohu.com/a/1033855919_122634602,sohu.com,抖音直播间成交转化率低的3个优化方法_流量_商品_ChanClaw,新闻/门户/自媒体,媒体或自媒体平台,搜狐,False,False,,图文/网页,方法论/策略,直播运营,True,6,6,3,蝉妈妈
https://m.sohu.com/a/1055327048_122634602,https://m.sohu.com/a/1055327048_122634602,sohu.com,服饰商家如何监控竞品上新与直播排品?蝉妈妈实操指南_动态数据_销量_商品,新闻/门户/自媒体,媒体或自媒体平台,搜狐,False,False,,图文/网页,教程/操作指南,直播运营,True,6,6,6,蝉妈妈
https://sohu.com/a/975189067_122554258,https://sohu.com/a/975189067_122554258,sohu.com,抖音竞品监控:对手直播场次与销售额追踪_数据_流量_策略,新闻/门户/自媒体,媒体或自媒体平台,搜狐,False,False,,图文/网页,方法论/策略,直播运营,True,6,6,5,
https://ads.tiktok.com/help/article/about-discrepancies-in-brand-safety-measurement?lang=zh-Hant-TW,https://ads.tiktok.com/help/article/about-discrepancies-in-brand-safety-measurement?lang=zh-Hant-TW,tiktok.com,"About discrepancies in brand safety, suitability, viewability, attention, and IVT measurement",其他外部来源,身份权威性未知,所有者未核实,False,False,,图文/网页,说明/其他,综合运营/其他,False,6,6,5,
https://trenz.ai/resource/best-tiktok-shop-product-research-tools-2,https://trenz.ai/resource/best-tiktok-shop-product-research-tools-2,trenz.ai,9 Best TikTok Shop Product Research Tools for Sellers (2026),其他外部来源,身份权威性未知,所有者未核实,False,False,,图文/网页,说明/其他,综合运营/其他,False,6,6,4,
https://trenz.ai/resource/fastmoss-alternative-tiktok-shop-tools,https://trenz.ai/resource/fastmoss-alternative-tiktok-shop-tools,trenz.ai,FastMoss Alternative: 8 Best Tools for TikTok Shop (2026),其他外部来源,身份权威性未知,所有者未核实,False,False,,图文/网页,说明/其他,综合运营/其他,False,6,6,5,
https://trenz.ai/resource/tiktok-shop-competitor-analysis-tools-framework,https://trenz.ai/resource/tiktok-shop-competitor-analysis-tools-framework,trenz.ai,9 Best Tools for TikTok Shop Competitor Analysis (2026),其他外部来源,身份权威性未知,所有者未核实,False,False,,图文/网页,说明/其他,综合运营/其他,False,6,6,6,
https://zhiyitech.cn/activity/supply/1588,https://zhiyitech.cn/activity/supply/1588,zhiyitech.cn,如何利用抖衣深挖抖音电商服装品类数据，打造爆款红人店,其他外部来源,身份权威性未知,所有者未核实,False,False,,图文/网页,教程/操作指南,数据工具/分析,True,6,6,3,
https://m.163.com/dy/article/J0RVQC9T0511CVHN.html,https://m.163.com/dy/article/J0RVQC9T0511CVHN.html,163.com,如何查看抖音数据?5种抖音数据查询方法详解|字节跳动|抖音数据|用户文档|电子音乐|维度|罗盘|音乐软件_手机网易网,新闻/门户/自媒体,媒体或自媒体平台,网易,False,False,,图文/网页,教程/操作指南,数据工具/分析,True,5,5,5,
https://ai-indeed.com/encyclopedia/18141.html,https://ai-indeed.com/encyclopedia/18141.html,ai-indeed.com,抖音电商数据怎么自动同步到 Excel?全自动同步方案与效率指南 - 实在智能,其他外部来源,身份权威性未知,所有者未核实,False,False,,图文/网页,教程/操作指南,数据工具/分析,True,5,5,2,
https://ai-indeed.com/encyclopedia/25567.html,https://ai-indeed.com/encyclopedia/25567.html,ai-indeed.com,如何自动获取抖音电商罗盘数据?从手动下载到无人值守 - 实在智能,其他外部来源,身份权威性未知,所有者未核实,False,False,,图文/网页,教程/操作指南,数据工具/分析,True,5,5,3,
https://ai-indeed.com/encyclopedia/28245.html,https://ai-indeed.com/encyclopedia/28245.html,ai-indeed.com,巨量千川投放数据如何汇总分析?智能体自动导出，让报表跑在决策前面 - 实在智能,其他外部来源,身份权威性未知,所有者未核实,False,False,,图文/网页,教程/操作指南,广告投放,True,5,5,4,
https://apps.apple.com/cn/app/考古加-直播短视频电商选品数据/id1592901394,https://apps.apple.com/cn/app/%E8%80%83%E5%8F%A4%E5%8A%A0-%E7%9B%B4%E6%92%AD%E7%9F%AD%E8%A7%86%E9%A2%91%E7%94%B5%E5%95%86%E9%80%89%E5%93%81%E6%95%B0%E6%8D%AE/id1592901394,apple.com,‎考古加-直播短视频电商选品数据 App - App Store,其他外部来源,身份权威性未知,所有者未核实,False,False,,图文/网页,说明/其他,直播运营,False,5,5,5,
https://apps.apple.com/cn/app/蝉妈妈-直播短视频电商ai数据分析/id1508944184?platform=mac,https://apps.apple.com/cn/app/%E8%9D%89%E5%A6%88%E5%A6%88-%E7%9B%B4%E6%92%AD%E7%9F%AD%E8%A7%86%E9%A2%91%E7%94%B5%E5%95%86ai%E6%95%B0%E6%8D%AE%E5%88%86%E6%9E%90/id1508944184?platform=mac,apple.com,‎蝉妈妈-直播短视频电商AI数据分析 App - App Store,其他外部来源,身份权威性未知,所有者未核实,False,False,,图文/网页,说明/其他,直播运营,False,5,5,1,
https://biemoyu.com/favorites/xinmeitishujufenxipingtai,https://biemoyu.com/favorites/xinmeitishujufenxipingtai,biemoyu.com,新媒体数据分析平台-自媒体数据分析增长服务平台-新媒体运营数据统计分析 | 别摸鱼导航,其他外部来源,身份权威性未知,所有者未核实,False,False,,图文/网页,推荐/对比/清单,数据工具/分析,False,5,5,2,
https://biqiusoft.com/seo/88945,https://biqiusoft.com/seo/88945,biqiusoft.com,抖音直播看后台数据的平台 最全指南:官方与第三方数据查看平台 – 比丘营销推广,其他外部来源,身份权威性未知,所有者未核实,False,False,,图文/网页,教程/操作指南,直播运营,True,5,5,4,
https://chanjet.com/lker/68fec58be4b0b02844f17ef0.html,https://chanjet.com/lker/68fec58be4b0b02844f17ef0.html,chanjet.com,抖音对账数据不对怎么办|抖音订单怎么对账单-畅捷通,其他外部来源,身份权威性未知,所有者未核实,False,False,,图文/网页,教程/操作指南,数据工具/分析,True,5,5,1,
https://cnblogs.com/douzhanggui/p/21358411,https://cnblogs.com/douzhanggui/p/21358411,cnblogs.com,抖店选品工具完整分类 + 实操教程，无货源批量搬家上货一键下单 - 抖掌柜 - 企业博客,社区/博客/问答,UGC/专业社区,外部平台,False,False,,图文/网页,教程/操作指南,店铺/商品/商城,True,5,5,5,
https://cnblogs.com/douzhanggui/p/22052660,https://cnblogs.com/douzhanggui/p/22052660,cnblogs.com,做抖店不知道用什么工具?选品|数据分析|打单|客服优化全套整理|附抖掌柜 - 抖掌柜 - 企业博客,社区/博客/问答,UGC/专业社区,外部平台,False,False,,图文/网页,推荐/对比/清单,店铺/商品/商城,False,5,5,5,
https://blog.csdn.net/YMPzUELX3AIAp7Q/article/details/128379198,https://blog.csdn.net/YMPzUELX3AIAp7Q/article/details/128379198,csdn.net,【金猿产品展】有米有数——专业的新电商营销大数据分析平台-CSDN博客,社区/博客/问答,UGC/专业社区,外部平台,False,False,,图文/网页,推荐/对比/清单,数据工具/分析,False,5,5,5,
https://blog.csdn.net/gitblog_00041/article/details/157754306,https://blog.csdn.net/gitblog_00041/article/details/157754306,csdn.net,抖音数据采集技术指南:从基础认知到合规实战-CSDN博客,社区/博客/问答,UGC/专业社区,外部平台,False,False,,图文/网页,教程/操作指南,数据工具/分析,True,5,5,5,
https://blog.csdn.net/weixin_28454475/article/details/159073732,https://blog.csdn.net/weixin_28454475/article/details/159073732,csdn.net,Coze自动化抖音数据采集与飞书多维表格同步实战:从链接解析到Excel导出-CSDN博客,社区/博客/问答,UGC/专业社区,外部平台,False,False,,图文/网页,案例/复盘,数据工具/分析,False,5,5,4,
https://cxgn.cn/fei-gua-shu-ju.html,https://cxgn.cn/fei-gua-shu-ju.html,cxgn.cn,飞瓜数据 | 官网入口 - 短视频直播电商数据分析平台,其他外部来源,身份权威性未知,所有者未核实,False,False,,图文/网页,推荐/对比/清单,直播运营,False,5,5,4,
https://deepnavi.cn/ai-new-media/dou-yin-re-dian-bao,https://deepnavi.cn/ai-new-media/dou-yin-re-dian-bao,deepnavi.cn,抖音热点宝-官方热点追踪 短视频爆款创作工具,企业官网/工具平台,企业或垂直站点,外部企业,False,False,,图文/网页,推荐/对比/清单,短视频内容,False,5,5,4,
https://douchacha.com/article/details/pjnfws5v.html,https://douchacha.com/article/details/pjnfws5v.html,douchacha.com,为什么核心数据、商品分析和订单管理中下载的成交数据不一致,其他外部来源,身份权威性未知,所有者未核实,False,False,,图文/网页,说明/其他,店铺/商品/商城,False,5,5,4,
https://douyin.com/search/在哪里可以看直播数据,https://douyin.com/search/%E5%9C%A8%E5%93%AA%E9%87%8C%E5%8F%AF%E4%BB%A5%E7%9C%8B%E7%9B%B4%E6%92%AD%E6%95%B0%E6%8D%AE,douyin.com,在哪里可以看直播数据 - 抖音,抖音其他页面,平台官方页面,字节跳动/头条系,True,False,,图文/网页,说明/其他,直播运营,False,5,5,4,
https://douyin.com/search/怎么看同类型的主播的直播数据,https://douyin.com/search/%E6%80%8E%E4%B9%88%E7%9C%8B%E5%90%8C%E7%B1%BB%E5%9E%8B%E7%9A%84%E4%B8%BB%E6%92%AD%E7%9A%84%E7%9B%B4%E6%92%AD%E6%95%B0%E6%8D%AE,douyin.com,怎么看同类型的主播的直播数据 - 抖音,抖音其他页面,平台官方页面,字节跳动/头条系,True,False,,图文/网页,教程/操作指南,直播运营,True,5,5,2,
https://www.douyin.com/video/7207813537081773373,https://www.douyin.com/video/7207813537081773373,douyin.com,抖音电商罗盘达人版助力高效带货数据分析,抖音视频,创作者视频,字节跳动/头条系,True,True,7207813537081773373,视频,说明/其他,达人/带货,False,5,5,2,
https://www.douyin.com/video/7423224654455770419,https://www.douyin.com/video/7423224654455770419,douyin.com,抖音短视频数据分析工具推荐与核心功能解析,抖音视频,创作者视频,字节跳动/头条系,True,True,7423224654455770419,视频,推荐/对比/清单,短视频内容,False,5,5,3,
https://www.douyin.com/video/7551739508657818906,https://www.douyin.com/video/7551739508657818906,douyin.com,各平台官方数据查看方法及工具推荐,抖音视频,创作者视频,字节跳动/头条系,True,True,7551739508657818906,视频,推荐/对比/清单,数据工具/分析,False,5,5,5,
https://www.douyin.com/video/7561315307031203106,https://www.douyin.com/video/7561315307031203106,douyin.com,抖店新增同行跟卖功能助力卖家高效选品,抖音视频,创作者视频,字节跳动/头条系,True,True,7561315307031203106,视频,说明/其他,店铺/商品/商城,False,5,5,3,
https://www.douyin.com/video/7563250498619378953,https://www.douyin.com/video/7563250498619378953,douyin.com,抖店新增同行店铺销售数据及渠道查看功能,抖音视频,创作者视频,字节跳动/头条系,True,True,7563250498619378953,视频,说明/其他,店铺/商品/商城,False,5,5,3,
https://www.douyin.com/video/7572930705982754067,https://www.douyin.com/video/7572930705982754067,douyin.com,抖音后台数据中心操作指南与核心指标解析,抖音视频,创作者视频,字节跳动/头条系,True,True,7572930705982754067,视频,教程/操作指南,数据工具/分析,True,5,5,4,
https://www.douyin.com/video/7604133894992758498,https://www.douyin.com/video/7604133894992758498,douyin.com,抖店没流量？是你没做对这几点。通过电商罗盘和抖音商城，找到与自家店铺人群匹配的对标店铺，锁定其爆款商品。在【电商罗盘】中深度分析竞品数据，重点关注成交来源、热度趋势和搜索词，确保选品精准有效，提升爆单,抖音视频,创作者视频,字节跳动/头条系,True,True,7604133894992758498,视频,案例/复盘,店铺/商品/商城,False,5,5,5,
https://www.douyin.com/video/7616990067097177384,https://www.douyin.com/video/7616990067097177384,douyin.com,自媒体博主秘诀 飞书多维表格数据可视化 #飞书多维表格 #自媒体工具 #数据表格,抖音视频,创作者视频,字节跳动/头条系,True,True,7616990067097177384,视频,推荐/对比/清单,数据工具/分析,False,5,5,2,
https://www.douyin.com/video/7624446477309696185,https://www.douyin.com/video/7624446477309696185,douyin.com,6个内容策划的常用网站#短视频 #短视频运营 #实体店引流 #蝉妈妈 #今日热榜,抖音视频,创作者视频,字节跳动/头条系,True,True,7624446477309696185,视频,说明/其他,短视频内容,False,5,5,2,
https://www.douyin.com/video/7627739502266376858,https://www.douyin.com/video/7627739502266376858,douyin.com,抖音小店如何查看销售数据？抖店数据怎么查看？每天卖的货款在哪里查看？抖店近30天的销售额在哪里查看？抖店开通#电商干货#经验分享#新手开抖店#抖店后台,抖音视频,创作者视频,字节跳动/头条系,True,True,7627739502266376858,视频,教程/操作指南,店铺/商品/商城,True,5,5,5,
https://www.douyin.com/video/7632712749692292390,https://www.douyin.com/video/7632712749692292390,douyin.com,"抖音账号标签怎么查看？ 热点宝和巨量算查到的标签有什么不同？
#账号标签 #账号标签怎么查 #热点宝 #巨量算数",抖音视频,创作者视频,字节跳动/头条系,True,True,7632712749692292390,视频,教程/操作指南,综合运营/其他,True,5,5,4,
https://www.douyin.com/video/7635485413431315727,https://www.douyin.com/video/7635485413431315727,douyin.com,"2026年一季度，抖店官方数据产品罗盘上线了全新的“全店退款分析”模块，利用AI大模型精准分析用户""七天无理由退款""背后的真实原因，并新增退后商品榜、退款商品SKU分析等功能，帮助商家快速定位问题，从而针对性优化商品与服务，降低退款率。",抖音视频,创作者视频,字节跳动/头条系,True,True,7635485413431315727,视频,方法论/策略,店铺/商品/商城,True,5,5,5,
https://www.douyin.com/video/7641530028405460730,https://www.douyin.com/video/7641530028405460730,douyin.com,后台数据怎么看？一条视频说清楚！#新手做抖音教程 #爆款短视频打造 #短视频运营小技巧 #连云港 #连云港代运营,抖音视频,创作者视频,字节跳动/头条系,True,True,7641530028405460730,视频,教程/操作指南,短视频内容,True,5,5,4,
https://www.douyin.com/video/7641859725583665317,https://www.douyin.com/video/7641859725583665317,douyin.com,做新品开发分析 做新品开发分析#产品开发 #千川投放 #抖店运营,抖音视频,创作者视频,字节跳动/头条系,True,True,7641859725583665317,视频,说明/其他,广告投放,False,5,5,3,
https://www.douyin.com/video/7644883259989553535,https://www.douyin.com/video/7644883259989553535,douyin.com,3大核心渠道精准揭秘抖音主播数据！#抖音主播培训 #抖音主播数据 #查看抖音主播数据,抖音视频,创作者视频,字节跳动/头条系,True,True,7644883259989553535,视频,说明/其他,数据工具/分析,False,5,5,5,
https://www.douyin.com/video/7645649859006305642,https://www.douyin.com/video/7645649859006305642,douyin.com,实体店做自媒体没方向？巨量算数这个功能，90%的老板都忽略了。实体商家运营干货，巨量算数完整实操教程，建议收藏反复看#实体店引流 #实体获客 #巨量算数 #抖音指数,抖音视频,创作者视频,字节跳动/头条系,True,True,7645649859006305642,视频,教程/操作指南,综合运营/其他,True,5,5,2,
https://www.douyin.com/video/7648154170100387107,https://www.douyin.com/video/7648154170100387107,douyin.com,做抖音必须要关注的10个官方账号 #短视频运营 #自媒体 #干货分享 #运营技巧 #分享知识,抖音视频,创作者视频,字节跳动/头条系,True,True,7648154170100387107,视频,说明/其他,短视频内容,False,5,5,5,
https://www.douyin.com/video/7648458139201012133,https://www.douyin.com/video/7648458139201012133,douyin.com,新手做抖音，这8个官方学习渠道一定要知道 #一人一个信息差 #新人如何做抖音 #抖音官方账号#抖音运营 #避坑指南,抖音视频,创作者视频,字节跳动/头条系,True,True,7648458139201012133,视频,教程/操作指南,综合运营/其他,True,5,5,4,
https://www.douyin.com/video/7649968398373227819,https://www.douyin.com/video/7649968398373227819,douyin.com,账号的复盘太简单了  #飞书多维表格 #短视频文案创作 #文案生成 ##AI工具,抖音视频,创作者视频,字节跳动/头条系,True,True,7649968398373227819,视频,推荐/对比/清单,短视频内容,False,5,5,2,
https://www.douyin.com/video/7651987514814652550,https://www.douyin.com/video/7651987514814652550,douyin.com,蝉妈妈数据和飞瓜数据哪个好 蝉妈妈数据和飞瓜数据对比，飞瓜数据偏向短视频自媒体，蝉妈妈偏向直播数据，蝉妈妈可以看直播流量占比。现在商家电商罗盘可以看同行roi了#roi #投产 #直播带货,抖音视频,创作者视频,字节跳动/头条系,True,True,7651987514814652550,视频,推荐/对比/清单,直播运营,False,5,5,5,
https://www.douyin.com/video/7652203529520278376,https://www.douyin.com/video/7652203529520278376,douyin.com,怎么用蝉妈妈查抖音爆款与高佣商品？#蝉妈妈查数据 #抖音爆款榜 #高佣商品,抖音视频,创作者视频,字节跳动/头条系,True,True,7652203529520278376,视频,教程/操作指南,店铺/商品/商城,True,5,5,1,
https://www.douyin.com/video/7654054255770774185,https://www.douyin.com/video/7654054255770774185,douyin.com,用蝉妈妈监控抖音同行更新频率与爆款数据？#蝉妈妈 #同行更新频率 #同行爆款数据,抖音视频,创作者视频,字节跳动/头条系,True,True,7654054255770774185,视频,案例/复盘,数据工具/分析,False,5,5,4,
https://www.douyin.com/video/7656643516139668934,https://www.douyin.com/video/7656643516139668934,douyin.com,电商运营如何查看抖音商品卡热销品牌榜？#商品卡 #热销品牌榜 #蝉妈妈查数据,抖音视频,创作者视频,字节跳动/头条系,True,True,7656643516139668934,视频,教程/操作指南,店铺/商品/商城,True,5,5,4,
https://www.douyin.com/video/7660407523442362725,https://www.douyin.com/video/7660407523442362725,douyin.com,品牌全域看板怎么搭？#品牌全域看板 #品牌全域 #蝉妈妈查品牌全域,抖音视频,创作者视频,字节跳动/头条系,True,True,7660407523442362725,视频,教程/操作指南,综合运营/其他,True,5,5,2,
https://www.douyin.com/video/7662297065103317233,https://www.douyin.com/video/7662297065103317233,douyin.com,抖音数据的平台有哪些？ 查看抖音数据平台有哪些工具，第1蝉妈妈，第2考古加，第3飞瓜数据，第4抖查查，第5灰豚数据，第6达多多数据，以上6大平台哪个更好用，哪个更精准呢？蝉妈妈企业版综合性更强数据更精,抖音视频,创作者视频,字节跳动/头条系,True,True,7662297065103317233,视频,推荐/对比/清单,数据工具/分析,False,5,5,1,
https://www.douyin.com/video/7664816512251042660,https://www.douyin.com/video/7664816512251042660,douyin.com,商城图文带货怎么找爆款？Q1：商城图文带货怎么找爆款？拆解3个核心数据维度 A1：找爆款不能只看一时销量，而要看有没有持续起量的潜力。运营团队做数据分析时，核心是看三个维度：趋势、结构和效率。 ①看增,抖音视频,创作者视频,字节跳动/头条系,True,True,7664816512251042660,视频,教程/操作指南,达人/带货,True,5,5,1,
https://www.douyin.com/video/7666424236554063167,https://www.douyin.com/video/7666424236554063167,douyin.com,千川素材能不能放量。先看这4个核心维度 #千川#千川投放技巧#千川运营#直播投流技巧#直播投流运营,抖音视频,创作者视频,字节跳动/头条系,True,True,7666424236554063167,视频,说明/其他,直播运营,False,5,5,2,
https://www.douyin.com/video/7667353468675838562,https://www.douyin.com/video/7667353468675838562,douyin.com,账号无违规却完全不推流 四步实操自查，恢复自然流量#分享你的标签自查技巧 #创作者中心 #创作灵感#短视频运营干货#普通人自媒体#抖加小助手,抖音视频,创作者视频,字节跳动/头条系,True,True,7667353468675838562,视频,说明/其他,短视频内容,False,5,5,2,
https://m.duote.com/android/1172119.html,https://m.duote.com/android/1172119.html,duote.com,"飞瓜数据抖音版下载安装,飞瓜数据抖音版安卓下载入口-多特软件站安卓网",其他外部来源,身份权威性未知,所有者未核实,False,False,,图文/网页,说明/其他,数据工具/分析,False,5,5,5,
https://caifuhao.eastmoney.com/news/20240716171002636122770,https://caifuhao.eastmoney.com/news/20240716171002636122770,eastmoney.com,抖音电商赛道主流数据分析工具汇总_财富号_东方财富网,其他外部来源,身份权威性未知,所有者未核实,False,False,,图文/网页,推荐/对比/清单,数据工具/分析,False,5,5,4,
https://encootech.com/product-detail/618dianshang.html,https://encootech.com/product-detail/618dianshang.html,encootech.com,云扩RPA助力电商618大促实现降本增效,其他外部来源,身份权威性未知,所有者未核实,False,False,,图文/网页,说明/其他,综合运营/其他,False,5,5,5,
https://fanruan.com/blog/article/1797750,https://fanruan.com/blog/article/1797750,fanruan.com,抖音分析如何应用国产BI?实现数据安全合规新体验 | 帆软数字化转型知识库,企业官网/工具平台,企业或垂直站点,外部企业,False,False,,图文/网页,教程/操作指南,数据工具/分析,True,5,5,5,
https://fanruan.com/blog/article/1798530,https://fanruan.com/blog/article/1798530,fanruan.com,抖音分析平台如何接入数据源?全流程讲解快速上手 | 帆软数字化转型知识库,企业官网/工具平台,企业或垂直站点,外部企业,False,False,,图文/网页,教程/操作指南,数据工具/分析,True,5,5,4,
https://fanruan.com/finepedia/article/698f594a37b18b887b7d0dd7,https://fanruan.com/finepedia/article/698f594a37b18b887b7d0dd7,fanruan.com,抖音数据分析怎么做?助力品牌增长的全流程实战指南-帆软企业数字化知识百科,企业官网/工具平台,企业或垂直站点,外部企业,False,False,,图文/网页,教程/操作指南,数据工具/分析,True,5,5,2,
https://dsp.feigua.cn/help/detail/9/866.html,https://dsp.feigua.cn/help/detail/9/866.html,feigua.cn,【竞品分析】如何使用 品牌/小店 相关功能?-帮助中心-抖音电商与直播大数据分析平台-feigua.cn,企业官网/工具平台,企业或垂直站点,外部企业,False,False,,图文/网页,教程/操作指南,直播运营,True,5,5,4,
https://wap.findlaw.cn/wenda/q_60353455.html,https://wap.findlaw.cn/wenda/q_60353455.html,findlaw.cn,抖音影响力评估指标和方法-找法网,其他外部来源,身份权威性未知,所有者未核实,False,False,,图文/网页,方法论/策略,综合运营/其他,True,5,5,4,
https://finebi.com/blog/article/691abc9828946ecca8097f94,https://finebi.com/blog/article/691abc9828946ecca8097f94,finebi.com,短视频平台数据分析工具有哪些?免费与企业版核心功能大比拼 - FineBI数据分析知识库,其他外部来源,身份权威性未知,所有者未核实,False,False,,图文/网页,推荐/对比/清单,短视频内容,False,5,5,5,
https://fmyly.com/抖音数据查询,https://fmyly.com/%E6%8A%96%E9%9F%B3%E6%95%B0%E6%8D%AE%E6%9F%A5%E8%AF%A2,fmyly.com,抖音数据查询全面指南:工具、方法与实战技巧 - 聚慧网,其他外部来源,身份权威性未知,所有者未核实,False,False,,图文/网页,教程/操作指南,数据工具/分析,True,5,5,5,
https://guandata.com/gy/post/Zv12UXJV.html,https://guandata.com/gy/post/Zv12UXJV.html,guandata.com,API连接器:如何快速打通天猫、、抖音等全渠道全域数据?-观远数据BI平台,其他外部来源,身份权威性未知,所有者未核实,False,False,,图文/网页,教程/操作指南,数据工具/分析,True,5,5,3,
https://m.guofenkong.com/wz/524622.html,https://m.guofenkong.com/wz/524622.html,guofenkong.com,抖音怎么查看自己的权重_抖音账号健康度检测方法【全览】_果粉控,其他外部来源,身份权威性未知,所有者未核实,False,False,,图文/网页,教程/操作指南,综合运营/其他,True,5,5,2,
https://hao.itotii.com/sites/33002.html,https://hao.itotii.com/sites/33002.html,itotii.com,灰豚数据官网 - 短视频& 抖音直播电商& 小红书数据分析平台，大数据追踪短视频流量趋势 - itotii导航,其他外部来源,身份权威性未知,所有者未核实,False,False,,图文/网页,推荐/对比/清单,直播运营,False,5,5,4,
https://fuwu.jinritemai.com/63,https://fuwu.jinritemai.com/63,jinritemai.com,抖店服务市场,字节/头条系其他,平台或产品来源,字节跳动/头条系,True,False,,图文/网页,说明/其他,店铺/商品/商城,False,5,5,3,
https://school.jinritemai.com/doudian/wap/article/105308,https://school.jinritemai.com/doudian/wap/article/105308,jinritemai.com,抖音电商数据，就用罗盘;罗盘推出中小简版首页/竞争分析能力,字节/头条系其他,平台或产品来源,字节跳动/头条系,True,False,,图文/网页,说明/其他,数据工具/分析,False,5,5,4,
https://school.jinritemai.com/doudian/wap/article/aHghh2bV3KrC,https://school.jinritemai.com/doudian/wap/article/aHghh2bV3KrC,jinritemai.com,用户运营——【用户分析】操作指南,字节/头条系其他,平台或产品来源,字节跳动/头条系,True,False,,图文/网页,教程/操作指南,数据工具/分析,True,5,5,3,
https://school.jinritemai.com/doudian/wap/article/aHyVTUvYbCBv?from_school=1&should_full_screen=1&should_hide_bottom_nav=1,https://school.jinritemai.com/doudian/wap/article/aHyVTUvYbCBv?from_school=1&should_full_screen=1&should_hide_bottom_nav=1,jinritemai.com,抖音电商学习中心,字节/头条系其他,平台或产品来源,字节跳动/头条系,True,False,,图文/网页,说明/其他,综合运营/其他,False,5,5,4,
https://school.jinritemai.com/doudian/wap/knowledge/kJVAgpysoJAh,https://school.jinritemai.com/doudian/wap/knowledge/kJVAgpysoJAh,jinritemai.com,抖音电商学习中心,字节/头条系其他,平台或产品来源,字节跳动/头条系,True,False,,图文/网页,说明/其他,综合运营/其他,False,5,5,3,
https://school.jinritemai.com/doudian/web/article/aHMreWE9UUai?biz_from=blockbuster_creation,https://school.jinritemai.com/doudian/web/article/aHMreWE9UUai?biz_from=blockbuster_creation,jinritemai.com,如何识别店铺潜在爆款及待改进款?,字节/头条系其他,平台或产品来源,字节跳动/头条系,True,False,,图文/网页,教程/操作指南,店铺/商品/商城,True,5,5,1,
https://school.jinritemai.com/doudian/web/article/aHghh2bV3KrC,https://school.jinritemai.com/doudian/web/article/aHghh2bV3KrC,jinritemai.com,用户运营——【用户分析】操作指南,字节/头条系其他,平台或产品来源,字节跳动/头条系,True,False,,图文/网页,教程/操作指南,数据工具/分析,True,5,5,5,
https://school.jinritemai.com/doudian/web/knowledge/kHrfxCVVLD5m,https://school.jinritemai.com/doudian/web/knowledge/kHrfxCVVLD5m,jinritemai.com,获取商品诊断建议!快速定位异常商品-抖音电商学习中心,字节/头条系其他,平台或产品来源,字节跳动/头条系,True,False,,图文/网页,方法论/策略,店铺/商品/商城,True,5,5,2,
https://school.jinritemai.com/doudian/web/knowledge/kJNXTDzfy6S7,https://school.jinritemai.com/doudian/web/knowledge/kJNXTDzfy6S7,jinritemai.com,抖店电商罗盘、订单管理的数据和抖店后台资金账单、结算账单、余额明细的数据为什么对不上?-抖音电商学习中心,字节/头条系其他,平台或产品来源,字节跳动/头条系,True,False,,图文/网页,说明/其他,店铺/商品/商城,False,5,5,3,
https://kawo.com/cn/solutions/data-insights,https://kawo.com/cn/solutions/data-insights,kawo.com,更全面的社交媒体数据洞察|KAWO科握,其他外部来源,身份权威性未知,所有者未核实,False,False,,图文/网页,行业资讯/报告,数据工具/分析,False,5,5,2,
https://m.liebiao.com/fuzhou/qitashangji/835697896.html,https://m.liebiao.com/fuzhou/qitashangji/835697896.html,liebiao.com,「图」2026年正规的视频号竞品数据服务商行业口碑汇总-福州其他商务服务-福州列表网,其他外部来源,身份权威性未知,所有者未核实,False,False,,图文/网页,行业资讯/报告,短视频内容,False,5,5,3,
https://matrix.newrank.cn/article/article-detail/6d1dd6d5e7ce4b10,https://matrix.newrank.cn/article/article-detail/6d1dd6d5e7ce4b10,newrank.cn,多平台数据统计不必人工!抖音/小红书/微信视频号/快手数据一键汇总导出_矩阵通,企业官网/工具平台,企业或垂直站点,外部企业,False,False,,图文/网页,推荐/对比/清单,短视频内容,False,5,5,2,
https://matrix.newrank.cn/article/article-detail/851b3252934f47cf,https://matrix.newrank.cn/article/article-detail/851b3252934f47cf,newrank.cn,2026 做矩阵必备!多平台社媒数据一屏看，账号 / 作品 / 直播 / 话题 / 数据，社媒全平台数据(强推)_矩阵通,企业官网/工具平台,企业或垂直站点,外部企业,False,False,,图文/网页,推荐/对比/清单,直播运营,False,5,5,4,
https://voice.newrank.cn/study/detail/379a234a7c9d4d4d,https://voice.newrank.cn/study/detail/379a234a7c9d4d4d,newrank.cn,社交媒体竞品分析工具有哪些?主流工具功能拆解与选型指南_声量通,企业官网/工具平台,企业或垂直站点,外部企业,False,False,,图文/网页,教程/操作指南,数据工具/分析,True,5,5,2,
https://developer.open-douyin.com/helpCenter/home/detail/431/1176,https://developer.open-douyin.com/helpCenter/home/detail/431/1176,open-douyin.com,“经营分析-短视频分析”和“数据中心-短视频”的部分指标为什么不一致 - 经营分析 - 抖音开放平台,其他外部来源,身份权威性未知,所有者未核实,False,False,,图文/网页,推荐/对比/清单,短视频内容,False,5,5,2,
https://smartscout.com/zh-cn/blog/tiktok-shop-analytics-tools,https://smartscout.com/zh-cn/blog/tiktok-shop-analytics-tools,smartscout.com,9 Best TikTok Shop Analytics Tools For Product Research (2026 Picks),其他外部来源,身份权威性未知,所有者未核实,False,False,,图文/网页,说明/其他,综合运营/其他,False,5,5,4,
https://m.sohu.com/a/1003933833_122634602,https://m.sohu.com/a/1003933833_122634602,sohu.com,抖音电商选品难?蝉妈妈3步精准选爆品_数据_商品_直播,新闻/门户/自媒体,媒体或自媒体平台,搜狐,False,False,,图文/网页,说明/其他,直播运营,False,5,5,4,蝉妈妈
https://m.sohu.com/a/1054127780_122634602,https://m.sohu.com/a/1054127780_122634602,sohu.com,蝉妈妈分析素材转化率，千川投手3步定位投流问题_直播_视频_拆解,新闻/门户/自媒体,媒体或自媒体平台,搜狐,False,False,,图文/网页,说明/其他,直播运营,False,5,5,4,蝉妈妈
https://m.sohu.com/a/985477268_122634602,https://m.sohu.com/a/985477268_122634602,sohu.com,抖音数据分析用什么平台?蝉妈妈凭三大核心优势成首选_运营_账号_功能,新闻/门户/自媒体,媒体或自媒体平台,搜狐,False,False,,图文/网页,推荐/对比/清单,数据工具/分析,False,5,5,5,蝉妈妈
https://m.sohu.com/a/992528973_122634602,https://m.sohu.com/a/992528973_122634602,sohu.com,抖音短视频数据怎么看?数据分析指南与平台推荐_内容_流量_妈妈,新闻/门户/自媒体,媒体或自媒体平台,搜狐,False,False,,图文/网页,教程/操作指南,短视频内容,True,5,5,5,蝉妈妈
https://m.sohu.com/a/995583955_122634602,https://m.sohu.com/a/995583955_122634602,sohu.com,抖音直播回放分析怎么破?3步搞定高转化复盘_数据_商品_妈妈,新闻/门户/自媒体,媒体或自媒体平台,搜狐,False,False,,图文/网页,教程/操作指南,直播运营,True,5,5,5,蝉妈妈
https://sohu.com/a/992529266_122634602,https://sohu.com/a/992529266_122634602,sohu.com,抖音短视频数据怎么看?抖音短视频数据分析平台推荐_内容_妈妈_流量,新闻/门户/自媒体,媒体或自媒体平台,搜狐,False,False,,图文/网页,教程/操作指南,短视频内容,True,5,5,5,蝉妈妈
https://techieevent.com/what-causes-automated-tiktok-analytics-dashboards-to-report-fake-data-spikes-and-how-to-calibrate-them,https://techieevent.com/what-causes-automated-tiktok-analytics-dashboards-to-report-fake-data-spikes-and-how-to-calibrate-them,techieevent.com,What Causes Automated TikTok Analytics Dashboards to Report Fake Data Spikes and How to Calibrate Them,其他外部来源,身份权威性未知,所有者未核实,False,False,,图文/网页,说明/其他,综合运营/其他,False,5,5,4,
https://cloud.tencent.cn/developer/article/2609534?policyId=1004,https://cloud.tencent.cn/developer/article/2609534?policyId=1004,tencent.cn,如何进行数据比对?好用的数据比对方法介绍!-腾讯云开发者社区-腾讯云,其他外部来源,身份权威性未知,所有者未核实,False,False,,图文/网页,教程/操作指南,数据工具/分析,True,5,5,2,
https://m.toutiao.com/group/7657140623329313314,https://m.toutiao.com/group/7657140623329313314,toutiao.com,电商运营怎么查抖音爆款?蝉妈妈拆解竞品4要点_蝉妈妈电商增长,字节/头条系其他,平台或产品来源,字节跳动/头条系,True,False,,图文/网页,教程/操作指南,综合运营/其他,True,5,5,5,蝉妈妈电商增长
https://m.toutiao.com/group/7665531544898896426,https://m.toutiao.com/group/7665531544898896426,toutiao.com,蝉妈妈直播转化诊断怎么做?直播运营拆解4个核心维度_电商数据观察员,字节/头条系其他,平台或产品来源,字节跳动/头条系,True,False,,图文/网页,教程/操作指南,直播运营,True,5,5,3,
https://ufcn.cn/article/2378071.html,https://ufcn.cn/article/2378071.html,ufcn.cn,抖音创作者服务中心平台怎么查看违规记录_账号信用分与处罚原因【查询】 - 北冥有鱼,其他外部来源,身份权威性未知,所有者未核实,False,False,,图文/网页,教程/操作指南,数据工具/分析,True,5,5,1,
https://vientianeark.cn/qa/450521.html,https://vientianeark.cn/qa/450521.html,vientianeark.cn,国内抖音数据分析网站有哪些 • 万象方舟,其他外部来源,身份权威性未知,所有者未核实,False,False,,图文/网页,说明/其他,数据工具/分析,False,5,5,5,
https://xingtu.cn/help-center/author/109244,https://xingtu.cn/help-center/author/109244,xingtu.cn,投后数据分析介绍-星图营销服务平台,其他外部来源,身份权威性未知,所有者未核实,False,False,,图文/网页,推荐/对比/清单,达人/带货,False,5,5,4,
https://yitongweb.cn/data/douyin,https://yitongweb.cn/data/douyin,yitongweb.cn,抖音电商转化率/CPC/ROI多少正常?2026年抖音各品类数据参考 - 电商运营数据分析平台,其他外部来源,身份权威性未知,所有者未核实,False,False,,图文/网页,推荐/对比/清单,数据工具/分析,False,5,5,2,
https://ypush.cn/article/272856935848611840,https://ypush.cn/article/272856935848611840,ypush.cn,抖音罗盘实时短视频分析怎么用 功能详解及操作指南-集客圈,其他外部来源,身份权威性未知,所有者未核实,False,False,,图文/网页,教程/操作指南,短视频内容,True,5,5,4,
https://zboec.cn/index.php?c=show&id=278,https://zboec.cn/index.php?c=show&id=278,zboec.cn,如何判断抖音运营公司提供的数据是否真实?_卓博科技,其他外部来源,身份权威性未知,所有者未核实,False,False,,图文/网页,教程/操作指南,数据工具/分析,True,5,5,2,
https://zonflip.com/tiktok-shop-data-layer-building-a-daily-kpi-command-center,https://zonflip.com/tiktok-shop-data-layer-building-a-daily-kpi-command-center,zonflip.com,TikTok Shop Data Layer: Building a Daily KPI Command Center,其他外部来源,身份权威性未知,所有者未核实,False,False,,图文/网页,说明/其他,综合运营/其他,False,5,5,1,
https://36kr.com/p/3878448231969026,https://36kr.com/p/3878448231969026,36kr.com,抖音电商618两线折戟：切不动淘天的女装，撬不动京东的3C,新闻/门户/自媒体,媒体或自媒体平台,媒体平台,False,False,,图文/网页,说明/其他,综合运营/其他,False,4,4,2,
https://eu.36kr.com/zh/p/3838169166563589,https://eu.36kr.com/zh/p/3838169166563589,36kr.com,抖音B站小红书“你有我有全都有”，它们还有差异吗?,新闻/门户/自媒体,媒体或自媒体平台,媒体平台,False,False,,图文/网页,说明/其他,综合运营/其他,False,4,4,1,
https://80tg.com/news/56627.html,https://80tg.com/news/56627.html,80tg.com,如何导出抖音个人数据?掌握抖音数据下载技巧【操作指南】 - 多面手企业网络推广一站式服务,其他外部来源,身份权威性未知,所有者未核实,False,False,,图文/网页,教程/操作指南,数据工具/分析,True,4,4,4,
https://ai-indeed.com/encyclopedia/19753.html,https://ai-indeed.com/encyclopedia/19753.html,ai-indeed.com,抖音电商罗盘的流量来源数据怎么自动填钉钉周报?|方案拆解 - 实在智能,其他外部来源,身份权威性未知,所有者未核实,False,False,,图文/网页,教程/操作指南,数据工具/分析,True,4,4,3,
https://at592.com/detail_8965.html,https://at592.com/detail_8965.html,at592.com,集美区抖音直播的数据统计怎么解决?(附方案),其他外部来源,身份权威性未知,所有者未核实,False,False,,图文/网页,教程/操作指南,直播运营,True,4,4,4,
https://ai.chanmama.com/product/accountAnalysis,https://ai.chanmama.com/product/accountAnalysis,chanmama.com,AI抖音账号拆解分析平台_抖音数据拆解工具-蝉妈妈AI,企业官网/工具平台,企业或垂直站点,外部企业,False,False,,图文/网页,推荐/对比/清单,数据工具/分析,False,4,4,2,
https://cnblogs.com/doudaxia/p/22055667,https://cnblogs.com/doudaxia/p/22055667,cnblogs.com,流量下滑常见原因:新手店铺没流量避坑指南 - 抖大侠 - 企业博客,社区/博客/问答,UGC/专业社区,外部平台,False,False,,图文/网页,教程/操作指南,店铺/商品/商城,True,4,4,4,
https://m.cr173.com/x/1578789,https://m.cr173.com/x/1578789,cr173.com,抖查查免费版下载-抖查查抖音账号诊断下载v2.9.6 安卓版-西西软件下载,其他外部来源,身份权威性未知,所有者未核实,False,False,,图文/网页,方法论/策略,综合运营/其他,True,4,4,3,
https://blog.csdn.net/cnmjwz/article/details/120453338,https://blog.csdn.net/cnmjwz/article/details/120453338,csdn.net,5款类蝉妈妈抖音数据工具推荐-CSDN博客,社区/博客/问答,UGC/专业社区,外部平台,False,False,,图文/网页,推荐/对比/清单,数据工具/分析,False,4,4,4,
https://blog.csdn.net/qq_40199654/article/details/160622271,https://blog.csdn.net/qq_40199654/article/details/160622271,csdn.net,扣子小龙虾隐藏玩法:不发工资的运营助理，帮你自动整理短视频运营数据~_让ai小龙虾操作我的抖音-CSDN博客,社区/博客/问答,UGC/专业社区,外部平台,False,False,,图文/网页,教程/操作指南,短视频内容,True,4,4,2,
https://blog.csdn.net/u013411339/article/details/143612286,https://blog.csdn.net/u013411339/article/details/143612286,csdn.net,【收藏版】抖音集团指标管理与消费体系建设实践-CSDN博客,社区/博客/问答,UGC/专业社区,外部平台,False,False,,图文/网页,方法论/策略,综合运营/其他,True,4,4,1,
https://blog.csdn.net/weixin_39915605/article/details/110867568,https://blog.csdn.net/weixin_39915605/article/details/110867568,csdn.net,素材诊断分析助手_短视频运营必备的8款数据分析工具-CSDN博客,社区/博客/问答,UGC/专业社区,外部平台,False,False,,图文/网页,推荐/对比/清单,短视频内容,False,4,4,4,
https://d-long.cn/eWebEditor/uploadfile/2020041616200539118654.pdf,https://d-long.cn/eWebEditor/uploadfile/2020041616200539118654.pdf,d-long.cn,抖音vs快手深度复盘与前瞻——短视频130页分析框架,其他外部来源,身份权威性未知,所有者未核实,False,False,,PDF/图文报告,案例/复盘,短视频内容,False,4,4,1,
https://douchacha.com/article/details/nwmomiub.html,https://douchacha.com/article/details/nwmomiub.html,douchacha.com,抖音选品踩过100个坑后，我总结了这套数据驱动的爆品筛选法,其他外部来源,身份权威性未知,所有者未核实,False,False,,图文/网页,说明/其他,店铺/商品/商城,False,4,4,3,
https://creator.douyin.com/,https://creator.douyin.com/,douyin.com,抖音创作者中心,抖音其他页面,平台官方页面,字节跳动/头条系,True,False,,图文/网页,说明/其他,综合运营/其他,False,4,4,2,
https://douyin.com/search/怎么查看自己作品是否被限流,https://douyin.com/search/%E6%80%8E%E4%B9%88%E6%9F%A5%E7%9C%8B%E8%87%AA%E5%B7%B1%E4%BD%9C%E5%93%81%E6%98%AF%E5%90%A6%E8%A2%AB%E9%99%90%E6%B5%81,douyin.com,怎么查看自己作品是否被限流 - 抖音,抖音其他页面,平台官方页面,字节跳动/头条系,True,False,,图文/网页,教程/操作指南,综合运营/其他,True,4,4,2,
https://douyin.com/search/直播间看数据的平台,https://douyin.com/search/%E7%9B%B4%E6%92%AD%E9%97%B4%E7%9C%8B%E6%95%B0%E6%8D%AE%E7%9A%84%E5%B9%B3%E5%8F%B0,douyin.com,直播间看数据的平台 - 抖音,抖音其他页面,平台官方页面,字节跳动/头条系,True,False,,图文/网页,推荐/对比/清单,直播运营,False,4,4,4,
https://m.douyin.com/zhuanti/7217159450971654199,https://m.douyin.com/zhuanti/7217159450971654199,douyin.com,优化后找不到巨量算数了-抖音,抖音其他页面,平台官方页面,字节跳动/头条系,True,False,,图文/网页,说明/其他,综合运营/其他,False,4,4,4,
https://m.douyin.com/zhuanti/7444696107034347539,https://m.douyin.com/zhuanti/7444696107034347539,douyin.com,巨量电脑端怎么看账户整体数据-抖音,抖音其他页面,平台官方页面,字节跳动/头条系,True,False,,图文/网页,教程/操作指南,数据工具/分析,True,4,4,1,
https://www.douyin.com/video/7545666792501333311,https://www.douyin.com/video/7545666792501333311,douyin.com,做电商的宝子看过来！这款无需授权的抖音上淘工具太香啦～登录插件、抖音官网和千牛后台，备好抖音链接放浏览器访问，用搬家工具搬去淘宝，AI 自动填标题、sku 图、库存等，预览后就能立即上架。还支持拼多多,抖音视频,创作者视频,字节跳动/头条系,True,True,7545666792501333311,视频,推荐/对比/清单,数据工具/分析,False,4,4,1,
https://www.douyin.com/video/7552138851272232201,https://www.douyin.com/video/7552138851272232201,douyin.com,电商罗盘竞品分析功能助力查找同行带货短视频及直播引流素材,抖音视频,创作者视频,字节跳动/头条系,True,True,7552138851272232201,视频,说明/其他,直播运营,False,4,4,2,
https://www.douyin.com/video/7562839327971413305,https://www.douyin.com/video/7562839327971413305,douyin.com,抖店竞品销售数据及渠道查看方法,抖音视频,创作者视频,字节跳动/头条系,True,True,7562839327971413305,视频,方法论/策略,店铺/商品/商城,True,4,4,3,
https://www.douyin.com/video/7573261822019672037,https://www.douyin.com/video/7573261822019672037,douyin.com,运营内行不外传的拆号方法！两个免费工具，完整拆解爆款账号#干货分享 #一分钟干货教学 #短视频运营 #知识分享 #抖店运营,抖音视频,创作者视频,字节跳动/头条系,True,True,7573261822019672037,视频,推荐/对比/清单,短视频内容,False,4,4,1,
https://www.douyin.com/video/7573670518050783898,https://www.douyin.com/video/7573670518050783898,douyin.com,抖音账号与作品维度自查方法解析流量下跌原因,抖音视频,创作者视频,字节跳动/头条系,True,True,7573670518050783898,视频,方法论/策略,综合运营/其他,True,4,4,3,
https://www.douyin.com/video/7582485230524894501,https://www.douyin.com/video/7582485230524894501,douyin.com,千川投手常用第三方数据分析工具推荐与功能解析,抖音视频,创作者视频,字节跳动/头条系,True,True,7582485230524894501,视频,推荐/对比/清单,广告投放,False,4,4,3,
https://www.douyin.com/video/7583723721442266383,https://www.douyin.com/video/7583723721442266383,douyin.com,抖店流量骤降原因分析与应对策略,抖音视频,创作者视频,字节跳动/头条系,True,True,7583723721442266383,视频,方法论/策略,店铺/商品/商城,True,4,4,2,
https://www.douyin.com/video/7596322365169619686,https://www.douyin.com/video/7596322365169619686,douyin.com,抖音官方工具免费查看同行直播间核心数据方法解析,抖音视频,创作者视频,字节跳动/头条系,True,True,7596322365169619686,视频,推荐/对比/清单,直播运营,False,4,4,2,
https://www.douyin.com/video/7618134662296576497,https://www.douyin.com/video/7618134662296576497,douyin.com,📱 抖数君小程序：抖音数据助手全攻略 想知道你的抖音作品为什么不火？想快速提升账号权重？抖数君小程序帮你一键搞定！ ✨ 核心功能亮点 1. 作品深度分析 📊 播放量查询：一键粘贴作品链接，获取播放量、,抖音视频,创作者视频,字节跳动/头条系,True,True,7618134662296576497,视频,教程/操作指南,数据工具/分析,True,4,4,3,
https://www.douyin.com/video/7627060557748702491,https://www.douyin.com/video/7627060557748702491,douyin.com,怎么用抖店查同行的素材 #抖店#巨量千川,抖音视频,创作者视频,字节跳动/头条系,True,True,7627060557748702491,视频,教程/操作指南,广告投放,True,4,4,4,
https://www.douyin.com/video/7637030261821066548,https://www.douyin.com/video/7637030261821066548,douyin.com,新手做抖音如何查看同行数据 #沈阳短视频拍摄团队#沈阳短视频拍摄#沈阳短视频代运营#沈阳短视频代运营公司#短视频获客引流,抖音视频,创作者视频,字节跳动/头条系,True,True,7637030261821066548,视频,教程/操作指南,短视频内容,True,4,4,4,
https://www.douyin.com/video/7639060434204785017,https://www.douyin.com/video/7639060434204785017,douyin.com,电商人的工具库，多得像江湖里的兵器谱，是不是非得十八般武艺样样精通？未必。 有人靠店查查洞察敌情，有人用小旺神精细复盘，也有人把癞蛤蟆工具箱耍得虎虎生风。没有哪件是“100%必备”的神器，趁手，才是最,抖音视频,创作者视频,字节跳动/头条系,True,True,7639060434204785017,视频,推荐/对比/清单,数据工具/分析,False,4,4,1,
https://www.douyin.com/video/7642660271597886129,https://www.douyin.com/video/7642660271597886129,douyin.com,作品播放数据差，该怎么办 #知识分享 #自媒体 #新人如何做抖音 #短视频创业 #干货分享,抖音视频,创作者视频,字节跳动/头条系,True,True,7642660271597886129,视频,教程/操作指南,短视频内容,True,4,4,1,
https://www.douyin.com/video/7643786165829127926,https://www.douyin.com/video/7643786165829127926,douyin.com,抖店erp对账实操要点。做抖音店铺对账的时候，主要抓好这四块就行：结算周期、收入统计、各项平台费用还有售后退货问题。   平台回款时间不是一成不变的，算收入就得照着结算账单来核对。平台费用用数据透视表,抖音视频,创作者视频,字节跳动/头条系,True,True,7643786165829127926,视频,推荐/对比/清单,店铺/商品/商城,False,4,4,3,
https://www.douyin.com/video/7649968719464547305,https://www.douyin.com/video/7649968719464547305,douyin.com,电商运营怎么查抖音短视频爆款数据和报告？#抖音短视频爆款数据 #短视频爆款文案 #爆款短视频报告,抖音视频,创作者视频,字节跳动/头条系,True,True,7649968719464547305,视频,教程/操作指南,短视频内容,True,4,4,2,
https://www.douyin.com/video/7650411539946844581,https://www.douyin.com/video/7650411539946844581,douyin.com,怎么用蝉妈妈拆解抖音头部品牌运营策略？#拆解抖音头部品牌运营策略 #蝉妈妈 #电商运营知识分享 #电商避雷指南,抖音视频,创作者视频,字节跳动/头条系,True,True,7650411539946844581,视频,教程/操作指南,综合运营/其他,True,4,4,3,
https://www.douyin.com/video/7651513381119366902,https://www.douyin.com/video/7651513381119366902,douyin.com,电商运营怎么查对标小店商品动销数据？#对标小店 #对标小店商品动销数据 #店铺运营技巧,抖音视频,创作者视频,字节跳动/头条系,True,True,7651513381119366902,视频,教程/操作指南,店铺/商品/商城,True,4,4,4,
https://www.douyin.com/video/7651880469819148965,https://www.douyin.com/video/7651880469819148965,douyin.com,抖音电商数据分析，不看这些指标等于白干！你是不是也有这种感觉—— 视频发了，直播播了，商品也挂了，但就是看不到明显增长？ 问题很可能出在：你不会看数据。  抖音电商不是靠感觉做的，是靠数据调的。  今,抖音视频,创作者视频,字节跳动/头条系,True,True,7651880469819148965,视频,案例/复盘,直播运营,False,4,4,4,
https://www.douyin.com/video/7656724613678634981,https://www.douyin.com/video/7656724613678634981,douyin.com,第四集：平台工具、内部工具和二〇二六年政策重点 #抖店运营 #抖音#电商#千川#货架,抖音视频,创作者视频,字节跳动/头条系,True,True,7656724613678634981,视频,推荐/对比/清单,广告投放,False,4,4,2,
https://www.douyin.com/video/7663129817693707441,https://www.douyin.com/video/7663129817693707441,douyin.com,新规后，流量腰斩7大原因速查 碰到流量暴跌，先别慌，更不要脑子一热就换赛道，或者直接摆烂停更。静下心来，去后台拉拉数据，看看有没有隐形违规，查查粉丝活跃度，复盘一下完播曲线。抖音这波新规，其实就是把那些想走捷径的人筛出去。你要记住，做短视频从来没有一夜爆红，流量起伏是常态。底层逻辑很简单：算法永远喜欢能留住人的好内容。别总想着钻空子，回归初心，坚持做垂直原创，踏踏实实给你的观众提供价值。只要内容够,抖音视频,创作者视频,字节跳动/头条系,True,True,7663129817693707441,视频,案例/复盘,短视频内容,False,4,4,3,
https://www.douyin.com/video/7663318086326697722,https://www.douyin.com/video/7663318086326697722,douyin.com,中小商家选抖音数据工具先看哪三个指标？Q1：对比抖音电商罗盘，中小商家选数据工具先看哪三个指标？  A1：中小商家选工具，不能只看功能列表，先盯住三个核心指标：数据覆盖范围、分析深度和复盘效率。 ①看,抖音视频,创作者视频,字节跳动/头条系,True,True,7663318086326697722,视频,推荐/对比/清单,数据工具/分析,False,4,4,1,
https://www.douyin.com/video/7663814540228389809,https://www.douyin.com/video/7663814540228389809,douyin.com,低播放不用慌，全套排查流程 #抖音推流自查 #新手账号流量修复 #低粉爆款起号 #抖音安全中心教程 #短视频运营干货,抖音视频,创作者视频,字节跳动/头条系,True,True,7663814540228389809,视频,教程/操作指南,短视频内容,True,4,4,3,
https://www.douyin.com/video/7665254602618887552,https://www.douyin.com/video/7665254602618887552,douyin.com,蝉妈妈直播数据，用蝉妈妈看对标直播数据分析 蝉妈妈直播数据，用蝉妈妈看对标直播数据分析，蝉妈妈会员#直播数据#蝉妈妈会员,抖音视频,创作者视频,字节跳动/头条系,True,True,7665254602618887552,视频,说明/其他,直播运营,False,4,4,3,
https://www.douyin.com/video/7665652014415997691,https://www.douyin.com/video/7665652014415997691,douyin.com,蝉妈妈好用吗？蝉妈妈抖音数据分析，蝉妈妈找对标达人，短视频 蝉妈妈好用吗？蝉妈妈抖音数据分析，蝉妈妈会员，蝉妈妈找对标达人，短视频，直播，小店数据，蝉妈妈选品，#蝉妈妈会员#蝉妈妈数据分析#蝉妈妈,抖音视频,创作者视频,字节跳动/头条系,True,True,7665652014415997691,视频,说明/其他,直播运营,False,4,4,3,
https://www.douyin.com/video/7667340726230036910,https://www.douyin.com/video/7667340726230036910,douyin.com,预算跟上去投产跟不上该怎么办呢？#直播运营#千川#千川全域#电商带货#直播运营,抖音视频,创作者视频,字节跳动/头条系,True,True,7667340726230036910,视频,教程/操作指南,直播运营,True,4,4,2,
https://sf3-cdn-tos.douyinstatic.com/obj/ies-hotsoon-draft/douyin_agreement/194077e3-5f6f-4fd8-b7ca-3b2c878bea30.html?hide_nav_bar=1,https://sf3-cdn-tos.douyinstatic.com/obj/ies-hotsoon-draft/douyin_agreement/194077e3-5f6f-4fd8-b7ca-3b2c878bea30.html?hide_nav_bar=1,douyinstatic.com,【抖音】第三方信息共享清单,其他外部来源,身份权威性未知,所有者未核实,False,False,,图文/网页,说明/其他,综合运营/其他,False,4,4,3,
https://m.duote.com/daohang/420.html,https://m.duote.com/daohang/420.html,duote.com,抖音创作者服务中心登录入口(https://www.douyin.com)-多特导航,其他外部来源,身份权威性未知,所有者未核实,False,False,,图文/网页,说明/其他,综合运营/其他,False,4,4,3,
https://ecomaidaily.com/blog/best-ai-tools-tiktok-shop-sellers-2026,https://ecomaidaily.com/blog/best-ai-tools-tiktok-shop-sellers-2026,ecomaidaily.com,Best AI Tools for TikTok Shop 2026: Ranked,其他外部来源,身份权威性未知,所有者未核实,False,False,,图文/网页,说明/其他,综合运营/其他,False,4,4,4,
https://encoo.com/product-detail/618dianshang.html,https://encoo.com/product-detail/618dianshang.html,encoo.com,云扩RPA助力电商618大促实现降本增效,其他外部来源,身份权威性未知,所有者未核实,False,False,,图文/网页,说明/其他,综合运营/其他,False,4,4,4,
https://fanruan.com/blog/article/1010573,https://fanruan.com/blog/article/1010573,fanruan.com,抖音卖货怎么查数据分析的真实性 | 帆软数字化转型知识库,企业官网/工具平台,企业或垂直站点,外部企业,False,False,,图文/网页,教程/操作指南,数据工具/分析,True,4,4,2,
https://fanruan.com/finepedia/article/698f559437b18b887b7d053c,https://fanruan.com/finepedia/article/698f559437b18b887b7d053c,fanruan.com,抖音数据分析怎么做最全?实用方法助力内容运营精准决策-帆软企业数字化知识百科,企业官网/工具平台,企业或垂直站点,外部企业,False,False,,图文/网页,教程/操作指南,数据工具/分析,True,4,4,3,
https://fanruan.com/finepedia/article/69c88d7537b18b887bdd5ff2,https://fanruan.com/finepedia/article/69c88d7537b18b887bdd5ff2,fanruan.com,蝉妈妈数据分析平台靠谱吗?企业如何高效实现多维数据洞察-帆软企业数字化知识百科,企业官网/工具平台,企业或垂直站点,外部企业,False,False,,图文/网页,教程/操作指南,数据工具/分析,True,4,4,4,
https://finereport.com/blog/article/69b4d25512cf5a9eb1143d52,https://finereport.com/blog/article/69b4d25512cf5a9eb1143d52,finereport.com,抖音数据分析从哪里入手?新媒体运营数据驱动增长秘诀 - FineReport报表知识库,企业官网/工具平台,企业或垂直站点,外部企业,False,False,,图文/网页,案例/复盘,数据工具/分析,False,4,4,3,
https://ganhuoku.cn/archives/278740,https://ganhuoku.cn/archives/278740,ganhuoku.cn,一文通俗读懂巨量引擎全部产品 - 广告人干货库,其他外部来源,身份权威性未知,所有者未核实,False,False,,图文/网页,说明/其他,广告投放,False,4,4,4,
https://objects.githubusercontent.com/github-production-repository-file-5c1aeb/1183280163/26176760,https://objects.githubusercontent.com/github-production-repository-file-5c1aeb/1183280163/26176760,githubusercontent.com,社交媒体数据获取方案分析,其他外部来源,身份权威性未知,所有者未核实,False,False,,图文/网页,说明/其他,数据工具/分析,False,4,4,4,
https://guandata.com/gy/post/DR2sm6GR.html,https://guandata.com/gy/post/DR2sm6GR.html,guandata.com,短视频数据分析平台选型指南:评估四大核心能力优化ROI-观远数据BI平台,其他外部来源,身份权威性未知,所有者未核实,False,False,,图文/网页,教程/操作指南,短视频内容,True,4,4,1,
https://guandata.com/gy/post/Lrh3UpID.html,https://guandata.com/gy/post/Lrh3UpID.html,guandata.com,对接抖音美团后台数据分析哪家BI好:观远BI多平台数据整合方案-观远数据BI平台,其他外部来源,身份权威性未知,所有者未核实,False,False,,图文/网页,推荐/对比/清单,数据工具/分析,False,4,4,3,
https://iqinghu.com/qa/detail/51937,https://iqinghu.com/qa/detail/51937,iqinghu.com,抖音选品平台 | 青虎,其他外部来源,身份权威性未知,所有者未核实,False,False,,图文/网页,推荐/对比/清单,店铺/商品/商城,False,4,4,3,
https://buyin.jinritemai.com/helpcenter/5124/42215,https://buyin.jinritemai.com/helpcenter/5124/42215,jinritemai.com,百应PC平台概览 - 帮助中心 - 巨量百应帮助中心,字节/头条系其他,平台或产品来源,字节跳动/头条系,True,False,,图文/网页,推荐/对比/清单,数据工具/分析,False,4,4,3,
https://compass.jinritemai.com/shop/graphic/graphic-analysis,https://compass.jinritemai.com/shop/graphic/graphic-analysis,jinritemai.com,图文分析-抖音电商罗盘,字节/头条系其他,平台或产品来源,字节跳动/头条系,True,False,,图文/网页,说明/其他,数据工具/分析,False,4,4,4,
https://op.jinritemai.com/docs/api-do/83/7356,https://op.jinritemai.com/docs/api-do/83/7356,jinritemai.com,抖店开放平台,字节/头条系其他,平台或产品来源,字节跳动/头条系,True,False,,图文/网页,推荐/对比/清单,店铺/商品/商城,False,4,4,3,
https://school.jinritemai.com/doudian/wap/article/aHYbfnXdKHfa?from_school=1&should_full_screen=1&should_hide_bottom_nav=1,https://school.jinritemai.com/doudian/wap/article/aHYbfnXdKHfa?from_school=1&should_full_screen=1&should_hide_bottom_nav=1,jinritemai.com,抖音电商学习中心,字节/头条系其他,平台或产品来源,字节跳动/头条系,True,False,,图文/网页,说明/其他,综合运营/其他,False,4,4,2,
https://school.jinritemai.com/doudian/wap/course-series/cHUrTfRse7fr/cHUrTfRse7frlHV3KkY5gQ2r?from_school=1&should_full_screen=1&should_hide_bottom_nav=1,https://school.jinritemai.com/doudian/wap/course-series/cHUrTfRse7fr/cHUrTfRse7frlHV3KkY5gQ2r?from_school=1&should_full_screen=1&should_hide_bottom_nav=1,jinritemai.com,抖音电商货架场景经营入门宝典,字节/头条系其他,平台或产品来源,字节跳动/头条系,True,False,,图文/网页,教程/操作指南,综合运营/其他,True,4,4,3,
https://school.jinritemai.com/doudian/web/article/aHwErRQoAtuA,https://school.jinritemai.com/doudian/web/article/aHwErRQoAtuA,jinritemai.com,【罗盘·经营】市场榜单APP升级，新增直播榜，精简市场排行模块!,字节/头条系其他,平台或产品来源,字节跳动/头条系,True,False,,图文/网页,说明/其他,直播运营,False,4,4,3,
https://school.jinritemai.com/doudian/web/article/aJXFPbWWNceA?from_school=1&should_full_screen=1&should_hide_bottom_nav=1,https://school.jinritemai.com/doudian/web/article/aJXFPbWWNceA?from_school=1&should_full_screen=1&should_hide_bottom_nav=1,jinritemai.com,AI智能工具篇:云图& 即创,字节/头条系其他,平台或产品来源,字节跳动/头条系,True,False,,图文/网页,推荐/对比/清单,数据工具/分析,False,4,4,3,
https://school.jinritemai.com/doudian/web/articlev0/aHiVWQxNdKhG,https://school.jinritemai.com/doudian/web/articlev0/aHiVWQxNdKhG,jinritemai.com,「罗盘·达人」移动端【直播诊断】优化升级!,字节/头条系其他,平台或产品来源,字节跳动/头条系,True,False,,图文/网页,方法论/策略,直播运营,True,4,4,4,
https://school.jinritemai.com/doudian/web/course-series/cHXYPm4k5tCn/cHXYPm4k5tCnlHkBiJdKZ3t4?from_school=1&should_full_screen=1&should_hide_bottom_nav=1,https://school.jinritemai.com/doudian/web/course-series/cHXYPm4k5tCn/cHXYPm4k5tCnlHkBiJdKZ3t4?from_school=1&should_full_screen=1&should_hide_bottom_nav=1,jinritemai.com,抖音电商官方数据产品「罗盘·策略」引领生意增长,字节/头条系其他,平台或产品来源,字节跳动/头条系,True,False,,图文/网页,案例/复盘,数据工具/分析,False,4,4,3,
https://school.jinritemai.com/doudian/web/knowledge/kJVAi19Mj2HK,https://school.jinritemai.com/doudian/web/knowledge/kJVAi19Mj2HK,jinritemai.com,为什么罗盘展示的消耗数据和千川广告主展示的消耗数据不一致-抖音电商学习中心,字节/头条系其他,平台或产品来源,字节跳动/头条系,True,False,,图文/网页,说明/其他,广告投放,False,4,4,4,
https://school.jinritemai.com/doudian/web/knowledge/kJVAi2K4FeVW,https://school.jinritemai.com/doudian/web/knowledge/kJVAi2K4FeVW,jinritemai.com,为什么结算金额和账户金额不一致?-抖音电商学习中心,字节/头条系其他,平台或产品来源,字节跳动/头条系,True,False,,图文/网页,说明/其他,综合运营/其他,False,4,4,2,
https://jzd.cc/view.php?id=5A22AE-39D05F-C80968-4A83E6-8C6D4FF8,https://jzd.cc/view.php?id=5A22AE-39D05F-C80968-4A83E6-8C6D4FF8,jzd.cc,给大家推荐常用的抖音运营数据分析工具,其他外部来源,身份权威性未知,所有者未核实,False,False,,图文/网页,推荐/对比/清单,数据工具/分析,False,4,4,4,
https://jzl.com/news/883,https://jzl.com/news/883,jzl.com,抖音数据监测怎么做?企业级运营必备的完整实操指南,企业官网/工具平台,企业或垂直站点,外部企业,False,False,,图文/网页,教程/操作指南,数据工具/分析,True,4,4,1,
https://jzl.com/news/douyin-data-23,https://jzl.com/news/douyin-data-23,jzl.com,抖音内容数据分析实操:从0到1建立数据思维,企业官网/工具平台,企业或垂直站点,外部企业,False,False,,图文/网页,说明/其他,数据工具/分析,False,4,4,3,
https://jzl.com/news/douyin-operation,https://jzl.com/news/douyin-operation,jzl.com,抖音播放量骤降怎么办?应对方法解析,企业官网/工具平台,企业或垂直站点,外部企业,False,False,,图文/网页,教程/操作指南,综合运营/其他,True,4,4,2,
https://keyapi.ai/blog/tiktok-api-alternatives,https://keyapi.ai/blog/tiktok-api-alternatives,keyapi.ai,TikTok API Alternatives: Best Third-Party Tools When the Official API Isn't Enough,其他外部来源,身份权威性未知,所有者未核实,False,False,,图文/网页,说明/其他,综合运营/其他,False,4,4,2,
https://m.lawtime.cn/wenda/q_54645713.html,https://m.lawtime.cn/wenda/q_54645713.html,lawtime.cn,抖音购物表数据不一致什么意思- 法律快车法律咨询,其他外部来源,身份权威性未知,所有者未核实,False,False,,图文/网页,说明/其他,数据工具/分析,False,4,4,1,
https://edit.newrank.cn/detail.html?uuid=E180446492235A2E0D56474ABA446EF3,https://edit.newrank.cn/detail.html?uuid=E180446492235A2E0D56474ABA446EF3,newrank.cn,小红书、抖音等多平台品牌传播监测工具选择指南,企业官网/工具平台,企业或垂直站点,外部企业,False,False,,图文/网页,教程/操作指南,数据工具/分析,True,4,4,1,
https://m.oppozhijia.com/wz/981524.html,https://m.oppozhijia.com/wz/981524.html,oppozhijia.com,抖音企业号在巨量算数搜不到怎么回事?蓝V账号数据查询失败的避坑指南-oppo之家,其他外部来源,身份权威性未知,所有者未核实,False,False,,图文/网页,教程/操作指南,数据工具/分析,True,4,4,3,
https://m.pcsoft.com.cn/android/soft/30224629.html,https://m.pcsoft.com.cn/android/soft/30224629.html,pcsoft.com.cn,灰豚数据app下载-灰豚数据安卓版[商务办公]-PC下载网,其他外部来源,身份权威性未知,所有者未核实,False,False,,图文/网页,说明/其他,数据工具/分析,False,4,4,4,
https://pgyer.com/3tuDn0zW,https://pgyer.com/3tuDn0zW,pgyer.com,灰豚数据 Android 版本 APK 下载 - PGYER.COM,其他外部来源,身份权威性未知,所有者未核实,False,False,,图文/网页,说明/其他,数据工具/分析,False,4,4,3,
https://php.cn/faq/2041909.html,https://php.cn/faq/2041909.html,php.cn,抖音电脑版如何查看数据_电脑版抖音数据统计方法【教程】-电脑软件-PHP中文网,社区/博客/问答,UGC/专业社区,外部平台,False,False,,图文/网页,教程/操作指南,数据工具/分析,True,4,4,3,
https://php.cn/faq/2065154.html,https://php.cn/faq/2065154.html,php.cn,抖音怎么看粉丝是哪里的_抖音粉丝画像分布查看【分析】-手机软件-PHP中文网,社区/博客/问答,UGC/专业社区,外部平台,False,False,,图文/网页,教程/操作指南,数据工具/分析,True,4,4,1,
https://view.inews.qq.com/k/20240428A036EV00?no-redirect=1&openApp=false&web_channel=wap,https://view.inews.qq.com/k/20240428A036EV00?no-redirect=1&openApp=false&web_channel=wap,qq.com,如何查看抖音数据?5种抖音数据查询方法详解,新闻/门户/自媒体,媒体或自媒体平台,媒体平台,False,False,,图文/网页,教程/操作指南,数据工具/分析,True,4,4,4,
https://reelmind.ai/blog/why-do-video-analytics-show-more-views-than-analytics-discrepancies,https://reelmind.ai/blog/why-do-video-analytics-show-more-views-than-analytics-discrepancies,reelmind.ai,Why Do Video Analytics Show More Views Than: Analytics Discrepancies,其他外部来源,身份权威性未知,所有者未核实,False,False,,图文/网页,说明/其他,综合运营/其他,False,4,4,3,
https://shangyexinzhi.com/article/29953631.html,https://shangyexinzhi.com/article/29953631.html,shangyexinzhi.com,抖音流量突然下滑是被限流了吗，3步排查解决问题_志毛运营-商业新知,其他外部来源,身份权威性未知,所有者未核实,False,False,,图文/网页,说明/其他,综合运营/其他,False,4,4,3,
https://shankongmao.com/content/news/17479,https://shankongmao.com/content/news/17479,shankongmao.com,如何安全地实现抖音号多人协作运营?,其他外部来源,身份权威性未知,所有者未核实,False,False,,图文/网页,教程/操作指南,综合运营/其他,True,4,4,2,
https://shankongmao.com/content/news/4079,https://shankongmao.com/content/news/4079,shankongmao.com,抖音矩阵推广数据如何交叉分析?,其他外部来源,身份权威性未知,所有者未核实,False,False,,图文/网页,教程/操作指南,数据工具/分析,True,4,4,2,
https://finance.sina.com.cn/tjhz/2026-06-09/doc-iniavshp1654286.shtml,https://finance.sina.com.cn/tjhz/2026-06-09/doc-iniavshp1654286.shtml,sina.com.cn,抖音小店商品搬家选品铺货 批量上架货源采集多店运营一键高效上货神器|抖音_新浪财经_新浪网,新闻/门户/自媒体,媒体或自媒体平台,媒体平台,False,False,,图文/网页,说明/其他,店铺/商品/商城,False,4,4,1,
https://m.sohu.com/a/1030456909_122721889,https://m.sohu.com/a/1030456909_122721889,sohu.com,抖音卡片自动回复设置教程:从0到1的完整操作路径_工具_配置_企业号,新闻/门户/自媒体,媒体或自媒体平台,搜狐,False,False,,图文/网页,教程/操作指南,数据工具/分析,True,4,4,1,
https://m.sohu.com/a/1051048101_122554258,https://m.sohu.com/a/1051048101_122554258,sohu.com,电商人必备数据查询平台汇总，轻松找到贴合需求的数据获取方法_价格_快手_商品,新闻/门户/自媒体,媒体或自媒体平台,搜狐,False,False,,图文/网页,推荐/对比/清单,店铺/商品/商城,False,4,4,3,
https://m.sohu.com/a/1053122209_122949247,https://m.sohu.com/a/1053122209_122949247,sohu.com,抖店免费工具和付费软件怎么分工?按任务边界组合使用_商品_订单_采购,新闻/门户/自媒体,媒体或自媒体平台,搜狐,False,False,,图文/网页,教程/操作指南,店铺/商品/商城,True,4,4,4,
https://m.sohu.com/a/1053431592_122917210,https://m.sohu.com/a/1053431592_122917210,sohu.com,全国多平台推广数据不一致分析指南_本地化_口径_区域,新闻/门户/自媒体,媒体或自媒体平台,搜狐,False,False,,图文/网页,教程/操作指南,数据工具/分析,True,4,4,2,
https://cloud.tencent.com/developer/article/2686528,https://cloud.tencent.com/developer/article/2686528,tencent.com,我用 AI 做了一个短视频数据看板 #WorkBuddy#-腾讯云开发者社区-腾讯云,其他外部来源,身份权威性未知,所有者未核实,False,False,,图文/网页,说明/其他,短视频内容,False,4,4,2,
https://cloud.tencent.com.cn/developer/article/2697668,https://cloud.tencent.com.cn/developer/article/2697668,tencent.com.cn,用 WorkBuddy 做抖音矩阵数据分析:22 个账号两周对比一键出#WorkBuddy#-腾讯云开发者社区-腾讯云,其他外部来源,身份权威性未知,所有者未核实,False,False,,图文/网页,推荐/对比/清单,数据工具/分析,False,4,4,1,
https://m.toutiao.com/group/6943915995572470280,https://m.toutiao.com/group/6943915995572470280,toutiao.com,壹现场丨直播数据分析平台非法抓取抖音数据被告 法院裁定停止侵权_北青网,字节/头条系其他,平台或产品来源,字节跳动/头条系,True,False,,图文/网页,推荐/对比/清单,直播运营,False,4,4,4,
https://m.toutiao.com/group/7660354353294852654,https://m.toutiao.com/group/7660354353294852654,toutiao.com,移动端如何用蝉龙虾查数据?电商运营对话式查询指南_蝉妈妈电商增长,字节/头条系其他,平台或产品来源,字节跳动/头条系,True,False,,图文/网页,教程/操作指南,数据工具/分析,True,4,4,3,
https://trenz.ai/resource/best-tiktok-shop-product-research-tools,https://trenz.ai/resource/best-tiktok-shop-product-research-tools,trenz.ai,10 Best TikTok Shop Product Research Tools (2026) Ranked,其他外部来源,身份权威性未知,所有者未核实,False,False,,图文/网页,说明/其他,综合运营/其他,False,4,4,3,
https://smzs.xisence.com/help/faq/douyin/video-limit,https://smzs.xisence.com/help/faq/douyin/video-limit,xisence.com,抖音:为什么有时候视频数据会获取不全? - 社媒助手,其他外部来源,身份权威性未知,所有者未核实,False,False,,图文/网页,说明/其他,短视频内容,False,4,4,3,
https://yenb.com/douyin/dyzb/10998.html,https://yenb.com/douyin/dyzb/10998.html,yenb.com,抖音直播间流量不精准?怎么判断，如何调整? - 记录时光:成长、生活、工作,其他外部来源,身份权威性未知,所有者未核实,False,False,,图文/网页,教程/操作指南,直播运营,True,4,4,2,
https://resources.youcloud.com/youshu/product_update/2428,https://resources.youcloud.com/youshu/product_update/2428,youcloud.com,有米有数免费版官方使用指南,其他外部来源,身份权威性未知,所有者未核实,False,False,,图文/网页,教程/操作指南,综合运营/其他,True,4,4,4,
https://youwant.cn/,https://youwant.cn/,youwant.cn,友望数据—视频号数据分析平台—youwant.cn,其他外部来源,身份权威性未知,所有者未核实,False,False,,图文/网页,推荐/对比/清单,短视频内容,False,4,4,3,
https://m.10100.com/article/25083863,https://m.10100.com/article/25083863,10100.com,别再只看GMV了!手把手教你读懂一场抖音直播的全部数据- 大数跨境,其他外部来源,身份权威性未知,所有者未核实,False,False,,图文/网页,说明/其他,直播运营,False,3,3,3,
https://m.11467.com/product/d44432164.htm,https://m.11467.com/product/d44432164.htm,11467.com,巨量引擎投放数据不准?投放巨量引擎策略分析,其他外部来源,身份权威性未知,所有者未核实,False,False,,图文/网页,方法论/策略,广告投放,True,3,3,2,
https://163.com/dy/article/KOFTPSIM0556L0HT.html,https://163.com/dy/article/KOFTPSIM0556L0HT.html,163.com,2026四大平台流量算法差异拆解(抖音/小红书等)|b站|知名企业_网易订阅,新闻/门户/自媒体,媒体或自媒体平台,网易,False,False,,图文/网页,推荐/对比/清单,数据工具/分析,False,3,3,1,
https://163.com/dy/article/L2FH2KH70556O9Q0.html,https://163.com/dy/article/L2FH2KH70556O9Q0.html,163.com,抖店新手开店工具推荐|常用功能怎么选，抖掌柜助力新手少踩坑|罗盘|货源_网易订阅,新闻/门户/自媒体,媒体或自媒体平台,网易,False,False,,图文/网页,教程/操作指南,店铺/商品/商城,True,3,3,3,
https://163.com/dy/article/L2N9H0NP0556O9Q0.html,https://163.com/dy/article/L2N9H0NP0556O9Q0.html,163.com,2026抖店软件最新推荐!官方工具+合规第三方工具完整选型手册|罗盘|货源_网易订阅,新闻/门户/自媒体,媒体或自媒体平台,网易,False,False,,图文/网页,教程/操作指南,店铺/商品/商城,True,3,3,2,
https://c.m.163.com/news/a/L1NC7V7N0556I154.html,https://c.m.163.com/news/a/L1NC7V7N0556I154.html,163.com,商家如何看行业报告做选品?蝉妈妈4个决策要点,新闻/门户/自媒体,媒体或自媒体平台,网易,False,False,,图文/网页,教程/操作指南,店铺/商品/商城,True,3,3,2,
https://c.m.163.com/news/a/L2N7NSN50556O9Q0.html,https://c.m.163.com/news/a/L2N7NSN50556O9Q0.html,163.com,2026抖店全套运营工具清单:选品、上架、数据分析、客服、打单全覆盖,新闻/门户/自媒体,媒体或自媒体平台,网易,False,False,,图文/网页,推荐/对比/清单,店铺/商品/商城,False,3,3,3,
https://m.36kr.com/p/3807781713649152,https://m.36kr.com/p/3807781713649152,36kr.com,抖音电商的618暗战，与红果的“剧情造富”实验-36氪,新闻/门户/自媒体,媒体或自媒体平台,媒体平台,False,False,,图文/网页,说明/其他,综合运营/其他,False,3,3,1,
https://5188xm.com/scxm/22846.html,https://5188xm.com/scxm/22846.html,5188xm.com,干货!全网榜单网站合集!找热点/追爆款/做分析，就看这一篇，自媒体人请看 - 实操项目 - 5188项目网,其他外部来源,身份权威性未知,所有者未核实,False,False,,图文/网页,案例/复盘,数据工具/分析,False,3,3,2,
https://52dsll.com/22295.html,https://52dsll.com/22295.html,52dsll.com,抖音直播带货投流策略深度拆解:从冷启动到ROI优化的全链路模型 – 五二电商,其他外部来源,身份权威性未知,所有者未核实,False,False,,图文/网页,方法论/策略,直播运营,True,3,3,1,
https://7starsai.com/news/d136.html,https://7starsai.com/news/d136.html,7starsai.com,进行短视频推广团购商品的数据分析时，怎样保证数据的准确性? - 七星网络,其他外部来源,身份权威性未知,所有者未核实,False,False,,图文/网页,说明/其他,短视频内容,False,3,3,3,
https://ai-321.cn/AI/8385.html,https://ai-321.cn/AI/8385.html,ai-321.cn,"飞瓜数据官网,短视频领域权威的数据分析平台 | AI工具集",其他外部来源,身份权威性未知,所有者未核实,False,False,,图文/网页,推荐/对比/清单,短视频内容,False,3,3,3,
https://ai-indeed.com/encyclopedia/15086.html,https://ai-indeed.com/encyclopedia/15086.html,ai-indeed.com,拒绝手工报表!实在Agent社区版免费一键抓取各平台销售数据，生成可视化看板 - 实在智能,其他外部来源,身份权威性未知,所有者未核实,False,False,,图文/网页,推荐/对比/清单,数据工具/分析,False,3,3,1,
https://ai-indeed.com/encyclopedia/20421.html,https://ai-indeed.com/encyclopedia/20421.html,ai-indeed.com,抖音商家后台数据可以自动采集吗?方法与边界 - 实在智能,其他外部来源,身份权威性未知,所有者未核实,False,False,,图文/网页,方法论/策略,数据工具/分析,True,3,3,3,
https://ai-indeed.com/encyclopedia/23427.html,https://ai-indeed.com/encyclopedia/23427.html,ai-indeed.com,历史大促数据自动汇总怎么做?零代码搭建AI智能体全流程解析 - 实在智能,其他外部来源,身份权威性未知,所有者未核实,False,False,,图文/网页,教程/操作指南,数据工具/分析,True,3,3,1,
https://ai-indeed.com/encyclopedia/25423.html,https://ai-indeed.com/encyclopedia/25423.html,ai-indeed.com,如何监控红人带货视频数据?穿透流量泡沫的实战指南 - 实在智能,其他外部来源,身份权威性未知,所有者未核实,False,False,,图文/网页,教程/操作指南,达人/带货,True,3,3,3,
https://ai-indeed.com/encyclopedia/28390.html,https://ai-indeed.com/encyclopedia/28390.html,ai-indeed.com,巨量千川报表自动导出全攻略:智能体批量获取投放数据的高效方案 - 实在智能,其他外部来源,身份权威性未知,所有者未核实,False,False,,图文/网页,教程/操作指南,广告投放,True,3,3,3,
https://developer.aliyun.com/article/1752147,https://developer.aliyun.com/article/1752147,aliyun.com,电商竞品监控工具全链路解决方案:从数据采集到经营落地闭环-阿里云开发者社区,其他外部来源,身份权威性未知,所有者未核实,False,False,,图文/网页,推荐/对比/清单,数据工具/分析,False,3,3,3,
https://bilibili.com/opus/1108012111098806311,https://bilibili.com/opus/1108012111098806311,bilibili.com,2025 新媒体投放管理工具综合实力榜:3 款主流工具实测 - 哔哩哔哩,社区/博客/问答,UGC/专业社区,外部平台,False,False,,图文/网页,推荐/对比/清单,广告投放,False,3,3,3,
https://biqiusoft.com/seo/131663,https://biqiusoft.com/seo/131663,biqiusoft.com,抖音服务管理在哪 详细解析抖音各类服务管理的入口和位置 – 比丘营销推广,其他外部来源,身份权威性未知,所有者未核实,False,False,,图文/网页,说明/其他,综合运营/其他,False,3,3,3,
https://biqiusoft.com/seo/180908,https://biqiusoft.com/seo/180908,biqiusoft.com,抖音哪个版本可以看到具体人数?深入解析抖音直播与视频数据展示机制 – 比丘营销推广,其他外部来源,身份权威性未知,所有者未核实,False,False,,图文/网页,说明/其他,直播运营,False,3,3,2,
https://m.book118.com/html/2026/0626/8010120070010104.shtm,https://m.book118.com/html/2026/0626/8010120070010104.shtm,book118.com,直播带货运营-找对标账号并拆解学习.pptx-原创力文档,其他外部来源,身份权威性未知,所有者未核实,False,False,,图文/网页,说明/其他,直播运营,False,3,3,3,
https://m.book118.com/html/2026/0718/6222112140012201.shtm,https://m.book118.com/html/2026/0718/6222112140012201.shtm,book118.com,直播间数据复盘七大核心指标.pptx-原创力文档,其他外部来源,身份权威性未知,所有者未核实,False,False,,图文/网页,案例/复盘,直播运营,False,3,3,2,
https://m.chinanews.com/wap/detail/cht/zw/10616862.shtml,https://m.chinanews.com/wap/detail/cht/zw/10616862.shtml,chinanews.com,2026抖音电商国货消费报告:直播电商助力新市场、新人羣双增长,其他外部来源,身份权威性未知,所有者未核实,False,False,,图文/网页,案例/复盘,直播运营,False,3,3,2,
https://cmrnn.com.cn/content/2026-02/27/content_286033.html,https://cmrnn.com.cn/content/2026-02/27/content_286033.html,cmrnn.com.cn,抖音电商安全与信任中心发布首份年度报告，全年拦截风险商家超400万家,其他外部来源,身份权威性未知,所有者未核实,False,False,,图文/网页,行业资讯/报告,综合运营/其他,False,3,3,1,
https://cnblogs.com/doudaxia/p/21661723,https://cnblogs.com/doudaxia/p/21661723,cnblogs.com,抖店店群工具和第三方ERP区别是什么?优缺点对比 - 抖大侠 - 企业博客,社区/博客/问答,UGC/专业社区,外部平台,False,False,,图文/网页,推荐/对比/清单,店铺/商品/商城,False,3,3,2,
https://cnblogs.com/doudaxia/p/22142672,https://cnblogs.com/doudaxia/p/22142672,cnblogs.com,2026 抖店精细化运营实操指南 数据复盘与利润提升方法汇总 - 抖大侠 - 企业博客,社区/博客/问答,UGC/专业社区,外部平台,False,False,,图文/网页,教程/操作指南,店铺/商品/商城,True,3,3,1,
https://cnblogs.com/mcj0320/articles/18814131,https://cnblogs.com/mcj0320/articles/18814131,cnblogs.com,抖店选品工具全解析:从数据洞察到爆款打造的实战指南 - 89vicky - 博客园,社区/博客/问答,UGC/专业社区,外部平台,False,False,,图文/网页,教程/操作指南,店铺/商品/商城,True,3,3,3,
https://m.cr173.com/x/1378637,https://m.cr173.com/x/1378637,cr173.com,灰豚数据平台下载-灰豚数据app下载v3.9.23安卓版-西西软件下载,其他外部来源,身份权威性未知,所有者未核实,False,False,,图文/网页,推荐/对比/清单,数据工具/分析,False,3,3,2,
https://blog.csdn.net/Ruanjianwang888/article/details/154459049,https://blog.csdn.net/Ruanjianwang888/article/details/154459049,csdn.net,影刀RPA秒级分析抖店直播数据!AI智能复盘，转化率提升300%[特殊字符]_影刀直播数据分析-CSDN博客,社区/博客/问答,UGC/专业社区,外部平台,False,False,,图文/网页,案例/复盘,直播运营,False,3,3,2,
https://blog.csdn.net/cda2024/article/details/144116787,https://blog.csdn.net/cda2024/article/details/144116787,csdn.net,求推荐适用于抖音的数据分析工具?_抖音数据分析工具-CSDN博客,社区/博客/问答,UGC/专业社区,外部平台,False,False,,图文/网页,推荐/对比/清单,数据工具/分析,False,3,3,3,
https://blog.csdn.net/gitblog_00188/article/details/157754256,https://blog.csdn.net/gitblog_00188/article/details/157754256,csdn.net,抖音数据采集与分析实战指南-CSDN博客,社区/博客/问答,UGC/专业社区,外部平台,False,False,,图文/网页,教程/操作指南,数据工具/分析,True,3,3,3,
https://blog.csdn.net/niudaniuworking/article/details/134627434,https://blog.csdn.net/niudaniuworking/article/details/134627434,csdn.net,自媒体数据分析工具_微博账号分析工具-CSDN博客,社区/博客/问答,UGC/专业社区,外部平台,False,False,,图文/网页,推荐/对比/清单,数据工具/分析,False,3,3,1,
https://blog.csdn.net/qq_54351538/article/details/156915510,https://blog.csdn.net/qq_54351538/article/details/156915510,csdn.net,【Java 转运营】Day03:抖音直播间自然流运营_抖音直播间漏斗数据-CSDN博客,社区/博客/问答,UGC/专业社区,外部平台,False,False,,图文/网页,说明/其他,直播运营,False,3,3,3,
https://blog.csdn.net/weixin_42600128/article/details/154336398,https://blog.csdn.net/weixin_42600128/article/details/154336398,csdn.net,抖音竞品分析完整资料:功能结构与信息架构深度解读-CSDN博客,社区/博客/问答,UGC/专业社区,外部平台,False,False,,图文/网页,说明/其他,数据工具/分析,False,3,3,1,
https://wenku.csdn.net/answer/8352vnyc322,https://wenku.csdn.net/answer/8352vnyc322,csdn.net,抖音数据自动化终极方案:用Coze+飞书打造你的自媒体数据看板(含Excel导出) - CSDN文库,社区/博客/问答,UGC/专业社区,外部平台,False,False,,图文/网页,说明/其他,数据工具/分析,False,3,3,3,
https://m.daduoduo.com/usercenter/vip,https://m.daduoduo.com/usercenter/vip,daduoduo.com,抖音直播和短视频电商数据分析平台,其他外部来源,身份权威性未知,所有者未核实,False,False,,图文/网页,推荐/对比/清单,直播运营,False,3,3,3,
https://dashboardly.io/post/dashboardly-vs-seller-center,https://dashboardly.io/post/dashboardly-vs-seller-center,dashboardly.io,Dashboardly vs TikTok Seller Center: The Analytics Seller Center Does Not Show,其他外部来源,身份权威性未知,所有者未核实,False,False,,图文/网页,说明/其他,综合运营/其他,False,3,3,1,
https://dashboardly.io/post/fastmoss-vs-kalodata-the-2025-battle-for-tiktok-shop-analytics-supremacy,https://dashboardly.io/post/fastmoss-vs-kalodata-the-2025-battle-for-tiktok-shop-analytics-supremacy,dashboardly.io,"FastMoss vs Kalodata 2026: Pricing, API & Features",其他外部来源,身份权威性未知,所有者未核实,False,False,,图文/网页,说明/其他,综合运营/其他,False,3,3,3,
https://help.dashboardly.io/troubleshooting/my-numbers-dont-match-tiktok,https://help.dashboardly.io/troubleshooting/my-numbers-dont-match-tiktok,dashboardly.io,My Numbers Don't Match TikTok,其他外部来源,身份权威性未知,所有者未核实,False,False,,图文/网页,说明/其他,综合运营/其他,False,3,3,3,
https://diantuoyi.com/article/16453.html,https://diantuoyi.com/article/16453.html,diantuoyi.com,抖音 API 怎么用?电商场景应用 + 接入流程 + 避坑全攻略 – 店托易,其他外部来源,身份权威性未知,所有者未核实,False,False,,图文/网页,教程/操作指南,综合运营/其他,True,3,3,2,
https://docin.com/touch_new/preview_new.do?id=4952236264,https://docin.com/touch_new/preview_new.do?id=4952236264,docin.com,2026年中国社交媒体追踪工具行业发展现状与市场占有率及排名研究分析报告 - 豆丁网,其他外部来源,身份权威性未知,所有者未核实,False,False,,图文/网页,推荐/对比/清单,数据工具/分析,False,3,3,3,
https://douchacha.com/article/details/85v3kem2.html,https://douchacha.com/article/details/85v3kem2.html,douchacha.com,【抖音销量榜】如何快速找到抖音近期爆款商品?,其他外部来源,身份权威性未知,所有者未核实,False,False,,图文/网页,教程/操作指南,店铺/商品/商城,True,3,3,2,
https://douchacha.com/article/details/j50jwpij.html,https://douchacha.com/article/details/j50jwpij.html,douchacha.com,抖音数据用抖查查，不当冤大头!,其他外部来源,身份权威性未知,所有者未核实,False,False,,图文/网页,说明/其他,数据工具/分析,False,3,3,3,
https://douyin.com/search/如何查抖音对标账号的数据,https://douyin.com/search/%E5%A6%82%E4%BD%95%E6%9F%A5%E6%8A%96%E9%9F%B3%E5%AF%B9%E6%A0%87%E8%B4%A6%E5%8F%B7%E7%9A%84%E6%95%B0%E6%8D%AE,douyin.com,如何查抖音对标账号的数据 - 抖音,抖音其他页面,平台官方页面,字节跳动/头条系,True,False,,图文/网页,教程/操作指南,数据工具/分析,True,3,3,3,
https://douyin.com/search/巨量百应怎么看直播和短视频,https://douyin.com/search/%E5%B7%A8%E9%87%8F%E7%99%BE%E5%BA%94%E6%80%8E%E4%B9%88%E7%9C%8B%E7%9B%B4%E6%92%AD%E5%92%8C%E7%9F%AD%E8%A7%86%E9%A2%91,douyin.com,巨量百应怎么看直播和短视频 - 抖音,抖音其他页面,平台官方页面,字节跳动/头条系,True,False,,图文/网页,教程/操作指南,直播运营,True,3,3,2,
https://douyin.com/search/怎么查询自己账号是否限流,https://douyin.com/search/%E6%80%8E%E4%B9%88%E6%9F%A5%E8%AF%A2%E8%87%AA%E5%B7%B1%E8%B4%A6%E5%8F%B7%E6%98%AF%E5%90%A6%E9%99%90%E6%B5%81,douyin.com,怎么查询自己账号是否限流 - 抖音,抖音其他页面,平台官方页面,字节跳动/头条系,True,False,,图文/网页,教程/操作指南,综合运营/其他,True,3,3,2,
https://douyin.com/search/怎么看全直播回放,https://douyin.com/search/%E6%80%8E%E4%B9%88%E7%9C%8B%E5%85%A8%E7%9B%B4%E6%92%AD%E5%9B%9E%E6%94%BE,douyin.com,怎么看全直播回放 - 抖音,抖音其他页面,平台官方页面,字节跳动/头条系,True,False,,图文/网页,教程/操作指南,直播运营,True,3,3,3,
https://douyin.com/search/抖音作品突然流量降低什么原因,https://douyin.com/search/%E6%8A%96%E9%9F%B3%E4%BD%9C%E5%93%81%E7%AA%81%E7%84%B6%E6%B5%81%E9%87%8F%E9%99%8D%E4%BD%8E%E4%BB%80%E4%B9%88%E5%8E%9F%E5%9B%A0,douyin.com,抖音作品突然流量降低什么原因 - 抖音,抖音其他页面,平台官方页面,字节跳动/头条系,True,False,,图文/网页,说明/其他,综合运营/其他,False,3,3,2,
https://www.douyin.com/video/7156116240908553472,https://www.douyin.com/video/7156116240908553472,douyin.com,四款高效抖音数据分析工具推荐,抖音视频,创作者视频,字节跳动/头条系,True,True,7156116240908553472,视频,推荐/对比/清单,数据工具/分析,False,3,3,2,
https://www.douyin.com/video/7184804301468912953,https://www.douyin.com/video/7184804301468912953,douyin.com,自媒体运营必备工具与学习资源全解析,抖音视频,创作者视频,字节跳动/头条系,True,True,7184804301468912953,视频,推荐/对比/清单,数据工具/分析,False,3,3,2,
https://www.douyin.com/video/7203615816502299959,https://www.douyin.com/video/7203615816502299959,douyin.com,抖音电商罗盘：官方免费数据分析工具助力商家经营,抖音视频,创作者视频,字节跳动/头条系,True,True,7203615816502299959,视频,推荐/对比/清单,数据工具/分析,False,3,3,3,
https://www.douyin.com/video/7372132002004307252,https://www.douyin.com/video/7372132002004307252,douyin.com,抖音运营必用的官方免费数据分析工具推荐,抖音视频,创作者视频,字节跳动/头条系,True,True,7372132002004307252,视频,推荐/对比/清单,数据工具/分析,False,3,3,3,
https://www.douyin.com/video/7516551689034337588,https://www.douyin.com/video/7516551689034337588,douyin.com,抖音数据分析工具对比与优惠购买指南,抖音视频,创作者视频,字节跳动/头条系,True,True,7516551689034337588,视频,教程/操作指南,数据工具/分析,True,3,3,3,
https://www.douyin.com/video/7538752305043721518,https://www.douyin.com/video/7538752305043721518,douyin.com,抖店流量突然下滑 先检查这四步 #新手开网店 #电商运营 #电商 #抖店运营 #抖店,抖音视频,创作者视频,字节跳动/头条系,True,True,7538752305043721518,视频,说明/其他,店铺/商品/商城,False,3,3,3,
https://www.douyin.com/video/7539739662421577018,https://www.douyin.com/video/7539739662421577018,douyin.com,抖音电商投运一体数据升级助力商家精准运营,抖音视频,创作者视频,字节跳动/头条系,True,True,7539739662421577018,视频,说明/其他,数据工具/分析,False,3,3,3,
https://www.douyin.com/video/7546494135064071464,https://www.douyin.com/video/7546494135064071464,douyin.com,推荐三大抖音数据分析平台及会员优惠,抖音视频,创作者视频,字节跳动/头条系,True,True,7546494135064071464,视频,推荐/对比/清单,数据工具/分析,False,3,3,3,
https://www.douyin.com/video/7555706307341405491,https://www.douyin.com/video/7555706307341405491,douyin.com,抖店怎么有效监测同行的店铺数据 #抖店运营 #新手做抖店#抖店干货 #抖店学习 #抖店店铺运营,抖音视频,创作者视频,字节跳动/头条系,True,True,7555706307341405491,视频,教程/操作指南,店铺/商品/商城,True,3,3,3,
https://www.douyin.com/video/7569424367252147483,https://www.douyin.com/video/7569424367252147483,douyin.com,"营销人，数据复盘不要再傻傻手动做表啦！每天加班做数据报表的运营人举个手🙋‍♀️其实你缺的只是一个「自动化数据中枢」，真正高效的数据复盘不是埋头做表，而是把时间花在分析数据和优化策略上。
#知识点总结#",抖音视频,创作者视频,字节跳动/头条系,True,True,7569424367252147483,视频,案例/复盘,数据工具/分析,False,3,3,2,
https://www.douyin.com/video/7583140419580562724,https://www.douyin.com/video/7583140419580562724,douyin.com,抖音创作者中心数据中心功能查看指南,抖音视频,创作者视频,字节跳动/头条系,True,True,7583140419580562724,视频,教程/操作指南,数据工具/分析,True,3,3,3,
https://www.douyin.com/video/7588126106546087653,https://www.douyin.com/video/7588126106546087653,douyin.com,抖音灵机三步解析直播核心数据优化指南,抖音视频,创作者视频,字节跳动/头条系,True,True,7588126106546087653,视频,教程/操作指南,直播运营,True,3,3,3,
https://www.douyin.com/video/7595057376660940901,https://www.douyin.com/video/7595057376660940901,douyin.com,灰豚数据：抖音大数据分析与决策利器,抖音视频,创作者视频,字节跳动/头条系,True,True,7595057376660940901,视频,说明/其他,数据工具/分析,False,3,3,2,
https://www.douyin.com/video/7597365449852030223,https://www.douyin.com/video/7597365449852030223,douyin.com,移动端直播复盘关键数据解析与优化,抖音视频,创作者视频,字节跳动/头条系,True,True,7597365449852030223,视频,案例/复盘,直播运营,False,3,3,1,
https://www.douyin.com/video/7608006197433908840,https://www.douyin.com/video/7608006197433908840,douyin.com,搜索流量分析工具-产品手册。搜索流量分析工具-产品手册#巨量云图 #搜索流量 #抖音电商 #数据分析 #叶同运营,抖音视频,创作者视频,字节跳动/头条系,True,True,7608006197433908840,视频,教程/操作指南,数据工具/分析,True,3,3,3,
https://www.douyin.com/video/7610717821416361222,https://www.douyin.com/video/7610717821416361222,douyin.com,批量管理抖音账号。 #短视频管理 #一键发布 #蚁小二,抖音视频,创作者视频,字节跳动/头条系,True,True,7610717821416361222,视频,行业资讯/报告,短视频内容,False,3,3,1,
https://www.douyin.com/video/7619266807564636131,https://www.douyin.com/video/7619266807564636131,douyin.com,飞书多维表自动同步某音数据，复盘省一半时间✌️#飞书多维表格 #抖音数据同步 #自媒体复盘 #数据自动化 #反卷神器,抖音视频,创作者视频,字节跳动/头条系,True,True,7619266807564636131,视频,案例/复盘,数据工具/分析,False,3,3,3,
https://www.douyin.com/video/7624168962306259173,https://www.douyin.com/video/7624168962306259173,douyin.com,做口播别瞎找爆款！两个实用入口直接用。#口播视频 #低粉爆款 #自媒体干货 #做自媒体创业 #创作灵感,抖音视频,创作者视频,字节跳动/头条系,True,True,7624168962306259173,视频,案例/复盘,短视频内容,False,3,3,1,
https://www.douyin.com/video/7628445284540827753,https://www.douyin.com/video/7628445284540827753,douyin.com,视频号官方的免费数据工具来了！ #视频号 #视频号数据 #视频号数据工具 #视频号运营技巧 #视频号运营,抖音视频,创作者视频,字节跳动/头条系,True,True,7628445284540827753,视频,推荐/对比/清单,短视频内容,False,3,3,2,
https://www.douyin.com/video/7629362106823083877,https://www.douyin.com/video/7629362106823083877,douyin.com,如何查看同行到货数据，手把手教#自媒体 #自媒体干货 #短视频带货 #选品 #青年创作者成长计划,抖音视频,创作者视频,字节跳动/头条系,True,True,7629362106823083877,视频,教程/操作指南,达人/带货,True,3,3,2,
https://www.douyin.com/video/7629568019919899945,https://www.douyin.com/video/7629568019919899945,douyin.com,抖音电商罗盘，免费数据分析工具 #电商运营  #抖音运营  #智麦电商  #抖音代运营,抖音视频,创作者视频,字节跳动/头条系,True,True,7629568019919899945,视频,推荐/对比/清单,数据工具/分析,False,3,3,3,
https://www.douyin.com/video/7633452742136436907,https://www.douyin.com/video/7633452742136436907,douyin.com,抖店流量问题,抖音视频,创作者视频,字节跳动/头条系,True,True,7633452742136436907,视频,说明/其他,店铺/商品/商城,False,3,3,1,
https://www.douyin.com/video/7636291317190578886,https://www.douyin.com/video/7636291317190578886,douyin.com,你是不是播放量也是几十？两步教你激活账号！ #自媒体干货 #经验分享 #大数据推荐给有需要的人 #口播,抖音视频,创作者视频,字节跳动/头条系,True,True,7636291317190578886,视频,推荐/对比/清单,数据工具/分析,False,3,3,2,
https://www.douyin.com/video/7639272008731151650,https://www.douyin.com/video/7639272008731151650,douyin.com,浪费直播回放太可惜了！呆头鹅AI一键梳理直播精彩内容自动规整 浪费直播回放太可惜了！呆头鹅AI一键梳理直播精彩内容自动规整字幕省去手动打字.#呆头鹅 #直播切片 #呆头鹅直播切片剪辑软件 #直播切片干,抖音视频,创作者视频,字节跳动/头条系,True,True,7639272008731151650,视频,说明/其他,直播运营,False,3,3,1,
https://www.douyin.com/video/7640683857032875279,https://www.douyin.com/video/7640683857032875279,douyin.com,承接期·综合复盘篇：不复盘的GMV只是数字 #抖音商城618商家作战大图 #抖音电商学习中心 @抖音电商学习中心,抖音视频,创作者视频,字节跳动/头条系,True,True,7640683857032875279,视频,案例/复盘,店铺/商品/商城,False,3,3,2,
https://www.douyin.com/video/7642666164157517108,https://www.douyin.com/video/7642666164157517108,douyin.com,如何查询同行的数据？ #直播电商运营 #直播带货 #直播电商,抖音视频,创作者视频,字节跳动/头条系,True,True,7642666164157517108,视频,教程/操作指南,直播运营,True,3,3,3,
https://www.douyin.com/video/7644386885472651995,https://www.douyin.com/video/7644386885472651995,douyin.com,如何查询对标账号直播数据？#电商知识#技巧,抖音视频,创作者视频,字节跳动/头条系,True,True,7644386885472651995,视频,教程/操作指南,直播运营,True,3,3,2,
https://www.douyin.com/video/7645327724961724270,https://www.douyin.com/video/7645327724961724270,douyin.com,#抖店   少想没用的，多干有用的，数据会替你说话。,抖音视频,创作者视频,字节跳动/头条系,True,True,7645327724961724270,视频,说明/其他,店铺/商品/商城,False,3,3,3,
https://www.douyin.com/video/7649315011227176207,https://www.douyin.com/video/7649315011227176207,douyin.com,新手商家必看❗️5分钟看懂店铺后台数据 #电商干货 #客服外包 #后台托管 #奇迹电商客服外包,抖音视频,创作者视频,字节跳动/头条系,True,True,7649315011227176207,视频,说明/其他,店铺/商品/商城,False,3,3,3,
https://www.douyin.com/video/7650078736712305939,https://www.douyin.com/video/7650078736712305939,douyin.com,"做电商 AI 到底能干嘛？。自动化周报复盘：把 GMV、ROI、广告数据丢给 AI，自动生成包含问题和可执行优化方案的完整周报，直接省出半天时间
广告投放智能分析：AI 帮你筛选高 ROI 人群，自动",抖音视频,创作者视频,字节跳动/头条系,True,True,7650078736712305939,视频,案例/复盘,广告投放,False,3,3,1,
https://www.douyin.com/video/7650349884058438975,https://www.douyin.com/video/7650349884058438975,douyin.com,抖店起店全流程实操干货，选品上架，发货售后！ #抖店运营 #抖店选品 #运营干货 #电商运营 #抖店干货,抖音视频,创作者视频,字节跳动/头条系,True,True,7650349884058438975,视频,说明/其他,店铺/商品/商城,False,3,3,1,
https://www.douyin.com/video/7652293292465726618,https://www.douyin.com/video/7652293292465726618,douyin.com,电商罗盘到底怎么看？这份攻略直接抄#电商罗盘 #抖店电商 #数据选品 #抖店运营,抖音视频,创作者视频,字节跳动/头条系,True,True,7652293292465726618,视频,教程/操作指南,店铺/商品/商城,True,3,3,3,
https://www.douyin.com/video/7652654121484324146,https://www.douyin.com/video/7652654121484324146,douyin.com,"6月18日 抖音数据分析全攻略！你的视频为什么没人看？可能是你根本不会看数据！这期讲透5大核心指标、播放量阶梯、互动数据解读、粉丝画像分析，以及如何用数据优化内容。看完这期，你也能用数据指导创作！建议收藏！
 #抖音运营  #抖音干货  #短视频技巧   #新手教程  #自媒体干货",抖音视频,创作者视频,字节跳动/头条系,True,True,7652654121484324146,视频,教程/操作指南,短视频内容,True,3,3,1,
https://www.douyin.com/video/7652711048373357859,https://www.douyin.com/video/7652711048373357859,douyin.com,选好AI工具，爆款文案任你选 #AI#AI人工智能#巨量算数#丁妍之,抖音视频,创作者视频,字节跳动/头条系,True,True,7652711048373357859,视频,推荐/对比/清单,数据工具/分析,False,3,3,2,
https://www.douyin.com/video/7654071835721551140,https://www.douyin.com/video/7654071835721551140,douyin.com,"对标分析别乱抄！选对参考账号，少走半年创作弯路 很多新人做抖音喜欢对标头部大 V，照搬内容模式后数据反而更差，其实对标分析选对参考对象才是关键。本期分享对标账号的 4 个选择标准、4 个核心拆解维度、差异化方向和定期复盘方法，帮你找对参考，少走创作弯路。
 内容为创作者经验总结，仅供参考，不代表平台官方规则。
#对标分析  #抖音起号  #账号运营  #创作者干货  #短视频运营",抖音视频,创作者视频,字节跳动/头条系,True,True,7654071835721551140,视频,推荐/对比/清单,短视频内容,False,3,3,1,
https://www.douyin.com/video/7654848579891677668,https://www.douyin.com/video/7654848579891677668,douyin.com,如何用蝉妈妈查询抖音人气榜与带货榜数据？#蝉妈妈查数据#抖音人气榜 #抖音带货榜数据,抖音视频,创作者视频,字节跳动/头条系,True,True,7654848579891677668,视频,教程/操作指南,达人/带货,True,3,3,1,
https://www.douyin.com/video/7659604524500400232,https://www.douyin.com/video/7659604524500400232,douyin.com,电商数据分享工具分享：40个数据分析工具。#电商运营入门基础知识 #电商运营知识分享 #电商笔记 #电商运营 #电商数据分析,抖音视频,创作者视频,字节跳动/头条系,True,True,7659604524500400232,视频,教程/操作指南,数据工具/分析,True,3,3,1,
https://www.douyin.com/video/7659927740397644965,https://www.douyin.com/video/7659927740397644965,douyin.com,别再瞎花钱！抖音官方这5个免费工具，新手直接躺赚！ 记住：抖音的本质是‘大量复制+快速试错’，今天拍一条不行，明天拍两条，总有一条能爆。#抖音运营干货 #抖音官方规则 #新手做抖音 #抖音避坑 #抖音起号,抖音视频,创作者视频,字节跳动/头条系,True,True,7659927740397644965,视频,推荐/对比/清单,数据工具/分析,False,3,3,2,
https://www.douyin.com/video/7661216446937254321,https://www.douyin.com/video/7661216446937254321,douyin.com,#抖音账号标签解析 #自媒体运营干货 #新手做抖音 #巨量算数用法 #口播视频,抖音视频,创作者视频,字节跳动/头条系,True,True,7661216446937254321,视频,说明/其他,短视频内容,False,3,3,3,
https://www.douyin.com/video/7661290821026712832,https://www.douyin.com/video/7661290821026712832,douyin.com,抖店新功能如何查看对标的流量结构以及ROI和短视频的销售额！ #巨量千川全域推广 #巨量千川投放技巧 #巨量千川 #千川投放技巧 #直播带货,抖音视频,创作者视频,字节跳动/头条系,True,True,7661290821026712832,视频,教程/操作指南,直播运营,True,3,3,3,
https://www.douyin.com/video/7661896942049889701,https://www.douyin.com/video/7661896942049889701,douyin.com,短视频转化怎么查？#短视频转化 #短视频转化技巧 #短视频转化率 #蝉妈妈,抖音视频,创作者视频,字节跳动/头条系,True,True,7661896942049889701,视频,教程/操作指南,短视频内容,True,3,3,1,
https://www.douyin.com/video/7663048120851030886,https://www.douyin.com/video/7663048120851030886,douyin.com,多平台多店铺的数据，该怎么管理，怎么运营呢？#电商老板 #电商企业,抖音视频,创作者视频,字节跳动/头条系,True,True,7663048120851030886,视频,教程/操作指南,店铺/商品/商城,True,3,3,1,
https://www.douyin.com/video/7665280849189715782,https://www.douyin.com/video/7665280849189715782,douyin.com,怎么用公开数据，一眼看穿同行赛道打法和盈利逻辑？看不懂赛道规律，再优质的素材，也跑不出好数据！#人群 #千川 #直播 #短视频 #全域,抖音视频,创作者视频,字节跳动/头条系,True,True,7665280849189715782,视频,教程/操作指南,直播运营,True,3,3,3,
https://www.douyin.com/video/7668206095562771712,https://www.douyin.com/video/7668206095562771712,douyin.com,还在熬夜对数据？你的同行已经靠豆包开挂了. #豆包#豆包APP#app推荐,抖音视频,创作者视频,字节跳动/头条系,True,True,7668206095562771712,视频,推荐/对比/清单,数据工具/分析,False,3,3,2,
https://www.douyin.com/video/7668397248447692687,https://www.douyin.com/video/7668397248447692687,douyin.com,四面八方都是前方#实时销售数据 #电商人现状,抖音视频,创作者视频,字节跳动/头条系,True,True,7668397248447692687,视频,说明/其他,数据工具/分析,False,3,3,3,
https://www.douyin.com/video/7668588641211813750,https://www.douyin.com/video/7668588641211813750,douyin.com,商品分析报告怎么写？蝉妈妈3步锁定真爆款 Q1: 商品分析报告核心看哪些数据？ A1: 重点拆解销量趋势、价格带分布与达人结构。入口「商品-商品库」，输入关键词筛选类目、佣金及转化率，点击详情查看基础分析与同款推荐。通过蝉妈妈聚合全域销量，判断商品生命周期与竞争烈度，辅助精准选品。  Q2: 如何锁定真正的爆款SPU？ A2: 需穿透单链接看同品聚合数据。进入「商品-SPU库」，搜索品类对比多链接,抖音视频,创作者视频,字节跳动/头条系,True,True,7668588641211813750,视频,教程/操作指南,达人/带货,True,3,3,3,
https://www.douyin.com/video/7668883443015099877,https://www.douyin.com/video/7668883443015099877,douyin.com,酒馆运营必看！抖音来客的生意经 最近在研究抖音来客后台的生意经功能，里面能看到各种运营数据，最实用的是还能查到同行的数据参考～#酒馆创业 #酒馆运营 #精酿创业#生意经 #数据敏感性分析指导,抖音视频,创作者视频,字节跳动/头条系,True,True,7668883443015099877,视频,说明/其他,数据工具/分析,False,3,3,1,
https://lf3-cdn-tos.draftstatic.com/obj/ies-hotsoon-draft/merchant_center/service_agreement.html,https://lf3-cdn-tos.draftstatic.com/obj/ies-hotsoon-draft/merchant_center/service_agreement.html,draftstatic.com,抖音商家中心服务协议,其他外部来源,身份权威性未知,所有者未核实,False,False,,图文/网页,说明/其他,综合运营/其他,False,3,3,1,
https://m.dtm.com.cn/news/202512/152155.html,https://m.dtm.com.cn/news/202512/152155.html,dtm.com.cn,年底电商复盘:抖音电商新工具助商家算清账，开启智能经营新范式-天脉财经,其他外部来源,身份权威性未知,所有者未核实,False,False,,图文/网页,推荐/对比/清单,数据工具/分析,False,3,3,1,
https://fanruan.com/blog/article/1797704,https://fanruan.com/blog/article/1797704,fanruan.com,抖音数据分析难点在哪里?助力短视频内容优化升级 | 帆软数字化转型知识库,企业官网/工具平台,企业或垂直站点,外部企业,False,False,,图文/网页,说明/其他,短视频内容,False,3,3,2,
https://fanruan.com/finepedia/article/68aeb1500bd240a23963b67c,https://fanruan.com/finepedia/article/68aeb1500bd240a23963b67c,fanruan.com,抖音数据分析入口在哪里?企业如何快速定位功能模块-帆软企业数字化知识百科,企业官网/工具平台,企业或垂直站点,外部企业,False,False,,图文/网页,教程/操作指南,数据工具/分析,True,3,3,1,
https://fanruan.com/finepedia/article/68ca76dcf7a2e7129724859e,https://fanruan.com/finepedia/article/68ca76dcf7a2e7129724859e,fanruan.com,抖音数据分析在哪里看?内容运营人员高效分析方法全解读-帆软企业数字化知识百科,企业官网/工具平台,企业或垂直站点,外部企业,False,False,,图文/网页,方法论/策略,数据工具/分析,True,3,3,3,
https://fanruan.com/finepedia/article/68ca7d33f7a2e71297278b45,https://fanruan.com/finepedia/article/68ca7d33f7a2e71297278b45,fanruan.com,短视频流量如何精准监测?抖音数据分析助力营销增长-帆软企业数字化知识百科,企业官网/工具平台,企业或垂直站点,外部企业,False,False,,图文/网页,教程/操作指南,短视频内容,True,3,3,2,
https://fanruan.com/finepedia/article/68ca886bf7a2e7129728183f,https://fanruan.com/finepedia/article/68ca886bf7a2e7129728183f,fanruan.com,抖音数据分析在哪里查看?掌握平台数据入口与实用技巧-帆软企业数字化知识百科,企业官网/工具平台,企业或垂直站点,外部企业,False,False,,图文/网页,推荐/对比/清单,数据工具/分析,False,3,3,3,
https://fanruan.com/finepedia/article/69087078f7a2e71297c02a30,https://fanruan.com/finepedia/article/69087078f7a2e71297c02a30,fanruan.com,短视频数据分析平台靠谱吗?企业如何安全接入数据源-帆软企业数字化知识百科,企业官网/工具平台,企业或垂直站点,外部企业,False,False,,图文/网页,教程/操作指南,短视频内容,True,3,3,3,
https://fanruan.com/finepedia/article/690880daf7a2e71297c3a89b,https://fanruan.com/finepedia/article/690880daf7a2e71297c3a89b,fanruan.com,抖音数据分析工具怎么选?企业级平台功能全解析-帆软企业数字化知识百科,企业官网/工具平台,企业或垂直站点,外部企业,False,False,,图文/网页,教程/操作指南,数据工具/分析,True,3,3,2,
https://fastmoss.com/blog/best-tiktok-shop-tools-for-sellers-2026,https://fastmoss.com/blog/best-tiktok-shop-tools-for-sellers-2026,fastmoss.com,Best TikTok Shop Tools for Sellers in 2026: The Complete Stack,其他外部来源,身份权威性未知,所有者未核实,False,False,,图文/网页,说明/其他,综合运营/其他,False,3,3,3,
https://dy.feigua.cn/?chl=bing-jp,https://dy.feigua.cn/?chl=bing-jp,feigua.cn,飞瓜数据-抖音电商与直播大数据分析平台-feigua.cn,企业官网/工具平台,企业或垂直站点,外部企业,False,False,,图文/网页,推荐/对比/清单,直播运营,False,3,3,1,
https://dy.feigua.cn/help/detail/3/34.html,https://dy.feigua.cn/help/detail/3/34.html,feigua.cn,【商品库】如何在飞瓜数据上搜索抖音爆款商品?-帮助中心-抖音电商与直播大数据分析平台-feigua.cn,企业官网/工具平台,企业或垂直站点,外部企业,False,False,,图文/网页,教程/操作指南,直播运营,True,3,3,2,
https://dy.feigua.cn/help/detail/9/447.html,https://dy.feigua.cn/help/detail/9/447.html,feigua.cn,飞瓜数据 菜单栏使用说明-帮助中心-抖音电商与直播大数据分析平台-feigua.cn,企业官网/工具平台,企业或垂直站点,外部企业,False,False,,图文/网页,推荐/对比/清单,直播运营,False,3,3,2,
https://dy.feigua.cn/home/product,https://dy.feigua.cn/home/product,feigua.cn,飞瓜数据-抖音电商与直播大数据分析平台-feigua.cn,企业官网/工具平台,企业或垂直站点,外部企业,False,False,,图文/网页,推荐/对比/清单,直播运营,False,3,3,3,
https://feishu.cn/community/article?id=7602887045786110921&lk-meta=%257B%2522page-meta%2522%253A%257B%2522showBottomNavBar%2522%253A%2522false%2522%257D%257D,https://feishu.cn/community/article?id=7602887045786110921&lk-meta=%257B%2522page-meta%2522%253A%257B%2522showBottomNavBar%2522%253A%2522false%2522%257D%257D,feishu.cn,【1.5万字长文】从底层逻辑到实战拆解，一文讲透飞书多维表格!,字节/头条系其他,平台或产品来源,字节跳动/头条系,True,False,,图文/网页,案例/复盘,综合运营/其他,False,3,3,2,
https://feishu.cn/content/article/7582157021714156772,https://feishu.cn/content/article/7582157021714156772,feishu.cn,电商直播下半场的新基建：飞书多维表格助力电商直播精细化运营！（附模板）,字节/头条系其他,平台或产品来源,字节跳动/头条系,True,False,,图文/网页,说明/其他,直播运营,False,3,3,2,
https://feishu.cn/content/article/7584012383060757728,https://feishu.cn/content/article/7584012383060757728,feishu.cn,多维表格实战教程：如何搭建爆款内容自动化工厂？含免费模板,字节/头条系其他,平台或产品来源,字节跳动/头条系,True,False,,图文/网页,教程/操作指南,综合运营/其他,True,3,3,2,
https://findlaw.cn/wenda/q_58818864.html,https://findlaw.cn/wenda/q_58818864.html,findlaw.cn,TIKTOK抖音粉丝排行榜-找法网,其他外部来源,身份权威性未知,所有者未核实,False,False,,图文/网页,说明/其他,综合运营/其他,False,3,3,3,
https://finebi.com/blog/article/68ae768928946ecca8878b52,https://finebi.com/blog/article/68ae768928946ecca8878b52,finebi.com,如何快速掌握抖音数据分析?业务人员上手指南详解 - FineBI数据分析知识库,其他外部来源,身份权威性未知,所有者未核实,False,False,,图文/网页,教程/操作指南,数据工具/分析,True,3,3,3,
https://fromgeek.com/daily/1044-722231.html,https://fromgeek.com/daily/1044-722231.html,fromgeek.com,抖店 AI 工具箱该怎么操作?2026 抖掌柜全套功能实操完整教程_极客网,其他外部来源,身份权威性未知,所有者未核实,False,False,,图文/网页,教程/操作指南,店铺/商品/商城,True,3,3,3,
https://gebidh.com/sites/12344.html,https://gebidh.com/sites/12344.html,gebidh.com,巨量算数官网 - 抖音指数数据分析平台 - 字节跳动官方趋势洞察与营销决策工具,其他外部来源,身份权威性未知,所有者未核实,False,False,,图文/网页,推荐/对比/清单,数据工具/分析,False,3,3,3,
https://guandata.com/gy/post/gZJk4RVA.html,https://guandata.com/gy/post/gZJk4RVA.html,guandata.com,抖音数据分析深度解析:三层拆解与美妆品牌实战指南-观远数据BI平台,其他外部来源,身份权威性未知,所有者未核实,False,False,,图文/网页,教程/操作指南,数据工具/分析,True,3,3,2,
https://hashmeta.com/blog/instagram-reels-vs-tiktok-vs-youtube-shorts-a-comprehensive-platform-comparison,https://hashmeta.com/blog/instagram-reels-vs-tiktok-vs-youtube-shorts-a-comprehensive-platform-comparison,hashmeta.com,Instagram Reels vs TikTok vs YouTube Shorts: A Comprehensive Platform Comparison,其他外部来源,身份权威性未知,所有者未核实,False,False,,图文/网页,说明/其他,综合运营/其他,False,3,3,1,
https://hwds868.com/article/qianchuan-fang-liang-toupan-budget-scale-guide.html,https://hwds868.com/article/qianchuan-fang-liang-toupan-budget-scale-guide.html,hwds868.com,千川放量投放:什么时候能放?预算放大多少钱合适 | 电商干货社区,其他外部来源,身份权威性未知,所有者未核实,False,False,,图文/网页,说明/其他,广告投放,False,3,3,1,
https://op.jinritemai.com/docs/guide-docs/83/7320?docLabel=1,https://op.jinritemai.com/docs/guide-docs/83/7320?docLabel=1,jinritemai.com,抖店开放平台,字节/头条系其他,平台或产品来源,字节跳动/头条系,True,False,,图文/网页,推荐/对比/清单,店铺/商品/商城,False,3,3,3,
https://school.jinritemai.com/doudian/wap/article/aHPrhmTktyFT,https://school.jinritemai.com/doudian/wap/article/aHPrhmTktyFT,jinritemai.com,抖音电商学习中心,字节/头条系其他,平台或产品来源,字节跳动/头条系,True,False,,图文/网页,说明/其他,综合运营/其他,False,3,3,2,
https://school.jinritemai.com/doudian/wap/article/aHahswDBv9YJ,https://school.jinritemai.com/doudian/wap/article/aHahswDBv9YJ,jinritemai.com,抖音电商学习中心,字节/头条系其他,平台或产品来源,字节跳动/头条系,True,False,,图文/网页,说明/其他,综合运营/其他,False,3,3,2,
https://school.jinritemai.com/doudian/wap/article/aHghh2bV3KrC?from_school=1&should_full_screen=1&should_hide_bottom_nav=1,https://school.jinritemai.com/doudian/wap/article/aHghh2bV3KrC?from_school=1&should_full_screen=1&should_hide_bottom_nav=1,jinritemai.com,用户运营——【用户分析】操作指南,字节/头条系其他,平台或产品来源,字节跳动/头条系,True,False,,图文/网页,教程/操作指南,数据工具/分析,True,3,3,3,
https://school.jinritemai.com/doudian/wap/article/aJNFUTge7dnX?from_school=1&should_full_screen=1&should_hide_bottom_nav=1,https://school.jinritemai.com/doudian/wap/article/aJNFUTge7dnX?from_school=1&should_full_screen=1&should_hide_bottom_nav=1,jinritemai.com,抖音电商学习中心,字节/头条系其他,平台或产品来源,字节跳动/头条系,True,False,,图文/网页,说明/其他,综合运营/其他,False,3,3,2,
https://school.jinritemai.com/doudian/wap/article/aJdsqo8gfpry?from_school=1&should_full_screen=1&should_hide_bottom_nav=1,https://school.jinritemai.com/doudian/wap/article/aJdsqo8gfpry?from_school=1&should_full_screen=1&should_hide_bottom_nav=1,jinritemai.com,抖音电商学习中心,字节/头条系其他,平台或产品来源,字节跳动/头条系,True,False,,图文/网页,说明/其他,综合运营/其他,False,3,3,3,
https://school.jinritemai.com/doudian/wap/article/aJeejqFp1dG5,https://school.jinritemai.com/doudian/wap/article/aJeejqFp1dG5,jinritemai.com,中小商家抖音电商经营常用词小词典,字节/头条系其他,平台或产品来源,字节跳动/头条系,True,False,,图文/网页,说明/其他,综合运营/其他,False,3,3,2,
https://school.jinritemai.com/doudian/wap/course-series/cHXYPm4k5tCn/cHXYPm4k5tCnlHZdqBe2av8k?from_school=1&should_full_screen=1&should_hide_bottom_nav=1,https://school.jinritemai.com/doudian/wap/course-series/cHXYPm4k5tCn/cHXYPm4k5tCnlHZdqBe2av8k?from_school=1&should_full_screen=1&should_hide_bottom_nav=1,jinritemai.com,抖音电商官方数据产品「罗盘·策略」引领生意增长,字节/头条系其他,平台或产品来源,字节跳动/头条系,True,False,,图文/网页,案例/复盘,数据工具/分析,False,3,3,3,
https://school.jinritemai.com/doudian/wap/course-series/cJZHjLnhaLyw/cJZHjLnhaLywlJZJUawr8fcn?from_school=1&should_full_screen=1&should_hide_bottom_nav=1,https://school.jinritemai.com/doudian/wap/course-series/cJZHjLnhaLyw/cJZHjLnhaLywlJZJUawr8fcn?from_school=1&should_full_screen=1&should_hide_bottom_nav=1,jinritemai.com,中小商家千川广告投放运营基础及工具使用,字节/头条系其他,平台或产品来源,字节跳动/头条系,True,False,,图文/网页,推荐/对比/清单,广告投放,False,3,3,2,
https://school.jinritemai.com/doudian/web/article/aJVVUcN3je9k,https://school.jinritemai.com/doudian/web/article/aJVVUcN3je9k,jinritemai.com,🔥求取同行生意经!案例中心全新上线,字节/头条系其他,平台或产品来源,字节跳动/头条系,True,False,,图文/网页,案例/复盘,综合运营/其他,False,3,3,2,
https://school.jinritemai.com/doudian/web/article/aJb9qkCMDELy?jsls_shop=252355334,https://school.jinritemai.com/doudian/web/article/aJb9qkCMDELy?jsls_shop=252355334,jinritemai.com,抖店双周新功能速递 08期(2025.11.28),字节/头条系其他,平台或产品来源,字节跳动/头条系,True,False,,图文/网页,说明/其他,店铺/商品/商城,False,3,3,3,
https://school.jinritemai.com/doudian/web/article/aJgfsPKUq3E9?from_school=1&should_full_screen=1&should_hide_bottom_nav=1,https://school.jinritemai.com/doudian/web/article/aJgfsPKUq3E9?from_school=1&should_full_screen=1&should_hide_bottom_nav=1,jinritemai.com,抖店AI助手，中小商家的运营提效新选择,字节/头条系其他,平台或产品来源,字节跳动/头条系,True,False,,图文/网页,说明/其他,店铺/商品/商城,False,3,3,2,
https://school.jinritemai.com/doudian/web/articlev0/113166?jsls_shop=175791803,https://school.jinritemai.com/doudian/web/articlev0/113166?jsls_shop=175791803,jinritemai.com,抖音电商罗盘最新最全介绍手册(达人版),字节/头条系其他,平台或产品来源,字节跳动/头条系,True,False,,图文/网页,教程/操作指南,达人/带货,True,3,3,2,
https://school.jinritemai.com/doudian/web/course-series/cHXYPm4k5tCn/cHXYPm4k5tCnlHkBiJdKZ8kY,https://school.jinritemai.com/doudian/web/course-series/cHXYPm4k5tCn/cHXYPm4k5tCnlHkBiJdKZ8kY,jinritemai.com,抖音电商官方数据产品「罗盘·策略」引领生意增长,字节/头条系其他,平台或产品来源,字节跳动/头条系,True,False,,图文/网页,案例/复盘,数据工具/分析,False,3,3,2,
https://school.jinritemai.com/doudian/web/course-series/cJZHjLnhaLyw/cJZHjLnhaLywlJZJUawr8fcn?from_school=1&should_full_screen=1&should_hide_bottom_nav=1,https://school.jinritemai.com/doudian/web/course-series/cJZHjLnhaLyw/cJZHjLnhaLywlJZJUawr8fcn?from_school=1&should_full_screen=1&should_hide_bottom_nav=1,jinritemai.com,中小商家千川广告投放运营基础及工具使用,字节/头条系其他,平台或产品来源,字节跳动/头条系,True,False,,图文/网页,推荐/对比/清单,广告投放,False,3,3,1,
https://school.jinritemai.com/doudian/web/knowledge/kJac1bzn2QXB,https://school.jinritemai.com/doudian/web/knowledge/kJac1bzn2QXB,jinritemai.com,商城/搜索/商品卡流量为什么突然减少?-抖音电商学习中心,字节/头条系其他,平台或产品来源,字节跳动/头条系,True,False,,图文/网页,说明/其他,店铺/商品/商城,False,3,3,2,
https://juejin.cn/post/7616187156478590986,https://juejin.cn/post/7616187156478590986,juejin.cn,DAU和曝光量(区别)在App的使用和数据分析中，DAU 和 曝光量 是两个完全不同的核心指标。简单来说，DAU衡量的是 - 掘金,社区/博客/问答,UGC/专业社区,外部平台,False,False,,图文/网页,方法论/策略,数据工具/分析,True,3,3,1,
https://jzl.com/news/douyin-data-7,https://jzl.com/news/douyin-data-7,jzl.com,抖音数据监测工具有哪些?第三方平台对比测评,企业官网/工具平台,企业或垂直站点,外部企业,False,False,,图文/网页,推荐/对比/清单,数据工具/分析,False,3,3,3,
https://m.k73.com/down/android/633004.html,https://m.k73.com/down/android/633004.html,k73.com,蝉妈妈app下载-蝉妈妈数据分析平台下载v4.27.3免费版-k73游戏之家,其他外部来源,身份权威性未知,所有者未核实,False,False,,图文/网页,推荐/对比/清单,数据工具/分析,False,3,3,3,
https://oss.kesion.com/KTJUpload/2024/75/F133711297727375.pdf,https://oss.kesion.com/KTJUpload/2024/75/F133711297727375.pdf,kesion.com,抖店上架橱窗挂载教程（通过课堂街抖店）,其他外部来源,身份权威性未知,所有者未核实,False,False,,PDF/图文报告,教程/操作指南,店铺/商品/商城,True,3,3,1,
https://luoluo.help/docs/xiaohongshu/data-tools,https://luoluo.help/docs/xiaohongshu/data-tools,luoluo.help,数据分析工具 | LuoLuo Wiki,其他外部来源,身份权威性未知,所有者未核实,False,False,,图文/网页,推荐/对比/清单,数据工具/分析,False,3,3,3,
https://m.bm.lywh0635.com/html/daily-20260629-104-96fb10b4.html,https://m.bm.lywh0635.com/html/daily-20260629-104-96fb10b4.html,lywh0635.com,抖音搜索指数SLA考核口径排查方案 - 探索 - 野无遗贤网,其他外部来源,身份权威性未知,所有者未核实,False,False,,图文/网页,说明/其他,综合运营/其他,False,3,3,3,
https://d.newrank.cn/creative/3354,https://d.newrank.cn/creative/3354,newrank.cn,抖音付费流量与自然流量区分及流量包使用全攻略 - 新榜小豆芽,企业官网/工具平台,企业或垂直站点,外部企业,False,False,,图文/网页,教程/操作指南,综合运营/其他,True,3,3,2,
https://trendinsight.oceanengine.com/,https://trendinsight.oceanengine.com/,oceanengine.com,"抖音指数-洞察趋势,解码内容",字节/头条系其他,平台或产品来源,字节跳动/头条系,True,False,,图文/网页,行业资讯/报告,综合运营/其他,False,3,3,2,
https://developer.open-douyin.com/announcement/289,https://developer.open-douyin.com/announcement/289,open-douyin.com,移动/网站应用部分能力权限下线/回收公告 - 抖音开放平台,其他外部来源,身份权威性未知,所有者未核实,False,False,,图文/网页,推荐/对比/清单,数据工具/分析,False,3,3,2,
https://developer.open-douyin.com/forum/synthesize/post/61e5514b38cd067c775b0f52,https://developer.open-douyin.com/forum/synthesize/post/61e5514b38cd067c775b0f52,open-douyin.com,【小游戏播放量，前端后台数据不一致】 - 其他 - 抖音开放平台,其他外部来源,身份权威性未知,所有者未核实,False,False,,图文/网页,推荐/对比/清单,数据工具/分析,False,3,3,1,
https://developer.open-douyin.com/m/docs/resource/zh-CN/dop/operation-standard,https://developer.open-douyin.com/m/docs/resource/zh-CN/dop/operation-standard,open-douyin.com,移动/网站应用能力申请及使用规范,其他外部来源,身份权威性未知,所有者未核实,False,False,,图文/网页,说明/其他,综合运营/其他,False,3,3,2,
https://partner.open-douyin.com/docs/resource/zh-CN/dop/operation-standard/platform-capabilities/douyin-open-sdk-developer-standard,https://partner.open-douyin.com/docs/resource/zh-CN/dop/operation-standard/platform-capabilities/douyin-open-sdk-developer-standard,open-douyin.com,抖音open SDK 开发者使用规范_移动/网站应用_抖音开放平台,其他外部来源,身份权威性未知,所有者未核实,False,False,,图文/网页,推荐/对比/清单,数据工具/分析,False,3,3,3,
https://m.oppozhijia.com/wz/1010856.html,https://m.oppozhijia.com/wz/1010856.html,oppozhijia.com,巨量算数数据平台入口 巨量算数指数官网入口-oppo之家,其他外部来源,身份权威性未知,所有者未核实,False,False,,图文/网页,推荐/对比/清单,数据工具/分析,False,3,3,3,
https://m.oppozhijia.com/wz/976190.html,https://m.oppozhijia.com/wz/976190.html,oppozhijia.com,巨量百应和精选联盟的区别是什么 巨量百应平台功能与定位解析-oppo之家,其他外部来源,身份权威性未知,所有者未核实,False,False,,图文/网页,推荐/对比/清单,数据工具/分析,False,3,3,2,
https://peksun.com/article/e66a9d317bf997b492781ed0b4521fe2.html,https://peksun.com/article/e66a9d317bf997b492781ed0b4521fe2.html,peksun.com,短视频数据分析实战:抖音创作者中心数据驱动运营 ———— 北盛科技，引领未来!,其他外部来源,身份权威性未知,所有者未核实,False,False,,图文/网页,案例/复盘,短视频内容,False,3,3,3,
https://m.php.cn/faq/2056589.html,https://m.php.cn/faq/2056589.html,php.cn,抖音创作者中心后台功能介绍 各模块用途详解-常见问题-PHP中文网,社区/博客/问答,UGC/专业社区,外部平台,False,False,,图文/网页,说明/其他,综合运营/其他,False,3,3,2,
https://php.cn/faq/2056589.html,https://php.cn/faq/2056589.html,php.cn,抖音创作者中心后台功能介绍 各模块用途详解-常见问题-PHP中文网,社区/博客/问答,UGC/专业社区,外部平台,False,False,,图文/网页,说明/其他,综合运营/其他,False,3,3,2,
https://wap.qian-gua.com/Home/LiveEcommerceTool,https://wap.qian-gua.com/Home/LiveEcommerceTool,qian-gua.com,千瓜-种草直播数据分析与监测工具-qian-gua.com,其他外部来源,身份权威性未知,所有者未核实,False,False,,图文/网页,推荐/对比/清单,直播运营,False,3,3,2,
https://store.weixin.qq.com/chengzhang/webdoc/wiki/7634/75ef0675702b5a38/growth_center_manual_for_finder,https://store.weixin.qq.com/chengzhang/webdoc/wiki/7634/75ef0675702b5a38/growth_center_manual_for_finder,qq.com,微信小店成长中心 - 功能中心,新闻/门户/自媒体,媒体或自媒体平台,媒体平台,False,False,,图文/网页,说明/其他,综合运营/其他,False,3,3,3,
https://reportify.cn/news/1217954609100886016,https://reportify.cn/news/1217954609100886016,reportify.cn,2026短视频搜索深度测评:主流平台谁更值得用? - Reportify,其他外部来源,身份权威性未知,所有者未核实,False,False,,图文/网页,推荐/对比/清单,短视频内容,False,3,3,1,
https://help.shortimize.com/articles/8861382-why-dont-the-metrics-in-shortimize-perfectly-match-what-i,https://help.shortimize.com/articles/8861382-why-dont-the-metrics-in-shortimize-perfectly-match-what-i,shortimize.com,"Why don't the metrics in Shortimize perfectly match what I see on the native platform (e.g., TikTok, Instagram)?",其他外部来源,身份权威性未知,所有者未核实,False,False,,图文/网页,说明/其他,综合运营/其他,False,3,3,2,
https://cj.sina.cn/articles/view/7879848900/1d5acf3c4068036mgo,https://cj.sina.cn/articles/view/7879848900/1d5acf3c4068036mgo,sina.cn,如何查看抖音号的粉丝数据?_财经头条,其他外部来源,身份权威性未知,所有者未核实,False,False,,图文/网页,教程/操作指南,数据工具/分析,True,3,3,3,
https://m.app.so.com/detail/index?id=4605342,https://m.app.so.com/detail/index?id=4605342,so.com,灰豚数据_360应用,其他外部来源,身份权威性未知,所有者未核实,False,False,,图文/网页,说明/其他,数据工具/分析,False,3,3,3,
https://biznews.sohu.com/a/1051444323_121966180,https://biznews.sohu.com/a/1051444323_121966180,sohu.com,秋稔文化:种草流量真假分辨|小红书+抖音双平台，避开KOC无效流量坑_数据_标签_核心,新闻/门户/自媒体,媒体或自媒体平台,搜狐,False,False,,图文/网页,推荐/对比/清单,数据工具/分析,False,3,3,1,
https://m.sohu.com/a/1001303767_122020115,https://m.sohu.com/a/1001303767_122020115,sohu.com,2026竞品分析软件推荐，功能 / 价格 / 覆盖平台全对比_数据_工具_企业,新闻/门户/自媒体,媒体或自媒体平台,搜狐,False,False,,图文/网页,推荐/对比/清单,数据工具/分析,False,3,3,2,
https://m.sohu.com/a/1048368670_122634602,https://m.sohu.com/a/1048368670_122634602,sohu.com,达人种草爆款怎么查?蝉妈妈拆解高潜视频_数据_内容_进行,新闻/门户/自媒体,媒体或自媒体平台,搜狐,False,False,,图文/网页,教程/操作指南,达人/带货,True,3,3,2,蝉妈妈
https://m.sohu.com/a/1053665403_122634602,https://m.sohu.com/a/1053665403_122634602,sohu.com,短视频流量下滑怎么复盘?短视频运营核心指标拆解_内容_用户_数据,新闻/门户/自媒体,媒体或自媒体平台,搜狐,False,False,,图文/网页,教程/操作指南,短视频内容,True,3,3,2,蝉妈妈
https://goods.taobao.com/t/daiyunying_16960/abb8ee8ae7552fe70f19ec3da960a427.html,https://goods.taobao.com/t/daiyunying_16960/abb8ee8ae7552fe70f19ec3da960a427.html,taobao.com,蝉妈妈数据会员到底值不值买?企业版和个人版哪个更划算?25年超详细避坑解析-代运营-淘宝好物网,其他外部来源,身份权威性未知,所有者未核实,False,False,,图文/网页,说明/其他,数据工具/分析,False,3,3,3,
https://cloud.tencent.com/developer/article/2582775,https://cloud.tencent.com/developer/article/2582775,tencent.com,自媒体多平台数据不同步?教你用 API 对接工具，数据实时汇总分析更精准-腾讯云开发者社区-腾讯云,其他外部来源,身份权威性未知,所有者未核实,False,False,,图文/网页,推荐/对比/清单,数据工具/分析,False,3,3,3,
https://tidenews.com.cn/tmh_news.html?id=698e9e772cc8fb0001f3e214,https://tidenews.com.cn/tmh_news.html?id=698e9e772cc8fb0001f3e214,tidenews.com.cn,抖音电商超越拼多多 成为电商第二?_潮新闻官网,其他外部来源,身份权威性未知,所有者未核实,False,False,,图文/网页,说明/其他,综合运营/其他,False,3,3,1,
https://index.toutiao.com/,https://index.toutiao.com/,toutiao.com,抖音指数(原巨量算数),字节/头条系其他,平台或产品来源,字节跳动/头条系,True,False,,图文/网页,说明/其他,综合运营/其他,False,3,3,3,
https://m.toutiao.com/group/7663308723799998985,https://m.toutiao.com/group/7663308723799998985,toutiao.com,直播运营团队怎么用蝉妈妈做日常复盘?_蝉妈妈电商增长,字节/头条系其他,平台或产品来源,字节跳动/头条系,True,False,,图文/网页,教程/操作指南,直播运营,True,3,3,3,
https://m.toutiao.com/group/7669625510359548450,https://m.toutiao.com/group/7669625510359548450,toutiao.com,用有米有数和其他千川素材工具做归因测试，为什么结论完全相反?_有米有数,字节/头条系其他,平台或产品来源,字节跳动/头条系,True,False,,图文/网页,推荐/对比/清单,广告投放,False,3,3,1,
https://trenz.ai/resource/best-tiktok-shop-analytics-tools,https://trenz.ai/resource/best-tiktok-shop-analytics-tools,trenz.ai,"8 Best TikTok Shop Analytics Tools (2026), Ranked by Sellers",其他外部来源,身份权威性未知,所有者未核实,False,False,,图文/网页,说明/其他,综合运营/其他,False,3,3,3,
https://tuokeba.com/jingyan/595.html,https://tuokeba.com/jingyan/595.html,tuokeba.com,抖音全域模式:如何分析数据?哪些是核心数据? - 拓客吧,其他外部来源,身份权威性未知,所有者未核实,False,False,,图文/网页,教程/操作指南,数据工具/分析,True,3,3,2,
https://staging-blog.usermaven.com/data-discrepancy,https://staging-blog.usermaven.com/data-discrepancy,usermaven.com,"What is data discrepancy? Causes, types & how to fix it",其他外部来源,身份权威性未知,所有者未核实,False,False,,图文/网页,说明/其他,综合运营/其他,False,3,3,3,
https://vientianeark.cn/qa/454112.html,https://vientianeark.cn/qa/454112.html,vientianeark.cn,抖音数据分析的网站是什么 • 万象方舟,其他外部来源,身份权威性未知,所有者未核实,False,False,,图文/网页,说明/其他,数据工具/分析,False,3,3,3,
https://developer.volcengine.com/articles/7657458407217545259,https://developer.volcengine.com/articles/7657458407217545259,volcengine.com,影刀RPA实战案例:多平台销售数据汇总与对账自动化——从数据采集到飞书推送 - 文章 - 开发者社区 - 火山引擎,字节/头条系其他,平台或产品来源,字节跳动/头条系,True,False,,图文/网页,推荐/对比/清单,数据工具/分析,False,3,3,2,
https://m.wandoujia.com/apps/8239695/history_v39,https://m.wandoujia.com/apps/8239695/history_v39,wandoujia.com,2026飞瓜快数v1.0.39老旧历史版本安装包官方免费下载_豌豆荚,其他外部来源,身份权威性未知,所有者未核实,False,False,,图文/网页,说明/其他,综合运营/其他,False,3,3,1,
https://woshipm.com/share/6231531.html,https://woshipm.com/share/6231531.html,woshipm.com,抖音电商的“生死时速”:既要规模，又要质量? | 人人都是产品经理,社区/博客/问答,UGC/专业社区,外部平台,False,False,,图文/网页,说明/其他,综合运营/其他,False,3,3,1,
https://m.xiayx.com/article/854569,https://m.xiayx.com/article/854569,xiayx.com,抖音创作服务平台数据中心入口 后台数据分析_侠游戏网教程-m.xiayx.com,其他外部来源,身份权威性未知,所有者未核实,False,False,,图文/网页,教程/操作指南,数据工具/分析,True,3,3,3,
https://xingtu.cn/help-center/demander/142728,https://xingtu.cn/help-center/demander/142728,xingtu.cn,巨量星图短直联动产品介绍-星图营销服务平台,其他外部来源,身份权威性未知,所有者未核实,False,False,,图文/网页,推荐/对比/清单,达人/带货,False,3,3,3,
https://xinstall.com/article/11545,https://xinstall.com/article/11545,xinstall.com,短视频推广App怎么统计?抖音快手渠道引流归因-Xinstall,其他外部来源,身份权威性未知,所有者未核实,False,False,,图文/网页,教程/操作指南,短视频内容,True,3,3,1,
https://smzs.xisence.com/help/faq/douyin/comment-limit,https://smzs.xisence.com/help/faq/douyin/comment-limit,xisence.com,抖音:为什么采集到的评论比页面显示的数量少一些? - 社媒助手,其他外部来源,身份权威性未知,所有者未核实,False,False,,图文/网页,说明/其他,综合运营/其他,False,3,3,3,
https://xunmiwang.cn/652582.html,https://xunmiwang.cn/652582.html,xunmiwang.cn,抖音如何查看账号诊断?利用官方工具分析账号健康度_寻觅网,其他外部来源,身份权威性未知,所有者未核实,False,False,,图文/网页,教程/操作指南,数据工具/分析,True,3,3,2,
https://zboec.cn/zuixinxiaoxi/278.html,https://zboec.cn/zuixinxiaoxi/278.html,zboec.cn,如何判断抖音运营公司提供的数据是否真实?_卓博科技,其他外部来源,身份权威性未知,所有者未核实,False,False,,图文/网页,教程/操作指南,数据工具/分析,True,3,3,3,
https://zhanid.com/zimeiti/5410.html,https://zhanid.com/zimeiti/5410.html,zhanid.com,抖音账号播放量突然下降的六大核心原因与底层逻辑解析 - 站长工具网,其他外部来源,身份权威性未知,所有者未核实,False,False,,图文/网页,推荐/对比/清单,数据工具/分析,False,3,3,2,
https://zhengjs.com/newsinfo/11067547.html,https://zhengjs.com/newsinfo/11067547.html,zhengjs.com,抖音电商的终点在哪里?丨正经深度-正经社,其他外部来源,身份权威性未知,所有者未核实,False,False,,图文/网页,说明/其他,综合运营/其他,False,3,3,1,
https://100ec.cn/home/detail--6654290.html,https://100ec.cn/home/detail--6654290.html,100ec.cn,抖音电商全年GMV将破40000亿?远超京东 直逼拼多多 美团 网经社 电子商务研究中心 电商门户 互联网+智库,其他外部来源,身份权威性未知,所有者未核实,False,False,,图文/网页,说明/其他,综合运营/其他,False,2,2,2,
https://m.10100.com/article/1720997,https://m.10100.com/article/1720997,10100.com,抖店的流量和曝光下滑咋办?- 大数跨境,其他外部来源,身份权威性未知,所有者未核实,False,False,,图文/网页,说明/其他,店铺/商品/商城,False,2,2,2,
https://m.10100.com/article/3001761,https://m.10100.com/article/3001761,10100.com,抖音电商罗盘数据分析怎么看?抖音电商罗盘全面解读- 大数跨境,其他外部来源,身份权威性未知,所有者未核实,False,False,,图文/网页,教程/操作指南,数据工具/分析,True,2,2,2,
https://163.com/dy/article/L2CGUUP00556OFA0.html,https://163.com/dy/article/L2CGUUP00556OFA0.html,163.com,蝉妈妈和飞瓜数据口径对比，中小商家选哪个更合适?|直播|短视频_网易订阅,新闻/门户/自媒体,媒体或自媒体平台,网易,False,False,,图文/网页,推荐/对比/清单,直播运营,False,2,2,2,
https://m.163.com/dy/article/L2N7NSN50556O9Q0.html,https://m.163.com/dy/article/L2N7NSN50556O9Q0.html,163.com,2026抖店全套运营工具清单:选品、上架、数据分析、客服、打单全覆盖|客服|打单|抖店|罗盘|运营工具_手机网易网,新闻/门户/自媒体,媒体或自媒体平台,网易,False,False,,图文/网页,推荐/对比/清单,店铺/商品/商城,False,2,2,2,
https://m.163.com/dy/article/L2N9H0NP0556O9Q0.html,https://m.163.com/dy/article/L2N9H0NP0556O9Q0.html,163.com,2026抖店软件最新推荐!官方工具+合规第三方工具完整选型手册|官方工具|第三方工具|罗盘|货源|选型_手机网易网,新闻/门户/自媒体,媒体或自媒体平台,网易,False,False,,图文/网页,教程/操作指南,店铺/商品/商城,True,2,2,2,
https://m.36kr.com/p/3838169166563589,https://m.36kr.com/p/3838169166563589,36kr.com,当内容“你有我有全都有”，抖音、B站、小红书们还有差异吗?-36氪,新闻/门户/自媒体,媒体或自媒体平台,媒体平台,False,False,,图文/网页,说明/其他,综合运营/其他,False,2,2,1,
https://shouyou.3dmgame.com/gl/611851.html,https://shouyou.3dmgame.com/gl/611851.html,3dmgame.com,巨量百应平台是什么-官方巨量百应登录入口_3DM手游,其他外部来源,身份权威性未知,所有者未核实,False,False,,图文/网页,推荐/对比/清单,数据工具/分析,False,2,2,2,
https://ai-indeed.com/encyclopedia/18012.html,https://ai-indeed.com/encyclopedia/18012.html,ai-indeed.com,电商竞品分析怎么高效采集数据:全域数据自动化整合指南 - 实在智能,其他外部来源,身份权威性未知,所有者未核实,False,False,,图文/网页,教程/操作指南,数据工具/分析,True,2,2,1,
https://ai-indeed.com/encyclopedia/18856.html,https://ai-indeed.com/encyclopedia/18856.html,ai-indeed.com,抖音直播复盘几小时能变几分钟?实在Agent快速出报告能力 - 实在智能,其他外部来源,身份权威性未知,所有者未核实,False,False,,图文/网页,案例/复盘,直播运营,False,2,2,2,
https://ai-indeed.com/encyclopedia/19756.html,https://ai-indeed.com/encyclopedia/19756.html,ai-indeed.com,抖音罗盘的直播间实时大屏数据能存下来吗?保存方式与误区 - 实在智能,其他外部来源,身份权威性未知,所有者未核实,False,False,,图文/网页,说明/其他,直播运营,False,2,2,2,
https://ai-indeed.com/encyclopedia/19770.html,https://ai-indeed.com/encyclopedia/19770.html,ai-indeed.com,灰豚数据的抖音达人粉丝画像能每天自动抓吗?|可行性与合规解法 - 实在智能,其他外部来源,身份权威性未知,所有者未核实,False,False,,图文/网页,说明/其他,达人/带货,False,2,2,2,
https://ai-indeed.com/encyclopedia/19948.html,https://ai-indeed.com/encyclopedia/19948.html,ai-indeed.com,抖音、淘宝、京东多平台经营数据怎么同步?统一口径搭建经营底座 - 实在智能,其他外部来源,身份权威性未知,所有者未核实,False,False,,图文/网页,教程/操作指南,数据工具/分析,True,2,2,2,
https://ai-indeed.com/encyclopedia/20365.html,https://ai-indeed.com/encyclopedia/20365.html,ai-indeed.com,抖音电商运营全场景自动化处理方法大全:日报采集与投放联动 - 实在智能,其他外部来源,身份权威性未知,所有者未核实,False,False,,图文/网页,方法论/策略,广告投放,True,2,2,2,
https://ai-indeed.com/encyclopedia/23748.html,https://ai-indeed.com/encyclopedia/23748.html,ai-indeed.com,抖音店铺实时运营数据怎么自动更新?一文详解电商数据自动化全链路 - 实在智能,其他外部来源,身份权威性未知,所有者未核实,False,False,,图文/网页,教程/操作指南,店铺/商品/商城,True,2,2,1,
https://ai-indeed.com/encyclopedia/25527.html,https://ai-indeed.com/encyclopedia/25527.html,ai-indeed.com,如何用飞书多维表格自动展示直播数据?实时看板搭建秘籍 - 实在智能,其他外部来源,身份权威性未知,所有者未核实,False,False,,图文/网页,教程/操作指南,直播运营,True,2,2,2,
https://qian-gua.aiproducthub.cn/,https://qian-gua.aiproducthub.cn/,aiproducthub.cn,千瓜数据 - 小红书专业数据分析平台|达人分析品牌投放监控热门笔记挖掘直播透析800万+达人收录网页版入口,其他外部来源,身份权威性未知,所有者未核实,False,False,,图文/网页,推荐/对比/清单,直播运营,False,2,2,2,
https://m.ali213.net/android/717553.html,https://m.ali213.net/android/717553.html,ali213.net,蝉妈妈创作工具下载-蝉妈妈创作工具免费下载-游侠软件下载,其他外部来源,身份权威性未知,所有者未核实,False,False,,图文/网页,推荐/对比/清单,数据工具/分析,False,2,2,2,
https://newrank.oss-cn-hangzhou.aliyuncs.com/data/pdf/20230411新榜有数_新快介绍材料.pdf,https://newrank.oss-cn-hangzhou.aliyuncs.com/data/pdf/20230411%E6%96%B0%E6%A6%9C%E6%9C%89%E6%95%B0_%E6%96%B0%E5%BF%AB%E4%BB%8B%E7%BB%8D%E6%9D%90%E6%96%99.pdf,aliyuncs.com,新快 新榜有数旗下快手直播电商数据工具 X K.NEWRANK.CN,其他外部来源,身份权威性未知,所有者未核实,False,False,,PDF/图文报告,推荐/对比/清单,直播运营,False,2,2,2,
https://newrank.oss-cn-hangzhou.aliyuncs.com/xindou/common/新抖_抖音数据平台_介绍材料_v2.4.pdf,https://newrank.oss-cn-hangzhou.aliyuncs.com/xindou/common/%E6%96%B0%E6%8A%96_%E6%8A%96%E9%9F%B3%E6%95%B0%E6%8D%AE%E5%B9%B3%E5%8F%B0_%E4%BB%8B%E7%BB%8D%E6%9D%90%E6%96%99_v2.4.pdf,aliyuncs.com,新抖 XD.NEWRANK.CN抖音全场景AI数据平台新榜出品V.2.4,其他外部来源,身份权威性未知,所有者未核实,False,False,,PDF/图文报告,推荐/对比/清单,数据工具/分析,False,2,2,2,
https://apps.apple.com/cn/app/蝉妈妈-短视频电商直播ai数据分析/id1508944184?platform=tv,https://apps.apple.com/cn/app/%E8%9D%89%E5%A6%88%E5%A6%88-%E7%9F%AD%E8%A7%86%E9%A2%91%E7%94%B5%E5%95%86%E7%9B%B4%E6%92%ADai%E6%95%B0%E6%8D%AE%E5%88%86%E6%9E%90/id1508944184?platform=tv,apple.com,‎蝉妈妈-短视频电商直播AI数据分析 App - App Store,其他外部来源,身份权威性未知,所有者未核实,False,False,,图文/网页,说明/其他,直播运营,False,2,2,2,
https://apps.apple.com/jp/app/抖查查-直播短视频电商数据/id1541827270,https://apps.apple.com/jp/app/%E6%8A%96%E6%9F%A5%E6%9F%A5-%E7%9B%B4%E6%92%AD%E7%9F%AD%E8%A7%86%E9%A2%91%E7%94%B5%E5%95%86%E6%95%B0%E6%8D%AE/id1541827270,apple.com,抖查查-直播短视频电商数据,其他外部来源,身份权威性未知,所有者未核实,False,False,,图文/网页,说明/其他,直播运营,False,2,2,2,
https://apps.apple.com/pt/app/蝉妈妈-直播短视频电商ai数据分析/id1508944184?platform=watch,https://apps.apple.com/pt/app/%E8%9D%89%E5%A6%88%E5%A6%88-%E7%9B%B4%E6%92%AD%E7%9F%AD%E8%A7%86%E9%A2%91%E7%94%B5%E5%95%86ai%E6%95%B0%E6%8D%AE%E5%88%86%E6%9E%90/id1508944184?platform=watch,apple.com,‎App 蝉妈妈-直播短视频电商AI数据分析 – App Store,其他外部来源,身份权威性未知,所有者未核实,False,False,,图文/网页,说明/其他,直播运营,False,2,2,2,
https://autoclipx.com/,https://autoclipx.com/,autoclipx.com,智剪X — 抖音自动化运营软件,其他外部来源,身份权威性未知,所有者未核实,False,False,,图文/网页,说明/其他,综合运营/其他,False,2,2,2,
https://mip.b2b168.com/wvs323725249.html,https://mip.b2b168.com/wvs323725249.html,b2b168.com,2026年口碑好的视频号**分析软件供应商行业口碑汇总 - 八方资源网,其他外部来源,身份权威性未知,所有者未核实,False,False,,图文/网页,行业资讯/报告,短视频内容,False,2,2,2,
https://m.baike.com/wiki/爱复盘/7441396887527931958,https://m.baike.com/wiki/%E7%88%B1%E5%A4%8D%E7%9B%98/7441396887527931958,baike.com,爱复盘[复盘分析工具]_百科,其他外部来源,身份权威性未知,所有者未核实,False,False,,图文/网页,推荐/对比/清单,数据工具/分析,False,2,2,1,
https://biemoyu.com/sites/juliangbaiying.html,https://biemoyu.com/sites/juliangbaiying.html,biemoyu.com,"巨量百应官网,巨量百应登录入口,达人工作台,抖音电商旗下的内容营销综合服务平台 | 别摸鱼导航",其他外部来源,身份权威性未知,所有者未核实,False,False,,图文/网页,推荐/对比/清单,达人/带货,False,2,2,2,
https://bihukankan.com/main,https://bihukankan.com/main,bihukankan.com,壁虎看看官网 - 专业的直播电商工具与数据服务平台,其他外部来源,身份权威性未知,所有者未核实,False,False,,图文/网页,推荐/对比/清单,直播运营,False,2,2,2,
https://bijike.com/article/49910c6c-3c26-49e6-bf56-ae6a0687f8ae,https://bijike.com/article/49910c6c-3c26-49e6-bf56-ae6a0687f8ae,bijike.com,抖音达人投放怎么判断刷量?商家实用识别方法-必集客,其他外部来源,身份权威性未知,所有者未核实,False,False,,图文/网页,教程/操作指南,广告投放,True,2,2,2,
https://bilibili.com/opus/925296479994642535,https://bilibili.com/opus/925296479994642535,bilibili.com,如何查看抖音数据?5种抖音数据查询方法详解 - 哔哩哔哩,社区/博客/问答,UGC/专业社区,外部平台,False,False,,图文/网页,教程/操作指南,数据工具/分析,True,2,2,2,
https://m.book118.com/html/2026/0626/6042221133012152.shtm,https://m.book118.com/html/2026/0626/6042221133012152.shtm,book118.com,对标账号拆解_10w+爆文.docx-原创力文档,其他外部来源,身份权威性未知,所有者未核实,False,False,,图文/网页,说明/其他,综合运营/其他,False,2,2,2,
https://m.book118.com/html/2026/0713/6210231104012200.shtm,https://m.book118.com/html/2026/0713/6210231104012200.shtm,book118.com,抖音巨量引擎放量投放策略与实操指南.pptx-原创力文档,其他外部来源,身份权威性未知,所有者未核实,False,False,,图文/网页,教程/操作指南,广告投放,True,2,2,1,
https://m.book118.com/html/2026/0713/8111134050010110.shtm,https://m.book118.com/html/2026/0713/8111134050010110.shtm,book118.com,抖店千川数据分析(25页)-原创力文档,其他外部来源,身份权威性未知,所有者未核实,False,False,,图文/网页,说明/其他,广告投放,False,2,2,2,
https://m.book118.com/try_down/198062030020006143.pdf,https://m.book118.com/try_down/198062030020006143.pdf,book118.com,抖音电商从入门到精通：直播与短视频数据分析和运营,其他外部来源,身份权威性未知,所有者未核实,False,False,,PDF/图文报告,教程/操作指南,直播运营,True,2,2,2,
https://chanjet.com/lker/6985a2a3e4b0803ae2be1e14.html,https://chanjet.com/lker/6985a2a3e4b0803ae2be1e14.html,chanjet.com,电商会计抖音对账软件|电商平台对账app-畅捷通,其他外部来源,身份权威性未知,所有者未核实,False,False,,图文/网页,推荐/对比/清单,数据工具/分析,False,2,2,2,
https://h.chanjet.com/ask/d1c3e2497cac7465fc.html,https://h.chanjet.com/ask/d1c3e2497cac7465fc.html,chanjet.com,抖音里面怎么对账-畅捷通,其他外部来源,身份权威性未知,所有者未核实,False,False,,图文/网页,教程/操作指南,综合运营/其他,True,2,2,1,
https://chaoyunying.com/sitetag/douyin,https://chaoyunying.com/sitetag/douyin,chaoyunying.com,抖音运营—潮运营,其他外部来源,身份权威性未知,所有者未核实,False,False,,图文/网页,说明/其他,综合运营/其他,False,2,2,2,
https://chinanews.com.cn/cj/2026/05-07/10616862.shtml,https://chinanews.com.cn/cj/2026/05-07/10616862.shtml,chinanews.com.cn,2026抖音电商国货消费报告:直播电商助力新市场、新人群双增长-中新网,其他外部来源,身份权威性未知,所有者未核实,False,False,,图文/网页,案例/复盘,直播运营,False,2,2,1,
https://clearsightnow.com/2026/04/26/tiktok-shop-tool-stack-2026-fastmoss-kalodata-echotik-for-product-and-creator-research,https://clearsightnow.com/2026/04/26/tiktok-shop-tool-stack-2026-fastmoss-kalodata-echotik-for-product-and-creator-research,clearsightnow.com,"TikTok Shop tool stack 2026, FastMoss, Kalodata, Echotik for product and creator research",其他外部来源,身份权威性未知,所有者未核实,False,False,,图文/网页,说明/其他,综合运营/其他,False,2,2,1,
https://cnblogs.com/27online/articles/20505529,https://cnblogs.com/27online/articles/20505529,cnblogs.com,2026 TK带货视频数据精细化查询方案:EchoTik选品工具适配性及多服务商评估 - U渠道 - 企业博客,社区/博客/问答,UGC/专业社区,外部平台,False,False,,图文/网页,推荐/对比/清单,达人/带货,False,2,2,2,
https://cnblogs.com/aiqi3627/p/20955520,https://cnblogs.com/aiqi3627/p/20955520,cnblogs.com,2026 TK热门带货视频素材查看:跨境电商从业者可选择的专业服务商解析 - 行业观察网 - 企业博客,社区/博客/问答,UGC/专业社区,外部平台,False,False,,图文/网页,行业资讯/报告,达人/带货,False,2,2,1,
https://cnblogs.com/doudaxia/p/21252615,https://cnblogs.com/doudaxia/p/21252615,cnblogs.com,2026 做抖店必备官方工具，新手直接收藏使用 - 抖大侠 - 企业博客,社区/博客/问答,UGC/专业社区,外部平台,False,False,,图文/网页,推荐/对比/清单,店铺/商品/商城,False,2,2,1,
https://cnblogs.com/doudaxia/p/22142774,https://cnblogs.com/doudaxia/p/22142774,cnblogs.com,2026 抖店数字化运营工具选型 合规提效与多场景适配方案深度解析 - 抖大侠 - 企业博客,社区/博客/问答,UGC/专业社区,外部平台,False,False,,图文/网页,推荐/对比/清单,店铺/商品/商城,False,2,2,2,
https://cnblogs.com/zhushou/p/21704107,https://cnblogs.com/zhushou/p/21704107,cnblogs.com,新手开店指南:抖店新手工具大全，抖音商家后台必备运营工具详细使用教程 + 抖掌柜入口 - 电商分享 - 企业博客,社区/博客/问答,UGC/专业社区,外部平台,False,False,,图文/网页,教程/操作指南,店铺/商品/商城,True,2,2,2,
https://cnblogs.com/zhushou/p/21799315,https://cnblogs.com/zhushou/p/21799315,cnblogs.com,2026 抖店新手必备清单:免费工具 + 合规第三方工具(抖掌柜) - 电商分享 - 企业博客,社区/博客/问答,UGC/专业社区,外部平台,False,False,,图文/网页,推荐/对比/清单,店铺/商品/商城,False,2,2,2,
https://cnblogs.com/zhushou/p/22015562,https://cnblogs.com/zhushou/p/22015562,cnblogs.com,小白做抖店如何判断商品能不能卖?一件代发选品数据分析思路 - 电商分享 - 企业博客,社区/博客/问答,UGC/专业社区,外部平台,False,False,,图文/网页,教程/操作指南,店铺/商品/商城,True,2,2,1,
https://cometly.com/post/cant-see-full-customer-journey-in-ads,https://cometly.com/post/cant-see-full-customer-journey-in-ads,cometly.com,Can't See the Full Customer Journey in Your Ads? Here's Why It Happens and How to Fix It,其他外部来源,身份权威性未知,所有者未核实,False,False,,图文/网页,说明/其他,综合运营/其他,False,2,2,1,
https://coonav.com/sites/36783.html,https://coonav.com/sites/36783.html,coonav.com,抖音指数官网入口(原巨量算数) | COONAV电商运营导航,其他外部来源,身份权威性未知,所有者未核实,False,False,,图文/网页,说明/其他,综合运营/其他,False,2,2,2,
https://m.cr173.com/x/1295706,https://m.cr173.com/x/1295706,cr173.com,飞瓜数据app官方免费下载-飞瓜数据app下载v1.9.4官方版-西西软件下载,其他外部来源,身份权威性未知,所有者未核实,False,False,,图文/网页,说明/其他,数据工具/分析,False,2,2,2,
https://blog.csdn.net/BODONGSHI/article/details/122363597,https://blog.csdn.net/BODONGSHI/article/details/122363597,csdn.net,播动师，流量结构，合理规划流量分布_流量占比里的搜索是千川的吗-CSDN博客,社区/博客/问答,UGC/专业社区,外部平台,False,False,,图文/网页,说明/其他,广告投放,False,2,2,1,
https://blog.csdn.net/Ruanjianwang888/article/details/154459062,https://blog.csdn.net/Ruanjianwang888/article/details/154459062,csdn.net,"影刀RPA一键生成竞品分析!AI智能监控，效率提升100倍[特殊字符]_通过ai智能体每天自动监控竞品平台变化,并生成竞对分析报告-CSDN博客",社区/博客/问答,UGC/专业社区,外部平台,False,False,,图文/网页,推荐/对比/清单,数据工具/分析,False,2,2,2,
https://blog.csdn.net/YMPzUELX3AIAp7Q/article/details/108162065,https://blog.csdn.net/YMPzUELX3AIAp7Q/article/details/108162065,csdn.net,老板问为啥数据涨跌异常，我该怎么一顿瞎分析?-CSDN博客,社区/博客/问答,UGC/专业社区,外部平台,False,False,,图文/网页,教程/操作指南,数据工具/分析,True,2,2,1,
https://blog.csdn.net/cda2024/article/details/144219010,https://blog.csdn.net/cda2024/article/details/144219010,csdn.net,免费的短视频数据分析平台你用过吗?-CSDN博客,社区/博客/问答,UGC/专业社区,外部平台,False,False,,图文/网页,推荐/对比/清单,短视频内容,False,2,2,2,
https://blog.csdn.net/chajinglong/article/details/161898594,https://blog.csdn.net/chajinglong/article/details/161898594,csdn.net,"抖音电商实战:短视频带货+直播带货全流程，从0到出单赚钱_直播带货从0-1全流程,全盘课、投放课-CSDN博客",社区/博客/问答,UGC/专业社区,外部平台,False,False,,图文/网页,案例/复盘,直播运营,False,2,2,2,
https://blog.csdn.net/cheng12318/article/details/159729443,https://blog.csdn.net/cheng12318/article/details/159729443,csdn.net,抖音数据丢失怎么办?一文读懂原因与恢复方案_抖音直播数据丢失怎么恢复-CSDN博客,社区/博客/问答,UGC/专业社区,外部平台,False,False,,图文/网页,教程/操作指南,直播运营,True,2,2,2,
https://blog.csdn.net/gitblog_00981/article/details/152103117,https://blog.csdn.net/gitblog_00981/article/details/152103117,csdn.net,从源头到结果:MediaCrawler数据血缘追踪全解析-CSDN博客,社区/博客/问答,UGC/专业社区,外部平台,False,False,,图文/网页,说明/其他,数据工具/分析,False,2,2,2,
https://blog.csdn.net/linyanRPA/article/details/162172516,https://blog.csdn.net/linyanRPA/article/details/162172516,csdn.net,影刀RPA抖音电商数据自动化教程:抖店订单+评论+竞品监控实战——从零到独立开发_影刀 抖店 订单-CSDN博客,社区/博客/问答,UGC/专业社区,外部平台,False,False,,图文/网页,教程/操作指南,店铺/商品/商城,True,2,2,2,
https://blog.csdn.net/m0_52592128/article/details/160344159,https://blog.csdn.net/m0_52592128/article/details/160344159,csdn.net,新手小白学习数据分析04----OSM + AARRR，一场酣畅淋漓的归因定位_osm框架-CSDN博客,社区/博客/问答,UGC/专业社区,外部平台,False,False,,图文/网页,方法论/策略,数据工具/分析,True,2,2,1,
https://blog.csdn.net/qingflow76/article/details/156944828,https://blog.csdn.net/qingflow76/article/details/156944828,csdn.net,无代码开发轻量化落地:简单好用的工具选型与实践指南_免费的轻量化开发工具-CSDN博客,社区/博客/问答,UGC/专业社区,外部平台,False,False,,图文/网页,教程/操作指南,数据工具/分析,True,2,2,1,
https://blog.csdn.net/qq_41780234/article/details/149912857,https://blog.csdn.net/qq_41780234/article/details/149912857,csdn.net,别再只看GMV了!手把手教你读懂一场抖音直播的全部数据_抖音直播数据-CSDN博客,社区/博客/问答,UGC/专业社区,外部平台,False,False,,图文/网页,说明/其他,直播运营,False,2,2,2,
https://blog.csdn.net/qq_54351538/article/details/156956111,https://blog.csdn.net/qq_54351538/article/details/156956111,csdn.net,【Java 转运营】Day05:抖音新号起号:对标账号运营全指南-CSDN博客,社区/博客/问答,UGC/专业社区,外部平台,False,False,,图文/网页,教程/操作指南,综合运营/其他,True,2,2,2,
https://blog.csdn.net/weixin_40871048/article/details/156342177,https://blog.csdn.net/weixin_40871048/article/details/156342177,csdn.net,免费采集 | 一键获取抖音、快手、小红书、TikTok视频与评论数据_自媒体 抖音 小红书 平台数据采集 开源-CSDN博客,社区/博客/问答,UGC/专业社区,外部平台,False,False,,图文/网页,推荐/对比/清单,短视频内容,False,2,2,2,
https://blog.csdn.net/weixin_47080540/article/details/151807208,https://blog.csdn.net/weixin_47080540/article/details/151807208,csdn.net,现在表格还能这么玩?飞书多维表格真的顶啊。-CSDN博客,社区/博客/问答,UGC/专业社区,外部平台,False,False,,图文/网页,说明/其他,综合运营/其他,False,2,2,1,
https://blog.csdn.net/weixin_54447959/article/details/152159173,https://blog.csdn.net/weixin_54447959/article/details/152159173,csdn.net,告别 Excel 繁琐操作!飞书多维表格:零代码也能轻松搞定数据管理与协同-CSDN博客,社区/博客/问答,UGC/专业社区,外部平台,False,False,,图文/网页,教程/操作指南,数据工具/分析,True,2,2,1,
https://blog.csdn.net/wsyx768/article/details/112178666,https://blog.csdn.net/wsyx768/article/details/112178666,csdn.net,抖音网址导航-CSDN博客,社区/博客/问答,UGC/专业社区,外部平台,False,False,,图文/网页,说明/其他,综合运营/其他,False,2,2,1,
https://blog.csdn.net/youwangshuju/article/details/121703679,https://blog.csdn.net/youwangshuju/article/details/121703679,csdn.net,视频号常见问题五连问(14)_视频号关键字搜不到-CSDN博客,社区/博客/问答,UGC/专业社区,外部平台,False,False,,图文/网页,说明/其他,短视频内容,False,2,2,2,
https://blog.csdn.net/youwangshuju/article/details/122685757,https://blog.csdn.net/youwangshuju/article/details/122685757,csdn.net,视频号如何快速定位爆款商品?_腾讯视频号小店的商品如何搜索到-CSDN博客,社区/博客/问答,UGC/专业社区,外部平台,False,False,,图文/网页,教程/操作指南,短视频内容,True,2,2,2,
https://csdn.net/article/2026-07-17/162968960,https://csdn.net/article/2026-07-17/162968960,csdn.net,从数据工具到经营智能，蝉妈妈持续升级电商经营AI能力-CSDN.NET,社区/博客/问答,UGC/专业社区,外部平台,False,False,,图文/网页,推荐/对比/清单,数据工具/分析,False,2,2,2,
https://wenku.csdn.net/answer/1fcmub58smt4,https://wenku.csdn.net/answer/1fcmub58smt4,csdn.net,想抓取抖音视频的评论，为什么不能直接用Python或Java写爬虫代码? - CSDN文库,社区/博客/问答,UGC/专业社区,外部平台,False,False,,图文/网页,说明/其他,短视频内容,False,2,2,2,
https://wenku.csdn.net/column/322iu8wemqs,https://wenku.csdn.net/column/322iu8wemqs,csdn.net,字节跳动 巨量千川的M-API实战(三):构建计划数据自动化监控与存储系统 - CSDN文库,社区/博客/问答,UGC/专业社区,外部平台,False,False,,图文/网页,案例/复盘,广告投放,False,2,2,2,
https://cxgn.cn/dou-cha-cha,https://cxgn.cn/dou-cha-cha,cxgn.cn,抖查查 | 官网入口 - 国内抖音生态专属数据分析工具,其他外部来源,身份权威性未知,所有者未核实,False,False,,图文/网页,推荐/对比/清单,数据工具/分析,False,2,2,1,
https://cxgn.cn/dou-yin-zhi-shu,https://cxgn.cn/dou-yin-zhi-shu,cxgn.cn,巨量趋势洞察 | 官网入口 - 营销趋势分析与流量洞察平台,其他外部来源,身份权威性未知,所有者未核实,False,False,,图文/网页,推荐/对比/清单,数据工具/分析,False,2,2,2,
https://cxgn.cn/yun-shi-tou,https://cxgn.cn/yun-shi-tou,cxgn.cn,云视透 | 官网入口 - 快页短视频全生态监测平台,其他外部来源,身份权威性未知,所有者未核实,False,False,,图文/网页,推荐/对比/清单,短视频内容,False,2,2,2,
https://deepnavi.cn/ai-ecommerce/ci-li-jin-niu,https://deepnavi.cn/ai-ecommerce/ci-li-jin-niu,deepnavi.cn,磁力金牛 - 快手电商一体化广告投放平台,企业官网/工具平台,企业或垂直站点,外部企业,False,False,,图文/网页,推荐/对比/清单,广告投放,False,2,2,2,
https://deepnavi.cn/ai-ecommerce/dou-yin-dian-shang-xue-xi-zhong-xin,https://deepnavi.cn/ai-ecommerce/dou-yin-dian-shang-xue-xi-zhong-xin,deepnavi.cn,抖音电商学习中心 - 官方商家运营培训平台,企业官网/工具平台,企业或垂直站点,外部企业,False,False,,图文/网页,推荐/对比/清单,数据工具/分析,False,2,2,1,
https://pdf.dfcfw.com/pdf/H3_AP202502061642828516_1.pdf,https://pdf.dfcfw.com/pdf/H3_AP202502061642828516_1.pdf,dfcfw.com,2024年度抖音品类洞察,其他外部来源,身份权威性未知,所有者未核实,False,False,,PDF/图文报告,行业资讯/报告,综合运营/其他,False,2,2,1,
https://digate.ai/blog/tmall-vs-jd-vs-douyin-data-comparison,https://digate.ai/blog/tmall-vs-jd-vs-douyin-data-comparison,digate.ai,Tmall vs JD vs Douyin: Data Export Formats and Integration Challenges Compared,其他外部来源,身份权威性未知,所有者未核实,False,False,,图文/网页,说明/其他,综合运营/其他,False,2,2,1,
https://file.digitaling.com/eImg/uimages/20211109/1636431320874921.pdf,https://file.digitaling.com/eImg/uimages/20211109/1636431320874921.pdf,digitaling.com,巨量算数产品应用手册 「营销从业者篇」,其他外部来源,身份权威性未知,所有者未核实,False,False,,PDF/图文报告,教程/操作指南,综合运营/其他,True,2,2,2,
https://dituilaxinwang.com/article/307829162624815104,https://dituilaxinwang.com/article/307829162624815104,dituilaxinwang.com,抖音达人投放如何判断刷量?商家实用识别方法-地推拉新网,其他外部来源,身份权威性未知,所有者未核实,False,False,,图文/网页,教程/操作指南,广告投放,True,2,2,2,
https://aimg8.dlssyht.cn/u/551001/ueditor/file/276/551001/1590636090551389.pdf,https://aimg8.dlssyht.cn/u/551001/ueditor/file/276/551001/1590636090551389.pdf,dlssyht.cn,抖音vs快手深度复盘与前瞻——短视频130页分析框架,其他外部来源,身份权威性未知,所有者未核实,False,False,,PDF/图文报告,案例/复盘,短视频内容,False,2,2,1,
https://douchacha.com/article/details/2n7j92wj.html,https://douchacha.com/article/details/2n7j92wj.html,douchacha.com,抖查查业务再度升级，2022年成为抖音直播电商短视频全案服务商,其他外部来源,身份权威性未知,所有者未核实,False,False,,图文/网页,说明/其他,直播运营,False,2,2,2,
https://douchacha.com/article/details/ivi5zmv2.html,https://douchacha.com/article/details/ivi5zmv2.html,douchacha.com,搞不懂抖查查优势都有哪些?看完来拼个团!,其他外部来源,身份权威性未知,所有者未核实,False,False,,图文/网页,说明/其他,综合运营/其他,False,2,2,2,
https://douchacha.com/article/details/mdud34yn.html,https://douchacha.com/article/details/mdud34yn.html,douchacha.com,流量困局突破，从找到优秀对标开始!,其他外部来源,身份权威性未知,所有者未核实,False,False,,图文/网页,说明/其他,综合运营/其他,False,2,2,2,
https://douchacha.com/article/details/x1f2eczj.html,https://douchacha.com/article/details/x1f2eczj.html,douchacha.com,抖查查 | 数据导出功能全图,其他外部来源,身份权威性未知,所有者未核实,False,False,,图文/网页,说明/其他,数据工具/分析,False,2,2,2,
https://content.douyin.com/service_contract,https://content.douyin.com/service_contract,douyin.com,抖音内容合作平台,抖音其他页面,平台官方页面,字节跳动/头条系,True,False,,图文/网页,推荐/对比/清单,数据工具/分析,False,2,2,1,
https://douyin.com/search/如何查看账号是否限流,https://douyin.com/search/%E5%A6%82%E4%BD%95%E6%9F%A5%E7%9C%8B%E8%B4%A6%E5%8F%B7%E6%98%AF%E5%90%A6%E9%99%90%E6%B5%81,douyin.com,如何查看账号是否限流 - 抖音,抖音其他页面,平台官方页面,字节跳动/头条系,True,False,,图文/网页,教程/操作指南,综合运营/其他,True,2,2,1,
https://douyin.com/search/怎么知道自己哪个抖音号违规了,https://douyin.com/search/%E6%80%8E%E4%B9%88%E7%9F%A5%E9%81%93%E8%87%AA%E5%B7%B1%E5%93%AA%E4%B8%AA%E6%8A%96%E9%9F%B3%E5%8F%B7%E8%BF%9D%E8%A7%84%E4%BA%86,douyin.com,怎么知道自己哪个抖音号违规了 - 抖音,抖音其他页面,平台官方页面,字节跳动/头条系,True,False,,图文/网页,教程/操作指南,综合运营/其他,True,2,2,1,
https://douyin.com/search/抖音流量来源都是什么意思,https://douyin.com/search/%E6%8A%96%E9%9F%B3%E6%B5%81%E9%87%8F%E6%9D%A5%E6%BA%90%E9%83%BD%E6%98%AF%E4%BB%80%E4%B9%88%E6%84%8F%E6%80%9D,douyin.com,抖音流量来源都是什么意思 - 抖音,抖音其他页面,平台官方页面,字节跳动/头条系,True,False,,图文/网页,说明/其他,综合运营/其他,False,2,2,2,
https://douyin.com/search/电商罗盘怎么查自己的数据,https://douyin.com/search/%E7%94%B5%E5%95%86%E7%BD%97%E7%9B%98%E6%80%8E%E4%B9%88%E6%9F%A5%E8%87%AA%E5%B7%B1%E7%9A%84%E6%95%B0%E6%8D%AE,douyin.com,电商罗盘怎么查自己的数据 - 抖音,抖音其他页面,平台官方页面,字节跳动/头条系,True,False,,图文/网页,教程/操作指南,数据工具/分析,True,2,2,2,
https://douyin.com/search/直播间怎么查看成交用户画像,https://douyin.com/search/%E7%9B%B4%E6%92%AD%E9%97%B4%E6%80%8E%E4%B9%88%E6%9F%A5%E7%9C%8B%E6%88%90%E4%BA%A4%E7%94%A8%E6%88%B7%E7%94%BB%E5%83%8F,douyin.com,直播间怎么查看成交用户画像 - 抖音,抖音其他页面,平台官方页面,字节跳动/头条系,True,False,,图文/网页,教程/操作指南,直播运营,True,2,2,2,
https://douyin.com/search/短视频达人带货数据,https://douyin.com/search/%E7%9F%AD%E8%A7%86%E9%A2%91%E8%BE%BE%E4%BA%BA%E5%B8%A6%E8%B4%A7%E6%95%B0%E6%8D%AE,douyin.com,短视频达人带货数据 - 抖音,抖音其他页面,平台官方页面,字节跳动/头条系,True,False,,图文/网页,说明/其他,达人/带货,False,2,2,1,
https://livedata.douyin.com/livedata?ug_source=2345_rb,https://livedata.douyin.com/livedata?ug_source=2345_rb,douyin.com,抖音灵机·直播数据平台,抖音其他页面,平台官方页面,字节跳动/头条系,True,False,,图文/网页,推荐/对比/清单,直播运营,False,2,2,2,
https://m.douyin.com/shipin/7277502290532026404,https://m.douyin.com/shipin/7277502290532026404,douyin.com,怎么看别人的直播数据 - 抖音,抖音其他页面,平台官方页面,字节跳动/头条系,True,False,,图文/网页,教程/操作指南,直播运营,True,2,2,2,
https://m.douyin.com/zhuanti/7212291500250712075,https://m.douyin.com/zhuanti/7212291500250712075,douyin.com,巨量百应从哪里进入-抖音,抖音其他页面,平台官方页面,字节跳动/头条系,True,False,,图文/网页,说明/其他,综合运营/其他,False,2,2,2,
https://www.douyin.com/video/7005117931696770334,https://www.douyin.com/video/7005117931696770334,douyin.com,直播复盘工具抖音电商罗盘的应用解析,抖音视频,创作者视频,字节跳动/头条系,True,True,7005117931696770334,视频,推荐/对比/清单,直播运营,False,2,2,2,
https://www.douyin.com/video/7050777720443194659,https://www.douyin.com/video/7050777720443194659,douyin.com,#短视频运营 短视频运营工具篇这不就来了！好的工具事半功倍呀。#短视频运营技巧 #抖音图文来了,抖音视频,创作者视频,字节跳动/头条系,True,True,7050777720443194659,视频,推荐/对比/清单,短视频内容,False,2,2,2,
https://www.douyin.com/video/7207455817166130493,https://www.douyin.com/video/7207455817166130493,douyin.com,巨量算数关键词指数功能解析与使用指南,抖音视频,创作者视频,字节跳动/头条系,True,True,7207455817166130493,视频,教程/操作指南,综合运营/其他,True,2,2,2,
https://www.douyin.com/video/7340619936672288054,https://www.douyin.com/video/7340619936672288054,douyin.com,蝉妈妈与抖查查功能对比及价格优势分析,抖音视频,创作者视频,字节跳动/头条系,True,True,7340619936672288054,视频,推荐/对比/清单,数据工具/分析,False,2,2,1,
https://www.douyin.com/video/7341374049068600616,https://www.douyin.com/video/7341374049068600616,douyin.com,蝉妈妈与抖查查数据分析工具功能对比及会员优惠解析,抖音视频,创作者视频,字节跳动/头条系,True,True,7341374049068600616,视频,推荐/对比/清单,数据工具/分析,False,2,2,1,
https://www.douyin.com/video/7503485903995489595,https://www.douyin.com/video/7503485903995489595,douyin.com,抖店运营必备的19款实用APP工具推荐,抖音视频,创作者视频,字节跳动/头条系,True,True,7503485903995489595,视频,推荐/对比/清单,店铺/商品/商城,False,2,2,2,
https://www.douyin.com/video/7527516150519876883,https://www.douyin.com/video/7527516150519876883,douyin.com,蝉妈妈和考古加哪个好用？ 蝉妈妈和考古加哪个好用？市面上有2款抖音数据分析平台，也就是蝉妈妈数 据和考古加会员，这两款数据平台基本占据了抖音第三方数据分析平台的80%的市场份额，主要区别是啥呢，第一个就是数据的周期深度方面，因为蝉妈妈比考古加做的早，所以呢，蝉妈妈看到的数据周期深度更多点，比如说蝉妈妈品牌版本最多可以看到达人近1100天的数据，考古加的最高版本至尊版就只能看到达人近730天的数据，,抖音视频,创作者视频,字节跳动/头条系,True,True,7527516150519876883,视频,推荐/对比/清单,达人/带货,False,2,2,1,
https://www.douyin.com/video/7539825748710886691,https://www.douyin.com/video/7539825748710886691,douyin.com,月薪3w的抖店运营，是如何查看同行数据的？抖店同行数据查看！ #抖店#抖店运营#抖店干货#抖店电商运营#抖店运营技巧,抖音视频,创作者视频,字节跳动/头条系,True,True,7539825748710886691,视频,教程/操作指南,店铺/商品/商城,True,2,2,1,
https://www.douyin.com/video/7543548956895137058,https://www.douyin.com/video/7543548956895137058,douyin.com,蝉妈妈跟考古加哪个数据好？蝉妈妈和考古加哪个好用？ 蝉妈妈和考古加哪个准？考古加跟蝉妈妈哪个好用？考古加跟蝉妈妈哪个好用一些？考古加是干啥的？考古加和灰豚哪个好用？考古加和蝉妈妈数据哪个更准确？#蝉妈,抖音视频,创作者视频,字节跳动/头条系,True,True,7543548956895137058,视频,推荐/对比/清单,数据工具/分析,False,2,2,2,
https://www.douyin.com/video/7545413376676187449,https://www.douyin.com/video/7545413376676187449,douyin.com,直播复盘关键数据指标与运营调整指南,抖音视频,创作者视频,字节跳动/头条系,True,True,7545413376676187449,视频,教程/操作指南,直播运营,True,2,2,2,
https://www.douyin.com/video/7546746698723396898,https://www.douyin.com/video/7546746698723396898,douyin.com,抖音巨量算数#ai创作 #科技创新,抖音视频,创作者视频,字节跳动/头条系,True,True,7546746698723396898,视频,说明/其他,综合运营/其他,False,2,2,2,
https://www.douyin.com/video/7552689398086503726,https://www.douyin.com/video/7552689398086503726,douyin.com,巨量算数小程序助力抖音营销数据监测与分析,抖音视频,创作者视频,字节跳动/头条系,True,True,7552689398086503726,视频,说明/其他,数据工具/分析,False,2,2,2,
https://www.douyin.com/video/7563297196122459434,https://www.douyin.com/video/7563297196122459434,douyin.com,抖店商品卡数据指标解析助力爆款筛选,抖音视频,创作者视频,字节跳动/头条系,True,True,7563297196122459434,视频,案例/复盘,店铺/商品/商城,False,2,2,2,
https://www.douyin.com/video/7565812844039834929,https://www.douyin.com/video/7565812844039834929,douyin.com,蝉妈妈企业版会员高效筛选抖音热门带货视频攻略,抖音视频,创作者视频,字节跳动/头条系,True,True,7565812844039834929,视频,教程/操作指南,达人/带货,True,2,2,1,
https://www.douyin.com/video/7571753473240579562,https://www.douyin.com/video/7571753473240579562,douyin.com,直播自然流量提升的三大核心数据解析,抖音视频,创作者视频,字节跳动/头条系,True,True,7571753473240579562,视频,说明/其他,直播运营,False,2,2,1,
https://www.douyin.com/video/7581389609561541929,https://www.douyin.com/video/7581389609561541929,douyin.com,巨量百应工作台查看爆款带货数据方法,抖音视频,创作者视频,字节跳动/头条系,True,True,7581389609561541929,视频,案例/复盘,达人/带货,False,2,2,2,
https://www.douyin.com/video/7581406666235989285,https://www.douyin.com/video/7581406666235989285,douyin.com,#电商 #抖音电商 #电商创业,抖音视频,创作者视频,字节跳动/头条系,True,True,7581406666235989285,视频,说明/其他,综合运营/其他,False,2,2,2,
https://www.douyin.com/video/7582859551934827782,https://www.douyin.com/video/7582859551934827782,douyin.com,互联网运营核心黑话解析,抖音视频,创作者视频,字节跳动/头条系,True,True,7582859551934827782,视频,说明/其他,综合运营/其他,False,2,2,1,
https://www.douyin.com/video/7583011527381241098,https://www.douyin.com/video/7583011527381241098,douyin.com,巨量云图竞争分析功能助力广告效率提升,抖音视频,创作者视频,字节跳动/头条系,True,True,7583011527381241098,视频,说明/其他,广告投放,False,2,2,2,
https://www.douyin.com/video/7587073916372798769,https://www.douyin.com/video/7587073916372798769,douyin.com,抖音后台的作用与关系。抖店、账号、干川、精选联盟的作用 抖音账号（前台身份） 1、所有发短视频、直播、互动行为都要在抖音账号里面进行 2、商业行为，无论带货还是引流，变现行为要通过账号来承载（挂小黄车,抖音视频,创作者视频,字节跳动/头条系,True,True,7587073916372798769,视频,说明/其他,直播运营,False,2,2,2,
https://www.douyin.com/video/7590949690578816498,https://www.douyin.com/video/7590949690578816498,douyin.com,抖店运营中稳定流量的四大自查策略,抖音视频,创作者视频,字节跳动/头条系,True,True,7590949690578816498,视频,方法论/策略,店铺/商品/商城,True,2,2,2,
https://www.douyin.com/video/7591846585815350437,https://www.douyin.com/video/7591846585815350437,douyin.com,灰豚数据免费助力短视频带货选品,抖音视频,创作者视频,字节跳动/头条系,True,True,7591846585815350437,视频,说明/其他,达人/带货,False,2,2,2,
https://www.douyin.com/video/7592173365524288497,https://www.douyin.com/video/7592173365524288497,douyin.com,蝉妈妈工具助力抖音数据分析与运营提升,抖音视频,创作者视频,字节跳动/头条系,True,True,7592173365524288497,视频,推荐/对比/清单,数据工具/分析,False,2,2,2,
https://www.douyin.com/video/7592527788809211136,https://www.douyin.com/video/7592527788809211136,douyin.com,飞书多维表格免费推出自媒体对标分析功能,抖音视频,创作者视频,字节跳动/头条系,True,True,7592527788809211136,视频,说明/其他,数据工具/分析,False,2,2,1,
https://www.douyin.com/video/7594808243436735750,https://www.douyin.com/video/7594808243436735750,douyin.com,巨量算数三分数指标解析抖音赛道竞争格局,抖音视频,创作者视频,字节跳动/头条系,True,True,7594808243436735750,视频,方法论/策略,综合运营/其他,True,2,2,2,
https://www.douyin.com/video/7598483892592495923,https://www.douyin.com/video/7598483892592495923,douyin.com,直播电商竞品分析方法论助力操盘手系统破局,抖音视频,创作者视频,字节跳动/头条系,True,True,7598483892592495923,视频,方法论/策略,直播运营,True,2,2,1,
https://www.douyin.com/video/7599249446207801253,https://www.douyin.com/video/7599249446207801253,douyin.com,抖店涉税数据核对步骤及科目对应关系,抖音视频,创作者视频,字节跳动/头条系,True,True,7599249446207801253,视频,教程/操作指南,店铺/商品/商城,True,2,2,1,
https://www.douyin.com/video/7609626591458544896,https://www.douyin.com/video/7609626591458544896,douyin.com,短视频有流量，但是没有转化，核心就3个字：错位了#短视频干货 #认知 #创始人IP #文斐的IP思维,抖音视频,创作者视频,字节跳动/头条系,True,True,7609626591458544896,视频,说明/其他,短视频内容,False,2,2,1,
https://www.douyin.com/video/7610054491714505994,https://www.douyin.com/video/7610054491714505994,douyin.com,"竞品分析极简方法论，从信息到洞察一步到位。分享：如何做竞品分析：从信息到洞察的极简方法论（图表版） 
#竞品分析  #竞品分析工具  #竞品对比 #竞品监控 @抖音创作小助手 @DOU+上热门 @抖音",抖音视频,创作者视频,字节跳动/头条系,True,True,7610054491714505994,视频,教程/操作指南,数据工具/分析,True,2,2,1,
https://www.douyin.com/video/7610796025854381362,https://www.douyin.com/video/7610796025854381362,douyin.com,流量拉起来了，但是转化不高，原因到底出在哪里呢？ #直播运营 #直播带货 #干货分享 #千川 #直播创业,抖音视频,创作者视频,字节跳动/头条系,True,True,7610796025854381362,视频,说明/其他,直播运营,False,2,2,1,
https://www.douyin.com/video/7615996378620617206,https://www.douyin.com/video/7615996378620617206,douyin.com,罗盘数据别瞎看！抓住这3个核心指标就够了。昨天有学生问我：罗盘数据密密麻麻，到底该看哪个？ 别慌，其实就盯三个指标： 1. 流量质量 → 看GPM（千次观看成交额） 2. 内容吸力 → 看完播率 3.,抖音视频,创作者视频,字节跳动/头条系,True,True,7615996378620617206,视频,方法论/策略,数据工具/分析,True,2,2,2,
https://www.douyin.com/video/7619737510974009414,https://www.douyin.com/video/7619737510974009414,douyin.com,没有抖店，怎么查看同行对标账号的数据#电商#干货分享#直播带货,抖音视频,创作者视频,字节跳动/头条系,True,True,7619737510974009414,视频,教程/操作指南,直播运营,True,2,2,2,
https://www.douyin.com/video/7624336915743273841,https://www.douyin.com/video/7624336915743273841,douyin.com,#自媒体 #干货分享 #短视频 #素材 #内容过于真实,抖音视频,创作者视频,字节跳动/头条系,True,True,7624336915743273841,视频,说明/其他,短视频内容,False,2,2,1,
https://www.douyin.com/video/7630040540734869486,https://www.douyin.com/video/7630040540734869486,douyin.com,#生活服务热点中心 #职场干货 #直播技巧与话术,抖音视频,创作者视频,字节跳动/头条系,True,True,7630040540734869486,视频,说明/其他,直播运营,False,2,2,2,
https://www.douyin.com/video/7632024032082576305,https://www.douyin.com/video/7632024032082576305,douyin.com,能将对标账号进行深度拆解，制作爆款视频不再是难题#爆款拆解 #对标账号 分析#抖音运营,抖音视频,创作者视频,字节跳动/头条系,True,True,7632024032082576305,视频,案例/复盘,短视频内容,False,2,2,1,
https://www.douyin.com/video/7634477922220745396,https://www.douyin.com/video/7634477922220745396,douyin.com,新手小白如何查看同行数据。#短视频编导#短视频变现 #自媒体创业 #实体店#实体店引流,抖音视频,创作者视频,字节跳动/头条系,True,True,7634477922220745396,视频,教程/操作指南,短视频内容,True,2,2,2,
https://www.douyin.com/video/7635079517946789230,https://www.douyin.com/video/7635079517946789230,douyin.com,账号显示正常，却没流量怎么办，账号限流怎么办#抖音流量搜索 #粉丝数据分析 #每天跟我涨知识 #网络搜索如有侵权联系删除 #知识点总结,抖音视频,创作者视频,字节跳动/头条系,True,True,7635079517946789230,视频,教程/操作指南,数据工具/分析,True,2,2,2,
https://www.douyin.com/video/7636982997421509888,https://www.douyin.com/video/7636982997421509888,douyin.com,账号全面复盘 #飞书多维表格 #AI工具 #抖音运营 #自媒体工具 #短视频,抖音视频,创作者视频,字节跳动/头条系,True,True,7636982997421509888,视频,推荐/对比/清单,短视频内容,False,2,2,2,
https://www.douyin.com/video/7637449020101276133,https://www.douyin.com/video/7637449020101276133,douyin.com,用灰豚数据找对标达人数据，用这个工具查抖音数据也太香了吧！ 用灰豚数据找对标达人数据，用这个工具查抖音数据也太香了吧！#灰豚数据#灰豚数据会员#灰豚数据抖音版,抖音视频,创作者视频,字节跳动/头条系,True,True,7637449020101276133,视频,推荐/对比/清单,达人/带货,False,2,2,2,
https://www.douyin.com/video/7638567070161964329,https://www.douyin.com/video/7638567070161964329,douyin.com,如何快速找到同行的爆款短视频素材并扒下来学习 #电商 #电商罗盘 #电商投流 #电商选品 #罗盘跳转插件,抖音视频,创作者视频,字节跳动/头条系,True,True,7638567070161964329,视频,教程/操作指南,广告投放,True,2,2,2,
https://www.douyin.com/video/7640464143468468389,https://www.douyin.com/video/7640464143468468389,douyin.com,#短视频运营 #实体店引流 #个人ip #实体行业获客 #自媒体干货,抖音视频,创作者视频,字节跳动/头条系,True,True,7640464143468468389,视频,行业资讯/报告,短视频内容,False,2,2,2,
https://www.douyin.com/video/7641099993050799205,https://www.douyin.com/video/7641099993050799205,douyin.com,直播复盘必懂的16个数据指标。很多直播运营刚开始时候，面对一堆数据指标往往一头雾水：场观、GPM、UV价值、CVR、CPC、CPS…… 各种名词眼花缭乱其实，直播带货的本质就是一条完整链路  让用户看,抖音视频,创作者视频,字节跳动/头条系,True,True,7641099993050799205,视频,案例/复盘,直播运营,False,2,2,1,
https://www.douyin.com/video/7643369677191908859,https://www.douyin.com/video/7643369677191908859,douyin.com,新手如何在发布前，查询作品合规情况？ #违规 #发文助手 #抖音知识,抖音视频,创作者视频,字节跳动/头条系,True,True,7643369677191908859,视频,教程/操作指南,综合运营/其他,True,2,2,2,
https://www.douyin.com/video/7643678035845639860,https://www.douyin.com/video/7643678035845639860,douyin.com,用灰豚数据看对标达人数据 用灰豚数据看对标达人数据，灰豚数据抖音版，灰豚数据会员#灰豚数据#灰豚#灰豚数据会员,抖音视频,创作者视频,字节跳动/头条系,True,True,7643678035845639860,视频,说明/其他,达人/带货,False,2,2,2,
https://www.douyin.com/video/7648023398035088554,https://www.douyin.com/video/7648023398035088554,douyin.com,数据分析方法#直播带货 #电商运营 #电商 #电商培训,抖音视频,创作者视频,字节跳动/头条系,True,True,7648023398035088554,视频,方法论/策略,直播运营,True,2,2,2,
https://www.douyin.com/video/7648584799678111409,https://www.douyin.com/video/7648584799678111409,douyin.com,罗盘更新！可以查看同行投产了！ #罗盘 #同行数据 #亦然电商#直播运营#直播带货,抖音视频,创作者视频,字节跳动/头条系,True,True,7648584799678111409,视频,说明/其他,直播运营,False,2,2,2,
https://www.douyin.com/video/7650744215789489408,https://www.douyin.com/video/7650744215789489408,douyin.com,AI让电商更高效。#电商 #AI工具 #电商运营,抖音视频,创作者视频,字节跳动/头条系,True,True,7650744215789489408,视频,推荐/对比/清单,数据工具/分析,False,2,2,1,
https://www.douyin.com/video/7651832103789851108,https://www.douyin.com/video/7651832103789851108,douyin.com,如何查竞品直播间投流爆量拐点。#直播投流 #直播投流爆量拐点 #竞品分析,抖音视频,创作者视频,字节跳动/头条系,True,True,7651832103789851108,视频,教程/操作指南,直播运营,True,2,2,2,
https://www.douyin.com/video/7652620559738246769,https://www.douyin.com/video/7652620559738246769,douyin.com,怎么查看抖音达人直播真实GMV？#达人直播真实gmv #蝉妈妈查数据 #达人直播gmv,抖音视频,创作者视频,字节跳动/头条系,True,True,7652620559738246769,视频,教程/操作指南,直播运营,True,2,2,2,
https://www.douyin.com/video/7654466941709532534,https://www.douyin.com/video/7654466941709532534,douyin.com,如何每日挖掘短视频爆款？#蝉妈妈查数据 #短视频爆款 #短视频爆款逻辑,抖音视频,创作者视频,字节跳动/头条系,True,True,7654466941709532534,视频,教程/操作指南,短视频内容,True,2,2,2,
https://www.douyin.com/video/7654850356858011776,https://www.douyin.com/video/7654850356858011776,douyin.com,怎么查抖音达人品牌种草数据？#达人品牌种草数据 #蝉妈妈 #达人合作数据,抖音视频,创作者视频,字节跳动/头条系,True,True,7654850356858011776,视频,教程/操作指南,达人/带货,True,2,2,2,
https://www.douyin.com/video/7654875451294321955,https://www.douyin.com/video/7654875451294321955,douyin.com,"抖店订单自动同步到数据表。抖店运营 / 老板集合举手🙋‍♀️
谁还在日复一日蹲抖店后台手动导出订单啊！
日常小单还好，大促几百单堆过来
导出→复制→粘贴→汇总表格一套操作下来直接下班
稍微粗心漏一单，",抖音视频,创作者视频,字节跳动/头条系,True,True,7654875451294321955,视频,教程/操作指南,店铺/商品/商城,True,2,2,1,
https://www.douyin.com/video/7654941270951830217,https://www.douyin.com/video/7654941270951830217,douyin.com,是不是很多人都有这样的困扰：精心拍摄剪辑的视频，内容明明没问题，发布后却莫名被限流？大多是视频里藏着自己没察觉到的违规点。给大家分享一个抖音官方免费自查工具，发布前就能提前排查风险，步骤简单，建议收藏,抖音视频,创作者视频,字节跳动/头条系,True,True,7654941270951830217,视频,教程/操作指南,短视频内容,True,2,2,2,
https://www.douyin.com/video/7655242467684697747,https://www.douyin.com/video/7655242467684697747,douyin.com,电商运营怎么查抖音新直播间起量慢？#蝉妈妈 #新直播间起量慢 #新直播间开业大吉,抖音视频,创作者视频,字节跳动/头条系,True,True,7655242467684697747,视频,教程/操作指南,直播运营,True,2,2,2,
https://www.douyin.com/video/7655243575467538623,https://www.douyin.com/video/7655243575467538623,douyin.com,抖音运营怎么查全域数据？#蝉妈妈 #全域数据 #全域数据查询,抖音视频,创作者视频,字节跳动/头条系,True,True,7655243575467538623,视频,教程/操作指南,数据工具/分析,True,2,2,2,
https://www.douyin.com/video/7655249257230407156,https://www.douyin.com/video/7655249257230407156,douyin.com,运营怎么查抖音直播数据？#直播数据 #直播数据分析 #直播数据运营 #蝉妈妈,抖音视频,创作者视频,字节跳动/头条系,True,True,7655249257230407156,视频,教程/操作指南,直播运营,True,2,2,1,
https://www.douyin.com/video/7655904598833630470,https://www.douyin.com/video/7655904598833630470,douyin.com,直播间复盘全攻略：4大板块拆解 #直播复盘 #干货分享 #运营 #晶姐说直播,抖音视频,创作者视频,字节跳动/头条系,True,True,7655904598833630470,视频,教程/操作指南,直播运营,True,2,2,1,
https://www.douyin.com/video/7655975403009445120,https://www.douyin.com/video/7655975403009445120,douyin.com,"复盘报告自动生成，整改有据。复盘报告自动生成，整改有据——这其实是优化大师的核心能力之一。
它是怎么工作的：每场自动生成复盘报告：违规命中、类型分布、风险等级一目了然。
对你的好处：整改有据、对外有数",抖音视频,创作者视频,字节跳动/头条系,True,True,7655975403009445120,视频,教程/操作指南,综合运营/其他,True,2,2,1,
https://www.douyin.com/video/7656433750171608805,https://www.douyin.com/video/7656433750171608805,douyin.com,你有过违规视频吗？是真的还是误判？ 你有过熬夜剪出来的视频，一发就违规！上传了才发现违规，信用分被扣播放量下降才后悔。发前自测一遍，省掉后面一堆麻烦。#违规 #抖音账号检测 #抖音运营 #抖音干货 #,抖音视频,创作者视频,字节跳动/头条系,True,True,7656433750171608805,视频,说明/其他,短视频内容,False,2,2,2,
https://www.douyin.com/video/7656641719663880127,https://www.douyin.com/video/7656641719663880127,douyin.com,怎么查直播引流和短视频带货数据区分爆款？#直播引流 #短视频带货数据 #直播引流爆款,抖音视频,创作者视频,字节跳动/头条系,True,True,7656641719663880127,视频,教程/操作指南,直播运营,True,2,2,2,
https://www.douyin.com/video/7657084782060315498,https://www.douyin.com/video/7657084782060315498,douyin.com,怎么查抖音竞品直播数据？#竞品直播数据 #蝉妈妈查竞品 #蝉妈妈,抖音视频,创作者视频,字节跳动/头条系,True,True,7657084782060315498,视频,教程/操作指南,直播运营,True,2,2,2,
https://www.douyin.com/video/7657123491771086538,https://www.douyin.com/video/7657123491771086538,douyin.com,带货3小时0成交，别慌，3步排查 挂车挂一晚上，进来100人成交0单。先别慌，按这3步查：第一步，看曝光点击率，低于3%说明封面或标题没吸引力；第二步，看商品曝光，曝光不够就提千次价格；第三步，看转化,抖音视频,创作者视频,字节跳动/头条系,True,True,7657123491771086538,视频,说明/其他,达人/带货,False,2,2,2,
https://www.douyin.com/video/7657153190294490431,https://www.douyin.com/video/7657153190294490431,douyin.com,"选品进阶——怎样选出自带流量的爆品 还在为选品发愁？这期把选品的底层逻辑、四大指标、三步锁定方法全部讲清楚，还附赠避坑指南。带货能不能爆，选品占一半原因。收藏这期，选品不再踩坑！
#抖音带货  #选品技巧  #电商干货   #电商创业   #抖音运营小技巧",抖音视频,创作者视频,字节跳动/头条系,True,True,7657153190294490431,视频,教程/操作指南,达人/带货,True,2,2,1,
https://www.douyin.com/video/7657440709343055156,https://www.douyin.com/video/7657440709343055156,douyin.com,"多账号横向复盘，对比找差距。多账号横向复盘，对比找差距——这其实是优化大师的核心能力之一。
它是怎么工作的：矩阵下所有直播间共用一套词库和规则，统一下发、统一更新。
对你的好处：几十个号口径一致，大促",抖音视频,创作者视频,字节跳动/头条系,True,True,7657440709343055156,视频,教程/操作指南,直播运营,True,2,2,1,
https://www.douyin.com/video/7658095957275481513,https://www.douyin.com/video/7658095957275481513,douyin.com,#电商运营知识分享 #运营笔记分享 #淘宝拼多多京东抖音工业品代运营,抖音视频,创作者视频,字节跳动/头条系,True,True,7658095957275481513,视频,说明/其他,综合运营/其他,False,2,2,1,
https://www.douyin.com/video/7658228641637439808,https://www.douyin.com/video/7658228641637439808,douyin.com,用蝉妈妈看对标达人数据，用蝉妈妈找达人，找商品，找直播数据 用蝉妈妈看对标达人数据，用蝉妈妈找达人，找商品，找直播数据，蝉妈妈数据，蝉妈妈会员#蝉妈妈#蝉妈妈会员#蝉妈妈数据#找达人#直播数据,抖音视频,创作者视频,字节跳动/头条系,True,True,7658228641637439808,视频,说明/其他,直播运营,False,2,2,2,
https://www.douyin.com/video/7658524440502928356,https://www.douyin.com/video/7658524440502928356,douyin.com,很多新人都不知道这个自带检测，暗违规根本不弹窗提醒，作品直接隐藏限流，播放起不来。建议大家以后发视频之前都先检测一遍，少走半年弯路！#抖音隐形限流 #新人做短视频避坑 #创作助手检测 #抖音发文技巧 #短视频干货,抖音视频,创作者视频,字节跳动/头条系,True,True,7658524440502928356,视频,说明/其他,短视频内容,False,2,2,2,
https://www.douyin.com/video/7659299411244652998,https://www.douyin.com/video/7659299411244652998,douyin.com,运营怎么查抖音直播行业均值？#直播行业均值 #直播行业 #蝉妈妈查直播,抖音视频,创作者视频,字节跳动/头条系,True,True,7659299411244652998,视频,教程/操作指南,直播运营,True,2,2,2,
https://www.douyin.com/video/7659623927870283199,https://www.douyin.com/video/7659623927870283199,douyin.com,运营怎么查抖音小店数据？#抖音小店数据 #抖店数据分析 #蝉妈妈分析数据,抖音视频,创作者视频,字节跳动/头条系,True,True,7659623927870283199,视频,教程/操作指南,店铺/商品/商城,True,2,2,2,
https://www.douyin.com/video/7659983505132768511,https://www.douyin.com/video/7659983505132768511,douyin.com,蝉龙虾如何设置多端报表自动推送？#蝉龙虾 #多端报表自动推送 #蝉妈妈,抖音视频,创作者视频,字节跳动/头条系,True,True,7659983505132768511,视频,教程/操作指南,综合运营/其他,True,2,2,2,
https://www.douyin.com/video/7659996656078698154,https://www.douyin.com/video/7659996656078698154,douyin.com,抖音爆品怎么查？#爆品推荐 #爆品查询 #蝉妈妈找爆品,抖音视频,创作者视频,字节跳动/头条系,True,True,7659996656078698154,视频,教程/操作指南,综合运营/其他,True,2,2,2,
https://www.douyin.com/video/7660210049821789478,https://www.douyin.com/video/7660210049821789478,douyin.com,拒绝瞎琢磨，豆包给你答案#AI#豆包#人工智能,抖音视频,创作者视频,字节跳动/头条系,True,True,7660210049821789478,视频,说明/其他,综合运营/其他,False,2,2,1,
https://www.douyin.com/video/7660738162683405673,https://www.douyin.com/video/7660738162683405673,douyin.com,店铺数据异常怎么查？#店铺数据异常 #店铺数据分析 #蝉妈妈查店铺数据,抖音视频,创作者视频,字节跳动/头条系,True,True,7660738162683405673,视频,教程/操作指南,店铺/商品/商城,True,2,2,2,
https://www.douyin.com/video/7662284129081940900,https://www.douyin.com/video/7662284129081940900,douyin.com,抖音小店数据怎么查？官方太繁琐，蝉妈妈一键解锁核心洞察！ 1 个主问题：抖音小店数据查看有哪些方法？  细分小问题 1：如何查看官方后台基础数据？ 小回答：直接登录抖音电商后台，在数据中心可查看订单、,抖音视频,创作者视频,字节跳动/头条系,True,True,7662284129081940900,视频,教程/操作指南,数据工具/分析,True,2,2,2,
https://www.douyin.com/video/7662590806817465509,https://www.douyin.com/video/7662590806817465509,douyin.com,高GPM爆品选品，3个数据指标判断潜力。Q1: 直播间高 GPM 爆品，在选品时最该关注哪几个核心数据指标？ A1: 直播间高 GPM 爆品不能只看它卖了多少，更要看它**每分钟能贡献多少销售额**。,抖音视频,创作者视频,字节跳动/头条系,True,True,7662590806817465509,视频,方法论/策略,直播运营,True,2,2,1,
https://www.douyin.com/video/7663006121964524985,https://www.douyin.com/video/7663006121964524985,douyin.com,抖店上新总违规限流咋整？ 抖大侠搬家上货，批量检测违禁词避罚，做抖店用抖大侠 #一件代发 #上货软件 #抖大侠  #抖店运营  #电商创业,抖音视频,创作者视频,字节跳动/头条系,True,True,7663006121964524985,视频,说明/其他,店铺/商品/商城,False,2,2,2,
https://www.douyin.com/video/7663312983049386218,https://www.douyin.com/video/7663312983049386218,douyin.com,竞品播放量高代表什么？拆解真实运营信号。Q1: 竞品短视频播放量高，如何判断是真实力还是表面繁荣？  A1: 竞品短视频播放量居高不下，先别急着焦虑，第一步要做的不是跟风，而是拆解流量的真假。一个视频如果只有播放量，但互动数据（尤其是评论和分享）极低，很可能是投流硬推的结果，而非内容本身有吸引力。真正的爆款内容，其流量结构往往是健康的。你可以打开蝉妈妈，进入目标竞品的“视频分析”详情页，重点看三个,抖音视频,创作者视频,字节跳动/头条系,True,True,7663312983049386218,视频,教程/操作指南,广告投放,True,2,2,2,
https://www.douyin.com/video/7663319314762731621,https://www.douyin.com/video/7663319314762731621,douyin.com,短视频运营如何批量复盘？Q1: 如何用AI快速过滤海量短视频，找出值得复盘的内容？ A1: 批量复盘的第一步不是深度拆解，而是快速筛选出需要重点关注的视频。AI可以帮你跳过“看一条、记一条”的人力阶段,抖音视频,创作者视频,字节跳动/头条系,True,True,7663319314762731621,视频,教程/操作指南,短视频内容,True,2,2,2,
https://www.douyin.com/video/7663330989812493806,https://www.douyin.com/video/7663330989812493806,douyin.com,同行跑量素材去哪里找？#本地推#巨量本地推 #巨量广告 #抖音来客,抖音视频,创作者视频,字节跳动/头条系,True,True,7663330989812493806,视频,说明/其他,广告投放,False,2,2,1,
https://www.douyin.com/video/7663442502120262912,https://www.douyin.com/video/7663442502120262912,douyin.com,不是没流量，是你的内容与人群不匹配 当内容与人群匹配，精准流量就不愁了，让你的AI读取这个知识包，解决内容与人群的匹配问题#抖音电商 #上岸讲AI #千川素材 #全域 #投放,抖音视频,创作者视频,字节跳动/头条系,True,True,7663442502120262912,视频,说明/其他,广告投放,False,2,2,1,
https://www.douyin.com/video/7663685036948048889,https://www.douyin.com/video/7663685036948048889,douyin.com,蝉妈妈流量来源结构精准吗？蝉妈妈直播流量结构什么意思？ 蝉妈妈直播流量结构什么意思，蝉妈妈数据准不准，蝉妈妈其他流量结构什么意思？蝉妈妈其他是指 开启付费之后包括投放全域投放#付费流量 #全域 #蝉妈妈,抖音视频,创作者视频,字节跳动/头条系,True,True,7663685036948048889,视频,说明/其他,直播运营,False,2,2,2,
https://www.douyin.com/video/7664810749903249734,https://www.douyin.com/video/7664810749903249734,douyin.com,素材的数据判定逻辑：投放、转化衰退。Q1：筛选投放素材，到底该看哪些核心数据指标？ A1：筛选短视频投放素材不能只看播放量或点赞数，电商投放的判断逻辑要从内容效率、商品承接和付费放大三条链路拆解。运营,抖音视频,创作者视频,字节跳动/头条系,True,True,7664810749903249734,视频,方法论/策略,广告投放,True,2,2,2,
https://www.douyin.com/video/7664867155700431473,https://www.douyin.com/video/7664867155700431473,douyin.com,抖音直播数据复盘怎么做？Q1: 抖音直播数据监测工具，核心要盯住哪些流量数据？  A1: 复盘直播时，只看总场观是远远不够的，核心是拆解流量结构，看流量从哪来、来了多少、留没留住。艾瑞咨询在2023年,抖音视频,创作者视频,字节跳动/头条系,True,True,7664867155700431473,视频,教程/操作指南,直播运营,True,2,2,1,
https://www.douyin.com/video/7665307434096905487,https://www.douyin.com/video/7665307434096905487,douyin.com,电商选品数据总结工具 #抖店 #电商运营 #电商干货 #知识分享,抖音视频,创作者视频,字节跳动/头条系,True,True,7665307434096905487,视频,推荐/对比/清单,店铺/商品/商城,False,2,2,1,
https://www.douyin.com/video/7665328894429433114,https://www.douyin.com/video/7665328894429433114,douyin.com,"行业数据显示，超40%的达人存在不同程度数据注水。互动量看着漂亮，实际全是刷的。你的预算，正在为假流量买单。
别慌，4个识破水号的方法整理在图里了，建议先收藏。下次投达人前对照检查一遍，5分钟筛掉一批",抖音视频,创作者视频,字节跳动/头条系,True,True,7665328894429433114,视频,方法论/策略,达人/带货,True,2,2,2,
https://www.douyin.com/video/7665548255480411626,https://www.douyin.com/video/7665548255480411626,douyin.com,商品全链路转化如何拆解？Q1: 如何完整拆解商品全链路转化数据？第一步先看什么指标？ A1: 拆解商品全链路转化，第一步不是看成交额，而是先定位流量到成交的漏斗瓶颈。核心看三个环节的转化率：曝光-点击,抖音视频,创作者视频,字节跳动/头条系,True,True,7665548255480411626,视频,教程/操作指南,店铺/商品/商城,True,2,2,1,
https://www.douyin.com/video/7665561587495617786,https://www.douyin.com/video/7665561587495617786,douyin.com,蝉妈妈抖音直播带货榜单流量拆解，直播复盘。做抖音直播带货，蝉妈妈真的很合适，榜单流量拆解，直播复盘，粉丝画像，直播间付费流量，蝉妈妈怎么看直播间付费流量，蝉妈妈会员#蝉妈妈会员#蝉妈妈直播数据#直播数,抖音视频,创作者视频,字节跳动/头条系,True,True,7665561587495617786,视频,教程/操作指南,直播运营,True,2,2,2,
https://www.douyin.com/video/7666345096639466787,https://www.douyin.com/video/7666345096639466787,douyin.com,同行ROI怎么查？抖店后台这个免费入口很多人没用过 #千川#千川投放技巧#千川运营#直播投流技巧#直播投流运营,抖音视频,创作者视频,字节跳动/头条系,True,True,7666345096639466787,视频,教程/操作指南,直播运营,True,2,2,2,
https://www.douyin.com/video/7666775931663680933,https://www.douyin.com/video/7666775931663680933,douyin.com,第41集｜宝妈短视频没流量？3步自查隐形限流｜亲测管用 怀疑账号隐形限流，却不知道去哪查、怎么救？ 今天给所有做短视频的宝妈，一套傻瓜式自查流程  第一步，打开创作者服务中心。 做账号状态检测，所有隐,抖音视频,创作者视频,字节跳动/头条系,True,True,7666775931663680933,视频,教程/操作指南,短视频内容,True,2,2,1,
https://www.douyin.com/video/7667150613511245071,https://www.douyin.com/video/7667150613511245071,douyin.com,带货只会发视频不看数据？乌妹手把手教你查哪条视频出了单、赚了多少佣金#自媒体 #短视频带货 #直播带货 #宝妈 #乌妹,抖音视频,创作者视频,字节跳动/头条系,True,True,7667150613511245071,视频,说明/其他,直播运营,False,2,2,2,
https://www.douyin.com/video/7667166569729887497,https://www.douyin.com/video/7667166569729887497,douyin.com,放量测素材十条废十条？根本不是素材差，测法一开始就错了 #千川 #千川投放技巧 #全域 #全域营销,抖音视频,创作者视频,字节跳动/头条系,True,True,7667166569729887497,视频,说明/其他,广告投放,False,2,2,2,
https://www.douyin.com/video/7667238698773954275,https://www.douyin.com/video/7667238698773954275,douyin.com,抖店后台功能详细介绍 新人刚做抖店不懂后台的功能，教学来了。一条视频讲清楚！ #抖大侠 #一件代发  #抖店 #电商课程  #抖店开店,抖音视频,创作者视频,字节跳动/头条系,True,True,7667238698773954275,视频,说明/其他,短视频内容,False,2,2,2,
https://www.douyin.com/video/7667422910851583283,https://www.douyin.com/video/7667422910851583283,douyin.com,五张图教你如何做竞品分析！！。#抖音运营 #小红书运营 #代运营,抖音视频,创作者视频,字节跳动/头条系,True,True,7667422910851583283,视频,教程/操作指南,数据工具/分析,True,2,2,1,
https://www.douyin.com/video/7667836468311649764,https://www.douyin.com/video/7667836468311649764,douyin.com,"直播复盘怎么做？蝉妈妈AI一键生成报告 Q1: 直播复盘如何快速定位流量问题？
A1: 重点拆解流量结构。进入蝉妈妈「直播详情-流量分析-直播间流量结构」，查看短视频、推荐、搜索等来源占比。对比行业均",抖音视频,创作者视频,字节跳动/头条系,True,True,7667836468311649764,视频,教程/操作指南,直播运营,True,2,2,1,
https://www.douyin.com/video/7668171896392244069,https://www.douyin.com/video/7668171896392244069,douyin.com,外面没人敢讲的千川底层逻辑：吃透这套“三看法”，精准匹配起号打法。 千川起号捷径：只需三步，把同行的“流量密码”直接变成你的！#千川运营,抖音视频,创作者视频,字节跳动/头条系,True,True,7668171896392244069,视频,方法论/策略,广告投放,True,2,2,1,
https://www.douyin.com/video/7668990315375158390,https://www.douyin.com/video/7668990315375158390,douyin.com,同行ROI查不到。但误差15%以内猜得到。 #千川 #全域 #直播 #千川投放技巧 #千川投放,抖音视频,创作者视频,字节跳动/头条系,True,True,7668990315375158390,视频,说明/其他,直播运营,False,2,2,1,
https://www.douyin.com/video/7669000422631545408,https://www.douyin.com/video/7669000422631545408,douyin.com,GMV下降异动，怎么分析原因？电商运营分析GMV下降时，采用What、Why、How闭环分析法：先核对数据口径，确认波动异常；再从人货场维度和转化漏斗拆解根本原因；最后制定短期止损、中期优化和长期预防,抖音视频,创作者视频,字节跳动/头条系,True,True,7669000422631545408,视频,教程/操作指南,数据工具/分析,True,2,2,1,
https://www.douyin.com/video/7669007359477933233,https://www.douyin.com/video/7669007359477933233,douyin.com,直播越投越亏，先看这4个数据 #干货分享交易心得 #直播带货 #直播起号 #电商干货 #电商创业,抖音视频,创作者视频,字节跳动/头条系,True,True,7669007359477933233,视频,说明/其他,直播运营,False,2,2,2,
https://www.douyin.com/video/7669040022658858875,https://www.douyin.com/video/7669040022658858875,douyin.com,数据忽高忽低，该如何破解 #ai#涨粉 #涨粉一千万,抖音视频,创作者视频,字节跳动/头条系,True,True,7669040022658858875,视频,教程/操作指南,数据工具/分析,True,2,2,1,
https://www.douyin.com/video/7669731845000507721,https://www.douyin.com/video/7669731845000507721,douyin.com,投流别再随便选同行，两步找到对标达人 #直播带货#抖音电商#对标达人#直播投流#电商罗盘,抖音视频,创作者视频,字节跳动/头条系,True,True,7669731845000507721,视频,说明/其他,直播运营,False,2,2,2,
https://www.douyin.com/video/7670002460614338289,https://www.douyin.com/video/7670002460614338289,douyin.com,做抖音电商一定要学会研究竞品！#抖音电商 #新手做电商行业 #电商运营干货分享,抖音视频,创作者视频,字节跳动/头条系,True,True,7670002460614338289,视频,行业资讯/报告,综合运营/其他,False,2,2,1,
https://douyinec.com/research,https://douyinec.com/research,douyinec.com,抖音电商官网-抖音小店入驻-兴趣电商直播带货平台,其他外部来源,身份权威性未知,所有者未核实,False,False,,图文/网页,推荐/对比/清单,直播运营,False,2,2,1,
https://lf3-cdn-tos.draftstatic.com/obj/ies-hotsoon-draft/merchant_center/service_agreement_version1.html,https://lf3-cdn-tos.draftstatic.com/obj/ies-hotsoon-draft/merchant_center/service_agreement_version1.html,draftstatic.com,抖音商家中心服务协议1.0,其他外部来源,身份权威性未知,所有者未核实,False,False,,图文/网页,说明/其他,综合运营/其他,False,2,2,1,
https://duoduocm.com/sites/20104.html,https://duoduocm.com/sites/20104.html,duoduocm.com,抖音商家中心官网 - 抖音商家中心 - 多多参谋,其他外部来源,身份权威性未知,所有者未核实,False,False,,图文/网页,说明/其他,综合运营/其他,False,2,2,2,
https://caifuhao.eastmoney.com/news/20240716213352998510660,https://caifuhao.eastmoney.com/news/20240716213352998510660,eastmoney.com,抖音电商赛道主流数据分析工具汇总_财富号_东方财富网,其他外部来源,身份权威性未知,所有者未核实,False,False,,图文/网页,推荐/对比/清单,数据工具/分析,False,2,2,2,
https://auth.fanruan.com/thread-152784-1-1.html,https://auth.fanruan.com/thread-152784-1-1.html,fanruan.com,数据直连|九数云直连巨量千川，直播、短视频带货核心数据全掌握-我的帆软,企业官网/工具平台,企业或垂直站点,外部企业,False,False,,图文/网页,说明/其他,直播运营,False,2,2,2,
https://fanruan.com/blog/article/113179,https://fanruan.com/blog/article/113179,fanruan.com,抖音数据分析工具网站有哪些 | 帆软数字化转型知识库,企业官网/工具平台,企业或垂直站点,外部企业,False,False,,图文/网页,推荐/对比/清单,数据工具/分析,False,2,2,2,
https://fanruan.com/blog/article/1459034,https://fanruan.com/blog/article/1459034,fanruan.com,抖音的数据分析播放量不一样吗怎么回事 | 帆软数字化转型知识库,企业官网/工具平台,企业或垂直站点,外部企业,False,False,,图文/网页,教程/操作指南,数据工具/分析,True,2,2,1,
https://fanruan.com/blog/article/1491769,https://fanruan.com/blog/article/1491769,fanruan.com,抖音数据分析有两个播放量不一样怎么回事 | 帆软数字化转型知识库,企业官网/工具平台,企业或垂直站点,外部企业,False,False,,图文/网页,教程/操作指南,数据工具/分析,True,2,2,2,
https://fanruan.com/blog/article/1800669,https://fanruan.com/blog/article/1800669,fanruan.com,抖音直播总览如何高效分析?企业级实时数据监控全攻略 | 帆软数字化转型知识库,企业官网/工具平台,企业或垂直站点,外部企业,False,False,,图文/网页,教程/操作指南,直播运营,True,2,2,2,
https://fanruan.com/finepedia/article/68ca8859f7a2e71297281731,https://fanruan.com/finepedia/article/68ca8859f7a2e71297281731,fanruan.com,抖音电商数据分析工具如何选?高效提升店铺运营效果秘诀-帆软企业数字化知识百科,企业官网/工具平台,企业或垂直站点,外部企业,False,False,,图文/网页,教程/操作指南,店铺/商品/商城,True,2,2,1,
https://fanruan.com/finepedia/article/68ca885bf7a2e7129728173f,https://fanruan.com/finepedia/article/68ca885bf7a2e7129728173f,fanruan.com,抖音电商数据分析平台靠谱吗?助力商家精准洞察消费趋势-帆软企业数字化知识百科,企业官网/工具平台,企业或垂直站点,外部企业,False,False,,图文/网页,推荐/对比/清单,数据工具/分析,False,2,2,2,
https://fanruan.com/finepedia/article/69086d25f7a2e71297bf77b7,https://fanruan.com/finepedia/article/69086d25f7a2e71297bf77b7,fanruan.com,短视频流量如何高效追踪?抖音数据监测工具助力精准运营-帆软企业数字化知识百科,企业官网/工具平台,企业或垂直站点,外部企业,False,False,,图文/网页,教程/操作指南,短视频内容,True,2,2,2,
https://fanruan.com/finepedia/article/690876b3f7a2e71297c176bd,https://fanruan.com/finepedia/article/690876b3f7a2e71297c176bd,fanruan.com,抖音数据分析工具免费版靠谱吗?企业如何用好免费数据分析平台-帆软企业数字化知识百科,企业官网/工具平台,企业或垂直站点,外部企业,False,False,,图文/网页,教程/操作指南,数据工具/分析,True,2,2,2,
https://fanruan.com/finepedia/article/690884f2f7a2e71297c467bc,https://fanruan.com/finepedia/article/690884f2f7a2e71297c467bc,fanruan.com,新手能否轻松上手抖音电商数据分析?全流程操作指南详解-帆软企业数字化知识百科,企业官网/工具平台,企业或垂直站点,外部企业,False,False,,图文/网页,教程/操作指南,数据工具/分析,True,2,2,1,
https://fanruan.com/finepedia/article/693abcd11d2aea3df6dd3014,https://fanruan.com/finepedia/article/693abcd11d2aea3df6dd3014,fanruan.com,抖音分析怎么做竞品分析?同行内容与数据对比方法-帆软企业数字化知识百科,企业官网/工具平台,企业或垂直站点,外部企业,False,False,,图文/网页,教程/操作指南,数据工具/分析,True,2,2,2,
https://fanruan.com/finepedia/article/693b00dd1d2aea3df6ef4fb0,https://fanruan.com/finepedia/article/693b00dd1d2aea3df6ef4fb0,fanruan.com,抖音分析报告模板有哪些?短视频电商数据可视化展示-帆软企业数字化知识百科,企业官网/工具平台,企业或垂直站点,外部企业,False,False,,图文/网页,行业资讯/报告,短视频内容,False,2,2,2,
https://dy.feigua.cn/help/detail/2/413.html,https://dy.feigua.cn/help/detail/2/413.html,feigua.cn,【常见问题】直播间观众来源,企业官网/工具平台,企业或垂直站点,外部企业,False,False,,图文/网页,说明/其他,直播运营,False,2,2,2,
https://feigua.cn/home,https://feigua.cn/home,feigua.cn,飞瓜数据-助力电商销量、营销声量双丰收-feigua.cn,企业官网/工具平台,企业或垂直站点,外部企业,False,False,,图文/网页,说明/其他,数据工具/分析,False,2,2,2,
https://img.feigua.cn/dyArticle/20260305/bdac431ff5864de0839113b9e7995b52.pdf,https://img.feigua.cn/dyArticle/20260305/bdac431ff5864de0839113b9e7995b52.pdf,feigua.cn,2026年2月飞瓜抖音电商营销月报,企业官网/工具平台,企业或垂直站点,外部企业,False,False,,PDF/图文报告,说明/其他,综合运营/其他,False,2,2,2,
https://img.feigua.cn/dystudyreport/20260305/74317313b94342479cb662b26c2a06c1.pdf,https://img.feigua.cn/dystudyreport/20260305/74317313b94342479cb662b26c2a06c1.pdf,feigua.cn,2026年1月飞瓜抖音电商营销月报,企业官网/工具平台,企业或垂直站点,外部企业,False,False,,PDF/图文报告,说明/其他,综合运营/其他,False,2,2,2,
https://img.feigua.cn/kspj/carousel/a308b106817742718c5ec7650822de1d.pdf,https://img.feigua.cn/kspj/carousel/a308b106817742718c5ec7650822de1d.pdf,feigua.cn,飞瓜数据快手版使用手册,企业官网/工具平台,企业或垂直站点,外部企业,False,False,,PDF/图文报告,教程/操作指南,数据工具/分析,True,2,2,2,
https://ks.feigua.cn/DataAnalysis.html,https://ks.feigua.cn/DataAnalysis.html,feigua.cn,飞瓜快手-快手短视频直播电商数据平台,企业官网/工具平台,企业或垂直站点,外部企业,False,False,,图文/网页,推荐/对比/清单,直播运营,False,2,2,2,
https://pc.feigua.cn/?chl=ksgw,https://pc.feigua.cn/?chl=ksgw,feigua.cn,飞瓜品策-抖音营销舆情分析平台,企业官网/工具平台,企业或垂直站点,外部企业,False,False,,图文/网页,推荐/对比/清单,数据工具/分析,False,2,2,1,
https://zhitou.feigua.cn/h5_home/home,https://zhitou.feigua.cn/h5_home/home,feigua.cn,飞瓜智投直播管家,企业官网/工具平台,企业或垂直站点,外部企业,False,False,,图文/网页,说明/其他,直播运营,False,2,2,2,
https://anycross.feishu.cn/documentation/template/6921313497922535537/7246211049245065244,https://anycross.feishu.cn/documentation/template/6921313497922535537/7246211049245065244,feishu.cn,定时将抖音来客中的商品信息同步至多维表格 - 文档中心 - 飞书集成平台,字节/头条系其他,平台或产品来源,字节跳动/头条系,True,False,,图文/网页,推荐/对比/清单,店铺/商品/商城,False,2,2,2,
https://feishu.cn/content/article/7582904528077917408,https://feishu.cn/content/article/7582904528077917408,feishu.cn,告别“赌爆款”：飞书多维表格+AI，打造电商营销流程全闭环,字节/头条系其他,平台或产品来源,字节跳动/头条系,True,False,,图文/网页,案例/复盘,综合运营/其他,False,2,2,1,
https://feishu.cn/content/feishu-global-marketing-full-process,https://feishu.cn/content/feishu-global-marketing-full-process,feishu.cn,「全域营销」新篇章，飞书直播全流程管理,字节/头条系其他,平台或产品来源,字节跳动/头条系,True,False,,图文/网页,说明/其他,直播运营,False,2,2,2,
https://feishu.cn/content/workflow-tools-and-systems,https://feishu.cn/content/workflow-tools-and-systems,feishu.cn,工作流系统和工具6选：AI时代自动化工作必备,字节/头条系其他,平台或产品来源,字节跳动/头条系,True,False,,图文/网页,推荐/对比/清单,数据工具/分析,False,2,2,1,
https://feishu.cn/hc/zh-CN/articles/725304182725-使用多维表格连接器,https://feishu.cn/hc/zh-CN/articles/725304182725-%E4%BD%BF%E7%94%A8%E5%A4%9A%E7%BB%B4%E8%A1%A8%E6%A0%BC%E8%BF%9E%E6%8E%A5%E5%99%A8,feishu.cn,使用多维表格连接器,字节/头条系其他,平台或产品来源,字节跳动/头条系,True,False,,图文/网页,说明/其他,综合运营/其他,False,2,2,2,
https://v2k7lgiip4.feishu.cn/docs/doccnvh5Asv1pvlPq6LQqalzphh,https://v2k7lgiip4.feishu.cn/docs/doccnvh5Asv1pvlPq6LQqalzphh,feishu.cn,抖音电商罗盘数据指标定义全集,字节/头条系其他,平台或产品来源,字节跳动/头条系,True,False,,图文/网页,方法论/策略,数据工具/分析,True,2,2,2,
https://finebi.com/blog/article/68ae6d0328946ecca886c3de,https://finebi.com/blog/article/68ae6d0328946ecca886c3de,finebi.com,直播流量分析工具有哪些?企业如何高效提升转化率 - FineBI数据分析知识库,其他外部来源,身份权威性未知,所有者未核实,False,False,,图文/网页,教程/操作指南,直播运营,True,2,2,1,
https://finebi.com/blog/article/68b158db28946ecca8a64411,https://finebi.com/blog/article/68b158db28946ecca8a64411,finebi.com,Data Studio如何接入多平台数据?一站式整合方案推荐 - FineBI数据分析知识库,其他外部来源,身份权威性未知,所有者未核实,False,False,,图文/网页,教程/操作指南,数据工具/分析,True,2,2,1,
https://finebi.com/blog/article/691ab9fd28946ecca808a9bf,https://finebi.com/blog/article/691ab9fd28946ecca808a9bf,finebi.com,直播流量波动怎么监控?平台接入多数据源提升分析精度 - FineBI数据分析知识库,其他外部来源,身份权威性未知,所有者未核实,False,False,,图文/网页,教程/操作指南,直播运营,True,2,2,2,
https://finebi.com/blog/article/691aba3d28946ecca808bd01,https://finebi.com/blog/article/691aba3d28946ecca808bd01,finebi.com,直播数据如何自动报表?可视化工具让分析变得高效简单 - FineBI数据分析知识库,其他外部来源,身份权威性未知,所有者未核实,False,False,,图文/网页,教程/操作指南,直播运营,True,2,2,2,
https://finebi.com/blog/article/69d7169cbc3caea5877ea91e,https://finebi.com/blog/article/69d7169cbc3caea5877ea91e,finebi.com,直播间数据分析怎么做?提升转化率的实用方法有哪些? - FineBI数据分析知识库,其他外部来源,身份权威性未知,所有者未核实,False,False,,图文/网页,教程/操作指南,直播运营,True,2,2,1,
https://fkdmg.com/mip/article/12287.html,https://fkdmg.com/mip/article/12287.html,fkdmg.com,电商直播复盘别再凭感觉!掌握“五维四率”分析法，精准优化每场直播 ... - 疯狂的美工,其他外部来源,身份权威性未知,所有者未核实,False,False,,图文/网页,案例/复盘,直播运营,False,2,2,2,
https://ganhuoku.cn/archives/159817,https://ganhuoku.cn/archives/159817,ganhuoku.cn,7000字干货，一文讲透抖音店播体系，POSC品牌店播方法论 - 广告人干货库,其他外部来源,身份权威性未知,所有者未核实,False,False,,图文/网页,方法论/策略,广告投放,True,2,2,1,
https://github.com/Dunrip/report-tools,https://github.com/Dunrip/report-tools,github.com,GitHub - Dunrip/report-tools: Google Apps Script toolkit for live commerce reporting — analyzes TikTok Shop/platform livestream performance data in Google Sheets · GitHub,其他外部来源,身份权威性未知,所有者未核实,False,False,,图文/网页,说明/其他,综合运营/其他,False,2,2,2,
https://goodgq.com/h-nd-130186.html,https://goodgq.com/h-nd-130186.html,goodgq.com,2026抖音小程序数据统计分析工具推荐(企业运营数据监控) - 固乔科技,其他外部来源,身份权威性未知,所有者未核实,False,False,,图文/网页,推荐/对比/清单,数据工具/分析,False,2,2,2,
https://guoji.pro/Report/ReportDetail?marketingId=484,https://guoji.pro/Report/ReportDetail?marketingId=484,guoji.pro,【飞瓜数据×飞瓜品策×飞瓜易投】2025年度飞瓜抖音电商生态与营销投放报告 - 果集,其他外部来源,身份权威性未知,所有者未核实,False,False,,图文/网页,行业资讯/报告,广告投放,False,2,2,2,
https://hbqnbnews.com/zixun?aid=13691&cid=2,https://hbqnbnews.com/zixun?aid=13691&cid=2,hbqnbnews.com,2026电商平台行业品类销量和销售额数据在哪里查?推荐三个实用渠道--河北青年报电子报,其他外部来源,身份权威性未知,所有者未核实,False,False,,图文/网页,推荐/对比/清单,数据工具/分析,False,2,2,2,
https://hefeirencai.cn/news/177116.html,https://hefeirencai.cn/news/177116.html,hefeirencai.cn,巨量算数电脑网页版入口_巨量算数电脑网页版在线地址_HF资讯攻略,其他外部来源,身份权威性未知,所有者未核实,False,False,,图文/网页,教程/操作指南,综合运营/其他,True,2,2,2,
https://heidh.com/favorites/dspsj?orderby=date,https://heidh.com/favorites/dspsj?orderby=date,heidh.com,短视频数据 - 黑导航短视频数据官网，短视频数据导航为您提供服务，精心挑选，安全无毒，找短视频数据网址就来黑导航，这里收集全网最全的网站资源。 - 短视频数据 | 黑导航,其他外部来源,身份权威性未知,所有者未核实,False,False,,图文/网页,说明/其他,短视频内容,False,2,2,1,
https://hwds868.com/article/douyin-blue-ocean-category-2026-30-niches.html,https://hwds868.com/article/douyin-blue-ocean-category-2026-30-niches.html,hwds868.com,抖音蓝海类目 2026 大全|30 个未饱和细分赛道 | 电商干货社区,其他外部来源,身份权威性未知,所有者未核实,False,False,,图文/网页,说明/其他,综合运营/其他,False,2,2,1,
https://hwds868.com/article/douyin-live-qianchuan-cold-start-to-scale-sop.html,https://hwds868.com/article/douyin-live-qianchuan-cold-start-to-scale-sop.html,hwds868.com,巨量千川直播投流SOP:冷启动→放量三阶段操作指南 | 电商干货社区,其他外部来源,身份权威性未知,所有者未核实,False,False,,图文/网页,教程/操作指南,直播运营,True,2,2,1,
https://hwds868.com/article/douyin-shop-natural-traffic-source-decomp.html,https://hwds868.com/article/douyin-shop-natural-traffic-source-decomp.html,hwds868.com,抖音小店自然流量来源拆解|8 大入口 + 放量法 | 电商干货社区,其他外部来源,身份权威性未知,所有者未核实,False,False,,图文/网页,说明/其他,综合运营/其他,False,2,2,1,
https://hainan.ifeng.com/c/8uAMEeQWSwQ,https://hainan.ifeng.com/c/8uAMEeQWSwQ,ifeng.com,抖店一件代发软件工具合规性分级标准(2026 官方参考版)凤凰网海南_凤凰网,新闻/门户/自媒体,媒体或自媒体平台,媒体平台,False,False,,图文/网页,推荐/对比/清单,店铺/商品/商城,False,2,2,2,
https://iitang.com/29505.html,https://iitang.com/29505.html,iitang.com,抖音灵机:抖音官方免费的直播数据分析助手平台丨一糖导航,其他外部来源,身份权威性未知,所有者未核实,False,False,,图文/网页,推荐/对比/清单,直播运营,False,2,2,2,
https://imatx.com/article-1258.htm,https://imatx.com/article-1258.htm,imatx.com,抖音有多少用户 - 土土哥博客,其他外部来源,身份权威性未知,所有者未核实,False,False,,图文/网页,说明/其他,综合运营/其他,False,2,2,1,
https://improvado.io/blog/tiktok-business-analytics,https://improvado.io/blog/tiktok-business-analytics,improvado.io,TikTok Business Analytics: Complete Guide for Data-Driven Marketers in 2026,其他外部来源,身份权威性未知,所有者未核实,False,False,,图文/网页,说明/其他,综合运营/其他,False,2,2,2,
https://iqinghu.com/qa/detail/51587,https://iqinghu.com/qa/detail/51587,iqinghu.com,抖店选品软件哪个好 | 青虎,其他外部来源,身份权威性未知,所有者未核实,False,False,,图文/网页,推荐/对比/清单,店铺/商品/商城,False,2,2,2,
https://iqinghu.com/qa/detail/53593,https://iqinghu.com/qa/detail/53593,iqinghu.com,抖音怎么看选品销量榜 | 青虎,其他外部来源,身份权威性未知,所有者未核实,False,False,,图文/网页,教程/操作指南,店铺/商品/商城,True,2,2,2,
https://jiezang.cn/news/3608988.html,https://jiezang.cn/news/3608988.html,jiezang.cn,抖音罗盘经营交易全店退款分析口径在哪?_小白学电商,其他外部来源,身份权威性未知,所有者未核实,False,False,,图文/网页,说明/其他,数据工具/分析,False,2,2,1,
https://jijyun.cn/apps/apps/1000784_94,https://jijyun.cn/apps/apps/1000784_94,jijyun.cn,抖音(普通号)与飞书多维表格无代码集成连接方法 | 无需API接口代码开发快速连接抖音(普通号)与飞书多维表格,其他外部来源,身份权威性未知,所有者未核实,False,False,,图文/网页,方法论/策略,综合运营/其他,True,2,2,2,
https://cdn.jinghuiyue.com/uploads/20230711/FsjLaszfXpKqvAbupqYsTQ_k8VFp.pdf,https://cdn.jinghuiyue.com/uploads/20230711/FsjLaszfXpKqvAbupqYsTQ_k8VFp.pdf,jinghuiyue.com,《实训任务》任务6 直播数据分析,其他外部来源,身份权威性未知,所有者未核实,False,False,,PDF/图文报告,说明/其他,直播运营,False,2,2,2,
https://automan.jinritemai.com/docpage/views/d672d55d-9ad5-4adb-9b80-10b7fc8ebf18,https://automan.jinritemai.com/docpage/views/d672d55d-9ad5-4adb-9b80-10b7fc8ebf18,jinritemai.com,抖音电商罗盘用户服务协议,字节/头条系其他,平台或产品来源,字节跳动/头条系,True,False,,图文/网页,说明/其他,综合运营/其他,False,2,2,2,
https://buyin.jinritemai.com/helpcenter/5124/42565,https://buyin.jinritemai.com/helpcenter/5124/42565,jinritemai.com,【数据参谋】-成交详情数据说明 - 帮助中心 - 巨量百应帮助中心,字节/头条系其他,平台或产品来源,字节跳动/头条系,True,False,,图文/网页,说明/其他,数据工具/分析,False,2,2,2,
https://buyin.jinritemai.com/helpcenter/5124/63848,https://buyin.jinritemai.com/helpcenter/5124/63848,jinritemai.com,【直播天眼实时监测重磅上线】 - 帮助中心 - 巨量百应帮助中心,字节/头条系其他,平台或产品来源,字节跳动/头条系,True,False,,图文/网页,说明/其他,直播运营,False,2,2,2,
https://compass.jinritemai.com/shop/financial-analysis,https://compass.jinritemai.com/shop/financial-analysis,jinritemai.com,抖音电商罗盘-抖店商家、达人和机构多视角数据平台,字节/头条系其他,平台或产品来源,字节跳动/头条系,True,False,,图文/网页,推荐/对比/清单,达人/带货,False,2,2,2,
https://op.jinritemai.com/docs/guide-d/83/7320,https://op.jinritemai.com/docs/guide-d/83/7320,jinritemai.com,抖店开放平台,字节/头条系其他,平台或产品来源,字节跳动/头条系,True,False,,图文/网页,推荐/对比/清单,店铺/商品/商城,False,2,2,1,
https://op.jinritemai.com/docs/guide-docs/83/7320,https://op.jinritemai.com/docs/guide-docs/83/7320,jinritemai.com,抖店开放平台,字节/头条系其他,平台或产品来源,字节跳动/头条系,True,False,,图文/网页,推荐/对比/清单,店铺/商品/商城,False,2,2,2,
https://op.jinritemai.com/docs/guide-docs/84/1266?docLabel=,https://op.jinritemai.com/docs/guide-docs/84/1266?docLabel=,jinritemai.com,抖店开放平台,字节/头条系其他,平台或产品来源,字节跳动/头条系,True,False,,图文/网页,推荐/对比/清单,店铺/商品/商城,False,2,2,1,
https://school.jinritemai.com/doudian/wap/article/110796,https://school.jinritemai.com/doudian/wap/article/110796,jinritemai.com,玩转达人广场-精准找带货达人合作,字节/头条系其他,平台或产品来源,字节跳动/头条系,True,False,,图文/网页,说明/其他,达人/带货,False,2,2,2,
https://school.jinritemai.com/doudian/wap/article/110838?fromPage=search_result&query=%E5%BA%97%E9%93%BA%E6%8A%96%E9%9F%B3%E5%AE%98%E6%96%B9%E8%B4%A6%E5%8F%B7%E7%BB%91%E5%AE%9A%E5%BA%97%E9%93%BA%E5%8A%9F%E8%83%BD%E6%9C%8D%E5%8A%A1%E5%8D%8F%E8%AE%AE%EF%BC%88%E6%8A%96%E9%9F%B3%E8%B4%A6%E5%8F%B7%E7%AB%AF%EF%BC%89&rank=0&resultType=%E8%A7%84%E5%88%99&searchInfo=5977850236935632696%3A0%3A0%3A229312544%3A20230725160613AC4315AFDB3BBC08333A,https://school.jinritemai.com/doudian/wap/article/110838?fromPage=search_result&query=%E5%BA%97%E9%93%BA%E6%8A%96%E9%9F%B3%E5%AE%98%E6%96%B9%E8%B4%A6%E5%8F%B7%E7%BB%91%E5%AE%9A%E5%BA%97%E9%93%BA%E5%8A%9F%E8%83%BD%E6%9C%8D%E5%8A%A1%E5%8D%8F%E8%AE%AE%EF%BC%88%E6%8A%96%E9%9F%B3%E8%B4%A6%E5%8F%B7%E7%AB%AF%EF%BC%89&rank=0&resultType=%E8%A7%84%E5%88%99&searchInfo=5977850236935632696%3A0%3A0%3A229312544%3A20230725160613AC4315AFDB3BBC08333A,jinritemai.com,抖音电商学习中心,字节/头条系其他,平台或产品来源,字节跳动/头条系,True,False,,图文/网页,说明/其他,综合运营/其他,False,2,2,1,
https://school.jinritemai.com/doudian/wap/article/aHTkZEjsiyYS?from_school=1&should_full_screen=1&should_hide_bottom_nav=1,https://school.jinritemai.com/doudian/wap/article/aHTkZEjsiyYS?from_school=1&should_full_screen=1&should_hide_bottom_nav=1,jinritemai.com,巨量百应平台机构服务商协议,字节/头条系其他,平台或产品来源,字节跳动/头条系,True,False,,图文/网页,推荐/对比/清单,数据工具/分析,False,2,2,2,
https://school.jinritemai.com/doudian/wap/article/aHi5Vo1f2gCv,https://school.jinritemai.com/doudian/wap/article/aHi5Vo1f2gCv,jinritemai.com,抖音电商学习中心,字节/头条系其他,平台或产品来源,字节跳动/头条系,True,False,,图文/网页,说明/其他,综合运营/其他,False,2,2,1,
https://school.jinritemai.com/doudian/wap/course-series/cHUhBgYoH6DU/cHUhBgYoH6DUlHUh8wZed34y,https://school.jinritemai.com/doudian/wap/course-series/cHUhBgYoH6DU/cHUhBgYoH6DUlHUh8wZed34y,jinritemai.com,电商罗盘618数据作战攻略,字节/头条系其他,平台或产品来源,字节跳动/头条系,True,False,,图文/网页,教程/操作指南,数据工具/分析,True,2,2,2,
https://school.jinritemai.com/doudian/wap/course-series/cHXYPm4k5tCn/cHXYPm4k5tCnlHZdqBe2bLVA?from_school=1&should_full_screen=1&should_hide_bottom_nav=1,https://school.jinritemai.com/doudian/wap/course-series/cHXYPm4k5tCn/cHXYPm4k5tCnlHZdqBe2bLVA?from_school=1&should_full_screen=1&should_hide_bottom_nav=1,jinritemai.com,抖音电商官方数据产品「罗盘·策略」引领生意增长,字节/头条系其他,平台或产品来源,字节跳动/头条系,True,False,,图文/网页,案例/复盘,数据工具/分析,False,2,2,2,
https://school.jinritemai.com/doudian/wap/course-series/cHcPPwSCPcym/cHcPPwSCPcymlHcQ92eWiurC?from_school=1&should_full_screen=1&should_hide_bottom_nav=1,https://school.jinritemai.com/doudian/wap/course-series/cHcPPwSCPcym/cHcPPwSCPcymlHcQ92eWiurC?from_school=1&should_full_screen=1&should_hide_bottom_nav=1,jinritemai.com,罗盘双11大促作战攻略,字节/头条系其他,平台或产品来源,字节跳动/头条系,True,False,,图文/网页,教程/操作指南,综合运营/其他,True,2,2,2,
https://school.jinritemai.com/doudian/wap/course-series/cHcPPwSCPcym/cHcPPwSCPcymlHcQ92eWj5bA?from_school=1&should_full_screen=1&should_hide_bottom_nav=1,https://school.jinritemai.com/doudian/wap/course-series/cHcPPwSCPcym/cHcPPwSCPcymlHcQ92eWj5bA?from_school=1&should_full_screen=1&should_hide_bottom_nav=1,jinritemai.com,罗盘双11大促作战攻略,字节/头条系其他,平台或产品来源,字节跳动/头条系,True,False,,图文/网页,教程/操作指南,综合运营/其他,True,2,2,2,
https://school.jinritemai.com/doudian/wap/course-series/cJZHjLnhaLyw/cJZHjLnhaLywlJZJUawr916i?from_school=1&should_full_screen=1&should_hide_bottom_nav=1,https://school.jinritemai.com/doudian/wap/course-series/cJZHjLnhaLyw/cJZHjLnhaLywlJZJUawr916i?from_school=1&should_full_screen=1&should_hide_bottom_nav=1,jinritemai.com,抖音电商学习中心,字节/头条系其他,平台或产品来源,字节跳动/头条系,True,False,,图文/网页,说明/其他,综合运营/其他,False,2,2,2,
https://school.jinritemai.com/doudian/web/article/aHPuNmhxfhCA,https://school.jinritemai.com/doudian/web/article/aHPuNmhxfhCA,jinritemai.com,学会罗盘做直播复盘，就三步!,字节/头条系其他,平台或产品来源,字节跳动/头条系,True,False,,图文/网页,案例/复盘,直播运营,False,2,2,1,
https://school.jinritemai.com/doudian/web/articlev0/aHNZSpMZURCr,https://school.jinritemai.com/doudian/web/articlev0/aHNZSpMZURCr,jinritemai.com,抖音账号绑定巨量百应/精选联盟账号服务协议,字节/头条系其他,平台或产品来源,字节跳动/头条系,True,False,,图文/网页,说明/其他,综合运营/其他,False,2,2,2,
https://school.jinritemai.com/doudian/web/articlev0/aHZeGARbk3Kk?from_school=1&should_full_screen=1&should_hide_bottom_nav=1,https://school.jinritemai.com/doudian/web/articlev0/aHZeGARbk3Kk?from_school=1&should_full_screen=1&should_hide_bottom_nav=1,jinritemai.com,精选联盟服务市场用户交易服务协议,字节/头条系其他,平台或产品来源,字节跳动/头条系,True,False,,图文/网页,说明/其他,综合运营/其他,False,2,2,1,
https://school.jinritemai.com/doudian/web/articlev0/aHcRxuHzpWaR,https://school.jinritemai.com/doudian/web/articlev0/aHcRxuHzpWaR,jinritemai.com,「罗盘·达人」直播间诊断优化升级!,字节/头条系其他,平台或产品来源,字节跳动/头条系,True,False,,图文/网页,方法论/策略,直播运营,True,2,2,2,
https://school.jinritemai.com/doudian/web/course-series/cHXYPm4k5tCn/cHXYPm4k5tCnlHsBbDReqqp6?from_school=1&should_full_screen=1&should_hide_bottom_nav=1,https://school.jinritemai.com/doudian/web/course-series/cHXYPm4k5tCn/cHXYPm4k5tCnlHsBbDReqqp6?from_school=1&should_full_screen=1&should_hide_bottom_nav=1,jinritemai.com,抖音电商官方数据产品「罗盘·策略」引领生意增长,字节/头条系其他,平台或产品来源,字节跳动/头条系,True,False,,图文/网页,案例/复盘,数据工具/分析,False,2,2,1,
https://school.jinritemai.com/doudian/web/knowledge/kJ9EWiHh5YpX,https://school.jinritemai.com/doudian/web/knowledge/kJ9EWiHh5YpX,jinritemai.com,为什么「直播大屏」用户支付金额与直播期间罗盘「首页」的实时用户支付金额/抖店「订单管理」加总计算不一致? -抖音电商学习中心,字节/头条系其他,平台或产品来源,字节跳动/头条系,True,False,,图文/网页,说明/其他,直播运营,False,2,2,2,
https://school.jinritemai.com/doudian/web/knowledge/kJVAfUuk3Chn,https://school.jinritemai.com/doudian/web/knowledge/kJVAfUuk3Chn,jinritemai.com,如何查看短视频商品曝光及点击数据-抖音电商学习中心,字节/头条系其他,平台或产品来源,字节跳动/头条系,True,False,,图文/网页,教程/操作指南,短视频内容,True,2,2,2,
https://school.jinritemai.com/doudian/web/knowledge/kJVAhojaeHFP,https://school.jinritemai.com/doudian/web/knowledge/kJVAhojaeHFP,jinritemai.com,为什么罗盘直播大屏的直播间用户支付金额与千川的整体的不一致-抖音电商学习中心,字节/头条系其他,平台或产品来源,字节跳动/头条系,True,False,,图文/网页,说明/其他,直播运营,False,2,2,2,
https://school.jinritemai.com/doudian/web/knowledge/kJVAi4NPvX4n,https://school.jinritemai.com/doudian/web/knowledge/kJVAi4NPvX4n,jinritemai.com,为什么同时间段罗盘首页和抖店结算账单的达人佣金支出不一致-抖音电商学习中心,字节/头条系其他,平台或产品来源,字节跳动/头条系,True,False,,图文/网页,说明/其他,达人/带货,False,2,2,2,
https://school.jinritemai.com/doudian/web/knowledge/kJVAiBhc47aH,https://school.jinritemai.com/doudian/web/knowledge/kJVAiBhc47aH,jinritemai.com,什么样的订单不会计入订单量-抖音电商学习中心,字节/头条系其他,平台或产品来源,字节跳动/头条系,True,False,,图文/网页,说明/其他,综合运营/其他,False,2,2,2,
https://school.jinritemai.com/doudian/web/knowledge/kJXZJuwq1HMa,https://school.jinritemai.com/doudian/web/knowledge/kJXZJuwq1HMa,jinritemai.com,如何添加竞店-抖音电商学习中心,字节/头条系其他,平台或产品来源,字节跳动/头条系,True,False,,图文/网页,教程/操作指南,综合运营/其他,True,2,2,2,
https://school.jinritemai.com/doudian/web/knowledge/kJXe3mbRdHsw,https://school.jinritemai.com/doudian/web/knowledge/kJXe3mbRdHsw,jinritemai.com,为什么直播间的成交类指标跟抖店-订单管理或售后工作台不一致-抖音电商学习中心,字节/头条系其他,平台或产品来源,字节跳动/头条系,True,False,,图文/网页,方法论/策略,直播运营,True,2,2,2,
https://jiwanai.com/sites/1209.html,https://jiwanai.com/sites/1209.html,jiwanai.com,灰豚 - 抖音、快手、小红书 等，数据分析工具 - 即万AI导航,其他外部来源,身份权威性未知,所有者未核实,False,False,,图文/网页,推荐/对比/清单,数据工具/分析,False,2,2,2,
https://juejin.cn/post/7576646533614583862,https://juejin.cn/post/7576646533614583862,juejin.cn,爆肝2天万字总结，飞书多维表格保姆级教程来了【建议收藏】这是苍何的第 453 篇原创! 大家好，我是爱吃大饼的苍何。 在 - 掘金,社区/博客/问答,UGC/专业社区,外部平台,False,False,,图文/网页,教程/操作指南,综合运营/其他,True,2,2,1,
https://juejin.cn/post/7649329229150650378,https://juejin.cn/post/7649329229150650378,juejin.cn,又一个神级 Codex Skill 诞生了。基于红狐数据新媒体数据API，搭建AI热点雷达平台，聚合抖音、小红书、公众号 - 掘金,社区/博客/问答,UGC/专业社区,外部平台,False,False,,图文/网页,推荐/对比/清单,数据工具/分析,False,2,2,1,
https://jzl.com/news/201,https://jzl.com/news/201,jzl.com,2025抖音数据采集全指南:合规框架下的高效实操方法,企业官网/工具平台,企业或垂直站点,外部企业,False,False,,图文/网页,教程/操作指南,数据工具/分析,True,2,2,2,
https://jzl.com/news/612,https://jzl.com/news/612,jzl.com,抖音数据中心在哪里查看,企业官网/工具平台,企业或垂直站点,外部企业,False,False,,图文/网页,说明/其他,数据工具/分析,False,2,2,2,
https://jzl.com/news/722,https://jzl.com/news/722,jzl.com,抖音数据采集:合规获取竞品视频指标的3种方案,企业官网/工具平台,企业或垂直站点,外部企业,False,False,,图文/网页,方法论/策略,短视频内容,True,2,2,2,
https://jzl.com/news/749,https://jzl.com/news/749,jzl.com,抖音数据分析在哪里看?一位运营老司机的经验之谈,企业官网/工具平台,企业或垂直站点,外部企业,False,False,,图文/网页,说明/其他,数据工具/分析,False,2,2,1,
https://jzl.com/news/764,https://jzl.com/news/764,jzl.com,全网数据采集成抖音运营分水岭!还在手动整理?2026年这样玩才高效,企业官网/工具平台,企业或垂直站点,外部企业,False,False,,图文/网页,说明/其他,数据工具/分析,False,2,2,2,
https://jzl.com/news/790,https://jzl.com/news/790,jzl.com,抖音电商2025复盘:规则与逻辑的重塑之年,企业官网/工具平台,企业或垂直站点,外部企业,False,False,,图文/网页,案例/复盘,综合运营/其他,False,2,2,1,
https://jzl.com/news/xhsdata-5,https://jzl.com/news/xhsdata-5,jzl.com,小红书数据监测工具对比:哪个工具最好用,企业官网/工具平台,企业或垂直站点,外部企业,False,False,,图文/网页,推荐/对比/清单,数据工具/分析,False,2,2,2,
https://kitoken.cn/,https://kitoken.cn/,kitoken.cn,切片精灵 - 直播录播自动切片工具,其他外部来源,身份权威性未知,所有者未核实,False,False,,图文/网页,推荐/对比/清单,直播运营,False,2,2,1,
https://m.kuaizhang.com/t/ask/question_10513955.html,https://m.kuaizhang.com/t/ask/question_10513955.html,kuaizhang.com,抖店如何看主播销售的明细赚不赚钱，直播业绩哪儿没有明细，只有成交金额_快账,其他外部来源,身份权威性未知,所有者未核实,False,False,,图文/网页,教程/操作指南,直播运营,True,2,2,1,
https://lifexue.com/knowledge/detail/136536?enter_method=search,https://lifexue.com/knowledge/detail/136536?enter_method=search,lifexue.com,抖音生活服务-学习中心,其他外部来源,身份权威性未知,所有者未核实,False,False,,图文/网页,说明/其他,综合运营/其他,False,2,2,2,
https://lifexue.com/knowledge/detail/139754?enter_method=search,https://lifexue.com/knowledge/detail/139754?enter_method=search,lifexue.com,抖音生活服务-学习中心,其他外部来源,身份权威性未知,所有者未核实,False,False,,图文/网页,说明/其他,综合运营/其他,False,2,2,1,
https://macheng.com.cn/article/333031783571947.shtml,https://macheng.com.cn/article/333031783571947.shtml,macheng.com.cn,2026 抖音电商运营干货:零基础商家选品逻辑拆解，靠类目货源打造爆款_麻城新闻网_产经资讯,其他外部来源,身份权威性未知,所有者未核实,False,False,,图文/网页,案例/复盘,店铺/商品/商城,False,2,2,1,
https://maibaba.cn/16350.html,https://maibaba.cn/16350.html,maibaba.cn,抖音罗盘直播大屏复盘模式是什么?有什么功能?原创 - 视频电商 - 卖巴巴,其他外部来源,身份权威性未知,所有者未核实,False,False,,图文/网页,案例/复盘,直播运营,False,2,2,2,
https://milguo.com/notice/a-12795.html,https://milguo.com/notice/a-12795.html,milguo.com,巨量千川的利弊是什么有没必要开吗?-米果云仓,其他外部来源,身份权威性未知,所有者未核实,False,False,,图文/网页,说明/其他,广告投放,False,2,2,2,
https://a.newrank.cn/trade/news/9118,https://a.newrank.cn/trade/news/9118,newrank.cn,抖音爆款作品核心要素与数据洞察全解析_新榜有赚,企业官网/工具平台,企业或垂直站点,外部企业,False,False,,图文/网页,案例/复盘,数据工具/分析,False,2,2,1,
https://chs.newrank.cn/main/pdf/newrank-introduce-2024.pdf,https://chs.newrank.cn/main/pdf/newrank-introduce-2024.pdf,newrank.cn,新榜 业务介绍 2024 新榜,企业官网/工具平台,企业或垂直站点,外部企业,False,False,,PDF/图文报告,说明/其他,综合运营/其他,False,2,2,2,
https://d.newrank.cn/creative/9022,https://d.newrank.cn/creative/9022,newrank.cn,抖音企业号绑定员工号及授权全流程指南 - 新榜小豆芽,企业官网/工具平台,企业或垂直站点,外部企业,False,False,,图文/网页,教程/操作指南,综合运营/其他,True,2,2,1,
https://edit.newrank.cn/detail.html?uuid=672DC22DC2C9B20C4A83F8FF9180152F,https://edit.newrank.cn/detail.html?uuid=672DC22DC2C9B20C4A83F8FF9180152F,newrank.cn,2025直播数据管理工具哪个好?实测5款(免费+付费)，这款工具效率翻倍,企业官网/工具平台,企业或垂直站点,外部企业,False,False,,图文/网页,推荐/对比/清单,直播运营,False,2,2,2,
https://matrix.newrank.cn/article/article-detail/6b96bcaab1e847f7,https://matrix.newrank.cn/article/article-detail/6b96bcaab1e847f7,newrank.cn,2025实测靠谱!对比5款数据工具，免授权看8+平台数据，解决矩阵运营痛点_矩阵通,企业官网/工具平台,企业或垂直站点,外部企业,False,False,,图文/网页,推荐/对比/清单,数据工具/分析,False,2,2,2,
https://matrix.newrank.cn/article/article-detail/c1a976c6b7a644da,https://matrix.newrank.cn/article/article-detail/c1a976c6b7a644da,newrank.cn,抖音/小红书/快手/视频号/公众号主流平台数据全打通，矩阵运营不用再切后台_矩阵通,企业官网/工具平台,企业或垂直站点,外部企业,False,False,,图文/网页,推荐/对比/清单,短视频内容,False,2,2,2,
https://matrix.newrank.cn/article/article-detail/c93e31d7706740cb,https://matrix.newrank.cn/article/article-detail/c93e31d7706740cb,newrank.cn,抖音多账号批量管理工具推荐:从混乱到高效，数据驱动矩阵增长_矩阵通,企业官网/工具平台,企业或垂直站点,外部企业,False,False,,图文/网页,推荐/对比/清单,数据工具/分析,False,2,2,1,
https://matrix.newrank.cn/article/article-detail/f12e26c92bdb49da,https://matrix.newrank.cn/article/article-detail/f12e26c92bdb49da,newrank.cn,直播数据复盘难?多平台数据统一汇总+多维度分析，效率提升80%_矩阵通,企业官网/工具平台,企业或垂直站点,外部企业,False,False,,图文/网页,推荐/对比/清单,直播运营,False,2,2,2,
https://niaogebiji.com/article-623902-1.html,https://niaogebiji.com/article-623902-1.html,niaogebiji.com,如何查看竞品直播间数据?-鸟哥笔记,其他外部来源,身份权威性未知,所有者未核实,False,False,,图文/网页,教程/操作指南,直播运营,True,2,2,2,
https://m.niucoo.cn/app/15019.html,https://m.niucoo.cn/app/15019.html,niucoo.cn,蝉妈妈数据分析平台官方免费下载-蝉妈妈数据分析app下载手机版v4.25.3-纽扣助手,其他外部来源,身份权威性未知,所有者未核实,False,False,,图文/网页,推荐/对比/清单,数据工具/分析,False,2,2,2,
https://cc.oceanengine.com/academy/article-detail/10173,https://cc.oceanengine.com/academy/article-detail/10173,oceanengine.com,巨量创意,字节/头条系其他,平台或产品来源,字节跳动/头条系,True,False,,图文/网页,说明/其他,综合运营/其他,False,2,2,2,
https://trendinsight.oceanengine.com/arithmetic-index/hot?topic_name=%E7%8E%8B%E5%87%AF%E6%9C%89%E6%96%B0%E8%BA%AB%E4%BB%BD%E4%BA%86,https://trendinsight.oceanengine.com/arithmetic-index/hot?topic_name=%E7%8E%8B%E5%87%AF%E6%9C%89%E6%96%B0%E8%BA%AB%E4%BB%BD%E4%BA%86,oceanengine.com,抖音指数(原巨量算数),字节/头条系其他,平台或产品来源,字节跳动/头条系,True,False,,图文/网页,说明/其他,综合运营/其他,False,2,2,2,
https://trendinsight.oceanengine.com/arithmetic-index/hot?topic_name=%E7%94%84%E7%8F%8D%E6%83%B3%E5%BD%93%E8%AD%A6%E5%AF%9F%E4%BA%B2%E6%89%8B%E7%BC%89%E5%87%B6,https://trendinsight.oceanengine.com/arithmetic-index/hot?topic_name=%E7%94%84%E7%8F%8D%E6%83%B3%E5%BD%93%E8%AD%A6%E5%AF%9F%E4%BA%B2%E6%89%8B%E7%BC%89%E5%87%B6,oceanengine.com,抖音指数(原巨量算数),字节/头条系其他,平台或产品来源,字节跳动/头条系,True,False,,图文/网页,说明/其他,综合运营/其他,False,2,2,1,
https://trendinsight.oceanengine.com/index,https://trendinsight.oceanengine.com/index,oceanengine.com,抖音指数(原巨量算数),字节/头条系其他,平台或产品来源,字节跳动/头条系,True,False,,图文/网页,说明/其他,综合运营/其他,False,2,2,2,
https://developer.open-douyin.com/forum/bulletin/post/66aafb84372f131f6bd87c4c,https://developer.open-douyin.com/forum/bulletin/post/66aafb84372f131f6bd87c4c,open-douyin.com,玩转数据中心丨核心数据全覆盖，你的深度经营指南💰 - 抖音开放平台,其他外部来源,身份权威性未知,所有者未核实,False,False,,图文/网页,教程/操作指南,数据工具/分析,True,2,2,2,
https://developer.open-douyin.com/forum/share/post/654af80da19da9c4b64cb9a4,https://developer.open-douyin.com/forum/share/post/654af80da19da9c4b64cb9a4,open-douyin.com,玩转经营分析丨生意经营不容错过的核心数据 - 抖音开放平台,其他外部来源,身份权威性未知,所有者未核实,False,False,,图文/网页,推荐/对比/清单,数据工具/分析,False,2,2,2,
https://developer.open-douyin.com/m/docs/resource/zh-CN/mini-app/develop/tutorial/open-capabilities/management/identify-traffic-sources-marking-link-methods,https://developer.open-douyin.com/m/docs/resource/zh-CN/mini-app/develop/tutorial/open-capabilities/management/identify-traffic-sources-marking-link-methods,open-douyin.com,识别流量来源-标记链接方式指引(视频/直播),其他外部来源,身份权威性未知,所有者未核实,False,False,,图文/网页,说明/其他,直播运营,False,2,2,1,
https://developer.open-douyin.com/service-market/market-detail/7186951313937186819,https://developer.open-douyin.com/service-market/market-detail/7186951313937186819,open-douyin.com,清数全员营销短视频矩阵管理平台 - 抖音开放平台,其他外部来源,身份权威性未知,所有者未核实,False,False,,图文/网页,推荐/对比/清单,短视频内容,False,2,2,1,
https://developer.open-douyin.com/service-market/market-detail/7365038011341488162,https://developer.open-douyin.com/service-market/market-detail/7365038011341488162,open-douyin.com,蝉管家-直播复盘工具 - 抖音开放平台,其他外部来源,身份权威性未知,所有者未核实,False,False,,图文/网页,推荐/对比/清单,直播运营,False,2,2,2,
https://partner.open-douyin.com/docs/resource/zh-CN/mini-app/operation/data/data-center/ta/trade-overview,https://partner.open-douyin.com/docs/resource/zh-CN/mini-app/operation/data/data-center/ta/trade-overview,open-douyin.com,交易总览_小程序_抖音开放平台,其他外部来源,身份权威性未知,所有者未核实,False,False,,图文/网页,推荐/对比/清单,数据工具/分析,False,2,2,2,
https://m.oppozhijia.com/wz/1006107.html,https://m.oppozhijia.com/wz/1006107.html,oppozhijia.com,抖音创作服务平台官网登录入口 抖音创作服务平台网页版入口-oppo之家,其他外部来源,身份权威性未知,所有者未核实,False,False,,图文/网页,推荐/对比/清单,数据工具/分析,False,2,2,1,
https://oryoy.com/news/dou-yin-fen-si-shu-ju-diu-shi-ru-he-zhao-hui-guan-fang-qu-dao-shen-su-yu-shu-ju-hui-fu-quan-gong-lve.html,https://oryoy.com/news/dou-yin-fen-si-shu-ju-diu-shi-ru-he-zhao-hui-guan-fang-qu-dao-shen-su-yu-shu-ju-hui-fu-quan-gong-lve.html,oryoy.com,抖音粉丝数据丢失如何找回官方渠道申诉与数据恢复全攻略 - 云原生实践,其他外部来源,身份权威性未知,所有者未核实,False,False,,图文/网页,教程/操作指南,数据工具/分析,True,2,2,1,
https://oryoy.com/news/dou-yin-liu-liang-tu-ran-xia-hua-zen-me-ban-5-ge-shi-yong-ji-qiao-bang-ni-kuai-su-hui-fu-zhang-hao-r.html,https://oryoy.com/news/dou-yin-liu-liang-tu-ran-xia-hua-zen-me-ban-5-ge-shi-yong-ji-qiao-bang-ni-kuai-su-hui-fu-zhang-hao-r.html,oryoy.com,抖音流量突然下滑怎么办 5个实用技巧帮你快速恢复账号热度 - 云原生实践,其他外部来源,身份权威性未知,所有者未核实,False,False,,图文/网页,教程/操作指南,综合运营/其他,True,2,2,1,
https://php.cn/faq/1560240.html,https://php.cn/faq/1560240.html,php.cn,抖音怎么知道自己被限流了_抖音限流状态判断方法-手机软件-PHP中文网,社区/博客/问答,UGC/专业社区,外部平台,False,False,,图文/网页,教程/操作指南,综合运营/其他,True,2,2,2,
https://php.cn/faq/2478326.html,https://php.cn/faq/2478326.html,php.cn,抖音创作者服务平台入口 抖音后台入口-电脑软件-PHP中文网,社区/博客/问答,UGC/专业社区,外部平台,False,False,,图文/网页,推荐/对比/清单,数据工具/分析,False,2,2,2,
https://qituowang.com/portal/43949.html,https://qituowang.com/portal/43949.html,qituowang.com,千瓜数据是什么?有什么作用?如何下载使用?- 企拓网,其他外部来源,身份权威性未知,所有者未核实,False,False,,图文/网页,教程/操作指南,数据工具/分析,True,2,2,2,
https://qituowang.com/portal/46078.html,https://qituowang.com/portal/46078.html,qituowang.com,抖音怎么查自己发了多少条作品?- 企拓网,其他外部来源,身份权威性未知,所有者未核实,False,False,,图文/网页,教程/操作指南,综合运营/其他,True,2,2,1,
https://sj.qq.com/appdetail/com.aiyingli.douchacha,https://sj.qq.com/appdetail/com.aiyingli.douchacha,qq.com,抖查查app-官方正版软件2026最新版本免费下载-应用宝官网,新闻/门户/自媒体,媒体或自媒体平台,媒体平台,False,False,,图文/网页,说明/其他,综合运营/其他,False,2,2,2,
https://rapidtok.com/,https://rapidtok.com/,rapidtok.com,"The best TikTok Shop tools, honestly compared.",其他外部来源,身份权威性未知,所有者未核实,False,False,,图文/网页,说明/其他,综合运营/其他,False,2,2,2,
https://manual.sensorsdata.cn/sensorsadstracking/docs/zijie_tiyan_05/v0008,https://manual.sensorsdata.cn/sensorsadstracking/docs/zijie_tiyan_05/v0008,sensorsdata.cn,字节-巨量广告 升级版-神策分析 帮助中心 | 数据分析使用手册,其他外部来源,身份权威性未知,所有者未核实,False,False,,图文/网页,教程/操作指南,广告投放,True,2,2,2,
https://shangyexinzhi.com/article/32824986.html,https://shangyexinzhi.com/article/32824986.html,shangyexinzhi.com,抖音数据分析服务商:直播话术电商数据优化_中商在线-商业新知,其他外部来源,身份权威性未知,所有者未核实,False,False,,图文/网页,说明/其他,直播运营,False,2,2,2,
https://shankongmao.com/content/news/27694,https://shankongmao.com/content/news/27694,shankongmao.com,抖音视频管理能否查看每个视频的详细数据?,其他外部来源,身份权威性未知,所有者未核实,False,False,,图文/网页,说明/其他,短视频内容,False,2,2,1,
https://shankongmao.com/content/news/28218,https://shankongmao.com/content/news/28218,shankongmao.com,抖音视频发布时如何直接挂载商品链接?,其他外部来源,身份权威性未知,所有者未核实,False,False,,图文/网页,教程/操作指南,短视频内容,True,2,2,2,
https://shankongmao.com/content/news/8834,https://shankongmao.com/content/news/8834,shankongmao.com,账号异常如何通过数据工具检测?,其他外部来源,身份权威性未知,所有者未核实,False,False,,图文/网页,教程/操作指南,数据工具/分析,True,2,2,2,
https://shoppingads.cn/,https://shoppingads.cn/,shoppingads.cn,巨量千川,其他外部来源,身份权威性未知,所有者未核实,False,False,,图文/网页,说明/其他,广告投放,False,2,2,2,
https://shortimize.com/blog/rival-iq-alternative-for-short-form,https://shortimize.com/blog/rival-iq-alternative-for-short-form,shortimize.com,Best Rival IQ Alternative for Short Form Video 2026,其他外部来源,身份权威性未知,所有者未核实,False,False,,图文/网页,说明/其他,综合运营/其他,False,2,2,2,
https://t.cj.sina.cn/articles/view/5426766895/14375e42f00102v7o0,https://t.cj.sina.cn/articles/view/5426766895/14375e42f00102v7o0,sina.cn,2026 抖店运营工具科普，新手优先掌握抖掌柜基础功能精简使用指南_财经头条,其他外部来源,身份权威性未知,所有者未核实,False,False,,图文/网页,教程/操作指南,店铺/商品/商城,True,2,2,2,
https://t.cj.sina.cn/articles/view/6463672994/18143d2a200100ykj4,https://t.cj.sina.cn/articles/view/6463672994/18143d2a200100ykj4,sina.cn,【运营实操】如何通过抖音电商罗盘，复盘一场直播的数据表现?_财经头条,其他外部来源,身份权威性未知,所有者未核实,False,False,,图文/网页,教程/操作指南,直播运营,True,2,2,2,
https://jumeitong.sizhensoft.cn/siyuxueyuan/1411.html,https://jumeitong.sizhensoft.cn/siyuxueyuan/1411.html,sizhensoft.cn,聚媒通多平台自媒体数据统计功能 - 聚媒通,其他外部来源,身份权威性未知,所有者未核实,False,False,,图文/网页,推荐/对比/清单,数据工具/分析,False,2,2,1,
https://slashdot.org/software/p/Shoplus-TikTok/alternatives,https://slashdot.org/software/p/Shoplus-TikTok/alternatives,slashdot.org,Alternatives to Shoplus,其他外部来源,身份权威性未知,所有者未核实,False,False,,图文/网页,说明/其他,综合运营/其他,False,2,2,2,
https://post.m.smzdm.com/p/aompv53n,https://post.m.smzdm.com/p/aompv53n,smzdm.com,Coze 工作流|抖音主页数据提取写入飞书表格(保姆级)_服务软件_什么值得买,新闻/门户/自媒体,媒体或自媒体平台,媒体平台,False,False,,图文/网页,说明/其他,数据工具/分析,False,2,2,1,
https://app.so.com/detail/index?id=4538570,https://app.so.com/detail/index?id=4538570,so.com,蝉妈妈_360应用,其他外部来源,身份权威性未知,所有者未核实,False,False,,图文/网页,说明/其他,综合运营/其他,False,2,2,2,
https://sociavault.com/blog/extract-tiktok-data-2025,https://sociavault.com/blog/extract-tiktok-data-2025,sociavault.com,"How to Extract TikTok Data in 2025: Videos, Profiles & Analytics (Complete Guide)",其他外部来源,身份权威性未知,所有者未核实,False,False,,图文/网页,说明/其他,综合运营/其他,False,2,2,2,
https://m.sohu.com/a/1001820751_121989090,https://m.sohu.com/a/1001820751_121989090,sohu.com,抖音原创度怎么查?教你用专业工具一键检测_音视频_平台_bu,新闻/门户/自媒体,媒体或自媒体平台,搜狐,False,False,,图文/网页,教程/操作指南,短视频内容,True,2,2,2,
https://m.sohu.com/a/1008898629_122634602,https://m.sohu.com/a/1008898629_122634602,sohu.com,抖音电商数据工具怎么选?中小商家5大痛点一站式解决_直播_商品_选品,新闻/门户/自媒体,媒体或自媒体平台,搜狐,False,False,,图文/网页,教程/操作指南,直播运营,True,2,2,2,蝉妈妈
https://m.sohu.com/a/1010734186_122634602,https://m.sohu.com/a/1010734186_122634602,sohu.com,抖音直播转化漏斗分析:5步提升下单率_商品_数据_流量,新闻/门户/自媒体,媒体或自媒体平台,搜狐,False,False,,图文/网页,说明/其他,直播运营,False,2,2,2,蝉妈妈
https://m.sohu.com/a/1011985537_122634602,https://m.sohu.com/a/1011985537_122634602,sohu.com,如何识别真爆款?4个维度精准判断_商品_销量_分析,新闻/门户/自媒体,媒体或自媒体平台,搜狐,False,False,,图文/网页,教程/操作指南,店铺/商品/商城,True,2,2,2,蝉妈妈
https://m.sohu.com/a/1021597597_122634602,https://m.sohu.com/a/1021597597_122634602,sohu.com,如何用数据选品?5大方法提升抖音爆单率_分析_价格_赛道,新闻/门户/自媒体,媒体或自媒体平台,搜狐,False,False,,图文/网页,教程/操作指南,店铺/商品/商城,True,2,2,1,蝉妈妈
https://m.sohu.com/a/1033154647_121118996,https://m.sohu.com/a/1033154647_121118996,sohu.com,2026年抖音搜索优化实战指南_核心_关键_场景,新闻/门户/自媒体,媒体或自媒体平台,搜狐,False,False,,图文/网页,教程/操作指南,综合运营/其他,True,2,2,2,
https://m.sohu.com/a/1038558243_122874577,https://m.sohu.com/a/1038558243_122874577,sohu.com,自动拍单解密收货地址风控全解析|搭配工具如何彻底规避地址解密风险_店铺_明文_订单,新闻/门户/自媒体,媒体或自媒体平台,搜狐,False,False,,图文/网页,教程/操作指南,店铺/商品/商城,True,2,2,2,
https://m.sohu.com/a/1044747535_122634602,https://m.sohu.com/a/1044747535_122634602,sohu.com,新手商家试用指南，玩转蝉妈妈全部免费功能_商品_数据服务_直播间,新闻/门户/自媒体,媒体或自媒体平台,搜狐,False,False,,图文/网页,教程/操作指南,直播运营,True,2,2,2,蝉妈妈
https://m.sohu.com/a/1047093814_122634602,https://m.sohu.com/a/1047093814_122634602,sohu.com,抖音直播SPU成交怎么查?蝉妈妈3步锁定爆款_数据_销售_销量,新闻/门户/自媒体,媒体或自媒体平台,搜狐,False,False,,图文/网页,教程/操作指南,直播运营,True,2,2,2,蝉妈妈
https://m.sohu.com/a/1047452920_122559151,https://m.sohu.com/a/1047452920_122559151,sohu.com,怎么识别达人数据是否真实?品牌选达人前要排查这6类异常信号_内容_互动_商业,新闻/门户/自媒体,媒体或自媒体平台,搜狐,False,False,,图文/网页,教程/操作指南,达人/带货,True,2,2,1,
https://m.sohu.com/a/1049554012_122634602,https://m.sohu.com/a/1049554012_122634602,sohu.com,电商节日大促如何用数据预判市场走势?电商运营4步拆解路径_品类_商品_供给,新闻/门户/自媒体,媒体或自媒体平台,搜狐,False,False,,图文/网页,教程/操作指南,店铺/商品/商城,True,2,2,2,蝉妈妈
https://m.sohu.com/a/1055615133_122952339,https://m.sohu.com/a/1055615133_122952339,sohu.com,抖店多维度经营数据难以导出?抖掌柜全模块数据导出功能实现对账自由_表格_月度_归档,新闻/门户/自媒体,媒体或自媒体平台,搜狐,False,False,,图文/网页,说明/其他,店铺/商品/商城,False,2,2,1,
https://m.sohu.com/a/942129886_122518852,https://m.sohu.com/a/942129886_122518852,sohu.com,数据报表看不懂?营口睿帼3大核心指标优化指南，数据变订单!_商品_转化率_商家,新闻/门户/自媒体,媒体或自媒体平台,搜狐,False,False,,图文/网页,教程/操作指南,店铺/商品/商城,True,2,2,2,
https://m.sohu.com/a/987476453_122508012,https://m.sohu.com/a/987476453_122508012,sohu.com,抖音内容智能总结必备工具TOP3榜单_准确率_方言_直播,新闻/门户/自媒体,媒体或自媒体平台,搜狐,False,False,,图文/网页,推荐/对比/清单,直播运营,False,2,2,1,
https://m.sohu.com/a/992944212_122634602,https://m.sohu.com/a/992944212_122634602,sohu.com,电商数据分析工具哪个好?2026年权威选型指南与推荐_妈妈_直播_商品,新闻/门户/自媒体,媒体或自媒体平台,搜狐,False,False,,图文/网页,教程/操作指南,直播运营,True,2,2,1,蝉妈妈
https://m.sohu.com/a/993930646_122634602,https://m.sohu.com/a/993930646_122634602,sohu.com,实力靠谱的抖音数据分析服务商实力盘点_蝉羽_行业_品牌,新闻/门户/自媒体,媒体或自媒体平台,搜狐,False,False,,图文/网页,推荐/对比/清单,数据工具/分析,False,2,2,2,蝉妈妈
https://m.sohu.com/a/997197164_121997032,https://m.sohu.com/a/997197164_121997032,sohu.com,抖音直播数据分析经验，多平台数据集中展示_流量_后台_大刘,新闻/门户/自媒体,媒体或自媒体平台,搜狐,False,False,,图文/网页,推荐/对比/清单,直播运营,False,2,2,2,
https://m.sohu.com/a/997517707_122377595,https://m.sohu.com/a/997517707_122377595,sohu.com,MCN机构必看!抖音多账号协同运营效率工具_神器_直播间_团队,新闻/门户/自媒体,媒体或自媒体平台,搜狐,False,False,,图文/网页,推荐/对比/清单,直播运营,False,2,2,1,
https://m.sohu.com/a/998084058_122377374,https://m.sohu.com/a/998084058_122377374,sohu.com,企业员工子账号，精细权限管理多个抖音号_操作_运营_数据,新闻/门户/自媒体,媒体或自媒体平台,搜狐,False,False,,图文/网页,教程/操作指南,数据工具/分析,True,2,2,2,
https://m.sohu.com/a/998527520_122020115,https://m.sohu.com/a/998527520_122020115,sohu.com,2026必看|多平台社媒竞品分析工具盘点，新手也能快速上手_监测_内容_数据,新闻/门户/自媒体,媒体或自媒体平台,搜狐,False,False,,图文/网页,推荐/对比/清单,数据工具/分析,False,2,2,2,
https://sohu.com/a/767142301_121231219,https://sohu.com/a/767142301_121231219,sohu.com,抖店如何看竞品数据_分析_店铺_商品种类,新闻/门户/自媒体,媒体或自媒体平台,搜狐,False,False,,图文/网页,教程/操作指南,店铺/商品/商城,True,2,2,2,
https://sohu.com/a/774843255_121373130,https://sohu.com/a/774843255_121373130,sohu.com,如何查看抖音数据?5种抖音数据查询方法详解_分析_品牌_账号,新闻/门户/自媒体,媒体或自媒体平台,搜狐,False,False,,图文/网页,教程/操作指南,数据工具/分析,True,2,2,2,
https://sohu.com/a/966267396_122554258,https://sohu.com/a/966267396_122554258,sohu.com,抖音3款同行数据采集工具推荐_账号_分析_视频,新闻/门户/自媒体,媒体或自媒体平台,搜狐,False,False,,图文/网页,推荐/对比/清单,短视频内容,False,2,2,2,
https://sohu.com/a/973806447_121709665,https://sohu.com/a/973806447_121709665,sohu.com,2026 抖店多店避关联限流新方案:聚焦千川 + 罗盘数据，6 大生态链隔离维度_全群_账户_核心,新闻/门户/自媒体,媒体或自媒体平台,搜狐,False,False,,图文/网页,说明/其他,广告投放,False,2,2,2,
https://sohu.com/a/979324191_121118996,https://sohu.com/a/979324191_121118996,sohu.com,抖音电商全域精细化诊断指南_思路_指标_内容,新闻/门户/自媒体,媒体或自媒体平台,搜狐,False,False,,图文/网页,教程/操作指南,综合运营/其他,True,2,2,2,
https://dou.sougoujiayou.cn/dy/3E0bbb1F68cD.html,https://dou.sougoujiayou.cn/dy/3E0bbb1F68cD.html,sougoujiayou.cn,抖音月付出库套出真相，靠谱吗?深度解析+避坑指南_抖音月付取现商家,其他外部来源,身份权威性未知,所有者未核实,False,False,,图文/网页,教程/操作指南,综合运营/其他,True,2,2,2,
https://spaceads.agency/blog/what-is-a-tiktok-ads-audit-and-how-to-do-it,https://spaceads.agency/blog/what-is-a-tiktok-ads-audit-and-how-to-do-it,spaceads.agency,What is a TikTok Ads audit and how to do it?,其他外部来源,身份权威性未知,所有者未核实,False,False,,图文/网页,说明/其他,综合运营/其他,False,2,2,2,
https://a.sskoo.com/tool/cicada-mama,https://a.sskoo.com/tool/cicada-mama,sskoo.com,蝉妈妈:专业短视频直播电商数据分析平台 | 助力品牌增长,其他外部来源,身份权威性未知,所有者未核实,False,False,,图文/网页,推荐/对比/清单,直播运营,False,2,2,2,
https://sskoo.com/tool/cicada-mama,https://sskoo.com/tool/cicada-mama,sskoo.com,蝉妈妈:专业短视频直播电商数据分析平台 | 助力品牌增长,其他外部来源,身份权威性未知,所有者未核实,False,False,,图文/网页,推荐/对比/清单,直播运营,False,2,2,1,
https://goods.taobao.com/t/daiyunying_16960/2cb0c36a144d5e98a0f4336e72a758fd.html,https://goods.taobao.com/t/daiyunying_16960/2cb0c36a144d5e98a0f4336e72a758fd.html,taobao.com,25年选品工具大比拼:抖牛助手VS豆包助手，哪个更值得用?-代运营-淘宝好物网,其他外部来源,身份权威性未知,所有者未核实,False,False,,图文/网页,推荐/对比/清单,店铺/商品/商城,False,2,2,2,
https://goods.taobao.com/t/daiyunying_16960/52a270b3af5041e3bc48db80c3496122.html,https://goods.taobao.com/t/daiyunying_16960/52a270b3af5041e3bc48db80c3496122.html,taobao.com,全网爆款监测工具大PK!灰豚数据VS千瓜数据VS新红，25年哪个更适合小红书带货人?-代运营-淘宝好物网,其他外部来源,身份权威性未知,所有者未核实,False,False,,图文/网页,推荐/对比/清单,达人/带货,False,2,2,2,
https://tvgame.taobao.com/topic/youxituijian_226/4a978270d7bf7f0eed2ee581130845c7,https://tvgame.taobao.com/topic/youxituijian_226/4a978270d7bf7f0eed2ee581130845c7,taobao.com,抖音直播数据分析工具怎么选?考古加家旗舰版和飞瓜、婵妈妈等有什么区别?_游戏推荐_淘宝游戏网,其他外部来源,身份权威性未知,所有者未核实,False,False,,图文/网页,教程/操作指南,直播运营,True,2,2,2,
https://tbadc.com/hao/didadog.html,https://tbadc.com/hao/didadog.html,tbadc.com,嘀嗒狗 - 一个永久免费查TikTok数据的工具 | 拓边达,其他外部来源,身份权威性未知,所有者未核实,False,False,,图文/网页,推荐/对比/清单,数据工具/分析,False,2,2,2,
https://tbadc.com/hao/ttsfilter.html,https://tbadc.com/hao/ttsfilter.html,tbadc.com,TTsFilter - TikTok Shop选品与爆款视频分析工具 | 拓边达,其他外部来源,身份权威性未知,所有者未核实,False,False,,图文/网页,推荐/对比/清单,短视频内容,False,2,2,2,
https://tools-ai.cn/tag/抖音数据分析,https://tools-ai.cn/tag/%E6%8A%96%E9%9F%B3%E6%95%B0%E6%8D%AE%E5%88%86%E6%9E%90,tools-ai.cn,抖音数据分析-AI工具导航 | AI工具大全，国内外AI工具一站式导航网站,其他外部来源,身份权威性未知,所有者未核实,False,False,,图文/网页,推荐/对比/清单,数据工具/分析,False,2,2,2,
https://m.toutiao.com/group/7264894656188580386,https://m.toutiao.com/group/7264894656188580386,toutiao.com,巨量算数「电商榜」上线，随时随地解锁爆品密码_巨量算数,字节/头条系其他,平台或产品来源,字节跳动/头条系,True,False,,图文/网页,说明/其他,综合运营/其他,False,2,2,2,
https://m.toutiao.com/group/7642910789133550118,https://m.toutiao.com/group/7642910789133550118,toutiao.com,运营人必懂的3步数据分析逻辑，一线业务应用指南_人人都是产品经理,字节/头条系其他,平台或产品来源,字节跳动/头条系,True,False,,图文/网页,教程/操作指南,数据工具/分析,True,2,2,1,
https://m.toutiao.com/group/7647847506579112475,https://m.toutiao.com/group/7647847506579112475,toutiao.com,千川投放新手必看的核心数据清单_蝉妈妈电商增长,字节/头条系其他,平台或产品来源,字节跳动/头条系,True,False,,图文/网页,案例/复盘,广告投放,False,2,2,1,
https://m.toutiao.com/group/7658228065612415531,https://m.toutiao.com/group/7658228065612415531,toutiao.com,飞瓜数据和蝉妈妈直播数据分析对比_电商数据观察员,字节/头条系其他,平台或产品来源,字节跳动/头条系,True,False,,图文/网页,推荐/对比/清单,直播运营,False,2,2,2,
https://m.toutiao.com/group/7658228918192701995,https://m.toutiao.com/group/7658228918192701995,toutiao.com,多账号直播数据怎么统一汇总复盘_蝉妈妈电商增长,字节/头条系其他,平台或产品来源,字节跳动/头条系,True,False,,图文/网页,教程/操作指南,直播运营,True,2,2,2,
https://m.toutiao.com/group/7663312787958989321,https://m.toutiao.com/group/7663312787958989321,toutiao.com,蝉妈妈看新品起量机会:4个维度预判爆发风险_蝉妈妈电商增长,字节/头条系其他,平台或产品来源,字节跳动/头条系,True,False,,图文/网页,案例/复盘,综合运营/其他,False,2,2,2,
https://m.toutiao.com/group/7664502158884143626,https://m.toutiao.com/group/7664502158884143626,toutiao.com,抖店新手日常运营要用到哪些工具?全环节实用工具汇总_十堰广播电视台,字节/头条系其他,平台或产品来源,字节跳动/头条系,True,False,,图文/网页,推荐/对比/清单,店铺/商品/商城,False,2,2,1,
https://m.toutiao.com/group/7667474302136074792,https://m.toutiao.com/group/7667474302136074792,toutiao.com,七夕大促复盘怎么查商品和达人贡献?蝉妈妈3个实操维度_电商数据观察员,字节/头条系其他,平台或产品来源,字节跳动/头条系,True,False,,图文/网页,教程/操作指南,达人/带货,True,2,2,2,电商数据观察员
https://m.toutiao.com/group/7669616663796498963,https://m.toutiao.com/group/7669616663796498963,toutiao.com,付费直播间 ROI 频繁波动:搭建归因模型，分清主播与投手的责任边界_人人都是产品经理,字节/头条系其他,平台或产品来源,字节跳动/头条系,True,False,,图文/网页,方法论/策略,直播运营,True,2,2,2,
https://m.toutiao.com/group/7669706721811497512,https://m.toutiao.com/group/7669706721811497512,toutiao.com,预估销售额破千万元!“美丽明天”首播风头盖过与辉同行、东方甄选_中国商报,字节/头条系其他,平台或产品来源,字节跳动/头条系,True,False,,图文/网页,说明/其他,综合运营/其他,False,2,2,1,
https://usermaven.com/blog/data-discrepancy,https://usermaven.com/blog/data-discrepancy,usermaven.com,"What is data discrepancy? Causes, types & how to fix it",其他外部来源,身份权威性未知,所有者未核实,False,False,,图文/网页,说明/其他,综合运营/其他,False,2,2,2,
https://vientianeark.cn/qa/356278.html,https://vientianeark.cn/qa/356278.html,vientianeark.cn,抖音后台数据分析用什么软件 • 万象方舟,其他外部来源,身份权威性未知,所有者未核实,False,False,,图文/网页,说明/其他,数据工具/分析,False,2,2,1,
https://vientianeark.cn/qa/447872.html,https://vientianeark.cn/qa/447872.html,vientianeark.cn,抖音分析师网站有哪些 • 万象方舟,其他外部来源,身份权威性未知,所有者未核实,False,False,,图文/网页,说明/其他,数据工具/分析,False,2,2,2,
https://vientianeark.cn/qa/78901.html,https://vientianeark.cn/qa/78901.html,vientianeark.cn,抖音数据分析怎么制表 • 万象方舟,其他外部来源,身份权威性未知,所有者未核实,False,False,,图文/网页,教程/操作指南,数据工具/分析,True,2,2,1,
https://vkssl.com/sites/2653.html,https://vkssl.com/sites/2653.html,vkssl.com,巨量算数 - 抖音热点分析 | 千帆集网址导航资源库,其他外部来源,身份权威性未知,所有者未核实,False,False,,图文/网页,说明/其他,数据工具/分析,False,2,2,2,
https://developer.volcengine.com/articles/7628812802346057769,https://developer.volcengine.com/articles/7628812802346057769,volcengine.com,豆包大模型 2.0 + ArkClaw丨6 步跑通直播电商从选品到复盘的全链路 - 文章 - 开发者社区 - 火山引擎,字节/头条系其他,平台或产品来源,字节跳动/头条系,True,False,,图文/网页,案例/复盘,直播运营,False,2,2,2,
https://developer.volcengine.com/articles/7657445449448489010,https://developer.volcengine.com/articles/7657445449448489010,volcengine.com,影刀RPA进阶教程:抖音/TikTok商品数据自动化采集——无限滚动、动态class与防限流策略完整 - 文章 - 开发者社区 - 火山引擎,字节/头条系其他,平台或产品来源,字节跳动/头条系,True,False,,图文/网页,教程/操作指南,店铺/商品/商城,True,2,2,2,
https://docs.volcengine.com/docs/86760/2599682?lang=zh,https://docs.volcengine.com/docs/86760/2599682?lang=zh,volcengine.com,巨量引擎/巨量千川--数据智能体 DataAgent(私有化)-火山引擎,字节/头条系其他,平台或产品来源,字节跳动/头条系,True,False,,图文/网页,说明/其他,广告投放,False,2,2,2,
https://volcengine.com/docs/86403/1829775,https://volcengine.com/docs/86403/1829775,volcengine.com,智能数据洞察是什么--智能数据洞察 DataWind-火山引擎,字节/头条系其他,平台或产品来源,字节跳动/头条系,True,False,,图文/网页,行业资讯/报告,数据工具/分析,False,2,2,2,
https://xbin.vip/archives/1728,https://xbin.vip/archives/1728,xbin.vip,直播复盘太耗时急死人?!小宾直播要点提取助手，AI智能提炼关键信息 - 小宾直播录制官方网站,其他外部来源,身份权威性未知,所有者未核实,False,False,,图文/网页,案例/复盘,直播运营,False,2,2,1,
https://insight.xiaoduoai.com/commerce-knowledge/douyin-information/is-the-online-count-in-douyins-live-streaming-room-in-single-digits-how-can-we-combine-organic-traffic-paid-traffic-and-short-video-traffic-to-break-through.html,https://insight.xiaoduoai.com/commerce-knowledge/douyin-information/is-the-online-count-in-douyins-live-streaming-room-in-single-digits-how-can-we-combine-organic-traffic-paid-traffic-and-short-video-traffic-to-break-through.html,xiaoduoai.com,抖音直播间在线个位数?自然流、付费流、短视频引流，怎么组合才能破局? | 客服服务营销数智化洞察_晓观点,其他外部来源,身份权威性未知,所有者未核实,False,False,,图文/网页,教程/操作指南,直播运营,True,2,2,2,
https://m.xiayx.com/article/723783,https://m.xiayx.com/article/723783,xiayx.com,抖音带货主播排行榜在哪看?如何用查数据选品找合作?_侠游戏网教程-m.xiayx.com,其他外部来源,身份权威性未知,所有者未核实,False,False,,图文/网页,教程/操作指南,达人/带货,True,2,2,2,
https://m.xiayx.com/article/872823,https://m.xiayx.com/article/872823,xiayx.com,抖音创作者中心手机入口_侠游戏网教程-m.xiayx.com,其他外部来源,身份权威性未知,所有者未核实,False,False,,图文/网页,教程/操作指南,综合运营/其他,True,2,2,2,
https://webcdn.xiguaji.com/pince/web/20260310/product-intro.pdf,https://webcdn.xiguaji.com/pince/web/20260310/product-intro.pdf,xiguaji.com,品牌入场加剧市场竞争，多元化需求催生品类细化,其他外部来源,身份权威性未知,所有者未核实,False,False,,PDF/图文报告,说明/其他,综合运营/其他,False,2,2,2,
https://xingtu.cn/help-center/demander/119060,https://xingtu.cn/help-center/demander/119060,xingtu.cn,自定义报告查询-星图营销服务平台,其他外部来源,身份权威性未知,所有者未核实,False,False,,图文/网页,推荐/对比/清单,达人/带货,False,2,2,2,
https://xinlingshou.com/contents/articles/72835.html,https://xinlingshou.com/contents/articles/72835.html,xinlingshou.com,品牌商家怎么看抖音商城?入驻优缺点、行业口碑全解析 - 有赞新零售,其他外部来源,身份权威性未知,所有者未核实,False,False,,图文/网页,教程/操作指南,店铺/商品/商城,True,2,2,1,
https://xxwhwl.com/new/gsxw/2025-12-25/1395.html,https://xxwhwl.com/new/gsxw/2025-12-25/1395.html,xxwhwl.com,短视频数据不好影响直播流量?运营必学的双端数据分析与优化技巧。,其他外部来源,身份权威性未知,所有者未核实,False,False,,图文/网页,说明/其他,直播运营,False,2,2,2,
https://yimeizhushou.com/h-nd-453586.html,https://yimeizhushou.com/h-nd-453586.html,yimeizhushou.com,抖音数据中心平台有哪些?自动发信息的软件有哪些? - 易媒助手官网 | 短视频矩阵管理 一键发布多个自媒体平台 品牌整合全网营销,其他外部来源,身份权威性未知,所有者未核实,False,False,,图文/网页,推荐/对比/清单,短视频内容,False,2,2,2,
https://yitongweb.cn/,https://yitongweb.cn/,yitongweb.cn,易通数据 - 数据驱动运营决策 - 电商运营数据分析平台,其他外部来源,身份权威性未知,所有者未核实,False,False,,图文/网页,推荐/对比/清单,数据工具/分析,False,2,2,2,
https://resources.youcloud.com/youshu/blog/2502,https://resources.youcloud.com/youshu/blog/2502,youcloud.com,最大化千川ROI:有米有数相比蝉妈妈的独特优势,其他外部来源,身份权威性未知,所有者未核实,False,False,,图文/网页,说明/其他,广告投放,False,2,2,2,
https://resources.youcloud.com/youshu/product_update/2460,https://resources.youcloud.com/youshu/product_update/2460,youcloud.com,有米有数app官方使用手册,其他外部来源,身份权威性未知,所有者未核实,False,False,,图文/网页,教程/操作指南,综合运营/其他,True,2,2,2,
https://youwant.cn/?chl=kldh,https://youwant.cn/?chl=kldh,youwant.cn,友望数据—视频号数据分析平台—youwant.cn,其他外部来源,身份权威性未知,所有者未核实,False,False,,图文/网页,推荐/对比/清单,短视频内容,False,2,2,2,
https://yun88.com/product/8774.html,https://yun88.com/product/8774.html,yun88.com,爱复盘直播内容AI复盘分析工具_多平台直播违规内容识别系统_Deepseek大模型直播助手推荐-云巴巴,其他外部来源,身份权威性未知,所有者未核实,False,False,,图文/网页,推荐/对比/清单,直播运营,False,2,2,2,
https://yun88.com/qa/3516.html,https://yun88.com/qa/3516.html,yun88.com,用WorkBuddy自动生成周报，能抓取不同系统数据吗?-云巴巴,其他外部来源,身份权威性未知,所有者未核实,False,False,,图文/网页,说明/其他,数据工具/分析,False,2,2,2,
https://zboec.cn/index.php?c=show&id=107,https://zboec.cn/index.php?c=show&id=107,zboec.cn,抖音账号如何进行监测限流_卓博科技,其他外部来源,身份权威性未知,所有者未核实,False,False,,图文/网页,教程/操作指南,综合运营/其他,True,2,2,1,
https://zhanid.com/zimeiti/5332.html,https://zhanid.com/zimeiti/5332.html,zhanid.com,自媒体账号管理工具推荐:轻松应对多平台运营 - 站长工具网,其他外部来源,身份权威性未知,所有者未核实,False,False,,图文/网页,推荐/对比/清单,数据工具/分析,False,2,2,2,
https://zhenggui.com/news/7039.html,https://zhenggui.com/news/7039.html,zhenggui.com,短视频平台设置水印、限制下载，第三方工具可以随意破解吗?- 正规网zhenggui.com,其他外部来源,身份权威性未知,所有者未核实,False,False,,图文/网页,推荐/对比/清单,短视频内容,False,2,2,2,
https://zonflip.com/tiktok-shop-ad-engine-2026-why-your-roas-number-is-lying-and-what-to-do-about-it,https://zonflip.com/tiktok-shop-ad-engine-2026-why-your-roas-number-is-lying-and-what-to-do-about-it,zonflip.com,TikTok Shop Ad Engine 2026: Why Your ROAS Number Is Lying — and What to Do About It,其他外部来源,身份权威性未知,所有者未核实,False,False,,图文/网页,说明/其他,综合运营/其他,False,2,2,2,
https://100ec.cn/detail--6656828.html,https://100ec.cn/detail--6656828.html,100ec.cn,【315通报】抖音电商——1月商家投诉电商平台典型案例 网经社 电子商务研究中心 电商门户 互联网+智库,其他外部来源,身份权威性未知,所有者未核实,False,False,,图文/网页,推荐/对比/清单,数据工具/分析,False,1,1,1,
https://100ec.cn/detail--6658074.html,https://100ec.cn/detail--6658074.html,100ec.cn,【315追踪系列】之“抖音电商”:女子网购18K项链火烧后竟然变黑检测含铜70%背后 平台售假泛滥 网经社 电子商务研究中心 电商门户 互联网+智库,其他外部来源,身份权威性未知,所有者未核实,False,False,,图文/网页,推荐/对比/清单,数据工具/分析,False,1,1,1,
https://100ec.cn/detail--6658367.html,https://100ec.cn/detail--6658367.html,100ec.cn,【315通报】抖音电商小红书淘宝苏宁易购蘑菇街这10家一季度被商家投诉“榜上有名”,其他外部来源,身份权威性未知,所有者未核实,False,False,,图文/网页,说明/其他,综合运营/其他,False,1,1,1,
https://m.10100.com/article/1156022,https://m.10100.com/article/1156022,10100.com,千川有新事|从盯盘到复盘全面提效! 巨量千川数据产品重磅升级- 大数跨境,其他外部来源,身份权威性未知,所有者未核实,False,False,,图文/网页,案例/复盘,广告投放,False,1,1,1,
https://m.10100.com/article/23487044,https://m.10100.com/article/23487044,10100.com,千川“消耗”的底层逻辑:钱到底怎么被平台“烧”掉的?- 大数跨境,其他外部来源,身份权威性未知,所有者未核实,False,False,,图文/网页,教程/操作指南,广告投放,True,1,1,1,
https://m.10100.com/article/41797154,https://m.10100.com/article/41797154,10100.com,【315通报】抖音电商——双11期间商家投诉电商平台典型案例- 大数跨境,其他外部来源,身份权威性未知,所有者未核实,False,False,,图文/网页,推荐/对比/清单,数据工具/分析,False,1,1,1,
https://m.10100.com/article/4481034,https://m.10100.com/article/4481034,10100.com,【抖音运营】抖音短视频选题的三大技巧- 大数跨境,其他外部来源,身份权威性未知,所有者未核实,False,False,,图文/网页,说明/其他,短视频内容,False,1,1,1,
https://m.10100.com/article/47186133,https://m.10100.com/article/47186133,10100.com,抖音电商罗盘:兴趣电商背后的宝藏产品- 大数跨境,其他外部来源,身份权威性未知,所有者未核实,False,False,,图文/网页,说明/其他,综合运营/其他,False,1,1,1,
https://m.10100.com/article/4779119,https://m.10100.com/article/4779119,10100.com,千川直播带货，数据分析看什么?- 大数跨境,其他外部来源,身份权威性未知,所有者未核实,False,False,,图文/网页,说明/其他,直播运营,False,1,1,1,
https://m.10100.com/article/5574118,https://m.10100.com/article/5574118,10100.com,信息！抖音运营必读：违规处罚申诉全攻略,其他外部来源,身份权威性未知,所有者未核实,False,False,,图文/网页,教程/操作指南,综合运营/其他,True,1,1,1,
https://95360154.b2b.11467.com/product/12282694.asp,https://95360154.b2b.11467.com/product/12282694.asp,11467.com,巨量千川广告平台，抖音广告怎么做,其他外部来源,身份权威性未知,所有者未核实,False,False,,图文/网页,教程/操作指南,广告投放,True,1,1,1,
https://lanzhou056688.11467.com/m/news/16153662.asp,https://lanzhou056688.11467.com/m/news/16153662.asp,11467.com,抖音巨量广告投放效果评估常用指标说明,其他外部来源,身份权威性未知,所有者未核实,False,False,,图文/网页,方法论/策略,广告投放,True,1,1,1,
https://lanzhou056688.11467.com/m/news/16153948.asp,https://lanzhou056688.11467.com/m/news/16153948.asp,11467.com,抖音巨量返点政策执行过程中常见技术问题和处理办法,其他外部来源,身份权威性未知,所有者未核实,False,False,,图文/网页,说明/其他,综合运营/其他,False,1,1,1,
https://m.11467.com/blog/d3770203.htm,https://m.11467.com/blog/d3770203.htm,11467.com,抖店千川玩法:抖店小店千川商品卡保姆级操作流程,其他外部来源,身份权威性未知,所有者未核实,False,False,,图文/网页,教程/操作指南,广告投放,True,1,1,1,
https://m.11467.com/product/d16756832.htm,https://m.11467.com/product/d16756832.htm,11467.com,善用磁力金牛推广产品矩阵 高效达成商家营销诉求 视频,其他外部来源,身份权威性未知,所有者未核实,False,False,,图文/网页,说明/其他,短视频内容,False,1,1,1,
https://m.11467.com/product/d16757786.htm,https://m.11467.com/product/d16757786.htm,11467.com,磁力金牛推广平台的选品罗盘产品的说明 5000 视频,其他外部来源,身份权威性未知,所有者未核实,False,False,,图文/网页,推荐/对比/清单,短视频内容,False,1,1,1,
https://m.11467.com/product/d52129627.htm,https://m.11467.com/product/d52129627.htm,11467.com,如何判断一条电商广告计划的数据是否合格，有哪些关键指标?,其他外部来源,身份权威性未知,所有者未核实,False,False,,图文/网页,教程/操作指南,广告投放,True,1,1,1,
https://m.11467.com/product/d54387029.htm,https://m.11467.com/product/d54387029.htm,11467.com,抖音有效关注服务水深?如何辨别机器粉与真人有效关注粉，防坑指南必看,其他外部来源,身份权威性未知,所有者未核实,False,False,,图文/网页,教程/操作指南,综合运营/其他,True,1,1,1,
https://product.11467.com/ziliao/14986213.pdf,https://product.11467.com/ziliao/14986213.pdf,11467.com,抖音开通皮草类目所需资质是什么,其他外部来源,身份权威性未知,所有者未核实,False,False,,PDF/图文报告,说明/其他,综合运营/其他,False,1,1,1,
https://product.11467.com/ziliao/32503735.pdf,https://product.11467.com/ziliao/32503735.pdf,11467.com,抖音代运营 抖音小店选品渠道,其他外部来源,身份权威性未知,所有者未核实,False,False,,PDF/图文报告,说明/其他,店铺/商品/商城,False,1,1,1,
https://product.11467.com/ziliao/38818522.pdf,https://product.11467.com/ziliao/38818522.pdf,11467.com,抖店电商罗盘高阶用法：行业榜单选品+竞品流量结构分析,其他外部来源,身份权威性未知,所有者未核实,False,False,,PDF/图文报告,行业资讯/报告,店铺/商品/商城,False,1,1,1,
https://product.11467.com/ziliao/52129627.pdf,https://product.11467.com/ziliao/52129627.pdf,11467.com,如何判断一条电商广告计划的数据是否合格，有哪些关键指标？,其他外部来源,身份权威性未知,所有者未核实,False,False,,PDF/图文报告,教程/操作指南,广告投放,True,1,1,1,
https://163.com/dy/article/L2GUIA160556OFA0.html,https://163.com/dy/article/L2GUIA160556OFA0.html,163.com,投放素材怎么抄才有效?蝉妈妈飞瓜实操拆解对比|拉片_网易订阅,新闻/门户/自媒体,媒体或自媒体平台,网易,False,False,,图文/网页,教程/操作指南,广告投放,True,1,1,1,
https://163.com/dy/article/L2I5FPCD0556O9Q0.html,https://163.com/dy/article/L2I5FPCD0556O9Q0.html,163.com,抖店商家工具选购指南:免费选品渠道 + 付费工具对比，抖掌柜一站式管理全平台店铺|电商|罗盘|货源_网易订阅,新闻/门户/自媒体,媒体或自媒体平台,网易,False,False,,图文/网页,教程/操作指南,店铺/商品/商城,True,1,1,1,
https://c.m.163.com/news/a/J0RVQC9T0511CVHN.html,https://c.m.163.com/news/a/J0RVQC9T0511CVHN.html,163.com,如何查看抖音数据?5种抖音数据查询方法详解,新闻/门户/自媒体,媒体或自媒体平台,网易,False,False,,图文/网页,教程/操作指南,数据工具/分析,True,1,1,1,
https://c.m.163.com/news/a/L2N9H0NP0556O9Q0.html,https://c.m.163.com/news/a/L2N9H0NP0556O9Q0.html,163.com,2026抖店软件最新推荐!官方工具+合规第三方工具完整选型手册,新闻/门户/自媒体,媒体或自媒体平台,网易,False,False,,图文/网页,教程/操作指南,店铺/商品/商城,True,1,1,1,
https://c.m.163.com/news/a/L3CAEJHK0556O9Q0.html,https://c.m.163.com/news/a/L3CAEJHK0556O9Q0.html,163.com,新手开通抖音小店后该怎么运营?抖掌柜工具如何简化开店流程?,新闻/门户/自媒体,媒体或自媒体平台,网易,False,False,,图文/网页,教程/操作指南,数据工具/分析,True,1,1,1,
https://m.163.com/dy/article/KVKB3NNF0518NEE5.html,https://m.163.com/dy/article/KVKB3NNF0518NEE5.html,163.com,直播间几百人在线，转化率却不到1%?问题就出在这3个细节上!|抖音|直播间|货品_手机网易网,新闻/门户/自媒体,媒体或自媒体平台,网易,False,False,,图文/网页,说明/其他,直播运营,False,1,1,1,
https://m.163.com/dy/article/L1NC7V7N0556I154.html,https://m.163.com/dy/article/L1NC7V7N0556I154.html,163.com,商家如何看行业报告做选品?蝉妈妈4个决策要点|百亿超市频道|竞品|行业报告|选品|黑马_手机网易网,新闻/门户/自媒体,媒体或自媒体平台,网易,False,False,,图文/网页,教程/操作指南,店铺/商品/商城,True,1,1,1,
https://m.21jingji.com/article/20260515/herald/325c78b2e4eb1b3d57ae731dc7a7b6da.html,https://m.21jingji.com/article/20260515/herald/325c78b2e4eb1b3d57ae731dc7a7b6da.html,21jingji.com,抖音电商补“关键拼图” - 21财经,其他外部来源,身份权威性未知,所有者未核实,False,False,,图文/网页,说明/其他,综合运营/其他,False,1,1,1,
https://wap.25pp.com/xiazai/8240937,https://wap.25pp.com/xiazai/8240937,25pp.com,灰豚数据APP下载安装_2026最新正版手机免费下载_25PP,其他外部来源,身份权威性未知,所有者未核实,False,False,,图文/网页,说明/其他,数据工具/分析,False,1,1,1,
https://m.289.com/azrj/508399.html,https://m.289.com/azrj/508399.html,289.com,灰豚数据app官方最新版免费下载安装-灰豚数据直播电商数据分析平台app手机版v3.9.23 安卓版_289手游网,其他外部来源,身份权威性未知,所有者未核实,False,False,,图文/网页,推荐/对比/清单,直播运营,False,1,1,1,
https://m.289.com/azrj/558148.html,https://m.289.com/azrj/558148.html,289.com,灰豚数据app官方正版下载-灰豚数据app下载官方最新版v3.9.9安卓版_289手游网,其他外部来源,身份权威性未知,所有者未核实,False,False,,图文/网页,说明/其他,数据工具/分析,False,1,1,1,
https://2i1i.com/78123.html,https://2i1i.com/78123.html,2i1i.com,抖音创作服务平台-抖音创作者专属服务平台 | 零壹电商,其他外部来源,身份权威性未知,所有者未核实,False,False,,图文/网页,推荐/对比/清单,数据工具/分析,False,1,1,1,
https://32r.com/zt/dysjfxrj,https://32r.com/zt/dysjfxrj,32r.com,抖音数据分析App下载大全-抖音数据分析工具免费下载手机版 - 3322软件站手机版,其他外部来源,身份权威性未知,所有者未核实,False,False,,图文/网页,推荐/对比/清单,数据工具/分析,False,1,1,1,
https://3456.com.cn/sites/247.html,https://3456.com.cn/sites/247.html,3456.com.cn,抖查查官网 - 抖音短视频及直播电商大数据分析的平台，提供热门趋势追踪、用户画像分析、竞品对比分析等功能，助力内容创作者和品牌优化抖音策略-3456网址导航,其他外部来源,身份权威性未知,所有者未核实,False,False,,图文/网页,推荐/对比/清单,直播运营,False,1,1,1,
https://m.36dianping.com/vs/itqt.html,https://m.36dianping.com/vs/itqt.html,36dianping.com,抖怪兽和艾漫数据哪个好-有什么区别-优缺点-36氪企服点评,其他外部来源,身份权威性未知,所有者未核实,False,False,,图文/网页,推荐/对比/清单,数据工具/分析,False,1,1,1,
https://m.36dianping.com/vs/q9pr.html,https://m.36dianping.com/vs/q9pr.html,36dianping.com,新视和友望数据哪个好-有什么区别-优缺点-36氪企服点评,其他外部来源,身份权威性未知,所有者未核实,False,False,,图文/网页,推荐/对比/清单,数据工具/分析,False,1,1,1,
https://m.36dianping.com/vs/q9qg.html,https://m.36dianping.com/vs/q9qg.html,36dianping.com,飞瓜抖数和新快哪个好-有什么区别-优缺点-36氪企服点评,其他外部来源,身份权威性未知,所有者未核实,False,False,,图文/网页,推荐/对比/清单,综合运营/其他,False,1,1,1,
https://36kr.com/p/3838169166563589,https://36kr.com/p/3838169166563589,36kr.com,当内容“你有我有全都有”，抖音、B站、小红书们还有差异吗？,新闻/门户/自媒体,媒体或自媒体平台,媒体平台,False,False,,图文/网页,说明/其他,综合运营/其他,False,1,1,1,
https://36kr.com/p/3867036980974857,https://36kr.com/p/3867036980974857,36kr.com,当大促不再比谁嗓门大，商家靠什么赢？,新闻/门户/自媒体,媒体或自媒体平台,媒体平台,False,False,,图文/网页,说明/其他,综合运营/其他,False,1,1,1,
https://36kr.com/p/3903803401127811,https://36kr.com/p/3903803401127811,36kr.com,2026内容电商三大平台的攻守与突围,新闻/门户/自媒体,媒体或自媒体平台,媒体平台,False,False,,图文/网页,推荐/对比/清单,数据工具/分析,False,1,1,1,
https://m.36kr.com/p/3804269197320457,https://m.36kr.com/p/3804269197320457,36kr.com,发力自营旗舰店，抖音攻入京东腹地-36氪,新闻/门户/自媒体,媒体或自媒体平台,媒体平台,False,False,,图文/网页,说明/其他,综合运营/其他,False,1,1,1,
https://blog.51cto.com/u_15979955/14703879,https://blog.51cto.com/u_15979955/14703879,51cto.com,电商数据 API 接口全新应用与完整接入指南(2026 最新)_wx63f862c165501的技术博客_51CTO博客,其他外部来源,身份权威性未知,所有者未核实,False,False,,图文/网页,教程/操作指南,数据工具/分析,True,1,1,1,
https://520zimeiti.cn/21235.html,https://520zimeiti.cn/21235.html,520zimeiti.cn,怎么投诉抖音?官方渠道与有效维权方法 | 笺卷凌烟阁,其他外部来源,身份权威性未知,所有者未核实,False,False,,图文/网页,教程/操作指南,综合运营/其他,True,1,1,1,
https://52by.com/article/218580,https://52by.com/article/218580,52by.com,TikTok播放量突然下降怎么办?2026年最新排查与恢复完全指南 - 邦阅网-发现真实的外贸服务商,其他外部来源,身份权威性未知,所有者未核实,False,False,,图文/网页,教程/操作指南,综合运营/其他,True,1,1,1,
https://52xbw.cn/111365.html,https://52xbw.cn/111365.html,52xbw.cn,抖音数据分析软件工具有哪些(抖音常用数据分析工具:这些工具上热门必备) – 吾爱网创,其他外部来源,身份权威性未知,所有者未核实,False,False,,图文/网页,推荐/对比/清单,数据工具/分析,False,1,1,1,
https://m.55links.com/Info/11970.html,https://m.55links.com/Info/11970.html,55links.com,抖音数据分析在哪里看:从零入门完全指南 - 55Links,其他外部来源,身份权威性未知,所有者未核实,False,False,,图文/网页,教程/操作指南,数据工具/分析,True,1,1,1,
https://56ok.com/topic/detail-816997-douyin-offers-free-ecommerce-tools-for-product-selection.html,https://56ok.com/topic/detail-816997-douyin-offers-free-ecommerce-tools-for-product-selection.html,56ok.com,抖音小店选品攻略五大免费官方工具助你掘金,其他外部来源,身份权威性未知,所有者未核实,False,False,,图文/网页,教程/操作指南,店铺/商品/商城,True,1,1,1,
https://7716688.cn/home/nav/index,https://7716688.cn/home/nav/index,7716688.cn,百应直播助手 直播导航,其他外部来源,身份权威性未知,所有者未核实,False,False,,图文/网页,说明/其他,直播运营,False,1,1,1,
https://80tg.com/news/25938.html,https://80tg.com/news/25938.html,80tg.com,抖音精选联盟新增「投广意向」设置，提升商品推广效率 - 多面手企业网络推广一站式服务,其他外部来源,身份权威性未知,所有者未核实,False,False,,图文/网页,说明/其他,店铺/商品/商城,False,1,1,1,
https://80tg.com/news/29276.html,https://80tg.com/news/29276.html,80tg.com,抖音小店怎么看别人商家数据 抖店查看别人商家数据方法 - 多面手企业网络推广一站式服务,其他外部来源,身份权威性未知,所有者未核实,False,False,,图文/网页,教程/操作指南,店铺/商品/商城,True,1,1,1,
https://80tg.com/news/42859.html,https://80tg.com/news/42859.html,80tg.com,抖音作者PC端一键诊断指南 - 多面手企业网络推广一站式服务,其他外部来源,身份权威性未知,所有者未核实,False,False,,图文/网页,教程/操作指南,综合运营/其他,True,1,1,1,
https://m.87g.com/az/84301.html,https://m.87g.com/az/84301.html,87g.com,灰豚数据app下载官方_灰豚数据手机版下载 v3.9.24安卓版 - 87G手游网,其他外部来源,身份权威性未知,所有者未核实,False,False,,图文/网页,说明/其他,数据工具/分析,False,1,1,1,
https://966o.com/post/167046.html,https://966o.com/post/167046.html,966o.com,抖音破亿点赞视频真吗?数据背后是否存在刷量内幕?-豆粉网,其他外部来源,身份权威性未知,所有者未核实,False,False,,图文/网页,说明/其他,短视频内容,False,1,1,1,
https://ddooo.a300.cn/softdown/177052.htm,https://ddooo.a300.cn/softdown/177052.htm,a300.cn,蝉妈妈app最新版下载-蝉妈妈直播数据app下载 v4.25.3安卓版 - 多多软件站,其他外部来源,身份权威性未知,所有者未核实,False,False,,图文/网页,说明/其他,直播运营,False,1,1,1,
https://datascience.cmu.ac.th/storage/articles/69.pdf,https://datascience.cmu.ac.th/storage/articles/69.pdf,ac.th,Video Sharing Platform Data Extraction: Transforming Images into Structured Data,其他外部来源,身份权威性未知,所有者未核实,False,False,,PDF/图文报告,说明/其他,综合运营/其他,False,1,1,1,
https://adinnet.cn/bloginfo/2025_08/blog_6420.html,https://adinnet.cn/bloginfo/2025_08/blog_6420.html,adinnet.cn,短视频江湖三足鼎立:快手、抖音、视频号的差异化突围战,其他外部来源,身份权威性未知,所有者未核实,False,False,,图文/网页,说明/其他,短视频内容,False,1,1,1,
https://admapix.com/blog/ad-intelligence/tiktok-shop-ad-spy-tools,https://admapix.com/blog/ad-intelligence/tiktok-shop-ad-spy-tools,admapix.com,TikTok Ad Spy Tools for TikTok Shop in 2026: Free & Paid Compared (Seller's Guide),其他外部来源,身份权威性未知,所有者未核实,False,False,,图文/网页,说明/其他,综合运营/其他,False,1,1,1,
https://admapix.com/blog/best-practices/fastmoss-alternative,https://admapix.com/blog/best-practices/fastmoss-alternative,admapix.com,FastMoss Alternative in 2026: TikTok Shop Data vs Ad Creative Tools Compared,其他外部来源,身份权威性未知,所有者未核实,False,False,,图文/网页,说明/其他,综合运营/其他,False,1,1,1,
https://admapix.com/blog/best-practices/kalodata-vs-fastmoss,https://admapix.com/blog/best-practices/kalodata-vs-fastmoss,admapix.com,KaloData vs FastMoss in 2026: Which TikTok Shop Tool Is Better? (Full Comparison),其他外部来源,身份权威性未知,所有者未核实,False,False,,图文/网页,说明/其他,综合运营/其他,False,1,1,1,
https://adstellar.ai/blog/sample-video-advertisement,https://adstellar.ai/blog/sample-video-advertisement,adstellar.ai,7 Top Sources for Sample Video Advertisement Inspiration in 2026,其他外部来源,身份权威性未知,所有者未核实,False,False,,图文/网页,说明/其他,综合运营/其他,False,1,1,1,
https://ai-321.com/AI/9033.html,https://ai-321.com/AI/9033.html,ai-321.com,蝉管家官网 - 蝉妈妈旗下专业抖音直播运营管理软件 - Ai工具集,其他外部来源,身份权威性未知,所有者未核实,False,False,,图文/网页,推荐/对比/清单,直播运营,False,1,1,1,
https://ai-indeed.com/encyclopedia/18301.html,https://ai-indeed.com/encyclopedia/18301.html,ai-indeed.com,电商直播数据怎么和店铺数据打通分析?全域数据融合指南 - 实在智能,其他外部来源,身份权威性未知,所有者未核实,False,False,,图文/网页,教程/操作指南,直播运营,True,1,1,1,
https://ai-indeed.com/encyclopedia/18383.html,https://ai-indeed.com/encyclopedia/18383.html,ai-indeed.com,电商投流数据怎么和订单数据打通?实现全链路ROI追踪的进阶方案 - 实在智能,其他外部来源,身份权威性未知,所有者未核实,False,False,,图文/网页,教程/操作指南,广告投放,True,1,1,1,
https://ai-indeed.com/encyclopedia/18410.html,https://ai-indeed.com/encyclopedia/18410.html,ai-indeed.com,电商数据采集会触发账号风险吗?深度解析平台风控逻辑与合规采集方案 - 实在智能,其他外部来源,身份权威性未知,所有者未核实,False,False,,图文/网页,推荐/对比/清单,数据工具/分析,False,1,1,1,
https://ai-indeed.com/encyclopedia/19033.html,https://ai-indeed.com/encyclopedia/19033.html,ai-indeed.com,电商月度复盘数据怎么快速汇总?方法、指标与自动化方案 - 实在智能,其他外部来源,身份权威性未知,所有者未核实,False,False,,图文/网页,教程/操作指南,数据工具/分析,True,1,1,1,
https://ai-indeed.com/encyclopedia/19725.html,https://ai-indeed.com/encyclopedia/19725.html,ai-indeed.com,我是财务，能把抖音、淘宝、拼多多的订单和ERP发货单自动对账吗?|对账方案 - 实在智能,其他外部来源,身份权威性未知,所有者未核实,False,False,,图文/网页,说明/其他,综合运营/其他,False,1,1,1,
https://ai-indeed.com/encyclopedia/19730.html,https://ai-indeed.com/encyclopedia/19730.html,ai-indeed.com,我想自己用BI做看板，但懒得取数，你们能直接给我API吗?|解法 - 实在智能,其他外部来源,身份权威性未知,所有者未核实,False,False,,图文/网页,说明/其他,综合运营/其他,False,1,1,1,
https://ai-indeed.com/encyclopedia/19734.html,https://ai-indeed.com/encyclopedia/19734.html,ai-indeed.com,千川计划消耗跑飞了，能不能数据异常自动报警?排查与预警方案 - 实在智能,其他外部来源,身份权威性未知,所有者未核实,False,False,,图文/网页,说明/其他,广告投放,False,1,1,1,
https://ai-indeed.com/encyclopedia/19763.html,https://ai-indeed.com/encyclopedia/19763.html,ai-indeed.com,抖音电商罗盘的流量转化数据怎么自动同步?方法与落地 - 实在智能,其他外部来源,身份权威性未知,所有者未核实,False,False,,图文/网页,教程/操作指南,数据工具/分析,True,1,1,1,
https://ai-indeed.com/encyclopedia/19949.html,https://ai-indeed.com/encyclopedia/19949.html,ai-indeed.com,零售电商竞品数据怎么自动抓取?自动化流程拆解 - 实在智能,其他外部来源,身份权威性未知,所有者未核实,False,False,,图文/网页,教程/操作指南,数据工具/分析,True,1,1,1,
https://ai-indeed.com/encyclopedia/20364.html,https://ai-indeed.com/encyclopedia/20364.html,ai-indeed.com,抖音& 小红书电商从数据采集到达人运营全流程自动化方案|经营提效 - 实在智能,其他外部来源,身份权威性未知,所有者未核实,False,False,,图文/网页,说明/其他,达人/带货,False,1,1,1,
https://ai-indeed.com/encyclopedia/20413.html,https://ai-indeed.com/encyclopedia/20413.html,ai-indeed.com,抖音直播场观实时自动化监控实现方法，预警闭环路径 - 实在智能,其他外部来源,身份权威性未知,所有者未核实,False,False,,图文/网页,方法论/策略,直播运营,True,1,1,1,
https://ai-indeed.com/encyclopedia/20414.html,https://ai-indeed.com/encyclopedia/20414.html,ai-indeed.com,手机端抖音指定直播数据怎么自动采集?直播运营自动化方案 - 实在智能,其他外部来源,身份权威性未知,所有者未核实,False,False,,图文/网页,教程/操作指南,直播运营,True,1,1,1,
https://ai-indeed.com/encyclopedia/20427.html,https://ai-indeed.com/encyclopedia/20427.html,ai-indeed.com,抖音短视频数据可以自动采集吗?合规取数与自动分析 - 实在智能,其他外部来源,身份权威性未知,所有者未核实,False,False,,图文/网页,说明/其他,短视频内容,False,1,1,1,
https://ai-indeed.com/encyclopedia/20495.html,https://ai-indeed.com/encyclopedia/20495.html,ai-indeed.com,巨量千川广告报表可以自动下载吗?智能体实现广告ROI自动核算 - 实在智能,其他外部来源,身份权威性未知,所有者未核实,False,False,,图文/网页,说明/其他,广告投放,False,1,1,1,
https://ai-indeed.com/encyclopedia/20513.html,https://ai-indeed.com/encyclopedia/20513.html,ai-indeed.com,抖店订单自动化下载方案，重塑电商数据处理流程,其他外部来源,身份权威性未知,所有者未核实,False,False,,图文/网页,说明/其他,店铺/商品/商城,False,1,1,1,
https://ai-indeed.com/encyclopedia/22187.html,https://ai-indeed.com/encyclopedia/22187.html,ai-indeed.com,直播复盘报告自动生成吗?数字员工实现秒级产出 - 实在智能,其他外部来源,身份权威性未知,所有者未核实,False,False,,图文/网页,案例/复盘,直播运营,False,1,1,1,
https://ai-indeed.com/encyclopedia/22284.html,https://ai-indeed.com/encyclopedia/22284.html,ai-indeed.com,广告投放自动复盘怎么做?实在Agent实现ROI闭环 - 实在智能,其他外部来源,身份权威性未知,所有者未核实,False,False,,图文/网页,教程/操作指南,广告投放,True,1,1,1,
https://ai-indeed.com/encyclopedia/23391.html,https://ai-indeed.com/encyclopedia/23391.html,ai-indeed.com,直播的所有运营数据可以用 AI 自动汇总吗?一文详解 2026 落地指南 - 实在智能,其他外部来源,身份权威性未知,所有者未核实,False,False,,图文/网页,教程/操作指南,直播运营,True,1,1,1,
https://ai-indeed.com/encyclopedia/23394.html,https://ai-indeed.com/encyclopedia/23394.html,ai-indeed.com,不同场次直播效果怎么快速对比?从经验驱动到数据驱动的完整指南 - 实在智能,其他外部来源,身份权威性未知,所有者未核实,False,False,,图文/网页,教程/操作指南,直播运营,True,1,1,1,
https://ai-indeed.com/encyclopedia/23727.html,https://ai-indeed.com/encyclopedia/23727.html,ai-indeed.com,抖音投放数据怎么自动抓取并分析?企业级提效避坑全解析 - 实在智能,其他外部来源,身份权威性未知,所有者未核实,False,False,,图文/网页,教程/操作指南,广告投放,True,1,1,1,
https://ai-indeed.com/encyclopedia/23813.html,https://ai-indeed.com/encyclopedia/23813.html,ai-indeed.com,电商大促竞品直播数据怎么自动采集?零代码智能采集与实战指南 - 实在智能,其他外部来源,身份权威性未知,所有者未核实,False,False,,图文/网页,教程/操作指南,直播运营,True,1,1,1,
https://ai-indeed.com/encyclopedia/25549.html,https://ai-indeed.com/encyclopedia/25549.html,ai-indeed.com,直播数据复盘怎么做自动化?告别手动，AI智能体加速优化 - 实在智能,其他外部来源,身份权威性未知,所有者未核实,False,False,,图文/网页,教程/操作指南,直播运营,True,1,1,1,
https://ai-indeed.com/encyclopedia/25557.html,https://ai-indeed.com/encyclopedia/25557.html,ai-indeed.com,怎么自动采集巨量云图数据?RPA与实在AI Agent实战指南 - 实在智能,其他外部来源,身份权威性未知,所有者未核实,False,False,,图文/网页,教程/操作指南,数据工具/分析,True,1,1,1,
https://ai-indeed.com/encyclopedia/25560.html,https://ai-indeed.com/encyclopedia/25560.html,ai-indeed.com,千川投放数据能自动抓取吗?智能投放的自动化进阶 - 实在智能,其他外部来源,身份权威性未知,所有者未核实,False,False,,图文/网页,说明/其他,广告投放,False,1,1,1,
https://ai-indeed.com/encyclopedia/28479.html,https://ai-indeed.com/encyclopedia/28479.html,ai-indeed.com,巨量千川投放报表自动汇总 - 实在智能,其他外部来源,身份权威性未知,所有者未核实,False,False,,图文/网页,说明/其他,广告投放,False,1,1,1,
https://aimultiple.com/de/tiktok-scraping,https://aimultiple.com/de/tiktok-scraping,aimultiple.com,Die besten TikTok-Scraping-Tools im Jahr 2026 (Python-Leitfaden),其他外部来源,身份权威性未知,所有者未核实,False,False,,图文/网页,说明/其他,综合运营/其他,False,1,1,1,
https://aimultiple.com/tiktok-scraping,https://aimultiple.com/tiktok-scraping,aimultiple.com,Best TikTok Scrapers: Scrape Video & Profile Data,其他外部来源,身份权威性未知,所有者未核实,False,False,,图文/网页,说明/其他,综合运营/其他,False,1,1,1,
https://aitoolverify.com/kalodata-review-2026,https://aitoolverify.com/kalodata-review-2026,aitoolverify.com,Kalodata Review 2026: The #1 TikTok Shop Analytics Tool (Tested for Ecommerce),其他外部来源,身份权威性未知,所有者未核实,False,False,,图文/网页,说明/其他,综合运营/其他,False,1,1,1,
https://blog.aitoolwang.com/douyin-live-review-download-methods,https://blog.aitoolwang.com/douyin-live-review-download-methods,aitoolwang.com,抖音直播回放怎么下载，教你如何下自己的直播回放以及其他人的直播回放(附工具推荐),其他外部来源,身份权威性未知,所有者未核实,False,False,,图文/网页,教程/操作指南,直播运营,True,1,1,1,
https://developer.aliyun.com/article/1708202,https://developer.aliyun.com/article/1708202,aliyun.com,2026年适合电商的BI产品推荐，让数据成为核心竞争力-阿里云开发者社区,其他外部来源,身份权威性未知,所有者未核实,False,False,,图文/网页,推荐/对比/清单,数据工具/分析,False,1,1,1,
https://developer.aliyun.com/article/1741926,https://developer.aliyun.com/article/1741926,aliyun.com,矩阵系统Python实战:零基础搭建抖音小店多店铺自动化运营体系-阿里云开发者社区,其他外部来源,身份权威性未知,所有者未核实,False,False,,图文/网页,案例/复盘,店铺/商品/商城,False,1,1,1,
https://newrank.oss-cn-hangzhou.aliyuncs.com/pdf/新快_快手数据平台_介绍材料_v2.4.pdf,https://newrank.oss-cn-hangzhou.aliyuncs.com/pdf/%E6%96%B0%E5%BF%AB_%E5%BF%AB%E6%89%8B%E6%95%B0%E6%8D%AE%E5%B9%B3%E5%8F%B0_%E4%BB%8B%E7%BB%8D%E6%9D%90%E6%96%99_v2.4.pdf,aliyuncs.com,PRODUCT INTRODUCTION,其他外部来源,身份权威性未知,所有者未核实,False,False,,PDF/图文报告,说明/其他,综合运营/其他,False,1,1,1,
https://amz123.com/guide/tiktokshop/hDjMD211,https://amz123.com/guide/tiktokshop/hDjMD211,amz123.com,数据罗盘常见问题及解答_TikTok Shop新手指南-AMZ123跨境导航,其他外部来源,身份权威性未知,所有者未核实,False,False,,图文/网页,教程/操作指南,数据工具/分析,True,1,1,1,
https://anaktekno.id/social-media/tiktok/bongkar-tuntas-rahasia-algoritma-panduan-lengkap-cara-melihat-analitik-tiktok-kamu-dan-menjadi-jagoan-konten-84750,https://anaktekno.id/social-media/tiktok/bongkar-tuntas-rahasia-algoritma-panduan-lengkap-cara-melihat-analitik-tiktok-kamu-dan-menjadi-jagoan-konten-84750,anaktekno.id,Bongkar Tuntas Rahasia Algoritma: Panduan Lengkap Cara Melihat Analitik TikTok Kamu dan Menjadi Jagoan Konten!,其他外部来源,身份权威性未知,所有者未核实,False,False,,图文/网页,说明/其他,综合运营/其他,False,1,1,1,
https://antidetectbrowser.org/blogs/zh-CN/douyin-account-ban-risk-analysis,https://antidetectbrowser.org/blogs/zh-CN/douyin-account-ban-risk-analysis,antidetectbrowser.org,抖音引流封号风险全解析:这些行为正在毁掉你的账号 - Antidetect Browser,其他外部来源,身份权威性未知,所有者未核实,False,False,,图文/网页,说明/其他,综合运营/其他,False,1,1,1,
https://s.apifox.cn/apidoc/docs-site/4705614/298317627e0,https://s.apifox.cn/apidoc/docs-site/4705614/298317627e0,apifox.cn,检测视频虚假流量分析/Detect fake views in video - TikHub.io API Docs,其他外部来源,身份权威性未知,所有者未核实,False,False,,图文/网页,说明/其他,短视频内容,False,1,1,1,
https://m.appchina.com/app/com.yddj.dousc,https://m.appchina.com/app/com.yddj.dousc,appchina.com,最新安卓抖素材免费下载 – AppChina应用汇,其他外部来源,身份权威性未知,所有者未核实,False,False,,图文/网页,说明/其他,综合运营/其他,False,1,1,1,
https://apps.apple.com/cn/app/抖查查-直播短视频电商数据/id1541827270,https://apps.apple.com/cn/app/%E6%8A%96%E6%9F%A5%E6%9F%A5-%E7%9B%B4%E6%92%AD%E7%9F%AD%E8%A7%86%E9%A2%91%E7%94%B5%E5%95%86%E6%95%B0%E6%8D%AE/id1541827270,apple.com,‎抖查查-直播短视频电商数据 App - App Store,其他外部来源,身份权威性未知,所有者未核实,False,False,,图文/网页,说明/其他,直播运营,False,1,1,1,
https://apps.apple.com/cn/app/蝉妈妈-直播短视频电商ai数据分析/id1508944184?platform=ipad,https://apps.apple.com/cn/app/%E8%9D%89%E5%A6%88%E5%A6%88-%E7%9B%B4%E6%92%AD%E7%9F%AD%E8%A7%86%E9%A2%91%E7%94%B5%E5%95%86ai%E6%95%B0%E6%8D%AE%E5%88%86%E6%9E%90/id1508944184?platform=ipad,apple.com,‎蝉妈妈-直播短视频电商AI数据分析 App - App Store,其他外部来源,身份权威性未知,所有者未核实,False,False,,图文/网页,说明/其他,直播运营,False,1,1,1,
https://apps.apple.com/cn/app/飞瓜快数-短视频直播电商数据平台/id1572574498?platform=mac,https://apps.apple.com/cn/app/%E9%A3%9E%E7%93%9C%E5%BF%AB%E6%95%B0-%E7%9F%AD%E8%A7%86%E9%A2%91%E7%9B%B4%E6%92%AD%E7%94%B5%E5%95%86%E6%95%B0%E6%8D%AE%E5%B9%B3%E5%8F%B0/id1572574498?platform=mac,apple.com,‎飞瓜快数-短视频直播电商数据平台 App - App Store,其他外部来源,身份权威性未知,所有者未核实,False,False,,图文/网页,推荐/对比/清单,直播运营,False,1,1,1,
https://apps.apple.com/cn/app/飞瓜数据-短视频直播电商数据/id1541257524,https://apps.apple.com/cn/app/%E9%A3%9E%E7%93%9C%E6%95%B0%E6%8D%AE-%E7%9F%AD%E8%A7%86%E9%A2%91%E7%9B%B4%E6%92%AD%E7%94%B5%E5%95%86%E6%95%B0%E6%8D%AE/id1541257524,apple.com,‎飞瓜数据-短视频直播电商数据 App - App Store,其他外部来源,身份权威性未知,所有者未核实,False,False,,图文/网页,说明/其他,直播运营,False,1,1,1,
https://apps.apple.com/tw/app/抖查查-直播短视频电商数据/id1541827270?platform=tv,https://apps.apple.com/tw/app/%E6%8A%96%E6%9F%A5%E6%9F%A5-%E7%9B%B4%E6%92%AD%E7%9F%AD%E8%A7%86%E9%A2%91%E7%94%B5%E5%95%86%E6%95%B0%E6%8D%AE/id1541827270?platform=tv,apple.com,‎《抖查查-直播短视频电商数据》App - App Store,其他外部来源,身份权威性未知,所有者未核实,False,False,,图文/网页,说明/其他,直播运营,False,1,1,1,
https://artificial-intelligence-wiki.com/ai-for-content-creators/ai-image-and-video-generation/competitor-analysis-ai-tools,https://artificial-intelligence-wiki.com/ai-for-content-creators/ai-image-and-video-generation/competitor-analysis-ai-tools,artificial-intelligence-wiki.com,Best AI Tools for Competitor Analysis for Content Creators,其他外部来源,身份权威性未知,所有者未核实,False,False,,图文/网页,说明/其他,综合运营/其他,False,1,1,1,
https://azrank.com/tiktok-listing-analytics-tools-a-practitioners-guide-to-data-driven-selling,https://azrank.com/tiktok-listing-analytics-tools-a-practitioners-guide-to-data-driven-selling,azrank.com,TikTok Listing Analytics Tools: A Practitioner’s Guide to Data-Driven Selling,其他外部来源,身份权威性未知,所有者未核实,False,False,,图文/网页,说明/其他,综合运营/其他,False,1,1,1,
https://mip.b2b168.com/wvs321910118.html,https://mip.b2b168.com/wvs321910118.html,b2b168.com,2026年评**的视频号数据分析软件，成立多年的老牌服务商汇总 - 八方资源网,其他外部来源,身份权威性未知,所有者未核实,False,False,,图文/网页,说明/其他,短视频内容,False,1,1,1,
https://mip.b2b168.com/wvs323607697.html,https://mip.b2b168.com/wvs323607697.html,b2b168.com,2026年广受信赖的视频号电商数据服务商有哪些?合规服务商汇总 - 八方资源网,其他外部来源,身份权威性未知,所有者未核实,False,False,,图文/网页,说明/其他,短视频内容,False,1,1,1,
https://m.baike.com/wiki/抖音生活服务生意经/7234700054917076264,https://m.baike.com/wiki/%E6%8A%96%E9%9F%B3%E7%94%9F%E6%B4%BB%E6%9C%8D%E5%8A%A1%E7%94%9F%E6%84%8F%E7%BB%8F/7234700054917076264,baike.com,抖音生活服务生意经[抖音生活服务数据平台]_百科,其他外部来源,身份权威性未知,所有者未核实,False,False,,图文/网页,推荐/对比/清单,数据工具/分析,False,1,1,1,
https://bain.cn/pdfs/202105190303414094.pdf,https://bain.cn/pdfs/202105190303414094.pdf,bain.cn,FACT经营矩阵 激发兴趣电商新增量——2021抖音电商商家经营方法论白皮书,其他外部来源,身份权威性未知,所有者未核实,False,False,,PDF/图文报告,方法论/策略,综合运营/其他,True,1,1,1,
https://baisign.com/14109.html,https://baisign.com/14109.html,baisign.com,抖音运营:自然流量提升的 4 个核心指标优化 - 广州佰赛全网营销推广公司,其他外部来源,身份权威性未知,所有者未核实,False,False,,图文/网页,方法论/策略,综合运营/其他,True,1,1,1,
https://baiyanshe.com/com_huitun_dy,https://baiyanshe.com/com_huitun_dy,baiyanshe.com,灰豚数据:抖音电商和直播数据分析平台,其他外部来源,身份权威性未知,所有者未核实,False,False,,图文/网页,推荐/对比/清单,直播运营,False,1,1,1,
https://rank.batmanit.cn/shaoxing-seo/36588.html,https://rank.batmanit.cn/shaoxing-seo/36588.html,batmanit.cn,抖音评论抓取用于获客，合法合规性究竟如何? - 蝙蝠侠IT,其他外部来源,身份权威性未知,所有者未核实,False,False,,图文/网页,教程/操作指南,综合运营/其他,True,1,1,1,
https://befun.ink/detail/4127.html,https://befun.ink/detail/4127.html,befun.ink,免费自媒体矩阵效率工具免费工具中是否有支持竞品监控的功能，能分析其他自媒体矩阵的内容策略?_生活科技_IT技术圈子,其他外部来源,身份权威性未知,所有者未核实,False,False,,图文/网页,推荐/对比/清单,数据工具/分析,False,1,1,1,
https://befun.ink/detail/4972.html,https://befun.ink/detail/4972.html,befun.ink,自动发布微信视频号微信视频号自动发布后，如何监控数据表现(如播放量、点赞)?_IT技术圈子,其他外部来源,身份权威性未知,所有者未核实,False,False,,图文/网页,教程/操作指南,短视频内容,True,1,1,1,
https://benly.ai/learn/ai-marketing/best-tiktok-ads-tools-2026,https://benly.ai/learn/ai-marketing/best-tiktok-ads-tools-2026,benly.ai,9 Best TikTok Ads Tools in 2026,其他外部来源,身份权威性未知,所有者未核实,False,False,,图文/网页,说明/其他,综合运营/其他,False,1,1,1,
https://biaoda.me/home,https://biaoda.me/home,biaoda.me,表答 - 一句话找到行业内的对标爆款视频,其他外部来源,身份权威性未知,所有者未核实,False,False,,图文/网页,案例/复盘,短视频内容,False,1,1,1,
https://bibigpt.co/zh/blog/posts/2025-top-3-douyin-video-summary-tools-ai-analysis,https://bibigpt.co/zh/blog/posts/2025-top-3-douyin-video-summary-tools-ai-analysis,bibigpt.co,2025年三大抖音视频总结工具深度评测:AI一键解析，高效获取爆款精髓 | BibiGPT 博客,其他外部来源,身份权威性未知,所有者未核实,False,False,,图文/网页,推荐/对比/清单,短视频内容,False,1,1,1,
https://bigseller.com/blog/articleDetails/3893/Free-TikTok-Shop-Tools-recommend.htm,https://bigseller.com/blog/articleDetails/3893/Free-TikTok-Shop-Tools-recommend.htm,bigseller.com,TikTok本土店，从选品到运营，这些免费工具，赶紧用起来!,其他外部来源,身份权威性未知,所有者未核实,False,False,,图文/网页,推荐/对比/清单,店铺/商品/商城,False,1,1,1,
https://bigseller.com/blog/articleDetails/4496/tools-tiktok-shop-riset-produk.htm,https://bigseller.com/blog/articleDetails/4496/tools-tiktok-shop-riset-produk.htm,bigseller.com,5 Tools TikTok Shop Terbaik untuk Seller Riset Produk Paling Viral,其他外部来源,身份权威性未知,所有者未核实,False,False,,图文/网页,说明/其他,综合运营/其他,False,1,1,1,
https://help.bigseller.com/en_US/detailPage/10/1/801/content,https://help.bigseller.com/en_US/detailPage/10/1/801/content,bigseller.com,Introduction to Order Report,其他外部来源,身份权威性未知,所有者未核实,False,False,,图文/网页,说明/其他,综合运营/其他,False,1,1,1,
https://bilibili.com/opus/1097823800136826881,https://bilibili.com/opus/1097823800136826881,bilibili.com,vlog博主都在用，社交平台热门视频素材网站,社区/博客/问答,UGC/专业社区,外部平台,False,False,,图文/网页,推荐/对比/清单,短视频内容,False,1,1,1,
https://m.bilibili.com/opus/1131002650156859392,https://m.bilibili.com/opus/1131002650156859392,bilibili.com,贺博森:抖音SEO如何分析关键词的热度和竞争度 - 哔哩哔哩,社区/博客/问答,UGC/专业社区,外部平台,False,False,,图文/网页,教程/操作指南,数据工具/分析,True,1,1,1,
https://biqiusoft.com/seo/97310,https://biqiusoft.com/seo/97310,biqiusoft.com,抖音带货佣金在哪里查看:抖音直播带货佣金查询与结算完全指南 – 比丘营销推广,其他外部来源,身份权威性未知,所有者未核实,False,False,,图文/网页,教程/操作指南,直播运营,True,1,1,1,
https://m.bkill.com/azsoft/3146824.html,https://m.bkill.com/azsoft/3146824.html,bkill.com,抖查查(抖音数据分析工具)安卓版最新下载-抖查查(抖音数据分析工具)安卓版免费下载V3.0.7 - 比克尔下载,其他外部来源,身份权威性未知,所有者未核实,False,False,,图文/网页,推荐/对比/清单,数据工具/分析,False,1,1,1,
https://bkweek.com/Index/detail?id=915051456137338880,https://bkweek.com/Index/detail?id=915051456137338880,bkweek.com,抖店ERP(抖大侠):无货源/一件代发合规提效全链路自动化-北京科技报,其他外部来源,身份权威性未知,所有者未核实,False,False,,图文/网页,说明/其他,店铺/商品/商城,False,1,1,1,
https://bkweek.com/staff/Index/detail?id=917584680357580800,https://bkweek.com/staff/Index/detail?id=917584680357580800,bkweek.com,2026 抖店上货软件推荐:官方与第三方工具对照-北京科技报,其他外部来源,身份权威性未知,所有者未核实,False,False,,图文/网页,推荐/对比/清单,店铺/商品/商城,False,1,1,1,
https://m.book118.com/html/2026/0626/5001012211013233.shtm,https://m.book118.com/html/2026/0626/5001012211013233.shtm,book118.com,千川计划出价与压价(25页)-原创力文档,其他外部来源,身份权威性未知,所有者未核实,False,False,,图文/网页,说明/其他,广告投放,False,1,1,1,
https://m.book118.com/html/2026/0626/6011140132012152.shtm,https://m.book118.com/html/2026/0626/6011140132012152.shtm,book118.com,抖音短视频算法机制与流量增长.pptx-原创力文档,其他外部来源,身份权威性未知,所有者未核实,False,False,,图文/网页,案例/复盘,短视频内容,False,1,1,1,
https://m.book118.com/html/2026/0626/6132120114012152.shtm,https://m.book118.com/html/2026/0626/6132120114012152.shtm,book118.com,40_AI短视频运营数据复盘模板——流量提升方案.docx-原创力文档,其他外部来源,身份权威性未知,所有者未核实,False,False,,图文/网页,案例/复盘,短视频内容,False,1,1,1,
https://m.book118.com/html/2026/0713/5241202130013242.shtm,https://m.book118.com/html/2026/0713/5241202130013242.shtm,book118.com,电商数据分析与广告投放优化实战.pptx-原创力文档,其他外部来源,身份权威性未知,所有者未核实,False,False,,图文/网页,案例/复盘,广告投放,False,1,1,1,
https://m.book118.com/html/2026/0713/5321103130013242.shtm,https://m.book118.com/html/2026/0713/5321103130013242.shtm,book118.com,短视频投流运营实战.pptx-原创力文档,其他外部来源,身份权威性未知,所有者未核实,False,False,,图文/网页,案例/复盘,广告投放,False,1,1,1,
https://m.book118.com/html/2026/0713/6205230104012200.shtm,https://m.book118.com/html/2026/0713/6205230104012200.shtm,book118.com,抖音电商直播投放与人群定向策略.pptx-原创力文档,其他外部来源,身份权威性未知,所有者未核实,False,False,,图文/网页,方法论/策略,直播运营,True,1,1,1,
https://m.book118.com/html/2026/0713/6211041104012200.shtm,https://m.book118.com/html/2026/0713/6211041104012200.shtm,book118.com,抖音千川广告投放实战指南.pptx-原创力文档,其他外部来源,身份权威性未知,所有者未核实,False,False,,图文/网页,教程/操作指南,广告投放,True,1,1,1,
https://m.book118.com/html/2026/0713/6222215104012200.shtm,https://m.book118.com/html/2026/0713/6222215104012200.shtm,book118.com,对标账号的检测与拆解.pptx-原创力文档,其他外部来源,身份权威性未知,所有者未核实,False,False,,图文/网页,说明/其他,综合运营/其他,False,1,1,1,
https://m.book118.com/html/2026/0713/8116101050010110.shtm,https://m.book118.com/html/2026/0713/8116101050010110.shtm,book118.com,抖音短视频自然流量运营实操.pptx-原创力文档,其他外部来源,身份权威性未知,所有者未核实,False,False,,图文/网页,说明/其他,短视频内容,False,1,1,1,
https://m.book118.com/html/2026/0713/8122121050010110.shtm,https://m.book118.com/html/2026/0713/8122121050010110.shtm,book118.com,抖音直播间视频推流方法.pptx-原创力文档,其他外部来源,身份权威性未知,所有者未核实,False,False,,图文/网页,方法论/策略,直播运营,True,1,1,1,
https://m.book118.com/html/2026/0713/8126051050010110.shtm,https://m.book118.com/html/2026/0713/8126051050010110.shtm,book118.com,短视频运营与直播流量策略.pptx-原创力文档,其他外部来源,身份权威性未知,所有者未核实,False,False,,图文/网页,方法论/策略,直播运营,True,1,1,1,
https://m.book118.com/html/2026/0727/6203131121012203.shtm,https://m.book118.com/html/2026/0727/6203131121012203.shtm,book118.com,2026年06月飞瓜抖音电商营销月报_33页_8mb.pptx-原创力文档,其他外部来源,身份权威性未知,所有者未核实,False,False,,图文/网页,说明/其他,综合运营/其他,False,1,1,1,
https://m.book118.com/try_down/087145026140010025.pdf,https://m.book118.com/try_down/087145026140010025.pdf,book118.com,抖音电商网红直播基地建设和运营整体解决方案案页,其他外部来源,身份权威性未知,所有者未核实,False,False,,PDF/图文报告,说明/其他,直播运营,False,1,1,1,
https://m.book118.com/try_down/095231234021012131.pdf,https://m.book118.com/try_down/095231234021012131.pdf,book118.com,2025年1月中国电商平台商家投诉数据报告,其他外部来源,身份权威性未知,所有者未核实,False,False,,PDF/图文报告,推荐/对比/清单,数据工具/分析,False,1,1,1,
https://m.book118.com/try_down/285304041231012100.pdf,https://m.book118.com/try_down/285304041231012100.pdf,book118.com,抖音运营推广方案课件,其他外部来源,身份权威性未知,所有者未核实,False,False,,PDF/图文报告,说明/其他,综合运营/其他,False,1,1,1,
https://m.book118.com/try_down/585023142014012103.pdf,https://m.book118.com/try_down/585023142014012103.pdf,book118.com,2025年抖音直播项目可行性分析报告,其他外部来源,身份权威性未知,所有者未核实,False,False,,PDF/图文报告,行业资讯/报告,直播运营,False,1,1,1,
https://m.book118.com/try_down/626212005052010132.pdf,https://m.book118.com/try_down/626212005052010132.pdf,book118.com,抖音电商数据研究报告,其他外部来源,身份权威性未知,所有者未核实,False,False,,PDF/图文报告,行业资讯/报告,数据工具/分析,False,1,1,1,
https://m.book118.com/try_down/638022102006006106.pdf,https://m.book118.com/try_down/638022102006006106.pdf,book118.com,2024年抖音电商618大促趋势回顾与行业深度分析报告,其他外部来源,身份权威性未知,所有者未核实,False,False,,PDF/图文报告,行业资讯/报告,数据工具/分析,False,1,1,1,
https://m.book118.com/try_down/858141002045006127.pdf,https://m.book118.com/try_down/858141002045006127.pdf,book118.com,抖音数据分析与优化策略,其他外部来源,身份权威性未知,所有者未核实,False,False,,PDF/图文报告,方法论/策略,数据工具/分析,True,1,1,1,
https://max.book118.com/try_down/376122023025011043.pdf,https://max.book118.com/try_down/376122023025011043.pdf,book118.com,抖音本地生活家政服务团购短视频直播运营策划方案,其他外部来源,身份权威性未知,所有者未核实,False,False,,PDF/图文报告,说明/其他,直播运营,False,1,1,1,
https://m.bracebook.com.cn/web/freeReadAction_view.action?id=c10bd248-ce48-4229-a3fa-cd05357543d4,https://m.bracebook.com.cn/web/freeReadAction_view.action?id=c10bd248-ce48-4229-a3fa-cd05357543d4,bracebook.com.cn,自由读 — 7.3商品延展性调研与竞争对手分析,其他外部来源,身份权威性未知,所有者未核实,False,False,,图文/网页,说明/其他,店铺/商品/商城,False,1,1,1,
https://source.ckcloud.busionline.com/izcoo/2023年抖音电商年报-蝉妈妈智库-2024.1-48页.pdf,https://source.ckcloud.busionline.com/izcoo/2023%E5%B9%B4%E6%8A%96%E9%9F%B3%E7%94%B5%E5%95%86%E5%B9%B4%E6%8A%A5-%E8%9D%89%E5%A6%88%E5%A6%88%E6%99%BA%E5%BA%93-2024.1-48%E9%A1%B5.pdf,busionline.com,2023年抖音电商年报,其他外部来源,身份权威性未知,所有者未核实,False,False,,PDF/图文报告,说明/其他,综合运营/其他,False,1,1,1,
https://source.ckcloud.busionline.com/izcoo/2024年抖音电商营销趋势报告.pdf,https://source.ckcloud.busionline.com/izcoo/2024%E5%B9%B4%E6%8A%96%E9%9F%B3%E7%94%B5%E5%95%86%E8%90%A5%E9%94%80%E8%B6%8B%E5%8A%BF%E6%8A%A5%E5%91%8A.pdf,busionline.com,2024年有米云·有米有数Marketing抖音电商营销趋势报告,其他外部来源,身份权威性未知,所有者未核实,False,False,,PDF/图文报告,行业资讯/报告,综合运营/其他,False,1,1,1,
https://bxtdata.com/insights/7585/2026年抖音电商GMV超越京东五平台格局深度解读,https://bxtdata.com/insights/7585/2026%E5%B9%B4%E6%8A%96%E9%9F%B3%E7%94%B5%E5%95%86GMV%E8%B6%85%E8%B6%8A%E4%BA%AC%E4%B8%9C%E4%BA%94%E5%B9%B3%E5%8F%B0%E6%A0%BC%E5%B1%80%E6%B7%B1%E5%BA%A6%E8%A7%A3%E8%AF%BB,bxtdata.com,《2026年抖音电商GMV超越京东五平台格局深度解读》 - 行业洞察 | 博晓通,其他外部来源,身份权威性未知,所有者未核实,False,False,,图文/网页,推荐/对比/清单,数据工具/分析,False,1,1,1,
https://bxtdata.com/insights/7888/抖音电商用户口碑分析：2026年品牌如何通过评论洞察提升产品竞争力,https://bxtdata.com/insights/7888/%E6%8A%96%E9%9F%B3%E7%94%B5%E5%95%86%E7%94%A8%E6%88%B7%E5%8F%A3%E7%A2%91%E5%88%86%E6%9E%90%EF%BC%9A2026%E5%B9%B4%E5%93%81%E7%89%8C%E5%A6%82%E4%BD%95%E9%80%9A%E8%BF%87%E8%AF%84%E8%AE%BA%E6%B4%9E%E5%AF%9F%E6%8F%90%E5%8D%87%E4%BA%A7%E5%93%81%E7%AB%9E%E4%BA%89%E5%8A%9B,bxtdata.com,《抖音电商用户口碑分析:2026年品牌如何通过评论洞察提升产品竞争力》 - 行业洞察 | 博晓通,其他外部来源,身份权威性未知,所有者未核实,False,False,,图文/网页,教程/操作指南,数据工具/分析,True,1,1,1,
https://bxtdata.com/insights/7932/2025抖音电商食品类目用户口碑评分485分复购率增40,https://bxtdata.com/insights/7932/2025%E6%8A%96%E9%9F%B3%E7%94%B5%E5%95%86%E9%A3%9F%E5%93%81%E7%B1%BB%E7%9B%AE%E7%94%A8%E6%88%B7%E5%8F%A3%E7%A2%91%E8%AF%84%E5%88%86485%E5%88%86%E5%A4%8D%E8%B4%AD%E7%8E%87%E5%A2%9E40,bxtdata.com,《2025抖音电商食品类目用户口碑评分485分复购率增40》 - 行业洞察 | 博晓通,其他外部来源,身份权威性未知,所有者未核实,False,False,,图文/网页,行业资讯/报告,综合运营/其他,False,1,1,1,
https://byerisk.com/,https://byerisk.com/,byerisk.com,ByeRisk - 短视频·短剧·投放素材合规检测 | 违禁词检测 + 限流/被拒识别 + AI 改写 | ByeRisk,其他外部来源,身份权威性未知,所有者未核实,False,False,,图文/网页,说明/其他,广告投放,False,1,1,1,
https://byerisk.com/blog/video-traffic-drop-10-throttling-trigger-phrases,https://byerisk.com/blog/video-traffic-drop-10-throttling-trigger-phrases,byerisk.com,视频发出去流量骤降?这 10 类话术让你被限流了(附 3 秒自查清单) - ByeRisk 博客,其他外部来源,身份权威性未知,所有者未核实,False,False,,图文/网页,说明/其他,短视频内容,False,1,1,1,
https://cash4reels.com/blog/creator-vetting-fake-followers-mq74jrfl,https://cash4reels.com/blog/creator-vetting-fake-followers-mq74jrfl,cash4reels.com,Creator Vetting: Spot Fake Followers & Engagement Fast,其他外部来源,身份权威性未知,所有者未核实,False,False,,图文/网页,说明/其他,综合运营/其他,False,1,1,1,
https://content-static.cctvnews.cctv.com/snow-book/index.html?channelId=1119&item_id=9437427828981330227&toc_style_id=feeds_default,https://content-static.cctvnews.cctv.com/snow-book/index.html?channelId=1119&item_id=9437427828981330227&toc_style_id=feeds_default,cctv.com,“我收到了税务局的短信，会不会是诈骗?”,其他外部来源,身份权威性未知,所有者未核实,False,False,,图文/网页,说明/其他,综合运营/其他,False,1,1,1,
https://news.cctv.com/2019/02/23/ARTIAv9QRLMvUJkG17f08elw190223.shtml,https://news.cctv.com/2019/02/23/ARTIAv9QRLMvUJkG17f08elw190223.shtml,cctv.com,独家 | 浏览量、点赞数动辄成百万上千万 谁在为“注水数据”推波助澜?_新闻频道_央视网(cctv.com),其他外部来源,身份权威性未知,所有者未核实,False,False,,图文/网页,说明/其他,数据工具/分析,False,1,1,1,
https://chandanmaxi.com/15-competitor-monitoring-tools-teams-actually-use-2026,https://chandanmaxi.com/15-competitor-monitoring-tools-teams-actually-use-2026,chandanmaxi.com,15 Competitor Monitoring Tools Teams Actually Use (2026),其他外部来源,身份权威性未知,所有者未核实,False,False,,图文/网页,说明/其他,综合运营/其他,False,1,1,1,
https://chanjet.com/lker/68b65af1e4b0b0280fd10fbe.html,https://chanjet.com/lker/68b65af1e4b0b0280fd10fbe.html,chanjet.com,抖音有没有余额对账单|抖音里订单怎么对账单-畅捷通,其他外部来源,身份权威性未知,所有者未核实,False,False,,图文/网页,教程/操作指南,综合运营/其他,True,1,1,1,
https://chanjet.com/lker/68fec574e4b0b02844f17deb.html,https://chanjet.com/lker/68fec574e4b0b02844f17deb.html,chanjet.com,抖音的对账单准吗|抖音账单对账怎么对的啊-畅捷通,其他外部来源,身份权威性未知,所有者未核实,False,False,,图文/网页,教程/操作指南,综合运营/其他,True,1,1,1,
https://chanjet.com/lker/6985a29ae4b0803ae2be1d7c.html,https://chanjet.com/lker/6985a29ae4b0803ae2be1d7c.html,chanjet.com,电商会计各平台核对数据|电商平台卖货对账表怎么做-畅捷通,其他外部来源,身份权威性未知,所有者未核实,False,False,,图文/网页,教程/操作指南,数据工具/分析,True,1,1,1,
https://chanjet.com/lker/6985a2a3e4b0803ae2be1e0f.html,https://chanjet.com/lker/6985a2a3e4b0803ae2be1e0f.html,chanjet.com,电商会计对账抖音平台|电商平台对账表-畅捷通,其他外部来源,身份权威性未知,所有者未核实,False,False,,图文/网页,推荐/对比/清单,数据工具/分析,False,1,1,1,
https://chanjet.com/sem/function-e4dhxi98nnth3xo.html,https://chanjet.com/sem/function-e4dhxi98nnth3xo.html,chanjet.com,抖店平台财务对账_抖音小店财务怎么对账_抖音平台对账-用友畅捷通 - 用友畅捷通,其他外部来源,身份权威性未知,所有者未核实,False,False,,图文/网页,教程/操作指南,店铺/商品/商城,True,1,1,1,
https://h.chanjet.com/ask/4d7cede6140507cadf.html,https://h.chanjet.com/ask/4d7cede6140507cadf.html,chanjet.com,抖音商家怎么在后台对账-畅捷通,其他外部来源,身份权威性未知,所有者未核实,False,False,,图文/网页,教程/操作指南,综合运营/其他,True,1,1,1,
https://h.chanjet.com/ask/d23cd025a9809853a7.html,https://h.chanjet.com/ask/d23cd025a9809853a7.html,chanjet.com,某宝某对账怎么操作-畅捷通,其他外部来源,身份权威性未知,所有者未核实,False,False,,图文/网页,教程/操作指南,综合运营/其他,True,1,1,1,
https://ai.chanmama.com/product/productAnalysis,https://ai.chanmama.com/product/productAnalysis,chanmama.com,抖音AI商品趋势分析平台_电商营销趋势分析工具-蝉妈妈AI,企业官网/工具平台,企业或垂直站点,外部企业,False,False,,图文/网页,推荐/对比/清单,店铺/商品/商城,False,1,1,1,
https://caijing.chinadaily.com.cn/a/202607/08/WS6a4dc255a310d709c2fbc61d.html,https://caijing.chinadaily.com.cn/a/202607/08/WS6a4dc255a310d709c2fbc61d.html,chinadaily.com.cn,《2026抖音电商运动消费趋势报告》:过去一年运动消费成交额增长38%，日常化趋势明显 - 中国日报网,其他外部来源,身份权威性未知,所有者未核实,False,False,,图文/网页,案例/复盘,综合运营/其他,False,1,1,1,
https://ex.chinadaily.com.cn/exchange/partners/82/rss/channel/cn/columns/sz8srm/stories/WS62fa0b38a3101c3ee7ae3d6d.html,https://ex.chinadaily.com.cn/exchange/partners/82/rss/channel/cn/columns/sz8srm/stories/WS62fa0b38a3101c3ee7ae3d6d.html,chinadaily.com.cn,抖音电商罗盘·策略:助力品牌全域管理决策，让生意增长有“数”可依,其他外部来源,身份权威性未知,所有者未核实,False,False,,图文/网页,案例/复盘,综合运营/其他,False,1,1,1,
https://chinanews.com/cj/2026/05-19/10624114.shtml,https://chinanews.com/cj/2026/05-19/10624114.shtml,chinanews.com,抖音商城618前三日数据公布:成交额破千万元直播间数同比增长116%-中新网,其他外部来源,身份权威性未知,所有者未核实,False,False,,图文/网页,案例/复盘,直播运营,False,1,1,1,
https://chinaz.com/top/software/1005292.shtml,https://chinaz.com/top/software/1005292.shtml,chinaz.com,灰豚数据抖音快手b站小红书数据_直播带货主播排行榜,其他外部来源,身份权威性未知,所有者未核实,False,False,,图文/网页,说明/其他,直播运营,False,1,1,1,
https://chrome-stats.com/d/dgkejfhjkbhahlllhclmapgnjnomlkkm,https://chrome-stats.com/d/dgkejfhjkbhahlllhclmapgnjnomlkkm,chrome-stats.com,抖音&小红书筛号数据助手 From EasyKOL,其他外部来源,身份权威性未知,所有者未核实,False,False,,图文/网页,说明/其他,数据工具/分析,False,1,1,1,
https://chrome-stats.com/d/id1508944184,https://chrome-stats.com/d/id1508944184,chrome-stats.com,"蝉妈妈-轻抖店直播数据巨量工作台 Stats, Downloads & Safety Check | Chrome-Stats",其他外部来源,身份权威性未知,所有者未核实,False,False,,图文/网页,说明/其他,直播运营,False,1,1,1,
https://chwang.com/ask/207800967210,https://chwang.com/ask/207800967210,chwang.com,跨境店铺流量流失溯源工具有吗?跨境电商流量流失溯源工具盘点解析!-出海问答-出海网,其他外部来源,身份权威性未知,所有者未核实,False,False,,图文/网页,推荐/对比/清单,店铺/商品/商城,False,1,1,1,
https://chwang.com/ask/207903558791,https://chwang.com/ask/207903558791,chwang.com,跨境电商同类店铺数据对比工具有哪些?跨境电商同类店铺数据对比工具盘点!-出海问答-出海网,其他外部来源,身份权威性未知,所有者未核实,False,False,,图文/网页,推荐/对比/清单,店铺/商品/商城,False,1,1,1,
https://m.ciozj.com/Pages/km/Content.Aspx?AI=100414&T=20250415165741,https://m.ciozj.com/Pages/km/Content.Aspx?AI=100414&T=20250415165741,ciozj.com,全抖音专业术语,其他外部来源,身份权威性未知,所有者未核实,False,False,,图文/网页,说明/其他,综合运营/其他,False,1,1,1,
https://m.civiw.com/research/20251023102619836,https://m.civiw.com/research/20251023102619836,civiw.com,抖音舆情总漏报?舆情监测系统3个预警设置技巧，守住黄金1小时处置期_舆情研究_识微科技,其他外部来源,身份权威性未知,所有者未核实,False,False,,图文/网页,说明/其他,综合运营/其他,False,1,1,1,
https://cjfuzhu.com/?id=6391,https://cjfuzhu.com/?id=6391,cjfuzhu.com,小红书 抖音运营必看!点赞量并非越高越好，这5项数据助你精准分析-小红书-抖推宝-抖音短视频知识学习教程-易涨网,其他外部来源,身份权威性未知,所有者未核实,False,False,,图文/网页,教程/操作指南,短视频内容,True,1,1,1,
https://cnblogs.com/BlogNetSpace/p/19730326,https://cnblogs.com/BlogNetSpace/p/19730326,cnblogs.com,OpenClaw 集成抖音——驾驭短视频流量的自动化引擎 - JackYang - 博客园,社区/博客/问答,UGC/专业社区,外部平台,False,False,,图文/网页,说明/其他,短视频内容,False,1,1,1,
https://cnblogs.com/Jelena1028/p/21220186,https://cnblogs.com/Jelena1028/p/21220186,cnblogs.com,电商智能选品:用数据驱动替代经验决策 - 爱专研的技术土狗 - 博客园,社区/博客/问答,UGC/专业社区,外部平台,False,False,,图文/网页,说明/其他,店铺/商品/商城,False,1,1,1,
https://cnblogs.com/doudaxia/articles/20682577,https://cnblogs.com/doudaxia/articles/20682577,cnblogs.com,抖店商家注意!这些履约行为正在让你的店铺面临清退风险 - 抖大侠 - 企业博客,社区/博客/问答,UGC/专业社区,外部平台,False,False,,图文/网页,说明/其他,店铺/商品/商城,False,1,1,1,
https://cnblogs.com/doudaxia/articles/20797985,https://cnblogs.com/doudaxia/articles/20797985,cnblogs.com,2026抖音小店全套实用工具盘点|新手、店群通用合规运营避坑指南 - 抖大侠 - 企业博客,社区/博客/问答,UGC/专业社区,外部平台,False,False,,图文/网页,教程/操作指南,数据工具/分析,True,1,1,1,
https://cnblogs.com/doudaxia/p/21308335,https://cnblogs.com/doudaxia/p/21308335,cnblogs.com,抖店官方认证第三方工具怎么选-服务市场合规上货拍单软件推荐 - 抖大侠 - 企业博客,社区/博客/问答,UGC/专业社区,外部平台,False,False,,图文/网页,教程/操作指南,店铺/商品/商城,True,1,1,1,
https://cnblogs.com/doudaxia/p/21391268,https://cnblogs.com/doudaxia/p/21391268,cnblogs.com,怎样核验抖店第三方工具是否正规-风险检查与实操 - 抖大侠 - 企业博客,社区/博客/问答,UGC/专业社区,外部平台,False,False,,图文/网页,推荐/对比/清单,店铺/商品/商城,False,1,1,1,
https://cnblogs.com/doudaxia/p/21507811,https://cnblogs.com/doudaxia/p/21507811,cnblogs.com,抖店工具免费版 VS 付费版五大核心差距 - 抖大侠 - 企业博客,社区/博客/问答,UGC/专业社区,外部平台,False,False,,图文/网页,推荐/对比/清单,店铺/商品/商城,False,1,1,1,
https://cnblogs.com/doudaxia/p/22087976,https://cnblogs.com/doudaxia/p/22087976,cnblogs.com,2026 抖店精细化运营升级:数据能力支撑商家高质量发展 - 抖大侠 - 企业博客,社区/博客/问答,UGC/专业社区,外部平台,False,False,,图文/网页,说明/其他,店铺/商品/商城,False,1,1,1,
https://cnblogs.com/douzhanggui/p/21337479,https://cnblogs.com/douzhanggui/p/21337479,cnblogs.com,官方API工具和爬虫工具区别怎么选?重点看图片检测、标题 - 抖掌柜 - 企业博客,社区/博客/问答,UGC/专业社区,外部平台,False,False,,图文/网页,教程/操作指南,数据工具/分析,True,1,1,1,
https://cnblogs.com/douzhanggui/p/21408061,https://cnblogs.com/douzhanggui/p/21408061,cnblogs.com,爬虫铺货频繁被平台处罚?电商老运营告诉你官方 API 合规工具才是长久之选 - 抖掌柜 - 企业博客,社区/博客/问答,UGC/专业社区,外部平台,False,False,,图文/网页,推荐/对比/清单,数据工具/分析,False,1,1,1,
https://cnblogs.com/douzhanggui/p/21644734,https://cnblogs.com/douzhanggui/p/21644734,cnblogs.com,抖店无货源全维度盈利复盘，抖掌柜自动生成店铺利润报表 - 抖掌柜 - 企业博客,社区/博客/问答,UGC/专业社区,外部平台,False,False,,图文/网页,案例/复盘,店铺/商品/商城,False,1,1,1,
https://cnblogs.com/douzhanggui/p/21667673,https://cnblogs.com/douzhanggui/p/21667673,cnblogs.com,抖店开店需要合规检测工具吗?新手副业避坑核心指南 - 抖掌柜 - 企业博客,社区/博客/问答,UGC/专业社区,外部平台,False,False,,图文/网页,教程/操作指南,店铺/商品/商城,True,1,1,1,
https://cnblogs.com/douzhanggui/p/21672388,https://cnblogs.com/douzhanggui/p/21672388,cnblogs.com,抖店无货源数据分散，抖掌柜数据大屏汇总一件代发营收 - 抖掌柜 - 企业博客,社区/博客/问答,UGC/专业社区,外部平台,False,False,,图文/网页,说明/其他,店铺/商品/商城,False,1,1,1,
https://cnblogs.com/douzhanggui/p/21727906,https://cnblogs.com/douzhanggui/p/21727906,cnblogs.com,抖店打单第三方工具合规白皮书:抖掌柜使用注意事项、违规场景、处罚规则汇总 - 抖掌柜 - 企业博客,社区/博客/问答,UGC/专业社区,外部平台,False,False,,图文/网页,推荐/对比/清单,店铺/商品/商城,False,1,1,1,
https://cnblogs.com/douzhanggui/p/21920287,https://cnblogs.com/douzhanggui/p/21920287,cnblogs.com,抖音小店全套实操教程:后台功能讲解、商品上架、发货售后、手机端 APP 使用方法 - 抖掌柜 - 企业博客,社区/博客/问答,UGC/专业社区,外部平台,False,False,,图文/网页,教程/操作指南,店铺/商品/商城,True,1,1,1,
https://cnblogs.com/douzhanggui/p/22066723,https://cnblogs.com/douzhanggui/p/22066723,cnblogs.com,抖音小店副业创业如何选对选品软件?小白工具选择方法全解析 - 抖掌柜 - 企业博客,社区/博客/问答,UGC/专业社区,外部平台,False,False,,图文/网页,教程/操作指南,店铺/商品/商城,True,1,1,1,
https://cnblogs.com/douzhanggui/p/22123378,https://cnblogs.com/douzhanggui/p/22123378,cnblogs.com,复盘100个倒闭抖店:80%一件代发商家栽在发货与供应链上 - 抖掌柜 - 企业博客,社区/博客/问答,UGC/专业社区,外部平台,False,False,,图文/网页,案例/复盘,店铺/商品/商城,False,1,1,1,
https://cnblogs.com/duanshangai/p/21429387,https://cnblogs.com/duanshangai/p/21429387,cnblogs.com,国内电商信息流素材监控与投放数据分析实战工具选型 - 短商 - 企业博客,社区/博客/问答,UGC/专业社区,外部平台,False,False,,图文/网页,推荐/对比/清单,广告投放,False,1,1,1,
https://cnblogs.com/miheyishan/articles/20257495,https://cnblogs.com/miheyishan/articles/20257495,cnblogs.com,【扣子工作流】自媒体创作效率提升指南 - 易山 - 博客园,社区/博客/问答,UGC/专业社区,外部平台,False,False,,图文/网页,教程/操作指南,综合运营/其他,True,1,1,1,
https://cnblogs.com/rdtech/p/20856048,https://cnblogs.com/rdtech/p/20856048,cnblogs.com,2026抖音去水印合法方法汇总:官方无水印保存教程+第三方工具风险详解 - 科技热点发布 - 企业博客,社区/博客/问答,UGC/专业社区,外部平台,False,False,,图文/网页,教程/操作指南,数据工具/分析,True,1,1,1,
https://cnblogs.com/redxin/p/21970909,https://cnblogs.com/redxin/p/21970909,cnblogs.com,TikTok免费数据分析工具有哪些?卖家选品、达人和内容分析怎么入门 - 麦麦唛 - 企业博客,社区/博客/问答,UGC/专业社区,外部平台,False,False,,图文/网页,教程/操作指南,达人/带货,True,1,1,1,
https://cnblogs.com/tangshiye/p/19265545,https://cnblogs.com/tangshiye/p/19265545,cnblogs.com,扣子Coze实战:从0到1搭建抖音+小红书对标账号监控智能体 - AI架构师汤师爷 - 博客园,社区/博客/问答,UGC/专业社区,外部平台,False,False,,图文/网页,案例/复盘,综合运营/其他,False,1,1,1,
https://cnblogs.com/zhushou/p/21468309,https://cnblogs.com/zhushou/p/21468309,cnblogs.com,抖店订单利润自动统计教程，抖掌柜一体化财务对账，告别手动做表格 抖店微信小店多店盈亏核算工具软件 - 电商分享 - 企业博客,社区/博客/问答,UGC/专业社区,外部平台,False,False,,图文/网页,教程/操作指南,店铺/商品/商城,True,1,1,1,
https://cnblogs.com/zhushou/p/21631951,https://cnblogs.com/zhushou/p/21631951,cnblogs.com,抖店店群神器(抖掌柜)完整使用教程:多店铺商品、订单、数据全管理流程 - 电商分享 - 企业博客,社区/博客/问答,UGC/专业社区,外部平台,False,False,,图文/网页,教程/操作指南,店铺/商品/商城,True,1,1,1,
https://cnblogs.com/zhushou/p/21796574,https://cnblogs.com/zhushou/p/21796574,cnblogs.com,抖音小店新手必看!AI 商品诊断工具怎么选?学会自查商品，避开流量与出单坑 - 电商分享 - 企业博客,社区/博客/问答,UGC/专业社区,外部平台,False,False,,图文/网页,教程/操作指南,店铺/商品/商城,True,1,1,1,
https://cnblogs.com/zhushou/p/21920252,https://cnblogs.com/zhushou/p/21920252,cnblogs.com,抖店工具完整使用教程:抖音小店后台基础操作新手指南，详解商品、订单、营销、售后操作 - 电商分享 - 企业博客,社区/博客/问答,UGC/专业社区,外部平台,False,False,,图文/网页,教程/操作指南,店铺/商品/商城,True,1,1,1,
https://cnblogs.com/zhushou/p/22135355,https://cnblogs.com/zhushou/p/22135355,cnblogs.com,2026抖店无货源避坑指南:免费工具vs付费工具五大核心差距，一套抖掌柜搞定全链路合规代发 - 电商分享 - 企业博客,社区/博客/问答,UGC/专业社区,外部平台,False,False,,图文/网页,教程/操作指南,店铺/商品/商城,True,1,1,1,
https://cnr.cn/mspd/jrhm/20260522/t20260522_527630634.shtml,https://cnr.cn/mspd/jrhm/20260522/t20260522_527630634.shtml,cnr.cn,成交额破亿的单品同比增长300% 抖音商城“618”第一阶段新品消费热度攀升_央广网,其他外部来源,身份权威性未知,所有者未核实,False,False,,图文/网页,案例/复盘,店铺/商品/商城,False,1,1,1,
https://chaiqian.cntslawfirm.com/mobile/notice/info_4751.html,https://chaiqian.cntslawfirm.com/mobile/notice/info_4751.html,cntslawfirm.com,擅自抓取他人网络平台数据信息并整理后商业化利用，是否构成不正当竞争?-研究评论-武汉征地拆迁律师,其他外部来源,身份权威性未知,所有者未核实,False,False,,图文/网页,推荐/对比/清单,数据工具/分析,False,1,1,1,
https://code3.com/wp-content/uploads/2024/07/7.24_UnderstandingPerformanceOnTikTok_v2.pdf,https://code3.com/wp-content/uploads/2024/07/7.24_UnderstandingPerformanceOnTikTok_v2.pdf,code3.com,A GUIDE TO Understanding Performance on TikTok,其他外部来源,身份权威性未知,所有者未核实,False,False,,PDF/图文报告,说明/其他,综合运营/其他,False,1,1,1,
https://cometly.com/post/multiple-ad-platforms-conflicting-data,https://cometly.com/post/multiple-ad-platforms-conflicting-data,cometly.com,How to Resolve Conflicting Data Across Multiple Ad Platforms: A Step-by-Step Guide,其他外部来源,身份权威性未知,所有者未核实,False,False,,图文/网页,说明/其他,综合运营/其他,False,1,1,1,
https://cometly.com/post/tiktok-ads-attribution-setup,https://cometly.com/post/tiktok-ads-attribution-setup,cometly.com,How to Set Up TikTok Ads Attribution: A Step-by-Step Guide for Accurate Campaign Tracking,其他外部来源,身份权威性未知,所有者未核实,False,False,,图文/网页,说明/其他,综合运营/其他,False,1,1,1,
https://cometly.com/post/tiktok-ads-attribution-solution,https://cometly.com/post/tiktok-ads-attribution-solution,cometly.com,9 Best TikTok Ads Attribution Solutions in 2026,其他外部来源,身份权威性未知,所有者未核实,False,False,,图文/网页,说明/其他,综合运营/其他,False,1,1,1,
https://conductatlas.com/platform/tiktok/tiktok-terms-of-service/prohibition-on-scraping-and-data-extraction,https://conductatlas.com/platform/tiktok/tiktok-terms-of-service/prohibition-on-scraping-and-data-extraction,conductatlas.com,Prohibition on Scraping and Data Extraction,其他外部来源,身份权威性未知,所有者未核实,False,False,,图文/网页,说明/其他,综合运营/其他,False,1,1,1,
https://contentgrip.com/how-to-vet-influencers,https://contentgrip.com/how-to-vet-influencers,contentgrip.com,How to vet influencers: an AI-era checklist for authenticity,其他外部来源,身份权威性未知,所有者未核实,False,False,,图文/网页,说明/其他,综合运营/其他,False,1,1,1,
https://conversios.io/docs/why-tracking-data-may-differ-between-platforms-sst-pro-plugin,https://conversios.io/docs/why-tracking-data-may-differ-between-platforms-sst-pro-plugin,conversios.io,Why Tracking Data May Differ Between Platforms (SST Pro Plugin),其他外部来源,身份权威性未知,所有者未核实,False,False,,图文/网页,说明/其他,综合运营/其他,False,1,1,1,
https://creatorcrawl.com/vs/tiktok-research-api,https://creatorcrawl.com/vs/tiktok-research-api,creatorcrawl.com,CreatorCrawl vs TikTok Research API,其他外部来源,身份权威性未知,所有者未核实,False,False,,图文/网页,说明/其他,综合运营/其他,False,1,1,1,
https://creatorinsights.in/product/audit,https://creatorinsights.in/product/audit,creatorinsights.in,Audit Any Creator Profile,其他外部来源,身份权威性未知,所有者未核实,False,False,,图文/网页,说明/其他,综合运营/其他,False,1,1,1,
https://cruva.com/competitor-discovery,https://cruva.com/competitor-discovery,cruva.com,See exactly who's posting for your competitors — and pitch them yourself.,其他外部来源,身份权威性未知,所有者未核实,False,False,,图文/网页,说明/其他,综合运营/其他,False,1,1,1,
https://ask.csdn.net/questions/8826355,https://ask.csdn.net/questions/8826355,csdn.net,抖音采集API常见技术问题:如何应对反爬虫机制?_编程语言-CSDN问答,社区/博客/问答,UGC/专业社区,外部平台,False,False,,图文/网页,教程/操作指南,综合运营/其他,True,1,1,1,
https://ask.csdn.net/questions/8950300,https://ask.csdn.net/questions/8950300,csdn.net,数据来源不明，如何验证其权威性?_编程语言-CSDN问答,社区/博客/问答,UGC/专业社区,外部平台,False,False,,图文/网页,教程/操作指南,数据工具/分析,True,1,1,1,
https://ask.csdn.net/questions/9562065,https://ask.csdn.net/questions/9562065,csdn.net,抖音和B站哪个平台的视频总量更大?_编程语言-CSDN问答,社区/博客/问答,UGC/专业社区,外部平台,False,False,,图文/网页,推荐/对比/清单,短视频内容,False,1,1,1,
https://bbs.csdn.net/weixin_32377497/article/details/100232917,https://bbs.csdn.net/weixin_32377497/article/details/100232917,csdn.net,直播电商数据分析:从基础指标到精细化运营,社区/博客/问答,UGC/专业社区,外部平台,False,False,,图文/网页,方法论/策略,直播运营,True,1,1,1,
https://blog.csdn.net/2401_85575345/article/details/163161512,https://blog.csdn.net/2401_85575345/article/details/163161512,csdn.net,AI 短视频数据分析:完播率与互动率的归因分析方法-CSDN博客,社区/博客/问答,UGC/专业社区,外部平台,False,False,,图文/网页,方法论/策略,短视频内容,True,1,1,1,
https://blog.csdn.net/2401_89940763/article/details/147338172,https://blog.csdn.net/2401_89940763/article/details/147338172,csdn.net,新媒体运营必藏的50个神器工具(2025年最新版)_新媒体运营工具-CSDN博客,社区/博客/问答,UGC/专业社区,外部平台,False,False,,图文/网页,推荐/对比/清单,数据工具/分析,False,1,1,1,
https://blog.csdn.net/2501_91483356/article/details/161090931,https://blog.csdn.net/2501_91483356/article/details/161090931,csdn.net,电商 GMV 增长:智能数据 Agent 实战案例-CSDN博客,社区/博客/问答,UGC/专业社区,外部平台,False,False,,图文/网页,案例/复盘,数据工具/分析,False,1,1,1,
https://blog.csdn.net/Api_onebound/article/details/149022599,https://blog.csdn.net/Api_onebound/article/details/149022599,csdn.net,《揭秘:抖音电商 API 接口，让直播带货数据精准掌控!》_抖音直播数据接口api-CSDN博客,社区/博客/问答,UGC/专业社区,外部平台,False,False,,图文/网页,说明/其他,直播运营,False,1,1,1,
https://blog.csdn.net/BeiisBei/article/details/141576977,https://blog.csdn.net/BeiisBei/article/details/141576977,csdn.net,聚焦电商场景，详解抖音集团埋点及归因分析方案-CSDN博客,社区/博客/问答,UGC/专业社区,外部平台,False,False,,图文/网页,说明/其他,数据工具/分析,False,1,1,1,
https://blog.csdn.net/CCEEHM/article/details/155197965,https://blog.csdn.net/CCEEHM/article/details/155197965,csdn.net,抖音AI图文卖货，爆款选品就看这3大法则，可直接抄作业!_抖音ai图文带货刚开始应该先发好转化的品吗-CSDN博客,社区/博客/问答,UGC/专业社区,外部平台,False,False,,图文/网页,案例/复盘,达人/带货,False,1,1,1,
https://blog.csdn.net/C_2Cshop/article/details/155530477,https://blog.csdn.net/C_2Cshop/article/details/155530477,csdn.net,吃透这 11 个同行分析工具，轻松摸清对手的赚钱逻辑_同行业对比分析网站-CSDN博客,社区/博客/问答,UGC/专业社区,外部平台,False,False,,图文/网页,推荐/对比/清单,数据工具/分析,False,1,1,1,
https://blog.csdn.net/Chaojidianzhang/article/details/160457823,https://blog.csdn.net/Chaojidianzhang/article/details/160457823,csdn.net,抖店小白必修课:抖店电商罗盘各个指标意义_抖店竞争指数-CSDN博客,社区/博客/问答,UGC/专业社区,外部平台,False,False,,图文/网页,方法论/策略,店铺/商品/商城,True,1,1,1,
https://blog.csdn.net/Everly_/article/details/149528748,https://blog.csdn.net/Everly_/article/details/149528748,csdn.net,扣子Coze智能体实战:自动化拆解抖音对标账号，输出完整分析报告(喂饭级教程)_飞书文档写对标报告-CSDN博客,社区/博客/问答,UGC/专业社区,外部平台,False,False,,图文/网页,教程/操作指南,数据工具/分析,True,1,1,1,
https://blog.csdn.net/LiuAustin/article/details/142952659,https://blog.csdn.net/LiuAustin/article/details/142952659,csdn.net,抖音账号内容管理，支持多账号_创作者管理-CSDN博客,社区/博客/问答,UGC/专业社区,外部平台,False,False,,图文/网页,说明/其他,综合运营/其他,False,1,1,1,
https://blog.csdn.net/MCyingxiaoyun/article/details/114692499,https://blog.csdn.net/MCyingxiaoyun/article/details/114692499,csdn.net,抖音直播数据分析，通过千场直播深入解读直播间自然流量转化率_抖音直播间商业曝光量和自然曝光量 解析-CSDN博客,社区/博客/问答,UGC/专业社区,外部平台,False,False,,图文/网页,说明/其他,直播运营,False,1,1,1,
https://blog.csdn.net/MCyingxiaoyun/article/details/115953689,https://blog.csdn.net/MCyingxiaoyun/article/details/115953689,csdn.net,【轮班主播】数据功能重磅上线，高效解决多主播带货数据考核、复盘两大难题_抖音后台主播轮轮班设置-CSDN博客,社区/博客/问答,UGC/专业社区,外部平台,False,False,,图文/网页,案例/复盘,达人/带货,False,1,1,1,
https://blog.csdn.net/Ob_API20230201/article/details/150583190,https://blog.csdn.net/Ob_API20230201/article/details/150583190,csdn.net,第三方电商数据 API 的数据来源解析:合规性与可靠性背后的逻辑-CSDN博客,社区/博客/问答,UGC/专业社区,外部平台,False,False,,图文/网页,方法论/策略,数据工具/分析,True,1,1,1,
https://blog.csdn.net/Ob_API20230201/article/details/152933166,https://blog.csdn.net/Ob_API20230201/article/details/152933166,csdn.net,告别手动复制，API助您完成电商数据获取数据分析店铺搬家_美团经营参谋取数api-CSDN博客,社区/博客/问答,UGC/专业社区,外部平台,False,False,,图文/网页,说明/其他,店铺/商品/商城,False,1,1,1,
https://blog.csdn.net/PixelStream/article/details/152552460,https://blog.csdn.net/PixelStream/article/details/152552460,csdn.net,手把手教你用Python采集抖音、快手直播数据，实时监控竞品销量还怕跟不上节奏?-CSDN博客,社区/博客/问答,UGC/专业社区,外部平台,False,False,,图文/网页,说明/其他,直播运营,False,1,1,1,
https://blog.csdn.net/Ruanjianwang888/article/details/154404917,https://blog.csdn.net/Ruanjianwang888/article/details/154404917,csdn.net,影刀RPA自动生成抖店销售日报，3分钟搞定8小时工作，老板直呼内行![特殊字符]_抖店 影刀-CSDN博客,社区/博客/问答,UGC/专业社区,外部平台,False,False,,图文/网页,说明/其他,店铺/商品/商城,False,1,1,1,
https://blog.csdn.net/SearchB/article/details/160720744,https://blog.csdn.net/SearchB/article/details/160720744,csdn.net,第1课:爬虫初相识【它是什么|能做什么|绝对不能做什么】-CSDN博客,社区/博客/问答,UGC/专业社区,外部平台,False,False,,图文/网页,说明/其他,综合运营/其他,False,1,1,1,
https://blog.csdn.net/VXHAruanjian888/article/details/162889816,https://blog.csdn.net/VXHAruanjian888/article/details/162889816,csdn.net,影刀RPA 广告投放数据自动化:多平台消耗数据一键汇总-CSDN博客,社区/博客/问答,UGC/专业社区,外部平台,False,False,,图文/网页,推荐/对比/清单,广告投放,False,1,1,1,
https://blog.csdn.net/Vivian_wl/article/details/159424705,https://blog.csdn.net/Vivian_wl/article/details/159424705,csdn.net,2026实测5款新媒体矩阵管理工具，AI全流程合规检测，破解矩阵运营难题!-CSDN博客,社区/博客/问答,UGC/专业社区,外部平台,False,False,,图文/网页,推荐/对比/清单,数据工具/分析,False,1,1,1,
https://blog.csdn.net/YMPzUELX3AIAp7Q/article/details/122247818,https://blog.csdn.net/YMPzUELX3AIAp7Q/article/details/122247818,csdn.net,【金猿产品展】HIO——一体化抖音电商运营投放管理平台-CSDN博客,社区/博客/问答,UGC/专业社区,外部平台,False,False,,图文/网页,推荐/对比/清单,广告投放,False,1,1,1,
https://blog.csdn.net/chidiankeji/article/details/128851035,https://blog.csdn.net/chidiankeji/article/details/128851035,csdn.net,乐山持点科技:抖音罗盘达人移动端商品分析_罗盘达人端-CSDN博客,社区/博客/问答,UGC/专业社区,外部平台,False,False,,图文/网页,说明/其他,达人/带货,False,1,1,1,
https://blog.csdn.net/datastory1/article/details/140039699,https://blog.csdn.net/datastory1/article/details/140039699,csdn.net,全网最全Tik Tok数据分析工具盘点，25个官方+第三方工具介绍_抖音数据分析工具-CSDN博客,社区/博客/问答,UGC/专业社区,外部平台,False,False,,图文/网页,推荐/对比/清单,数据工具/分析,False,1,1,1,
https://blog.csdn.net/gitblog_00662/article/details/154629395,https://blog.csdn.net/gitblog_00662/article/details/154629395,csdn.net,抖音数据解析终极指南:掌握JSON处理技巧的完整教程-CSDN博客,社区/博客/问答,UGC/专业社区,外部平台,False,False,,图文/网页,教程/操作指南,数据工具/分析,True,1,1,1,
https://blog.csdn.net/gitblog_00689/article/details/157266690,https://blog.csdn.net/gitblog_00689/article/details/157266690,csdn.net,抖音短视频数据采集实战手册:2024最新反爬应对版-CSDN博客,社区/博客/问答,UGC/专业社区,外部平台,False,False,,图文/网页,教程/操作指南,短视频内容,True,1,1,1,
https://blog.csdn.net/gitblog_00726/article/details/160681948,https://blog.csdn.net/gitblog_00726/article/details/160681948,csdn.net,抖音评论数据智能采集解决方案:实现业务洞察自动化与效率提升300%-CSDN博客,社区/博客/问答,UGC/专业社区,外部平台,False,False,,图文/网页,行业资讯/报告,数据工具/分析,False,1,1,1,
https://blog.csdn.net/gitblog_00812/article/details/160980156,https://blog.csdn.net/gitblog_00812/article/details/160980156,csdn.net,如何快速实现跨平台直播间数据监控:Live Room Watcher完整指南-CSDN博客,社区/博客/问答,UGC/专业社区,外部平台,False,False,,图文/网页,教程/操作指南,直播运营,True,1,1,1,
https://blog.csdn.net/hebosen/article/details/154250935,https://blog.csdn.net/hebosen/article/details/154250935,csdn.net,贺博森:抖音SEO关键词研究篇:如何分析关键词的热度和竞争度?-CSDN博客,社区/博客/问答,UGC/专业社区,外部平台,False,False,,图文/网页,教程/操作指南,数据工具/分析,True,1,1,1,
https://blog.csdn.net/hebosen/article/details/154360841,https://blog.csdn.net/hebosen/article/details/154360841,csdn.net,贺博森：抖音seo如何分析关键词的热度和竞争度,社区/博客/问答,UGC/专业社区,外部平台,False,False,,图文/网页,教程/操作指南,数据工具/分析,True,1,1,1,
https://blog.csdn.net/liudada8265/article/details/125109175,https://blog.csdn.net/liudada8265/article/details/125109175,csdn.net,分享个短视频竞品分析报告-CSDN博客,社区/博客/问答,UGC/专业社区,外部平台,False,False,,图文/网页,行业资讯/报告,短视频内容,False,1,1,1,
https://blog.csdn.net/m0_72030584/article/details/145614526,https://blog.csdn.net/m0_72030584/article/details/145614526,csdn.net,学习web数据埋点_前端埋点工具-CSDN博客,社区/博客/问答,UGC/专业社区,外部平台,False,False,,图文/网页,推荐/对比/清单,数据工具/分析,False,1,1,1,
https://blog.csdn.net/qq_44475551/article/details/157900134,https://blog.csdn.net/qq_44475551/article/details/157900134,csdn.net,广告平台归因的工作原理:为什么平台数据总和你对不上?_用户为什么存在多次归因的情况-CSDN博客,社区/博客/问答,UGC/专业社区,外部平台,False,False,,图文/网页,推荐/对比/清单,广告投放,False,1,1,1,
https://blog.csdn.net/qq_54351538/article/details/156871278,https://blog.csdn.net/qq_54351538/article/details/156871278,csdn.net,【Java 转运营】Day02:抖音直播间流量底层逻辑全解析_抖音 搜索 推流 逻辑 csdn-CSDN博客,社区/博客/问答,UGC/专业社区,外部平台,False,False,,图文/网页,方法论/策略,直播运营,True,1,1,1,
https://blog.csdn.net/qq_54708219/article/details/150888573,https://blog.csdn.net/qq_54708219/article/details/150888573,csdn.net,广告核心指标介绍_cpc 指标-CSDN博客,社区/博客/问答,UGC/专业社区,外部平台,False,False,,图文/网页,方法论/策略,广告投放,True,1,1,1,
https://blog.csdn.net/sixpp/article/details/156490550,https://blog.csdn.net/sixpp/article/details/156490550,csdn.net,抖音与微信短视频本质异同及特点全解-CSDN博客,社区/博客/问答,UGC/专业社区,外部平台,False,False,,图文/网页,说明/其他,短视频内容,False,1,1,1,
https://blog.csdn.net/tingnaoAI/article/details/162421181,https://blog.csdn.net/tingnaoAI/article/details/162421181,csdn.net,2026最新:做抖音学习总结，这5个实用免费工具亲测真香好用!-CSDN博客,社区/博客/问答,UGC/专业社区,外部平台,False,False,,图文/网页,推荐/对比/清单,数据工具/分析,False,1,1,1,
https://blog.csdn.net/tingnaoAI/article/details/162669111,https://blog.csdn.net/tingnaoAI/article/details/162669111,csdn.net,2026内容创作者怎么选靠谱的抖音总结app:不踩雷只留这一个-CSDN博客,社区/博客/问答,UGC/专业社区,外部平台,False,False,,图文/网页,教程/操作指南,综合运营/其他,True,1,1,1,
https://blog.csdn.net/vincent1007/article/details/149536517,https://blog.csdn.net/vincent1007/article/details/149536517,csdn.net,"扣子Coze智能体实战:自动化拆解抖音对标账号，输出完整分析报告(喂饭级教程)_自动化拆解抖音对标账号,输出完整分析报告-CSDN博客",社区/博客/问答,UGC/专业社区,外部平台,False,False,,图文/网页,教程/操作指南,数据工具/分析,True,1,1,1,
https://blog.csdn.net/vincent1007/article/details/150424081,https://blog.csdn.net/vincent1007/article/details/150424081,csdn.net,扣子Coze实战:零基础搭建数据分析智能体，1分钟完成复盘，流量翻10倍_coze智能体行业状况客户数据分析-CSDN博客,社区/博客/问答,UGC/专业社区,外部平台,False,False,,图文/网页,案例/复盘,数据工具/分析,False,1,1,1,
https://blog.csdn.net/weiqihang/article/details/139866281,https://blog.csdn.net/weiqihang/article/details/139866281,csdn.net,抖音商城618好物节消费数据报告发布，带货成交额同比增长300%_抖音618成交额-CSDN博客,社区/博客/问答,UGC/专业社区,外部平台,False,False,,图文/网页,案例/复盘,达人/带货,False,1,1,1,
https://blog.csdn.net/weixin_29215815/article/details/158049914,https://blog.csdn.net/weixin_29215815/article/details/158049914,csdn.net,零代码玩转Coze:把抖音爆款文案自动同步到飞书表格(保姆级教程)-CSDN博客,社区/博客/问答,UGC/专业社区,外部平台,False,False,,图文/网页,教程/操作指南,综合运营/其他,True,1,1,1,
https://blog.csdn.net/weixin_41943766/article/details/162628076,https://blog.csdn.net/weixin_41943766/article/details/162628076,csdn.net,爬虫工程师必知的法律红线:2026年最新案例解读-CSDN博客,社区/博客/问答,UGC/专业社区,外部平台,False,False,,图文/网页,案例/复盘,综合运营/其他,False,1,1,1,
https://blog.csdn.net/weixin_42291945/article/details/80792684,https://blog.csdn.net/weixin_42291945/article/details/80792684,csdn.net,用户指标解析:DAU、MAU、PV、UV与留存率-CSDN博客,社区/博客/问答,UGC/专业社区,外部平台,False,False,,图文/网页,方法论/策略,综合运营/其他,True,1,1,1,
https://blog.csdn.net/weixin_42587866/article/details/155115893,https://blog.csdn.net/weixin_42587866/article/details/155115893,csdn.net,DAU/MAU活跃比例评估用户粘性强弱-CSDN博客,社区/博客/问答,UGC/专业社区,外部平台,False,False,,图文/网页,说明/其他,综合运营/其他,False,1,1,1,
https://blog.csdn.net/weixin_42624889/article/details/159821238,https://blog.csdn.net/weixin_42624889/article/details/159821238,csdn.net,别再手动导数据了!用Power BI直连飞书多维表格，5分钟搞定自动化报表-CSDN博客,社区/博客/问答,UGC/专业社区,外部平台,False,False,,图文/网页,说明/其他,数据工具/分析,False,1,1,1,
https://blog.csdn.net/weixin_42684533/article/details/155036755,https://blog.csdn.net/weixin_42684533/article/details/155036755,csdn.net,3分钟搞定!飞书多维表AI一键生成仪表盘实战教程_飞书多维表格仪表盘-CSDN博客,社区/博客/问答,UGC/专业社区,外部平台,False,False,,图文/网页,教程/操作指南,综合运营/其他,True,1,1,1,
https://blog.csdn.net/weixin_44060488/article/details/156988165,https://blog.csdn.net/weixin_44060488/article/details/156988165,csdn.net,数据埋点概念-CSDN博客,社区/博客/问答,UGC/专业社区,外部平台,False,False,,图文/网页,说明/其他,数据工具/分析,False,1,1,1,
https://blog.csdn.net/weixin_47055086/article/details/126172374,https://blog.csdn.net/weixin_47055086/article/details/126172374,csdn.net,抖音自媒体账号被限流?这3种方法教你如何鉴别_怎么确认自己的抖音是否被限流-CSDN博客,社区/博客/问答,UGC/专业社区,外部平台,False,False,,图文/网页,教程/操作指南,综合运营/其他,True,1,1,1,
https://blog.csdn.net/weixin_74146322/article/details/147743260,https://blog.csdn.net/weixin_74146322/article/details/147743260,csdn.net,数据分析指标体系_gvr在电商是什么意思-CSDN博客,社区/博客/问答,UGC/专业社区,外部平台,False,False,,图文/网页,方法论/策略,数据工具/分析,True,1,1,1,
https://blog.csdn.net/xixixi7777/article/details/157734690,https://blog.csdn.net/xixixi7777/article/details/157734690,csdn.net,互联网和数据分析中的核心指标 DAU (日活跃用户数)_网页日活跃数据-CSDN博客,社区/博客/问答,UGC/专业社区,外部平台,False,False,,图文/网页,方法论/策略,数据工具/分析,True,1,1,1,
https://blog.csdn.net/yoggieCDA/article/details/161284944,https://blog.csdn.net/yoggieCDA/article/details/161284944,csdn.net,【CDA干货】用这4种数据分析思维，拆解爆款视频密码-CSDN博客,社区/博客/问答,UGC/专业社区,外部平台,False,False,,图文/网页,案例/复盘,短视频内容,False,1,1,1,
https://blog.csdn.net/youwangshuju/article/details/122966328,https://blog.csdn.net/youwangshuju/article/details/122966328,csdn.net,视频号运营有这个工具就够了_视频号直播怎么导出观众名单-CSDN博客,社区/博客/问答,UGC/专业社区,外部平台,False,False,,图文/网页,教程/操作指南,直播运营,True,1,1,1,
https://blog.csdn.net/zzywxc787/article/details/156983654,https://blog.csdn.net/zzywxc787/article/details/156983654,csdn.net,AI 编程:自动化代码生成、低代码 / 无代码开发、算法优化实践_ai自动编程-CSDN博客,社区/博客/问答,UGC/专业社区,外部平台,False,False,,图文/网页,说明/其他,综合运营/其他,False,1,1,1,
https://csdn.net/article/2026-05-30/161536866,https://csdn.net/article/2026-05-30/161536866,csdn.net,AI数据复盘与流量算法优化实战白皮书:数据拆解、算法适配、流量修复、爆款增量长效迭代方案-CSDN.NET,社区/博客/问答,UGC/专业社区,外部平台,False,False,,图文/网页,案例/复盘,数据工具/分析,False,1,1,1,
https://download.csdn.net/download/fwyTech2010/92977894,https://download.csdn.net/download/fwyTech2010/92977894,csdn.net,用N8N+本地API+飞书多维表格采集抖音博主数据(教程+源码+工具)资源-CSDN下载,社区/博客/问答,UGC/专业社区,外部平台,False,False,,图文/网页,教程/操作指南,数据工具/分析,True,1,1,1,
https://gitcode.csdn.net/6a2a7928662f9a54cb7d2190.html,https://gitcode.csdn.net/6a2a7928662f9a54cb7d2190.html,csdn.net,抖音电商实战:短视频带货+直播带货全流程，从0到出单赚钱_音视频_jinglong.cha-AtomGit开源社区,社区/博客/问答,UGC/专业社区,外部平台,False,False,,图文/网页,案例/复盘,直播运营,False,1,1,1,
https://kdniao.csdn.net/69f5fad454b52172bc7168a1.html,https://kdniao.csdn.net/69f5fad454b52172bc7168a1.html,csdn.net,电商数据分析之自动获取数据的技术手段分享_大数据_Ob_API20230201-快递鸟社区,社区/博客/问答,UGC/专业社区,外部平台,False,False,,图文/网页,说明/其他,数据工具/分析,False,1,1,1,
https://kdniao.csdn.net/6a290f0f662f9a54cb7c304a.html,https://kdniao.csdn.net/6a290f0f662f9a54cb7c304a.html,csdn.net,抖店小白必修课:抖店电商罗盘各个指标意义_流量运营_一件代发零基础教程-快递鸟社区,社区/博客/问答,UGC/专业社区,外部平台,False,False,,图文/网页,教程/操作指南,店铺/商品/商城,True,1,1,1,
https://modelers.csdn.net/69a5295d7bbde9200b9b08d6.html,https://modelers.csdn.net/69a5295d7bbde9200b9b08d6.html,csdn.net,抖音数据采集与分析实战指南_惠淼铖-魔乐社区,社区/博客/问答,UGC/专业社区,外部平台,False,False,,图文/网页,教程/操作指南,数据工具/分析,True,1,1,1,
https://wenku.csdn.net/answer/112czse37110,https://wenku.csdn.net/answer/112czse37110,csdn.net,没有抖店资质，想长期批量获取抖音商城商品的完整数据(含品牌、视频、好评率等)用于海外选品，哪些第三方API平台靠谱且收费透明? - CSDN文库,社区/博客/问答,UGC/专业社区,外部平台,False,False,,图文/网页,推荐/对比/清单,短视频内容,False,1,1,1,
https://wenku.csdn.net/answer/2pvuwjn43aq,https://wenku.csdn.net/answer/2pvuwjn43aq,csdn.net,利用Coze自动化采集抖音博主数据并智能同步至飞书表格与Excel - CSDN文库,社区/博客/问答,UGC/专业社区,外部平台,False,False,,图文/网页,说明/其他,数据工具/分析,False,1,1,1,
https://wenku.csdn.net/answer/38i7vr2yv9iq,https://wenku.csdn.net/answer/38i7vr2yv9iq,csdn.net,抖音商品卡流量运营中，怎么快速锁定刚火起来的爆款商品? - CSDN文库,社区/博客/问答,UGC/专业社区,外部平台,False,False,,图文/网页,教程/操作指南,店铺/商品/商城,True,1,1,1,
https://wenku.csdn.net/answer/4wue3ogppz,https://wenku.csdn.net/answer/4wue3ogppz,csdn.net,千川有消耗直播间不进人秒进秒出 - CSDN文库,社区/博客/问答,UGC/专业社区,外部平台,False,False,,图文/网页,说明/其他,直播运营,False,1,1,1,
https://wenku.csdn.net/answer/6rqr4owcni,https://wenku.csdn.net/answer/6rqr4owcni,csdn.net,有没有api接口for抖音罗盘 - CSDN文库,社区/博客/问答,UGC/专业社区,外部平台,False,False,,图文/网页,说明/其他,综合运营/其他,False,1,1,1,
https://wenku.csdn.net/answer/70umjthkha,https://wenku.csdn.net/answer/70umjthkha,csdn.net,相比其他类似平台(如飞瓜数据)，蝉妈妈的核心优势是什么? - CSDN文库,社区/博客/问答,UGC/专业社区,外部平台,False,False,,图文/网页,推荐/对比/清单,数据工具/分析,False,1,1,1,
https://wenku.csdn.net/answer/xo2zwvaojo,https://wenku.csdn.net/answer/xo2zwvaojo,csdn.net,抖音电商后台复盘系统搭建 - CSDN文库,社区/博客/问答,UGC/专业社区,外部平台,False,False,,图文/网页,案例/复盘,综合运营/其他,False,1,1,1,
https://wenku.csdn.net/answer/y84xacos28x,https://wenku.csdn.net/answer/y84xacos28x,csdn.net,用Coze自动化抓取抖音数据:3分钟搞定博主视频信息同步到飞书表格 - CSDN文库,社区/博客/问答,UGC/专业社区,外部平台,False,False,,图文/网页,说明/其他,短视频内容,False,1,1,1,
https://wenku.csdn.net/doc/1fuyiaejhgns,https://wenku.csdn.net/doc/1fuyiaejhgns,csdn.net,蝉妈妈达人数据爬虫技术实现:基于ScriptCat的SPA反爬与自动化采集方案 - CSDN文库,社区/博客/问答,UGC/专业社区,外部平台,False,False,,图文/网页,说明/其他,达人/带货,False,1,1,1,
https://cxgn.cn/chan-ma-ma-chuang-yi,https://cxgn.cn/chan-ma-ma-chuang-yi,cxgn.cn,蝉妈妈·创意 | 官网入口 - 短视频爆量素材创作工具,其他外部来源,身份权威性未知,所有者未核实,False,False,,图文/网页,推荐/对比/清单,短视频内容,False,1,1,1,
https://cxgn.cn/shi-bin-hao-chu-shou,https://cxgn.cn/shi-bin-hao-chu-shou,cxgn.cn,视频号助手 | 官网入口 - 视频号运营管理与数据服务平台,其他外部来源,身份权威性未知,所有者未核实,False,False,,图文/网页,推荐/对比/清单,短视频内容,False,1,1,1,
https://jysq.daishuale.com/blog/post/4957.html,https://jysq.daishuale.com/blog/post/4957.html,daishuale.com,抖音有效粉多久更新?揭秘平台数据刷新机制，让你不再焦虑粉丝增长 - 自媒体区 - 自媒体优化教程,其他外部来源,身份权威性未知,所有者未核实,False,False,,图文/网页,教程/操作指南,数据工具/分析,True,1,1,1,
https://dashboardly.io/post/best-tiktok-analytics-tools-for-2025,https://dashboardly.io/post/best-tiktok-analytics-tools-for-2025,dashboardly.io,"Best TikTok Analytics Tools 2026: Content, Shop & Ads",其他外部来源,身份权威性未知,所有者未核实,False,False,,图文/网页,说明/其他,综合运营/其他,False,1,1,1,
https://datashake.com/blog/why-your-social-media-data-is-incomplete,https://datashake.com/blog/why-your-social-media-data-is-incomplete,datashake.com,Why Your Social Media Data is Incomplete,其他外部来源,身份权威性未知,所有者未核实,False,False,,图文/网页,说明/其他,综合运营/其他,False,1,1,1,
https://ddooo.com/softdown/218799.htm,https://ddooo.com/softdown/218799.htm,ddooo.com,飞瓜快数app下载-飞瓜数据快手版app下载 v1.0.39安卓版 - 多多软件站,其他外部来源,身份权威性未知,所有者未核实,False,False,,图文/网页,说明/其他,数据工具/分析,False,1,1,1,
https://deepnavi.cn/ai-ecommerce/ju-liang-qian-chuan,https://deepnavi.cn/ai-ecommerce/ju-liang-qian-chuan,deepnavi.cn,巨量千川 - 抖音电商一体化智能营销平台,企业官网/工具平台,企业或垂直站点,外部企业,False,False,,图文/网页,推荐/对比/清单,广告投放,False,1,1,1,
https://pdf.dfcfw.com/pdf/H3_AP202107141503778489_1.pdf,https://pdf.dfcfw.com/pdf/H3_AP202107141503778489_1.pdf,dfcfw.com,抖音电商渠道解析：兴趣电商崛起，纺服板块先行,其他外部来源,身份权威性未知,所有者未核实,False,False,,PDF/图文报告,说明/其他,综合运营/其他,False,1,1,1,
https://pdf.dfcfw.com/pdf/H3_AP202508051721763168_1.pdf?1754392303000.pdf=,https://pdf.dfcfw.com/pdf/H3_AP202508051721763168_1.pdf?1754392303000.pdf=,dfcfw.com,2025上半年飞瓜抖音电商与广告投放报告,其他外部来源,身份权威性未知,所有者未核实,False,False,,PDF/图文报告,行业资讯/报告,广告投放,False,1,1,1,
https://pdf.dfcfw.com/pdf/H3_AP202601061816141708_1.pdf?1767725745000.pdf=,https://pdf.dfcfw.com/pdf/H3_AP202601061816141708_1.pdf?1767725745000.pdf=,dfcfw.com,从B站/小红书/抖音探讨内容平台的用户泛化与变现潜力,其他外部来源,身份权威性未知,所有者未核实,False,False,,PDF/图文报告,推荐/对比/清单,数据工具/分析,False,1,1,1,
https://dianpu.cn/gongju/douguaishou,https://dianpu.cn/gongju/douguaishou,dianpu.cn,抖怪兽_抖怪兽怎么样好用么 - 店铺网,其他外部来源,身份权威性未知,所有者未核实,False,False,,图文/网页,教程/操作指南,店铺/商品/商城,True,1,1,1,
https://dianpu.cn/gongju/huishuju,https://dianpu.cn/gongju/huishuju,dianpu.cn,灰豚数据_灰豚数据怎么样好用么 - 店铺网,其他外部来源,身份权威性未知,所有者未核实,False,False,,图文/网页,教程/操作指南,店铺/商品/商城,True,1,1,1,
https://diantuoyi.com/article/34850.html,https://diantuoyi.com/article/34850.html,diantuoyi.com,抖音巨量算数算数榜单功能详解 – 店托易,其他外部来源,身份权威性未知,所有者未核实,False,False,,图文/网页,说明/其他,综合运营/其他,False,1,1,1,
https://zfs.dianzilajihs.com/douyinyunying/2062.html,https://zfs.dianzilajihs.com/douyinyunying/2062.html,dianzilajihs.com,抖音截流软件下载后能否用于矩阵账号?合规边界权威解答_秒粉时局,其他外部来源,身份权威性未知,所有者未核实,False,False,,图文/网页,说明/其他,综合运营/其他,False,1,1,1,
https://docin.com/touch_new/preview_new.do?id=4922079032,https://docin.com/touch_new/preview_new.do?id=4922079032,docin.com,电商行业店铺管理多端数据整合模板 - 豆丁网,其他外部来源,身份权威性未知,所有者未核实,False,False,,图文/网页,行业资讯/报告,店铺/商品/商城,False,1,1,1,
https://docin.com/touch_new/preview_new.do?id=4994607192,https://docin.com/touch_new/preview_new.do?id=4994607192,docin.com,2026年中国社交媒体追踪工具行业市场规模及竞争格局分析报告 - 豆丁网,其他外部来源,身份权威性未知,所有者未核实,False,False,,图文/网页,推荐/对比/清单,数据工具/分析,False,1,1,1,
https://douchacha.com/article/details/6rcbq0vs.html,https://douchacha.com/article/details/6rcbq0vs.html,douchacha.com,25条抖音投放认知与经验，高阶玩家必看!,其他外部来源,身份权威性未知,所有者未核实,False,False,,图文/网页,说明/其他,广告投放,False,1,1,1,
https://douchacha.com/article/details/7gvi47jv.html,https://douchacha.com/article/details/7gvi47jv.html,douchacha.com,数据参谋-短视频数据模块是什么,其他外部来源,身份权威性未知,所有者未核实,False,False,,图文/网页,说明/其他,短视频内容,False,1,1,1,
https://douchacha.com/article/details/a3jam8vk.html,https://douchacha.com/article/details/a3jam8vk.html,douchacha.com,万字长文:全域投放从亏损到正循环，手把手教学建议收藏,其他外部来源,身份权威性未知,所有者未核实,False,False,,图文/网页,说明/其他,广告投放,False,1,1,1,
https://douchacha.com/article/details/cmrz8h93.html,https://douchacha.com/article/details/cmrz8h93.html,douchacha.com,抖音爆款短视频蹭量打法详解!,其他外部来源,身份权威性未知,所有者未核实,False,False,,图文/网页,案例/复盘,短视频内容,False,1,1,1,
https://douchacha.com/article/details/f7o2d4wx.html,https://douchacha.com/article/details/f7o2d4wx.html,douchacha.com,抖音数据用抖查查，不当冤大头!,其他外部来源,身份权威性未知,所有者未核实,False,False,,图文/网页,说明/其他,数据工具/分析,False,1,1,1,
https://douchacha.com/article/details/mza2ntf3.html,https://douchacha.com/article/details/mza2ntf3.html,douchacha.com,捷报:抖查查成功认证巨量千川三星服务商,其他外部来源,身份权威性未知,所有者未核实,False,False,,图文/网页,说明/其他,广告投放,False,1,1,1,
https://douchacha.com/article/details/wbw0g933.html,https://douchacha.com/article/details/wbw0g933.html,douchacha.com,什么是巨量算数?,其他外部来源,身份权威性未知,所有者未核实,False,False,,图文/网页,说明/其他,综合运营/其他,False,1,1,1,
https://douchacha.com/article/details/yea4iesf.html,https://douchacha.com/article/details/yea4iesf.html,douchacha.com,直播录制+复盘功能上线!^_^,其他外部来源,身份权威性未知,所有者未核实,False,False,,图文/网页,案例/复盘,直播运营,False,1,1,1,
https://douchacha.com/article/details/zruwbmwq.html,https://douchacha.com/article/details/zruwbmwq.html,douchacha.com,抖查查 | 抖音平台第一家直播实时数据[直播实时榜单],其他外部来源,身份权威性未知,所有者未核实,False,False,,图文/网页,推荐/对比/清单,直播运营,False,1,1,1,
https://douchacha.com/article/details/zvotrxmc.html,https://douchacha.com/article/details/zvotrxmc.html,douchacha.com,过亿投手实操:千川投放三大打法提升ROI,其他外部来源,身份权威性未知,所有者未核实,False,False,,图文/网页,说明/其他,广告投放,False,1,1,1,
https://doutianshi.com/52712.html,https://doutianshi.com/52712.html,doutianshi.com,抖音播放量骤降怎么回事?抖音播放量突然降低了怎么办 – 逗天使,其他外部来源,身份权威性未知,所有者未核实,False,False,,图文/网页,教程/操作指南,综合运营/其他,True,1,1,1,
https://creator.douyin.com/?ug_source=seo_cjy,https://creator.douyin.com/?ug_source=seo_cjy,douyin.com,抖音创作者中心,抖音其他页面,平台官方页面,字节跳动/头条系,True,False,,图文/网页,说明/其他,综合运营/其他,False,1,1,1,
https://douyin.com/agreements?id=6773901168964798477&ug_source=oupeng,https://douyin.com/agreements?id=6773901168964798477&ug_source=oupeng,douyin.com,“抖音”隐私政策,抖音其他页面,平台官方页面,字节跳动/头条系,True,False,,图文/网页,说明/其他,综合运营/其他,False,1,1,1,
https://douyin.com/search/主播数据监测工具,https://douyin.com/search/%E4%B8%BB%E6%92%AD%E6%95%B0%E6%8D%AE%E7%9B%91%E6%B5%8B%E5%B7%A5%E5%85%B7,douyin.com,主播数据监测工具 - 抖音,抖音其他页面,平台官方页面,字节跳动/头条系,True,False,,图文/网页,推荐/对比/清单,数据工具/分析,False,1,1,1,
https://douyin.com/search/什么原因会限流,https://douyin.com/search/%E4%BB%80%E4%B9%88%E5%8E%9F%E5%9B%A0%E4%BC%9A%E9%99%90%E6%B5%81,douyin.com,什么原因会限流 - 抖音,抖音其他页面,平台官方页面,字节跳动/头条系,True,False,,图文/网页,说明/其他,综合运营/其他,False,1,1,1,
https://douyin.com/search/作品预审工具,https://douyin.com/search/%E4%BD%9C%E5%93%81%E9%A2%84%E5%AE%A1%E5%B7%A5%E5%85%B7,douyin.com,作品预审工具 - 抖音,抖音其他页面,平台官方页面,字节跳动/头条系,True,False,,图文/网页,推荐/对比/清单,数据工具/分析,False,1,1,1,
https://douyin.com/search/发出的视频没流量怎么办,https://douyin.com/search/%E5%8F%91%E5%87%BA%E7%9A%84%E8%A7%86%E9%A2%91%E6%B2%A1%E6%B5%81%E9%87%8F%E6%80%8E%E4%B9%88%E5%8A%9E,douyin.com,发出的视频没流量怎么办 - 抖音,抖音其他页面,平台官方页面,字节跳动/头条系,True,False,,图文/网页,教程/操作指南,短视频内容,True,1,1,1,
https://douyin.com/search/商品卡数据分析怎么看,https://douyin.com/search/%E5%95%86%E5%93%81%E5%8D%A1%E6%95%B0%E6%8D%AE%E5%88%86%E6%9E%90%E6%80%8E%E4%B9%88%E7%9C%8B,douyin.com,商品卡数据分析怎么看 - 抖音,抖音其他页面,平台官方页面,字节跳动/头条系,True,False,,图文/网页,教程/操作指南,店铺/商品/商城,True,1,1,1,
https://douyin.com/search/在哪里查自己直播回放记录视频,https://douyin.com/search/%E5%9C%A8%E5%93%AA%E9%87%8C%E6%9F%A5%E8%87%AA%E5%B7%B1%E7%9B%B4%E6%92%AD%E5%9B%9E%E6%94%BE%E8%AE%B0%E5%BD%95%E8%A7%86%E9%A2%91,douyin.com,在哪里查自己直播回放记录视频 - 抖音,抖音其他页面,平台官方页面,字节跳动/头条系,True,False,,图文/网页,说明/其他,直播运营,False,1,1,1,
https://douyin.com/search/如何判断主播的粉丝量真假,https://douyin.com/search/%E5%A6%82%E4%BD%95%E5%88%A4%E6%96%AD%E4%B8%BB%E6%92%AD%E7%9A%84%E7%B2%89%E4%B8%9D%E9%87%8F%E7%9C%9F%E5%81%87,douyin.com,如何判断主播的粉丝量真假 - 抖音,抖音其他页面,平台官方页面,字节跳动/头条系,True,False,,图文/网页,教程/操作指南,综合运营/其他,True,1,1,1,
https://douyin.com/search/如何设置不让别人看到橱窗的销量,https://douyin.com/search/%E5%A6%82%E4%BD%95%E8%AE%BE%E7%BD%AE%E4%B8%8D%E8%AE%A9%E5%88%AB%E4%BA%BA%E7%9C%8B%E5%88%B0%E6%A9%B1%E7%AA%97%E7%9A%84%E9%94%80%E9%87%8F,douyin.com,如何设置不让别人看到橱窗的销量 - 抖音,抖音其他页面,平台官方页面,字节跳动/头条系,True,False,,图文/网页,教程/操作指南,综合运营/其他,True,1,1,1,
https://douyin.com/search/怎么找对标账号看哪些数据,https://douyin.com/search/%E6%80%8E%E4%B9%88%E6%89%BE%E5%AF%B9%E6%A0%87%E8%B4%A6%E5%8F%B7%E7%9C%8B%E5%93%AA%E4%BA%9B%E6%95%B0%E6%8D%AE,douyin.com,怎么找对标账号看哪些数据 - 抖音,抖音其他页面,平台官方页面,字节跳动/头条系,True,False,,图文/网页,教程/操作指南,数据工具/分析,True,1,1,1,
https://douyin.com/search/怎么样看自己的账号是不是正常的,https://douyin.com/search/%E6%80%8E%E4%B9%88%E6%A0%B7%E7%9C%8B%E8%87%AA%E5%B7%B1%E7%9A%84%E8%B4%A6%E5%8F%B7%E6%98%AF%E4%B8%8D%E6%98%AF%E6%AD%A3%E5%B8%B8%E7%9A%84,douyin.com,怎么样看自己的账号是不是正常的 - 抖音,抖音其他页面,平台官方页面,字节跳动/头条系,True,False,,图文/网页,教程/操作指南,综合运营/其他,True,1,1,1,
https://douyin.com/search/怎样快速找到对标达人账号,https://douyin.com/search/%E6%80%8E%E6%A0%B7%E5%BF%AB%E9%80%9F%E6%89%BE%E5%88%B0%E5%AF%B9%E6%A0%87%E8%BE%BE%E4%BA%BA%E8%B4%A6%E5%8F%B7,douyin.com,怎样快速找到对标达人账号 - 抖音,抖音其他页面,平台官方页面,字节跳动/头条系,True,False,,图文/网页,说明/其他,达人/带货,False,1,1,1,
https://douyin.com/search/抖音创作者中心帮助与反馈在哪里,https://douyin.com/search/%E6%8A%96%E9%9F%B3%E5%88%9B%E4%BD%9C%E8%80%85%E4%B8%AD%E5%BF%83%E5%B8%AE%E5%8A%A9%E4%B8%8E%E5%8F%8D%E9%A6%88%E5%9C%A8%E5%93%AA%E9%87%8C,douyin.com,抖音创作者中心帮助与反馈在哪里 - 抖音,抖音其他页面,平台官方页面,字节跳动/头条系,True,False,,图文/网页,说明/其他,综合运营/其他,False,1,1,1,
https://douyin.com/search/抖音创作者中心怎么看浏览量,https://douyin.com/search/%E6%8A%96%E9%9F%B3%E5%88%9B%E4%BD%9C%E8%80%85%E4%B8%AD%E5%BF%83%E6%80%8E%E4%B9%88%E7%9C%8B%E6%B5%8F%E8%A7%88%E9%87%8F,douyin.com,抖音创作者中心怎么看浏览量 - 抖音,抖音其他页面,平台官方页面,字节跳动/头条系,True,False,,图文/网页,教程/操作指南,综合运营/其他,True,1,1,1,
https://douyin.com/search/抖音发布视频为什么没有任何流量,https://douyin.com/search/%E6%8A%96%E9%9F%B3%E5%8F%91%E5%B8%83%E8%A7%86%E9%A2%91%E4%B8%BA%E4%BB%80%E4%B9%88%E6%B2%A1%E6%9C%89%E4%BB%BB%E4%BD%95%E6%B5%81%E9%87%8F,douyin.com,抖音发布视频为什么没有任何流量 - 抖音,抖音其他页面,平台官方页面,字节跳动/头条系,True,False,,图文/网页,行业资讯/报告,短视频内容,False,1,1,1,
https://douyin.com/search/抖音平台的有效播放量计算标准是什么,https://douyin.com/search/%E6%8A%96%E9%9F%B3%E5%B9%B3%E5%8F%B0%E7%9A%84%E6%9C%89%E6%95%88%E6%92%AD%E6%94%BE%E9%87%8F%E8%AE%A1%E7%AE%97%E6%A0%87%E5%87%86%E6%98%AF%E4%BB%80%E4%B9%88,douyin.com,抖音平台的有效播放量计算标准是什么 - 抖音,抖音其他页面,平台官方页面,字节跳动/头条系,True,False,,图文/网页,推荐/对比/清单,数据工具/分析,False,1,1,1,
https://douyin.com/search/抖音平均观看时长数据,https://douyin.com/search/%E6%8A%96%E9%9F%B3%E5%B9%B3%E5%9D%87%E8%A7%82%E7%9C%8B%E6%97%B6%E9%95%BF%E6%95%B0%E6%8D%AE,douyin.com,抖音平均观看时长数据 - 抖音,抖音其他页面,平台官方页面,字节跳动/头条系,True,False,,图文/网页,说明/其他,数据工具/分析,False,1,1,1,
https://douyin.com/search/抖音怎么找近期的爆款,https://douyin.com/search/%E6%8A%96%E9%9F%B3%E6%80%8E%E4%B9%88%E6%89%BE%E8%BF%91%E6%9C%9F%E7%9A%84%E7%88%86%E6%AC%BE,douyin.com,抖音怎么找近期的爆款 - 抖音,抖音其他页面,平台官方页面,字节跳动/头条系,True,False,,图文/网页,教程/操作指南,综合运营/其他,True,1,1,1,
https://douyin.com/search/抖音怎么查询直播违规,https://douyin.com/search/%E6%8A%96%E9%9F%B3%E6%80%8E%E4%B9%88%E6%9F%A5%E8%AF%A2%E7%9B%B4%E6%92%AD%E8%BF%9D%E8%A7%84,douyin.com,抖音怎么查询直播违规 - 抖音,抖音其他页面,平台官方页面,字节跳动/头条系,True,False,,图文/网页,教程/操作指南,直播运营,True,1,1,1,
https://douyin.com/search/抖音查看数据流量来源的方法,https://douyin.com/search/%E6%8A%96%E9%9F%B3%E6%9F%A5%E7%9C%8B%E6%95%B0%E6%8D%AE%E6%B5%81%E9%87%8F%E6%9D%A5%E6%BA%90%E7%9A%84%E6%96%B9%E6%B3%95,douyin.com,抖音查看数据流量来源的方法 - 抖音,抖音其他页面,平台官方页面,字节跳动/头条系,True,False,,图文/网页,方法论/策略,数据工具/分析,True,1,1,1,
https://douyin.com/search/抖音电商带货佣金明细怎么查,https://douyin.com/search/%E6%8A%96%E9%9F%B3%E7%94%B5%E5%95%86%E5%B8%A6%E8%B4%A7%E4%BD%A3%E9%87%91%E6%98%8E%E7%BB%86%E6%80%8E%E4%B9%88%E6%9F%A5,douyin.com,抖音电商带货佣金明细怎么查 - 抖音,抖音其他页面,平台官方页面,字节跳动/头条系,True,False,,图文/网页,教程/操作指南,达人/带货,True,1,1,1,
https://douyin.com/search/抖音第三方数据分析哪个好,https://douyin.com/search/%E6%8A%96%E9%9F%B3%E7%AC%AC%E4%B8%89%E6%96%B9%E6%95%B0%E6%8D%AE%E5%88%86%E6%9E%90%E5%93%AA%E4%B8%AA%E5%A5%BD,douyin.com,抖音第三方数据分析哪个好 - 抖音,抖音其他页面,平台官方页面,字节跳动/头条系,True,False,,图文/网页,推荐/对比/清单,数据工具/分析,False,1,1,1,
https://douyin.com/search/抖音违规是在哪里看的,https://douyin.com/search/%E6%8A%96%E9%9F%B3%E8%BF%9D%E8%A7%84%E6%98%AF%E5%9C%A8%E5%93%AA%E9%87%8C%E7%9C%8B%E7%9A%84,douyin.com,抖音违规是在哪里看的 - 抖音,抖音其他页面,平台官方页面,字节跳动/头条系,True,False,,图文/网页,说明/其他,综合运营/其他,False,1,1,1,
https://douyin.com/search/最近直播间突然没有流量了是怎么回事,https://douyin.com/search/%E6%9C%80%E8%BF%91%E7%9B%B4%E6%92%AD%E9%97%B4%E7%AA%81%E7%84%B6%E6%B2%A1%E6%9C%89%E6%B5%81%E9%87%8F%E4%BA%86%E6%98%AF%E6%80%8E%E4%B9%88%E5%9B%9E%E4%BA%8B,douyin.com,最近直播间突然没有流量了是怎么回事 - 抖音,抖音其他页面,平台官方页面,字节跳动/头条系,True,False,,图文/网页,教程/操作指南,直播运营,True,1,1,1,
https://douyin.com/search/橱窗带货数据在哪看,https://douyin.com/search/%E6%A9%B1%E7%AA%97%E5%B8%A6%E8%B4%A7%E6%95%B0%E6%8D%AE%E5%9C%A8%E5%93%AA%E7%9C%8B,douyin.com,橱窗带货数据在哪看 - 抖音,抖音其他页面,平台官方页面,字节跳动/头条系,True,False,,图文/网页,说明/其他,达人/带货,False,1,1,1,
https://douyin.com/search/用什么软件查看抖音关键词数据,https://douyin.com/search/%E7%94%A8%E4%BB%80%E4%B9%88%E8%BD%AF%E4%BB%B6%E6%9F%A5%E7%9C%8B%E6%8A%96%E9%9F%B3%E5%85%B3%E9%94%AE%E8%AF%8D%E6%95%B0%E6%8D%AE,douyin.com,用什么软件查看抖音关键词数据 - 抖音,抖音其他页面,平台官方页面,字节跳动/头条系,True,False,,图文/网页,说明/其他,数据工具/分析,False,1,1,1,
https://douyin.com/search/电脑端看抖音数据详细方法,https://douyin.com/search/%E7%94%B5%E8%84%91%E7%AB%AF%E7%9C%8B%E6%8A%96%E9%9F%B3%E6%95%B0%E6%8D%AE%E8%AF%A6%E7%BB%86%E6%96%B9%E6%B3%95,douyin.com,电脑端看抖音数据详细方法 - 抖音,抖音其他页面,平台官方页面,字节跳动/头条系,True,False,,图文/网页,方法论/策略,数据工具/分析,True,1,1,1,
https://douyin.com/search/直播间数据监测指南,https://douyin.com/search/%E7%9B%B4%E6%92%AD%E9%97%B4%E6%95%B0%E6%8D%AE%E7%9B%91%E6%B5%8B%E6%8C%87%E5%8D%97,douyin.com,直播间数据监测指南 - 抖音,抖音其他页面,平台官方页面,字节跳动/头条系,True,False,,图文/网页,教程/操作指南,直播运营,True,1,1,1,
https://douyin.com/search/突然限流了是什么原因,https://douyin.com/search/%E7%AA%81%E7%84%B6%E9%99%90%E6%B5%81%E4%BA%86%E6%98%AF%E4%BB%80%E4%B9%88%E5%8E%9F%E5%9B%A0,douyin.com,突然限流了是什么原因 - 抖音,抖音其他页面,平台官方页面,字节跳动/头条系,True,False,,图文/网页,说明/其他,综合运营/其他,False,1,1,1,
https://douyin.com/search/账号状态检测全正常实际被限流,https://douyin.com/search/%E8%B4%A6%E5%8F%B7%E7%8A%B6%E6%80%81%E6%A3%80%E6%B5%8B%E5%85%A8%E6%AD%A3%E5%B8%B8%E5%AE%9E%E9%99%85%E8%A2%AB%E9%99%90%E6%B5%81,douyin.com,账号状态检测全正常实际被限流 - 抖音,抖音其他页面,平台官方页面,字节跳动/头条系,True,False,,图文/网页,说明/其他,综合运营/其他,False,1,1,1,
https://douyin.com/search/达人怎么关闭同行跟选个人数据展示,https://douyin.com/search/%E8%BE%BE%E4%BA%BA%E6%80%8E%E4%B9%88%E5%85%B3%E9%97%AD%E5%90%8C%E8%A1%8C%E8%B7%9F%E9%80%89%E4%B8%AA%E4%BA%BA%E6%95%B0%E6%8D%AE%E5%B1%95%E7%A4%BA,douyin.com,达人怎么关闭同行跟选个人数据展示 - 抖音,抖音其他页面,平台官方页面,字节跳动/头条系,True,False,,图文/网页,教程/操作指南,达人/带货,True,1,1,1,
https://douyin.com/search/达人直播间如何控制商品库存,https://douyin.com/search/%E8%BE%BE%E4%BA%BA%E7%9B%B4%E6%92%AD%E9%97%B4%E5%A6%82%E4%BD%95%E6%8E%A7%E5%88%B6%E5%95%86%E5%93%81%E5%BA%93%E5%AD%98,douyin.com,达人直播间如何控制商品库存 - 抖音,抖音其他页面,平台官方页面,字节跳动/头条系,True,False,,图文/网页,教程/操作指南,直播运营,True,1,1,1,
https://m.douyin.com/zhuanti/7213427049233664052,https://m.douyin.com/zhuanti/7213427049233664052,douyin.com,百应数据参谋在哪-抖音,抖音其他页面,平台官方页面,字节跳动/头条系,True,False,,图文/网页,说明/其他,数据工具/分析,False,1,1,1,
https://m.douyin.com/zhuanti/7213458307997009920,https://m.douyin.com/zhuanti/7213458307997009920,douyin.com,巨量算数检测工具-抖音,抖音其他页面,平台官方页面,字节跳动/头条系,True,False,,图文/网页,推荐/对比/清单,数据工具/分析,False,1,1,1,
https://m.douyin.com/zhuanti/7220103114047621181,https://m.douyin.com/zhuanti/7220103114047621181,douyin.com,巨量百应怎么自动讲解-抖音,抖音其他页面,平台官方页面,字节跳动/头条系,True,False,,图文/网页,教程/操作指南,综合运营/其他,True,1,1,1,
https://m.douyin.com/zhuanti/7354833549653985291,https://m.douyin.com/zhuanti/7354833549653985291,douyin.com,抖音巨量百应佣金提取记录-抖音,抖音其他页面,平台官方页面,字节跳动/头条系,True,False,,图文/网页,说明/其他,综合运营/其他,False,1,1,1,
https://www.douyin.com/video/6941951487438327048,https://www.douyin.com/video/6941951487438327048,douyin.com,抖音官方免费数据罗盘助力直播数据分析,抖音视频,创作者视频,字节跳动/头条系,True,True,6941951487438327048,视频,说明/其他,直播运营,False,1,1,1,
https://www.douyin.com/video/7005138832530214181,https://www.douyin.com/video/7005138832530214181,douyin.com,电商直播数据模块口径对比与核对指南,抖音视频,创作者视频,字节跳动/头条系,True,True,7005138832530214181,视频,教程/操作指南,直播运营,True,1,1,1,
https://www.douyin.com/video/7005821921484885279,https://www.douyin.com/video/7005821921484885279,douyin.com,电商后台多模块数据口径差异解析,抖音视频,创作者视频,字节跳动/头条系,True,True,7005821921484885279,视频,说明/其他,数据工具/分析,False,1,1,1,
https://www.douyin.com/video/7022965937800219937,https://www.douyin.com/video/7022965937800219937,douyin.com,抖音电商运营必备的12个官方工具解析,抖音视频,创作者视频,字节跳动/头条系,True,True,7022965937800219937,视频,推荐/对比/清单,数据工具/分析,False,1,1,1,
https://www.douyin.com/video/7033349942139735333,https://www.douyin.com/video/7033349942139735333,douyin.com,新手必备：直播电商数据分析五大工具助力创收,抖音视频,创作者视频,字节跳动/头条系,True,True,7033349942139735333,视频,推荐/对比/清单,直播运营,False,1,1,1,
https://www.douyin.com/video/7102726288334392589,https://www.douyin.com/video/7102726288334392589,douyin.com,抖店访客转化低原因分析与精准流量优化策略,抖音视频,创作者视频,字节跳动/头条系,True,True,7102726288334392589,视频,方法论/策略,店铺/商品/商城,True,1,1,1,
https://www.douyin.com/video/7116738100604177671,https://www.douyin.com/video/7116738100604177671,douyin.com,抖音品牌营销竞品分析方法与数据驱动策略,抖音视频,创作者视频,字节跳动/头条系,True,True,7116738100604177671,视频,方法论/策略,数据工具/分析,True,1,1,1,
https://www.douyin.com/video/7172761462170045703,https://www.douyin.com/video/7172761462170045703,douyin.com,抖音电商罗盘工具解析与商家数据分析应用,抖音视频,创作者视频,字节跳动/头条系,True,True,7172761462170045703,视频,推荐/对比/清单,数据工具/分析,False,1,1,1,
https://www.douyin.com/video/7209293313705266487,https://www.douyin.com/video/7209293313705266487,douyin.com,官方工具免费查看同行真实数据及粉丝画像,抖音视频,创作者视频,字节跳动/头条系,True,True,7209293313705266487,视频,推荐/对比/清单,数据工具/分析,False,1,1,1,
https://www.douyin.com/video/7314211533104499978,https://www.douyin.com/video/7314211533104499978,douyin.com,抖音小店电商罗盘竞品对比分析同行流量来源,抖音视频,创作者视频,字节跳动/头条系,True,True,7314211533104499978,视频,推荐/对比/清单,数据工具/分析,False,1,1,1,
https://www.douyin.com/video/7340640814508297499,https://www.douyin.com/video/7340640814508297499,douyin.com,电商罗盘核心功能与运营数据分析详解,抖音视频,创作者视频,字节跳动/头条系,True,True,7340640814508297499,视频,说明/其他,数据工具/分析,False,1,1,1,
https://www.douyin.com/video/7369494440811056447,https://www.douyin.com/video/7369494440811056447,douyin.com,抖店运营必备的19款实用APP推荐,抖音视频,创作者视频,字节跳动/头条系,True,True,7369494440811056447,视频,推荐/对比/清单,店铺/商品/商城,False,1,1,1,
https://www.douyin.com/video/7401094866807033124,https://www.douyin.com/video/7401094866807033124,douyin.com,抖店数据化选品工具。#抖店运营 #新手开网店 #干货分享 1、商品榜单排行 分热销产品榜、飙升产品榜、新品热销榜、店群商品榜、低价福利商品榜、品牌商品榜以及降价榜单。 选择所属平台和商品类目，即可筛选,抖音视频,创作者视频,字节跳动/头条系,True,True,7401094866807033124,视频,推荐/对比/清单,店铺/商品/商城,False,1,1,1,
https://www.douyin.com/video/7424778058537651510,https://www.douyin.com/video/7424778058537651510,douyin.com,TikTok卖家必备的7个数据分析工具推荐,抖音视频,创作者视频,字节跳动/头条系,True,True,7424778058537651510,视频,推荐/对比/清单,数据工具/分析,False,1,1,1,
https://www.douyin.com/video/7437308463501380914,https://www.douyin.com/video/7437308463501380914,douyin.com,🎬抖音选品工具推荐。🎉做抖音达人带货或者抖店选品时，用哪个工具可以选择到当下正在爆的爆品呢？  💡推荐工具：馋妈妈。  💡馋妈妈平台介绍： 1️⃣专注于短视频和直播数据分析。 2️⃣提供详尽的商品销售,抖音视频,创作者视频,字节跳动/头条系,True,True,7437308463501380914,视频,推荐/对比/清单,直播运营,False,1,1,1,
https://www.douyin.com/video/7472994499157937471,https://www.douyin.com/video/7472994499157937471,douyin.com,抖店后台查询对标直播间数据方法及分析指南,抖音视频,创作者视频,字节跳动/头条系,True,True,7472994499157937471,视频,教程/操作指南,直播运营,True,1,1,1,
https://www.douyin.com/video/7502443130521881916,https://www.douyin.com/video/7502443130521881916,douyin.com,视频号同行后台数据查看工具,抖音视频,创作者视频,字节跳动/头条系,True,True,7502443130521881916,视频,推荐/对比/清单,短视频内容,False,1,1,1,
https://www.douyin.com/video/7507621640169377081,https://www.douyin.com/video/7507621640169377081,douyin.com,代运营公司三招识破数据造假,抖音视频,创作者视频,字节跳动/头条系,True,True,7507621640169377081,视频,说明/其他,数据工具/分析,False,1,1,1,
https://www.douyin.com/video/7509085046175714595,https://www.douyin.com/video/7509085046175714595,douyin.com,巨量千川智投星AI大促日报，精准洞察，智能提效投放策略！ #618暴涨挑战赛 #巨量千川,抖音视频,创作者视频,字节跳动/头条系,True,True,7509085046175714595,视频,方法论/策略,广告投放,True,1,1,1,
https://www.douyin.com/video/7527148207060389180,https://www.douyin.com/video/7527148207060389180,douyin.com,蝉妈妈与灰豚数据平台核心差异对比,抖音视频,创作者视频,字节跳动/头条系,True,True,7527148207060389180,视频,推荐/对比/清单,数据工具/分析,False,1,1,1,
https://www.douyin.com/video/7527703511275982106,https://www.douyin.com/video/7527703511275982106,douyin.com,抖音小店商机中心三步选品法助力爆款打造,抖音视频,创作者视频,字节跳动/头条系,True,True,7527703511275982106,视频,案例/复盘,店铺/商品/商城,False,1,1,1,
https://www.douyin.com/video/7532080597737458979,https://www.douyin.com/video/7532080597737458979,douyin.com,豆包助手_豆包选品_抖店必备神器 豆包助手_豆包选品_抖店必备神器_选品神器_至尊截流#抖店_#抖店店群_#豆包助手_#豆包选品_#抖店截流_video,抖音视频,创作者视频,字节跳动/头条系,True,True,7532080597737458979,视频,说明/其他,店铺/商品/商城,False,1,1,1,
https://www.douyin.com/video/7533217500051590459,https://www.douyin.com/video/7533217500051590459,douyin.com,直播运营工具助力单人高效团队，人类决策不可替代,抖音视频,创作者视频,字节跳动/头条系,True,True,7533217500051590459,视频,推荐/对比/清单,直播运营,False,1,1,1,
https://www.douyin.com/video/7533531289043914041,https://www.douyin.com/video/7533531289043914041,douyin.com,抖店商品曝光下滑的五大关键原因解析,抖音视频,创作者视频,字节跳动/头条系,True,True,7533531289043914041,视频,说明/其他,店铺/商品/商城,False,1,1,1,
https://www.douyin.com/video/7537351836350500153,https://www.douyin.com/video/7537351836350500153,douyin.com,提升自然流量需关注的三大核心数据指标,抖音视频,创作者视频,字节跳动/头条系,True,True,7537351836350500153,视频,方法论/策略,数据工具/分析,True,1,1,1,
https://www.douyin.com/video/7538265611857825084,https://www.douyin.com/video/7538265611857825084,douyin.com,如何用抖店电商罗盘查同行单品的流量来源与素材分析？ #抖店运营 #抖店干货 #电商罗盘 #新手开网店 #抖店运营技巧,抖音视频,创作者视频,字节跳动/头条系,True,True,7538265611857825084,视频,教程/操作指南,店铺/商品/商城,True,1,1,1,
https://www.douyin.com/video/7541431686279957819,https://www.douyin.com/video/7541431686279957819,douyin.com,直播运营核心数据复盘与优化策略解析,抖音视频,创作者视频,字节跳动/头条系,True,True,7541431686279957819,视频,案例/复盘,直播运营,False,1,1,1,
https://www.douyin.com/video/7542824524602019118,https://www.douyin.com/video/7542824524602019118,douyin.com,达人分销工具对比｜第5期。本期内容深度对比业绩统计功能与智能投放功能，想了解其他内容的同行，可以点击头像在主页查看,抖音视频,创作者视频,字节跳动/头条系,True,True,7542824524602019118,视频,推荐/对比/清单,广告投放,False,1,1,1,
https://www.douyin.com/video/7544319249449618746,https://www.douyin.com/video/7544319249449618746,douyin.com,灰豚数据助力带货选品与对标分析,抖音视频,创作者视频,字节跳动/头条系,True,True,7544319249449618746,视频,说明/其他,达人/带货,False,1,1,1,
https://www.douyin.com/video/7547296299449847080,https://www.douyin.com/video/7547296299449847080,douyin.com,直播测品数据指标解析与爆款高效筛选方法,抖音视频,创作者视频,字节跳动/头条系,True,True,7547296299449847080,视频,案例/复盘,直播运营,False,1,1,1,
https://www.douyin.com/video/7548007944147750196,https://www.douyin.com/video/7548007944147750196,douyin.com,蝉妈妈创意如何监控同行千川素材? 如何实时监控竞品千川素材?怎么查同行干川投放的隐藏素材？监控同行千川爆款素材的工具，如何实时监控某个品牌的千川素材?如何实时监控同行的抖音小店的千川素材?#蝉妈妈创意,抖音视频,创作者视频,字节跳动/头条系,True,True,7548007944147750196,视频,教程/操作指南,广告投放,True,1,1,1,
https://www.douyin.com/video/7548382685064973631,https://www.douyin.com/video/7548382685064973631,douyin.com,短视频运营五大核心数据指标解析与优化,抖音视频,创作者视频,字节跳动/头条系,True,True,7548382685064973631,视频,方法论/策略,短视频内容,True,1,1,1,
https://www.douyin.com/video/7549989043505876265,https://www.douyin.com/video/7549989043505876265,douyin.com,电商罗盘一日游：选品与对标素材使用指南,抖音视频,创作者视频,字节跳动/头条系,True,True,7549989043505876265,视频,教程/操作指南,店铺/商品/商城,True,1,1,1,
https://www.douyin.com/video/7551655014214651151,https://www.douyin.com/video/7551655014214651151,douyin.com,电商罗盘全类目开通方法及实现途径解析,抖音视频,创作者视频,字节跳动/头条系,True,True,7551655014214651151,视频,方法论/策略,综合运营/其他,True,1,1,1,
https://www.douyin.com/video/7553540054661090601,https://www.douyin.com/video/7553540054661090601,douyin.com,钉钉AI表格助力职场效率提升：周报与复盘自动化,抖音视频,创作者视频,字节跳动/头条系,True,True,7553540054661090601,视频,案例/复盘,综合运营/其他,False,1,1,1,
https://www.douyin.com/video/7555064524492786982,https://www.douyin.com/video/7555064524492786982,douyin.com,辉腾数据助力新手达人高效选品与爆款锁定,抖音视频,创作者视频,字节跳动/头条系,True,True,7555064524492786982,视频,案例/复盘,达人/带货,False,1,1,1,
https://www.douyin.com/video/7556254074267798844,https://www.douyin.com/video/7556254074267798844,douyin.com,抖音发文助手提供作品检测功能避免限流问题,抖音视频,创作者视频,字节跳动/头条系,True,True,7556254074267798844,视频,说明/其他,综合运营/其他,False,1,1,1,
https://www.douyin.com/video/7557398035426331923,https://www.douyin.com/video/7557398035426331923,douyin.com,视频号电商罗盘数据分析工具助力直播选品策略,抖音视频,创作者视频,字节跳动/头条系,True,True,7557398035426331923,视频,推荐/对比/清单,直播运营,False,1,1,1,
https://www.douyin.com/video/7557942952405896507,https://www.douyin.com/video/7557942952405896507,douyin.com,希望能帮助到你们#电商创业 #抖音推广,抖音视频,创作者视频,字节跳动/头条系,True,True,7557942952405896507,视频,说明/其他,综合运营/其他,False,1,1,1,
https://www.douyin.com/video/7559424139933551872,https://www.douyin.com/video/7559424139933551872,douyin.com,千川广告投放数据分析的关键指标与优化策略,抖音视频,创作者视频,字节跳动/头条系,True,True,7559424139933551872,视频,方法论/策略,广告投放,True,1,1,1,
https://www.douyin.com/video/7559437916871740731,https://www.douyin.com/video/7559437916871740731,douyin.com,主流抖音数据第三方平台功能对比及选择建议,抖音视频,创作者视频,字节跳动/头条系,True,True,7559437916871740731,视频,推荐/对比/清单,数据工具/分析,False,1,1,1,
https://www.douyin.com/video/7560621566460071228,https://www.douyin.com/video/7560621566460071228,douyin.com,磁力金牛助力快手小店电商投流步骤解析,抖音视频,创作者视频,字节跳动/头条系,True,True,7560621566460071228,视频,教程/操作指南,广告投放,True,1,1,1,
https://www.douyin.com/video/7563100342034189626,https://www.douyin.com/video/7563100342034189626,douyin.com,打破思维定式，挑战巨量竞品破局实战！/巨量引擎后台实操#抖音广告投放#巨量引擎后台 #巨量千川#信息流广告#本地推@抖音小助手,抖音视频,创作者视频,字节跳动/头条系,True,True,7563100342034189626,视频,案例/复盘,广告投放,False,1,1,1,
https://www.douyin.com/video/7563633858869942201,https://www.douyin.com/video/7563633858869942201,douyin.com,自然流与付费流的核心差异及适用策略解析,抖音视频,创作者视频,字节跳动/头条系,True,True,7563633858869942201,视频,方法论/策略,综合运营/其他,True,1,1,1,
https://www.douyin.com/video/7571052107940269322,https://www.douyin.com/video/7571052107940269322,douyin.com,视频号电商罗盘经营数据查看与分析指南,抖音视频,创作者视频,字节跳动/头条系,True,True,7571052107940269322,视频,教程/操作指南,短视频内容,True,1,1,1,
https://www.douyin.com/video/7571108663818235813,https://www.douyin.com/video/7571108663818235813,douyin.com,实操巨量引擎整合分析工具/实操巨量引擎后台#抖音广告投放#巨量千川#巨量引擎搜索广告 #本地推@抖音小助手,抖音视频,创作者视频,字节跳动/头条系,True,True,7571108663818235813,视频,推荐/对比/清单,广告投放,False,1,1,1,
https://www.douyin.com/video/7571398636174760697,https://www.douyin.com/video/7571398636174760697,douyin.com,抖店爆款运营工具与实操指南,抖音视频,创作者视频,字节跳动/头条系,True,True,7571398636174760697,视频,教程/操作指南,店铺/商品/商城,True,1,1,1,
https://www.douyin.com/video/7572459741848782073,https://www.douyin.com/video/7572459741848782073,douyin.com,找对方向再出发#干货 #知识分享 #电商,抖音视频,创作者视频,字节跳动/头条系,True,True,7572459741848782073,视频,说明/其他,综合运营/其他,False,1,1,1,
https://www.douyin.com/video/7572765811413140387,https://www.douyin.com/video/7572765811413140387,douyin.com,电商运营核心数据分析指标与优化策略,抖音视频,创作者视频,字节跳动/头条系,True,True,7572765811413140387,视频,方法论/策略,数据工具/分析,True,1,1,1,
https://www.douyin.com/video/7573938499977494777,https://www.douyin.com/video/7573938499977494777,douyin.com,抖店后台查找同行达人带货数据实操步骤,抖音视频,创作者视频,字节跳动/头条系,True,True,7573938499977494777,视频,教程/操作指南,达人/带货,True,1,1,1,
https://www.douyin.com/video/7574324002370712997,https://www.douyin.com/video/7574324002370712997,douyin.com,四步排查解决抖音作品不推流问题,抖音视频,创作者视频,字节跳动/头条系,True,True,7574324002370712997,视频,说明/其他,综合运营/其他,False,1,1,1,
https://www.douyin.com/video/7574414362426062962,https://www.douyin.com/video/7574414362426062962,douyin.com,抖音双十一直播复盘：核心数据与策略解析,抖音视频,创作者视频,字节跳动/头条系,True,True,7574414362426062962,视频,案例/复盘,直播运营,False,1,1,1,
https://www.douyin.com/video/7574657683690736805,https://www.douyin.com/video/7574657683690736805,douyin.com,抖店后台类目数据分析方法及实操步骤,抖音视频,创作者视频,字节跳动/头条系,True,True,7574657683690736805,视频,教程/操作指南,店铺/商品/商城,True,1,1,1,
https://www.douyin.com/video/7574681898611152293,https://www.douyin.com/video/7574681898611152293,douyin.com,蝉妈妈工具助力获取同行直播间数据及付费流量分析,抖音视频,创作者视频,字节跳动/头条系,True,True,7574681898611152293,视频,推荐/对比/清单,直播运营,False,1,1,1,
https://www.douyin.com/video/7574692448123882752,https://www.douyin.com/video/7574692448123882752,douyin.com,"【直播投流】一定关注4个核心数据❗❗❗。1️⃣完播率 2️⃣互动率 3️⃣复播率 4️⃣关注率
更多关于投流相关问题，欢迎随时咨询~#投流 #直播投流 #投流技巧 #百度直播 #干货分享",抖音视频,创作者视频,字节跳动/头条系,True,True,7574692448123882752,视频,说明/其他,直播运营,False,1,1,1,
https://www.douyin.com/video/7575117085857058094,https://www.douyin.com/video/7575117085857058094,douyin.com,你知道新手怎么看数据吗 这些app你有吗，把你的经验也分享在评论区吧！#干货都在这#新手必备#短视频#抖音 #直播,抖音视频,创作者视频,字节跳动/头条系,True,True,7575117085857058094,视频,教程/操作指南,直播运营,True,1,1,1,
https://www.douyin.com/video/7576596017873961097,https://www.douyin.com/video/7576596017873961097,douyin.com,直播间人群精准度判断方法与数据指标解析,抖音视频,创作者视频,字节跳动/头条系,True,True,7576596017873961097,视频,方法论/策略,直播运营,True,1,1,1,
https://www.douyin.com/video/7577242771976663706,https://www.douyin.com/video/7577242771976663706,douyin.com,抖店同行店铺跟卖功能助力实时竞品数据监控,抖音视频,创作者视频,字节跳动/头条系,True,True,7577242771976663706,视频,说明/其他,店铺/商品/商城,False,1,1,1,
https://www.douyin.com/video/7578094737590259392,https://www.douyin.com/video/7578094737590259392,douyin.com,五维四率深度解析直播间运营问题与解决策略,抖音视频,创作者视频,字节跳动/头条系,True,True,7578094737590259392,视频,方法论/策略,直播运营,True,1,1,1,
https://www.douyin.com/video/7579546410094284047,https://www.douyin.com/video/7579546410094284047,douyin.com,抖音营销工具推荐与高效运营指南,抖音视频,创作者视频,字节跳动/头条系,True,True,7579546410094284047,视频,教程/操作指南,数据工具/分析,True,1,1,1,
https://www.douyin.com/video/7579960846046989622,https://www.douyin.com/video/7579960846046989622,douyin.com,抖音选品广场七步法助力新人快速挑选爆款商品,抖音视频,创作者视频,字节跳动/头条系,True,True,7579960846046989622,视频,案例/复盘,店铺/商品/商城,False,1,1,1,
https://www.douyin.com/video/7582444853381057832,https://www.douyin.com/video/7582444853381057832,douyin.com,千川投手常用第三方工具软件平台推荐,抖音视频,创作者视频,字节跳动/头条系,True,True,7582444853381057832,视频,推荐/对比/清单,广告投放,False,1,1,1,
https://www.douyin.com/video/7582451639753641251,https://www.douyin.com/video/7582451639753641251,douyin.com,带货达人如何查看卖出商品及视频来源,抖音视频,创作者视频,字节跳动/头条系,True,True,7582451639753641251,视频,教程/操作指南,达人/带货,True,1,1,1,
https://www.douyin.com/video/7582558702713031986,https://www.douyin.com/video/7582558702713031986,douyin.com,电商公司万用周报模版 #AI抖音app#职场,抖音视频,创作者视频,字节跳动/头条系,True,True,7582558702713031986,视频,说明/其他,综合运营/其他,False,1,1,1,
https://www.douyin.com/video/7583183678214360355,https://www.douyin.com/video/7583183678214360355,douyin.com,直播复盘核心数据维度解析与优化策略,抖音视频,创作者视频,字节跳动/头条系,True,True,7583183678214360355,视频,案例/复盘,直播运营,False,1,1,1,
https://www.douyin.com/video/7583628246022573361,https://www.douyin.com/video/7583628246022573361,douyin.com,#抖店供应链#抖店一件代发,抖音视频,创作者视频,字节跳动/头条系,True,True,7583628246022573361,视频,说明/其他,店铺/商品/商城,False,1,1,1,
https://www.douyin.com/video/7583726466438597907,https://www.douyin.com/video/7583726466438597907,douyin.com,灰豚数据与蝉妈妈功能对比及适用场景解析,抖音视频,创作者视频,字节跳动/头条系,True,True,7583726466438597907,视频,推荐/对比/清单,数据工具/分析,False,1,1,1,
https://www.douyin.com/video/7585395569587375400,https://www.douyin.com/video/7585395569587375400,douyin.com,高光切片一键剪出塑品、互动片段，支持循环话术独立剪辑。分钟级数据实时追踪GMV、UV、成交数波动，驱动策略调整。专属AI提示词自定义业务场景提示词，让复盘分析更精准。全量弹幕一键导出导出全场弹幕内容，,抖音视频,创作者视频,字节跳动/头条系,True,True,7585395569587375400,视频,案例/复盘,数据工具/分析,False,1,1,1,
https://www.douyin.com/video/7585852792277028137,https://www.douyin.com/video/7585852792277028137,douyin.com,蝴蝶号查看同行直播数据方法及实战指南,抖音视频,创作者视频,字节跳动/头条系,True,True,7585852792277028137,视频,教程/操作指南,直播运营,True,1,1,1,
https://www.douyin.com/video/7585864927961713961,https://www.douyin.com/video/7585864927961713961,douyin.com,账号权重下降原因分析与挽救措施,抖音视频,创作者视频,字节跳动/头条系,True,True,7585864927961713961,视频,说明/其他,数据工具/分析,False,1,1,1,
https://www.douyin.com/video/7585875759580351779,https://www.douyin.com/video/7585875759580351779,douyin.com,学生党三步排查解决抖音浏览量异常问题,抖音视频,创作者视频,字节跳动/头条系,True,True,7585875759580351779,视频,说明/其他,综合运营/其他,False,1,1,1,
https://www.douyin.com/video/7586289057736822067,https://www.douyin.com/video/7586289057736822067,douyin.com,电商转化率下滑原因分析与系统化排查策略,抖音视频,创作者视频,字节跳动/头条系,True,True,7586289057736822067,视频,方法论/策略,数据工具/分析,True,1,1,1,
https://www.douyin.com/video/7586364816978398514,https://www.douyin.com/video/7586364816978398514,douyin.com,抖店合规使用平台资源避坑指南,抖音视频,创作者视频,字节跳动/头条系,True,True,7586364816978398514,视频,教程/操作指南,店铺/商品/商城,True,1,1,1,
https://www.douyin.com/video/7586591898572967227,https://www.douyin.com/video/7586591898572967227,douyin.com,千川全域投流核心计算公式解析,抖音视频,创作者视频,字节跳动/头条系,True,True,7586591898572967227,视频,说明/其他,广告投放,False,1,1,1,
https://www.douyin.com/video/7586986736413068590,https://www.douyin.com/video/7586986736413068590,douyin.com,数据漏斗分析三步诊断店铺流量流失原因,抖音视频,创作者视频,字节跳动/头条系,True,True,7586986736413068590,视频,方法论/策略,店铺/商品/商城,True,1,1,1,
https://www.douyin.com/video/7587724304524135723,https://www.douyin.com/video/7587724304524135723,douyin.com,爆款潜质判断的核心数据标准与匹配条件,抖音视频,创作者视频,字节跳动/头条系,True,True,7587724304524135723,视频,案例/复盘,数据工具/分析,False,1,1,1,
https://www.douyin.com/video/7589213404662948081,https://www.douyin.com/video/7589213404662948081,douyin.com,老号权重恢复与内容优化策略,抖音视频,创作者视频,字节跳动/头条系,True,True,7589213404662948081,视频,方法论/策略,综合运营/其他,True,1,1,1,
https://www.douyin.com/video/7590284768575573300,https://www.douyin.com/video/7590284768575573300,douyin.com,史上最快复盘！直播复盘再也不用手动敲数字了！大屏截图、后台数据、手写单据，扔给飞书 AI 全搞定！自动填表生成图表，实时复盘快人一步，直播人狂喜！#飞书  #飞书多维表格  #得到  #罗振宇时间的朋友  #跨年演讲,抖音视频,创作者视频,字节跳动/头条系,True,True,7590284768575573300,视频,案例/复盘,直播运营,False,1,1,1,
https://www.douyin.com/video/7591133750184906011,https://www.douyin.com/video/7591133750184906011,douyin.com,抖店搜索流量下滑原因与排查维度解析,抖音视频,创作者视频,字节跳动/头条系,True,True,7591133750184906011,视频,说明/其他,店铺/商品/商城,False,1,1,1,
https://www.douyin.com/video/7591810252292510858,https://www.douyin.com/video/7591810252292510858,douyin.com,#千川投放 #千川 #抖店,抖音视频,创作者视频,字节跳动/头条系,True,True,7591810252292510858,视频,说明/其他,广告投放,False,1,1,1,
https://www.douyin.com/video/7592610322084759909,https://www.douyin.com/video/7592610322084759909,douyin.com,检测抖音账号违规及处理方法详解,抖音视频,创作者视频,字节跳动/头条系,True,True,7592610322084759909,视频,方法论/策略,综合运营/其他,True,1,1,1,
https://www.douyin.com/video/7594448317006761254,https://www.douyin.com/video/7594448317006761254,douyin.com,直播数据罗盘核心指标解析与优化策略,抖音视频,创作者视频,字节跳动/头条系,True,True,7594448317006761254,视频,方法论/策略,直播运营,True,1,1,1,
https://www.douyin.com/video/7595885606501350777,https://www.douyin.com/video/7595885606501350777,douyin.com,飞书多维表格零代码快速搭建高效任务管理系统,抖音视频,创作者视频,字节跳动/头条系,True,True,7595885606501350777,视频,说明/其他,综合运营/其他,False,1,1,1,
https://www.douyin.com/video/7596231168598706035,https://www.douyin.com/video/7596231168598706035,douyin.com,短视频数据真伪辨别方法：点赞评论与量子检测分析,抖音视频,创作者视频,字节跳动/头条系,True,True,7596231168598706035,视频,方法论/策略,短视频内容,True,1,1,1,
https://www.douyin.com/video/7598027303242698047,https://www.douyin.com/video/7598027303242698047,douyin.com,2026年素材到底怎么拍。一条视频给你讲清楚。 为啥别人的素材既能跑量又能稳投产，而你的素材不仅起不来量，投产还一直打不正。 今天这条纯干货视频，手把手教你拍爆款素材，小白也能直接上手！赶紧点赞关注收藏，避免刷走就找不到了！ 其实拍带货素材的核心第一步，就是先找准同行的核心卖点！这一步很关键，要是连用户的核心痛点都摸不透，拍再多素材也是白费！ 教你一个万能方法，直接用巨量云图找对标。 打开巨量云图,抖音视频,创作者视频,字节跳动/头条系,True,True,7598027303242698047,视频,教程/操作指南,达人/带货,True,1,1,1,
https://www.douyin.com/video/7599885335434468581,https://www.douyin.com/video/7599885335434468581,douyin.com,看快手数据分析的有哪几个平台呢？快手数据分析，快手数据我们该用哪个平台数据查看呢？新快数据，飞瓜数据快手版多少钱一个月，壁虎看看会员，新快数据会员，#快手数据#快手#新快数据#飞瓜数据#壁虎看看,抖音视频,创作者视频,字节跳动/头条系,True,True,7599885335434468581,视频,推荐/对比/清单,数据工具/分析,False,1,1,1,
https://www.douyin.com/video/7599938568357678386,https://www.douyin.com/video/7599938568357678386,douyin.com,赞粉比：识别账号虚假数据的关键指标,抖音视频,创作者视频,字节跳动/头条系,True,True,7599938568357678386,视频,方法论/策略,数据工具/分析,True,1,1,1,
https://www.douyin.com/video/7600327928295814521,https://www.douyin.com/video/7600327928295814521,douyin.com,餐饮商家鉴别达人真伪的关键数据指标解析,抖音视频,创作者视频,字节跳动/头条系,True,True,7600327928295814521,视频,方法论/策略,达人/带货,True,1,1,1,
https://www.douyin.com/video/7600372008848837951,https://www.douyin.com/video/7600372008848837951,douyin.com,短视频数据分析：后台数据诊断与优化策略,抖音视频,创作者视频,字节跳动/头条系,True,True,7600372008848837951,视频,方法论/策略,短视频内容,True,1,1,1,
https://www.douyin.com/video/7600587335083806002,https://www.douyin.com/video/7600587335083806002,douyin.com,"跨境电商必看！这款数据平台覆盖欧美/东南亚，出海决策有依据

做跨境电商不知道选什么赛道？魔镜洞察海外版太香了！Amazon、Shopee、TikTok等海外平台数据全整合，高增长品类、蓝海概念一键筛",抖音视频,创作者视频,字节跳动/头条系,True,True,7600587335083806002,视频,推荐/对比/清单,数据工具/分析,False,1,1,1,
https://www.douyin.com/video/7602572266787195301,https://www.douyin.com/video/7602572266787195301,douyin.com,播得好好的，突然掉量了，怎么快速找到原因重新拉起#直播运营 #干货分享,抖音视频,创作者视频,字节跳动/头条系,True,True,7602572266787195301,视频,教程/操作指南,直播运营,True,1,1,1,
https://www.douyin.com/video/7602974968179166474,https://www.douyin.com/video/7602974968179166474,douyin.com,"8分钟一口气讲清楚 如何学会账号诊断（喂饭版教程） 含抖音、小红书、视频号三个平台的创作者查询入口 及数据分析…
#自媒体 #短视频运营 #经验分享 #求职 #抖音精选",抖音视频,创作者视频,字节跳动/头条系,True,True,7602974968179166474,视频,教程/操作指南,短视频内容,True,1,1,1,
https://www.douyin.com/video/7603188195257257225,https://www.douyin.com/video/7603188195257257225,douyin.com,直播创业者要会用的三大运营工具 #干货分享 #直播运营,抖音视频,创作者视频,字节跳动/头条系,True,True,7603188195257257225,视频,推荐/对比/清单,直播运营,False,1,1,1,
https://www.douyin.com/video/7603688589839476593,https://www.douyin.com/video/7603688589839476593,douyin.com,#每日分享 #干货分享 #强烈推荐 #新手小白 #热点,抖音视频,创作者视频,字节跳动/头条系,True,True,7603688589839476593,视频,推荐/对比/清单,综合运营/其他,False,1,1,1,
https://www.douyin.com/video/7604016914469892518,https://www.douyin.com/video/7604016914469892518,douyin.com,抖音运营必备的工具。看图收藏！#抖音运营工具推荐 #知识分享,抖音视频,创作者视频,字节跳动/头条系,True,True,7604016914469892518,视频,推荐/对比/清单,数据工具/分析,False,1,1,1,
https://www.douyin.com/video/7605512534074696177,https://www.douyin.com/video/7605512534074696177,douyin.com,怎么用考古家看自己的同行的数据#短视频 #自媒体,抖音视频,创作者视频,字节跳动/头条系,True,True,7605512534074696177,视频,教程/操作指南,短视频内容,True,1,1,1,
https://www.douyin.com/video/7609658811213932367,https://www.douyin.com/video/7609658811213932367,douyin.com,千川广告复盘「看数据-找问题」上篇。千川广告复盘体系，从看什么数据→有什么问题，全链路、可直接落地，短视频/直播间带货都适用！  🎯复盘核心原则 倒着复盘：成交结果 → 转化效率 → 点击吸引力 → 流量质量 → 素材/人群/计划； ⭐先定盈亏，再找卡点，最后定优化动作  📚六大维度： 1️⃣流量层：有没有量？量贵不贵？准不准？ 2️⃣点击层：流量能不能抓得住？ 3️⃣转化层：进来的人会不会买？,抖音视频,创作者视频,字节跳动/头条系,True,True,7609658811213932367,视频,案例/复盘,直播运营,False,1,1,1,
https://www.douyin.com/video/7610078830883284658,https://www.douyin.com/video/7610078830883284658,douyin.com,"#找人工客服
#账号问题求助
#抖音客服
#视频问题求助
#作品审核问题",抖音视频,创作者视频,字节跳动/头条系,True,True,7610078830883284658,视频,说明/其他,短视频内容,False,1,1,1,
https://www.douyin.com/video/7611103301896535461,https://www.douyin.com/video/7611103301896535461,douyin.com,我评论了@亚瑟的女王 的作品： 兄弟姐妹们大家好，如果有和我一样感觉最近播放量突然减少，可以检查一下自己的帐号是否正常，点开主页右上角三条横线，点开创作者中心，就可以查看帐号是否正常了，出现帐号异常的,抖音视频,创作者视频,字节跳动/头条系,True,True,7611103301896535461,视频,说明/其他,综合运营/其他,False,1,1,1,
https://www.douyin.com/video/7612628584313752874,https://www.douyin.com/video/7612628584313752874,douyin.com,直播间流量不精准，核心的解决办法来了 #新人直播 #直播带货 #运营干货 #方法分享,抖音视频,创作者视频,字节跳动/头条系,True,True,7612628584313752874,视频,方法论/策略,直播运营,True,1,1,1,
https://www.douyin.com/video/7612943094194998555,https://www.douyin.com/video/7612943094194998555,douyin.com,99%新人都不知道抖音的涨粉神器~ #新手做自媒体 #官方工具涨粉 #自媒体小白必看 #巨量算数  #抖音指数,抖音视频,创作者视频,字节跳动/头条系,True,True,7612943094194998555,视频,推荐/对比/清单,数据工具/分析,False,1,1,1,
https://www.douyin.com/video/7613054421715830118,https://www.douyin.com/video/7613054421715830118,douyin.com,互联网宝妈速查！抖音我的反馈入口。作为互联网行业的职场宝妈，日常靠抖音做内容、看育儿干货，还得处理账号流量、订单售后的小问题。之前提交了反馈，却不知道去哪查进度，每次都要重新提交，既耽误工作又影响带娃,抖音视频,创作者视频,字节跳动/头条系,True,True,7613054421715830118,视频,行业资讯/报告,综合运营/其他,False,1,1,1,
https://www.douyin.com/video/7613980397428555855,https://www.douyin.com/video/7613980397428555855,douyin.com,店铺有流量但没有转化，这是为什么呢？店铺流量大但转化率低，需从流量质量、信任构建、商品呈现和转化引导四个维度排查。优化流量精准性，增强信任感，提升商品说服力，并通过明确行动指引和限时优惠刺激用户下单，,抖音视频,创作者视频,字节跳动/头条系,True,True,7613980397428555855,视频,说明/其他,店铺/商品/商城,False,1,1,1,
https://www.douyin.com/video/7614130728104646025,https://www.douyin.com/video/7614130728104646025,douyin.com,辛苦做的作品没流量原来是这样啊……#玩抖音需要了解的知识 #玩斗音我是认真的,抖音视频,创作者视频,字节跳动/头条系,True,True,7614130728104646025,视频,说明/其他,综合运营/其他,False,1,1,1,
https://www.douyin.com/video/7615074565747772735,https://www.douyin.com/video/7615074565747772735,douyin.com,飞书多维表格一键零成本搭建Tim同款抖音数据看板 #飞书多维表格  #自媒体工具  #提效  #数据看板,抖音视频,创作者视频,字节跳动/头条系,True,True,7615074565747772735,视频,推荐/对比/清单,数据工具/分析,False,1,1,1,
https://www.douyin.com/video/7615255738797603179,https://www.douyin.com/video/7615255738797603179,douyin.com,账号正常还是异常状态，一查就知道了#抖音安全中心 #发布流量密码 @抖加🔥上热门🔥dou+🔥热点宝,抖音视频,创作者视频,字节跳动/头条系,True,True,7615255738797603179,视频,行业资讯/报告,综合运营/其他,False,1,1,1,
https://www.douyin.com/video/7615828799397104934,https://www.douyin.com/video/7615828799397104934,douyin.com,千川投放数据解析 。学会链路拆解，投放不迷路#千川 #千川投放 #千川全域 #千川代投 #直播带货,抖音视频,创作者视频,字节跳动/头条系,True,True,7615828799397104934,视频,说明/其他,直播运营,False,1,1,1,
https://www.douyin.com/video/7615924031228884137,https://www.douyin.com/video/7615924031228884137,douyin.com,如何使用抖店罗盘识别店铺潜在爆款？新手商家在开通抖音店铺后，一定要学会使用罗盘！他可以帮助我们快速识别优化店铺内的问题产品，检测爆款！从而提高销售额！#抖店罗盘 #电商干货 #抖音小店 #抖店运营,抖音视频,创作者视频,字节跳动/头条系,True,True,7615924031228884137,视频,教程/操作指南,店铺/商品/商城,True,1,1,1,
https://www.douyin.com/video/7616773243797773220,https://www.douyin.com/video/7616773243797773220,douyin.com,自己的带货数据怎么能让别人查询不到#电商 #干货分享#直播带货,抖音视频,创作者视频,字节跳动/头条系,True,True,7616773243797773220,视频,教程/操作指南,直播运营,True,1,1,1,
https://www.douyin.com/video/7617333231452491051,https://www.douyin.com/video/7617333231452491051,douyin.com,飞书多维表格数据汇报，老板夸爆 #飞书多维表格  #自媒体工具  #数据表格,抖音视频,创作者视频,字节跳动/头条系,True,True,7617333231452491051,视频,推荐/对比/清单,数据工具/分析,False,1,1,1,
https://www.douyin.com/video/7617726312228064546,https://www.douyin.com/video/7617726312228064546,douyin.com,"短视频对标账号拆解。做短视频经常遇到瓶颈？不知道怎么分析对标账号？选题灵感枯竭？
分享我自用的两个超实用表格，帮你系统化运营，效率翻倍！👇
📊【对标账号拆解表】
📝 【选题规划表】
这两个表格我一直在",抖音视频,创作者视频,字节跳动/头条系,True,True,7617726312228064546,视频,教程/操作指南,短视频内容,True,1,1,1,
https://www.douyin.com/video/7617884949667908904,https://www.douyin.com/video/7617884949667908904,douyin.com,学会看 五维四率精准定位你直播间所有问题。#五维四率#直播带货 #直播运营 #直播陪跑 #直播复盘,抖音视频,创作者视频,字节跳动/头条系,True,True,7617884949667908904,视频,案例/复盘,直播运营,False,1,1,1,
https://www.douyin.com/video/7618113976940940590,https://www.douyin.com/video/7618113976940940590,douyin.com,"3月17日(1) 系统推的都是你爱看的，
今天教你一招，直接看全抖音顶流好玩爆款，
官方验证，个个精品，刷到停不下来！
#抖音实用知识  #抖音爆款榜 #刷抖音小技巧#抖音隐藏功能 #抖音玩法教学",抖音视频,创作者视频,字节跳动/头条系,True,True,7618113976940940590,视频,案例/复盘,综合运营/其他,False,1,1,1,
https://www.douyin.com/video/7618257172581122169,https://www.douyin.com/video/7618257172581122169,douyin.com,所有做短视频频带货和直播的姐妹，有了这个小工具，真的事半功倍 #灰豚数据#选品工具#短视频带货工具,抖音视频,创作者视频,字节跳动/头条系,True,True,7618257172581122169,视频,推荐/对比/清单,直播运营,False,1,1,1,
https://www.douyin.com/video/7618502437460966790,https://www.douyin.com/video/7618502437460966790,douyin.com,炎品狮-抖音爆款商品采集-单品透视-商机提报-精准蓝海,抖音视频,创作者视频,字节跳动/头条系,True,True,7618502437460966790,视频,案例/复盘,店铺/商品/商城,False,1,1,1,
https://www.douyin.com/video/7618647577878577738,https://www.douyin.com/video/7618647577878577738,douyin.com,合作的达人数据怎么查询#电商#干货分享#直播带货,抖音视频,创作者视频,字节跳动/头条系,True,True,7618647577878577738,视频,教程/操作指南,直播运营,True,1,1,1,
https://www.douyin.com/video/7618844680130557659,https://www.douyin.com/video/7618844680130557659,douyin.com,2026跨境电商TK卖家必备的10个工具。🤖在TikTok电商的快节奏赛道中，许多卖家面临着内容灵感枯竭、流量波动难测、用户互动低效、订单管理混乱的困境。  手动操作不仅效率低下，更容易错过转瞬即逝的,抖音视频,创作者视频,字节跳动/头条系,True,True,7618844680130557659,视频,教程/操作指南,数据工具/分析,True,1,1,1,
https://www.douyin.com/video/7619037017075615141,https://www.douyin.com/video/7619037017075615141,douyin.com,💡账号流量下滑？三步自查法！账号流量突然下滑，监测却显示正常，难道账号真的废了吗？别急，三步教你排查问题。  首先，点击抖音APP的“我”页面，右上角的三条杠，选择“我的客服”，再点击“安全中心”里的,抖音视频,创作者视频,字节跳动/头条系,True,True,7619037017075615141,视频,说明/其他,综合运营/其他,False,1,1,1,
https://www.douyin.com/video/7619710858218639865,https://www.douyin.com/video/7619710858218639865,douyin.com,运营福音！飞书多维表格自动同步抖音创作者中心数据😝 #飞书多维表格 #抖音运营 #数据分析 #效率神器 #有用的知识又增加了,抖音视频,创作者视频,字节跳动/头条系,True,True,7619710858218639865,视频,说明/其他,数据工具/分析,False,1,1,1,
https://www.douyin.com/video/7620311531393140841,https://www.douyin.com/video/7620311531393140841,douyin.com,如何查看直播数据📊。回复 @顾念~(涨500粉版)的评论 #莹莹的直播日记 #新人直播 #直播数据,抖音视频,创作者视频,字节跳动/头条系,True,True,7620311531393140841,视频,教程/操作指南,直播运营,True,1,1,1,
https://www.douyin.com/video/7620326893274844422,https://www.douyin.com/video/7620326893274844422,douyin.com,TikTok常用工具有哪些？。#跨境电商 #tiktok,抖音视频,创作者视频,字节跳动/头条系,True,True,7620326893274844422,视频,推荐/对比/清单,数据工具/分析,False,1,1,1,
https://www.douyin.com/video/7620594671421378682,https://www.douyin.com/video/7620594671421378682,douyin.com,0播放/低播放别慌！官方工具1分钟自查，快速找到问题根源  #抖音运营干货 #抖音官方规则 #新手做抖音 #抖音避坑 #抖音起号,抖音视频,创作者视频,字节跳动/头条系,True,True,7620594671421378682,视频,推荐/对比/清单,数据工具/分析,False,1,1,1,
https://www.douyin.com/video/7620720563119475968,https://www.douyin.com/video/7620720563119475968,douyin.com,商品卡数据分析｜找准流量漏洞，提升成交效率#抖店运营 #抖音电商课程中心 #抖店 #商品卡 #电商,抖音视频,创作者视频,字节跳动/头条系,True,True,7620720563119475968,视频,说明/其他,店铺/商品/商城,False,1,1,1,
https://www.douyin.com/video/7621026589786066176,https://www.douyin.com/video/7621026589786066176,douyin.com,"年后直播间掉量？5大维度排查。消耗跑不动、投产难打正？90%商家不知道问题出在哪
节后流量下滑，不是你不会投，是底层逻辑变了。从5个维度对号入座。#千川 #千川投放 #千川全域 #千川代投 #直播带货",抖音视频,创作者视频,字节跳动/头条系,True,True,7621026589786066176,视频,方法论/策略,直播运营,True,1,1,1,
https://www.douyin.com/video/7621042402283422912,https://www.douyin.com/video/7621042402283422912,douyin.com,查抖音数据的平台都有哪些？有哪几个，哪个好用，哪个平台性价比高？#蝉妈妈#考古加#灰豚数据#飞瓜数据#抖查查数据,抖音视频,创作者视频,字节跳动/头条系,True,True,7621042402283422912,视频,推荐/对比/清单,数据工具/分析,False,1,1,1,
https://www.douyin.com/video/7621049771553588069,https://www.douyin.com/video/7621049771553588069,douyin.com,新手必看：抖店合规提效工具清单。#电商 #抖店运营#新手开网店 #电商干货 #抖店教程,抖音视频,创作者视频,字节跳动/头条系,True,True,7621049771553588069,视频,教程/操作指南,店铺/商品/商城,True,1,1,1,
https://www.douyin.com/video/7623336715373038894,https://www.douyin.com/video/7623336715373038894,douyin.com,"抖音小店商家如何统计卖出商品明细尺码件数码数明细一键生成表格 抖音小店商家如何统计卖出商品明细尺码件数码数明细一键生成表格,抖店商家统计待发货数量 待发货规格数量 待发货件数的统计软件。#旺牛打单 #",抖音视频,创作者视频,字节跳动/头条系,True,True,7623336715373038894,视频,教程/操作指南,店铺/商品/商城,True,1,1,1,
https://www.douyin.com/video/7624129257517616438,https://www.douyin.com/video/7624129257517616438,douyin.com,"新手做短视频看不懂数据？用 AI 运营工具一键诊断！ 发了上百条视频，播放量还是卡在几百？
新手做短视频最大的痛点，就是看不懂后台数据，瞎摸索没效果。
用司天鉴 AI 创作助手，一键完成账号数据诊断，",抖音视频,创作者视频,字节跳动/头条系,True,True,7624129257517616438,视频,推荐/对比/清单,短视频内容,False,1,1,1,
https://www.douyin.com/video/7624182976619826483,https://www.douyin.com/video/7624182976619826483,douyin.com,关键词搜索数据怎么查询？关键词搜索数据，就是查用户到底在搜什么、搜了多少次、竞争大不大。,抖音视频,创作者视频,字节跳动/头条系,True,True,7624182976619826483,视频,教程/操作指南,数据工具/分析,True,1,1,1,
https://www.douyin.com/video/7624667953632037563,https://www.douyin.com/video/7624667953632037563,douyin.com,你的流量是不是突然断崖式下滑？ 别再怪平台限流，真正原因就三个：   第一，内容质量波动，前后作品水平差距太大，算法直接判定你不稳定，不给推流； 第二，隐性违规、擦边、用词敏感，自己没察觉，却被系统悄悄降权； 第三，受众审美疲劳，老拍同一套内容，用户看腻了，完播率直接崩盘。   抖音精选逻辑从来都是：内容稳、不踩雷、有新意，流量才会稳。 找准问题及时调整，很快就能拉回流量池。#抖音运营干货 #抖音,抖音视频,创作者视频,字节跳动/头条系,True,True,7624667953632037563,视频,推荐/对比/清单,数据工具/分析,False,1,1,1,
https://www.douyin.com/video/7625104076883152147,https://www.douyin.com/video/7625104076883152147,douyin.com,全域诊断四维法。消耗跑不动，进人不买，投产低？别再盯着红绿数字发愁，那是结果，不是原因。四维诊断，人货场哪拉胯，藏不住。#千川 #千川投放 #千川全域 #千川代投 #直播带货,抖音视频,创作者视频,字节跳动/头条系,True,True,7625104076883152147,视频,方法论/策略,直播运营,True,1,1,1,
https://www.douyin.com/video/7628517746116813051,https://www.douyin.com/video/7628517746116813051,douyin.com,店铺货盘这么搭稳赚不赔。抄作业式做电商！盯紧竞对热销榜，跟着爆品卖不愁单 #电商运营 #抖音小店 #电商创业 #抖店运营 #电商选品,抖音视频,创作者视频,字节跳动/头条系,True,True,7628517746116813051,视频,说明/其他,店铺/商品/商城,False,1,1,1,
https://www.douyin.com/video/7629306526793158075,https://www.douyin.com/video/7629306526793158075,douyin.com,快手数据分析，快手数据查询，快手商品查找，快手类目查找 快手数据分析，快手数据查询，快手商品查找，快手类目查找，飞瓜数据快手，新快数据，灰豚数据快手版#快手#快手数据#快手商品#类目#上热门🔥,抖音视频,创作者视频,字节跳动/头条系,True,True,7629306526793158075,视频,说明/其他,店铺/商品/商城,False,1,1,1,
https://www.douyin.com/video/7629505399989632698,https://www.douyin.com/video/7629505399989632698,douyin.com,直播切片还在用PR一点一点剪？😫 我用了这个AI切片工具之后，1条视频从2小时→3分钟 最狠的不是快，是选片质量👇 以前凭感觉找亮点，经常漏掉最爆的那句 现在AI扫完全场字幕，自动挑出： 1秒爆点开头,抖音视频,创作者视频,字节跳动/头条系,True,True,7629505399989632698,视频,推荐/对比/清单,直播运营,False,1,1,1,
https://www.douyin.com/video/7629658116493287074,https://www.douyin.com/video/7629658116493287074,douyin.com,一万多的自媒体数据采集方法，飞书免费拆给你。一键抓取对标博主全部数据，点赞、收藏、转发自动汇总。不用写代码，有手就能用。 #女性创业 #自媒体工具 #数据采集 #Ai #真实生活分享计划,抖音视频,创作者视频,字节跳动/头条系,True,True,7629658116493287074,视频,推荐/对比/清单,数据工具/分析,False,1,1,1,
https://www.douyin.com/video/7630462257416131045,https://www.douyin.com/video/7630462257416131045,douyin.com,餐饮人抖音后台就看这3个数据就够了。#餐饮运营 #营销思维 #抖音本地生活 #干货分享 #鲸人运营,抖音视频,创作者视频,字节跳动/头条系,True,True,7630462257416131045,视频,说明/其他,数据工具/分析,False,1,1,1,
https://www.douyin.com/video/7631222638942055232,https://www.douyin.com/video/7631222638942055232,douyin.com,抖店结算账单收入跟涉税信息报送数据对不上。抖店结算账单收入跟涉税信息报送数据对不上，什么原因呀  #会计 #财务 #电商 #会计实操 #抖店,抖音视频,创作者视频,字节跳动/头条系,True,True,7631222638942055232,视频,说明/其他,店铺/商品/商城,False,1,1,1,
https://www.douyin.com/video/7631426884127292643,https://www.douyin.com/video/7631426884127292643,douyin.com,抖音带货必用！考古加数据分析 抖音带货必用！考古加数据分析，做抖音带货别瞎忙，一个工具帮你搞定选品&达人#考古加#数据分析#抖音带货#直播带货#视频带货,抖音视频,创作者视频,字节跳动/头条系,True,True,7631426884127292643,视频,推荐/对比/清单,直播运营,False,1,1,1,
https://www.douyin.com/video/7631972228384809137,https://www.douyin.com/video/7631972228384809137,douyin.com,店铺流量断崖式下滑，通过以下三种方法重新拉升！ #抖店 #抖店运营 #流量断崖式下跌 #店铺流量提升 #抖店大亨,抖音视频,创作者视频,字节跳动/头条系,True,True,7631972228384809137,视频,方法论/策略,店铺/商品/商城,True,1,1,1,
https://www.douyin.com/video/7633328986139958464,https://www.douyin.com/video/7633328986139958464,douyin.com,选品定生死！三个公式教你一眼看穿蓝海#阿炜创业日记 #电商干货 #电商运营 #电商 #电商创业,抖音视频,创作者视频,字节跳动/头条系,True,True,7633328986139958464,视频,说明/其他,店铺/商品/商城,False,1,1,1,
https://www.douyin.com/video/7633717343164841445,https://www.douyin.com/video/7633717343164841445,douyin.com,1抖店老板的福音！飞书直连抖店后台，数据一键提取，报表自动生成，再也不用手动导出整理了🔥 2. 告别抖店数据导出、复制粘贴！飞书×抖店，数据自动同步多维表，经营数据实时掌控，效率翻倍💪 3. 电商运营必看！飞书对接抖店，多店铺数据一键聚合，可视化报表自动生成，复盘分析超轻松📊,抖音视频,创作者视频,字节跳动/头条系,True,True,7633717343164841445,视频,案例/复盘,店铺/商品/商城,False,1,1,1,
https://www.douyin.com/video/7634050650598346018,https://www.douyin.com/video/7634050650598346018,douyin.com,对标账号佣金 销量 #带货达人 #好物分享 #濮阳蓝天职业培训学校,抖音视频,创作者视频,字节跳动/头条系,True,True,7634050650598346018,视频,说明/其他,达人/带货,False,1,1,1,
https://www.douyin.com/video/7634841197139234086,https://www.douyin.com/video/7634841197139234086,douyin.com,工作总结PPT快速出稿，豆包处理表格数据，简化职场繁杂办公事务,抖音视频,创作者视频,字节跳动/头条系,True,True,7634841197139234086,视频,说明/其他,数据工具/分析,False,1,1,1,
https://www.douyin.com/video/7634918599458943930,https://www.douyin.com/video/7634918599458943930,douyin.com,视频突然间流量下跌📉，要去检查一下账号有没有存在违规，及时改正； 平时发视频前先检测视频需不需要修改再发布，不要嫌麻烦哦 #账号检测 #创作助手#抖上热门 #创作者中心 #创作灵感,抖音视频,创作者视频,字节跳动/头条系,True,True,7634918599458943930,视频,行业资讯/报告,短视频内容,False,1,1,1,
https://www.douyin.com/video/7634939570090952027,https://www.douyin.com/video/7634939570090952027,douyin.com,店铺如果有这个问题 那么这个视频要认真看了#抖音店铺运营 #电商运营技巧#新手小白,抖音视频,创作者视频,字节跳动/头条系,True,True,7634939570090952027,视频,说明/其他,短视频内容,False,1,1,1,
https://www.douyin.com/video/7636640788873006566,https://www.douyin.com/video/7636640788873006566,douyin.com,新人做短视频带货如何提前检测视频有无违规内容 保姆级超详细攻略步骤 新人小白必看👀  #普通人做自媒体有多难 #创作者中心 #创作灵感 #短视频带货 #新人如何做抖音,抖音视频,创作者视频,字节跳动/头条系,True,True,7636640788873006566,视频,教程/操作指南,达人/带货,True,1,1,1,
https://www.douyin.com/video/7637054361801993585,https://www.douyin.com/video/7637054361801993585,douyin.com,怎样检测账号有没有违规，怎样隐藏作品 #真实生活分享计划 #干货分享#自媒体#短视频变现#经验分享@DOU+小助手,抖音视频,创作者视频,字节跳动/头条系,True,True,7637054361801993585,视频,说明/其他,短视频内容,False,1,1,1,
https://www.douyin.com/video/7637111016194939750,https://www.douyin.com/video/7637111016194939750,douyin.com,tk选品流程分享，提升成功率 参考和分析精品、优化新品就是好的打法#tk选品 #tiktok选品思路 #tiktok选品策略,抖音视频,创作者视频,字节跳动/头条系,True,True,7637111016194939750,视频,方法论/策略,店铺/商品/商城,True,1,1,1,
https://www.douyin.com/video/7637464132966567218,https://www.douyin.com/video/7637464132966567218,douyin.com,一篇看懂做竞品分析，详情页设计/电商设计。#详情页设计 #电商运营 #电商设计 #美工包月 #营销思维,抖音视频,创作者视频,字节跳动/头条系,True,True,7637464132966567218,视频,说明/其他,数据工具/分析,False,1,1,1,
https://www.douyin.com/video/7638272147030379819,https://www.douyin.com/video/7638272147030379819,douyin.com,媒体曝光，别让假流量把你蒙了 #维权 #媒体曝光,抖音视频,创作者视频,字节跳动/头条系,True,True,7638272147030379819,视频,说明/其他,综合运营/其他,False,1,1,1,
https://www.douyin.com/video/7638462945445367076,https://www.douyin.com/video/7638462945445367076,douyin.com,"挖到宝！多账号矩阵管理太省心。挖到宝！多账号矩阵管理太省心✨
 自媒体工具 #短视频多账号工具 自媒体运营 #短视频工具 金猫客矩阵系统",抖音视频,创作者视频,字节跳动/头条系,True,True,7638462945445367076,视频,推荐/对比/清单,短视频内容,False,1,1,1,
https://www.douyin.com/video/7638477152450612506,https://www.douyin.com/video/7638477152450612506,douyin.com,千川投放，如何通过数据看懂流量质量 投放千川不会看数据等于瞎投放。核心看这几个关键指标：展现量看曝光潜力，点击率看素材吸引力，完播率看内容质量，转化率看产品匹配度，投产比看整体收益。比如点击率，大概率,抖音视频,创作者视频,字节跳动/头条系,True,True,7638477152450612506,视频,教程/操作指南,广告投放,True,1,1,1,
https://www.douyin.com/video/7639029289140096306,https://www.douyin.com/video/7639029289140096306,douyin.com,计划没量不消耗都是因为 新手ROI低不跑素材怎么样也没效果都是因为你没搞懂全域ECPM的数据和用法#千川 #千川投放技巧 #千川运营 #电商运营 #运营干货,抖音视频,创作者视频,字节跳动/头条系,True,True,7639029289140096306,视频,教程/操作指南,广告投放,True,1,1,1,
https://www.douyin.com/video/7639347752153223113,https://www.douyin.com/video/7639347752153223113,douyin.com,如何找出视频日记的垂直领域。#视频日记 #视频日记vlog #罗振宇视频日记 #人人讲精品课程 #卖课,抖音视频,创作者视频,字节跳动/头条系,True,True,7639347752153223113,视频,教程/操作指南,短视频内容,True,1,1,1,
https://www.douyin.com/video/7639967994390629632,https://www.douyin.com/video/7639967994390629632,douyin.com,如何查看对标直播间数据#如何查看对标 #查对标账号 #千川全域 #千川全域推广 #直播运营技巧,抖音视频,创作者视频,字节跳动/头条系,True,True,7639967994390629632,视频,教程/操作指南,直播运营,True,1,1,1,
https://www.douyin.com/video/7640796100856956389,https://www.douyin.com/video/7640796100856956389,douyin.com,自然流量持续走低，新手商家该如何自救。抖店流量下滑不出单，别乱折腾了#抖音小店 #抖店运营 #商品卡流量 #抖店体验分  #抖店干货,抖音视频,创作者视频,字节跳动/头条系,True,True,7640796100856956389,视频,教程/操作指南,店铺/商品/商城,True,1,1,1,
https://www.douyin.com/video/7641522813584592164,https://www.douyin.com/video/7641522813584592164,douyin.com,"达人数据造假识别术5招避坑防被骗。达人数据造假太常见！看点赞评论比、粉丝增长曲线、评论质量、直播在线人数、带货数据五招识别，避免花冤枉钱，主页领《防假数据检查表》。
#TikTok达人运营 #数据造假",抖音视频,创作者视频,字节跳动/头条系,True,True,7641522813584592164,视频,案例/复盘,直播运营,False,1,1,1,
https://www.douyin.com/video/7641601186394745444,https://www.douyin.com/video/7641601186394745444,douyin.com,#dou上热门 #直播创业 #口播视频 #直播回放 @抖音小助手 如何查看自己的直播回放,抖音视频,创作者视频,字节跳动/头条系,True,True,7641601186394745444,视频,教程/操作指南,直播运营,True,1,1,1,
https://www.douyin.com/video/7642679768399285530,https://www.douyin.com/video/7642679768399285530,douyin.com,抖店流量下滑，应该如何检查诊断店铺？ #商品卡 #抖音小店 #运营干货 #新手开抖店,抖音视频,创作者视频,字节跳动/头条系,True,True,7642679768399285530,视频,教程/操作指南,店铺/商品/商城,True,1,1,1,
https://www.douyin.com/video/7643791293554898943,https://www.douyin.com/video/7643791293554898943,douyin.com,3个抖音小店数据查看方法，一次讲清楚！#抖音小店 #抖音小店数据分析 #抖音小店数据查看方法,抖音视频,创作者视频,字节跳动/头条系,True,True,7643791293554898943,视频,方法论/策略,数据工具/分析,True,1,1,1,
https://www.douyin.com/video/7643808211602394597,https://www.douyin.com/video/7643808211602394597,douyin.com,快手小店没起色磁力金牛来辅助。#快手 #电商 #运营 #电商运营 #快手电商,抖音视频,创作者视频,字节跳动/头条系,True,True,7643808211602394597,视频,说明/其他,综合运营/其他,False,1,1,1,
https://www.douyin.com/video/7644134288498451835,https://www.douyin.com/video/7644134288498451835,douyin.com,90%的老板都踩过假数据的坑 一招识破达人假数据，帮你省下几万冤枉钱#品宣达人 #探店达人#壹禾文化  #本地生活#团购达人,抖音视频,创作者视频,字节跳动/头条系,True,True,7644134288498451835,视频,说明/其他,达人/带货,False,1,1,1,
https://www.douyin.com/video/7644160377449630976,https://www.douyin.com/video/7644160377449630976,douyin.com,进人多不下单？用 5A 数据排查所有问题 #千川 #全域 #直播创业 #直播,抖音视频,创作者视频,字节跳动/头条系,True,True,7644160377449630976,视频,说明/其他,直播运营,False,1,1,1,
https://www.douyin.com/video/7644884234600367588,https://www.douyin.com/video/7644884234600367588,douyin.com,不会看抖音带货数据，3个动作帮你理清～#抖音带货数据#抖音带货数据哪里看 #带货数据 #带货数据排行榜,抖音视频,创作者视频,字节跳动/头条系,True,True,7644884234600367588,视频,说明/其他,达人/带货,False,1,1,1,
https://www.douyin.com/video/7644995709229376320,https://www.douyin.com/video/7644995709229376320,douyin.com,为什么你的人群不精 同行的人群很好转化#直播运营经验分享,抖音视频,创作者视频,字节跳动/头条系,True,True,7644995709229376320,视频,说明/其他,直播运营,False,1,1,1,
https://www.douyin.com/video/7645120303441431827,https://www.douyin.com/video/7645120303441431827,douyin.com,"运营数据分析。普通工具只给数字，AI一步到位
#AI工具 #数据分析 #运营数据 #实体店线上运营 #本地生活",抖音视频,创作者视频,字节跳动/头条系,True,True,7645120303441431827,视频,推荐/对比/清单,数据工具/分析,False,1,1,1,
https://www.douyin.com/video/7645505560695348325,https://www.douyin.com/video/7645505560695348325,douyin.com,电商会计对账其实不难，要上手快，你就学这八个函数。学会了，跟着模拟对账数据，学习对账。这套模板斗店，拼嘻嘻，陶店，经东店铺都有模拟数据，可以自己学习对账，新手值得冲~~~ #会计实操  #表格 #电商,抖音视频,创作者视频,字节跳动/头条系,True,True,7645505560695348325,视频,说明/其他,店铺/商品/商城,False,1,1,1,
https://www.douyin.com/video/7645527189995694227,https://www.douyin.com/video/7645527189995694227,douyin.com,做电商不会看数据=白忙活！挖到超干货的运营底层逻辑✨ 新手直接抄作业就行👇 每天花10分钟复盘优化，店铺流量销量稳步涨📈,抖音视频,创作者视频,字节跳动/头条系,True,True,7645527189995694227,视频,案例/复盘,店铺/商品/商城,False,1,1,1,
https://www.douyin.com/video/7646210460429223867,https://www.douyin.com/video/7646210460429223867,douyin.com,如何提前知道作品有没有违规，教你几个方法；  #如何检测作品违规 #作品违规检测 #作品检测 #违规查询,抖音视频,创作者视频,字节跳动/头条系,True,True,7646210460429223867,视频,教程/操作指南,综合运营/其他,True,1,1,1,
https://www.douyin.com/video/7646227249935571610,https://www.douyin.com/video/7646227249935571610,douyin.com,💥账号没流量？三步排查法亲测有效！我的账号发作品始终没推流，后来才发现是这些原因导致的。跟我做三步排查就能解决：  1️⃣检查账号违规：打开抖音，进入创作者中心，找到账号检测。如果有违规提示，赶紧按要,抖音视频,创作者视频,字节跳动/头条系,True,True,7646227249935571610,视频,说明/其他,综合运营/其他,False,1,1,1,
https://www.douyin.com/video/7646587097272400485,https://www.douyin.com/video/7646587097272400485,douyin.com,抖音三大免费实用工具，新手老手必存#运营 #短视频运营 #抖音工具,抖音视频,创作者视频,字节跳动/头条系,True,True,7646587097272400485,视频,推荐/对比/清单,短视频内容,False,1,1,1,
https://www.douyin.com/video/7646721242342848613,https://www.douyin.com/video/7646721242342848613,douyin.com,买家刚付款就发起退款？你很有可能被同行截流了！#电商客服外包 #抖音小店 #抖店客服外包 #创作者中心 #创作灵感,抖音视频,创作者视频,字节跳动/头条系,True,True,7646721242342848613,视频,说明/其他,店铺/商品/商城,False,1,1,1,
https://www.douyin.com/video/7646744607091242213,https://www.douyin.com/video/7646744607091242213,douyin.com,一条视频教会新手带货人流量下滑怎么检测原因！#短视频带货 #自媒体创业 #干货分享,抖音视频,创作者视频,字节跳动/头条系,True,True,7646744607091242213,视频,教程/操作指南,达人/带货,True,1,1,1,
https://www.douyin.com/video/7646752544832995001,https://www.douyin.com/video/7646752544832995001,douyin.com,全域推广人群回流。全域推广人群回流：品牌长效经营，复购流量怎么锁#千川 #知识分享 #电商运营,抖音视频,创作者视频,字节跳动/头条系,True,True,7646752544832995001,视频,教程/操作指南,广告投放,True,1,1,1,
https://www.douyin.com/video/7647076163223600511,https://www.douyin.com/video/7647076163223600511,douyin.com,运营新手必看秘籍，如何3步搞定直播复盘？#直播复盘#直播复盘总结 #直播复盘有哪些数据 #直播复盘工具,抖音视频,创作者视频,字节跳动/头条系,True,True,7647076163223600511,视频,教程/操作指南,直播运营,True,1,1,1,
https://www.douyin.com/video/7647104648653859758,https://www.douyin.com/video/7647104648653859758,douyin.com,抖音自带的违规检测，操作分享 #普通人做抖音 #抖音新手创业 #口播视频知识分享,抖音视频,创作者视频,字节跳动/头条系,True,True,7647104648653859758,视频,教程/操作指南,短视频内容,True,1,1,1,
https://www.douyin.com/video/7647107459417045611,https://www.douyin.com/video/7647107459417045611,douyin.com,抖音高效找达人带货全攻略！#高效找达人 #达人带货 #达人带货榜 #找达人带货攻略,抖音视频,创作者视频,字节跳动/头条系,True,True,7647107459417045611,视频,教程/操作指南,达人/带货,True,1,1,1,
https://www.douyin.com/video/7647115209086327716,https://www.douyin.com/video/7647115209086327716,douyin.com,抖音热销品牌数据，3大实用分析技巧。#热销品牌 #热销品牌数据 #电商运营知识分享 #抖音电商必看,抖音视频,创作者视频,字节跳动/头条系,True,True,7647115209086327716,视频,说明/其他,数据工具/分析,False,1,1,1,
https://www.douyin.com/video/7647163465907424550,https://www.douyin.com/video/7647163465907424550,douyin.com,抖音直播间投流实操全指南！。千川投流实操经验，不踩坑！#千川投流实操 #千川投流技巧 #千川投流操作流程,抖音视频,创作者视频,字节跳动/头条系,True,True,7647163465907424550,视频,教程/操作指南,直播运营,True,1,1,1,
https://www.douyin.com/video/7647181159633317545,https://www.douyin.com/video/7647181159633317545,douyin.com,如何查看同行数据？ 手机就可以查看，同行卖的什么货？出单情况？如何跟卖？#自媒体#视频直播教学,抖音视频,创作者视频,字节跳动/头条系,True,True,7647181159633317545,视频,教程/操作指南,直播运营,True,1,1,1,
https://www.douyin.com/video/7647501224660733614,https://www.douyin.com/video/7647501224660733614,douyin.com,真觉得每个数据都有它的意义，多花点时间研究准没错～  #信息差的重要性 #短视频带货 #复盘 #打破信息差壁垒 #车内唠嗑日常,抖音视频,创作者视频,字节跳动/头条系,True,True,7647501224660733614,视频,案例/复盘,达人/带货,False,1,1,1,
https://www.douyin.com/video/7647552222204611880,https://www.douyin.com/video/7647552222204611880,douyin.com,巨量百应怎么用？巨量百应怎么选品？巨量百应怎么找同行？ #主播培训 #主播培训唐sir #流量方舟 #新人直播带货 #直播运营,抖音视频,创作者视频,字节跳动/头条系,True,True,7647552222204611880,视频,教程/操作指南,直播运营,True,1,1,1,
https://www.douyin.com/video/7647809157885897381,https://www.douyin.com/video/7647809157885897381,douyin.com,抖音直播数据哪里查？3步搞定！#直播数据 #直播数据分析 #直播数据运营,抖音视频,创作者视频,字节跳动/头条系,True,True,7647809157885897381,视频,说明/其他,直播运营,False,1,1,1,
https://www.douyin.com/video/7647958900722409659,https://www.douyin.com/video/7647958900722409659,douyin.com,真正影响免费流量的不是我以前以为的选品或定价，而是上架72小时内系统抓到的几个信号。翻了一段时间后台数据后我才确认，之前凭感觉做的判断跟系统规则差别不小。第一个信号是收藏加购率。很多人上架后就不管了，,抖音视频,创作者视频,字节跳动/头条系,True,True,7647958900722409659,视频,说明/其他,店铺/商品/商城,False,1,1,1,
https://www.douyin.com/video/7648110417252359395,https://www.douyin.com/video/7648110417252359395,douyin.com,抖店罗盘到底有什么作用？ #抖音电商 #抖店代运营 #抖店运营 #电商代运营 #广州抖店代运营,抖音视频,创作者视频,字节跳动/头条系,True,True,7648110417252359395,视频,说明/其他,店铺/商品/商城,False,1,1,1,
https://www.douyin.com/video/7648502529894588091,https://www.douyin.com/video/7648502529894588091,douyin.com,投流。蝉妈妈可以看投放占比，现在商家电商罗盘可以看同行Roi 了…,抖音视频,创作者视频,字节跳动/头条系,True,True,7648502529894588091,视频,说明/其他,广告投放,False,1,1,1,
https://www.douyin.com/video/7648502613901610294,https://www.douyin.com/video/7648502613901610294,douyin.com,千川付费投放素材实操全攻略。,抖音视频,创作者视频,字节跳动/头条系,True,True,7648502613901610294,视频,教程/操作指南,广告投放,True,1,1,1,
https://www.douyin.com/video/7648617204401009843,https://www.douyin.com/video/7648617204401009843,douyin.com,如何查看同行对标的roi是多少 #全域投放 #全域追投 #直播起号,抖音视频,创作者视频,字节跳动/头条系,True,True,7648617204401009843,视频,教程/操作指南,直播运营,True,1,1,1,
https://www.douyin.com/video/7648727976380550451,https://www.douyin.com/video/7648727976380550451,douyin.com,调整出价有消耗就没量？ 新手投放千川全域起不来都是因为ECPM和OCPM的关系#千川 #千川投放技巧 #千川运营 #电商运营 #电商干货,抖音视频,创作者视频,字节跳动/头条系,True,True,7648727976380550451,视频,说明/其他,广告投放,False,1,1,1,
https://www.douyin.com/video/7648810297230465012,https://www.douyin.com/video/7648810297230465012,douyin.com,电商平台监控神器 帮你提升50%效率。电商平台价格 库存上下架监控神器，帮你提高50%效率。#电商监控 #价格监控 #库存监控 #新品监控,抖音视频,创作者视频,字节跳动/头条系,True,True,7648810297230465012,视频,推荐/对比/清单,数据工具/分析,False,1,1,1,
https://www.douyin.com/video/7648840056489602674,https://www.douyin.com/video/7648840056489602674,douyin.com,#千川投放技巧 #千川运营 #千川代投 #直播运营,抖音视频,创作者视频,字节跳动/头条系,True,True,7648840056489602674,视频,说明/其他,直播运营,False,1,1,1,
https://www.douyin.com/video/7648863342354259833,https://www.douyin.com/video/7648863342354259833,douyin.com,"账号没被收录会影响上热门、开直播吗？ #真实生活分享计划 #巨量算数 #上热搜 #新人如何做抖音 #抖音干货 号巨量算数未收录？正常现象❗
不影响热门、直播，不用焦虑
抓好内容与数据，等待系统自动收录
新手做好避坑指南，建议收藏",抖音视频,创作者视频,字节跳动/头条系,True,True,7648863342354259833,视频,教程/操作指南,直播运营,True,1,1,1,
https://www.douyin.com/video/7648890442340226993,https://www.douyin.com/video/7648890442340226993,douyin.com,人货场到底是什么？数据告诉你问题在哪。#直播带货#直播运营#直播话术#新人直播,抖音视频,创作者视频,字节跳动/头条系,True,True,7648890442340226993,视频,说明/其他,直播运营,False,1,1,1,
https://www.douyin.com/video/7649216853454147962,https://www.douyin.com/video/7649216853454147962,douyin.com,抖音限流？两步自查翻3倍流量！同样的内容别人发一两个小时就破千，你发却只有几十播放量？大概率是账号被隐性降权了！教你两个快速自查方法，亲测有效！  1️⃣检查数据中心：进入抖音创作者中心，看主页右上角,抖音视频,创作者视频,字节跳动/头条系,True,True,7649216853454147962,视频,方法论/策略,数据工具/分析,True,1,1,1,
https://www.douyin.com/video/7649229533510588918,https://www.douyin.com/video/7649229533510588918,douyin.com,抖音电商选品工具超全指南！#电商选品 #电商选品技巧 #电商选品工具 #电商选品推荐,抖音视频,创作者视频,字节跳动/头条系,True,True,7649229533510588918,视频,教程/操作指南,店铺/商品/商城,True,1,1,1,
https://www.douyin.com/video/7649232178588817130,https://www.douyin.com/video/7649232178588817130,douyin.com,如何3步判断带货短视频起量潜力！#带货短视频 #带货短视频带货 #带货短视频起量,抖音视频,创作者视频,字节跳动/头条系,True,True,7649232178588817130,视频,教程/操作指南,达人/带货,True,1,1,1,
https://www.douyin.com/video/7649327821618271921,https://www.douyin.com/video/7649327821618271921,douyin.com,商家朋友们，做抖音小店如何快速去找同行有流量的竞品来上架？教你三招 #商品卡流量 #抖音代运营 #抖店运营 #抖音商品卡 #抖音代运营公司,抖音视频,创作者视频,字节跳动/头条系,True,True,7649327821618271921,视频,教程/操作指南,店铺/商品/商城,True,1,1,1,
https://www.douyin.com/video/7649346725862821146,https://www.douyin.com/video/7649346725862821146,douyin.com,第87集/抖音一季度电商报告 #电商平台 #直播带货 #直播运营 #主播 #千川投放,抖音视频,创作者视频,字节跳动/头条系,True,True,7649346725862821146,视频,推荐/对比/清单,直播运营,False,1,1,1,
https://www.douyin.com/video/7649365453539016531,https://www.douyin.com/video/7649365453539016531,douyin.com,#电商会计：账单导出全攻略。📊新手会计必看！电商账单导出实操指南，从推广费到运费险，手把手教你搞定所有报表！  先讲推广费账单怎么导出：打开巨量千川，点资金管理，再选财务里的财务流水。这里有日结报表、,抖音视频,创作者视频,字节跳动/头条系,True,True,7649365453539016531,视频,教程/操作指南,广告投放,True,1,1,1,
https://www.douyin.com/video/7649941808806243515,https://www.douyin.com/video/7649941808806243515,douyin.com,电商小白必看！快手的五个投流平台1️⃣磁力智投🌟 这是快手推出的广告投放平台😎，主要负责站外引流👏。它支持快手、快手联盟等多种流量👍。而且它提供多样化的营销目标，还能基于机器学习自动匹配最优投放策略，这样就能降低人工操作成本啦😜，很适合应用下载与激活、品牌活动曝光等场景哟🤩。 2️⃣磁力金牛💪 这可是专为快手电商提供的站内闭环营销服务平台🥰。它围绕快手小店进行营销，提供短视频与直播两种营销目标👏。,抖音视频,创作者视频,字节跳动/头条系,True,True,7649941808806243515,视频,教程/操作指南,直播运营,True,1,1,1,
https://www.douyin.com/video/7649960982689872083,https://www.douyin.com/video/7649960982689872083,douyin.com,如何用蝉妈妈查抖音直播数据和爆款？#抖音直播数据 #抖音爆款 #蝉妈妈 #蝉妈妈数据,抖音视频,创作者视频,字节跳动/头条系,True,True,7649960982689872083,视频,教程/操作指南,直播运营,True,1,1,1,
https://www.douyin.com/video/7649971330104181995,https://www.douyin.com/video/7649971330104181995,douyin.com,电商运营怎么查抖音投放roi？#抖音投放roi #抖音投放技巧 #怎么查抖音投放roi,抖音视频,创作者视频,字节跳动/头条系,True,True,7649971330104181995,视频,教程/操作指南,广告投放,True,1,1,1,
https://www.douyin.com/video/7649999535699283246,https://www.douyin.com/video/7649999535699283246,douyin.com,千川投流没方向？3 步摸清对手真实投产 #千川 #直播 #直播运营 #千川投流 #投流,抖音视频,创作者视频,字节跳动/头条系,True,True,7649999535699283246,视频,说明/其他,直播运营,False,1,1,1,
https://www.douyin.com/video/7650011224750502065,https://www.douyin.com/video/7650011224750502065,douyin.com,一眼判断账号权重，新手自查必备 #真实生活分享计划 #抖音运营 #新手做抖音 #短视频干货 #抖音流量,抖音视频,创作者视频,字节跳动/头条系,True,True,7650011224750502065,视频,说明/其他,短视频内容,False,1,1,1,
https://www.douyin.com/video/7650011840357088378,https://www.douyin.com/video/7650011840357088378,douyin.com,是谁还不会用excel呢？ #电商#人类对豆包的开发不足百分之一#我的同事豆包 #豆包还能干这个,抖音视频,创作者视频,字节跳动/头条系,True,True,7650011840357088378,视频,说明/其他,综合运营/其他,False,1,1,1,
https://www.douyin.com/video/7650852251159254714,https://www.douyin.com/video/7650852251159254714,douyin.com,亿馨店铺运营。品牌交给我们3个月小结。两个月，仿佛一场密集的修行。 在新旅途上遇到的第一个挑战 就是接连两场“大考”。 与一群优秀的伙伴，日夜打磨每一个细节。 当看到最终的成绩单——那份扎实的环比增长,抖音视频,创作者视频,字节跳动/头条系,True,True,7650852251159254714,视频,案例/复盘,店铺/商品/商城,False,1,1,1,
https://www.douyin.com/video/7650923459278605618,https://www.douyin.com/video/7650923459278605618,douyin.com,"不用技术团队，AI Agent 也能做抖音数据看板 想做一个自己的抖音数据看板？
以前可能要技术团队，现在 AI Agent 也能帮你跑通。
自动打开后台
自动导出数据
自动填进飞书表格
自动生成图表看板
Windows 版已经开源，创作者可以自己试试。
#vibecoding大赏 #ai新星计划  @抖音科技 #ai新星计划",抖音视频,创作者视频,字节跳动/头条系,True,True,7650923459278605618,视频,说明/其他,数据工具/分析,False,1,1,1,
https://www.douyin.com/video/7651516742968149951,https://www.douyin.com/video/7651516742968149951,douyin.com,如何快速获取3C数码全网销量与爆品数据？#3C数码全网销量与爆品数据#获取数据 #爆品推荐,抖音视频,创作者视频,字节跳动/头条系,True,True,7651516742968149951,视频,教程/操作指南,数据工具/分析,True,1,1,1,
https://www.douyin.com/video/7651525023768857908,https://www.douyin.com/video/7651525023768857908,douyin.com,"自动抓取店铺数据，30秒出报表?电商老板降本增效的秘诀原来在 这！就在最近，电商行业的超级财务智能体来了！
这个月初，户部四郎正式发布了专属于电商行业的 AI 财务自动化软件。
它结合了目前最新的数据",抖音视频,创作者视频,字节跳动/头条系,True,True,7651525023768857908,视频,行业资讯/报告,店铺/商品/商城,False,1,1,1,
https://www.douyin.com/video/7651626155527452345,https://www.douyin.com/video/7651626155527452345,douyin.com,如何自查账号是否违规！ #知识分享干货#新人如何做抖音 #新人首播 #创业宝妈,抖音视频,创作者视频,字节跳动/头条系,True,True,7651626155527452345,视频,教程/操作指南,综合运营/其他,True,1,1,1,
https://www.douyin.com/video/7651866022714095524,https://www.douyin.com/video/7651866022714095524,douyin.com,直播运营怎么用蝉妈妈复盘转化率？#直播运营技巧 #复盘转化率 #直播运营干货分享,抖音视频,创作者视频,字节跳动/头条系,True,True,7651866022714095524,视频,教程/操作指南,直播运营,True,1,1,1,
https://www.douyin.com/video/7651968919674325190,https://www.douyin.com/video/7651968919674325190,douyin.com,抖音第一季度业绩报告———3800亿GMV #直播电商#货架电商#内容电商#种草 #电商干货,抖音视频,创作者视频,字节跳动/头条系,True,True,7651968919674325190,视频,行业资讯/报告,直播运营,False,1,1,1,
https://www.douyin.com/video/7652194936489916526,https://www.douyin.com/video/7652194936489916526,douyin.com,播放量上不去，三步教会你怎么账号自测 #新人来做抖音 #账号流量 #播放量破千万 #自媒体干货 #账号运营,抖音视频,创作者视频,字节跳动/头条系,True,True,7652194936489916526,视频,教程/操作指南,综合运营/其他,True,1,1,1,
https://www.douyin.com/video/7652648510814707109,https://www.douyin.com/video/7652648510814707109,douyin.com,抖店电商罗盘新功能：投放效率（店铺被投）上线啦 抖店电商罗盘刚更新了新功能——投放效率（店铺被投）哦～  #抖音电商 #蓝狐电商 #千川投放 技巧 #千川投放 #电商干货,抖音视频,创作者视频,字节跳动/头条系,True,True,7652648510814707109,视频,说明/其他,广告投放,False,1,1,1,
https://www.douyin.com/video/7652649392482159872,https://www.douyin.com/video/7652649392482159872,douyin.com,上万达人资源，都是靠这 4 种方法找来的 #达人分销  #达人对接  #达人建联  #鹿七达人分销  #达人带货,抖音视频,创作者视频,字节跳动/头条系,True,True,7652649392482159872,视频,方法论/策略,达人/带货,True,1,1,1,
https://www.douyin.com/video/7652770043272400179,https://www.douyin.com/video/7652770043272400179,douyin.com,"为什么你的作品没流量？核心就看4个数据 播放量上不去，不是账号被限流，是不清楚平台分发规则。
完播、停留、点击、转化四项核心数据逐条拆解，找到视频没流量的根本原因，针对性优化内容。
跟着系列教程一步步",抖音视频,创作者视频,字节跳动/头条系,True,True,7652770043272400179,视频,教程/操作指南,短视频内容,True,1,1,1,
https://www.douyin.com/video/7652903181160937849,https://www.douyin.com/video/7652903181160937849,douyin.com,#直播切片 #直播切片授权 #电商干货,抖音视频,创作者视频,字节跳动/头条系,True,True,7652903181160937849,视频,说明/其他,直播运营,False,1,1,1,
https://www.douyin.com/video/7653479944340786482,https://www.douyin.com/video/7653479944340786482,douyin.com,"被同行恶意截流？三招解决 刚下单就秒退款大概率是同行恶意截流，看完教你精准排查，一招解决恶意偷流量的大坑。
#抖音电商 #电商干货 #新手开网店 #顺太电商 #@顺太电商只做单类目",抖音视频,创作者视频,字节跳动/头条系,True,True,7653479944340786482,视频,说明/其他,综合运营/其他,False,1,1,1,
https://www.douyin.com/video/7653479956470862314,https://www.douyin.com/video/7653479956470862314,douyin.com,手把手教你抖店对账(超详细)🔥 抖音电商对账核心指南 核心逻辑：四方核对法 对账的本质，是把四个独立的“流”——订单流、资金流、费用流、退款流——通过唯一的“子订单号”关联起来，交叉验证，确保每一笔交易的收入、支出和费用都准确无误。  标准入账四步法 第一步｜备好料，下载4份核心账单 对账前，必须从抖店后台（PC端）下载以下4份报表，它们是所有核对工作的基础：  订单明细表：（路径：订单管理→导出,抖音视频,创作者视频,字节跳动/头条系,True,True,7653479956470862314,视频,教程/操作指南,店铺/商品/商城,True,1,1,1,
https://www.douyin.com/video/7654158194796827825,https://www.douyin.com/video/7654158194796827825,douyin.com,零基础数据分析工具大全。做运营、整报表的朋友，别再死磕Excel了！我整理了一套轻量化数据分析工具，新手也能快速上手～  📊 数据清洗工具 OpenRefine：免费开源，一键清脏数据超方便；山海鲸,抖音视频,创作者视频,字节跳动/头条系,True,True,7654158194796827825,视频,推荐/对比/清单,数据工具/分析,False,1,1,1,
https://www.douyin.com/video/7654163341368195014,https://www.douyin.com/video/7654163341368195014,douyin.com,数据汇总和专业分析这些事儿，真的很简单~#我的同事豆包 #豆包还能干这个 #人类对豆包的开发不足百分之一,抖音视频,创作者视频,字节跳动/头条系,True,True,7654163341368195014,视频,说明/其他,数据工具/分析,False,1,1,1,
https://www.douyin.com/video/7654165641427621029,https://www.douyin.com/video/7654165641427621029,douyin.com,刚发布完作品的小伙伴注意啦～不要频繁点开自己的视频查看，若需要核对播放、互动数据，走创作中心后台查看更稳妥，避免干扰作品自然流量。 #抖音玩法创意大赛 #特效拍摄 #抖音玩法合伙人计划 #独白玩法训练营 #AI中式旗袍写真,抖音视频,创作者视频,字节跳动/头条系,True,True,7654165641427621029,视频,行业资讯/报告,短视频内容,False,1,1,1,
https://www.douyin.com/video/7654382898384316837,https://www.douyin.com/video/7654382898384316837,douyin.com,抖音商品sku数据采集#抖音#商品#sku#数据采集 #数据采集器,抖音视频,创作者视频,字节跳动/头条系,True,True,7654382898384316837,视频,说明/其他,店铺/商品/商城,False,1,1,1,
https://www.douyin.com/video/7654474939232511231,https://www.douyin.com/video/7654474939232511231,douyin.com,如何用蝉妈妈查美妆直播间对标流量结构？#蝉妈妈查数据 #对标直播间 #美妆直播间对标流量结构,抖音视频,创作者视频,字节跳动/头条系,True,True,7654474939232511231,视频,教程/操作指南,直播运营,True,1,1,1,
https://www.douyin.com/video/7654917202814029082,https://www.douyin.com/video/7654917202814029082,douyin.com,千川商家福音！免费查同行投产，三步摸清竞品投放套路 #千川#巨量千川#电商创业#运营干货#千川运营做抖店玩千川投流的兄弟们，是不是一直都想搞清楚同行商家的投产？平台这两天刚更新功能，这下最后一项核心投放数据也公开了，全程免费，总共就三步就能查到同行数据。,抖音视频,创作者视频,字节跳动/头条系,True,True,7654917202814029082,视频,推荐/对比/清单,广告投放,False,1,1,1,
https://www.douyin.com/video/7655247974867913919,https://www.douyin.com/video/7655247974867913919,douyin.com,电商运营怎么查抖店榜单实时数据？#抖店榜单实时数据 #电商运营 #蝉妈妈,抖音视频,创作者视频,字节跳动/头条系,True,True,7655247974867913919,视频,教程/操作指南,店铺/商品/商城,True,1,1,1,
https://www.douyin.com/video/7655328465247555171,https://www.douyin.com/video/7655328465247555171,douyin.com,账号标签消失别慌！巨量算术新玩法。好多宝妈发现巨量算术里账号标签突然不见了，以为被限流，其实是抖音官方改版，把显性标签隐藏，只保留后台推流标签。这样做的好处是老账号能轻松转型，但要注意内容不能杂乱，否则难拿精准流量。  找不到标签不用急，有三个地方能查：创作者数据中心看粉丝画像，生活服务热点中心的“我的”页面有分类标签，星图后台能看达人垂类分类。  平台改版后，别再死磕标签，专心打磨内容。每条作品,抖音视频,创作者视频,字节跳动/头条系,True,True,7655328465247555171,视频,推荐/对比/清单,达人/带货,False,1,1,1,
https://www.douyin.com/video/7655598965114924218,https://www.douyin.com/video/7655598965114924218,douyin.com,如何利用蝉妈妈数据分析筛选户外季节性爆款。#蝉妈妈 #户外季节性爆款 #电商运营知识分享,抖音视频,创作者视频,字节跳动/头条系,True,True,7655598965114924218,视频,教程/操作指南,数据工具/分析,True,1,1,1,
https://www.douyin.com/video/7655628319715911028,https://www.douyin.com/video/7655628319715911028,douyin.com,运营想独立负责店铺，先必备4项能力。1、数据判断 不要只记录数据变化，要能判断问题位置。  访客掉了，看渠道。 点击低了，看主图、价格、人群。 转化差了，看详情、评价、客服。 退款多了，看产品、预期、,抖音视频,创作者视频,字节跳动/头条系,True,True,7655628319715911028,视频,说明/其他,店铺/商品/商城,False,1,1,1,
https://www.douyin.com/video/7655673420419501354,https://www.douyin.com/video/7655673420419501354,douyin.com,千川测素材正确打法，告别泛流量误判优质视频 #千川投放技巧 #直播带货 #电商直播,抖音视频,创作者视频,字节跳动/头条系,True,True,7655673420419501354,视频,说明/其他,直播运营,False,1,1,1,
https://www.douyin.com/video/7655728507716177190,https://www.douyin.com/video/7655728507716177190,douyin.com,投流新手必看：同行素材数据查看方法，怎么判断你真的会看吗？ #巨量千川全域推广 #巨量千川投放技巧 #千川投放技巧 #巨量千川 #直播带货,抖音视频,创作者视频,字节跳动/头条系,True,True,7655728507716177190,视频,教程/操作指南,直播运营,True,1,1,1,
https://www.douyin.com/video/7656325349043415409,https://www.douyin.com/video/7656325349043415409,douyin.com,抖店订单暴跌？3步排查自救！最近有粉丝抖店单量从三四十单骤降到十多单，别急，先从流量源头找问题。用抖店官方的电商罗盘，看三大入口数据：商品卡、短视频、直播，再加上搜索流量，对比前后变化，找到下降的关键入口。  比如这位粉丝，短视频流量下降了44%，问题就出在这里。解决办法有三： 1️⃣自己多发带货视频，别只靠达人。用店铺号或员工号，哪怕单条流量少，账号积累的流量会像滚雪球一样增长，慢慢进入大流量池,抖音视频,创作者视频,字节跳动/头条系,True,True,7656325349043415409,视频,推荐/对比/清单,直播运营,False,1,1,1,
https://www.douyin.com/video/7656709820120585969,https://www.douyin.com/video/7656709820120585969,douyin.com,电商运营怎么查抖音直播爆款？#直播爆款推荐 #直播爆款热卖 #蝉妈妈查直播爆款,抖音视频,创作者视频,字节跳动/头条系,True,True,7656709820120585969,视频,教程/操作指南,直播运营,True,1,1,1,
https://www.douyin.com/video/7656773194322360506,https://www.douyin.com/video/7656773194322360506,douyin.com,电商人必备BI看板📊。最近挖到万里牛ERP的BI分析模块，老板/运营/财务各取所需，真的能少掉头发👇  👑老板篇  · 首页「经营快报」：预售、实际、复盘三种口径，随时盯利润和毛利率，大促中途就能调投,抖音视频,创作者视频,字节跳动/头条系,True,True,7656773194322360506,视频,案例/复盘,数据工具/分析,False,1,1,1,
https://www.douyin.com/video/7657240320056249635,https://www.douyin.com/video/7657240320056249635,douyin.com,新手必备素材技能-素材数据分析 一条视频学会分析素材数据#千川素材 #素材复盘 #全域素材 #短视频带货 #全域推广,抖音视频,创作者视频,字节跳动/头条系,True,True,7657240320056249635,视频,案例/复盘,广告投放,False,1,1,1,
https://www.douyin.com/video/7657468960317695424,https://www.douyin.com/video/7657468960317695424,douyin.com,26年直播核心竞争力更替：先种草留人 再谈成交转化 #全域投放运营#直播流量逻辑#直播间复盘技巧#2026直播新规#千川投流干货,抖音视频,创作者视频,字节跳动/头条系,True,True,7657468960317695424,视频,案例/复盘,直播运营,False,1,1,1,
https://www.douyin.com/video/7657493873485594617,https://www.douyin.com/video/7657493873485594617,douyin.com,作品播放数据差 怎么办？ #知识分享 #新人如何做抖音 #自媒体 #短视频创业 #干货分享,抖音视频,创作者视频,字节跳动/头条系,True,True,7657493873485594617,视频,教程/操作指南,短视频内容,True,1,1,1,
https://www.douyin.com/video/7657945682644376997,https://www.douyin.com/video/7657945682644376997,douyin.com,你经历过流量断崖式下跌吗？ 流量突然断崖式下跌，到底该怎么回流？其实问题可能出在这4个地方，对号入座就能找到自救方法～ #流量 #播放量 #抖音干货 #抖音运营 #限流,抖音视频,创作者视频,字节跳动/头条系,True,True,7657945682644376997,视频,教程/操作指南,综合运营/其他,True,1,1,1,
https://www.douyin.com/video/7658048847930739195,https://www.douyin.com/video/7658048847930739195,douyin.com,直播带货教学分享📱。需要这份直播带货教学的朋友，记得一定要保存下来～要是对主播相关内容有疑问，直接在评论区留言就行#直播带货 #带货主播培训 #电商直播 #话术技巧 #电商培训 @DOU+小助手 @巨,抖音视频,创作者视频,字节跳动/头条系,True,True,7658048847930739195,视频,说明/其他,直播运营,False,1,1,1,
https://www.douyin.com/video/7658128295330494123,https://www.douyin.com/video/7658128295330494123,douyin.com,运营怎么查厨房用具抖音爆款？#厨房用具推荐 #厨房用具爆款 #蝉妈妈查数据,抖音视频,创作者视频,字节跳动/头条系,True,True,7658128295330494123,视频,教程/操作指南,数据工具/分析,True,1,1,1,
https://www.douyin.com/video/7658134267797875898,https://www.douyin.com/video/7658134267797875898,douyin.com,运营怎么查抖音直播流量结构？#直播流量结构 #直播流量扶持 #蝉妈妈查流量结构,抖音视频,创作者视频,字节跳动/头条系,True,True,7658134267797875898,视频,教程/操作指南,直播运营,True,1,1,1,
https://www.douyin.com/video/7658134785127348411,https://www.douyin.com/video/7658134785127348411,douyin.com,运营怎么查抖音直播异常流量？#直播异常流量 #直播流程技巧 #直播异常 #蝉妈妈,抖音视频,创作者视频,字节跳动/头条系,True,True,7658134785127348411,视频,教程/操作指南,直播运营,True,1,1,1,
https://www.douyin.com/video/7658265136839542123,https://www.douyin.com/video/7658265136839542123,douyin.com,四步换控本追投，每一步给你标准，测完就知道哪条能打！点赞收藏#千川投放技巧 #直播运营 #全域推广 #千川全域 #千川,抖音视频,创作者视频,字节跳动/头条系,True,True,7658265136839542123,视频,说明/其他,直播运营,False,1,1,1,
https://www.douyin.com/video/7659076157379218698,https://www.douyin.com/video/7659076157379218698,douyin.com,"我开源了一个自媒体运营的邪修必备工具 我开源了一个自媒体运营的邪修必备工具。
整个项目我已经打包放在文档里了。
它能自动提取你的抖音收藏视频，转成逐字稿，做 AI 分析，再同步到飞书。
你只需要继续刷抖音，看到同行爆款、教程案例、选题灵感，就点收藏。
后面系统会把这些内容拆成标题、作者、互动数据、逐字稿、开头分析、内容结构、差异化和选题角度。
所以收藏夹不再是仓库，而是你的选题原料池。
以后刷抖音",抖音视频,创作者视频,字节跳动/头条系,True,True,7659076157379218698,视频,教程/操作指南,短视频内容,True,1,1,1,
https://www.douyin.com/video/7659104420450162874,https://www.douyin.com/video/7659104420450162874,douyin.com,自己直播间跟同行比差在哪？怎么精准复盘？ #直播运营 #直播技巧 #直播带货 #直播培训,抖音视频,创作者视频,字节跳动/头条系,True,True,7659104420450162874,视频,教程/操作指南,直播运营,True,1,1,1,
https://www.douyin.com/video/7659298207433125119,https://www.douyin.com/video/7659298207433125119,douyin.com,新锐品牌怎么查抖音爆款？#新锐品牌找对标 #对标爆款 #蝉妈妈查数据,抖音视频,创作者视频,字节跳动/头条系,True,True,7659298207433125119,视频,教程/操作指南,数据工具/分析,True,1,1,1,
https://www.douyin.com/video/7659334313321704357,https://www.douyin.com/video/7659334313321704357,douyin.com,学数据分析别瞎忙！这3款软件真·必学！学数据分析别瞎忙！这3款软件真·必学，效率翻倍🚀💡 #Excel技巧 #计算机   #数据分析 #数据分析师 #数据分析软件,抖音视频,创作者视频,字节跳动/头条系,True,True,7659334313321704357,视频,说明/其他,数据工具/分析,False,1,1,1,
https://www.douyin.com/video/7659354061480942144,https://www.douyin.com/video/7659354061480942144,douyin.com,电商运营如何做数据分析?重点看哪些数据？#电商运营知识分享 #店铺转化率 #电商知识点总结 #从业避坑指南,抖音视频,创作者视频,字节跳动/头条系,True,True,7659354061480942144,视频,教程/操作指南,店铺/商品/商城,True,1,1,1,
https://www.douyin.com/video/7659392781853678171,https://www.douyin.com/video/7659392781853678171,douyin.com,涨粉真不用撞大运！用好这两个官方工具，破千粉很快的 做抖音涨粉别在凭感觉，用对这两个免费工具，破千粉很快的#抖音指数 #热点宝 #自媒体涨知识 #涨粉 #抖音运营,抖音视频,创作者视频,字节跳动/头条系,True,True,7659392781853678171,视频,推荐/对比/清单,数据工具/分析,False,1,1,1,
https://www.douyin.com/video/7659588857800756489,https://www.douyin.com/video/7659588857800756489,douyin.com,作品流量下滑是你遇到了暗限流 #限流 #彩票 #自媒体干货,抖音视频,创作者视频,字节跳动/头条系,True,True,7659588857800756489,视频,说明/其他,综合运营/其他,False,1,1,1,
https://www.douyin.com/video/7659690646530324325,https://www.douyin.com/video/7659690646530324325,douyin.com,抖音账号数据怎么查？#抖音账号数据怎么查 #蝉妈妈查数据 #蝉妈妈,抖音视频,创作者视频,字节跳动/头条系,True,True,7659690646530324325,视频,教程/操作指南,数据工具/分析,True,1,1,1,
https://www.douyin.com/video/7659771651395119203,https://www.douyin.com/video/7659771651395119203,douyin.com,第196集#涨粉一千万 #真实生活分享计划#自媒体运营#流量扶持 #玩法达人中心 #短视频变现,抖音视频,创作者视频,字节跳动/头条系,True,True,7659771651395119203,视频,说明/其他,达人/带货,False,1,1,1,
https://www.douyin.com/video/7659977655055387930,https://www.douyin.com/video/7659977655055387930,douyin.com,电脑大屏用豆包，免费使用超省心！,抖音视频,创作者视频,字节跳动/头条系,True,True,7659977655055387930,视频,说明/其他,综合运营/其他,False,1,1,1,
https://www.douyin.com/video/7660735107896103238,https://www.douyin.com/video/7660735107896103238,douyin.com,竞品投放策略怎么查？#竞品投放策略 #竞品对比 #竞品调研 #蝉妈妈查竞品,抖音视频,创作者视频,字节跳动/头条系,True,True,7660735107896103238,视频,教程/操作指南,广告投放,True,1,1,1,
https://www.douyin.com/video/7660775383647139749,https://www.douyin.com/video/7660775383647139749,douyin.com,直播有流量不成交？#直播有流量不成交 #直播转化 #蝉妈妈,抖音视频,创作者视频,字节跳动/头条系,True,True,7660775383647139749,视频,说明/其他,直播运营,False,1,1,1,
https://www.douyin.com/video/7661088105822196837,https://www.douyin.com/video/7661088105822196837,douyin.com,数据作假的目的就是为了拉高自己的身价，好收更高的费用，要判断一个达人是靠卖货挣钱还是收前置费用挣钱，给纯佣达人前置费用风险最低#创业者说真话 #电商创业 #达人分销 #小阿福电商,抖音视频,创作者视频,字节跳动/头条系,True,True,7661088105822196837,视频,说明/其他,达人/带货,False,1,1,1,
https://www.douyin.com/video/7661897611746349434,https://www.douyin.com/video/7661897611746349434,douyin.com,竞品千川数据怎么查？#竞品千川数据 #竞品数据 #竞品数据对比 #蝉妈妈查千川,抖音视频,创作者视频,字节跳动/头条系,True,True,7661897611746349434,视频,教程/操作指南,广告投放,True,1,1,1,
https://www.douyin.com/video/7662392395803168046,https://www.douyin.com/video/7662392395803168046,douyin.com,起号真正该盯的3个数据，第1个就是隐形开关 #起号核心数据 #5秒完播率 #粉丝转化率 #新手起号 #短视频运营,抖音视频,创作者视频,字节跳动/头条系,True,True,7662392395803168046,视频,说明/其他,短视频内容,False,1,1,1,
https://www.douyin.com/video/7662552477309355682,https://www.douyin.com/video/7662552477309355682,douyin.com,直播间卖不出货按这四步自查#直播电商真相 #直播带货 #直播起号 #新人直播 #千川代投,抖音视频,创作者视频,字节跳动/头条系,True,True,7662552477309355682,视频,说明/其他,直播运营,False,1,1,1,
https://www.douyin.com/video/7662590348577026981,https://www.douyin.com/video/7662590348577026981,douyin.com,抖音类目大盘趋势在哪里精准查询？Q1: 在哪里能查到抖音全类目的大盘趋势数据？ A1: 做类目分析，第一步不是看榜单，而是先弄清楚这个类目整体是在涨还是跌、价格带怎么走、竞争挤不挤。运营需要关注的三个,抖音视频,创作者视频,字节跳动/头条系,True,True,7662590348577026981,视频,教程/操作指南,数据工具/分析,True,1,1,1,
https://www.douyin.com/video/7662623213272292456,https://www.douyin.com/video/7662623213272292456,douyin.com,下播后请抖音ai经纪人帮你复盘。 很多主播直播流量忽高忽低，就是不会正确复盘。 下播之后，打开抖音灵机，找到AI经纪人，对整场直播做智能复盘。AI会帮你分析流量渠道、观众画像、停留短板、话术问题和违规,抖音视频,创作者视频,字节跳动/头条系,True,True,7662623213272292456,视频,案例/复盘,直播运营,False,1,1,1,
https://www.douyin.com/video/7662770097488005288,https://www.douyin.com/video/7662770097488005288,douyin.com,这一期分享如何拆解同行#分享电商运营思路 #数据分析模型,抖音视频,创作者视频,字节跳动/头条系,True,True,7662770097488005288,视频,教程/操作指南,数据工具/分析,True,1,1,1,
https://www.douyin.com/video/7663024426014756105,https://www.douyin.com/video/7663024426014756105,douyin.com,3分钟教你分清“有效流量”和“无效流量”，别再被高在线骗了！ #直播带货 #电商,抖音视频,创作者视频,字节跳动/头条系,True,True,7663024426014756105,视频,说明/其他,直播运营,False,1,1,1,
https://www.douyin.com/video/7663028793648912356,https://www.douyin.com/video/7663028793648912356,douyin.com,某音变天了，3 成成交是用户自己搜出来的#电商#真实生活分享计划,抖音视频,创作者视频,字节跳动/头条系,True,True,7663028793648912356,视频,说明/其他,综合运营/其他,False,1,1,1,
https://www.douyin.com/video/7663039481909929125,https://www.douyin.com/video/7663039481909929125,douyin.com,2026抖店新版数据提取手册来啦📊。抖店明明爆单却赚不到钱？试试这份数据提取手册！我用下来感觉真的能解决不少问题～  #电商会计核算 #售后 #电商会计常用表格 #干货学习笔记 #抖店,抖音视频,创作者视频,字节跳动/头条系,True,True,7663039481909929125,视频,教程/操作指南,店铺/商品/商城,True,1,1,1,
https://www.douyin.com/video/7663294540636582586,https://www.douyin.com/video/7663294540636582586,douyin.com,有没有入局的？难吗？#创作者扶持计划  #创作者服务中心 #创作者激励计划 #创作热词计划#抖音玩法合伙人计划,抖音视频,创作者视频,字节跳动/头条系,True,True,7663294540636582586,视频,说明/其他,综合运营/其他,False,1,1,1,
https://www.douyin.com/video/7663316218384840297,https://www.douyin.com/video/7663316218384840297,douyin.com,挖掘垂类蓝海单品如何入手？Q1：挖掘垂类细分蓝海单品，如何从大盘趋势中锁定高潜力类目？ A1： 挖掘蓝海单品的第一步不是找单品，而是先看类目大盘是否有结构性机会。正确的做法是跳过单品榜单，先做类目需求,抖音视频,创作者视频,字节跳动/头条系,True,True,7663316218384840297,视频,教程/操作指南,综合运营/其他,True,1,1,1,
https://www.douyin.com/video/7663352091825747813,https://www.douyin.com/video/7663352091825747813,douyin.com,千川核心数据怎么看#电商运营 #千川投放技巧 #电商,抖音视频,创作者视频,字节跳动/头条系,True,True,7663352091825747813,视频,教程/操作指南,广告投放,True,1,1,1,
https://www.douyin.com/video/7663398826769763599,https://www.douyin.com/video/7663398826769763599,douyin.com,控成本和放量切换的时机，ROI说了不算 #千川#千川投放技巧#千川运营#千川代投#直播带货,抖音视频,创作者视频,字节跳动/头条系,True,True,7663398826769763599,视频,说明/其他,直播运营,False,1,1,1,
https://www.douyin.com/video/7663450445389707685,https://www.douyin.com/video/7663450445389707685,douyin.com,店群运营效率翻倍｜管理抖店、拼多多、快手。分享一款简单易上手的数据管理软件：算晓账 ▪️零基础操作，自动抓取店铺全部订单数据 ▪️一键核算单店/全店净利润，各项成本清晰拆分 ▪️运营数据直观解析，看懂,抖音视频,创作者视频,字节跳动/头条系,True,True,7663450445389707685,视频,教程/操作指南,店铺/商品/商城,True,1,1,1,
https://www.douyin.com/video/7663692145636165184,https://www.douyin.com/video/7663692145636165184,douyin.com,"做切片需要了解哪些基础数据？数据看不懂就是瞎做,今天把最重要的七个数据指标给你讲清楚😅  第一个是播放量,就是你的视频被多少人看到了💡播放量代表流量池大小,新号一般几百到几千,爆款能到几万甚至几十万,播放量是基础指标,但不是唯一指标,有播放量不代表有转化。  第二个是完播率,用户把你的视频看完的比例,这个指标特别重要✨完播率高说明内容吸引人,平台会给更多推流,一般完播率要达到50%以上才算合格,6",抖音视频,创作者视频,字节跳动/头条系,True,True,7663692145636165184,视频,推荐/对比/清单,短视频内容,False,1,1,1,
https://www.douyin.com/video/7663748484931511963,https://www.douyin.com/video/7663748484931511963,douyin.com,用好抖音的免费工具，找到爆款密码 学会用好抖音的两个免费工具，找到视频的爆款密码#干货知识分享 #只讲干货不讲废话 #免费工具教程 #每天进步一点点 #抖音小助手我要上热门,抖音视频,创作者视频,字节跳动/头条系,True,True,7663748484931511963,视频,教程/操作指南,短视频内容,True,1,1,1,
https://www.douyin.com/video/7664265201022530767,https://www.douyin.com/video/7664265201022530767,douyin.com,投放做数据分析核心只看这三个指标！ 广告投放做数据分析，数据越多越要抓核心 。 #广告投放数据 #投手复盘 #电商数据分析 #千川数据分析 #直播数据分析,抖音视频,创作者视频,字节跳动/头条系,True,True,7664265201022530767,视频,案例/复盘,直播运营,False,1,1,1,
https://www.douyin.com/video/7664515818081126056,https://www.douyin.com/video/7664515818081126056,douyin.com,"切片限流原因自查清单。当你的账号突然流量下降或者某条视频数据特别差的时候,先别急着怀疑是不是账号被限流了,可以按照这个自查清单逐一排查原因,很多时候不是平台限流而是内容本身有问题 🔍  首先查内容质量",抖音视频,创作者视频,字节跳动/头条系,True,True,7664515818081126056,视频,推荐/对比/清单,短视频内容,False,1,1,1,
https://www.douyin.com/video/7664809837809005156,https://www.douyin.com/video/7664809837809005156,douyin.com,选品运营这样拆竞品结构找差异！Q1: 抖音怎么借助竞品热销榜反向选品，先看大盘还是先盯单品？  A1: 反向选品的第一步不是直接模仿爆款，而是先看类目大盘的供需结构，判断赛道是否还有空间。如果某个品类,抖音视频,创作者视频,字节跳动/头条系,True,True,7664809837809005156,视频,教程/操作指南,店铺/商品/商城,True,1,1,1,
https://www.douyin.com/video/7664839117818262117,https://www.douyin.com/video/7664839117818262117,douyin.com,后台显示正常，发作品个位数 #我要上热门 @抖音小助手 按步骤操作找原因#抖加小助手,抖音视频,创作者视频,字节跳动/头条系,True,True,7664839117818262117,视频,教程/操作指南,综合运营/其他,True,1,1,1,
https://www.douyin.com/video/7664857120189613696,https://www.douyin.com/video/7664857120189613696,douyin.com,电商主播必存直播复盘全套方法论 4步闭环复盘，拆解停留、转化、流量结构核心指标，找到直播间所有短板，越播越稳。#干货知识分享 #知识点整理 #知识点汇总,抖音视频,创作者视频,字节跳动/头条系,True,True,7664857120189613696,视频,案例/复盘,直播运营,False,1,1,1,
https://www.douyin.com/video/7664866617663212709,https://www.douyin.com/video/7664866617663212709,douyin.com,蝉龙虾全域数据分析怎么落地选品？Q1：蝉龙虾全域数据分析怎么落地到选品环节？找爆品该看哪些指标？ A1： 选品不是凭感觉，而是基于全网商品数据做趋势判断和竞争分析。运营团队需要先把抖音电商的商品池看作,抖音视频,创作者视频,字节跳动/头条系,True,True,7664866617663212709,视频,教程/操作指南,店铺/商品/商城,True,1,1,1,
https://www.douyin.com/video/7665189113079778734,https://www.douyin.com/video/7665189113079778734,douyin.com,傲雪梅_抖音,抖音视频,创作者视频,字节跳动/头条系,True,True,7665189113079778734,视频,说明/其他,综合运营/其他,False,1,1,1,
https://www.douyin.com/video/7665215890782260526,https://www.douyin.com/video/7665215890782260526,douyin.com,独家流量截流打法｜查出偷你流量的50个竞品，反向薅光对方客群 #千川 #千川投放技巧 #全域 #千川投流,抖音视频,创作者视频,字节跳动/头条系,True,True,7665215890782260526,视频,说明/其他,广告投放,False,1,1,1,
https://www.douyin.com/video/7665229155093538212,https://www.douyin.com/video/7665229155093538212,douyin.com,抖音商品销量查询全攻略，三种方法轻松获取 Q1: 抖音商品销量数据怎么查 A1: 首选抖音电商罗盘，在你的后台可以直接查看店铺内商品的详细销量、转化率和访客数据，这是最权威的官方渠道。  Q2: 抖音,抖音视频,创作者视频,字节跳动/头条系,True,True,7665229155093538212,视频,教程/操作指南,店铺/商品/商城,True,1,1,1,
https://www.douyin.com/video/7665235777676924645,https://www.douyin.com/video/7665235777676924645,douyin.com,抖音直播数据查哪里？三步搞定大盘、自身与复盘 Q1: 抖音直播数据在哪查 A1: 第一步看大盘风向，用抖音电商罗盘查看官方人气榜、带货榜和小时榜，了解行业热度。  Q2: 抖音直播数据在哪查 A2:,抖音视频,创作者视频,字节跳动/头条系,True,True,7665235777676924645,视频,案例/复盘,直播运营,False,1,1,1,
https://www.douyin.com/video/7665244911881986496,https://www.douyin.com/video/7665244911881986496,douyin.com,抖音短视频流量来源不明？3个查法一次讲清 Q1: 抖音短视频流量来源不明怎么查 A1: 先去抖音后台的“作品数据分析”里，看“观众来源”这个板块，能清楚看到主页浏览、粉丝、推荐流等不同渠道的具体占比。,抖音视频,创作者视频,字节跳动/头条系,True,True,7665244911881986496,视频,教程/操作指南,短视频内容,True,1,1,1,
https://www.douyin.com/video/7665261194525262053,https://www.douyin.com/video/7665261194525262053,douyin.com,#数据对比功能 #耗电分析,抖音视频,创作者视频,字节跳动/头条系,True,True,7665261194525262053,视频,推荐/对比/清单,数据工具/分析,False,1,1,1,
https://www.douyin.com/video/7665289630447169701,https://www.douyin.com/video/7665289630447169701,douyin.com,抖财神，抖店运营，商机提报，ai做图，选品 抖财神——抖店选品神器 支持关键词，全店采集，ai作图，商机提报，实时榜单，蓝海词采集，阿里采集，店铺管理等#抖财神 #商机提报 #ai作图 #抖店选品 #电商运营,抖音视频,创作者视频,字节跳动/头条系,True,True,7665289630447169701,视频,说明/其他,店铺/商品/商城,False,1,1,1,
https://www.douyin.com/video/7665304628977228923,https://www.douyin.com/video/7665304628977228923,douyin.com,平台分配抖音推流，只看这4个核心数据 最后总结重点，抖音推流不靠运气，冷启动数据、四项核心互动指标、账号权重、长尾价值，共同决定你的流量上限。做好三秒钩子、打造收藏干货、引导评论、维护账号权重四件事，就能持续拿到平台自然抖音推流。内容干货满满，建议点赞收藏，后续持续更新更多抖音官方运营规则干货。#抖音干货 #抖音流量 #抖音推流机制 #新手做抖音 #短视频算法,抖音视频,创作者视频,字节跳动/头条系,True,True,7665304628977228923,视频,推荐/对比/清单,短视频内容,False,1,1,1,
https://www.douyin.com/video/7665383096896973211,https://www.douyin.com/video/7665383096896973211,douyin.com,这3个选品技巧，专治不出单！特别适合出单量很少、流量很低的账号！#短视频带货 #选品 #带货选品 #自媒体创业 #短视频创业,抖音视频,创作者视频,字节跳动/头条系,True,True,7665383096896973211,视频,说明/其他,达人/带货,False,1,1,1,
https://www.douyin.com/video/7665478369882670693,https://www.douyin.com/video/7665478369882670693,douyin.com,五维四率：透过数据看本质#全域计划 #乘方计划 #直播间诊断,抖音视频,创作者视频,字节跳动/头条系,True,True,7665478369882670693,视频,方法论/策略,直播运营,True,1,1,1,
https://www.douyin.com/video/7665595671017229619,https://www.douyin.com/video/7665595671017229619,douyin.com,"数据不过百，不是抖音抛弃你，是你没找到问题在哪 第一步：看流量来源，确认系统有没有推荐
第二步：看2秒跳出率，判断开篇有没有赶人
按照这个顺序操作，你就能自己找出问题所在。
数据标准参考图放在视频末尾，可以截图保存。
如果按照这个方法操作后发现需要进一步调整，可以把问题发在评论区，我看到了会回复。#短视频创业 #自媒体创业 #短视频运营#新人如何做抖音 #口播",抖音视频,创作者视频,字节跳动/头条系,True,True,7665595671017229619,视频,教程/操作指南,短视频内容,True,1,1,1,
https://www.douyin.com/video/7665619992772494181,https://www.douyin.com/video/7665619992772494181,douyin.com,上线没多久就下线了，看不到同行的投产了！平台你是怕啥？还是为了减少竞争压力？,抖音视频,创作者视频,字节跳动/头条系,True,True,7665619992772494181,视频,推荐/对比/清单,数据工具/分析,False,1,1,1,
https://www.douyin.com/video/7665620318954708715,https://www.douyin.com/video/7665620318954708715,douyin.com,品牌减少分销后，如何监控种草和成交效率？Q1: 品牌减少分销后，抖音内容种草的重点会从“铺量”转向什么？  A1: 品牌减少分销，核心是把原本分散给渠道的种草内容和达人预算，集中收回到官方阵地，做“统一表达+稳定承接”。种草不是不做了，而是打法逻辑变了。 ①从“多账号铺量”转向“官号+垂类达人深度内容”。减少分销后，品牌会更重视官方蓝V账号的内容建设，把短视频做成品牌说明书、场景解决方案和信任背书,抖音视频,创作者视频,字节跳动/头条系,True,True,7665620318954708715,视频,教程/操作指南,达人/带货,True,1,1,1,
https://www.douyin.com/video/7665919438579323635,https://www.douyin.com/video/7665919438579323635,douyin.com,如何快速的找到你同行的爆款视频 #电商 #电商人 #电商罗盘 #小富婆罗盘助手,抖音视频,创作者视频,字节跳动/头条系,True,True,7665919438579323635,视频,教程/操作指南,短视频内容,True,1,1,1,
https://www.douyin.com/video/7665945969582621050,https://www.douyin.com/video/7665945969582621050,douyin.com,#电商人#电商运营,抖音视频,创作者视频,字节跳动/头条系,True,True,7665945969582621050,视频,说明/其他,综合运营/其他,False,1,1,1,
https://www.douyin.com/video/7665976939085542116,https://www.douyin.com/video/7665976939085542116,douyin.com,抖音短视频流量来源不明？3个查法一次讲清 Q1: 抖音短视频流量来源不明怎么查 A1: 先去抖音后台的“作品数据分析”里，看“观众来源”这个板块，能清楚看到主页浏览、粉丝、推荐流等不同渠道的具体占比。,抖音视频,创作者视频,字节跳动/头条系,True,True,7665976939085542116,视频,教程/操作指南,短视频内容,True,1,1,1,
https://www.douyin.com/video/7665982164169636770,https://www.douyin.com/video/7665982164169636770,douyin.com,复盘必看：直播回放和评论，高效分析方法揭秘 Q1: 直播结束后，回放从哪里找最全最方便？ A1: 最直接的渠道是抖音APP，可以去达人主页看“作品”栏，找到直播片段；但完整回放和详细数据，建议使用专业,抖音视频,创作者视频,字节跳动/头条系,True,True,7665982164169636770,视频,案例/复盘,直播运营,False,1,1,1,
https://www.douyin.com/video/7665982537064187023,https://www.douyin.com/video/7665982537064187023,douyin.com,短视频转化效果提升秘籍：数据分析三步走 Q1: 直播结束后，回放从哪里找最全最方便？ A1: 最直接的渠道是抖音APP，可以去达人主页看“作品”栏，找到直播片段；但完整回放和详细数据，建议使用专业的抖,抖音视频,创作者视频,字节跳动/头条系,True,True,7665982537064187023,视频,说明/其他,直播运营,False,1,1,1,
https://www.douyin.com/video/7666340249982749994,https://www.douyin.com/video/7666340249982749994,douyin.com,千川投手必存：七指标排查法，素材诊断从玄学变科学 #千川#千川投放技巧#千川运营#直播投流#直播投流运营,抖音视频,创作者视频,字节跳动/头条系,True,True,7666340249982749994,视频,方法论/策略,直播运营,True,1,1,1,
https://www.douyin.com/video/7666349298041807488,https://www.douyin.com/video/7666349298041807488,douyin.com,三步反推同行ROI 摸清付费打法 拆解爆款素材#直播电商真相 #直播带货 #直播起号 #新人直播 #千川代投,抖音视频,创作者视频,字节跳动/头条系,True,True,7666349298041807488,视频,案例/复盘,直播运营,False,1,1,1,
https://www.douyin.com/video/7666358166297355519,https://www.douyin.com/video/7666358166297355519,douyin.com,全域新规后直播间流量暴跌？你可能还在死磕错误指标 #千川 #全域#直播运营 #电商 #千川投放技巧,抖音视频,创作者视频,字节跳动/头条系,True,True,7666358166297355519,视频,方法论/策略,直播运营,True,1,1,1,
https://www.douyin.com/video/7666440328979264966,https://www.douyin.com/video/7666440328979264966,douyin.com,#账号运营 #自媒体新手入门指南,抖音视频,创作者视频,字节跳动/头条系,True,True,7666440328979264966,视频,教程/操作指南,综合运营/其他,True,1,1,1,
https://www.douyin.com/video/7666443017762376987,https://www.douyin.com/video/7666443017762376987,douyin.com,直播大屏复盘怎么看？直播复盘看什么？ #主播培训 #主播培训唐sir #流量方舟 #直播复盘 #创业,抖音视频,创作者视频,字节跳动/头条系,True,True,7666443017762376987,视频,教程/操作指南,直播运营,True,1,1,1,
https://www.douyin.com/video/7666722897042766769,https://www.douyin.com/video/7666722897042766769,douyin.com,#真实生活分享计划 #电商运营知识分享#账号检查 #自助清粉,抖音视频,创作者视频,字节跳动/头条系,True,True,7666722897042766769,视频,说明/其他,综合运营/其他,False,1,1,1,
https://www.douyin.com/video/7667017772307871951,https://www.douyin.com/video/7667017772307871951,douyin.com,账号检测，看清流量 视频播放总卡在几百，别盲目改内容！30秒账号检测，一眼查出是否暗限流#抖音账号检测教程 #短视频限流自查方法 #自媒体流量干货 #抖音创作者中心技巧 #新手做抖音避坑指南,抖音视频,创作者视频,字节跳动/头条系,True,True,7667017772307871951,视频,教程/操作指南,短视频内容,True,1,1,1,
https://www.douyin.com/video/7667046319621442854,https://www.douyin.com/video/7667046319621442854,douyin.com,抖店被判“品牌资质缺失/不符”别慌！💔 核心在于补齐真实有效的链路。  ✅紧急操作指南 1⃣ 立刻下掉违规链接，去后台“奖惩中心”看清缺的是商标证、授权书还是进货链路。 2⃣ 申诉重点材料：  品牌方给的一级/二级完整授权链（必须体现抖店主体）。  商标注册证。  若拿不到完整链路，找源头工厂开据的进货单+付款凭证也认。 #品牌资质缺失 #品牌资质缺失不符 #品牌资质缺失不符抖店违规,抖音视频,创作者视频,字节跳动/头条系,True,True,7667046319621442854,视频,教程/操作指南,店铺/商品/商城,True,1,1,1,
https://www.douyin.com/video/7667077952869387561,https://www.douyin.com/video/7667077952869387561,douyin.com,2026新手开抖店必备工具有哪些？抖店+飞鸽+电商罗盘+抖大侠上货+抖大侠一键下单，官方免费软件到上货以及订单，最实用的软件，一条视频讲解清楚！#抖大侠  #抖店干货  #抖大侠一键下单  #上货软件  #抖店工具,抖音视频,创作者视频,字节跳动/头条系,True,True,7667077952869387561,视频,推荐/对比/清单,短视频内容,False,1,1,1,
https://www.douyin.com/video/7667098231234408630,https://www.douyin.com/video/7667098231234408630,douyin.com,竞品小店数据怎么拆解？4个维度看透商品、达人与流量 Q1: 怎么拆解竞品小店商品结构？ A1: 核心看品类与价格带分布。进入蝉妈妈「小店-小店库」，搜竞品名点详情，在「基础分析-小店经营Top」查看品,抖音视频,创作者视频,字节跳动/头条系,True,True,7667098231234408630,视频,教程/操作指南,达人/带货,True,1,1,1,
https://www.douyin.com/video/7667144566784412974,https://www.douyin.com/video/7667144566784412974,douyin.com,新手带货到底应该看什么数据？#短视频带货#短视频创业,抖音视频,创作者视频,字节跳动/头条系,True,True,7667144566784412974,视频,说明/其他,达人/带货,False,1,1,1,
https://www.douyin.com/video/7667252260599524799,https://www.douyin.com/video/7667252260599524799,douyin.com,直播带货复盘从哪里看数据 #电商直播干货 #电商人实话 #创业电商人 #干货分享复盘,抖音视频,创作者视频,字节跳动/头条系,True,True,7667252260599524799,视频,案例/复盘,直播运营,False,1,1,1,
https://www.douyin.com/video/7667379399448104226,https://www.douyin.com/video/7667379399448104226,douyin.com,千川全域 | 同行的roi你还不会看吗？ #千川 #直播运营 #电商 #信息流广告 #电商运营,抖音视频,创作者视频,字节跳动/头条系,True,True,7667379399448104226,视频,说明/其他,直播运营,False,1,1,1,
https://www.douyin.com/video/7667542836896118342,https://www.douyin.com/video/7667542836896118342,douyin.com,店铺突然下滑，一招搞清楚是被哪些竞店竞品抢走了。#运营陪跑 #包装运营 #包装代运营 #竞品分析,抖音视频,创作者视频,字节跳动/头条系,True,True,7667542836896118342,视频,说明/其他,店铺/商品/商城,False,1,1,1,
https://www.douyin.com/video/7667805168805918577,https://www.douyin.com/video/7667805168805918577,douyin.com,新规下暗限流量自救指南 #自媒体运营干货 #创作者中心 #创作灵感  #短视频入门    #零基础教学,抖音视频,创作者视频,字节跳动/头条系,True,True,7667805168805918577,视频,教程/操作指南,短视频内容,True,1,1,1,
https://www.douyin.com/video/7667837258825589887,https://www.douyin.com/video/7667837258825589887,douyin.com,今天又一期实操干货 短视频带货的姐妹，以后肯定能用得到，赶紧点赞收藏起来吧#短视频带货 #抖音 #模仿,抖音视频,创作者视频,字节跳动/头条系,True,True,7667837258825589887,视频,说明/其他,达人/带货,False,1,1,1,
https://www.douyin.com/video/7667919830646111849,https://www.douyin.com/video/7667919830646111849,douyin.com,天天拼命拍视频，越更新流量越差，其实不是内容不行，而是你根本 不会看后台数据！#dou上热门 #口播 #自媒体干货,抖音视频,创作者视频,字节跳动/头条系,True,True,7667919830646111849,视频,说明/其他,短视频内容,False,1,1,1,
https://www.douyin.com/video/7667929377456442303,https://www.douyin.com/video/7667929377456442303,douyin.com,抖音没有违规，但是流量断线下降是什么原因？#流量运营 #新手博主成长记 #流量提升小妙招 #自媒体创作者 #流量运营干货分享,抖音视频,创作者视频,字节跳动/头条系,True,True,7667929377456442303,视频,说明/其他,综合运营/其他,False,1,1,1,
https://www.douyin.com/video/7668128469490760512,https://www.douyin.com/video/7668128469490760512,douyin.com,电商GMV突然下滑？0基础实操排查攻略。GMV暴跌精准排查干货 ✅第一步：辨真假跌 核对数据口径、系统埋点、周期波动，排除虚假下滑 ✅第二步：公式拆解定位问题 GMV=流量UV×转化率×客单价，锁定核,抖音视频,创作者视频,字节跳动/头条系,True,True,7668128469490760512,视频,教程/操作指南,数据工具/分析,True,1,1,1,
https://www.douyin.com/video/7668201468323395398,https://www.douyin.com/video/7668201468323395398,douyin.com,季节性爆品怎么预判？蝉妈妈3步锁定趋势 Q1: 季节性爆品怎么提前预判趋势？ A1: 核心看历史同期数据与当前热度增速。进入蝉妈妈「首页趋势分析-商品热度分析」，输入品类关键词，选择近30天及去年同周,抖音视频,创作者视频,字节跳动/头条系,True,True,7668201468323395398,视频,教程/操作指南,店铺/商品/商城,True,1,1,1,
https://www.douyin.com/video/7668240287763893545,https://www.douyin.com/video/7668240287763893545,douyin.com,借助豆包，思维火花绽放,抖音视频,创作者视频,字节跳动/头条系,True,True,7668240287763893545,视频,说明/其他,综合运营/其他,False,1,1,1,
https://www.douyin.com/video/7668247535625981218,https://www.douyin.com/video/7668247535625981218,douyin.com,建议所有博主，都用飞书多维表格做素材管理！ #飞书多维表格#作品拆解#自媒体运营#打工人效率神器#素材管理,抖音视频,创作者视频,字节跳动/头条系,True,True,7668247535625981218,视频,说明/其他,综合运营/其他,False,1,1,1,
https://www.douyin.com/video/7668275080590713065,https://www.douyin.com/video/7668275080590713065,douyin.com,直播间越投越亏？你真的会看基础运营数据吗？ #真实生活分享计划 #千川 #直播运营 #直播带货 #千川投放技巧,抖音视频,创作者视频,字节跳动/头条系,True,True,7668275080590713065,视频,说明/其他,直播运营,False,1,1,1,
https://www.douyin.com/video/7668283049360117019,https://www.douyin.com/video/7668283049360117019,douyin.com,#千川 #千川投放技巧 #全域 #电商 #千川投放,抖音视频,创作者视频,字节跳动/头条系,True,True,7668283049360117019,视频,说明/其他,广告投放,False,1,1,1,
https://www.douyin.com/video/7668631199196002725,https://www.douyin.com/video/7668631199196002725,douyin.com,视频持续三五百播放别硬发！两种流量困境自查办法 多条作品播放持续低迷，分享我实操总结的账号自查方法。 流量不理想大多分为两类：账号存在违规记录、自然推荐分发不足。 按照步骤逐项核对，理性调整内容节奏。 温馨提示：自查仅辅助寻找问题，流量好坏最终取决于内容质量。#短视频运营 #自媒体干货#普通人做自媒体#我要上热门#抖加小助手,抖音视频,创作者视频,字节跳动/头条系,True,True,7668631199196002725,视频,教程/操作指南,短视频内容,True,1,1,1,
https://www.douyin.com/video/7668953152423914353,https://www.douyin.com/video/7668953152423914353,douyin.com,新手必看｜抖店后台导出步骤！ 新手必看｜抖店后台导出步骤！ 做抖店财务/运营的宝子集合！整理了订单、资金、结算、运费险全表格导出路径，从后台操作到下载一步到位，对账报税直接照抄～ 🔍订单表格导出（含明细+售后） 1. 登录抖店后台 → 左侧【订单】→ 【订单管理】 2. 筛选下单时间/订单状态（待发货/已完成等），点击【导出查询订单】 3. 选择报表类型：标准报表（84个全字段）或自定义报表（按需,抖音视频,创作者视频,字节跳动/头条系,True,True,7668953152423914353,视频,教程/操作指南,店铺/商品/商城,True,1,1,1,
https://www.douyin.com/video/7669287841574161679,https://www.douyin.com/video/7669287841574161679,douyin.com,千川预算被站外吃光？三步拉黑西瓜头条火山 #千川投放技巧 #直播 #电商 #电商带货 #直播带货,抖音视频,创作者视频,字节跳动/头条系,True,True,7669287841574161679,视频,说明/其他,直播运营,False,1,1,1,
https://www.douyin.com/video/7669770830667636901,https://www.douyin.com/video/7669770830667636901,douyin.com,#建言抖音商城 #建言抖音商城 #电商运营 #直播电商,抖音视频,创作者视频,字节跳动/头条系,True,True,7669770830667636901,视频,说明/其他,直播运营,False,1,1,1,
https://www.douyin.com/video/7669805057965149475,https://www.douyin.com/video/7669805057965149475,douyin.com,花费5小时，我搭建了个人专属数据看板 #在线学习 #新媒体 #AI学习 #自媒体干货 #AI智能体,抖音视频,创作者视频,字节跳动/头条系,True,True,7669805057965149475,视频,说明/其他,数据工具/分析,False,1,1,1,
https://www.douyin.com/video/7670030071088411122,https://www.douyin.com/video/7670030071088411122,douyin.com,## #抖音玩法达人中心 #抖上热门 #巨量算数 #活跃账号 @DOU+小助手,抖音视频,创作者视频,字节跳动/头条系,True,True,7670030071088411122,视频,说明/其他,达人/带货,False,1,1,1,
https://douyinec.com/article/3,https://douyinec.com/article/3,douyinec.com,《2021抖音电商商家经营方法论白皮书》正式发布，激发兴趣电商新增量,其他外部来源,身份权威性未知,所有者未核实,False,False,,图文/网页,方法论/策略,综合运营/其他,True,1,1,1,
https://douyinec.com/article/4,https://douyinec.com/article/4,douyinec.com,《2021抖音电商生态发展报告》重磅首发,其他外部来源,身份权威性未知,所有者未核实,False,False,,图文/网页,行业资讯/报告,综合运营/其他,False,1,1,1,
https://sf3-cdn-tos.douyinstatic.com/obj/ies-hotsoon-draft/douyin_agreement/privacy.html,https://sf3-cdn-tos.douyinstatic.com/obj/ies-hotsoon-draft/douyin_agreement/privacy.html,douyinstatic.com,“抖音”隐私政策,其他外部来源,身份权威性未知,所有者未核实,False,False,,图文/网页,说明/其他,综合运营/其他,False,1,1,1,
https://sf3-cdn-tos.douyinstatic.com/obj/ies-hotsoon-draft/douyin_agreement/privacy.html?hide_nav_bar=1,https://sf3-cdn-tos.douyinstatic.com/obj/ies-hotsoon-draft/douyin_agreement/privacy.html?hide_nav_bar=1,douyinstatic.com,“抖音”隐私政策,其他外部来源,身份权威性未知,所有者未核实,False,False,,图文/网页,说明/其他,综合运营/其他,False,1,1,1,
https://m.downkuai.com/android/156769.html,https://m.downkuai.com/android/156769.html,downkuai.com,考古加App官方版下载-考古加数据App下载 v4.8.5安卓版-当快软件园手机版,其他外部来源,身份权威性未知,所有者未核实,False,False,,图文/网页,说明/其他,数据工具/分析,False,1,1,1,
https://m.downxia.com/downinfo/321024.html,https://m.downxia.com/downinfo/321024.html,downxia.com,蝉妈妈APP下载|蝉妈妈 V4.27.3 安卓版下载_当下软件园,其他外部来源,身份权威性未知,所有者未核实,False,False,,图文/网页,说明/其他,综合运营/其他,False,1,1,1,
https://downza.cn/soft/10430232.html,https://downza.cn/soft/10430232.html,downza.cn,灰豚数据app下载_灰豚数据安卓版下载[办公商务]-下载之家,其他外部来源,身份权威性未知,所有者未核实,False,False,,图文/网页,说明/其他,数据工具/分析,False,1,1,1,
https://m.downza.cn/soft/10430232.html,https://m.downza.cn/soft/10430232.html,downza.cn,灰豚数据app下载_灰豚数据安卓版下载[办公商务]-下载之家,其他外部来源,身份权威性未知,所有者未核实,False,False,,图文/网页,说明/其他,数据工具/分析,False,1,1,1,
https://lf3-cdn-tos.draftstatic.com/obj/ies-hotsoon-draft/qianchuan/069f8f17-5d45-4e12-9342-ad4d411db275.html,https://lf3-cdn-tos.draftstatic.com/obj/ies-hotsoon-draft/qianchuan/069f8f17-5d45-4e12-9342-ad4d411db275.html,draftstatic.com,巨量千川商业合作授权协议,其他外部来源,身份权威性未知,所有者未核实,False,False,,图文/网页,说明/其他,广告投放,False,1,1,1,
https://dtbwjqt.cn/xinmeiticehua/1646.html,https://dtbwjqt.cn/xinmeiticehua/1646.html,dtbwjqt.cn,抖音千川投放数据复盘|抖音千川投放数据深度复盘优化实操方法_酩娜信息,其他外部来源,身份权威性未知,所有者未核实,False,False,,图文/网页,案例/复盘,广告投放,False,1,1,1,
https://duntools.com/douyin-keyword-base,https://duntools.com/douyin-keyword-base,duntools.com,自动抓取抖音关键词搜索结果并同步多维表格:用n8n工作流实现以及对抖音搜索机制的一点认知 - 吨师傅工具箱,其他外部来源,身份权威性未知,所有者未核实,False,False,,图文/网页,推荐/对比/清单,数据工具/分析,False,1,1,1,
https://duoduocm.com/2395.html,https://duoduocm.com/2395.html,duoduocm.com,抖音小店分析同行直播间付费比例和流量来源方法 - 多多参谋,其他外部来源,身份权威性未知,所有者未核实,False,False,,图文/网页,方法论/策略,直播运营,True,1,1,1,
https://duoduocm.com/683.html,https://duoduocm.com/683.html,duoduocm.com,蝉妈妈数据从哪里来，精准吗 - 多多参谋,其他外部来源,身份权威性未知,所有者未核实,False,False,,图文/网页,说明/其他,数据工具/分析,False,1,1,1,
https://duoduocm.com/685.html,https://duoduocm.com/685.html,duoduocm.com,蝉妈妈数据准不准，是抓的吗 - 多多参谋,其他外部来源,身份权威性未知,所有者未核实,False,False,,图文/网页,说明/其他,数据工具/分析,False,1,1,1,
https://dzwww.com/px/j_b22f6/0_1329ea.shtml,https://dzwww.com/px/j_b22f6/0_1329ea.shtml,dzwww.com,杭州短视频中控系统运营课_短视频中控系统运营课-杭州萄子教育,其他外部来源,身份权威性未知,所有者未核实,False,False,,图文/网页,说明/其他,短视频内容,False,1,1,1,
https://e4w.cn/sites/1251.html,https://e4w.cn/sites/1251.html,e4w.cn,巨量算数官网 - 巨量算数是巨量引擎旗下内容消费趋势洞察品牌，开放算数指数、算数榜单等营销分析工具，满足企业、营销从业者、创作者等数据洞察需求-企小兔,其他外部来源,身份权威性未知,所有者未核实,False,False,,图文/网页,推荐/对比/清单,数据工具/分析,False,1,1,1,
https://share.echotik.live/,https://share.echotik.live/,echotik.live,TikTok 短视频直播电商数据分析平台_EchoTik,其他外部来源,身份权威性未知,所有者未核实,False,False,,图文/网页,推荐/对比/清单,直播运营,False,1,1,1,
https://ecommerceparadise.com/winninghunter-vs-kalodata,https://ecommerceparadise.com/winninghunter-vs-kalodata,ecommerceparadise.com,Winning Hunter vs Kalodata 2026: Shopify Dropshipping vs TikTok Shop Native Intel,其他外部来源,身份权威性未知,所有者未核实,False,False,,图文/网页,说明/其他,综合运营/其他,False,1,1,1,
https://m.eefung.com/company-news/20260427105407131,https://m.eefung.com/company-news/20260427105407131,eefung.com,哪里可以找到短视频敏感词检测工具?这几个实用途径别错过_舆情应对_蚁坊软件,其他外部来源,身份权威性未知,所有者未核实,False,False,,图文/网页,推荐/对比/清单,短视频内容,False,1,1,1,
https://m.eefung.com/company-news/20260703155414342,https://m.eefung.com/company-news/20260703155414342,eefung.com,短视频合规检测渠道梳理|主流平台检测工具汇总_舆情应对_蚁坊软件,其他外部来源,身份权威性未知,所有者未核实,False,False,,图文/网页,推荐/对比/清单,短视频内容,False,1,1,1,
https://eeo.com.cn/2026/0116/779984.shtml,https://eeo.com.cn/2026/0116/779984.shtml,eeo.com.cn,320亿降本见成效 抖音电商加码商家扶持 - 经济观察网 - 专业财经新闻网站,其他外部来源,身份权威性未知,所有者未核实,False,False,,图文/网页,说明/其他,综合运营/其他,False,1,1,1,
https://elurens.com/douyinyouhua/41112.html,https://elurens.com/douyinyouhua/41112.html,elurens.com,抖音小店营业额哪里看?多渠道查询方法详解_e路人seo优化,其他外部来源,身份权威性未知,所有者未核实,False,False,,图文/网页,方法论/策略,综合运营/其他,True,1,1,1,
https://eshutong.com/template-detail?post=187,https://eshutong.com/template-detail?post=187,eshutong.com,E数通-模版详情,其他外部来源,身份权威性未知,所有者未核实,False,False,,图文/网页,说明/其他,综合运营/其他,False,1,1,1,
https://explinks.com/blog/python-automate-orders-code-example,https://explinks.com/blog/python-automate-orders-code-example,explinks.com,Python 实现自动化订单管理:利用抖店电商开放平台 API 轻松处理订单 - 幂简集成,其他外部来源,身份权威性未知,所有者未核实,False,False,,图文/网页,推荐/对比/清单,店铺/商品/商城,False,1,1,1,
https://23813463.s21i.faiusr.com/61/ABUIABA9GAAgt4X2gwYowOKc8wI.pdf,https://23813463.s21i.faiusr.com/61/ABUIABA9GAAgt4X2gwYowOKc8wI.pdf,faiusr.com,2020年双十一期间抖音直播营销报告,其他外部来源,身份权威性未知,所有者未核实,False,False,,PDF/图文报告,行业资讯/报告,直播运营,False,1,1,1,
https://fanqienovel.com/reader/7350202801173040166,https://fanqienovel.com/reader/7350202801173040166,fanqienovel.com,零基础玩转抖音电商第五章 短视频引流技巧:玩转抖音，提升转化在线免费阅读_番茄小说官网,其他外部来源,身份权威性未知,所有者未核实,False,False,,图文/网页,说明/其他,短视频内容,False,1,1,1,
https://fanqienovel.com/reader/7498544213315830297,https://fanqienovel.com/reader/7498544213315830297,fanqienovel.com,抖音电商运营培训第3章 基础工具使用在线免费阅读_番茄小说官网,其他外部来源,身份权威性未知,所有者未核实,False,False,,图文/网页,推荐/对比/清单,数据工具/分析,False,1,1,1,
https://bbs.fanruan.com/thread-152286-1-1.html,https://bbs.fanruan.com/thread-152286-1-1.html,fanruan.com,解决方案|九数云 X 飞书:让协作有数据支撑，让管理形成闭环-我的帆软,企业官网/工具平台,企业或垂直站点,外部企业,False,False,,图文/网页,说明/其他,数据工具/分析,False,1,1,1,
https://fanruan.com/blog/article/120347,https://fanruan.com/blog/article/120347,fanruan.com,抖音热点数据分析工具有哪些 | 帆软数字化转型知识库,企业官网/工具平台,企业或垂直站点,外部企业,False,False,,图文/网页,推荐/对比/清单,数据工具/分析,False,1,1,1,
https://fanruan.com/blog/article/1601400,https://fanruan.com/blog/article/1601400,fanruan.com,抖音数据分析工具对比怎么弄出来的 | 帆软数字化转型知识库,企业官网/工具平台,企业或垂直站点,外部企业,False,False,,图文/网页,教程/操作指南,数据工具/分析,True,1,1,1,
https://fanruan.com/blog/article/1797658,https://fanruan.com/blog/article/1797658,fanruan.com,抖音分析工具有哪些优势?一键生成报表提升数据洞察力 | 帆软数字化转型知识库,企业官网/工具平台,企业或垂直站点,外部企业,False,False,,图文/网页,推荐/对比/清单,数据工具/分析,False,1,1,1,
https://fanruan.com/blog/article/1797691,https://fanruan.com/blog/article/1797691,fanruan.com,抖音分析怎么精准定位用户?助力品牌实现高效推广 | 帆软数字化转型知识库,企业官网/工具平台,企业或垂直站点,外部企业,False,False,,图文/网页,教程/操作指南,数据工具/分析,True,1,1,1,
https://fanruan.com/blog/article/1797818,https://fanruan.com/blog/article/1797818,fanruan.com,抖音分析对品牌有何帮助?提升内容营销效果 | 帆软数字化转型知识库,企业官网/工具平台,企业或垂直站点,外部企业,False,False,,图文/网页,说明/其他,数据工具/分析,False,1,1,1,
https://fanruan.com/blog/article/1798268,https://fanruan.com/blog/article/1798268,fanruan.com,抖音分析适合新手吗?非技术人员入门指南 | 帆软数字化转型知识库,企业官网/工具平台,企业或垂直站点,外部企业,False,False,,图文/网页,教程/操作指南,数据工具/分析,True,1,1,1,
https://fanruan.com/blog/article/1798286,https://fanruan.com/blog/article/1798286,fanruan.com,抖音分析如何支持品牌营销?多维数据助力增长 | 帆软数字化转型知识库,企业官网/工具平台,企业或垂直站点,外部企业,False,False,,图文/网页,教程/操作指南,数据工具/分析,True,1,1,1,
https://fanruan.com/blog/article/1798335,https://fanruan.com/blog/article/1798335,fanruan.com,抖音数据分析如何支持运营?多维度指标体系设计方法 | 帆软数字化转型知识库,企业官网/工具平台,企业或垂直站点,外部企业,False,False,,图文/网页,教程/操作指南,数据工具/分析,True,1,1,1,
https://fanruan.com/blog/article/1798387,https://fanruan.com/blog/article/1798387,fanruan.com,抖音数据分析如何可视化?图表配置流程详解 | 帆软数字化转型知识库,企业官网/工具平台,企业或垂直站点,外部企业,False,False,,图文/网页,教程/操作指南,数据工具/分析,True,1,1,1,
https://fanruan.com/blog/article/1798412,https://fanruan.com/blog/article/1798412,fanruan.com,抖音数据分析如何赋能运营?助力粉丝增长与转化 | 帆软数字化转型知识库,企业官网/工具平台,企业或垂直站点,外部企业,False,False,,图文/网页,教程/操作指南,数据工具/分析,True,1,1,1,
https://fanruan.com/blog/article/1798508,https://fanruan.com/blog/article/1798508,fanruan.com,抖音数据怎样提升广告效果?智能分析助力品牌曝光 | 帆软数字化转型知识库,企业官网/工具平台,企业或垂直站点,外部企业,False,False,,图文/网页,说明/其他,广告投放,False,1,1,1,
https://fanruan.com/blog/article/411812,https://fanruan.com/blog/article/411812,fanruan.com,抖音店铺数据分析怎么看不到 | 帆软数字化转型知识库,企业官网/工具平台,企业或垂直站点,外部企业,False,False,,图文/网页,教程/操作指南,店铺/商品/商城,True,1,1,1,
https://fanruan.com/blog/article/474216,https://fanruan.com/blog/article/474216,fanruan.com,抖音话题怎么看数据分析的真假 | 帆软数字化转型知识库,企业官网/工具平台,企业或垂直站点,外部企业,False,False,,图文/网页,教程/操作指南,数据工具/分析,True,1,1,1,
https://fanruan.com/blog/article/503210,https://fanruan.com/blog/article/503210,fanruan.com,创作者服务中心数据分析不对怎么办 | 帆软数字化转型知识库,企业官网/工具平台,企业或垂直站点,外部企业,False,False,,图文/网页,教程/操作指南,数据工具/分析,True,1,1,1,
https://fanruan.com/blog/article/521631,https://fanruan.com/blog/article/521631,fanruan.com,抖音带货数据真实性分析怎么写的 | 帆软数字化转型知识库,企业官网/工具平台,企业或垂直站点,外部企业,False,False,,图文/网页,教程/操作指南,达人/带货,True,1,1,1,
https://fanruan.com/blog/article/956183,https://fanruan.com/blog/article/956183,fanruan.com,抖音同类账号数据分析怎么看不到 | 帆软数字化转型知识库,企业官网/工具平台,企业或垂直站点,外部企业,False,False,,图文/网页,教程/操作指南,数据工具/分析,True,1,1,1,
https://fanruan.com/blog/question/54365.html,https://fanruan.com/blog/question/54365.html,fanruan.com,抖音怎么看行业大数据分析 | 帆软数字化转型知识库,企业官网/工具平台,企业或垂直站点,外部企业,False,False,,图文/网页,教程/操作指南,数据工具/分析,True,1,1,1,
https://fanruan.com/blog/question/54486.html,https://fanruan.com/blog/question/54486.html,fanruan.com,抖音免费大数据分析网站有哪些呢 | 帆软数字化转型知识库,企业官网/工具平台,企业或垂直站点,外部企业,False,False,,图文/网页,说明/其他,数据工具/分析,False,1,1,1,
https://fanruan.com/blog/question/54509.html,https://fanruan.com/blog/question/54509.html,fanruan.com,抖音电商大数据分析工具有哪些 | 帆软数字化转型知识库,企业官网/工具平台,企业或垂直站点,外部企业,False,False,,图文/网页,推荐/对比/清单,数据工具/分析,False,1,1,1,
https://fanruan.com/finepedia/article/68aea6ee0bd240a23962b1b9,https://fanruan.com/finepedia/article/68aea6ee0bd240a23962b1b9,fanruan.com,如何精准解读直播数据分析报告?掌握关键指标优化运营策略-帆软企业数字化知识百科,企业官网/工具平台,企业或垂直站点,外部企业,False,False,,图文/网页,教程/操作指南,直播运营,True,1,1,1,
https://fanruan.com/finepedia/article/68aeac700bd240a239633961,https://fanruan.com/finepedia/article/68aeac700bd240a239633961,fanruan.com,抖音平台数据分析怎么做?企业如何高效洞察用户行为趋势-帆软企业数字化知识百科,企业官网/工具平台,企业或垂直站点,外部企业,False,False,,图文/网页,教程/操作指南,数据工具/分析,True,1,1,1,
https://fanruan.com/finepedia/article/68aeaead0bd240a239636af4,https://fanruan.com/finepedia/article/68aeaead0bd240a239636af4,fanruan.com,抖音数据分析工具如何获取?企业高效追踪运营数据的最佳方法-帆软企业数字化知识百科,企业官网/工具平台,企业或垂直站点,外部企业,False,False,,图文/网页,教程/操作指南,数据工具/分析,True,1,1,1,
https://fanruan.com/finepedia/article/68aeaf030bd240a239637459,https://fanruan.com/finepedia/article/68aeaf030bd240a239637459,fanruan.com,抖音小红书数据分析靠谱吗?企业如何实现高效流量洞察-帆软企业数字化知识百科,企业官网/工具平台,企业或垂直站点,外部企业,False,False,,图文/网页,教程/操作指南,数据工具/分析,True,1,1,1,
https://fanruan.com/finepedia/article/68aeb14d0bd240a23963b639,https://fanruan.com/finepedia/article/68aeb14d0bd240a23963b639,fanruan.com,短视频账号数据如何分析?助力抖音博主流量增长的实用方法-帆软企业数字化知识百科,企业官网/工具平台,企业或垂直站点,外部企业,False,False,,图文/网页,教程/操作指南,短视频内容,True,1,1,1,
https://fanruan.com/finepedia/article/68bac15a0bd240a239b3aecb,https://fanruan.com/finepedia/article/68bac15a0bd240a239b3aecb,fanruan.com,抖音运营分析怎么提升转化率?数据驱动增长策略详解-帆软企业数字化知识百科,企业官网/工具平台,企业或垂直站点,外部企业,False,False,,图文/网页,教程/操作指南,数据工具/分析,True,1,1,1,
https://fanruan.com/finepedia/article/68c142cdf7a2e7129762337e,https://fanruan.com/finepedia/article/68c142cdf7a2e7129762337e,fanruan.com,表格对比信息真实性如何判断?数据核查方法全流程解析-帆软企业数字化知识百科,企业官网/工具平台,企业或垂直站点,外部企业,False,False,,图文/网页,教程/操作指南,数据工具/分析,True,1,1,1,
https://fanruan.com/finepedia/article/68ca7627f7a2e712972412d9,https://fanruan.com/finepedia/article/68ca7627f7a2e712972412d9,fanruan.com,如何提升抖音数据分析工具使用效率?掌握自动报表与可视化技巧-帆软企业数字化知识百科,企业官网/工具平台,企业或垂直站点,外部企业,False,False,,图文/网页,教程/操作指南,数据工具/分析,True,1,1,1,
https://fanruan.com/finepedia/article/68ca76e3f7a2e712972489a0,https://fanruan.com/finepedia/article/68ca76e3f7a2e712972489a0,fanruan.com,抖音数据分析在哪里看?企业如何用平台快速定位核心数据-帆软企业数字化知识百科,企业官网/工具平台,企业或垂直站点,外部企业,False,False,,图文/网页,教程/操作指南,数据工具/分析,True,1,1,1,
https://fanruan.com/finepedia/article/68ca77e9f7a2e71297252e71,https://fanruan.com/finepedia/article/68ca77e9f7a2e71297252e71,fanruan.com,短视频数据分析有哪些维度?内容表现与用户互动全解析-帆软企业数字化知识百科,企业官网/工具平台,企业或垂直站点,外部企业,False,False,,图文/网页,说明/其他,短视频内容,False,1,1,1,
https://fanruan.com/finepedia/article/68ca784df7a2e71297256159,https://fanruan.com/finepedia/article/68ca784df7a2e71297256159,fanruan.com,抖音数据分析平台真的好用吗?企业短视频运营必备利器推荐-帆软企业数字化知识百科,企业官网/工具平台,企业或垂直站点,外部企业,False,False,,图文/网页,推荐/对比/清单,短视频内容,False,1,1,1,
https://fanruan.com/finepedia/article/68ca8644f7a2e71297280255,https://fanruan.com/finepedia/article/68ca8644f7a2e71297280255,fanruan.com,免费抖音数据分析工具好用吗?企业如何高效提升运营决策?-帆软企业数字化知识百科,企业官网/工具平台,企业或垂直站点,外部企业,False,False,,图文/网页,教程/操作指南,数据工具/分析,True,1,1,1,
https://fanruan.com/finepedia/article/68ca869ff7a2e71297280575,https://fanruan.com/finepedia/article/68ca869ff7a2e71297280575,fanruan.com,抖音达人数据分析如何高效开展?平台工具助力流量精准提升-帆软企业数字化知识百科,企业官网/工具平台,企业或垂直站点,外部企业,False,False,,图文/网页,教程/操作指南,达人/带货,True,1,1,1,
https://fanruan.com/finepedia/article/68ca8753f7a2e71297280c82,https://fanruan.com/finepedia/article/68ca8753f7a2e71297280c82,fanruan.com,抖音数据分析表格如何高效制作?企业自助分析方案全流程解析-帆软企业数字化知识百科,企业官网/工具平台,企业或垂直站点,外部企业,False,False,,图文/网页,教程/操作指南,数据工具/分析,True,1,1,1,
https://fanruan.com/finepedia/article/68ca8819f7a2e71297281432,https://fanruan.com/finepedia/article/68ca8819f7a2e71297281432,fanruan.com,视频号平台数据分析入口在哪里?企业如何高效获取运营数据?-帆软企业数字化知识百科,企业官网/工具平台,企业或垂直站点,外部企业,False,False,,图文/网页,教程/操作指南,短视频内容,True,1,1,1,
https://fanruan.com/finepedia/article/69086f62f7a2e71297bfecbf,https://fanruan.com/finepedia/article/69086f62f7a2e71297bfecbf,fanruan.com,短视频数据分析指标有哪些?精准挖掘用户行为提升转化-帆软企业数字化知识百科,企业官网/工具平台,企业或垂直站点,外部企业,False,False,,图文/网页,方法论/策略,短视频内容,True,1,1,1,
https://fanruan.com/finepedia/article/69087538f7a2e71297c12731,https://fanruan.com/finepedia/article/69087538f7a2e71297c12731,fanruan.com,抖音数据分析怎么快速入门?零基础掌握视频流量洞察方法-帆软企业数字化知识百科,企业官网/工具平台,企业或垂直站点,外部企业,False,False,,图文/网页,教程/操作指南,短视频内容,True,1,1,1,
https://fanruan.com/finepedia/article/690880def7a2e71297c3a951,https://fanruan.com/finepedia/article/690880def7a2e71297c3a951,fanruan.com,抖音内容运营该如何精准分析?自助数据分析工具助力转化增长-帆软企业数字化知识百科,企业官网/工具平台,企业或垂直站点,外部企业,False,False,,图文/网页,教程/操作指南,数据工具/分析,True,1,1,1,
https://fanruan.com/finepedia/article/690880e0f7a2e71297c3a9ab,https://fanruan.com/finepedia/article/690880e0f7a2e71297c3a9ab,fanruan.com,抖音大数据分析怎么做?行业趋势洞察赋能精准营销-帆软企业数字化知识百科,企业官网/工具平台,企业或垂直站点,外部企业,False,False,,图文/网页,教程/操作指南,数据工具/分析,True,1,1,1,
https://fanruan.com/finepedia/article/69088464f7a2e71297c44e0b,https://fanruan.com/finepedia/article/69088464f7a2e71297c44e0b,fanruan.com,免费抖音数据分析靠谱吗?企业如何提升短视频运营效率-帆软企业数字化知识百科,企业官网/工具平台,企业或垂直站点,外部企业,False,False,,图文/网页,教程/操作指南,短视频内容,True,1,1,1,
https://fanruan.com/finepedia/article/690885e6f7a2e71297c499da,https://fanruan.com/finepedia/article/690885e6f7a2e71297c499da,fanruan.com,短视频数据分析表格怎么制作?掌握可视化工具轻松搭建高效报表-帆软企业数字化知识百科,企业官网/工具平台,企业或垂直站点,外部企业,False,False,,图文/网页,教程/操作指南,短视频内容,True,1,1,1,
https://fanruan.com/finepedia/article/69088765f7a2e71297c4e505,https://fanruan.com/finepedia/article/69088765f7a2e71297c4e505,fanruan.com,抖音博主数据分析如何入门?掌握粉丝画像提升内容精准度-帆软企业数字化知识百科,企业官网/工具平台,企业或垂直站点,外部企业,False,False,,图文/网页,教程/操作指南,数据工具/分析,True,1,1,1,
https://fanruan.com/finepedia/article/693ae53f1d2aea3df6e83297,https://fanruan.com/finepedia/article/693ae53f1d2aea3df6e83297,fanruan.com,抖音分析辅助内容营销吗?达人运营数据分析模板-帆软企业数字化知识百科,企业官网/工具平台,企业或垂直站点,外部企业,False,False,,图文/网页,说明/其他,达人/带货,False,1,1,1,
https://fanruan.com/finepedia/article/693afe741d2aea3df6ee9456,https://fanruan.com/finepedia/article/693afe741d2aea3df6ee9456,fanruan.com,抖音分析如何评估带货达人?投放效果数据量化全流程-帆软企业数字化知识百科,企业官网/工具平台,企业或垂直站点,外部企业,False,False,,图文/网页,教程/操作指南,广告投放,True,1,1,1,
https://fanruan.com/finepedia/article/698f563337b18b887b7d0698,https://fanruan.com/finepedia/article/698f563337b18b887b7d0698,fanruan.com,抖音数据分析怎么做?精准洞察流量助力内容增长-帆软企业数字化知识百科,企业官网/工具平台,企业或垂直站点,外部企业,False,False,,图文/网页,教程/操作指南,数据工具/分析,True,1,1,1,
https://fanruan.com/finepedia/article/698f5a7737b18b887b7d10b3,https://fanruan.com/finepedia/article/698f5a7737b18b887b7d10b3,fanruan.com,抖音数据分析如何驱动变现?内容创作者和品牌方实用指南-帆软企业数字化知识百科,企业官网/工具平台,企业或垂直站点,外部企业,False,False,,图文/网页,教程/操作指南,数据工具/分析,True,1,1,1,
https://fanruan.com/finepedia/article/6991f95b37b18b887b7ffacb,https://fanruan.com/finepedia/article/6991f95b37b18b887b7ffacb,fanruan.com,抖音数据分析怎么快速上手?新手入门操作步骤详解-帆软企业数字化知识百科,企业官网/工具平台,企业或垂直站点,外部企业,False,False,,图文/网页,教程/操作指南,数据工具/分析,True,1,1,1,
https://fanruan.com/finepedia/article/69c4860f37b18b887bd5b442,https://fanruan.com/finepedia/article/69c4860f37b18b887bd5b442,fanruan.com,抖音电商经营分析指标如何选?助你构建高效多维度分析体系-帆软企业数字化知识百科,企业官网/工具平台,企业或垂直站点,外部企业,False,False,,图文/网页,教程/操作指南,数据工具/分析,True,1,1,1,
https://fanruan.com/finepedia/article/69c4897437b18b887bd5c08d,https://fanruan.com/finepedia/article/69c4897437b18b887bd5c08d,fanruan.com,抖音电商多维度经营分析难在哪?一文掌握数据洞察与增长策略-帆软企业数字化知识百科,企业官网/工具平台,企业或垂直站点,外部企业,False,False,,图文/网页,案例/复盘,数据工具/分析,False,1,1,1,
https://fanruan.com/finepedia/article/69cb8b2737b18b887be48348,https://fanruan.com/finepedia/article/69cb8b2737b18b887be48348,fanruan.com,抖音数据分析工具如何快速查找?企业运营数据洞察全流程解析-帆软企业数字化知识百科,企业官网/工具平台,企业或垂直站点,外部企业,False,False,,图文/网页,教程/操作指南,数据工具/分析,True,1,1,1,
https://fanruan.com/finepedia/article/69cb8ccb37b18b887be489ab,https://fanruan.com/finepedia/article/69cb8ccb37b18b887be489ab,fanruan.com,免费抖音数据分析靠谱吗?企业自助数据洞察提升运营决策-帆软企业数字化知识百科,企业官网/工具平台,企业或垂直站点,外部企业,False,False,,图文/网页,行业资讯/报告,数据工具/分析,False,1,1,1,
https://fanruan.com/finepedia/article/69eefb52e7e92fac84874a9e,https://fanruan.com/finepedia/article/69eefb52e7e92fac84874a9e,fanruan.com,蝉妈妈数据分析平台好用吗?功能测评助力选型决策-帆软企业数字化知识百科,企业官网/工具平台,企业或垂直站点,外部企业,False,False,,图文/网页,推荐/对比/清单,数据工具/分析,False,1,1,1,
https://help.fanruan.com/dvg/doc-view-332.html,https://help.fanruan.com/dvg/doc-view-332.html,fanruan.com,商品交易总额指标拆解- 数据分析与可视化指南,企业官网/工具平台,企业或垂直站点,外部企业,False,False,,图文/网页,教程/操作指南,店铺/商品/商城,True,1,1,1,
https://faxianai.com/ai/1647.html,https://faxianai.com/ai/1647.html,faxianai.com,热浪数据_短视频直播数据分析平台 - 发现AI,其他外部来源,身份权威性未知,所有者未核实,False,False,,图文/网页,推荐/对比/清单,直播运营,False,1,1,1,
https://dy.feigua.cn/help/detail/10/143.html,https://dy.feigua.cn/help/detail/10/143.html,feigua.cn,怎么通过「飞瓜数据」判断一个抖音号的粉丝是真粉，还是假粉?-帮助中心-抖音电商与直播大数据分析平台-feigua.cn,企业官网/工具平台,企业或垂直站点,外部企业,False,False,,图文/网页,教程/操作指南,直播运营,True,1,1,1,
https://dy.feigua.cn/help/detail/28/451.html,https://dy.feigua.cn/help/detail/28/451.html,feigua.cn,【直播数据大盘】发现抖音直播间卖货风向-帮助中心-抖音电商与直播大数据分析平台-feigua.cn,企业官网/工具平台,企业或垂直站点,外部企业,False,False,,图文/网页,推荐/对比/清单,直播运营,False,1,1,1,
https://dy.feigua.cn/help/detail/9/152.html,https://dy.feigua.cn/help/detail/9/152.html,feigua.cn,如何使用「飞瓜数据」发现抖音热门直播数据?-帮助中心-抖音电商与直播大数据分析平台-feigua.cn,企业官网/工具平台,企业或垂直站点,外部企业,False,False,,图文/网页,教程/操作指南,直播运营,True,1,1,1,
https://dy.feigua.cn/help/detail/93.html,https://dy.feigua.cn/help/detail/93.html,feigua.cn,如何使用「飞瓜数据」发现抖音爆款商品?-帮助中心-抖音电商与直播大数据分析平台-feigua.cn,企业官网/工具平台,企业或垂直站点,外部企业,False,False,,图文/网页,教程/操作指南,直播运营,True,1,1,1,
https://feigua.cn/?chl=jigua,https://feigua.cn/?chl=jigua,feigua.cn,飞瓜数据-助力电商销量、营销声量双丰收-feigua.cn,企业官网/工具平台,企业或垂直站点,外部企业,False,False,,图文/网页,说明/其他,数据工具/分析,False,1,1,1,
https://feigua.cn/?chl=weibo,https://feigua.cn/?chl=weibo,feigua.cn,飞瓜数据-助力电商销量、营销声量双丰收-feigua.cn,企业官网/工具平台,企业或垂直站点,外部企业,False,False,,图文/网页,说明/其他,数据工具/分析,False,1,1,1,
https://feigua.cn/?lang=zh,https://feigua.cn/?lang=zh,feigua.cn,飞瓜数据-助力电商销量、营销声量双丰收-feigua.cn,企业官网/工具平台,企业或垂直站点,外部企业,False,False,,图文/网页,说明/其他,数据工具/分析,False,1,1,1,
https://img.feigua.cn/FeiGuaCollege/29df46ff-36c4-4ecf-bcab-fa0da8b41dc6.pdf,https://img.feigua.cn/FeiGuaCollege/29df46ff-36c4-4ecf-bcab-fa0da8b41dc6.pdf,feigua.cn,飞瓜数据小店搜索功能使用指南,企业官网/工具平台,企业或垂直站点,外部企业,False,False,,PDF/图文报告,教程/操作指南,数据工具/分析,True,1,1,1,
https://img.feigua.cn/dystudyreport/20250730/76294155010844debd6c4a8a6cedd7bd.pdf,https://img.feigua.cn/dystudyreport/20250730/76294155010844debd6c4a8a6cedd7bd.pdf,feigua.cn,2025上半年飞瓜抖音电商与广告投放报告,企业官网/工具平台,企业或垂直站点,外部企业,False,False,,PDF/图文报告,行业资讯/报告,广告投放,False,1,1,1,
https://img.feigua.cn/dystudyreport/20260129/f86e8af9c30647d486f6be9628e1d3b5.pdf,https://img.feigua.cn/dystudyreport/20260129/f86e8af9c30647d486f6be9628e1d3b5.pdf,feigua.cn,2025年飞瓜抖音电商生态与营销投放报告,企业官网/工具平台,企业或垂直站点,外部企业,False,False,,PDF/图文报告,行业资讯/报告,广告投放,False,1,1,1,
https://img.feigua.cn/dystudyreport/20260409/6f30819594bd4334961438c70281e6a7.pdf,https://img.feigua.cn/dystudyreport/20260409/6f30819594bd4334961438c70281e6a7.pdf,feigua.cn,2026年3月飞瓜抖音电商营销月报,企业官网/工具平台,企业或垂直站点,外部企业,False,False,,PDF/图文报告,说明/其他,综合运营/其他,False,1,1,1,
https://img.feigua.cn/dystudyreport/20260603/0700ab7f8c7f4e5981328d8e873f4526.pdf,https://img.feigua.cn/dystudyreport/20260603/0700ab7f8c7f4e5981328d8e873f4526.pdf,feigua.cn,2026年5月飞瓜抖音电商营销月报,企业官网/工具平台,企业或垂直站点,外部企业,False,False,,PDF/图文报告,说明/其他,综合运营/其他,False,1,1,1,
https://img.feigua.cn/kspj/carousel/7fbd8b8e3e8e4c8ab88d44bfc17f1eda.pdf,https://img.feigua.cn/kspj/carousel/7fbd8b8e3e8e4c8ab88d44bfc17f1eda.pdf,feigua.cn,飞瓜数据快手版使用手册,企业官网/工具平台,企业或垂直站点,外部企业,False,False,,PDF/图文报告,教程/操作指南,数据工具/分析,True,1,1,1,
https://ks.feigua.cn/DataAnalysis.html?chl=kspinpai2,https://ks.feigua.cn/DataAnalysis.html?chl=kspinpai2,feigua.cn,飞瓜快手-快手短视频直播电商数据平台,企业官网/工具平台,企业或垂直站点,外部企业,False,False,,图文/网页,推荐/对比/清单,直播运营,False,1,1,1,
https://ks.feigua.cn/DataAnalysis.html?chl=zhitou,https://ks.feigua.cn/DataAnalysis.html?chl=zhitou,feigua.cn,飞瓜快手-快手短视频直播电商数据平台,企业官网/工具平台,企业或垂直站点,外部企业,False,False,,图文/网页,推荐/对比/清单,直播运营,False,1,1,1,
https://pc.feigua.cn/?chl=dygw,https://pc.feigua.cn/?chl=dygw,feigua.cn,飞瓜品策-抖音营销舆情分析平台,企业官网/工具平台,企业或垂直站点,外部企业,False,False,,图文/网页,推荐/对比/清单,数据工具/分析,False,1,1,1,
https://pc.feigua.cn/?chl=feiguabt,https://pc.feigua.cn/?chl=feiguabt,feigua.cn,飞瓜品策-抖音营销舆情分析平台,企业官网/工具平台,企业或垂直站点,外部企业,False,False,,图文/网页,推荐/对比/清单,数据工具/分析,False,1,1,1,
https://anycross.feishu.cn/documentation/item/7246212305640423426,https://anycross.feishu.cn/documentation/item/7246212305640423426,feishu.cn,每日定时将前一天抖音来客中的订单数据同步至多维表格 - 文档中心 - 飞书集成平台,字节/头条系其他,平台或产品来源,字节跳动/头条系,True,False,,图文/网页,推荐/对比/清单,数据工具/分析,False,1,1,1,
https://anycross.feishu.cn/documentation/template/all?q=%25E5%258D%2583%25E5%25B7%259D,https://anycross.feishu.cn/documentation/template/all?q=%25E5%258D%2583%25E5%25B7%259D,feishu.cn,全部分类 - 文档中心 - 飞书集成平台,字节/头条系其他,平台或产品来源,字节跳动/头条系,True,False,,图文/网页,推荐/对比/清单,数据工具/分析,False,1,1,1,
https://docs.feishu.cn/v/wiki/JxqTwMrzFivi4okha6ac3yzrnje/aj,https://docs.feishu.cn/v/wiki/JxqTwMrzFivi4okha6ac3yzrnje/aj,feishu.cn,抖音电商的达人运营工具有哪些?,字节/头条系其他,平台或产品来源,字节跳动/头条系,True,False,,图文/网页,推荐/对比/清单,达人/带货,False,1,1,1,
https://feishu.cn/hc/zh-CN/articles/299615625401,https://feishu.cn/hc/zh-CN/articles/299615625401,feishu.cn,快速上手多维表格,字节/头条系其他,平台或产品来源,字节跳动/头条系,True,False,,图文/网页,说明/其他,综合运营/其他,False,1,1,1,
https://feishu.cn/hc/zh-CN/articles/366437527961-智能搭建多维表格仪表盘,https://feishu.cn/hc/zh-CN/articles/366437527961-%E6%99%BA%E8%83%BD%E6%90%AD%E5%BB%BA%E5%A4%9A%E7%BB%B4%E8%A1%A8%E6%A0%BC%E4%BB%AA%E8%A1%A8%E7%9B%98,feishu.cn,智能搭建多维表格仪表盘,字节/头条系其他,平台或产品来源,字节跳动/头条系,True,False,,图文/网页,说明/其他,综合运营/其他,False,1,1,1,
https://feishu.cn/industry_solutions/consumption/193,https://feishu.cn/industry_solutions/consumption/193,feishu.cn,抖音品牌经营数据洞察解决方案,字节/头条系其他,平台或产品来源,字节跳动/头条系,True,False,,图文/网页,行业资讯/报告,数据工具/分析,False,1,1,1,
https://feishu.cn/marketing/base_ecommerce2,https://feishu.cn/marketing/base_ecommerce2,feishu.cn,飞书多维表格，把电商爆款从“赌”变“造”,字节/头条系其他,平台或产品来源,字节跳动/头条系,True,False,,图文/网页,案例/复盘,综合运营/其他,False,1,1,1,
https://ying-dao.feishu.cn/wiki/Q1GhwC5dkiNtxyk2p0ZcAP8fnxe?table=tblgflsr1r1NNPqn,https://ying-dao.feishu.cn/wiki/Q1GhwC5dkiNtxyk2p0ZcAP8fnxe?table=tblgflsr1r1NNPqn,feishu.cn,影刀X飞书|抖音全域数据自动化采集方案,字节/头条系其他,平台或产品来源,字节跳动/头条系,True,False,,图文/网页,说明/其他,数据工具/分析,False,1,1,1,
https://fenshuake.com/a/douyin/beijingdiqudouyinpeixun/427.html,https://fenshuake.com/a/douyin/beijingdiqudouyinpeixun/427.html,fenshuake.com,抖音巨量算数是什么?常见问题解答_粉刷客-短视频电商粉丝运营平台官方网站,其他外部来源,身份权威性未知,所有者未核实,False,False,,图文/网页,推荐/对比/清单,短视频内容,False,1,1,1,
https://filmdaily.co/news/tiktok-analytics-tools-the-best-influencer-platforms-now,https://filmdaily.co/news/tiktok-analytics-tools-the-best-influencer-platforms-now,filmdaily.co,TikTok analytics tools: The best influencer platforms now,其他外部来源,身份权威性未知,所有者未核实,False,False,,图文/网页,说明/其他,综合运营/其他,False,1,1,1,
https://findlaw.cn/wenda/q_58784294.html,https://findlaw.cn/wenda/q_58784294.html,findlaw.cn,抖音带货直播前十排名-找法网,其他外部来源,身份权威性未知,所有者未核实,False,False,,图文/网页,说明/其他,直播运营,False,1,1,1,
https://wap.findlaw.cn/wenda/q_60399428.html,https://wap.findlaw.cn/wenda/q_60399428.html,findlaw.cn,某某是什么-找法网,其他外部来源,身份权威性未知,所有者未核实,False,False,,图文/网页,说明/其他,综合运营/其他,False,1,1,1,
https://findmecreators.com/blog/keyhole-alternatives,https://findmecreators.com/blog/keyhole-alternatives,findmecreators.com,Best Keyhole Alternatives for 2026,其他外部来源,身份权威性未知,所有者未核实,False,False,,图文/网页,说明/其他,综合运营/其他,False,1,1,1,
https://finebi.com/?c=null,https://finebi.com/?c=null,finebi.com,FineBI - BI数据分析软件_企业级大数据分析平台,其他外部来源,身份权威性未知,所有者未核实,False,False,,图文/网页,推荐/对比/清单,数据工具/分析,False,1,1,1,
https://finebi.com/blog/article/68ae6d0a28946ecca886c412,https://finebi.com/blog/article/68ae6d0a28946ecca886c412,finebi.com,直播复盘分析难吗?数据中台助力直播业务增长 - FineBI数据分析知识库,其他外部来源,身份权威性未知,所有者未核实,False,False,,图文/网页,案例/复盘,直播运营,False,1,1,1,
https://finebi.com/blog/article/68ae6d5928946ecca886c7f7,https://finebi.com/blog/article/68ae6d5928946ecca886c7f7,finebi.com,直播内容分析如何高效开展?一站式工具助力精准洞察 - FineBI数据分析知识库,其他外部来源,身份权威性未知,所有者未核实,False,False,,图文/网页,教程/操作指南,直播运营,True,1,1,1,
https://finebi.com/blog/article/68ae768b28946ecca8878b7d,https://finebi.com/blog/article/68ae768b28946ecca8878b7d,finebi.com,抖音数据分析在电商如何应用?行业场景方法论全解析 - FineBI数据分析知识库,其他外部来源,身份权威性未知,所有者未核实,False,False,,图文/网页,教程/操作指南,数据工具/分析,True,1,1,1,
https://finebi.com/blog/article/68c22f3d28946ecca8037de5,https://finebi.com/blog/article/68c22f3d28946ecca8037de5,finebi.com,直播流量分析有哪些关键数据?带货转化提升的科学依据 - FineBI数据分析知识库,其他外部来源,身份权威性未知,所有者未核实,False,False,,图文/网页,说明/其他,直播运营,False,1,1,1,
https://finebi.com/blog/article/691abab628946ecca808e089,https://finebi.com/blog/article/691abab628946ecca808e089,finebi.com,直播流量分析怎么拆解?五步法深度解析数据价值 - FineBI数据分析知识库,其他外部来源,身份权威性未知,所有者未核实,False,False,,图文/网页,教程/操作指南,直播运营,True,1,1,1,
https://finebi.com/blog/article/691ac6bc28946ecca80dc72c,https://finebi.com/blog/article/691ac6bc28946ecca80dc72c,finebi.com,如何用抖音数据分析提升运营?行业场景案例带你快速入门 - FineBI数据分析知识库,其他外部来源,身份权威性未知,所有者未核实,False,False,,图文/网页,教程/操作指南,数据工具/分析,True,1,1,1,
https://finebi.com/blog/article/691ac6be28946ecca80dc79b,https://finebi.com/blog/article/691ac6be28946ecca80dc79b,finebi.com,抖音数据分析能帮财务什么?CFO常用指标模板实操指南 - FineBI数据分析知识库,其他外部来源,身份权威性未知,所有者未核实,False,False,,图文/网页,教程/操作指南,数据工具/分析,True,1,1,1,
https://finebi.com/blog/article/69d06c5bbc3caea58795d117,https://finebi.com/blog/article/69d06c5bbc3caea58795d117,finebi.com,直播流量分析如何优化转化率?全流程数据洞察助力增长 - FineBI数据分析知识库,其他外部来源,身份权威性未知,所有者未核实,False,False,,图文/网页,教程/操作指南,直播运营,True,1,1,1,
https://finebi.com/blog/article/69d06eccbc3caea587962135,https://finebi.com/blog/article/69d06eccbc3caea587962135,finebi.com,短视频数据分析该如何高效开展?掌握行业趋势分析方法论 - FineBI数据分析知识库,其他外部来源,身份权威性未知,所有者未核实,False,False,,图文/网页,教程/操作指南,短视频内容,True,1,1,1,
https://finereport.com/blog/article/69b1a03568fee269e9602240,https://finereport.com/blog/article/69b1a03568fee269e9602240,finereport.com,抖音数据分析有哪些方法?短视频运营全流程解读 - FineReport报表知识库,企业官网/工具平台,企业或垂直站点,外部企业,False,False,,图文/网页,方法论/策略,短视频内容,True,1,1,1,
https://fkdmg.com/article/12287.html,https://fkdmg.com/article/12287.html,fkdmg.com,电商直播复盘别再凭感觉!掌握“五维四率”分析法，精准优化每场直播 ... - 疯狂的美工,其他外部来源,身份权威性未知,所有者未核实,False,False,,图文/网页,案例/复盘,直播运营,False,1,1,1,
https://flinque.us/how-to-vet-an-influencer-before-you-work-with-them,https://flinque.us/how-to-vet-an-influencer-before-you-work-with-them,flinque.us,How to Vet an Influencer Before You Work With Them,其他外部来源,身份权威性未知,所有者未核实,False,False,,图文/网页,说明/其他,综合运营/其他,False,1,1,1,
https://app.flyme.cn/apps/public/detail?package_name=com.ht.htdata,https://app.flyme.cn/apps/public/detail?package_name=com.ht.htdata,flyme.cn,魅族应用商店_魅族手机应用下载官方商店,其他外部来源,身份权威性未知,所有者未核实,False,False,,图文/网页,说明/其他,综合运营/其他,False,1,1,1,
https://fromgeek.com/daily/1044-639123.html,https://fromgeek.com/daily/1044-639123.html,fromgeek.com,千川有新事|巨量千川首页「爆改」升级，让投放更从容!_极客网,其他外部来源,身份权威性未知,所有者未核实,False,False,,图文/网页,说明/其他,广告投放,False,1,1,1,
https://fxbaogao.com/detail/5247398,https://fxbaogao.com/detail/5247398,fxbaogao.com,[果集]:2025年飞瓜抖音电商生态与营销投放报告 - 发现报告,其他外部来源,身份权威性未知,所有者未核实,False,False,,图文/网页,行业资讯/报告,广告投放,False,1,1,1,
https://fypnow.com/blog/best-free-tiktok-analytics-tools,https://fypnow.com/blog/best-free-tiktok-analytics-tools,fypnow.com,Best Free TikTok Analytics Tools (2026),其他外部来源,身份权威性未知,所有者未核实,False,False,,图文/网页,说明/其他,综合运营/其他,False,1,1,1,
https://gaiyiguo.com/news/203334.html,https://gaiyiguo.com/news/203334.html,gaiyiguo.com,格镜:视频内容分析神器，一键把视频解析成文字,其他外部来源,身份权威性未知,所有者未核实,False,False,,图文/网页,说明/其他,短视频内容,False,1,1,1,
https://ganhuoku.cn/archives/352912,https://ganhuoku.cn/archives/352912,ganhuoku.cn,2026年，抖音电商的29个品类机会 - 广告人干货库,其他外部来源,身份权威性未知,所有者未核实,False,False,,图文/网页,说明/其他,广告投放,False,1,1,1,
https://github.com/Clippableio/verify-demographics,https://github.com/Clippableio/verify-demographics,github.com,Verify Demographics,其他外部来源,身份权威性未知,所有者未核实,False,False,,图文/网页,说明/其他,综合运营/其他,False,1,1,1,
https://github.com/TradingAi666/TzFilm-Douyin-Tool,https://github.com/TradingAi666/TzFilm-Douyin-Tool,github.com,GitHub - TradingAi666/TzFilm-Douyin-Tool: 自动从抖音创作者中心导出视频数据，支持 macOS 后台定时运行 · GitHub,其他外部来源,身份权威性未知,所有者未核实,False,False,,图文/网页,说明/其他,短视频内容,False,1,1,1,
https://github.com/baifan11/AI-Live-Review,https://github.com/baifan11/AI-Live-Review,github.com,🎥 AI-Live-Review,其他外部来源,身份权威性未知,所有者未核实,False,False,,图文/网页,说明/其他,综合运营/其他,False,1,1,1,
https://glosellers.com/88773.html,https://glosellers.com/88773.html,glosellers.com,从大海捞针到精准狙击:5款TikTok Shop选品工具测评，新手选品看这一篇就够了 - 锦品出海 - 跨境电商一站式服务平台,其他外部来源,身份权威性未知,所有者未核实,False,False,,图文/网页,推荐/对比/清单,店铺/商品/商城,False,1,1,1,
https://glowr.live/help/troubleshooting/data-doesnt-match-platform,https://glowr.live/help/troubleshooting/data-doesnt-match-platform,glowr.live,My data doesn't match what the platform shows,其他外部来源,身份权威性未知,所有者未核实,False,False,,图文/网页,说明/其他,综合运营/其他,False,1,1,1,
https://m.gmw.cn/toutiao/2026-06/22/content_38841844.htm,https://m.gmw.cn/toutiao/2026-06/22/content_38841844.htm,gmw.cn,优惠让利、商家增收两手抓:抖音商城618释放增长新空间-今日头条-手机光明网,其他外部来源,身份权威性未知,所有者未核实,False,False,,图文/网页,案例/复盘,店铺/商品/商城,False,1,1,1,
https://gongke.net/tools/chanmama-ai,https://gongke.net/tools/chanmama-ai,gongke.net,蝉妈妈AI - 基于AI的电商数据分析工具 | 攻壳智能体,其他外部来源,身份权威性未知,所有者未核实,False,False,,图文/网页,推荐/对比/清单,数据工具/分析,False,1,1,1,
https://gongzuoliuai.com/course/coze/data.html,https://gongzuoliuai.com/course/coze/data.html,gongzuoliuai.com,抖音视频数据复盘智能体 - coze工作流教程 - work流码 - Coze/n8n/Dify零基础实战指南 | AI工作流学习社区,其他外部来源,身份权威性未知,所有者未核实,False,False,,图文/网页,教程/操作指南,短视频内容,True,1,1,1,
https://growthunders.com/blog/how-to-spot-fake-follower-fraud-in-60-seconds-with-a-real-audit-walkthrough,https://growthunders.com/blog/how-to-spot-fake-follower-fraud-in-60-seconds-with-a-real-audit-walkthrough,growthunders.com,How to spot fake follower fraud in 60 seconds (with a real audit walkthrough),其他外部来源,身份权威性未知,所有者未核实,False,False,,图文/网页,说明/其他,综合运营/其他,False,1,1,1,
https://user.guancha.cn/main/content?id=1440685,https://user.guancha.cn/main/content?id=1440685,guancha.cn,抖音电商狂飙骤停:高速增长神话如何“急刹车”?,其他外部来源,身份权威性未知,所有者未核实,False,False,,图文/网页,教程/操作指南,综合运营/其他,True,1,1,1,
https://docs.guandata.com/product/bi/7.2.0/428484802035843072,https://docs.guandata.com/product/bi/7.2.0/428484802035843072,guandata.com,观远BI核心功能 | 观远数据,其他外部来源,身份权威性未知,所有者未核实,False,False,,图文/网页,说明/其他,数据工具/分析,False,1,1,1,
https://docs.guandata.com/product/bi/intelligent-insight-instructions,https://docs.guandata.com/product/bi/intelligent-insight-instructions,guandata.com,仪表板智能洞察 | 观远数据,其他外部来源,身份权威性未知,所有者未核实,False,False,,图文/网页,行业资讯/报告,数据工具/分析,False,1,1,1,
https://guandata.com/gy/post/3VFKlVKJ.html,https://guandata.com/gy/post/3VFKlVKJ.html,guandata.com,多平台电商数据抓取与处理难题?观远BI为你提供一站式解决方案-观远数据BI平台,其他外部来源,身份权威性未知,所有者未核实,False,False,,图文/网页,推荐/对比/清单,数据工具/分析,False,1,1,1,
https://guandata.com/gy/post/PJK8UBGa.html,https://guandata.com/gy/post/PJK8UBGa.html,guandata.com,千万商家验证:抖音电商数据分析实战5步法-观远数据BI平台,其他外部来源,身份权威性未知,所有者未核实,False,False,,图文/网页,推荐/对比/清单,数据工具/分析,False,1,1,1,
https://guandata.com/gy/post/Toozf2aM.html,https://guandata.com/gy/post/Toozf2aM.html,guandata.com,短视频数据分析与平台对比:用成本效益看清品牌增长路径-观远数据BI平台,其他外部来源,身份权威性未知,所有者未核实,False,False,,图文/网页,推荐/对比/清单,短视频内容,False,1,1,1,
https://guandata.com/gy/post/btfGCuBe.html,https://guandata.com/gy/post/btfGCuBe.html,guandata.com,品牌投放效果难衡量?3个BI看板让每一分营销预算都看得见ROI-观远数据BI平台,其他外部来源,身份权威性未知,所有者未核实,False,False,,图文/网页,推荐/对比/清单,广告投放,False,1,1,1,
https://guoji.pro/Report/ReportDetail?marketingId=485,https://guoji.pro/Report/ReportDetail?marketingId=485,guoji.pro,【飞瓜快数】2026年1月飞瓜快手直播电商月报 - 果集,其他外部来源,身份权威性未知,所有者未核实,False,False,,图文/网页,说明/其他,直播运营,False,1,1,1,
https://h139.com/websites/4260.html,https://h139.com/websites/4260.html,h139.com,达多多数据官网丨抖音电商直播带货数据监测与选品分析的工具 | H139网址导航,其他外部来源,身份权威性未知,所有者未核实,False,False,,图文/网页,推荐/对比/清单,直播运营,False,1,1,1,
https://hailuoshe.com/blog/douyin-quality-score,https://hailuoshe.com/blog/douyin-quality-score,hailuoshe.com,抖音质量分是什么?影响推流的隐藏评分 - 海螺社博客,其他外部来源,身份权威性未知,所有者未核实,False,False,,图文/网页,说明/其他,综合运营/其他,False,1,1,1,
https://pdf.hanspub.org/ecl_2316798.pdf,https://pdf.hanspub.org/ecl_2316798.pdf,hanspub.org,兴趣电商时代的网络营销转型——以抖音电商为例,其他外部来源,身份权威性未知,所有者未核实,False,False,,PDF/图文报告,说明/其他,综合运营/其他,False,1,1,1,
https://htys123.com/thread-219071-1-1.html,https://htys123.com/thread-219071-1-1.html,htys123.com,直播运营之优化标题& 素材& 投流效果差-抖音/快手/短视频/直播 荷塘月色_淘宝抖音跨境电商卖家论坛社区 -手机版,其他外部来源,身份权威性未知,所有者未核实,False,False,,图文/网页,说明/其他,直播运营,False,1,1,1,
https://m.huanqiu.com/article/4A5puSH3pOz,https://m.huanqiu.com/article/4A5puSH3pOz,huanqiu.com,"4A5puSH3pOz
yrd.huanqiu.com zh-Hans
article深挖抖音商城增量 | 罗盘“店铺经营大脑”全新升级
抖音电商「罗盘·经营」——针对中心场-货架运营场景做了全新升级,补齐了相应数据分析能力,将为商家提供「商品卡」(通过非直播、短视频,直接访问商品产生流量和订单数据的载体形式)和「抖音商城」(包括商城、搜索和店铺页等多个渠道)的分析功能/e3pu6i31u
<ar",其他外部来源,身份权威性未知,所有者未核实,False,False,,图文/网页,说明/其他,直播运营,False,1,1,1,
https://hubpd.com/hubpd/rss/toutiao/index.html?contentId=6917529027645069185,https://hubpd.com/hubpd/rss/toutiao/index.html?contentId=6917529027645069185,hubpd.com,抓取软件月卡80—140元，用户个人信息被“开盒”用于营销,其他外部来源,身份权威性未知,所有者未核实,False,False,,图文/网页,说明/其他,综合运营/其他,False,1,1,1,
https://dou.huixinfo.com/vip/16052.html,https://dou.huixinfo.com/vip/16052.html,huixinfo.com,抖音月付出库套出来靠谱吗?全解析+避坑指南_抖音月付取现商家,其他外部来源,身份权威性未知,所有者未核实,False,False,,图文/网页,教程/操作指南,综合运营/其他,True,1,1,1,
https://hwds868.com/article/douyin-ecommerce-center-doudian-operation-guide.html,https://hwds868.com/article/douyin-ecommerce-center-doudian-operation-guide.html,hwds868.com,抖音电商中心完全指南:抖店运营入驻到爆单全流程 | 电商干货社区,其他外部来源,身份权威性未知,所有者未核实,False,False,,图文/网页,教程/操作指南,店铺/商品/商城,True,1,1,1,
https://hwds868.com/article/douyin-live-room-operation-complete-guide.html,https://hwds868.com/article/douyin-live-room-operation-complete-guide.html,hwds868.com,抖音直播间运营完整指南:开播到爆单的核心技巧2025 | 电商干货社区,其他外部来源,身份权威性未知,所有者未核实,False,False,,图文/网页,教程/操作指南,直播运营,True,1,1,1,
https://hwds868.com/article/douyin-shop-pc-dashboard-operation-guide.html,https://hwds868.com/article/douyin-shop-pc-dashboard-operation-guide.html,hwds868.com,抖店PC端操作指南:登录入口+商品管理+数据看板全流程 | 电商干货社区,其他外部来源,身份权威性未知,所有者未核实,False,False,,图文/网页,教程/操作指南,店铺/商品/商城,True,1,1,1,
https://hwds868.com/article/ecommerce-product-selection-strategy-complete-guide.html,https://hwds868.com/article/ecommerce-product-selection-strategy-complete-guide.html,hwds868.com,选品的思路总结为五步闭环:电商选品完整操盘指南 | 电商干货社区,其他外部来源,身份权威性未知,所有者未核实,False,False,,图文/网页,教程/操作指南,店铺/商品/商城,True,1,1,1,
https://hwds868.com/article/jlqc-official-login-doustore-guide.html,https://hwds868.com/article/jlqc-official-login-doustore-guide.html,hwds868.com,巨量千川官网登录入口及操作全指南|抖店运营必看 | 电商干货社区,其他外部来源,身份权威性未知,所有者未核实,False,False,,图文/网页,教程/操作指南,广告投放,True,1,1,1,
https://hwds868.com/article/juliangqianchuan-douyin-relationship-adstore-guide.html,https://hwds868.com/article/juliangqianchuan-douyin-relationship-adstore-guide.html,hwds868.com,巨量千川和抖音是什么关系?抖店运营投放逻辑详解 | 电商干货社区,其他外部来源,身份权威性未知,所有者未核实,False,False,,图文/网页,方法论/策略,广告投放,True,1,1,1,
https://hwds868.com/article/live-room-paid-vs-natural-flow-ratio-guide.html,https://hwds868.com/article/live-room-paid-vs-natural-flow-ratio-guide.html,hwds868.com,直播间付费vs自然流结构健康比例参考与偏离信号 | 电商干货社区,其他外部来源,身份权威性未知,所有者未核实,False,False,,图文/网页,说明/其他,直播运营,False,1,1,1,
https://hwds868.com/article/livestream-daily-report-excel-template-formulas.html,https://hwds868.com/article/livestream-daily-report-excel-template-formulas.html,hwds868.com,直播日报Excel模板+公式:7字段可视化搭建全流程 | 电商干货社区,其他外部来源,身份权威性未知,所有者未核实,False,False,,图文/网页,说明/其他,直播运营,False,1,1,1,
https://hxrcon.com/industry-news/15887.html,https://hxrcon.com/industry-news/15887.html,hxrcon.com,华信人咨询-抖音菜刀中端价位贡献53.8%销售额，华信人咨询报告完整数据已发布_研究院_华信人咨询|市场调查公司|市场咨询公司|企业产品数据研究|项目竞品研究分析|市场研究公司,其他外部来源,身份权威性未知,所有者未核实,False,False,,图文/网页,行业资讯/报告,数据工具/分析,False,1,1,1,
https://ichaoqi.com/zhuanlan/2026/0704/82814.html,https://ichaoqi.com/zhuanlan/2026/0704/82814.html,ichaoqi.com,万亿门槛只是起点，抖音电商的增量空间远比想象中更大 - 潮起网,其他外部来源,身份权威性未知,所有者未核实,False,False,,图文/网页,说明/其他,综合运营/其他,False,1,1,1,
https://baby.ifeng.com/c/8tyJxrR4mds,https://baby.ifeng.com/c/8tyJxrR4mds,ifeng.com,2026 年抖店还能赚钱吗?拆解商家 7 大高频疑问，抖掌柜帮新手避开 90% 运营踩坑_凤凰网区域_凤凰网,新闻/门户/自媒体,媒体或自媒体平台,媒体平台,False,False,,图文/网页,说明/其他,店铺/商品/商城,False,1,1,1,
https://biz.ifeng.com/c/8oIojUJad6I,https://biz.ifeng.com/c/8oIojUJad6I,ifeng.com,抖音电商双11观察:流量规则重置，如何重构商家增长逻辑?_凤凰网商业_凤凰网,新闻/门户/自媒体,媒体或自媒体平台,媒体平台,False,False,,图文/网页,教程/操作指南,综合运营/其他,True,1,1,1,
https://biz.ifeng.com/c/8uBkhwpMnTo,https://biz.ifeng.com/c/8uBkhwpMnTo,ifeng.com,深度赋能电商商家，蝉妈妈 ChanClaw 蝉龙虾打造AI电商数字员工解决方案_凤凰网商业_凤凰网,新闻/门户/自媒体,媒体或自媒体平台,媒体平台,False,False,,图文/网页,说明/其他,综合运营/其他,False,1,1,1,
https://finance.ifeng.com/c/8tyStKPITAC,https://finance.ifeng.com/c/8tyStKPITAC,ifeng.com,开抖店做无货源你还在手动铺货，拍单?抖掌柜 自动下单售后 AI选品搬家铺货 AI违规检测_凤凰网,新闻/门户/自媒体,媒体或自媒体平台,媒体平台,False,False,,图文/网页,说明/其他,店铺/商品/商城,False,1,1,1,
https://finance.ifeng.com/c/8vCxSafhbq0?ch=ttsearch,https://finance.ifeng.com/c/8vCxSafhbq0?ch=ttsearch,ifeng.com,618后遗症:“三节”大促催生的经济畸形与行业内卷_凤凰网,新闻/门户/自媒体,媒体或自媒体平台,媒体平台,False,False,,图文/网页,行业资讯/报告,综合运营/其他,False,1,1,1,
https://improvado.io/blog/data-reconciliation,https://improvado.io/blog/data-reconciliation,improvado.io,Data Reconciliation: A Complete Guide for Marketing Teams in 2026,其他外部来源,身份权威性未知,所有者未核实,False,False,,图文/网页,说明/其他,综合运营/其他,False,1,1,1,
https://influenceflow.io/resources/how-to-detect-fake-engagement-on-social-media-a-2026-guide-1,https://influenceflow.io/resources/how-to-detect-fake-engagement-on-social-media-a-2026-guide-1,influenceflow.io,How to Detect Fake Engagement on Social Media: A 2026 Guide,其他外部来源,身份权威性未知,所有者未核实,False,False,,图文/网页,说明/其他,综合运营/其他,False,1,1,1,
https://influencerfee.com/blog/fake-engagement-detection-guide,https://influencerfee.com/blog/fake-engagement-detection-guide,influencerfee.com,"Fake Engagement Detection: How to Spot Purchased Likes, Comments, and Followers",其他外部来源,身份权威性未知,所有者未核实,False,False,,图文/网页,说明/其他,综合运营/其他,False,1,1,1,
https://influencermarketinghub.com/audience-geo-mismatch,https://influencermarketinghub.com/audience-geo-mismatch,influencermarketinghub.com,Geo-Mismatch Audit: Spotting VPN-Spoofed Audiences,其他外部来源,身份权威性未知,所有者未核实,False,False,,图文/网页,说明/其他,综合运营/其他,False,1,1,1,
https://xie.infoq.cn/article/664c6a1c155d1257a8b13f982,https://xie.infoq.cn/article/664c6a1c155d1257a8b13f982,infoq.cn,低代码技术选型的15个常见问题盘点，我都替你问完了，直接来抄答案!_技术栈_优秀_InfoQ写作社区,其他外部来源,身份权威性未知,所有者未核实,False,False,,图文/网页,推荐/对比/清单,综合运营/其他,False,1,1,1,
https://xie.infoq.cn/article/9e008088bf25c5de2c87ed7fa,https://xie.infoq.cn/article/9e008088bf25c5de2c87ed7fa,infoq.cn,我写了一套内容分析系统，专门拆解爆款博主的选题逻辑_siuser小伟_InfoQ写作社区,其他外部来源,身份权威性未知,所有者未核实,False,False,,图文/网页,案例/复盘,数据工具/分析,False,1,1,1,
https://iqinghu.com/article/detail/21842,https://iqinghu.com/article/detail/21842,iqinghu.com,抖店竞品爆款难复制?青虎AI一键截流，30天打造爆款矩阵! | 青虎,其他外部来源,身份权威性未知,所有者未核实,False,False,,图文/网页,案例/复盘,店铺/商品/商城,False,1,1,1,
https://iqinghu.com/qa/detail/51589,https://iqinghu.com/qa/detail/51589,iqinghu.com,抖店选品软件有哪些 | 青虎,其他外部来源,身份权威性未知,所有者未核实,False,False,,图文/网页,说明/其他,店铺/商品/商城,False,1,1,1,
https://iqinghu.com/qa/detail/52707,https://iqinghu.com/qa/detail/52707,iqinghu.com,抖音怎么用数据选品卖货 | 青虎,其他外部来源,身份权威性未知,所有者未核实,False,False,,图文/网页,教程/操作指南,店铺/商品/商城,True,1,1,1,
https://iqinghu.com/qa/detail/52866,https://iqinghu.com/qa/detail/52866,iqinghu.com,抖音怎么看选品广场数据 | 青虎,其他外部来源,身份权威性未知,所有者未核实,False,False,,图文/网页,教程/操作指南,店铺/商品/商城,True,1,1,1,
https://iqinghu.com/qa/detail/52957,https://iqinghu.com/qa/detail/52957,iqinghu.com,抖音小店选品排名怎么看 | 青虎,其他外部来源,身份权威性未知,所有者未核实,False,False,,图文/网页,教程/操作指南,店铺/商品/商城,True,1,1,1,
https://iqinghu.com/qa/detail/53210,https://iqinghu.com/qa/detail/53210,iqinghu.com,抖音选品怎么看数据分析 | 青虎,其他外部来源,身份权威性未知,所有者未核实,False,False,,图文/网页,教程/操作指南,店铺/商品/商城,True,1,1,1,
https://iqinghu.com/qa/detail/53315,https://iqinghu.com/qa/detail/53315,iqinghu.com,抖音开通抖店后怎么选品 | 青虎,其他外部来源,身份权威性未知,所有者未核实,False,False,,图文/网页,教程/操作指南,店铺/商品/商城,True,1,1,1,
https://iqinghu.com/qa/detail/53592,https://iqinghu.com/qa/detail/53592,iqinghu.com,电脑怎么看抖音选品类 | 青虎,其他外部来源,身份权威性未知,所有者未核实,False,False,,图文/网页,教程/操作指南,店铺/商品/商城,True,1,1,1,
https://smc.iszhouhua.com/faq/douyin/comment-limit.html,https://smc.iszhouhua.com/faq/douyin/comment-limit.html,iszhouhua.com,为什么采集到的评论数比页面显示的数量少? | 社媒助手,其他外部来源,身份权威性未知,所有者未核实,False,False,,图文/网页,说明/其他,综合运营/其他,False,1,1,1,
https://itopmarketing.com/info16903,https://itopmarketing.com/info16903,itopmarketing.com,618来袭，千川投放常见的6大高频问题，究竟怎么应对?-TopMarketing|TopMarketing官方网站,其他外部来源,身份权威性未知,所有者未核实,False,False,,图文/网页,教程/操作指南,广告投放,True,1,1,1,
https://itopmarketing.com/info20182,https://itopmarketing.com/info20182,itopmarketing.com,同行618抢量靠上香，而我用这个「全能 AI 助理」赢麻了-TopMarketing|TopMarketing官方网站,其他外部来源,身份权威性未知,所有者未核实,False,False,,图文/网页,说明/其他,综合运营/其他,False,1,1,1,
https://jdchacha.com/news/info/id/15255,https://jdchacha.com/news/info/id/15255,jdchacha.com,抖音百应达人工作台定义 | 店查查,其他外部来源,身份权威性未知,所有者未核实,False,False,,图文/网页,说明/其他,达人/带货,False,1,1,1,
https://jetfuel.agency/how-to-measure-success-with-short-form-video-content,https://jetfuel.agency/how-to-measure-success-with-short-form-video-content,jetfuel.agency,Short-Form Video Metrics That Actually Matter in 2026,其他外部来源,身份权威性未知,所有者未核实,False,False,,图文/网页,说明/其他,综合运营/其他,False,1,1,1,
https://m.jiajutu.com/jiaocheng/02494.html,https://m.jiajutu.com/jiaocheng/02494.html,jiajutu.com,刷抖音总被套路?3步拆穿百万粉账号的照骗收割术 - 熊猫网,其他外部来源,身份权威性未知,所有者未核实,False,False,,图文/网页,说明/其他,综合运营/其他,False,1,1,1,
https://m.jiajutu.com/jiaocheng/031246.html,https://m.jiajutu.com/jiaocheng/031246.html,jiajutu.com,3天转化率翻倍!抖音橱窗必学的5个隐藏运营技巧 - 熊猫网,其他外部来源,身份权威性未知,所有者未核实,False,False,,图文/网页,说明/其他,综合运营/其他,False,1,1,1,
https://jiandaoyun.com/index/article_center/25839,https://jiandaoyun.com/index/article_center/25839,jiandaoyun.com,简道云:企业级零代码应用搭建平台的完整能力图谱-简道云文章中心,其他外部来源,身份权威性未知,所有者未核实,False,False,,图文/网页,推荐/对比/清单,数据工具/分析,False,1,1,1,
https://jiandaoyun.com/nblog/424208,https://jiandaoyun.com/nblog/424208,jiandaoyun.com,抖音进销存数据导出方法揭秘，如何快速导出抖音进销存数据? • 简道云,其他外部来源,身份权威性未知,所有者未核实,False,False,,图文/网页,教程/操作指南,数据工具/分析,True,1,1,1,
https://jibaoproxy.com/blog/instagram-tiktok-scraping-proxies.html,https://jibaoproxy.com/blog/instagram-tiktok-scraping-proxies.html,jibaoproxy.com,Proxies for Instagram and TikTok Scraping: What Works in 2026,其他外部来源,身份权威性未知,所有者未核实,False,False,,图文/网页,说明/其他,综合运营/其他,False,1,1,1,
https://jieshuo.cn/blog/douyin-2026-algorithm-traffic-change,https://jieshuo.cn/blog/douyin-2026-algorithm-traffic-change,jieshuo.cn,视频越发越没量?2026抖音算法早都换血了!一篇讲透 | AI解说大师,其他外部来源,身份权威性未知,所有者未核实,False,False,,图文/网页,说明/其他,短视频内容,False,1,1,1,
https://jijyun.cn/apps/apps/88_183,https://jijyun.cn/apps/apps/88_183,jijyun.cn,百应与抖店无代码集成连接方法 | 无需API接口代码开发快速连接百应与抖店,其他外部来源,身份权威性未知,所有者未核实,False,False,,图文/网页,方法论/策略,店铺/商品/商城,True,1,1,1,
https://jijyun.cn/apps/apps/94_226,https://jijyun.cn/apps/apps/94_226,jijyun.cn,抖音(普通号)与抖店(自建应用)无代码集成连接方法 | 无需API接口代码开发快速连接抖音(普通号)与抖店(自建应用),其他外部来源,身份权威性未知,所有者未核实,False,False,,图文/网页,方法论/策略,店铺/商品/商城,True,1,1,1,
https://jijyun.cn/apps/processes/2219,https://jijyun.cn/apps/processes/2219,jijyun.cn,每周定时查询抖音所有视频的数据同步到飞书多维表格|抖音(普通号)|定时启动任务|循环执行|飞书云文档 | 集简云,其他外部来源,身份权威性未知,所有者未核实,False,False,,图文/网页,说明/其他,短视频内容,False,1,1,1,
https://jijyun.cn/help/detail/566,https://jijyun.cn/help/detail/566,jijyun.cn,抖音 x 飞书多维表格，每周自动查询视频数汇总到表单 | 集简云连接数百款软件无需API接口开发,其他外部来源,身份权威性未知,所有者未核实,False,False,,图文/网页,说明/其他,短视频内容,False,1,1,1,
https://jindage.com/en/skills/api-douyin-core,https://jindage.com/en/skills/api-douyin-core,jindage.com,JinDaGe - MaxHub 抖音全域数据 Skill Details,其他外部来源,身份权威性未知,所有者未核实,False,False,,图文/网页,说明/其他,数据工具/分析,False,1,1,1,
https://wap.m.jingjia8.cn/html/44e9199864.html,https://wap.m.jingjia8.cn/html/44e9199864.html,jingjia8.cn,抖音电商「罗盘·达人」再升级，商城联动内容双向增长 -台湾甲申生技工坊有限公司,其他外部来源,身份权威性未知,所有者未核实,False,False,,图文/网页,案例/复盘,达人/带货,False,1,1,1,
https://114.jingmen.gov.cn/module/download/downfile.jsp?classid=0&filename=615f589aab184b958c8d87aaaad01b58.pdf,https://114.jingmen.gov.cn/module/download/downfile.jsp?classid=0&filename=615f589aab184b958c8d87aaaad01b58.pdf,jingmen.gov.cn,2021京山抖音电商直播基础培训,其他外部来源,身份权威性未知,所有者未核实,False,False,,图文/网页,说明/其他,直播运营,False,1,1,1,
https://jingzhunhuoke.net/20625.html,https://jingzhunhuoke.net/20625.html,jingzhunhuoke.net,「信息流流量剖析」产品指南-精准获客,其他外部来源,身份权威性未知,所有者未核实,False,False,,图文/网页,教程/操作指南,综合运营/其他,True,1,1,1,
https://jingzhunhuoke.net/39388.html,https://jingzhunhuoke.net/39388.html,jingzhunhuoke.net,快手磁力金牛广告 116 产品投放的作战指南，有关快手直播广告的阐释-精准获客,其他外部来源,身份权威性未知,所有者未核实,False,False,,图文/网页,教程/操作指南,直播运营,True,1,1,1,
https://jingzhunhuoke.net/65784.html,https://jingzhunhuoke.net/65784.html,jingzhunhuoke.net,快手广告推广平台——磁力金牛选品罗盘产品介绍-精准获客,其他外部来源,身份权威性未知,所有者未核实,False,False,,图文/网页,推荐/对比/清单,广告投放,False,1,1,1,
https://buyin.jinritemai.com/developer/service-provider/doc-center,https://buyin.jinritemai.com/developer/service-provider/doc-center,jinritemai.com,巨量百应Buyin,字节/头条系其他,平台或产品来源,字节跳动/头条系,True,False,,图文/网页,说明/其他,综合运营/其他,False,1,1,1,
https://buyin.jinritemai.com/developer/service-provider/home,https://buyin.jinritemai.com/developer/service-provider/home,jinritemai.com,巨量百应Buyin,字节/头条系其他,平台或产品来源,字节跳动/头条系,True,False,,图文/网页,说明/其他,综合运营/其他,False,1,1,1,
https://buyin.jinritemai.com/helpcenter/5124/78641,https://buyin.jinritemai.com/helpcenter/5124/78641,jinritemai.com,小店精选联盟订单明细下载说明 - 帮助中心 - 巨量百应帮助中心,字节/头条系其他,平台或产品来源,字节跳动/头条系,True,False,,图文/网页,说明/其他,综合运营/其他,False,1,1,1,
https://buyin.jinritemai.com/helpcenter/5124/86142,https://buyin.jinritemai.com/helpcenter/5124/86142,jinritemai.com,百应后台DOU+上热门使用说明 - 帮助中心 - 巨量百应帮助中心,字节/头条系其他,平台或产品来源,字节跳动/头条系,True,False,,图文/网页,说明/其他,综合运营/其他,False,1,1,1,
https://buyin.jinritemai.com/rulecenter/5268/44230,https://buyin.jinritemai.com/rulecenter/5268/44230,jinritemai.com,私下交易及导流行为 - 规则解读 - 巨量百应规则中心,字节/头条系其他,平台或产品来源,字节跳动/头条系,True,False,,图文/网页,说明/其他,综合运营/其他,False,1,1,1,
https://buyin.jinritemai.com/rulecenter/5268/52354,https://buyin.jinritemai.com/rulecenter/5268/52354,jinritemai.com,常见的商品无法添加原因 - 规则解读 - 巨量百应规则中心,字节/头条系其他,平台或产品来源,字节跳动/头条系,True,False,,图文/网页,说明/其他,店铺/商品/商城,False,1,1,1,
https://compass.jinritemai.com/shop/chance/rank,https://compass.jinritemai.com/shop/chance/rank,jinritemai.com,抖音电商罗盘-抖店商家、达人和机构多视角数据平台,字节/头条系其他,平台或产品来源,字节跳动/头条系,True,False,,图文/网页,推荐/对比/清单,达人/带货,False,1,1,1,
https://compass.jinritemai.com/shop/sell-analysis,https://compass.jinritemai.com/shop/sell-analysis,jinritemai.com,抖音电商罗盘-抖店商家、达人和机构多视角数据平台,字节/头条系其他,平台或产品来源,字节跳动/头条系,True,False,,图文/网页,推荐/对比/清单,达人/带货,False,1,1,1,
https://fuwu.jinritemai.com/-,https://fuwu.jinritemai.com/-,jinritemai.com,抖店服务市场,字节/头条系其他,平台或产品来源,字节跳动/头条系,True,False,,图文/网页,说明/其他,店铺/商品/商城,False,1,1,1,
https://fuwu.jinritemai.com/5,https://fuwu.jinritemai.com/5,jinritemai.com,抖店服务市场,字节/头条系其他,平台或产品来源,字节跳动/头条系,True,False,,图文/网页,说明/其他,店铺/商品/商城,False,1,1,1,
https://fuwu.jinritemai.com/A1,https://fuwu.jinritemai.com/A1,jinritemai.com,抖店服务市场,字节/头条系其他,平台或产品来源,字节跳动/头条系,True,False,,图文/网页,说明/其他,店铺/商品/商城,False,1,1,1,
https://fuwu.jinritemai.com/https:/fuwu.jinritemai.com,https://fuwu.jinritemai.com/https:/fuwu.jinritemai.com,jinritemai.com,抖店服务市场,字节/头条系其他,平台或产品来源,字节跳动/头条系,True,False,,图文/网页,说明/其他,店铺/商品/商城,False,1,1,1,
https://fuwu.jinritemai.com/solutions?pageId=1,https://fuwu.jinritemai.com/solutions?pageId=1,jinritemai.com,解决方案,字节/头条系其他,平台或产品来源,字节跳动/头条系,True,False,,图文/网页,说明/其他,综合运营/其他,False,1,1,1,
https://fxg.jinritemai.com/login/common,https://fxg.jinritemai.com/login/common,jinritemai.com,抖店登录-抖店后台-抖音电商后台,字节/头条系其他,平台或产品来源,字节跳动/头条系,True,False,,图文/网页,说明/其他,店铺/商品/商城,False,1,1,1,
https://op.jinritemai.com/docs/api-do/140/583,https://op.jinritemai.com/docs/api-do/140/583,jinritemai.com,抖店开放平台,字节/头条系其他,平台或产品来源,字节跳动/头条系,True,False,,图文/网页,推荐/对比/清单,店铺/商品/商城,False,1,1,1,
https://op.jinritemai.com/docs/api-docs/14/6370,https://op.jinritemai.com/docs/api-docs/14/6370,jinritemai.com,抖店开放平台,字节/头条系其他,平台或产品来源,字节跳动/头条系,True,False,,图文/网页,推荐/对比/清单,店铺/商品/商城,False,1,1,1,
https://op.jinritemai.com/docs/guide-docs/12/7320,https://op.jinritemai.com/docs/guide-docs/12/7320,jinritemai.com,抖店开放平台,字节/头条系其他,平台或产品来源,字节跳动/头条系,True,False,,图文/网页,推荐/对比/清单,店铺/商品/商城,False,1,1,1,
https://op.jinritemai.com/docs/guide-docs/83/4205,https://op.jinritemai.com/docs/guide-docs/83/4205,jinritemai.com,抖店开放平台,字节/头条系其他,平台或产品来源,字节跳动/头条系,True,False,,图文/网页,推荐/对比/清单,店铺/商品/商城,False,1,1,1,
https://qianchuan.jinritemai.com/docs/help/11747/213224,https://qianchuan.jinritemai.com/docs/help/11747/213224,jinritemai.com,巨量千川入口 - 产品介绍 - 巨量千川帮助中心,字节/头条系其他,平台或产品来源,字节跳动/头条系,True,False,,图文/网页,说明/其他,广告投放,False,1,1,1,
https://qianchuan.jinritemai.com/docs/help/12781/238447,https://qianchuan.jinritemai.com/docs/help/12781/238447,jinritemai.com,小店随心推 - 巨量千川官网介绍 - 巨量千川帮助中心,字节/头条系其他,平台或产品来源,字节跳动/头条系,True,False,,图文/网页,说明/其他,广告投放,False,1,1,1,
https://school.jinritemai.com/doudian/wap/article/101805,https://school.jinritemai.com/doudian/wap/article/101805,jinritemai.com,抖音电商学习中心,字节/头条系其他,平台或产品来源,字节跳动/头条系,True,False,,图文/网页,说明/其他,综合运营/其他,False,1,1,1,
https://school.jinritemai.com/doudian/wap/article/113167?from_school=1&should_full_screen=1&should_hide_bottom_nav=1,https://school.jinritemai.com/doudian/wap/article/113167?from_school=1&should_full_screen=1&should_hide_bottom_nav=1,jinritemai.com,抖音电商罗盘最全介绍手册(机构版),字节/头条系其他,平台或产品来源,字节跳动/头条系,True,False,,图文/网页,教程/操作指南,综合运营/其他,True,1,1,1,
https://school.jinritemai.com/doudian/wap/article/113668,https://school.jinritemai.com/doudian/wap/article/113668,jinritemai.com,创作者【虚假交易】实施细则,字节/头条系其他,平台或产品来源,字节跳动/头条系,True,False,,图文/网页,说明/其他,综合运营/其他,False,1,1,1,
https://school.jinritemai.com/doudian/wap/article/aHGDEoASVDHn,https://school.jinritemai.com/doudian/wap/article/aHGDEoASVDHn,jinritemai.com,如何洞察单个商品的人群画像?-抖音电商学习中心，抖店官方教你运营抖音小店,字节/头条系其他,平台或产品来源,字节跳动/头条系,True,False,,图文/网页,教程/操作指南,店铺/商品/商城,True,1,1,1,
https://school.jinritemai.com/doudian/wap/article/aHYeLAB4AMMW,https://school.jinritemai.com/doudian/wap/article/aHYeLAB4AMMW,jinritemai.com,抖音电商学习中心,字节/头条系其他,平台或产品来源,字节跳动/头条系,True,False,,图文/网页,说明/其他,综合运营/其他,False,1,1,1,
https://school.jinritemai.com/doudian/wap/article/aHaxD9J2FsKK,https://school.jinritemai.com/doudian/wap/article/aHaxD9J2FsKK,jinritemai.com,食品生鲜泛商城场景-商家经营白皮书-抖音电商学习中心，抖店官方教你运营抖音小店,字节/头条系其他,平台或产品来源,字节跳动/头条系,True,False,,图文/网页,说明/其他,店铺/商品/商城,False,1,1,1,
https://school.jinritemai.com/doudian/wap/article/aHg4ySehdA6h?from_school=1&should_full_screen=1&should_hide_bottom_nav=1,https://school.jinritemai.com/doudian/wap/article/aHg4ySehdA6h?from_school=1&should_full_screen=1&should_hide_bottom_nav=1,jinritemai.com,一文读懂自然流量提升技巧,字节/头条系其他,平台或产品来源,字节跳动/头条系,True,False,,图文/网页,说明/其他,综合运营/其他,False,1,1,1,
https://school.jinritemai.com/doudian/wap/article/aHnLL5zLHQAb?from_school=1&should_full_screen=1&should_hide_bottom_nav=1,https://school.jinritemai.com/doudian/wap/article/aHnLL5zLHQAb?from_school=1&should_full_screen=1&should_hide_bottom_nav=1,jinritemai.com,抖音电商学习中心,字节/头条系其他,平台或产品来源,字节跳动/头条系,True,False,,图文/网页,说明/其他,综合运营/其他,False,1,1,1,
https://school.jinritemai.com/doudian/wap/article/aHoGVZ6MxtmW,https://school.jinritemai.com/doudian/wap/article/aHoGVZ6MxtmW,jinritemai.com,抖音电商学习中心,字节/头条系其他,平台或产品来源,字节跳动/头条系,True,False,,图文/网页,说明/其他,综合运营/其他,False,1,1,1,
https://school.jinritemai.com/doudian/wap/article/aHqFkgHJmWcC?fromPage=search_result&query=%E7%BD%97%E7%9B%98%C2%B7%E7%BB%8F%E8%90%A5%E3%80%8C%E7%AB%9E%E4%BA%89%E5%88%86%E6%9E%90%E3%80%8D%E5%A4%A7%E5%8D%87%E7%BA%A7%EF%BC%8C%E5%8A%A9%E6%82%A8%E6%9B%B4%E5%A5%BD%E5%AD%A6%E4%B9%A0%E7%AB%9E%E5%AF%B9%EF%BC%81&rank=0&resultType=%E5%8A%9F%E8%83%BD&searchInfo=8953568735360016993%3A0%3A0%3A147058568%3A20241121170123EE7AD5F0522EA3A2FD6F,https://school.jinritemai.com/doudian/wap/article/aHqFkgHJmWcC?fromPage=search_result&query=%E7%BD%97%E7%9B%98%C2%B7%E7%BB%8F%E8%90%A5%E3%80%8C%E7%AB%9E%E4%BA%89%E5%88%86%E6%9E%90%E3%80%8D%E5%A4%A7%E5%8D%87%E7%BA%A7%EF%BC%8C%E5%8A%A9%E6%82%A8%E6%9B%B4%E5%A5%BD%E5%AD%A6%E4%B9%A0%E7%AB%9E%E5%AF%B9%EF%BC%81&rank=0&resultType=%E5%8A%9F%E8%83%BD&searchInfo=8953568735360016993%3A0%3A0%3A147058568%3A20241121170123EE7AD5F0522EA3A2FD6F,jinritemai.com,罗盘·经营「竞争分析」大升级，助您更好学习竞对!,字节/头条系其他,平台或产品来源,字节跳动/头条系,True,False,,图文/网页,说明/其他,数据工具/分析,False,1,1,1,
https://school.jinritemai.com/doudian/wap/article/aHrSK6GhgJaf,https://school.jinritemai.com/doudian/wap/article/aHrSK6GhgJaf,jinritemai.com,抖音电商学习中心,字节/头条系其他,平台或产品来源,字节跳动/头条系,True,False,,图文/网页,说明/其他,综合运营/其他,False,1,1,1,
https://school.jinritemai.com/doudian/wap/article/aHsaFa4hiQ5J?from_school=1&should_full_screen=1&should_hide_bottom_nav=1,https://school.jinritemai.com/doudian/wap/article/aHsaFa4hiQ5J?from_school=1&should_full_screen=1&should_hide_bottom_nav=1,jinritemai.com,百应「数据参谋」升级 嵌入罗盘数据能力,字节/头条系其他,平台或产品来源,字节跳动/头条系,True,False,,图文/网页,说明/其他,数据工具/分析,False,1,1,1,
https://school.jinritemai.com/doudian/wap/article/aJCLf69Svb6g?from_school=1&should_full_screen=1&should_hide_bottom_nav=1,https://school.jinritemai.com/doudian/wap/article/aJCLf69Svb6g?from_school=1&should_full_screen=1&should_hide_bottom_nav=1,jinritemai.com,「订单导出」——FAQ高频问题解决指南,字节/头条系其他,平台或产品来源,字节跳动/头条系,True,False,,图文/网页,教程/操作指南,综合运营/其他,True,1,1,1,
https://school.jinritemai.com/doudian/wap/article/aJCPAz6HCj8K?from_school=1&should_full_screen=1&should_hide_bottom_nav=1,https://school.jinritemai.com/doudian/wap/article/aJCPAz6HCj8K?from_school=1&should_full_screen=1&should_hide_bottom_nav=1,jinritemai.com,三率指标高频问题解答,字节/头条系其他,平台或产品来源,字节跳动/头条系,True,False,,图文/网页,方法论/策略,综合运营/其他,True,1,1,1,
https://school.jinritemai.com/doudian/wap/article/aJVVUcN3je9k?from_school=1&should_full_screen=1&should_hide_bottom_nav=1,https://school.jinritemai.com/doudian/wap/article/aJVVUcN3je9k?from_school=1&should_full_screen=1&should_hide_bottom_nav=1,jinritemai.com,抖音电商学习中心,字节/头条系其他,平台或产品来源,字节跳动/头条系,True,False,,图文/网页,说明/其他,综合运营/其他,False,1,1,1,
https://school.jinritemai.com/doudian/wap/article/aJYhPcBhnV8S?from_school=1&should_full_screen=1&should_hide_bottom_nav=1,https://school.jinritemai.com/doudian/wap/article/aJYhPcBhnV8S?from_school=1&should_full_screen=1&should_hide_bottom_nav=1,jinritemai.com,抖音电商学习中心,字节/头条系其他,平台或产品来源,字节跳动/头条系,True,False,,图文/网页,说明/其他,综合运营/其他,False,1,1,1,
https://school.jinritemai.com/doudian/wap/article/aJa6ZvXzCpcy?from_school=1&should_full_screen=1&should_hide_bottom_nav=1,https://school.jinritemai.com/doudian/wap/article/aJa6ZvXzCpcy?from_school=1&should_full_screen=1&should_hide_bottom_nav=1,jinritemai.com,24小时直播+实时互动吸引用户停留，多渠道精准投流引爆低价单品【中小商家案例】,字节/头条系其他,平台或产品来源,字节跳动/头条系,True,False,,图文/网页,案例/复盘,直播运营,False,1,1,1,
https://school.jinritemai.com/doudian/wap/article/aJa9ppK4ogbd,https://school.jinritemai.com/doudian/wap/article/aJa9ppK4ogbd,jinritemai.com,抖音电商服务商实战案例:北吉星大促以数据掌舵，全链路突围流量与业绩增长,字节/头条系其他,平台或产品来源,字节跳动/头条系,True,False,,图文/网页,案例/复盘,数据工具/分析,False,1,1,1,
https://school.jinritemai.com/doudian/wap/article/aJb1E9GYh8F8?from_school=1&should_full_screen=1&should_hide_bottom_nav=1,https://school.jinritemai.com/doudian/wap/article/aJb1E9GYh8F8?from_school=1&should_full_screen=1&should_hide_bottom_nav=1,jinritemai.com,抖音电商服务商实战案例:盘古天地大促策略破局，“全链路策略+数据驱动”双引擎驱动商家增长,字节/头条系其他,平台或产品来源,字节跳动/头条系,True,False,,图文/网页,案例/复盘,数据工具/分析,False,1,1,1,
https://school.jinritemai.com/doudian/wap/article/aJdJQ9jtc1WD?from_school=1&should_full_screen=1&should_hide_bottom_nav=1,https://school.jinritemai.com/doudian/wap/article/aJdJQ9jtc1WD?from_school=1&should_full_screen=1&should_hide_bottom_nav=1,jinritemai.com,抖音电商学习中心,字节/头条系其他,平台或产品来源,字节跳动/头条系,True,False,,图文/网页,说明/其他,综合运营/其他,False,1,1,1,
https://school.jinritemai.com/doudian/wap/articlev0/103956,https://school.jinritemai.com/doudian/wap/articlev0/103956,jinritemai.com,抖音电商学习中心,字节/头条系其他,平台或产品来源,字节跳动/头条系,True,False,,图文/网页,说明/其他,综合运营/其他,False,1,1,1,
https://school.jinritemai.com/doudian/wap/course-series/cHSLjJ4EXZ57/cHSLjJ4EXZ57lHSLwWrdnmCx?from_school=1&should_full_screen=1&should_hide_bottom_nav=1,https://school.jinritemai.com/doudian/wap/course-series/cHSLjJ4EXZ57/cHSLjJ4EXZ57lHSLwWrdnmCx?from_school=1&should_full_screen=1&should_hide_bottom_nav=1,jinritemai.com,抖音电商学习中心,字节/头条系其他,平台或产品来源,字节跳动/头条系,True,False,,图文/网页,说明/其他,综合运营/其他,False,1,1,1,
https://school.jinritemai.com/doudian/wap/course-series/cHWoyeJGgD33/cHWoyeJGgD33lHWoycCuBqgY,https://school.jinritemai.com/doudian/wap/course-series/cHWoyeJGgD33/cHWoyeJGgD33lHWoycCuBqgY,jinritemai.com,新手经营必知,字节/头条系其他,平台或产品来源,字节跳动/头条系,True,False,,图文/网页,说明/其他,综合运营/其他,False,1,1,1,
https://school.jinritemai.com/doudian/wap/course-series/cHXYPm4k5tCn/cHXYPm4k5tCnlHXYPqY8y9ZQ?from_school=1&should_full_screen=1&should_hide_bottom_nav=1,https://school.jinritemai.com/doudian/wap/course-series/cHXYPm4k5tCn/cHXYPm4k5tCnlHXYPqY8y9ZQ?from_school=1&should_full_screen=1&should_hide_bottom_nav=1,jinritemai.com,抖音电商官方数据产品「罗盘·策略」引领生意增长,字节/头条系其他,平台或产品来源,字节跳动/头条系,True,False,,图文/网页,案例/复盘,数据工具/分析,False,1,1,1,
https://school.jinritemai.com/doudian/wap/course-series/cHXYPm4k5tCn/cHXYPm4k5tCnlHZdqBe2bFcg?from_school=1&should_full_screen=1&should_hide_bottom_nav=1,https://school.jinritemai.com/doudian/wap/course-series/cHXYPm4k5tCn/cHXYPm4k5tCnlHZdqBe2bFcg?from_school=1&should_full_screen=1&should_hide_bottom_nav=1,jinritemai.com,抖音电商官方数据产品「罗盘·策略」引领生意增长,字节/头条系其他,平台或产品来源,字节跳动/头条系,True,False,,图文/网页,案例/复盘,数据工具/分析,False,1,1,1,
https://school.jinritemai.com/doudian/wap/course-series/cHXYPm4k5tCn/cHXYPm4k5tCnlHs7qa3rs7qE?from_school=1&should_full_screen=1&should_hide_bottom_nav=1,https://school.jinritemai.com/doudian/wap/course-series/cHXYPm4k5tCn/cHXYPm4k5tCnlHs7qa3rs7qE?from_school=1&should_full_screen=1&should_hide_bottom_nav=1,jinritemai.com,抖音电商官方数据产品「罗盘·策略」引领生意增长,字节/头条系其他,平台或产品来源,字节跳动/头条系,True,False,,图文/网页,案例/复盘,数据工具/分析,False,1,1,1,
https://school.jinritemai.com/doudian/wap/course-series/cHXYPm4k5tCn/cHXYPm4k5tCnlHsBbDReqqp6?from_school=1&should_full_screen=1&should_hide_bottom_nav=1,https://school.jinritemai.com/doudian/wap/course-series/cHXYPm4k5tCn/cHXYPm4k5tCnlHsBbDReqqp6?from_school=1&should_full_screen=1&should_hide_bottom_nav=1,jinritemai.com,抖音电商官方数据产品「罗盘·策略」引领生意增长,字节/头条系其他,平台或产品来源,字节跳动/头条系,True,False,,图文/网页,案例/复盘,数据工具/分析,False,1,1,1,
https://school.jinritemai.com/doudian/wap/course-series/cJ6jnxQ9dv4j/cJ6jnxQ9dv4jlJ6mgWY1ZLFM?from_school=1&should_full_screen=1&should_hide_bottom_nav=1,https://school.jinritemai.com/doudian/wap/course-series/cJ6jnxQ9dv4j/cJ6jnxQ9dv4jlJ6mgWY1ZLFM?from_school=1&should_full_screen=1&should_hide_bottom_nav=1,jinritemai.com,【优质作者电商成长计划】电商基础知识系列课程,字节/头条系其他,平台或产品来源,字节跳动/头条系,True,False,,图文/网页,说明/其他,综合运营/其他,False,1,1,1,
https://school.jinritemai.com/doudian/wap/course-series/cJXFULDqSc3Z/cJXFULDqSc3ZlJZJCSQAgsdc?from_school=1&should_full_screen=1&should_hide_bottom_nav=1,https://school.jinritemai.com/doudian/wap/course-series/cJXFULDqSc3Z/cJXFULDqSc3ZlJZJCSQAgsdc?from_school=1&should_full_screen=1&should_hide_bottom_nav=1,jinritemai.com,服饰秋冬经营策略手册-千川中小商家25年秋冬上新,字节/头条系其他,平台或产品来源,字节跳动/头条系,True,False,,图文/网页,教程/操作指南,广告投放,True,1,1,1,
https://school.jinritemai.com/doudian/wap/ecomcase/detail?currentTab=1&should_full_screen=1,https://school.jinritemai.com/doudian/wap/ecomcase/detail?currentTab=1&should_full_screen=1,jinritemai.com,抖音电商案例库-抖音电商官方学习平台,字节/头条系其他,平台或产品来源,字节跳动/头条系,True,False,,图文/网页,推荐/对比/清单,数据工具/分析,False,1,1,1,
https://school.jinritemai.com/doudian/wap/knowledge/kJVAgejBgKJ2,https://school.jinritemai.com/doudian/wap/knowledge/kJVAgejBgKJ2,jinritemai.com,抖音电商学习中心,字节/头条系其他,平台或产品来源,字节跳动/头条系,True,False,,图文/网页,说明/其他,综合运营/其他,False,1,1,1,
https://school.jinritemai.com/doudian/wap/knowledge/kJVAiFDoCNTj,https://school.jinritemai.com/doudian/wap/knowledge/kJVAiFDoCNTj,jinritemai.com,为什么有效订单数与实际订单数不一致-抖音电商学习中心,字节/头条系其他,平台或产品来源,字节跳动/头条系,True,False,,图文/网页,说明/其他,综合运营/其他,False,1,1,1,
https://school.jinritemai.com/doudian/wap/video-article/vHj6ryThkcnc?from_school=1&should_full_screen=1&should_hide_bottom_nav=1,https://school.jinritemai.com/doudian/wap/video-article/vHj6ryThkcnc?from_school=1&should_full_screen=1&should_hide_bottom_nav=1,jinritemai.com,抖音电商学习中心,字节/头条系其他,平台或产品来源,字节跳动/头条系,True,False,,图文/网页,说明/其他,综合运营/其他,False,1,1,1,
https://school.jinritemai.com/doudian/web/article/103956,https://school.jinritemai.com/doudian/web/article/103956,jinritemai.com,商家体验分规范,字节/头条系其他,平台或产品来源,字节跳动/头条系,True,False,,图文/网页,说明/其他,综合运营/其他,False,1,1,1,
https://school.jinritemai.com/doudian/web/article/106943,https://school.jinritemai.com/doudian/web/article/106943,jinritemai.com,商家体验分规范,字节/头条系其他,平台或产品来源,字节跳动/头条系,True,False,,图文/网页,说明/其他,综合运营/其他,False,1,1,1,
https://school.jinritemai.com/doudian/web/article/110230,https://school.jinritemai.com/doudian/web/article/110230,jinritemai.com,巨量千川准入& 管控规则指引,字节/头条系其他,平台或产品来源,字节跳动/头条系,True,False,,图文/网页,说明/其他,广告投放,False,1,1,1,
https://school.jinritemai.com/doudian/web/article/112284,https://school.jinritemai.com/doudian/web/article/112284,jinritemai.com,资金流水明细/资金账单使用手册,字节/头条系其他,平台或产品来源,字节跳动/头条系,True,False,,图文/网页,教程/操作指南,综合运营/其他,True,1,1,1,
https://school.jinritemai.com/doudian/web/article/aHSMTiukjMnW,https://school.jinritemai.com/doudian/web/article/aHSMTiukjMnW,jinritemai.com,【罗盘·经营】直播间诊断优化升级升级!,字节/头条系其他,平台或产品来源,字节跳动/头条系,True,False,,图文/网页,方法论/策略,直播运营,True,1,1,1,
https://school.jinritemai.com/doudian/web/article/aHTkZEjsiyYS,https://school.jinritemai.com/doudian/web/article/aHTkZEjsiyYS,jinritemai.com,巨量百应平台机构服务商协议,字节/头条系其他,平台或产品来源,字节跳动/头条系,True,False,,图文/网页,推荐/对比/清单,数据工具/分析,False,1,1,1,
https://school.jinritemai.com/doudian/web/article/aHaPridCg7hW,https://school.jinritemai.com/doudian/web/article/aHaPridCg7hW,jinritemai.com,快速get不同运营场景下的数据分析方法!,字节/头条系其他,平台或产品来源,字节跳动/头条系,True,False,,图文/网页,方法论/策略,数据工具/分析,True,1,1,1,
https://school.jinritemai.com/doudian/web/article/aHzTcug1obs7?from_school=1&should_full_screen=1&should_hide_bottom_nav=1,https://school.jinritemai.com/doudian/web/article/aHzTcug1obs7?from_school=1&should_full_screen=1&should_hide_bottom_nav=1,jinritemai.com,创作者【不当获取/使用信息】实施细则,字节/头条系其他,平台或产品来源,字节跳动/头条系,True,False,,图文/网页,说明/其他,综合运营/其他,False,1,1,1,
https://school.jinritemai.com/doudian/web/article/aJMpSJ7wvGDx?scene_source=xiangguantuijian&strategy_source=XiangGuanTuiJian_1650788433,https://school.jinritemai.com/doudian/web/article/aJMpSJ7wvGDx?scene_source=xiangguantuijian&strategy_source=XiangGuanTuiJian_1650788433,jinritemai.com,商家体验分重点问题解答,字节/头条系其他,平台或产品来源,字节跳动/头条系,True,False,,图文/网页,说明/其他,综合运营/其他,False,1,1,1,
https://school.jinritemai.com/doudian/web/article/aJXEw1eSPWm8,https://school.jinritemai.com/doudian/web/article/aJXEw1eSPWm8,jinritemai.com,最全盘点|中小商家抖店AI提效工具合集(持续更新),字节/头条系其他,平台或产品来源,字节跳动/头条系,True,False,,图文/网页,推荐/对比/清单,店铺/商品/商城,False,1,1,1,
https://school.jinritemai.com/doudian/web/article/aJckRi5d5VC2?jsls_shop=252355334,https://school.jinritemai.com/doudian/web/article/aJckRi5d5VC2?jsls_shop=252355334,jinritemai.com,抖店双周新功能速递 09期(2025.12.31),字节/头条系其他,平台或产品来源,字节跳动/头条系,True,False,,图文/网页,说明/其他,店铺/商品/商城,False,1,1,1,
https://school.jinritemai.com/doudian/web/article/aJf8xEESYxmB?jsls_shop=175791803,https://school.jinritemai.com/doudian/web/article/aJf8xEESYxmB?jsls_shop=175791803,jinritemai.com,物流诊断商家使用指南,字节/头条系其他,平台或产品来源,字节跳动/头条系,True,False,,图文/网页,教程/操作指南,综合运营/其他,True,1,1,1,
https://school.jinritemai.com/doudian/web/article/ahghh2bv3krc,https://school.jinritemai.com/doudian/web/article/ahghh2bv3krc,jinritemai.com,用户运营——【用户分析】操作指南,字节/头条系其他,平台或产品来源,字节跳动/头条系,True,False,,图文/网页,教程/操作指南,数据工具/分析,True,1,1,1,
https://school.jinritemai.com/doudian/web/articlev0/aJRxZby6uvyJ?jsls_shop=175791803,https://school.jinritemai.com/doudian/web/articlev0/aJRxZby6uvyJ?jsls_shop=175791803,jinritemai.com,关于防范异常授权盗号盗取资金风险的重要提醒,字节/头条系其他,平台或产品来源,字节跳动/头条系,True,False,,图文/网页,说明/其他,综合运营/其他,False,1,1,1,
https://school.jinritemai.com/doudian/web/articlev0/aJi9sVSLavD3?biz_from=new_rules,https://school.jinritemai.com/doudian/web/articlev0/aJi9sVSLavD3?biz_from=new_rules,jinritemai.com,关于修订《【商家—不当获取/使用信息】细则》的公示通知,字节/头条系其他,平台或产品来源,字节跳动/头条系,True,False,,图文/网页,说明/其他,综合运营/其他,False,1,1,1,
https://school.jinritemai.com/doudian/web/articlev0/aJk9gQjHptPA,https://school.jinritemai.com/doudian/web/articlev0/aJk9gQjHptPA,jinritemai.com,关于修订《精选联盟推广费/服务费结算规则》的意见征集通知,字节/头条系其他,平台或产品来源,字节跳动/头条系,True,False,,图文/网页,说明/其他,综合运营/其他,False,1,1,1,
https://school.jinritemai.com/doudian/web/articlev0/aJmbq5rfEwMD,https://school.jinritemai.com/doudian/web/articlev0/aJmbq5rfEwMD,jinritemai.com,关于修订《抖音电商运营类服务商管理规范》的意见征集通知,字节/头条系其他,平台或产品来源,字节跳动/头条系,True,False,,图文/网页,说明/其他,综合运营/其他,False,1,1,1,
https://school.jinritemai.com/doudian/web/course-series/cHSgy77AkFoU/cHSgy77AkFoUlHShSre7G5qW?fromPage=search_result&query=%E5%BA%97%E9%93%BA%E5%85%A5%E9%A9%BB&rank=0&resultType=%E8%AF%BE%E7%A8%8B&searchInfo=,https://school.jinritemai.com/doudian/web/course-series/cHSgy77AkFoU/cHSgy77AkFoUlHShSre7G5qW?fromPage=search_result&query=%E5%BA%97%E9%93%BA%E5%85%A5%E9%A9%BB&rank=0&resultType=%E8%AF%BE%E7%A8%8B&searchInfo=,jinritemai.com,抖店后台一站式操作指南(含电脑/移动端),字节/头条系其他,平台或产品来源,字节跳动/头条系,True,False,,图文/网页,教程/操作指南,店铺/商品/商城,True,1,1,1,
https://school.jinritemai.com/doudian/web/course-series/cHWoyeJGgD33/cHWoyeJGgD33lHWoycCuBqgY,https://school.jinritemai.com/doudian/web/course-series/cHWoyeJGgD33/cHWoyeJGgD33lHWoycCuBqgY,jinritemai.com,新手经营必知,字节/头条系其他,平台或产品来源,字节跳动/头条系,True,False,,图文/网页,说明/其他,综合运营/其他,False,1,1,1,
https://school.jinritemai.com/doudian/web/course-series/cHXYPm4k5tCn/cHXYPm4k5tCnlHZdqBe2bAkC?from_school=1&should_full_screen=1&should_hide_bottom_nav=1,https://school.jinritemai.com/doudian/web/course-series/cHXYPm4k5tCn/cHXYPm4k5tCnlHZdqBe2bAkC?from_school=1&should_full_screen=1&should_hide_bottom_nav=1,jinritemai.com,抖音电商官方数据产品「罗盘·策略」引领生意增长,字节/头条系其他,平台或产品来源,字节跳动/头条系,True,False,,图文/网页,案例/复盘,数据工具/分析,False,1,1,1,
https://school.jinritemai.com/doudian/web/course-series/cHXYPm4k5tCn/cHXYPm4k5tCnlHZdqBe2bFcg?from_school=1&should_full_screen=1&should_hide_bottom_nav=1,https://school.jinritemai.com/doudian/web/course-series/cHXYPm4k5tCn/cHXYPm4k5tCnlHZdqBe2bFcg?from_school=1&should_full_screen=1&should_hide_bottom_nav=1,jinritemai.com,抖音电商官方数据产品「罗盘·策略」引领生意增长,字节/头条系其他,平台或产品来源,字节跳动/头条系,True,False,,图文/网页,案例/复盘,数据工具/分析,False,1,1,1,
https://school.jinritemai.com/doudian/web/course-series/cHXYPm4k5tCn/cHXYPm4k5tCnlHZdqBe2bLVA?from_school=1&should_full_screen=1&should_hide_bottom_nav=1,https://school.jinritemai.com/doudian/web/course-series/cHXYPm4k5tCn/cHXYPm4k5tCnlHZdqBe2bLVA?from_school=1&should_full_screen=1&should_hide_bottom_nav=1,jinritemai.com,抖音电商官方数据产品「罗盘·策略」引领生意增长,字节/头条系其他,平台或产品来源,字节跳动/头条系,True,False,,图文/网页,案例/复盘,数据工具/分析,False,1,1,1,
https://school.jinritemai.com/doudian/web/course-series/cHXYPm4k5tCn/cHXYPm4k5tCnlHZdqBe2bb6c,https://school.jinritemai.com/doudian/web/course-series/cHXYPm4k5tCn/cHXYPm4k5tCnlHZdqBe2bb6c,jinritemai.com,抖音电商官方数据产品「罗盘·策略」引领生意增长,字节/头条系其他,平台或产品来源,字节跳动/头条系,True,False,,图文/网页,案例/复盘,数据工具/分析,False,1,1,1,
https://school.jinritemai.com/doudian/web/course-series/cHXYPm4k5tCn/cHXYPm4k5tCnlHkBiJdKZ8kY?from_school=1&should_full_screen=1&should_hide_bottom_nav=1,https://school.jinritemai.com/doudian/web/course-series/cHXYPm4k5tCn/cHXYPm4k5tCnlHkBiJdKZ8kY?from_school=1&should_full_screen=1&should_hide_bottom_nav=1,jinritemai.com,抖音电商官方数据产品「罗盘·策略」引领生意增长,字节/头条系其他,平台或产品来源,字节跳动/头条系,True,False,,图文/网页,案例/复盘,数据工具/分析,False,1,1,1,
https://school.jinritemai.com/doudian/web/course-series/cHXYPm4k5tCn/cHXYPm4k5tCnlHkC6n8LQg4e?from_school=1&should_full_screen=1&should_hide_bottom_nav=1,https://school.jinritemai.com/doudian/web/course-series/cHXYPm4k5tCn/cHXYPm4k5tCnlHkC6n8LQg4e?from_school=1&should_full_screen=1&should_hide_bottom_nav=1,jinritemai.com,抖音电商官方数据产品「罗盘·策略」引领生意增长,字节/头条系其他,平台或产品来源,字节跳动/头条系,True,False,,图文/网页,案例/复盘,数据工具/分析,False,1,1,1,
https://school.jinritemai.com/doudian/web/course-series/cJXFULDqSc3Z/cJXFULDqSc3ZlJZJCSQAgsdc?from_school=1&should_full_screen=1&should_hide_bottom_nav=1,https://school.jinritemai.com/doudian/web/course-series/cJXFULDqSc3Z/cJXFULDqSc3ZlJZJCSQAgsdc?from_school=1&should_full_screen=1&should_hide_bottom_nav=1,jinritemai.com,服饰秋冬经营策略手册-千川中小商家25年秋冬上新,字节/头条系其他,平台或产品来源,字节跳动/头条系,True,False,,图文/网页,教程/操作指南,广告投放,True,1,1,1,
https://school.jinritemai.com/doudian/web/course-series/cJfauywFitqK/cJfauywFitqKlJgfsPKVBwww?from_school=1&should_full_screen=1&should_hide_bottom_nav=1,https://school.jinritemai.com/doudian/web/course-series/cJfauywFitqK/cJfauywFitqKlJgfsPKVBwww?from_school=1&should_full_screen=1&should_hide_bottom_nav=1,jinritemai.com,经营提效有妙招!抖店AI助手功能全解析!,字节/头条系其他,平台或产品来源,字节跳动/头条系,True,False,,图文/网页,说明/其他,店铺/商品/商城,False,1,1,1,
https://school.jinritemai.com/doudian/web/ecomcase,https://school.jinritemai.com/doudian/web/ecomcase,jinritemai.com,抖音电商案例库-抖音电商官方学习平台,字节/头条系其他,平台或产品来源,字节跳动/头条系,True,False,,图文/网页,推荐/对比/清单,数据工具/分析,False,1,1,1,
https://school.jinritemai.com/doudian/web/ecomcase/detail,https://school.jinritemai.com/doudian/web/ecomcase/detail,jinritemai.com,抖音电商案例库-抖音电商官方学习平台,字节/头条系其他,平台或产品来源,字节跳动/头条系,True,False,,图文/网页,推荐/对比/清单,数据工具/分析,False,1,1,1,
https://school.jinritemai.com/doudian/web/funcs/12176?jsls_shop=175791803&tabKey=funcs,https://school.jinritemai.com/doudian/web/funcs/12176?jsls_shop=175791803&tabKey=funcs,jinritemai.com,抖音电商学习中心-功能中心，达人，分析数据，直播分析,字节/头条系其他,平台或产品来源,字节跳动/头条系,True,False,,图文/网页,说明/其他,直播运营,False,1,1,1,
https://school.jinritemai.com/doudian/web/knowledge/kHZ3GfRSUmAC,https://school.jinritemai.com/doudian/web/knowledge/kHZ3GfRSUmAC,jinritemai.com,“成交金额”包括哪些?-抖音电商学习中心,字节/头条系其他,平台或产品来源,字节跳动/头条系,True,False,,图文/网页,说明/其他,综合运营/其他,False,1,1,1,
https://school.jinritemai.com/doudian/web/knowledge/kHe6b41CEAdi,https://school.jinritemai.com/doudian/web/knowledge/kHe6b41CEAdi,jinritemai.com,部分数据不展示，是因为什么?-抖音电商学习中心,字节/头条系其他,平台或产品来源,字节跳动/头条系,True,False,,图文/网页,说明/其他,数据工具/分析,False,1,1,1,
https://school.jinritemai.com/doudian/web/knowledge/kHm5PXD2Pewv,https://school.jinritemai.com/doudian/web/knowledge/kHm5PXD2Pewv,jinritemai.com,资金账单功能介绍-抖音电商学习中心,字节/头条系其他,平台或产品来源,字节跳动/头条系,True,False,,图文/网页,说明/其他,综合运营/其他,False,1,1,1,
https://school.jinritemai.com/doudian/web/knowledge/kHoVk7kgFyDY,https://school.jinritemai.com/doudian/web/knowledge/kHoVk7kgFyDY,jinritemai.com,在哪里导出常见的订单数据报表?-抖音电商学习中心,字节/头条系其他,平台或产品来源,字节跳动/头条系,True,False,,图文/网页,说明/其他,数据工具/分析,False,1,1,1,
https://school.jinritemai.com/doudian/web/knowledge/kHpP9sCBKwu9,https://school.jinritemai.com/doudian/web/knowledge/kHpP9sCBKwu9,jinritemai.com,满足什么条件后才可以使用“竞争对比功能”?-抖音电商学习中心,字节/头条系其他,平台或产品来源,字节跳动/头条系,True,False,,图文/网页,推荐/对比/清单,综合运营/其他,False,1,1,1,
https://school.jinritemai.com/doudian/web/knowledge/kHtS2gTUNvrt,https://school.jinritemai.com/doudian/web/knowledge/kHtS2gTUNvrt,jinritemai.com,推广明细和千川订单不一致怎么办?-抖音电商学习中心,字节/头条系其他,平台或产品来源,字节跳动/头条系,True,False,,图文/网页,教程/操作指南,广告投放,True,1,1,1,
https://school.jinritemai.com/doudian/web/knowledge/kHvpi1ZUbf2b,https://school.jinritemai.com/doudian/web/knowledge/kHvpi1ZUbf2b,jinritemai.com,商品曝光数据是怎么算的?-抖音电商学习中心,字节/头条系其他,平台或产品来源,字节跳动/头条系,True,False,,图文/网页,教程/操作指南,店铺/商品/商城,True,1,1,1,
https://school.jinritemai.com/doudian/web/knowledge/kHyHyUPik2ZL,https://school.jinritemai.com/doudian/web/knowledge/kHyHyUPik2ZL,jinritemai.com,如何导出自定义订单信息报表-抖音电商学习中心,字节/头条系其他,平台或产品来源,字节跳动/头条系,True,False,,图文/网页,教程/操作指南,综合运营/其他,True,1,1,1,
https://school.jinritemai.com/doudian/web/knowledge/kJ1SUGEE143d,https://school.jinritemai.com/doudian/web/knowledge/kJ1SUGEE143d,jinritemai.com,如何查找优秀的店铺/商品学习同行吗?-抖音电商学习中心,字节/头条系其他,平台或产品来源,字节跳动/头条系,True,False,,图文/网页,教程/操作指南,店铺/商品/商城,True,1,1,1,
https://school.jinritemai.com/doudian/web/knowledge/kJ1bFVhqd5E2,https://school.jinritemai.com/doudian/web/knowledge/kJ1bFVhqd5E2,jinritemai.com,结算账单和资金账单为什么对不上?-抖音电商学习中心,字节/头条系其他,平台或产品来源,字节跳动/头条系,True,False,,图文/网页,说明/其他,综合运营/其他,False,1,1,1,
https://school.jinritemai.com/doudian/web/knowledge/kJ9EMstayiKZ,https://school.jinritemai.com/doudian/web/knowledge/kJ9EMstayiKZ,jinritemai.com,为什么交易-全店成交分析中的合作成交金额和精选联盟的成交金额相差很大?-抖音电商学习中心,字节/头条系其他,平台或产品来源,字节跳动/头条系,True,False,,图文/网页,说明/其他,数据工具/分析,False,1,1,1,
https://school.jinritemai.com/doudian/web/knowledge/kJ9EUjrqQ9NF,https://school.jinritemai.com/doudian/web/knowledge/kJ9EUjrqQ9NF,jinritemai.com,“成交订单量”是按什么时间统计?-抖音电商学习中心,字节/头条系其他,平台或产品来源,字节跳动/头条系,True,False,,图文/网页,说明/其他,综合运营/其他,False,1,1,1,
https://school.jinritemai.com/doudian/web/knowledge/kJ9EVZ1pjoPU,https://school.jinritemai.com/doudian/web/knowledge/kJ9EVZ1pjoPU,jinritemai.com,罗盘「首页-经营概览」中退款金额为什么和售后工作台退款金额不一致?-抖音电商学习中心,字节/头条系其他,平台或产品来源,字节跳动/头条系,True,False,,图文/网页,说明/其他,综合运营/其他,False,1,1,1,
https://school.jinritemai.com/doudian/web/knowledge/kJ9EX1DDeCx6,https://school.jinritemai.com/doudian/web/knowledge/kJ9EX1DDeCx6,jinritemai.com,直播复盘能给我提供什么?-抖音电商学习中心,字节/头条系其他,平台或产品来源,字节跳动/头条系,True,False,,图文/网页,案例/复盘,直播运营,False,1,1,1,
https://school.jinritemai.com/doudian/web/knowledge/kJ9EX1DDfP8r,https://school.jinritemai.com/doudian/web/knowledge/kJ9EX1DDfP8r,jinritemai.com,为什么「直播大屏」某一渠道突然流量上涨了/突然没有了/怎么优化流量等-抖音电商学习中心,字节/头条系其他,平台或产品来源,字节跳动/头条系,True,False,,图文/网页,教程/操作指南,直播运营,True,1,1,1,
https://school.jinritemai.com/doudian/web/knowledge/kJ9EX93BGxnF,https://school.jinritemai.com/doudian/web/knowledge/kJ9EX93BGxnF,jinritemai.com,我想知道在哪里可以查看 达人短视频和直播的成交数据。-抖音电商学习中心,字节/头条系其他,平台或产品来源,字节跳动/头条系,True,False,,图文/网页,说明/其他,直播运营,False,1,1,1,
https://school.jinritemai.com/doudian/web/knowledge/kJBva7vJDnDD,https://school.jinritemai.com/doudian/web/knowledge/kJBva7vJDnDD,jinritemai.com,罗盘的成交订单和用户支付金额是否包含退货退款?-抖音电商学习中心,字节/头条系其他,平台或产品来源,字节跳动/头条系,True,False,,图文/网页,说明/其他,综合运营/其他,False,1,1,1,
https://school.jinritemai.com/doudian/web/knowledge/kJNXSoRzRueJ,https://school.jinritemai.com/doudian/web/knowledge/kJNXSoRzRueJ,jinritemai.com,如果一个新店铺连续三天出单大部分都是同一个市的地址会计入有效订单吗-抖音电商学习中心,字节/头条系其他,平台或产品来源,字节跳动/头条系,True,False,,图文/网页,说明/其他,店铺/商品/商城,False,1,1,1,
https://school.jinritemai.com/doudian/web/knowledge/kJNXSudNfVEH,https://school.jinritemai.com/doudian/web/knowledge/kJNXSudNfVEH,jinritemai.com,直播的时候为什么老是说我有违规?-抖音电商学习中心,字节/头条系其他,平台或产品来源,字节跳动/头条系,True,False,,图文/网页,说明/其他,直播运营,False,1,1,1,
https://school.jinritemai.com/doudian/web/knowledge/kJNXTCSK9wfs,https://school.jinritemai.com/doudian/web/knowledge/kJNXTCSK9wfs,jinritemai.com,店铺怎么对账?-抖音电商学习中心,字节/头条系其他,平台或产品来源,字节跳动/头条系,True,False,,图文/网页,教程/操作指南,店铺/商品/商城,True,1,1,1,
https://school.jinritemai.com/doudian/web/knowledge/kJVAfYasWD2u,https://school.jinritemai.com/doudian/web/knowledge/kJVAfYasWD2u,jinritemai.com,为什么买家付款金额和商家收到的货款不一样-抖音电商学习中心,字节/头条系其他,平台或产品来源,字节跳动/头条系,True,False,,图文/网页,说明/其他,综合运营/其他,False,1,1,1,
https://school.jinritemai.com/doudian/web/knowledge/kJVAhzmzV7fG,https://school.jinritemai.com/doudian/web/knowledge/kJVAhzmzV7fG,jinritemai.com,支付给达人的佣金在哪里查看-抖音电商学习中心,字节/头条系其他,平台或产品来源,字节跳动/头条系,True,False,,图文/网页,说明/其他,达人/带货,False,1,1,1,
https://school.jinritemai.com/doudian/web/knowledge/kJVx9T2gDypv,https://school.jinritemai.com/doudian/web/knowledge/kJVx9T2gDypv,jinritemai.com,罗盘短视频明细包含哪些范围?-抖音电商学习中心,字节/头条系其他,平台或产品来源,字节跳动/头条系,True,False,,图文/网页,说明/其他,短视频内容,False,1,1,1,
https://school.jinritemai.com/doudian/web/knowledge/kJWzrmqc5iAC,https://school.jinritemai.com/doudian/web/knowledge/kJWzrmqc5iAC,jinritemai.com,涉税信息报送数据如何下载报表-抖音电商学习中心,字节/头条系其他,平台或产品来源,字节跳动/头条系,True,False,,图文/网页,教程/操作指南,数据工具/分析,True,1,1,1,
https://school.jinritemai.com/doudian/web/knowledge/kJXuN3EdSNDv,https://school.jinritemai.com/doudian/web/knowledge/kJXuN3EdSNDv,jinritemai.com,达人佣金为什么没在报送数据中扣除?-抖音电商学习中心,字节/头条系其他,平台或产品来源,字节跳动/头条系,True,False,,图文/网页,说明/其他,达人/带货,False,1,1,1,
https://school.jinritemai.com/doudian/web/knowledge/kJaVMuZcmXkd,https://school.jinritemai.com/doudian/web/knowledge/kJaVMuZcmXkd,jinritemai.com,为什么罗盘页面展示的用户支付金额指标，和抖店-订单管理导出的订单总和不一致?-抖音电商学习中心,字节/头条系其他,平台或产品来源,字节跳动/头条系,True,False,,图文/网页,方法论/策略,店铺/商品/商城,True,1,1,1,
https://jishuzhan.net/article/2016413189610192897,https://jishuzhan.net/article/2016413189610192897,jishuzhan.net,抖音数据采集方案研究:从 API 逆向到 WebSocket 环境注入 - 技术栈,其他外部来源,身份权威性未知,所有者未核实,False,False,,图文/网页,说明/其他,数据工具/分析,False,1,1,1,
https://bk.jiuquan.cc/html-110022,https://bk.jiuquan.cc/html-110022,jiuquan.cc,如何在抖音建立品牌 - 生活百科,其他外部来源,身份权威性未知,所有者未核实,False,False,,图文/网页,教程/操作指南,综合运营/其他,True,1,1,1,
https://bk.jiuquan.cc/html-130021,https://bk.jiuquan.cc/html-130021,jiuquan.cc,抖音搜索电商爆品筛选工具(直播牛数据分析神器) - 生活百科,其他外部来源,身份权威性未知,所有者未核实,False,False,,图文/网页,推荐/对比/清单,直播运营,False,1,1,1,
https://jiushuyun.com/connection,https://jiushuyun.com/connection,jiushuyun.com,数据连接_数据导入_数据库连接工具-九数云,其他外部来源,身份权威性未知,所有者未核实,False,False,,图文/网页,推荐/对比/清单,数据工具/分析,False,1,1,1,
https://jiuzhilan.com/qq0804,https://jiuzhilan.com/qq0804,jiuzhilan.com,千川直播高精准达人定向玩法拆解 | 九枝兰,其他外部来源,身份权威性未知,所有者未核实,False,False,,图文/网页,说明/其他,直播运营,False,1,1,1,
https://juejin.cn/post/7574269207362568201,https://juejin.cn/post/7574269207362568201,juejin.cn,3分钟搞定!飞书多维表AI一键生成仪表盘实战教程使用飞书多维表格自动创建仪表盘，实现数据自动选择数据及创建合适的仪表盘数 - 掘金,社区/博客/问答,UGC/专业社区,外部平台,False,False,,图文/网页,教程/操作指南,数据工具/分析,True,1,1,1,
https://juejin.cn/post/7615831974129664046,https://juejin.cn/post/7615831974129664046,juejin.cn,操作教程 | DataEase基于插件实现数据源与飞书多维表格的对接在用户需要通过DataEase开源BI工具对飞书多维 - 掘金,社区/博客/问答,UGC/专业社区,外部平台,False,False,,图文/网页,教程/操作指南,数据工具/分析,True,1,1,1,
https://juejin.cn/post/7616201064983707658,https://juejin.cn/post/7616201064983707658,juejin.cn,[app]dau和mau(介绍+区别)下面我为你详细地介绍 DAU 和 MAU 这两个概念。 一、核心定义 DAU 和 - 掘金,社区/博客/问答,UGC/专业社区,外部平台,False,False,,图文/网页,说明/其他,综合运营/其他,False,1,1,1,
https://juejin.cn/post/7617745029117771812,https://juejin.cn/post/7617745029117771812,juejin.cn,从手动复制到一键生成:我用Python+openpyxl搞定周报数据自动化每周都要花两小时手动合并十几个Excel销售报 - 掘金,社区/博客/问答,UGC/专业社区,外部平台,False,False,,图文/网页,说明/其他,数据工具/分析,False,1,1,1,
https://junyikeji.net/xinwen/xingye/123.html,https://junyikeji.net/xinwen/xingye/123.html,junyikeji.net,2025年抖音电商行业发展现状-西安君意信息科技有限公司,其他外部来源,身份权威性未知,所有者未核实,False,False,,图文/网页,行业资讯/报告,综合运营/其他,False,1,1,1,
https://jzl.com/news/136,https://jzl.com/news/136,jzl.com,视频号API接口调用指南:数据获取与平台选择,企业官网/工具平台,企业或垂直站点,外部企业,False,False,,图文/网页,教程/操作指南,短视频内容,True,1,1,1,
https://jzl.com/news/193,https://jzl.com/news/193,jzl.com,2025抖音用户数据查询技术全解析:从API限制到定制化采集方案,企业官网/工具平台,企业或垂直站点,外部企业,False,False,,图文/网页,说明/其他,数据工具/分析,False,1,1,1,
https://jzl.com/news/202,https://jzl.com/news/202,jzl.com,2025抖音数据采集全指南:抖音热榜数据采集教程:API接口调用与实时更新技巧,企业官网/工具平台,企业或垂直站点,外部企业,False,False,,图文/网页,教程/操作指南,数据工具/分析,True,1,1,1,
https://jzl.com/news/204,https://jzl.com/news/204,jzl.com,抖音API接口2025最新规范解读:避免限流的7个核心技术技巧,企业官网/工具平台,企业或垂直站点,外部企业,False,False,,图文/网页,说明/其他,综合运营/其他,False,1,1,1,
https://jzl.com/news/558,https://jzl.com/news/558,jzl.com,抖音运营官:定制采集抖音数据，你的账号效果提升了吗?,企业官网/工具平台,企业或垂直站点,外部企业,False,False,,图文/网页,说明/其他,数据工具/分析,False,1,1,1,
https://jzl.com/news/583,https://jzl.com/news/583,jzl.com,别再只看GMV!抖音直播数据这样分析才有效，运营必看指南,企业官网/工具平台,企业或垂直站点,外部企业,False,False,,图文/网页,教程/操作指南,直播运营,True,1,1,1,
https://jzl.com/news/742,https://jzl.com/news/742,jzl.com,数据驱动增长:5款视频号数据分析利器深度评测,企业官网/工具平台,企业或垂直站点,外部企业,False,False,,图文/网页,案例/复盘,短视频内容,False,1,1,1,
https://jzl.com/news/837,https://jzl.com/news/837,jzl.com,抖音数据采集:3步监控竞品直播间,企业官网/工具平台,企业或垂直站点,外部企业,False,False,,图文/网页,说明/其他,直播运营,False,1,1,1,
https://jzl.com/news/douyin-api-2,https://jzl.com/news/douyin-api-2,jzl.com,抖音电商数据采集API接口调用教程:程序化获取电商数据,企业官网/工具平台,企业或垂直站点,外部企业,False,False,,图文/网页,教程/操作指南,数据工具/分析,True,1,1,1,
https://jzl.com/news/douyin-data-30,https://jzl.com/news/douyin-data-30,jzl.com,抖音数据分析方法与运营优化技巧:让数据驱动内容升级,企业官网/工具平台,企业或垂直站点,外部企业,False,False,,图文/网页,方法论/策略,数据工具/分析,True,1,1,1,
https://jzl.com/news/douyin-data-39,https://jzl.com/news/douyin-data-39,jzl.com,抖音视频号数据怎么查?按这个思路选工具，不走弯路,企业官网/工具平台,企业或垂直站点,外部企业,False,False,,图文/网页,教程/操作指南,短视频内容,True,1,1,1,
https://jzl.com/news/sphdata-9,https://jzl.com/news/sphdata-9,jzl.com,视频号数据导出方法对比:官方 vs 第三方工具 vs 插件,企业官网/工具平台,企业或垂直站点,外部企业,False,False,,图文/网页,推荐/对比/清单,短视频内容,False,1,1,1,
https://m.k73.com/down/android/676982.html,https://m.k73.com/down/android/676982.html,k73.com,考古加app下载-考古加免费版下载v4.8.4软件-k73游戏之家,其他外部来源,身份权威性未知,所有者未核实,False,False,,图文/网页,说明/其他,综合运营/其他,False,1,1,1,
https://kalodata.com/blog/tiktok/the-tiktok-sellers-guide-to-competitive-benchmarking-2026-edition,https://kalodata.com/blog/tiktok/the-tiktok-sellers-guide-to-competitive-benchmarking-2026-edition,kalodata.com,The TikTok Seller’s Guide to Competitive Benchmarking: 2026 Edition,其他外部来源,身份权威性未知,所有者未核实,False,False,,图文/网页,说明/其他,综合运营/其他,False,1,1,1,
https://kalodata.com/zh,https://kalodata.com/zh,kalodata.com,全球用户量第一的tiktok电商数据平台,其他外部来源,身份权威性未知,所有者未核实,False,False,,图文/网页,推荐/对比/清单,数据工具/分析,False,1,1,1,
https://kalodata.com/zh?tc=TT123,https://kalodata.com/zh?tc=TT123,kalodata.com,Kalodata - 全球用户首选的TikTok电商数据洞察平台,其他外部来源,身份权威性未知,所有者未核实,False,False,,图文/网页,推荐/对比/清单,数据工具/分析,False,1,1,1,
https://kaogujia.com/,https://kaogujia.com/,kaogujia.com,考古加官网,其他外部来源,身份权威性未知,所有者未核实,False,False,,图文/网页,说明/其他,综合运营/其他,False,1,1,1,
https://m.kaogujia.com/,https://m.kaogujia.com/,kaogujia.com,考古加官网,其他外部来源,身份权威性未知,所有者未核实,False,False,,图文/网页,说明/其他,综合运营/其他,False,1,1,1,
https://m.kaogujia.com/webview,https://m.kaogujia.com/webview,kaogujia.com,考古加官网,其他外部来源,身份权威性未知,所有者未核实,False,False,,图文/网页,说明/其他,综合运营/其他,False,1,1,1,
https://kawo.com/cn/为什么要选择科握？/科握更便捷管理抖音账号,https://kawo.com/cn/%E4%B8%BA%E4%BB%80%E4%B9%88%E8%A6%81%E9%80%89%E6%8B%A9%E7%A7%91%E6%8F%A1%EF%BC%9F/%E7%A7%91%E6%8F%A1%E6%9B%B4%E4%BE%BF%E6%8D%B7%E7%AE%A1%E7%90%86%E6%8A%96%E9%9F%B3%E8%B4%A6%E5%8F%B7,kawo.com,抖音数据监测与分析工具 | KAWO科握,其他外部来源,身份权威性未知,所有者未核实,False,False,,图文/网页,推荐/对比/清单,数据工具/分析,False,1,1,1,
https://kedaxmt.com/favorites/数据分析,https://kedaxmt.com/favorites/%e6%95%b0%e6%8d%ae%e5%88%86%e6%9e%90,kedaxmt.com,数据分析 | 可达新媒体导航,其他外部来源,身份权威性未知,所有者未核实,False,False,,图文/网页,说明/其他,数据工具/分析,False,1,1,1,
https://kedaxmt.com/video,https://kedaxmt.com/video,kedaxmt.com,短视频& 直播运营导航 – 视频和直播创作运营工具导航 | 可达新媒体导航,其他外部来源,身份权威性未知,所有者未核实,False,False,,图文/网页,推荐/对比/清单,直播运营,False,1,1,1,
https://keyapi.ai/blog/building-tiktok-analytics-dashboard-api,https://keyapi.ai/blog/building-tiktok-analytics-dashboard-api,keyapi.ai,Building a TikTok Analytics Dashboard Using the TikTok API,其他外部来源,身份权威性未知,所有者未核实,False,False,,图文/网页,说明/其他,综合运营/其他,False,1,1,1,
https://keyouyun.com/shipinfenxiyugaijinshiyongzhinan,https://keyouyun.com/shipinfenxiyugaijinshiyongzhinan,keyouyun.com,【视频分析与改进】使用指南 - 客优云,其他外部来源,身份权威性未知,所有者未核实,False,False,,图文/网页,教程/操作指南,短视频内容,True,1,1,1,
https://kolens.ai/blog/vet-tiktok-influencer-engagement-2026,https://kolens.ai/blog/vet-tiktok-influencer-engagement-2026,kolens.ai,How to Vet a TikTok Influencer (Verify Engagement in 2026),其他外部来源,身份权威性未知,所有者未核实,False,False,,图文/网页,说明/其他,综合运营/其他,False,1,1,1,
https://m.kuai-ad.com/jd/9570.html,https://m.kuai-ad.com/jd/9570.html,kuai-ad.com,磁力万象 - 投广分析功能说明文档 | 快手广告推广服务,其他外部来源,身份权威性未知,所有者未核实,False,False,,图文/网页,说明/其他,广告投放,False,1,1,1,
https://m.kuai-ad.com/zixun/10082.html,https://m.kuai-ad.com/zixun/10082.html,kuai-ad.com,快手磁力金牛广告PC平台新版本3.0【工具页面】操作手册,其他外部来源,身份权威性未知,所有者未核实,False,False,,图文/网页,教程/操作指南,广告投放,True,1,1,1,
https://niu.e.kuaishou.com/,https://niu.e.kuaishou.com/,kuaishou.com,欢迎使用 - 磁力金牛,其他外部来源,身份权威性未知,所有者未核实,False,False,,图文/网页,说明/其他,综合运营/其他,False,1,1,1,
https://niu.e.kuaishou.com/?__accountId__=17100874,https://niu.e.kuaishou.com/?__accountId__=17100874,kuaishou.com,欢迎使用 - 磁力金牛,其他外部来源,身份权威性未知,所有者未核实,False,False,,图文/网页,说明/其他,综合运营/其他,False,1,1,1,
https://kwaixiaodian.com/index.html,https://kwaixiaodian.com/index.html,kwaixiaodian.com,快手电商,其他外部来源,身份权威性未知,所有者未核实,False,False,,图文/网页,说明/其他,综合运营/其他,False,1,1,1,
https://s2-10856.kwimgs.com/kos/nlav10856/merchant-product-2021.pdf,https://s2-10856.kwimgs.com/kos/nlav10856/merchant-product-2021.pdf,kwimgs.com,快手生意通用户手册,其他外部来源,身份权威性未知,所有者未核实,False,False,,PDF/图文报告,教程/操作指南,综合运营/其他,True,1,1,1,
https://m.kxphy.com/ws/202304/c_71198.html,https://m.kxphy.com/ws/202304/c_71198.html,kxphy.com,抖音电商罗盘-经营商品卡数据口径升级说明-快消品货源网,其他外部来源,身份权威性未知,所有者未核实,False,False,,图文/网页,说明/其他,店铺/商品/商城,False,1,1,1,
https://bytedance.larkoffice.com/docx/GVUHd4Yg3o7zsbxK1JIciEKGnNg,https://bytedance.larkoffice.com/docx/GVUHd4Yg3o7zsbxK1JIciEKGnNg,larkoffice.com,罗盘短视频分析-操作手册(持续更新，建议收藏),其他外部来源,身份权威性未知,所有者未核实,False,False,,图文/网页,教程/操作指南,短视频内容,True,1,1,1,
https://bytedance.larkoffice.com/docx/JfPGdpHdNoqvMrx5tfzcFBRxnih,https://bytedance.larkoffice.com/docx/JfPGdpHdNoqvMrx5tfzcFBRxnih,larkoffice.com,【罗盘·经营/策略】成交相关指标口径升级-对商说明,其他外部来源,身份权威性未知,所有者未核实,False,False,,图文/网页,方法论/策略,综合运营/其他,True,1,1,1,
https://bytedance.larkoffice.com/docx/MzVkd4vYNoewFJxOvCvc4u9Qnub,https://bytedance.larkoffice.com/docx/MzVkd4vYNoewFJxOvCvc4u9Qnub,larkoffice.com,「抖音热点宝」产品介绍(对外版),其他外部来源,身份权威性未知,所有者未核实,False,False,,图文/网页,说明/其他,综合运营/其他,False,1,1,1,
https://lawtime.cn/wenda/q_59708748.html,https://lawtime.cn/wenda/q_59708748.html,lawtime.cn,抖音账号诊断在哪里- 法律快车法律咨询,其他外部来源,身份权威性未知,所有者未核实,False,False,,图文/网页,方法论/策略,综合运营/其他,True,1,1,1,
https://leyantech.com/portal/page/index/id/177.html,https://leyantech.com/portal/page/index/id/177.html,leyantech.com,轻索-抖音,其他外部来源,身份权威性未知,所有者未核实,False,False,,图文/网页,说明/其他,综合运营/其他,False,1,1,1,
https://liandongob.com/archives/10351.html?scroll=comment_module,https://liandongob.com/archives/10351.html?scroll=comment_module,liandongob.com,2025直播运营工具推荐：解决三大核心痛点的ai赋能方案,其他外部来源,身份权威性未知,所有者未核实,False,False,,图文/网页,推荐/对比/清单,直播运营,False,1,1,1,
https://m.liebiao.com/fuzhou/qitashangji/835181173.html,https://m.liebiao.com/fuzhou/qitashangji/835181173.html,liebiao.com,"「图」视频号小店数据查看,多少钱能搞定-福州其他商务服务-福州列表网",其他外部来源,身份权威性未知,所有者未核实,False,False,,图文/网页,说明/其他,短视频内容,False,1,1,1,
https://m.liebiao.com/fuzhou/qitashangji/836237315.html,https://m.liebiao.com/fuzhou/qitashangji/836237315.html,liebiao.com,"「图」2026年视频号数据软件有哪些,竞品数据分析工具推荐-福州其他商务服务-福州列表网",其他外部来源,身份权威性未知,所有者未核实,False,False,,图文/网页,推荐/对比/清单,短视频内容,False,1,1,1,
https://m.liebiao.com/fuzhou/qitashangji/836875805.html,https://m.liebiao.com/fuzhou/qitashangji/836875805.html,liebiao.com,「图」2026年视频号爆款数据分析工具服务商透明报价服务商-福州其他商务服务-福州列表网,其他外部来源,身份权威性未知,所有者未核实,False,False,,图文/网页,推荐/对比/清单,短视频内容,False,1,1,1,
https://m.liebiao.com/fuzhou/qitashangji/837072427.html,https://m.liebiao.com/fuzhou/qitashangji/837072427.html,liebiao.com,"「图」2026年正规的视频号榜单分析工具服务商,资质齐全实力参考-福州其他商务服务-福州列表网",其他外部来源,身份权威性未知,所有者未核实,False,False,,图文/网页,推荐/对比/清单,短视频内容,False,1,1,1,
https://zhfw.linhedianshang.com/sites/main/articleDetail.jsp?ColumnID=40&KeyID=20260521164908868660544,https://zhfw.linhedianshang.com/sites/main/articleDetail.jsp?ColumnID=40&KeyID=20260521164908868660544,linhedianshang.com,抖音自然流核心:完播率决定流量层级_运营知识_临河电商园区综合服务平台,其他外部来源,身份权威性未知,所有者未核实,False,False,,图文/网页,推荐/对比/清单,数据工具/分析,False,1,1,1,
https://lookkle.com/best-competitor-research-tools,https://lookkle.com/best-competitor-research-tools,lookkle.com,"21 Best Competitor Research Tools: Features, Pricing & Comparisons",其他外部来源,身份权威性未知,所有者未核实,False,False,,图文/网页,说明/其他,综合运营/其他,False,1,1,1,
https://luopan.cn/portfolio-items/罗盘直连「抖音来客」！流量变订单，增长更全面,https://luopan.cn/portfolio-items/%E7%BD%97%E7%9B%98%E7%9B%B4%E8%BF%9E%E3%80%8C%E6%8A%96%E9%9F%B3%E6%9D%A5%E5%AE%A2%E3%80%8D%EF%BC%81%E6%B5%81%E9%87%8F%E5%8F%98%E8%AE%A2%E5%8D%95%EF%BC%8C%E5%A2%9E%E9%95%BF%E6%9B%B4%E5%85%A8%E9%9D%A2,luopan.cn,罗盘PMS-抖音-对接指南,其他外部来源,身份权威性未知,所有者未核实,False,False,,图文/网页,教程/操作指南,综合运营/其他,True,1,1,1,
https://lwzzlf.cn/359.html,https://lwzzlf.cn/359.html,lwzzlf.cn,新媒体运营必备的12个数据分析工具，小红书、抖音、视频号、公众号都能用 – 视频剪辑网,其他外部来源,身份权威性未知,所有者未核实,False,False,,图文/网页,推荐/对比/清单,短视频内容,False,1,1,1,
https://lyg1.com/lyg/2026-06-24/0eTThzuDd1vkjYvq.html,https://lyg1.com/lyg/2026-06-24/0eTThzuDd1vkjYvq.html,lyg1.com,连云港传媒网,其他外部来源,身份权威性未知,所有者未核实,False,False,,图文/网页,说明/其他,综合运营/其他,False,1,1,1,
https://maimai.cn/article/detail?efid=zeRj83dw0mGVy4uV1ZejLA&fid=1693988612,https://maimai.cn/article/detail?efid=zeRj83dw0mGVy4uV1ZejLA&fid=1693988612,maimai.cn,从抖音出走的那些商家 - 脉脉,其他外部来源,身份权威性未知,所有者未核实,False,False,,图文/网页,说明/其他,综合运营/其他,False,1,1,1,
https://doc.mbalib.com/m/view/890ac3e025bc6d2b7cff5dbc0bb19c8b.html,https://doc.mbalib.com/m/view/890ac3e025bc6d2b7cff5dbc0bb19c8b.html,mbalib.com,抖音短视频和直播DOU投放操作手册2025最新版 - MBA智库文档,其他外部来源,身份权威性未知,所有者未核实,False,False,,图文/网页,教程/操作指南,直播运营,True,1,1,1,
https://mcn7.com/news/25569.html,https://mcn7.com/news/25569.html,mcn7.com,抖音完播率全解析:数据背后的流量密码-mcn7,其他外部来源,身份权威性未知,所有者未核实,False,False,,图文/网页,说明/其他,数据工具/分析,False,1,1,1,
https://meipian.cn/4hf9ldl4,https://meipian.cn/4hf9ldl4,meipian.cn,直播和作品规则,其他外部来源,身份权威性未知,所有者未核实,False,False,,图文/网页,说明/其他,直播运营,False,1,1,1,
https://meipian.cn/5n3b5g5i,https://meipian.cn/5n3b5g5i,meipian.cn,抖音自查账号是否违规限流,其他外部来源,身份权威性未知,所有者未核实,False,False,,图文/网页,说明/其他,综合运营/其他,False,1,1,1,
https://meipian.cn/5nlha03p,https://meipian.cn/5nlha03p,meipian.cn,抖音个人卖东西赚钱，商品橱窗可以卖，教你3招快速找回橱窗,其他外部来源,身份权威性未知,所有者未核实,False,False,,图文/网页,说明/其他,店铺/商品/商城,False,1,1,1,
https://app.meizu.com/apps/public/detail?package_name=com.ht.htdata,https://app.meizu.com/apps/public/detail?package_name=com.ht.htdata,meizu.com,魅族应用商店_魅族手机应用下载官方商店,其他外部来源,身份权威性未知,所有者未核实,False,False,,图文/网页,说明/其他,综合运营/其他,False,1,1,1,
https://meltwater.com/en/blog/tiktok-shop-popularity-trends,https://meltwater.com/en/blog/tiktok-shop-popularity-trends,meltwater.com,How Popular Is TikTok Shop? Data Insights & Trends 2026,其他外部来源,身份权威性未知,所有者未核实,False,False,,图文/网页,说明/其他,综合运营/其他,False,1,1,1,
https://memories.ai/blogs/How-to-Analyze-TikTok-Videos-with-AI-2026,https://memories.ai/blogs/How-to-Analyze-TikTok-Videos-with-AI-2026,memories.ai,How to Analyze TikTok Videos with AI: The Complete Guide for 2026,其他外部来源,身份权威性未知,所有者未核实,False,False,,图文/网页,说明/其他,综合运营/其他,False,1,1,1,
https://mgzxzs.com/mobile/index/show/catid/3/id/9801.html,https://mgzxzs.com/mobile/index/show/catid/3/id/9801.html,mgzxzs.com,揭秘:怎么看竞争对手对标的抖音直播间数据?看这篇就够了!_疯狂的美工淘宝天猫装修助手|在线自由布局工具|多功能淘宝天猫店铺装修特效代码生成器官方网站,其他外部来源,身份权威性未知,所有者未核实,False,False,,图文/网页,教程/操作指南,直播运营,True,1,1,1,
https://app.mi.com/details?id=com.feigua.androiddy,https://app.mi.com/details?id=com.feigua.androiddy,mi.com,飞瓜数据-直播带货数据分析-小米应用商店,其他外部来源,身份权威性未知,所有者未核实,False,False,,图文/网页,说明/其他,直播运营,False,1,1,1,
https://micount.cn/cont-ai.html,https://micount.cn/cont-ai.html,micount.cn,2026 低代码 AI 能力对比|12 平台 × 9 维度实测(Agent·RAG·MCP·多模态)- 算数科技 MiCount,其他外部来源,身份权威性未知,所有者未核实,False,False,,图文/网页,推荐/对比/清单,数据工具/分析,False,1,1,1,
https://micount.cn/cont.html,https://micount.cn/cont.html,micount.cn,2026国内低代码平台对比:简道云/氚云/宜搭/明道云等7家|68项指标,其他外部来源,身份权威性未知,所有者未核实,False,False,,图文/网页,推荐/对比/清单,数据工具/分析,False,1,1,1,
https://miduoke.net/info/consultation/3672.html,https://miduoke.net/info/consultation/3672.html,miduoke.net,2026抖音矩阵高效运营方案:AI多账号协同管理功能及使用详解,其他外部来源,身份权威性未知,所有者未核实,False,False,,图文/网页,说明/其他,综合运营/其他,False,1,1,1,
https://m.mjzj.com/article/f6ujm6sijh8g,https://m.mjzj.com/article/f6ujm6sijh8g,mjzj.com,TikTok Shop必备工具指南:精准选品、达人营销与内容优化，引爆TK销量,其他外部来源,身份权威性未知,所有者未核实,False,False,,图文/网页,教程/操作指南,达人/带货,True,1,1,1,
https://report.mklist.com/api/book/8050.pdf,https://report.mklist.com/api/book/8050.pdf,mklist.com,2024抖音电商经营方法论手册,其他外部来源,身份权威性未知,所有者未核实,False,False,,PDF/图文报告,教程/操作指南,综合运营/其他,True,1,1,1,
https://mobgi.com/blogs/shopping-ad2.html,https://mobgi.com/blogs/shopping-ad2.html,mobgi.com,从底层定义到落地执行，一文吃透全域净成交 ROI - 创量,其他外部来源,身份权威性未知,所有者未核实,False,False,,图文/网页,说明/其他,综合运营/其他,False,1,1,1,
https://moonfox.cn/app/lxv.lqjwmjbqr.lqjwvjvj,https://moonfox.cn/app/lxv.lqjwmjbqr.lqjwvjvj,moonfox.cn,蝉妈妈_蝉妈妈DAU/MAU_蝉妈妈人群画像-月狐数据,其他外部来源,身份权威性未知,所有者未核实,False,False,,图文/网页,说明/其他,数据工具/分析,False,1,1,1,
https://mr010.com/online-retailers/e-commerce-other/how-can-i-view-real-time-data-on-huge-click-through-rates-in-the-background.html,https://mr010.com/online-retailers/e-commerce-other/how-can-i-view-real-time-data-on-huge-click-through-rates-in-the-background.html,mr010.com,怎样通过后台查看巨量千川点击率的实时数据?-MR010,其他外部来源,身份权威性未知,所有者未核实,False,False,,图文/网页,说明/其他,广告投放,False,1,1,1,
https://mr010.com/online-retailers/e-commerce-other/how-do-you-determine-the-best-bid-range-for-a-large-quantity-of-chikawa.html,https://mr010.com/online-retailers/e-commerce-other/how-do-you-determine-the-best-bid-range-for-a-large-quantity-of-chikawa.html,mr010.com,如何确定巨量千川的最佳出价范围?-MR010,其他外部来源,身份权威性未知,所有者未核实,False,False,,图文/网页,教程/操作指南,广告投放,True,1,1,1,
https://mr010.com/online-retailers/tiktok/how-are-tiktok-store-sales-counted-is-the-sales-data-of-tiktok-stores-true.html,https://mr010.com/online-retailers/tiktok/how-are-tiktok-store-sales-counted-is-the-sales-data-of-tiktok-stores-true.html,mr010.com,抖音小店销量是如何统计的?抖音小店销量数据真实吗?-MR010,其他外部来源,身份权威性未知,所有者未核实,False,False,,图文/网页,教程/操作指南,数据工具/分析,True,1,1,1,
https://mr010.com/online-retailers/tiktok/is-the-sales-data-of-the-tiktok-store-reliable-are-tiktok-sales-real.html,https://mr010.com/online-retailers/tiktok/is-the-sales-data-of-the-tiktok-store-reliable-are-tiktok-sales-real.html,mr010.com,抖音店铺销量数据靠谱吗?抖音销量真实吗?-MR010,其他外部来源,身份权威性未知,所有者未核实,False,False,,图文/网页,说明/其他,店铺/商品/商城,False,1,1,1,
https://mr010.com/online-retailers/tiktok/what-are-tiktoks-operational-analytics-tools-how-does-chikawa-placement-increase-roi.html,https://mr010.com/online-retailers/tiktok/what-are-tiktoks-operational-analytics-tools-how-does-chikawa-placement-increase-roi.html,mr010.com,抖音直播运营分析工具有哪些?千川投放如何提高ROI?-MR010,其他外部来源,身份权威性未知,所有者未核实,False,False,,图文/网页,教程/操作指南,直播运营,True,1,1,1,
https://neofollower.com/help-center/orders-troubleshooting/why-platform-counts-and-analytics-can-show-different-numbers,https://neofollower.com/help-center/orders-troubleshooting/why-platform-counts-and-analytics-can-show-different-numbers,neofollower.com,Why Platform Counts and Analytics Can Show Different Numbers,其他外部来源,身份权威性未知,所有者未核实,False,False,,图文/网页,说明/其他,综合运营/其他,False,1,1,1,
https://a.newrank.cn/phone/trade/news/8741,https://a.newrank.cn/phone/trade/news/8741,newrank.cn,抖音爆款视频查找方法与实战价值全解析_新榜有赚,企业官网/工具平台,企业或垂直站点,外部企业,False,False,,图文/网页,案例/复盘,短视频内容,False,1,1,1,
https://a.newrank.cn/trade/news/4310,https://a.newrank.cn/trade/news/4310,newrank.cn,抖音号流量低迷的7大原因及精准提升策略_新榜有赚,企业官网/工具平台,企业或垂直站点,外部企业,False,False,,图文/网页,方法论/策略,综合运营/其他,True,1,1,1,
https://a.newrank.cn/trade/news/7962,https://a.newrank.cn/trade/news/7962,newrank.cn,抖音第二波流量间隔时间与推送逻辑全解析_新榜有赚,企业官网/工具平台,企业或垂直站点,外部企业,False,False,,图文/网页,方法论/策略,综合运营/其他,True,1,1,1,
https://a.newrank.cn/trade/news/8324,https://a.newrank.cn/trade/news/8324,newrank.cn,抖音带货流量下降原因分析与实操提升方案_新榜有赚,企业官网/工具平台,企业或垂直站点,外部企业,False,False,,图文/网页,说明/其他,达人/带货,False,1,1,1,
https://a.newrank.cn/trade/news/8693,https://a.newrank.cn/trade/news/8693,newrank.cn,抖音爆款视频定义特征及五大权威查看渠道_新榜有赚,企业官网/工具平台,企业或垂直站点,外部企业,False,False,,图文/网页,案例/复盘,短视频内容,False,1,1,1,
https://a.newrank.cn/trade/news/9396,https://a.newrank.cn/trade/news/9396,newrank.cn,短视频快速获得流量的真相与实操方法_新榜有赚,企业官网/工具平台,企业或垂直站点,外部企业,False,False,,图文/网页,方法论/策略,短视频内容,True,1,1,1,
https://d.newrank.cn/creative/3394,https://d.newrank.cn/creative/3394,newrank.cn,抖音账号限流原因及恢复推流的7个有效方法 - 新榜小豆芽,企业官网/工具平台,企业或垂直站点,外部企业,False,False,,图文/网页,方法论/策略,综合运营/其他,True,1,1,1,
https://d.newrank.cn/creative/3411,https://d.newrank.cn/creative/3411,newrank.cn,如何识别和解决抖音账号被限流问题 - 新榜小豆芽,企业官网/工具平台,企业或垂直站点,外部企业,False,False,,图文/网页,教程/操作指南,综合运营/其他,True,1,1,1,
https://d.newrank.cn/creative/3848,https://d.newrank.cn/creative/3848,newrank.cn,快手达人带货数据查询方法与商业价值解析 - 新榜小豆芽,企业官网/工具平台,企业或垂直站点,外部企业,False,False,,图文/网页,方法论/策略,达人/带货,True,1,1,1,
https://data.newrank.cn/?l=t_ys_sjfu,https://data.newrank.cn/?l=t_ys_sjfu,newrank.cn,新榜有数 - 专注于内容产业的数据服务,企业官网/工具平台,企业或垂直站点,外部企业,False,False,,图文/网页,说明/其他,数据工具/分析,False,1,1,1,
https://matrix.newrank.cn/article/article-detail/90fef5ff9dcf40ec,https://matrix.newrank.cn/article/article-detail/90fef5ff9dcf40ec,newrank.cn,多平台账号数据统一查看工具|一个后台看全账号数据表现_矩阵通,企业官网/工具平台,企业或垂直站点,外部企业,False,False,,图文/网页,推荐/对比/清单,数据工具/分析,False,1,1,1,
https://matrix.newrank.cn/article/article-detail/be19fbcfde854030,https://matrix.newrank.cn/article/article-detail/be19fbcfde854030,newrank.cn,2025直播数据管理工具哪个好?实测5款(免费+付费)，这款工具效率翻倍_矩阵通,企业官网/工具平台,企业或垂直站点,外部企业,False,False,,图文/网页,推荐/对比/清单,直播运营,False,1,1,1,
https://nav.newrank.cn/site/255,https://nav.newrank.cn/site/255,newrank.cn,巨量算数报告-新榜-新媒体导航,企业官网/工具平台,企业或垂直站点,外部企业,False,False,,图文/网页,行业资讯/报告,综合运营/其他,False,1,1,1,
https://voice.newrank.cn/study/detail/211f6b144aa34849,https://voice.newrank.cn/study/detail/211f6b144aa34849,newrank.cn,2026最新测评!AI智能生成舆情分析报告的工具推荐_声量通,企业官网/工具平台,企业或垂直站点,外部企业,False,False,,图文/网页,推荐/对比/清单,数据工具/分析,False,1,1,1,
https://voice.newrank.cn/study/detail/ebdcd30a600f4471,https://voice.newrank.cn/study/detail/ebdcd30a600f4471,newrank.cn,如何监测用户在抖音、小红书等平台对品牌的评论，从而快速发现舆情风险?有什么工具推荐?_声量通,企业官网/工具平台,企业或垂直站点,外部企业,False,False,,图文/网页,教程/操作指南,数据工具/分析,True,1,1,1,
https://nexadata.cn/p/111535,https://nexadata.cn/p/111535,nexadata.cn,让运营人员相见恨晚的抖音自动化数据分析方案 --下秒数据Nexadata,其他外部来源,身份权威性未知,所有者未核实,False,False,,图文/网页,说明/其他,数据工具/分析,False,1,1,1,
https://niaogebiji.com/article-701795-1.html,https://niaogebiji.com/article-701795-1.html,niaogebiji.com,抖音电商:“仅退款”退场后的生态重构与生死博弈-鸟哥笔记,其他外部来源,身份权威性未知,所有者未核实,False,False,,图文/网页,说明/其他,综合运营/其他,False,1,1,1,
https://m.nmoppnb.cn/news/story-20260629-079-0aa0a46e.html,https://m.nmoppnb.cn/news/story-20260629-079-0aa0a46e.html,nmoppnb.cn,AI直播复盘指标准确率口径排查方案-半解一知网,其他外部来源,身份权威性未知,所有者未核实,False,False,,图文/网页,案例/复盘,直播运营,False,1,1,1,
https://nowcoder.com/feed/main/detail/8738c601f7c44d0892a926ded7555ca9,https://nowcoder.com/feed/main/detail/8738c601f7c44d0892a926ded7555ca9,nowcoder.com,短视频数据怎么看?这4个工具超实用_牛客网,其他外部来源,身份权威性未知,所有者未核实,False,False,,图文/网页,教程/操作指南,短视频内容,True,1,1,1,
https://cc.oceanengine.com/academy/article-detail/3a1991696888a98e15b1fc0854c2f775,https://cc.oceanengine.com/academy/article-detail/3a1991696888a98e15b1fc0854c2f775,oceanengine.com,巨量创意,字节/头条系其他,平台或产品来源,字节跳动/头条系,True,False,,图文/网页,说明/其他,综合运营/其他,False,1,1,1,
https://cc.oceanengine.com/academy/article-detail/904d0d705e72651765dc5ff92daca0dc,https://cc.oceanengine.com/academy/article-detail/904d0d705e72651765dc5ff92daca0dc,oceanengine.com,巨量创意,字节/头条系其他,平台或产品来源,字节跳动/头条系,True,False,,图文/网页,说明/其他,综合运营/其他,False,1,1,1,
https://cc.oceanengine.com/sub/inspiration/creative-radar-industry,https://cc.oceanengine.com/sub/inspiration/creative-radar-industry,oceanengine.com,巨量创意,字节/头条系其他,平台或产品来源,字节跳动/头条系,True,False,,图文/网页,说明/其他,综合运营/其他,False,1,1,1,
https://oceanengine.com/,https://oceanengine.com/,oceanengine.com,巨量引擎官网|今日头条营销投放_抖音营销投放_抖音营销,字节/头条系其他,平台或产品来源,字节跳动/头条系,True,False,,图文/网页,说明/其他,广告投放,False,1,1,1,
https://oceanengine.com/blog/qiyehao-2.0-fabuhui.html,https://oceanengine.com/blog/qiyehao-2.0-fabuhui.html,oceanengine.com,企业号2.0发布会:抖音私域来了!-巨量引擎博客文章,字节/头条系其他,平台或产品来源,字节跳动/头条系,True,False,,图文/网页,行业资讯/报告,综合运营/其他,False,1,1,1,
https://open.oceanengine.com/labels/12/docs/1786236031165513,https://open.oceanengine.com/labels/12/docs/1786236031165513,oceanengine.com,获取全域投放抖音号维度数据-数据报表-商业开放平台,字节/头条系其他,平台或产品来源,字节跳动/头条系,True,False,,图文/网页,推荐/对比/清单,广告投放,False,1,1,1,
https://open.oceanengine.com/labels/30/docs/1739047000991747,https://open.oceanengine.com/labels/30/docs/1739047000991747,oceanengine.com,API接口 - 商业开放平台,字节/头条系其他,平台或产品来源,字节跳动/头条系,True,False,,图文/网页,推荐/对比/清单,数据工具/分析,False,1,1,1,
https://open.oceanengine.com/labels/34/docs/1741387668314126,https://open.oceanengine.com/labels/34/docs/1741387668314126,oceanengine.com,自定义报表-数据报表-商业开放平台,字节/头条系其他,平台或产品来源,字节跳动/头条系,True,False,,图文/网页,推荐/对比/清单,数据工具/分析,False,1,1,1,
https://open.oceanengine.com/labels/7/docs/1696710549068815,https://open.oceanengine.com/labels/7/docs/1696710549068815,oceanengine.com,数据报表-商业开放平台,字节/头条系其他,平台或产品来源,字节跳动/头条系,True,False,,图文/网页,推荐/对比/清单,数据工具/分析,False,1,1,1,
https://trendinsight.oceanengine.com/?lailu=www.0dh.cn,https://trendinsight.oceanengine.com/?lailu=www.0dh.cn,oceanengine.com,抖音指数(原巨量算数),字节/头条系其他,平台或产品来源,字节跳动/头条系,True,False,,图文/网页,说明/其他,综合运营/其他,False,1,1,1,
https://trendinsight.oceanengine.com/arithmetic-index/hot?topic_name=%E4%BA%91%E9%A1%B6%E4%B9%8B%E5%BC%88%E6%96%B0%E8%B5%9B%E5%AD%A3%E7%88%86%E6%96%99,https://trendinsight.oceanengine.com/arithmetic-index/hot?topic_name=%E4%BA%91%E9%A1%B6%E4%B9%8B%E5%BC%88%E6%96%B0%E8%B5%9B%E5%AD%A3%E7%88%86%E6%96%99,oceanengine.com,抖音指数(原巨量算数),字节/头条系其他,平台或产品来源,字节跳动/头条系,True,False,,图文/网页,说明/其他,综合运营/其他,False,1,1,1,
https://trendinsight.oceanengine.com/arithmetic-index/hot?topic_name=%E5%A4%96%E4%BA%A4%E9%83%A8%E5%9B%9E%E5%BA%94%E7%BE%8E%E5%9B%BD%E6%89%80%E8%B0%93%E5%AF%B9%E7%AD%89%E5%85%B3%E7%A8%8E,https://trendinsight.oceanengine.com/arithmetic-index/hot?topic_name=%E5%A4%96%E4%BA%A4%E9%83%A8%E5%9B%9E%E5%BA%94%E7%BE%8E%E5%9B%BD%E6%89%80%E8%B0%93%E5%AF%B9%E7%AD%89%E5%85%B3%E7%A8%8E,oceanengine.com,抖音指数(原巨量算数),字节/头条系其他,平台或产品来源,字节跳动/头条系,True,False,,图文/网页,说明/其他,综合运营/其他,False,1,1,1,
https://trendinsight.oceanengine.com/arithmetic-index/hot?topic_name=%E6%B2%A7%E5%85%83%E5%9B%BE%E5%AD%9F%E5%B7%9D%E5%88%B0%E5%BA%95%E6%9C%89%E5%A4%9A%E5%B0%91%E6%8A%80%E8%83%BD%E6%8B%9B%E5%BC%8F,https://trendinsight.oceanengine.com/arithmetic-index/hot?topic_name=%E6%B2%A7%E5%85%83%E5%9B%BE%E5%AD%9F%E5%B7%9D%E5%88%B0%E5%BA%95%E6%9C%89%E5%A4%9A%E5%B0%91%E6%8A%80%E8%83%BD%E6%8B%9B%E5%BC%8F,oceanengine.com,抖音指数(原巨量算数),字节/头条系其他,平台或产品来源,字节跳动/头条系,True,False,,图文/网页,说明/其他,综合运营/其他,False,1,1,1,
https://trendinsight.oceanengine.com/arithmetic-index/hot?topic_name=%E9%98%B2%E6%99%92%E5%9C%88%E4%B9%9F%E6%9D%A5%E7%88%86%E6%94%B9%E7%A9%BF%E6%90%AD%E4%BA%86,https://trendinsight.oceanengine.com/arithmetic-index/hot?topic_name=%E9%98%B2%E6%99%92%E5%9C%88%E4%B9%9F%E6%9D%A5%E7%88%86%E6%94%B9%E7%A9%BF%E6%90%AD%E4%BA%86,oceanengine.com,抖音指数(原巨量算数),字节/头条系其他,平台或产品来源,字节跳动/头条系,True,False,,图文/网页,说明/其他,综合运营/其他,False,1,1,1,
https://trendinsight.oceanengine.com/arithmetic-index/hot?topic_name=EDG%E5%87%BB%E8%B4%A5T1%E6%99%8B%E7%BA%A7%E8%83%9C%E5%86%B3,https://trendinsight.oceanengine.com/arithmetic-index/hot?topic_name=EDG%E5%87%BB%E8%B4%A5T1%E6%99%8B%E7%BA%A7%E8%83%9C%E5%86%B3,oceanengine.com,抖音指数(原巨量算数),字节/头条系其他,平台或产品来源,字节跳动/头条系,True,False,,图文/网页,说明/其他,综合运营/其他,False,1,1,1,
https://trendinsight.oceanengine.com/arithmetic-index/hot?topic_name=ENHYPEN%E7%A7%91%E5%88%87%E6%8B%89%E5%8A%A0%E6%B2%B9,https://trendinsight.oceanengine.com/arithmetic-index/hot?topic_name=ENHYPEN%E7%A7%91%E5%88%87%E6%8B%89%E5%8A%A0%E6%B2%B9,oceanengine.com,抖音指数(原巨量算数),字节/头条系其他,平台或产品来源,字节跳动/头条系,True,False,,图文/网页,说明/其他,综合运营/其他,False,1,1,1,
https://trendinsight.oceanengine.com/arithmetic-report/detail/189,https://trendinsight.oceanengine.com/arithmetic-report/detail/189,oceanengine.com,抖音指数(原巨量算数),字节/头条系其他,平台或产品来源,字节跳动/头条系,True,False,,图文/网页,说明/其他,综合运营/其他,False,1,1,1,
https://trendinsight.oceanengine.com/foresee/detail/1083,https://trendinsight.oceanengine.com/foresee/detail/1083,oceanengine.com,抖音指数(原巨量算数),字节/头条系其他,平台或产品来源,字节跳动/头条系,True,False,,图文/网页,说明/其他,综合运营/其他,False,1,1,1,
https://trendinsight.oceanengine.com/foresee/detail/616,https://trendinsight.oceanengine.com/foresee/detail/616,oceanengine.com,数据:创意洞察与生产的“指南针”-商业实战-抖音指数,字节/头条系其他,平台或产品来源,字节跳动/头条系,True,False,,图文/网页,教程/操作指南,数据工具/分析,True,1,1,1,
https://trendinsight.oceanengine.com/）,https://trendinsight.oceanengine.com/%EF%BC%89,oceanengine.com,抖音指数(原巨量算数),字节/头条系其他,平台或产品来源,字节跳动/头条系,True,False,,图文/网页,说明/其他,综合运营/其他,False,1,1,1,
https://yuntu.oceanengine.com/yuntu_ng/core_function?module=sci,https://yuntu.oceanengine.com/yuntu_ng/core_function?module=sci,oceanengine.com,巨量云图,字节/头条系其他,平台或产品来源,字节跳动/头条系,True,False,,图文/网页,说明/其他,综合运营/其他,False,1,1,1,
https://m.mp.oeeee.com/a/BAAFRD0000202606201612332.html,https://m.mp.oeeee.com/a/BAAFRD0000202606201612332.html,oeeee.com,抖音商城618数据:超12万商家直播成交额同比增长翻倍,其他外部来源,身份权威性未知,所有者未核实,False,False,,图文/网页,案例/复盘,直播运营,False,1,1,1,
https://mp.m.ofweek.com/Internet/a656714201667,https://mp.m.ofweek.com/Internet/a656714201667,ofweek.com,"服务费""去洼地化"":抖音电商流量红利期正式结束 - 维科号",其他外部来源,身份权威性未知,所有者未核实,False,False,,图文/网页,说明/其他,综合运营/其他,False,1,1,1,
https://m.okjike.com/originalPosts/655bf20c7c074abd873ba4ae,https://m.okjike.com/originalPosts/655bf20c7c074abd873ba4ae,okjike.com,推荐5个选品工具。 适合做直播带货、社群带货、小店经营的小 - 即刻App,其他外部来源,身份权威性未知,所有者未核实,False,False,,图文/网页,推荐/对比/清单,直播运营,False,1,1,1,
https://onlinetoolguides.com/best-tiktok-analytics-tools,https://onlinetoolguides.com/best-tiktok-analytics-tools,onlinetoolguides.com,Best TikTok Analytics and Growth Tools for Creators and Brands in 2026,其他外部来源,身份权威性未知,所有者未核实,False,False,,图文/网页,说明/其他,综合运营/其他,False,1,1,1,
https://ooty.io/blog/social-blade-alternative-ai,https://ooty.io/blog/social-blade-alternative-ai,ooty.io,Social Blade Alternative: 7 Tools Compared,其他外部来源,身份权威性未知,所有者未核实,False,False,,图文/网页,说明/其他,综合运营/其他,False,1,1,1,
https://developer.open-douyin.com/announcement/hooks/useUserInfo,https://developer.open-douyin.com/announcement/hooks/useUserInfo,open-douyin.com,抖音开放平台 - 抖音小程序、字节小程序、头条小程序,其他外部来源,身份权威性未知,所有者未核实,False,False,,图文/网页,推荐/对比/清单,数据工具/分析,False,1,1,1,
https://developer.open-douyin.com/docs/resource/zh-CN/dop/develop/openapi/video-management/douyin/search-video/video-data,https://developer.open-douyin.com/docs/resource/zh-CN/dop/develop/openapi/video-management/douyin/search-video/video-data,open-douyin.com,查询特定视频的视频数据_移动/网站应用_抖音开放平台,其他外部来源,身份权威性未知,所有者未核实,False,False,,图文/网页,推荐/对比/清单,短视频内容,False,1,1,1,
https://developer.open-douyin.com/docs/resource/zh-CN/mini-app/develop/server/basic-abilities/traffic-permission/ad-data-webhook,https://developer.open-douyin.com/docs/resource/zh-CN/mini-app/develop/server/basic-abilities/traffic-permission/ad-data-webhook,open-douyin.com,广告实时数据Webhook_小程序_抖音开放平台,其他外部来源,身份权威性未知,所有者未核实,False,False,,图文/网页,推荐/对比/清单,广告投放,False,1,1,1,
https://developer.open-douyin.com/docs/resource/zh-CN/mini-app/develop/server/data-analysis/video-analysis/video-detail-analysis-data,https://developer.open-douyin.com/docs/resource/zh-CN/mini-app/develop/server/data-analysis/video-analysis/video-detail-analysis-data,open-douyin.com,短视频详细数据_小程序_抖音开放平台,其他外部来源,身份权威性未知,所有者未核实,False,False,,图文/网页,推荐/对比/清单,短视频内容,False,1,1,1,
https://developer.open-douyin.com/docs/resource/zh-CN/mini-app/operation/data/data-center/advanced-analysis/event-analysis,https://developer.open-douyin.com/docs/resource/zh-CN/mini-app/operation/data/data-center/advanced-analysis/event-analysis,open-douyin.com,事件分析_小程序_抖音开放平台,其他外部来源,身份权威性未知,所有者未核实,False,False,,图文/网页,推荐/对比/清单,数据工具/分析,False,1,1,1,
https://developer.open-douyin.com/forum/bulletin/post/655194343313a9c90f886f96,https://developer.open-douyin.com/forum/bulletin/post/655194343313a9c90f886f96,open-douyin.com,玩转经营分析丨生意经营不容错过的核心数据 - 抖音开放平台,其他外部来源,身份权威性未知,所有者未核实,False,False,,图文/网页,推荐/对比/清单,数据工具/分析,False,1,1,1,
https://developer.open-douyin.com/forum/bulletin/post/672d828be9f6234d658c8dd2,https://developer.open-douyin.com/forum/bulletin/post/672d828be9f6234d658c8dd2,open-douyin.com,移动/网站应用部分数据权限调整公告 - 抖音开放平台,其他外部来源,身份权威性未知,所有者未核实,False,False,,图文/网页,推荐/对比/清单,数据工具/分析,False,1,1,1,
https://developer.open-douyin.com/forum/share/post/66d5562cfe9c992ae377bcaa,https://developer.open-douyin.com/forum/share/post/66d5562cfe9c992ae377bcaa,open-douyin.com,抖音直播互动工具征集，助力开发者变现 - 抖音开放平台,其他外部来源,身份权威性未知,所有者未核实,False,False,,图文/网页,推荐/对比/清单,直播运营,False,1,1,1,
https://developer.open-douyin.com/helpCenter/home/detail/288/869,https://developer.open-douyin.com/helpCenter/home/detail/288/869,open-douyin.com,服务商政策激励数额不对，与自己计算的有差异? - 政策签约咨询 - 抖音开放平台,其他外部来源,身份权威性未知,所有者未核实,False,False,,图文/网页,推荐/对比/清单,数据工具/分析,False,1,1,1,
https://developer.open-douyin.com/m/docs/resource/zh-CN/developer/operation-norm/operation-standard,https://developer.open-douyin.com/m/docs/resource/zh-CN/developer/operation-norm/operation-standard,open-douyin.com,抖音开放平台运营规范,其他外部来源,身份权威性未知,所有者未核实,False,False,,图文/网页,推荐/对比/清单,数据工具/分析,False,1,1,1,
https://developer.open-douyin.com/m/docs/resource/zh-CN/dop/ability/open-data/user-data-solution,https://developer.open-douyin.com/m/docs/resource/zh-CN/dop/ability/open-data/user-data-solution,open-douyin.com,用户数据管理,其他外部来源,身份权威性未知,所有者未核实,False,False,,图文/网页,说明/其他,数据工具/分析,False,1,1,1,
https://developer.open-douyin.com/m/docs/resource/zh-CN/interaction/develop/server/live-room-scope/data-open/data-open-desc,https://developer.open-douyin.com/m/docs/resource/zh-CN/interaction/develop/server/live-room-scope/data-open/data-open-desc,open-douyin.com,数据开放说明,其他外部来源,身份权威性未知,所有者未核实,False,False,,图文/网页,说明/其他,数据工具/分析,False,1,1,1,
https://developer.open-douyin.com/m/docs/resource/zh-CN/mini-app/operation/agreement/ICPfiling_agreement/platform,https://developer.open-douyin.com/m/docs/resource/zh-CN/mini-app/operation/agreement/ICPfiling_agreement/platform,open-douyin.com,开放平台人脸信息处理规则,其他外部来源,身份权威性未知,所有者未核实,False,False,,图文/网页,推荐/对比/清单,数据工具/分析,False,1,1,1,
https://developer.open-douyin.com/m/docs/resource/zh-CN/mini-app/operation/data/data-center/live,https://developer.open-douyin.com/m/docs/resource/zh-CN/mini-app/operation/data/data-center/live,open-douyin.com,直播挂载小程序数据分析_小程序_抖音开放平台,其他外部来源,身份权威性未知,所有者未核实,False,False,,图文/网页,推荐/对比/清单,直播运营,False,1,1,1,
https://developer.open-douyin.com/service-market/category/1734424016162846,https://developer.open-douyin.com/service-market/category/1734424016162846,open-douyin.com,服务市场 - 分类,其他外部来源,身份权威性未知,所有者未核实,False,False,,图文/网页,说明/其他,综合运营/其他,False,1,1,1,
https://developer.open-douyin.com/service-market/market-detail/6986166059187442701,https://developer.open-douyin.com/service-market/market-detail/6986166059187442701,open-douyin.com,灰豚数据一站式选品 - 抖音开放平台,其他外部来源,身份权威性未知,所有者未核实,False,False,,图文/网页,推荐/对比/清单,店铺/商品/商城,False,1,1,1,
https://developer.open-douyin.com/service-market/market-detail/6998534078328820767,https://developer.open-douyin.com/service-market/market-detail/6998534078328820767,open-douyin.com,灰豚智服-舆情预警 - 抖音开放平台,其他外部来源,身份权威性未知,所有者未核实,False,False,,图文/网页,推荐/对比/清单,数据工具/分析,False,1,1,1,
https://developer.open-douyin.com/service-market/market-detail/7069715598661538852,https://developer.open-douyin.com/service-market/market-detail/7069715598661538852,open-douyin.com,Linkflow客户数据服务平台 - 抖音开放平台,其他外部来源,身份权威性未知,所有者未核实,False,False,,图文/网页,推荐/对比/清单,数据工具/分析,False,1,1,1,
https://developer.open-douyin.com/service-market/market-detail/7389482571173756943,https://developer.open-douyin.com/service-market/market-detail/7389482571173756943,open-douyin.com,蚁小二-多账号矩阵管理系统 - 抖音开放平台,其他外部来源,身份权威性未知,所有者未核实,False,False,,图文/网页,推荐/对比/清单,数据工具/分析,False,1,1,1,
https://partner.open-douyin.com/docs/resource/zh-CN/dop/operation-standard,https://partner.open-douyin.com/docs/resource/zh-CN/dop/operation-standard,open-douyin.com,移动/网站应用能力申请及使用规范_移动/网站应用_抖音开放平台,其他外部来源,身份权威性未知,所有者未核实,False,False,,图文/网页,推荐/对比/清单,数据工具/分析,False,1,1,1,
https://partner.open-douyin.com/docs/resource/zh-CN/dop/operation-standard/platform-capabilities/isv-im-standards,https://partner.open-douyin.com/docs/resource/zh-CN/dop/operation-standard/platform-capabilities/isv-im-standards,open-douyin.com,「线索业务」ISV管理及IM接口开放规范_移动/网站应用_抖音开放平台,其他外部来源,身份权威性未知,所有者未核实,False,False,,图文/网页,推荐/对比/清单,数据工具/分析,False,1,1,1,
https://openinstall.com/article/wiki/app-tuiguang-shuju-buzhun-duizhang,https://openinstall.com/article/wiki/app-tuiguang-shuju-buzhun-duizhang,openinstall.com,App推广数据不准怎么办?广告平台与归因中台多维对账方法 - open+,其他外部来源,身份权威性未知,所有者未核实,False,False,,图文/网页,教程/操作指南,广告投放,True,1,1,1,
https://opp2.com/377078.html,https://opp2.com/377078.html,opp2.com,Gemini3+飞书多维表格，批量扒抖音爆款! | 青瓜传媒,其他外部来源,身份权威性未知,所有者未核实,False,False,,图文/网页,案例/复盘,综合运营/其他,False,1,1,1,
https://m.oppozhijia.com/wz/916431.html,https://m.oppozhijia.com/wz/916431.html,oppozhijia.com,巨量百应为何商品无法同步上架_巨量百应商品同步失败原因排查【解析】-oppo之家,其他外部来源,身份权威性未知,所有者未核实,False,False,,图文/网页,说明/其他,店铺/商品/商城,False,1,1,1,
https://m.oppozhijia.com/wz/918309.html,https://m.oppozhijia.com/wz/918309.html,oppozhijia.com,抖音作品的播放量突然降低是怎么回事 抖音账号被降权的表现【深度分析】-oppo之家,其他外部来源,身份权威性未知,所有者未核实,False,False,,图文/网页,教程/操作指南,数据工具/分析,True,1,1,1,
https://m.oppozhijia.com/wz/924816.html,https://m.oppozhijia.com/wz/924816.html,oppozhijia.com,抖音巨量算数入口 巨量算数官方网站入口-oppo之家,其他外部来源,身份权威性未知,所有者未核实,False,False,,图文/网页,说明/其他,综合运营/其他,False,1,1,1,
https://m.oppozhijia.com/wz/925446.html,https://m.oppozhijia.com/wz/925446.html,oppozhijia.com,抖音怎么分析数据 抖音数据分析工具使用与视频优化技巧-oppo之家,其他外部来源,身份权威性未知,所有者未核实,False,False,,图文/网页,教程/操作指南,短视频内容,True,1,1,1,
https://m.oppozhijia.com/wz/946898.html,https://m.oppozhijia.com/wz/946898.html,oppozhijia.com,抖音巨量算数收录标准是什么_如何让账号被巨量算数快速收录-oppo之家,其他外部来源,身份权威性未知,所有者未核实,False,False,,图文/网页,教程/操作指南,综合运营/其他,True,1,1,1,
https://m.oppozhijia.com/wz/986699.html,https://m.oppozhijia.com/wz/986699.html,oppozhijia.com,巨量算数官方平台入口 抖音巨量算数电脑版入口-oppo之家,其他外部来源,身份权威性未知,所有者未核实,False,False,,图文/网页,推荐/对比/清单,数据工具/分析,False,1,1,1,
https://opus.pro/blog/best-multi-platform-analytics-dashboards-for-shorts,https://opus.pro/blog/best-multi-platform-analytics-dashboards-for-shorts,opus.pro,12 Best Multi-Platform Analytics Dashboards for Shorts,其他外部来源,身份权威性未知,所有者未核实,False,False,,图文/网页,说明/其他,综合运营/其他,False,1,1,1,
https://pai.com.cn/p/01ktjck8ps67yvzc313wqnsjxt,https://pai.com.cn/p/01ktjck8ps67yvzc313wqnsjxt,pai.com.cn,从成交到结算，抖音电商推动达人经营走向精细化 - 电商派,其他外部来源,身份权威性未知,所有者未核实,False,False,,图文/网页,说明/其他,达人/带货,False,1,1,1,
https://pantosource.com/blog/unreliable-marketing-metrics,https://pantosource.com/blog/unreliable-marketing-metrics,pantosource.com,Marketing Data Trust Issues: The Signal Audit Framework for Reliable Attribution,其他外部来源,身份权威性未知,所有者未核实,False,False,,图文/网页,说明/其他,综合运营/其他,False,1,1,1,
https://parabola.io/docs/product/integration/tiktok,https://parabola.io/docs/product/integration/tiktok,parabola.io,Connect TikTok to Parabola,其他外部来源,身份权威性未知,所有者未核实,False,False,,图文/网页,说明/其他,综合运营/其他,False,1,1,1,
https://paper.people.com.cn/zgcsb/images/2021-05/17/04/zgcsb2021051704.pdf,https://paper.people.com.cn/zgcsb/images/2021-05/17/04/zgcsb2021051704.pdf,people.com.cn,"抖音团购剑指美团 抖音团购剑指美团,能力尚欠缺 能力尚欠缺?",其他外部来源,身份权威性未知,所有者未核实,False,False,,PDF/图文报告,说明/其他,综合运营/其他,False,1,1,1,
https://m.php.cn/faq/2018108.html,https://m.php.cn/faq/2018108.html,php.cn,抖音创作者中心登录网址_2026抖音网页版官方通道说明与功能指南-手机软件-PHP中文网,社区/博客/问答,UGC/专业社区,外部平台,False,False,,图文/网页,教程/操作指南,综合运营/其他,True,1,1,1,
https://php.cn/faq/1522062.html,https://php.cn/faq/1522062.html,php.cn,抖音怎么做数据分析_抖音账号后台数据分析教程-手机软件-PHP中文网,社区/博客/问答,UGC/专业社区,外部平台,False,False,,图文/网页,教程/操作指南,数据工具/分析,True,1,1,1,
https://php.cn/faq/1560678.html,https://php.cn/faq/1560678.html,php.cn,抖音怎么联系人工客服_抖音客服联系方式-手机软件-PHP中文网,社区/博客/问答,UGC/专业社区,外部平台,False,False,,图文/网页,教程/操作指南,综合运营/其他,True,1,1,1,
https://php.cn/faq/1606767.html,https://php.cn/faq/1606767.html,php.cn,抖音电商罗盘数据授权入口在哪里?怎么用?抖音电商罗盘数据授权入口全攻略:快速上手实操指南-自媒体-PHP中文网,社区/博客/问答,UGC/专业社区,外部平台,False,False,,图文/网页,教程/操作指南,数据工具/分析,True,1,1,1,
https://php.cn/faq/1742895.html,https://php.cn/faq/1742895.html,php.cn,抖音电商罗盘怎么用 数据分析驱动选品与直播变现-手机软件-PHP中文网,社区/博客/问答,UGC/专业社区,外部平台,False,False,,图文/网页,教程/操作指南,直播运营,True,1,1,1,
https://php.cn/faq/1837619.html,https://php.cn/faq/1837619.html,php.cn,抖音创作者服务中心怎么看数据 抖音创作者服务中心查看数据方法【步骤】-手机软件-PHP中文网,社区/博客/问答,UGC/专业社区,外部平台,False,False,,图文/网页,教程/操作指南,数据工具/分析,True,1,1,1,
https://php.cn/faq/1860691.html,https://php.cn/faq/1860691.html,php.cn,抖音创作者中心后台管理 抖音内容管理全攻略-常见问题-PHP中文网,社区/博客/问答,UGC/专业社区,外部平台,False,False,,图文/网页,教程/操作指南,综合运营/其他,True,1,1,1,
https://php.cn/faq/1867850.html,https://php.cn/faq/1867850.html,php.cn,抖音怎么避免限流违规_抖音规则解读与内容避雷指南【指南】-自媒体-PHP中文网,社区/博客/问答,UGC/专业社区,外部平台,False,False,,图文/网页,教程/操作指南,综合运营/其他,True,1,1,1,
https://php.cn/faq/1882269.html,https://php.cn/faq/1882269.html,php.cn,抖音创作者中心登录入口 抖音官方创作服务平台指南-手机软件-PHP中文网,社区/博客/问答,UGC/专业社区,外部平台,False,False,,图文/网页,教程/操作指南,数据工具/分析,True,1,1,1,
https://php.cn/faq/1896040.html,https://php.cn/faq/1896040.html,php.cn,抖音被限流了怎么恢复流量 抖音账号如何判断是否被隐形降权【最新方法】-手机软件-PHP中文网,社区/博客/问答,UGC/专业社区,外部平台,False,False,,图文/网页,教程/操作指南,综合运营/其他,True,1,1,1,
https://php.cn/faq/1940282.html,https://php.cn/faq/1940282.html,php.cn,抖音商户版怎么查看数据报表_抖音商户版经营数据查看入口【详解】-电脑软件-PHP中文网,社区/博客/问答,UGC/专业社区,外部平台,False,False,,图文/网页,教程/操作指南,数据工具/分析,True,1,1,1,
https://php.cn/faq/2056424.html,https://php.cn/faq/2056424.html,php.cn,抖音创作者中心流量扶持机制 推荐规则深度解析-常见问题-PHP中文网,社区/博客/问答,UGC/专业社区,外部平台,False,False,,图文/网页,推荐/对比/清单,综合运营/其他,False,1,1,1,
https://php.cn/faq/2098235.html,https://php.cn/faq/2098235.html,php.cn,抖音如何查看直播数据 抖音主播数据分析入口【教程】-手机软件-PHP中文网,社区/博客/问答,UGC/专业社区,外部平台,False,False,,图文/网页,教程/操作指南,直播运营,True,1,1,1,
https://pidoutv.com/archives/sitetag/抖音直播数据分析,https://pidoutv.com/archives/sitetag/%E6%8A%96%E9%9F%B3%E7%9B%B4%E6%92%AD%E6%95%B0%E6%8D%AE%E5%88%86%E6%9E%90,pidoutv.com,抖音直播数据分析工具合集，好用的抖音直播数据分析相关工具推荐 | 新媒派,其他外部来源,身份权威性未知,所有者未核实,False,False,,图文/网页,推荐/对比/清单,直播运营,False,1,1,1,
https://pidoutv.com/sites/41490.html,https://pidoutv.com/sites/41490.html,pidoutv.com,新红:新榜有数旗下小红书数据工具 | 新媒派,其他外部来源,身份权威性未知,所有者未核实,False,False,,图文/网页,推荐/对比/清单,数据工具/分析,False,1,1,1,
https://pidoutv.com/sites/43960.html,https://pidoutv.com/sites/43960.html,pidoutv.com,店透视:电商数据分析插件，一键采集主图视频、优化标题、监控竞品 | 新媒派,其他外部来源,身份权威性未知,所有者未核实,False,False,,图文/网页,说明/其他,短视频内容,False,1,1,1,
https://demo.polarwind.com.cn/download/erp_notify/After-salesAssistant.pdf,https://demo.polarwind.com.cn/download/erp_notify/After-salesAssistant.pdf,polarwind.com.cn,抖店商家【售后小助手】设置手册,其他外部来源,身份权威性未知,所有者未核实,False,False,,PDF/图文报告,教程/操作指南,店铺/商品/商城,True,1,1,1,
https://wap.pp.cn/app_BywUcxyq5zN,https://wap.pp.cn/app_BywUcxyq5zN,pp.cn,灰豚数据预约下载_灰豚数据手机版2026官方预约下载_最新灰豚数据APP预约下载安装,其他外部来源,身份权威性未知,所有者未核实,False,False,,图文/网页,说明/其他,数据工具/分析,False,1,1,1,
https://producthunter.co/kalodata-review,https://producthunter.co/kalodata-review,producthunter.co,Kalodata Review (2025): TikTok Shop Analytics & Insights for E-commerce Success,其他外部来源,身份权威性未知,所有者未核实,False,False,,图文/网页,说明/其他,综合运营/其他,False,1,1,1,
https://purposefulprofits.co/blog/tiktok-shop-halo-effect-amazon-dtc-revenue,https://purposefulprofits.co/blog/tiktok-shop-halo-effect-amazon-dtc-revenue,purposefulprofits.co,The TikTok Shop Halo Effect: Why Your Affiliate Programme Is Generating Revenue You'll Never See on Your Dashboard,其他外部来源,身份权威性未知,所有者未核实,False,False,,图文/网页,说明/其他,综合运营/其他,False,1,1,1,
https://m.qcc.com/postnews/0dfcb9da4263ea4f1b4b7f383998740b.html,https://m.qcc.com/postnews/0dfcb9da4263ea4f1b4b7f383998740b.html,qcc.com,【电诉宝】“抖音电商”被指任意仅退款 随意封店 判罚不公问题突出-企查查,其他外部来源,身份权威性未知,所有者未核实,False,False,,图文/网页,说明/其他,综合运营/其他,False,1,1,1,
https://m.qcc.com/postnews/ce0f3991d2e0ba86e9f23eabaaef78bb.html,https://m.qcc.com/postnews/ce0f3991d2e0ba86e9f23eabaaef78bb.html,qcc.com,"【电诉宝】""抖音”被指过度维护消费者 强制退款致商家“货款两空”-企查查",其他外部来源,身份权威性未知,所有者未核实,False,False,,图文/网页,说明/其他,综合运营/其他,False,1,1,1,
https://qeasy.cloud/a/13524,https://qeasy.cloud/a/13524,qeasy.cloud,多电商平台财务对账技术实施指南,其他外部来源,身份权威性未知,所有者未核实,False,False,,图文/网页,教程/操作指南,数据工具/分析,True,1,1,1,
https://app.qian-gua.com/,https://app.qian-gua.com/,qian-gua.com,千瓜数据-红书版工作台,其他外部来源,身份权威性未知,所有者未核实,False,False,,图文/网页,说明/其他,数据工具/分析,False,1,1,1,
https://qian-gua.com/Home/IndexYunying,https://qian-gua.com/Home/IndexYunying,qian-gua.com,千瓜数据-小红书投放运营数据分析工具,其他外部来源,身份权威性未知,所有者未核实,False,False,,图文/网页,推荐/对比/清单,广告投放,False,1,1,1,
https://qian-gua.com/Home/Product,https://qian-gua.com/Home/Product,qian-gua.com,千瓜数据-小红书数据营销服务专家-qian-gua.com,其他外部来源,身份权威性未知,所有者未核实,False,False,,图文/网页,说明/其他,数据工具/分析,False,1,1,1,
https://wap.qian-gua.com/Home/IndexAnalysisTool,https://wap.qian-gua.com/Home/IndexAnalysisTool,qian-gua.com,千瓜数据-种草数据分析平台-qian-gua.com,其他外部来源,身份权威性未知,所有者未核实,False,False,,图文/网页,推荐/对比/清单,数据工具/分析,False,1,1,1,
https://qituowang.com/portal/46850.html,https://qituowang.com/portal/46850.html,qituowang.com,抖音如何查看他人带货数量?达人带货数据在哪看?- 企拓网,其他外部来源,身份权威性未知,所有者未核实,False,False,,图文/网页,教程/操作指南,达人/带货,True,1,1,1,
https://m.yyb.qq.com/agreement/app-desc?appid=54164072,https://m.yyb.qq.com/agreement/app-desc?appid=54164072,qq.com,应用介绍,新闻/门户/自媒体,媒体或自媒体平台,媒体平台,False,False,,图文/网页,说明/其他,综合运营/其他,False,1,1,1,
https://new.qq.com/rain/a/20210323A06G3B00,https://new.qq.com/rain/a/20210323A06G3B00,qq.com,直播数据分析平台“小葫芦”非法抓取抖音数据被告，杭州法院发出首例禁令_腾讯新闻,新闻/门户/自媒体,媒体或自媒体平台,媒体平台,False,False,,图文/网页,推荐/对比/清单,直播运营,False,1,1,1,
https://sj.qq.com/appdetail/com.feigua.androiddy,https://sj.qq.com/appdetail/com.feigua.androiddy,qq.com,飞瓜数据app-官方正版软件2026最新版本免费下载-应用宝官网,新闻/门户/自媒体,媒体或自媒体平台,媒体平台,False,False,,图文/网页,说明/其他,数据工具/分析,False,1,1,1,
https://m.qqtf.com/azrj/173828.html,https://m.qqtf.com/azrj/173828.html,qqtf.com,灰豚数据app最新版下载-灰豚数据app下载官方版v3.9.23 安卓版-腾飞网,其他外部来源,身份权威性未知,所有者未核实,False,False,,图文/网页,说明/其他,数据工具/分析,False,1,1,1,
https://qty592.com/h-nd-94809.html,https://qty592.com/h-nd-94809.html,qty592.com,乔拓云门店系统对接抖音团购教程|多行业适配，解决门店运营低效痛点 - 乔拓云-智能建站系统-小程序自助搭建-官方网站建设-商城小程序-乔拓云官网,其他外部来源,身份权威性未知,所有者未核实,False,False,,图文/网页,教程/操作指南,店铺/商品/商城,True,1,1,1,
https://questmobile.cn/research/report/2000767092954075138,https://questmobile.cn/research/report/2000767092954075138,questmobile.cn,QuestMobile2025年新媒体生态盘点:五大平台月活用户达11.49亿，多元内容与算法技术差异化竞争，年轻用户更爱跨平台-行业研究报告-QuestMobile,其他外部来源,身份权威性未知,所有者未核实,False,False,,图文/网页,推荐/对比/清单,数据工具/分析,False,1,1,1,
https://redantasia.com/china-influencer-metrics-to-track,https://redantasia.com/china-influencer-metrics-to-track,redantasia.com,Measuring KOL ROI in China: Metrics That Matter Beyond “Likes” and “Views”,其他外部来源,身份权威性未知,所有者未核实,False,False,,图文/网页,说明/其他,综合运营/其他,False,1,1,1,
https://reelmind.ai/blog/video-analytics-teardown-understanding-performance-drivers,https://reelmind.ai/blog/video-analytics-teardown-understanding-performance-drivers,reelmind.ai,Video Analytics Teardown: Understanding Performance Drivers,其他外部来源,身份权威性未知,所有者未核实,False,False,,图文/网页,说明/其他,综合运营/其他,False,1,1,1,
https://regionecho.ru/2026/04/21/znich-ru-trendsee-viral-maxing-vidiq-kakoi-servis-analiza-youtube-vybrat-v-2026,https://regionecho.ru/2026/04/21/znich-ru-trendsee-viral-maxing-vidiq-kakoi-servis-analiza-youtube-vybrat-v-2026,regionecho.ru,"Znich.ru, Trendsee, Viral Maxing, vidIQ: какой сервис анализа YouTube выбрать в 2026",其他外部来源,身份权威性未知,所有者未核实,False,False,,图文/网页,说明/其他,综合运营/其他,False,1,1,1,
https://noise.rcy1314.repl.co/百万教程/直播干货资料/100+直播行业报告/蝉妈妈-2020年第1期蝉妈妈直播电商数据月报--2020.9-22页.pdf,https://noise.rcy1314.repl.co/%E7%99%BE%E4%B8%87%E6%95%99%E7%A8%8B/%E7%9B%B4%E6%92%AD%E5%B9%B2%E8%B4%A7%E8%B5%84%E6%96%99/100+%E7%9B%B4%E6%92%AD%E8%A1%8C%E4%B8%9A%E6%8A%A5%E5%91%8A/%E8%9D%89%E5%A6%88%E5%A6%88-2020%E5%B9%B4%E7%AC%AC1%E6%9C%9F%E8%9D%89%E5%A6%88%E5%A6%88%E7%9B%B4%E6%92%AD%E7%94%B5%E5%95%86%E6%95%B0%E6%8D%AE%E6%9C%88%E6%8A%A5--2020.9-22%E9%A1%B5.pdf,repl.co,直播电商数据月报 抖音小店研究,其他外部来源,身份权威性未知,所有者未核实,False,False,,PDF/图文报告,说明/其他,直播运营,False,1,1,1,
https://rlut.cn/news/dou-yin-fang-ke-liang-gao-dan-zhuan-hua-di-de-yuan-yin-fen-xi-yu-shi-yong-jie-jue-fang-an-zhu-ni-ti.html,https://rlut.cn/news/dou-yin-fang-ke-liang-gao-dan-zhuan-hua-di-de-yuan-yin-fen-xi-yu-shi-yong-jie-jue-fang-an-zhu-ni-ti.html,rlut.cn,抖音访客量高但转化低的原因分析与实用解决方案助你提升视频变现能力_外卖智囊库,其他外部来源,身份权威性未知,所有者未核实,False,False,,图文/网页,说明/其他,短视频内容,False,1,1,1,
https://portal.s-hub.cn/help/linkup/285178.html,https://portal.s-hub.cn/help/linkup/285178.html,s-hub.cn,巨量百应高级版与抖音罗盘达人视角集成对接 _ S-HUB让系统集成更简单,其他外部来源,身份权威性未知,所有者未核实,False,False,,图文/网页,说明/其他,达人/带货,False,1,1,1,
https://portal.s-hub.cn/help/linkup/342358.html,https://portal.s-hub.cn/help/linkup/342358.html,s-hub.cn,S-HUB:打通抖音与企业微信的数据桥梁，赋能全链路高效协同,其他外部来源,身份权威性未知,所有者未核实,False,False,,图文/网页,说明/其他,数据工具/分析,False,1,1,1,
https://saonuo.com/26951.html,https://saonuo.com/26951.html,saonuo.com,巨量千川新功能上线，助力商家精准盯盘与高效复盘_千文号,其他外部来源,身份权威性未知,所有者未核实,False,False,,图文/网页,案例/复盘,广告投放,False,1,1,1,
https://jw.scstc.cn/Upload/file/20231207/1701938032111452.pdf,https://jw.scstc.cn/Upload/file/20231207/1701938032111452.pdf,scstc.cn,第1章 新媒体数据分析概述,其他外部来源,身份权威性未知,所有者未核实,False,False,,PDF/图文报告,说明/其他,数据工具/分析,False,1,1,1,
https://sdoufen.com/douyinxuetang/9889.html,https://sdoufen.com/douyinxuetang/9889.html,sdoufen.com,抖音账号刷粉难题破解:掌握这些检测技巧，轻松辨真伪远离风险,其他外部来源,身份权威性未知,所有者未核实,False,False,,图文/网页,说明/其他,综合运营/其他,False,1,1,1,
https://segmentfault.com/a/1190000047551617,https://segmentfault.com/a/1190000047551617,segmentfault.com,数据库 - 从入门到精通:三款最适合业务人员自助分析的 AI-BI 工具选型推荐 - 个人文章 - SegmentFault 思否,其他外部来源,身份权威性未知,所有者未核实,False,False,,图文/网页,教程/操作指南,数据工具/分析,True,1,1,1,
https://sellfox.com/blog/article/tiktok-sjfxgj-sellfox,https://sellfox.com/blog/article/tiktok-sjfxgj-sellfox,sellfox.com,专业TikTok数据分析工具有哪些?TikTok Shop数据分析工具真诚推荐,其他外部来源,身份权威性未知,所有者未核实,False,False,,图文/网页,推荐/对比/清单,数据工具/分析,False,1,1,1,
https://seo99.cn/article-32126-1.html,https://seo99.cn/article-32126-1.html,seo99.cn,如何解决抖音电商罗盘数据或模块不显示问题(掌握有效方法)_九九seo,其他外部来源,身份权威性未知,所有者未核实,False,False,,图文/网页,教程/操作指南,数据工具/分析,True,1,1,1,
https://shangjiazhushou.com/article/23972839-1644,https://shangjiazhushou.com/article/23972839-1644,shangjiazhushou.com,巨量千川投放后台怎么快速起量并稳住ROI?店铺授权、商品计划批量搭建、智能出价/人群包设置与消耗转化报表下载实操教程,其他外部来源,身份权威性未知,所有者未核实,False,False,,图文/网页,教程/操作指南,广告投放,True,1,1,1,
https://survey.shangpu-china.com/yhdc/45550.html,https://survey.shangpu-china.com/yhdc/45550.html,shangpu-china.com,厨房纸巾天猫52%销售额领先但抖音17%增长快，直播带货成新入口_用户洞察_产业研究院_市场调研公司-市场调查公司-咨询公司-行业调研-十大市场调研公司【尚普咨询】市场研究,其他外部来源,身份权威性未知,所有者未核实,False,False,,图文/网页,案例/复盘,直播运营,False,1,1,1,
https://shankongmao.com/content/news/11969,https://shankongmao.com/content/news/11969,shankongmao.com,如何追踪视频平台表现?,其他外部来源,身份权威性未知,所有者未核实,False,False,,图文/网页,教程/操作指南,短视频内容,True,1,1,1,
https://shankongmao.com/content/news/4332,https://shankongmao.com/content/news/4332,shankongmao.com,带货视频数据如何分析优化爆单策略?,其他外部来源,身份权威性未知,所有者未核实,False,False,,图文/网页,教程/操作指南,达人/带货,True,1,1,1,
https://shankongmao.com/content/news/4732,https://shankongmao.com/content/news/4732,shankongmao.com,各平台数据报表能否合并分析?,其他外部来源,身份权威性未知,所有者未核实,False,False,,图文/网页,推荐/对比/清单,数据工具/分析,False,1,1,1,
https://shankongmao.com/content/news/8262,https://shankongmao.com/content/news/8262,shankongmao.com,团队协作中抖音账号管理怎么设置?,其他外部来源,身份权威性未知,所有者未核实,False,False,,图文/网页,教程/操作指南,综合运营/其他,True,1,1,1,
https://shortimize.com/blog/track-tiktok-shop-affiliate-performance-across-multiple-creators,https://shortimize.com/blog/track-tiktok-shop-affiliate-performance-across-multiple-creators,shortimize.com,Track TikTok Shop Affiliates Across Multiple Creators (2025),其他外部来源,身份权威性未知,所有者未核实,False,False,,图文/网页,说明/其他,综合运营/其他,False,1,1,1,
https://shortsintel.com/alternatives/viralmoment-alternatives,https://shortsintel.com/alternatives/viralmoment-alternatives,shortsintel.com,Top ViralMoment Alternatives for 2026,其他外部来源,身份权威性未知,所有者未核实,False,False,,图文/网页,说明/其他,综合运营/其他,False,1,1,1,
https://shuaishou.com/school/infos57393.html,https://shuaishou.com/school/infos57393.html,shuaishou.com,抖音电商罗盘是如何识别店铺排名及相似店铺的?-数据分析,其他外部来源,身份权威性未知,所有者未核实,False,False,,图文/网页,教程/操作指南,店铺/商品/商城,True,1,1,1,
https://doc.sigmob.com/ToBid使用指南/平台使用指南/数据排查及运营优化/数据GAP排查/index,https://doc.sigmob.com/ToBid%E4%BD%BF%E7%94%A8%E6%8C%87%E5%8D%97/%E5%B9%B3%E5%8F%B0%E4%BD%BF%E7%94%A8%E6%8C%87%E5%8D%97/%E6%95%B0%E6%8D%AE%E6%8E%92%E6%9F%A5%E5%8F%8A%E8%BF%90%E8%90%A5%E4%BC%98%E5%8C%96/%E6%95%B0%E6%8D%AEGAP%E6%8E%92%E6%9F%A5/index,sigmob.com,数据GAP排查 | Sigmob,其他外部来源,身份权威性未知,所有者未核实,False,False,,图文/网页,说明/其他,数据工具/分析,False,1,1,1,
https://cj.sina.cn/articles/view/7880068207/1d5b04c6f06801mik4,https://cj.sina.cn/articles/view/7880068207/1d5b04c6f06801mik4,sina.cn,普通用户如何判断Bin数据或Img数据公布的可信度?_财经头条,其他外部来源,身份权威性未知,所有者未核实,False,False,,图文/网页,教程/操作指南,数据工具/分析,True,1,1,1,
https://cj.sina.cn/articles/view/7880068952/1d5b04f5801901sxti,https://cj.sina.cn/articles/view/7880068952/1d5b04f5801901sxti,sina.cn,巨量千川全域推广ROI设置完全指南:新规下的投放策略与成本控制_奇崛数字传媒科技_财经头条,其他外部来源,身份权威性未知,所有者未核实,False,False,,图文/网页,教程/操作指南,广告投放,True,1,1,1,
https://finance.sina.cn/2025-03-28/detail-inerexcr1273881.d.html,https://finance.sina.cn/2025-03-28/detail-inerexcr1273881.d.html,sina.cn,中国电商GMV迷局:谁是真正的行业前三?|淘宝|抖音电商|拼多多|电商企业|蔡崇信_手机新浪网,其他外部来源,身份权威性未知,所有者未核实,False,False,,图文/网页,行业资讯/报告,综合运营/其他,False,1,1,1,
https://finance.sina.cn/stock/ggyj/2025-09-08/detail-infpuwrf4415474.d.html?oid=burberry%E9%AB%98%E4%BB%BF%E9%A3%8E%E8%A1%A3%E2%95%90%E5%BE%AE%E4%BF%A1198099199%E2%95%90HOYJ&vt=4,https://finance.sina.cn/stock/ggyj/2025-09-08/detail-infpuwrf4415474.d.html?oid=burberry%E9%AB%98%E4%BB%BF%E9%A3%8E%E8%A1%A3%E2%95%90%E5%BE%AE%E4%BF%A1198099199%E2%95%90HOYJ&vt=4,sina.cn,字节组织变动，抖音电商有了更大自主权|字节跳动|京东|生活服务|商家|流量_手机新浪网,其他外部来源,身份权威性未知,所有者未核实,False,False,,图文/网页,说明/其他,综合运营/其他,False,1,1,1,
https://finance.sina.cn/stock/jdts/2026-01-16/detail-inhhnuux4042510.d.html?oid=%E9%AB%98%E4%BB%BFlv%E8%85%B0%E5%B8%A6%E4%BB%B7%E6%A0%BC%E2%96%A0%E5%BE%AE%E4%BF%A1198099199%E2%96%A0pkRE&vt=4,https://finance.sina.cn/stock/jdts/2026-01-16/detail-inhhnuux4042510.d.html?oid=%E9%AB%98%E4%BB%BFlv%E8%85%B0%E5%B8%A6%E4%BB%B7%E6%A0%BC%E2%96%A0%E5%BE%AE%E4%BF%A1198099199%E2%96%A0pkRE&vt=4,sina.cn,320亿降本见成效 抖音电商加码商家扶持|达人|佣金|政策|流量|成本_手机新浪网,其他外部来源,身份权威性未知,所有者未核实,False,False,,图文/网页,说明/其他,达人/带货,False,1,1,1,
https://k.sina.cn/article_7879776886_1d5abda76068026a6a.html,https://k.sina.cn/article_7879776886_1d5abda76068026a6a.html,sina.cn,如何判断自己的内容是否被流量限制?|违规|算法|账号|数据|同质化_新浪新闻,其他外部来源,身份权威性未知,所有者未核实,False,False,,图文/网页,教程/操作指南,数据工具/分析,True,1,1,1,
https://news.sina.cn/bignews/insight/2026-03-14/detail-inhqxfkq3561882.d.html,https://news.sina.cn/bignews/insight/2026-03-14/detail-inhqxfkq3561882.d.html,sina.cn,你的点赞正在喂养造假网红?识别虚假内容必备的三大技巧是什么?|数据造假|网信办|工具|矛盾|地震_手机新浪网,其他外部来源,身份权威性未知,所有者未核实,False,False,,图文/网页,推荐/对比/清单,数据工具/分析,False,1,1,1,
https://news.sina.cn/bignews/insight/2026-07-02/detail-inifmmms5821234.d.html,https://news.sina.cn/bignews/insight/2026-07-02/detail-inifmmms5821234.d.html,sina.cn,当千万粉丝沦为数字泡沫，中小商家如何识破带货网红的数据迷阵?(含视频)|调查|坑位|合作|合同_手机新浪网,其他外部来源,身份权威性未知,所有者未核实,False,False,,图文/网页,教程/操作指南,达人/带货,True,1,1,1,
https://news.sina.cn/sx/2022-06-23/detail-imizirav0084270.d.html?vt=4,https://news.sina.cn/sx/2022-06-23/detail-imizirav0084270.d.html?vt=4,sina.cn,抖店后台全新升级——助推618大促提效!|菜单|商家|人群|营销|经营_手机新浪网,其他外部来源,身份权威性未知,所有者未核实,False,False,,图文/网页,说明/其他,店铺/商品/商城,False,1,1,1,
https://news.sina.cn/sx/2022-10-17/detail-imqqsmrp2856334.d.html,https://news.sina.cn/sx/2022-10-17/detail-imqqsmrp2856334.d.html,sina.cn,深挖抖音商城增量 | 罗盘“店铺经营大脑”全新升级|抖音电商|电子商务|流量|商品|商家_手机新浪网,其他外部来源,身份权威性未知,所有者未核实,False,False,,图文/网页,说明/其他,店铺/商品/商城,False,1,1,1,
https://news.sina.cn/sx/2022-12-19/detail-imxxepne3828996.d.html,https://news.sina.cn/sx/2022-12-19/detail-imxxepne3828996.d.html,sina.cn,巨量算数「达人指数、视频指数」上线，直击抖音达人营销难题|数据|生态|创作者|账号|定位_手机新浪网,其他外部来源,身份权威性未知,所有者未核实,False,False,,图文/网页,说明/其他,达人/带货,False,1,1,1,
https://news.sina.cn/sx/2023-05-23/detail-imyuuifa3864010.d.html?vt=4,https://news.sina.cn/sx/2023-05-23/detail-imyuuifa3864010.d.html?vt=4,sina.cn,「巨量千川商品卡推广」全新升级:流量更精准、经营更高效、协同更清晰|抖音|抖音电商|电子商务|商家|广告_手机新浪网,其他外部来源,身份权威性未知,所有者未核实,False,False,,图文/网页,说明/其他,广告投放,False,1,1,1,
https://sina.cn/news/detail/5250705415212322.html,https://sina.cn/news/detail/5250705415212322.html,sina.cn,长安二十四计转化率断层高_新浪新闻,其他外部来源,身份权威性未知,所有者未核实,False,False,,图文/网页,说明/其他,综合运营/其他,False,1,1,1,
https://t.cj.sina.cn/articles/view/1077173264/40345c1000102od9k,https://t.cj.sina.cn/articles/view/1077173264/40345c1000102od9k,sina.cn,万亿门槛只是起点，抖音电商的增量空间远比想象中更大_财经头条,其他外部来源,身份权威性未知,所有者未核实,False,False,,图文/网页,说明/其他,综合运营/其他,False,1,1,1,
https://finance.sina.com.cn/jjxw/2025-05-21/doc-inexiinf0691975.shtml?froms=ggmp,https://finance.sina.com.cn/jjxw/2025-05-21/doc-inexiinf0691975.shtml?froms=ggmp,sina.com.cn,从流量到留量:索象《2025年抖音直播电商发展白皮书》全解读!|直播_新浪财经_新浪网,新闻/门户/自媒体,媒体或自媒体平台,媒体平台,False,False,,图文/网页,说明/其他,直播运营,False,1,1,1,
https://finance.sina.com.cn/jjxw/2025-11-17/doc-infxsxya6511355.shtml,https://finance.sina.com.cn/jjxw/2025-11-17/doc-infxsxya6511355.shtml,sina.com.cn,2025双11深度战报:近1.7万亿GMV，平台品类分化加剧|抖音_新浪财经_新浪网,新闻/门户/自媒体,媒体或自媒体平台,媒体平台,False,False,,图文/网页,推荐/对比/清单,数据工具/分析,False,1,1,1,
https://finance.sina.com.cn/jjxw/2026-06-22/doc-iniehscq0264836.shtml,https://finance.sina.com.cn/jjxw/2026-06-22/doc-iniehscq0264836.shtml,sina.com.cn,无货源店群还能做吗?采集拍单软件还能不能用?一次讲透_新浪财经_新浪网,新闻/门户/自媒体,媒体或自媒体平台,媒体平台,False,False,,图文/网页,说明/其他,综合运营/其他,False,1,1,1,
https://finance.sina.com.cn/jjxw/2026-06-22/doc-iniehscq0264836.shtml.md,https://finance.sina.com.cn/jjxw/2026-06-22/doc-iniehscq0264836.shtml.md,sina.com.cn,Untitled,新闻/门户/自媒体,媒体或自媒体平台,媒体平台,False,False,,图文/网页,说明/其他,综合运营/其他,False,1,1,1,
https://finance.sina.com.cn/roll/2025-12-09/doc-inhahnvi2176549.shtml,https://finance.sina.com.cn/roll/2025-12-09/doc-inhahnvi2176549.shtml,sina.com.cn,抖音电商GMV增速超30%逼近拼多多，2025年或达4.3万亿|抖音电商_新浪财经_新浪网,新闻/门户/自媒体,媒体或自媒体平台,媒体平台,False,False,,图文/网页,说明/其他,综合运营/其他,False,1,1,1,
https://finance.sina.com.cn/roll/2026-07-27/doc-inikfxca9806706.shtml?finpagefr=ttzz,https://cj.sina.cn/article/norm_detail?froms=ttmp&url=https%3A%2F%2Ffinance.sina.com.cn%2Froll%2F2026-07-27%2Fdoc-inikfxca9806706.shtml%3Ffinpagefr%3Dttzz,sina.com.cn,抖音小店兼职副业碎片化运营、单人操作与移动端管理完整落地方案,新闻/门户/自媒体,媒体或自媒体平台,媒体平台,False,False,,图文/网页,教程/操作指南,综合运营/其他,True,1,1,1,
https://finance.sina.com.cn/wm/2025-11-19/doc-infxyazu2940500.shtml,https://finance.sina.com.cn/wm/2025-11-19/doc-infxyazu2940500.shtml,sina.com.cn,报告 | 2025 年双十一抖音电商趋势盘点及行业洞察报告，抖音 2025 双十一 GMV 增速超 40%(附下载)|双11_新浪财经_新浪网,新闻/门户/自媒体,媒体或自媒体平台,媒体平台,False,False,,图文/网页,推荐/对比/清单,综合运营/其他,False,1,1,1,
https://finance.sina.com.cn/wm/2026-06-20/doc-iniczxrv8743376.shtml,https://finance.sina.com.cn/wm/2026-06-20/doc-iniczxrv8743376.shtml,sina.com.cn,抖音618数据揭秘:粉丝不足百万的中小达人，贡献超八成成交!_新浪财经_新浪网,新闻/门户/自媒体,媒体或自媒体平台,媒体平台,False,False,,图文/网页,说明/其他,达人/带货,False,1,1,1,
https://k.sina.com.cn/article_6463672994_18143d2a200100ykj4.html,https://k.sina.com.cn/article_6463672994_18143d2a200100ykj4.html,sina.com.cn,【运营实操】如何通过抖音电商罗盘，复盘一场直播的数据表现?|流量|达人|直播间|商品|指标_新浪新闻,新闻/门户/自媒体,媒体或自媒体平台,媒体平台,False,False,,图文/网页,教程/操作指南,直播运营,True,1,1,1,
https://k.sina.com.cn/article_6463672994_18143d2a20010165c8.html,https://k.sina.com.cn/article_6463672994_18143d2a20010165c8.html,sina.com.cn,想要随时随地查看抖音达人数据?我们为你推荐这个官方小程序|粉丝|账号|画像|广告主|营销_新浪新闻,新闻/门户/自媒体,媒体或自媒体平台,媒体平台,False,False,,图文/网页,推荐/对比/清单,广告投放,False,1,1,1,
https://slashdot.org/software/p/Kixmon/alternatives,https://slashdot.org/software/p/Kixmon/alternatives,slashdot.org,Alternatives to Kixmon,其他外部来源,身份权威性未知,所有者未核实,False,False,,图文/网页,说明/其他,综合运营/其他,False,1,1,1,
https://smartelite.club/the-ultimate-dropshipping-spy-tools-showdown-minea-vs-winninghunter-vs-kalodata-2025,https://smartelite.club/the-ultimate-dropshipping-spy-tools-showdown-minea-vs-winninghunter-vs-kalodata-2025,smartelite.club,The Ultimate Dropshipping Spy Tools Showdown: Minea vs WinningHunter vs Kalodata (2026),其他外部来源,身份权威性未知,所有者未核实,False,False,,图文/网页,说明/其他,综合运营/其他,False,1,1,1,
https://post.m.smzdm.com/p/a26exr3p,https://post.m.smzdm.com/p/a26exr3p,smzdm.com,直播间转化率低于3%?你可能忽略了这3个关键信号_运营商_什么值得买,新闻/门户/自媒体,媒体或自媒体平台,媒体平台,False,False,,图文/网页,说明/其他,直播运营,False,1,1,1,
https://post.m.smzdm.com/p/ad7poq7p,https://post.m.smzdm.com/p/ad7poq7p,smzdm.com,2026新号起号真相:自然流打底，投流加速，别再二选一!_手机软件_什么值得买,新闻/门户/自媒体,媒体或自媒体平台,媒体平台,False,False,,图文/网页,说明/其他,广告投放,False,1,1,1,
https://post.smzdm.com/p/am9g64ek,https://post.smzdm.com/p/am9g64ek,smzdm.com,一个人撑起一家店?电商卖家的“免费电商龙虾”ToClaw实测_服务软件_什么值得买,新闻/门户/自媒体,媒体或自媒体平台,媒体平台,False,False,,图文/网页,说明/其他,综合运营/其他,False,1,1,1,
https://sociality.io/blog/wp-content/uploads/2025/08/TikTok-analytics-checklist-for-2025-—-design.pdf,https://sociality.io/blog/wp-content/uploads/2025/08/TikTok-analytics-checklist-for-2025-%E2%80%94-design.pdf,sociality.io,TikTok analytics checklist for 2025,其他外部来源,身份权威性未知,所有者未核实,False,False,,PDF/图文报告,说明/其他,综合运营/其他,False,1,1,1,
https://biznews.sohu.com/a/1049554012_122634602,https://biznews.sohu.com/a/1049554012_122634602,sohu.com,电商节日大促如何用数据预判市场走势?电商运营4步拆解路径_品类_商品_供给,新闻/门户/自媒体,媒体或自媒体平台,搜狐,False,False,,图文/网页,教程/操作指南,店铺/商品/商城,True,1,1,1,
https://m.sohu.com/a/1001898811_122634602,https://m.sohu.com/a/1001898811_122634602,sohu.com,直播复盘怎么做?5大核心数据维度揭秘_商品_佣金率_结构化,新闻/门户/自媒体,媒体或自媒体平台,搜狐,False,False,,图文/网页,教程/操作指南,直播运营,True,1,1,1,蝉妈妈
https://m.sohu.com/a/1004442700_122634602,https://m.sohu.com/a/1004442700_122634602,sohu.com,抖音选品难?4步精准挖掘爆款商品_数据_分析_趋势,新闻/门户/自媒体,媒体或自媒体平台,搜狐,False,False,,图文/网页,案例/复盘,店铺/商品/商城,False,1,1,1,蝉妈妈
https://m.sohu.com/a/1013024673_120011893,https://m.sohu.com/a/1013024673_120011893,sohu.com,抖音热榜算法真相_内容_互动_热度,新闻/门户/自媒体,媒体或自媒体平台,搜狐,False,False,,图文/网页,说明/其他,综合运营/其他,False,1,1,1,
https://m.sohu.com/a/1014683213_122721889,https://m.sohu.com/a/1014683213_122721889,sohu.com,抖音卡片数据统计方法配置:从埋点到回传的完整案例分析_工具_参数_技术,新闻/门户/自媒体,媒体或自媒体平台,搜狐,False,False,,图文/网页,推荐/对比/清单,数据工具/分析,False,1,1,1,
https://m.sohu.com/a/1022928847_122634602,https://m.sohu.com/a/1022928847_122634602,sohu.com,抖音直播运营流程怎么优化?4步闭环提升GMV_数据_流量_商品,新闻/门户/自媒体,媒体或自媒体平台,搜狐,False,False,,图文/网页,教程/操作指南,直播运营,True,1,1,1,蝉妈妈
https://m.sohu.com/a/1024159819_122634602,https://m.sohu.com/a/1024159819_122634602,sohu.com,如何提升直播GMV?竞品分析4步法实操指南_数据_流量_工具,新闻/门户/自媒体,媒体或自媒体平台,搜狐,False,False,,图文/网页,教程/操作指南,直播运营,True,1,1,1,蝉妈妈
https://m.sohu.com/a/1028741963_122721889,https://m.sohu.com/a/1028741963_122721889,sohu.com,抖音卡片数据统计方法异常排查Top5高频报错清单_配置_参数_断层,新闻/门户/自媒体,媒体或自媒体平台,搜狐,False,False,,图文/网页,方法论/策略,数据工具/分析,True,1,1,1,
https://m.sohu.com/a/1030581733_122554258,https://m.sohu.com/a/1030581733_122554258,sohu.com,抖音运营核心指标与数据看板:创作者必须掌握的10个关键数据_Rate_内容_评论,新闻/门户/自媒体,媒体或自媒体平台,搜狐,False,False,,图文/网页,方法论/策略,数据工具/分析,True,1,1,1,
https://m.sohu.com/a/1031035535_122166688,https://m.sohu.com/a/1031035535_122166688,sohu.com,找抖音视频素材还在乱找?12个实用网站帮你省时间_平台_内容_版权,新闻/门户/自媒体,媒体或自媒体平台,搜狐,False,False,,图文/网页,推荐/对比/清单,短视频内容,False,1,1,1,
https://m.sohu.com/a/1031467255_122718443,https://m.sohu.com/a/1031467255_122718443,sohu.com,2026抖店流量底层逻辑大变:体验分才是店铺流量的核心分配密码_平台_商家_运营,新闻/门户/自媒体,媒体或自媒体平台,搜狐,False,False,,图文/网页,推荐/对比/清单,店铺/商品/商城,False,1,1,1,
https://m.sohu.com/a/1032693860_122634602,https://m.sohu.com/a/1032693860_122634602,sohu.com,投放诊断:快速定位人群、素材或货品问题_分析_商品_数据,新闻/门户/自媒体,媒体或自媒体平台,搜狐,False,False,,图文/网页,方法论/策略,广告投放,True,1,1,1,蝉妈妈
https://m.sohu.com/a/1033850287_121231944,https://m.sohu.com/a/1033850287_121231944,sohu.com,短视频矩阵系统可以管理多个账号吗?_平台_实际操作_快手,新闻/门户/自媒体,媒体或自媒体平台,搜狐,False,False,,图文/网页,教程/操作指南,短视频内容,True,1,1,1,
https://m.sohu.com/a/1037827122_122636522,https://m.sohu.com/a/1037827122_122636522,sohu.com,2026年必看:扣子(Coze)与蝉妈妈，自媒体辅助工具对比_Agent_协作_数据,新闻/门户/自媒体,媒体或自媒体平台,搜狐,False,False,,图文/网页,推荐/对比/清单,数据工具/分析,False,1,1,1,
https://m.sohu.com/a/1038421240_120704721,https://m.sohu.com/a/1038421240_120704721,sohu.com,抖音来客数据在哪里看?多门店商家如何用新榜矩阵通统一监测_经营_内容_直播,新闻/门户/自媒体,媒体或自媒体平台,搜狐,False,False,,图文/网页,教程/操作指南,直播运营,True,1,1,1,
https://m.sohu.com/a/1041045998_121147659,https://m.sohu.com/a/1041045998_121147659,sohu.com,2026本地生活抖音获客实测:免费vs付费AI客服，转化率差多少?_工具_商家_Pro,新闻/门户/自媒体,媒体或自媒体平台,搜狐,False,False,,图文/网页,推荐/对比/清单,数据工具/分析,False,1,1,1,
https://m.sohu.com/a/1041332242_122893927,https://m.sohu.com/a/1041332242_122893927,sohu.com,抖音直播数据复盘运营技巧_分析_商品_视频,新闻/门户/自媒体,媒体或自媒体平台,搜狐,False,False,,图文/网页,案例/复盘,直播运营,False,1,1,1,
https://m.sohu.com/a/1043835507_122634602,https://m.sohu.com/a/1043835507_122634602,sohu.com,怎么查看抖音达人 GMV 暴涨里程碑数据?_环比分析_爆发_时间轴,新闻/门户/自媒体,媒体或自媒体平台,搜狐,False,False,,图文/网页,教程/操作指南,达人/带货,True,1,1,1,蝉妈妈
https://m.sohu.com/a/1044220367_122687463,https://m.sohu.com/a/1044220367_122687463,sohu.com,千川直播间投流的“人货场辩证法”_流量_自然_成交,新闻/门户/自媒体,媒体或自媒体平台,搜狐,False,False,,图文/网页,说明/其他,直播运营,False,1,1,1,
https://m.sohu.com/a/1045517576_122920632,https://m.sohu.com/a/1045517576_122920632,sohu.com,2026抖店无货源上货工具避坑指南:三类工具风险较高，合规选型可参考这几点_违规_平台_规则,新闻/门户/自媒体,媒体或自媒体平台,搜狐,False,False,,图文/网页,教程/操作指南,店铺/商品/商城,True,1,1,1,
https://m.sohu.com/a/1046329907_260141,https://m.sohu.com/a/1046329907_260141,sohu.com,抖音电商商家风控工具解读，抖掌柜AI违规检测工具作用及抖店新手必查经营隐患_平台_店铺_商品,新闻/门户/自媒体,媒体或自媒体平台,搜狐,False,False,,图文/网页,推荐/对比/清单,店铺/商品/商城,False,1,1,1,
https://m.sohu.com/a/1048591128_122867383,https://m.sohu.com/a/1048591128_122867383,sohu.com,抖店店群数据复盘指南:高效核算利润的方法与工具参考_统计_运营_店铺,新闻/门户/自媒体,媒体或自媒体平台,搜狐,False,False,,图文/网页,教程/操作指南,店铺/商品/商城,True,1,1,1,
https://m.sohu.com/a/1049636764_122867383,https://m.sohu.com/a/1049636764_122867383,sohu.com,抖店精细化运营指南:用可视化数据驱动店铺增长_多维度_经营_利润,新闻/门户/自媒体,媒体或自媒体平台,搜狐,False,False,,图文/网页,教程/操作指南,店铺/商品/商城,True,1,1,1,
https://m.sohu.com/a/1050000838_121147659?pvid=000115_3w_a,https://m.sohu.com/a/1050000838_121147659?pvid=000115_3w_a,sohu.com,2026年抖音AI客服合规趋势:平台规则与营销合规成核心门槛_Pro_工具_官方,新闻/门户/自媒体,媒体或自媒体平台,搜狐,False,False,,图文/网页,推荐/对比/清单,数据工具/分析,False,1,1,1,
https://m.sohu.com/a/1050380788_122934179,https://m.sohu.com/a/1050380788_122934179,sohu.com,抖大侠与抖店是什么关系_第三方服务身份说明_市场_产品_平台,新闻/门户/自媒体,媒体或自媒体平台,搜狐,False,False,,图文/网页,推荐/对比/清单,店铺/商品/商城,False,1,1,1,
https://m.sohu.com/a/1052316627_122634602,https://m.sohu.com/a/1052316627_122634602,sohu.com,蝉妈妈经营分析能多账号管理吗?电商运营统一监控实操指南_数据,新闻/门户/自媒体,媒体或自媒体平台,搜狐,False,False,,图文/网页,教程/操作指南,数据工具/分析,True,1,1,1,蝉妈妈
https://m.sohu.com/a/1052780389_122634602,https://m.sohu.com/a/1052780389_122634602,sohu.com,直播运营如何分析场观与GMV关系?蝉妈妈实操复盘指南_流量_商品_在线,新闻/门户/自媒体,媒体或自媒体平台,搜狐,False,False,,图文/网页,教程/操作指南,直播运营,True,1,1,1,蝉妈妈
https://m.sohu.com/a/1052989454_122930092,https://m.sohu.com/a/1052989454_122930092,sohu.com,诺宸智科谈抖音小店退货率居高不下的原因，对你的店铺有什么影响_商品_平台_品质,新闻/门户/自媒体,媒体或自媒体平台,搜狐,False,False,,图文/网页,推荐/对比/清单,店铺/商品/商城,False,1,1,1,
https://m.sohu.com/a/1053121651_122949247,https://m.sohu.com/a/1053121651_122949247,sohu.com,2026抖店基础运营工具有哪些分类?各环节对应工具推荐_商品_上货_货源,新闻/门户/自媒体,媒体或自媒体平台,搜狐,False,False,,图文/网页,推荐/对比/清单,店铺/商品/商城,False,1,1,1,
https://m.sohu.com/a/1053591841_122949247,https://m.sohu.com/a/1053591841_122949247,sohu.com,抖音小店无货源ERP怎么选?免费付费与总成本差异对比_采购_软件_订单,新闻/门户/自媒体,媒体或自媒体平台,搜狐,False,False,,图文/网页,教程/操作指南,综合运营/其他,True,1,1,1,
https://m.sohu.com/a/1055663931_122634602,https://m.sohu.com/a/1055663931_122634602,sohu.com,蝉妈妈怎么查看短视频完播率?预测内容留存判断方法_数据_分析_拆解,新闻/门户/自媒体,媒体或自媒体平台,搜狐,False,False,,图文/网页,教程/操作指南,短视频内容,True,1,1,1,蝉妈妈
https://m.sohu.com/a/515176235_121246837?pvid=000115_3w_a,https://m.sohu.com/a/515176235_121246837?pvid=000115_3w_a,sohu.com,年货节大促抖音鞋服行业如何带货?巨量千川跑量短视频创意拆解_素材_用户_产品,新闻/门户/自媒体,媒体或自媒体平台,搜狐,False,False,,图文/网页,教程/操作指南,广告投放,True,1,1,1,
https://m.sohu.com/a/956117675_121644338,https://m.sohu.com/a/956117675_121644338,sohu.com,2025年双十一抖音电商趋势盘点及行业洞察报告_流量_平台_价格,新闻/门户/自媒体,媒体或自媒体平台,搜狐,False,False,,图文/网页,推荐/对比/清单,数据工具/分析,False,1,1,1,
https://m.sohu.com/a/958160389_121761380,https://m.sohu.com/a/958160389_121761380,sohu.com,小德课堂|电商老板收到税务局“收入不一致”短信?别急，坐下来听小德说_申报_平台_数据,新闻/门户/自媒体,媒体或自媒体平台,搜狐,False,False,,图文/网页,推荐/对比/清单,数据工具/分析,False,1,1,1,
https://m.sohu.com/a/960240611_122020115,https://m.sohu.com/a/960240611_122020115,sohu.com,如何洞察用户在抖音、小红书等社媒平台对竞品的真实评价?监测维度 + 工具推荐_数据_分析_反馈,新闻/门户/自媒体,媒体或自媒体平台,搜狐,False,False,,图文/网页,教程/操作指南,数据工具/分析,True,1,1,1,
https://m.sohu.com/a/961472897_120922351,https://m.sohu.com/a/961472897_120922351,sohu.com,新媒体环境下仅依靠平台站内搜索可以全面及时发现舆情吗?_信息_内容_微信,新闻/门户/自媒体,媒体或自媒体平台,搜狐,False,False,,图文/网页,推荐/对比/清单,数据工具/分析,False,1,1,1,
https://m.sohu.com/a/966349314_121118996,https://m.sohu.com/a/966349314_121118996,sohu.com,抖音投流百问百答手册_计划_流量_素材,新闻/门户/自媒体,媒体或自媒体平台,搜狐,False,False,,图文/网页,教程/操作指南,广告投放,True,1,1,1,
https://m.sohu.com/a/968067587_122514517,https://m.sohu.com/a/968067587_122514517,sohu.com,抖音商家必备!小青苔达人营销——抖店罗盘跳转工具这样用，效率提升300%_视频_功能_直播,新闻/门户/自媒体,媒体或自媒体平台,搜狐,False,False,,图文/网页,推荐/对比/清单,直播运营,False,1,1,1,
https://m.sohu.com/a/968926829_122554258,https://m.sohu.com/a/968926829_122554258,sohu.com,社媒用户画像采集:整合多平台受众标签_数据_工具_火山,新闻/门户/自媒体,媒体或自媒体平台,搜狐,False,False,,图文/网页,推荐/对比/清单,数据工具/分析,False,1,1,1,
https://m.sohu.com/a/973911082_122554258,https://m.sohu.com/a/973911082_122554258,sohu.com,抖音短视频数据查询:完播率与点赞率计算_分析_账号_监控,新闻/门户/自媒体,媒体或自媒体平台,搜狐,False,False,,图文/网页,说明/其他,短视频内容,False,1,1,1,
https://m.sohu.com/a/978755536_122542419,https://m.sohu.com/a/978755536_122542419,sohu.com,抖音电商迎五大新挑战!营口睿帼拆解:破局关键藏在这些细节里_商家_内容_直播,新闻/门户/自媒体,媒体或自媒体平台,搜狐,False,False,,图文/网页,说明/其他,直播运营,False,1,1,1,
https://m.sohu.com/a/986296673_122634602,https://m.sohu.com/a/986296673_122634602,sohu.com,抖音达人分析怎么做?抖音达人分析工具推荐_合作_数据_直播,新闻/门户/自媒体,媒体或自媒体平台,搜狐,False,False,,图文/网页,教程/操作指南,直播运营,True,1,1,1,蝉妈妈
https://m.sohu.com/a/998681863_122376543,https://m.sohu.com/a/998681863_122376543,sohu.com,MCN机构必备!抖音多开账号精细权限管理_运营_内容_误操作,新闻/门户/自媒体,媒体或自媒体平台,搜狐,False,False,,图文/网页,教程/操作指南,综合运营/其他,True,1,1,1,
https://sohu.com/a/1009446894_122634602,https://sohu.com/a/1009446894_122634602,sohu.com,抖音直播流量拆解:4步提升转化率的实战方法_分析_数据_妈妈,新闻/门户/自媒体,媒体或自媒体平台,搜狐,False,False,,图文/网页,案例/复盘,直播运营,False,1,1,1,蝉妈妈
https://sohu.com/a/1022363453_122407802,https://sohu.com/a/1022363453_122407802,sohu.com,视频没流量?2026抖音算法早都换血了!一篇讲透_内容_互动_用户,新闻/门户/自媒体,媒体或自媒体平台,搜狐,False,False,,图文/网页,说明/其他,短视频内容,False,1,1,1,
https://sohu.com/a/619647386_100124999,https://sohu.com/a/619647386_100124999,sohu.com,想要随时随地查看抖音达人数据?我们为你推荐这个官方小程序_内容_指数_账号,新闻/门户/自媒体,媒体或自媒体平台,搜狐,False,False,,图文/网页,推荐/对比/清单,达人/带货,False,1,1,1,
https://sohu.com/a/767153251_121231219,https://sohu.com/a/767153251_121231219,sohu.com,抖店如何查看竞品数据?_运营_店铺_策略,新闻/门户/自媒体,媒体或自媒体平台,搜狐,False,False,,图文/网页,教程/操作指南,店铺/商品/商城,True,1,1,1,
https://sohu.com/a/903996644_121074322,https://sohu.com/a/903996644_121074322,sohu.com,直播复盘全攻略:从数据到策略，深度剖析提升之道_人数_在线_成交金额,新闻/门户/自媒体,媒体或自媒体平台,搜狐,False,False,,图文/网页,教程/操作指南,直播运营,True,1,1,1,
https://sohu.com/a/931007308_121384343,https://sohu.com/a/931007308_121384343,sohu.com,电商平台品牌数据采集_Data_报表_价格,新闻/门户/自媒体,媒体或自媒体平台,搜狐,False,False,,图文/网页,推荐/对比/清单,数据工具/分析,False,1,1,1,
https://sohu.com/a/931520054_122319573,https://sohu.com/a/931520054_122319573,sohu.com,抖店小店运营全攻略(2025年)_直播_内容_流量,新闻/门户/自媒体,媒体或自媒体平台,搜狐,False,False,,图文/网页,教程/操作指南,直播运营,True,1,1,1,
https://sohu.com/a/938537344_120704721,https://sohu.com/a/938537344_120704721,sohu.com,新红、千瓜、灰豚，谁是小红书工具性价比之选?_数据_功能_品牌,新闻/门户/自媒体,媒体或自媒体平台,搜狐,False,False,,图文/网页,推荐/对比/清单,数据工具/分析,False,1,1,1,
https://sohu.com/a/942549714_122502905,https://sohu.com/a/942549714_122502905,sohu.com,2025 社媒投后监测工具怎么选?4 大标准 + 实测，全维度成最优解_数据_内容_行业,新闻/门户/自媒体,媒体或自媒体平台,搜狐,False,False,,图文/网页,教程/操作指南,数据工具/分析,True,1,1,1,
https://sohu.com/a/942960526_121118996,https://sohu.com/a/942960526_121118996,sohu.com,抖音投流教程.pdf_参考_选品_文末,新闻/门户/自媒体,媒体或自媒体平台,搜狐,False,False,,图文/网页,教程/操作指南,广告投放,True,1,1,1,
https://sohu.com/a/951025673_121852070,https://sohu.com/a/951025673_121852070,sohu.com,2025抖音短视频和直播DOU+投放操作手册_内容_预算_账号,新闻/门户/自媒体,媒体或自媒体平台,搜狐,False,False,,图文/网页,教程/操作指南,直播运营,True,1,1,1,
https://sohu.com/a/956265150_178408,https://sohu.com/a/956265150_178408,sohu.com,【案例】抖音美妆账号破局关键:用数据精准驱动，从粉丝画像分析到百万变现_Lisa_彩妆_视频,新闻/门户/自媒体,媒体或自媒体平台,搜狐,False,False,,图文/网页,案例/复盘,短视频内容,False,1,1,1,
https://sohu.com/a/956823469_121981135,https://sohu.com/a/956823469_121981135,sohu.com,抖音如何一次发多个视频?定时发布攻略来了_账号_操作_内容,新闻/门户/自媒体,媒体或自媒体平台,搜狐,False,False,,图文/网页,教程/操作指南,短视频内容,True,1,1,1,
https://sohu.com/a/958096333_121016891,https://sohu.com/a/958096333_121016891,sohu.com,短视频推广数据分析:3个核心指标优化效果_账号_转化率_互动,新闻/门户/自媒体,媒体或自媒体平台,搜狐,False,False,,图文/网页,方法论/策略,短视频内容,True,1,1,1,
https://sohu.com/a/981740020_122413739,https://sohu.com/a/981740020_122413739,sohu.com,抖音同城榜规则 2026_品牌_内容_热点,新闻/门户/自媒体,媒体或自媒体平台,搜狐,False,False,,图文/网页,说明/其他,综合运营/其他,False,1,1,1,
https://sohu.com/a/982234397_122464460,https://sohu.com/a/982234397_122464460,sohu.com,抖音1000有效粉丝200?_Dou_内容_视频,新闻/门户/自媒体,媒体或自媒体平台,搜狐,False,False,,图文/网页,说明/其他,短视频内容,False,1,1,1,
https://sohu.com/a/989910336_122554258,https://sohu.com/a/989910336_122554258,sohu.com,2026抖音违禁词汇总:从暗语识别到合规策略，守护你的账号安全_违规_平台_内容,新闻/门户/自媒体,媒体或自媒体平台,搜狐,False,False,,图文/网页,推荐/对比/清单,数据工具/分析,False,1,1,1,
https://sskoo.com/tool/xindou,https://sskoo.com/tool/xindou,sskoo.com,新抖-专业抖音数据分析平台|实时监测账号排行与直播带货数据,其他外部来源,身份权威性未知,所有者未核实,False,False,,图文/网页,推荐/对比/清单,直播运营,False,1,1,1,
https://starngage.com/plus/en-us/blog/best-tiktok-fake-follower-detection-tools-for-smarter-influencer-marketing,https://starngage.com/plus/en-us/blog/best-tiktok-fake-follower-detection-tools-for-smarter-influencer-marketing,starngage.com,Best TikTok Fake Follower Detection Tools for Smarter Influencer Marketing,其他外部来源,身份权威性未知,所有者未核实,False,False,,图文/网页,说明/其他,综合运营/其他,False,1,1,1,
https://starngage.com/plus/en-us/blog/douyin-vs-tiktok-influencers-complete-platform-comparison-guide,https://starngage.com/plus/en-us/blog/douyin-vs-tiktok-influencers-complete-platform-comparison-guide,starngage.com,Douyin vs TikTok Influencers: Complete Platform Comparison Guide,其他外部来源,身份权威性未知,所有者未核实,False,False,,图文/网页,说明/其他,综合运营/其他,False,1,1,1,
https://szxn.com/sites/19517.html,https://szxn.com/sites/19517.html,szxn.com,灰豚数据官网 - 大数据追踪短视频流量趋势，提供热门视频、爆款商品、人气直播及优质账号，助力筛选优质账号、电商带货、竞对监控、粉丝经济最大化 - AI 智能体,其他外部来源,身份权威性未知,所有者未核实,False,False,,图文/网页,案例/复盘,直播运营,False,1,1,1,
https://goods.taobao.com/t/daiyunying_16960/35a4e2b3cffedeec9b285f56626f9c13.html,https://goods.taobao.com/t/daiyunying_16960/35a4e2b3cffedeec9b285f56626f9c13.html,taobao.com,新版飞瓜数据品牌版商家版25年试用体验:新抖新快全平台覆盖，商家必备数据工具?-代运营-淘宝好物网,其他外部来源,身份权威性未知,所有者未核实,False,False,,图文/网页,推荐/对比/清单,数据工具/分析,False,1,1,1,
https://goods.taobao.com/t/daiyunying_16960/67e9a38e8c26b31b17e7d44d6cae428d.html,https://goods.taobao.com/t/daiyunying_16960/67e9a38e8c26b31b17e7d44d6cae428d.html,taobao.com,蝉妈妈企业版25年更新:抖音数据分析工具选专业版还是品牌版?看完这篇再决定!-代运营-淘宝好物网,其他外部来源,身份权威性未知,所有者未核实,False,False,,图文/网页,推荐/对比/清单,数据工具/分析,False,1,1,1,
https://goods.taobao.com/t/daiyunying_16960/cde4908a344fae566eaf0497cfbb4d8c.html,https://goods.taobao.com/t/daiyunying_16960/cde4908a344fae566eaf0497cfbb4d8c.html,taobao.com,全网最良心短视频运营模板表格!直播排班+数据分析+复盘全搞定，25年必备效率工具!-代运营-淘宝好物网,其他外部来源,身份权威性未知,所有者未核实,False,False,,图文/网页,推荐/对比/清单,直播运营,False,1,1,1,
https://goods.taobao.com/t/daiyunying_16960/d85877c2397590deaccc08e8d5b7e71d.html,https://goods.taobao.com/t/daiyunying_16960/d85877c2397590deaccc08e8d5b7e71d.html,taobao.com,全网最实用短视频运营表格模板!数据统计+排班复盘+直播流程一应俱全|25年必备神器-代运营-淘宝好物网,其他外部来源,身份权威性未知,所有者未核实,False,False,,图文/网页,案例/复盘,直播运营,False,1,1,1,
https://jianghu.taobao.com/detail/47301_43155721,https://jianghu.taobao.com/detail/47301_43155721,taobao.com,国内短视频平台核心对比分析 - 热点聚焦 - 淘江湖,其他外部来源,身份权威性未知,所有者未核实,False,False,,图文/网页,推荐/对比/清单,短视频内容,False,1,1,1,
https://tvgame.taobao.com/topic/youxituijian_226/4a978270d7bf7f0eed2ee581130845c7.html,https://tvgame.taobao.com/topic/youxituijian_226/4a978270d7bf7f0eed2ee581130845c7.html,taobao.com,抖音直播数据分析工具怎么选?考古加家旗舰版和飞瓜、婵妈妈等有什么区别?_游戏推荐_淘宝游戏网,其他外部来源,身份权威性未知,所有者未核实,False,False,,图文/网页,教程/操作指南,直播运营,True,1,1,1,
https://tbadc.com/hao/1698.html,https://tbadc.com/hao/1698.html,tbadc.com,EchoTik - 专业的TikTok电商数据助手 | 拓边达,其他外部来源,身份权威性未知,所有者未核实,False,False,,图文/网页,说明/其他,数据工具/分析,False,1,1,1,
https://cloud.tencent.com/developer/article/2630978,https://cloud.tencent.com/developer/article/2630978,tencent.com,Python 抖音爬虫从 0 到 1 实战:环境配置与数据爬取全教程-腾讯云开发者社区-腾讯云,其他外部来源,身份权威性未知,所有者未核实,False,False,,图文/网页,教程/操作指南,数据工具/分析,True,1,1,1,
https://cloud.tencent.com/developer/article/2640429,https://cloud.tencent.com/developer/article/2640429,tencent.com,OpenClaw 集成抖音——驾驭短视频流量的自动化引擎-腾讯云开发者社区-腾讯云,其他外部来源,身份权威性未知,所有者未核实,False,False,,图文/网页,说明/其他,短视频内容,False,1,1,1,
https://developer.cloud.tencent.com/article/2630978,https://developer.cloud.tencent.com/article/2630978,tencent.com,Python 抖音爬虫从 0 到 1 实战:环境配置与数据爬取全教程-腾讯云开发者社区-腾讯云,其他外部来源,身份权威性未知,所有者未核实,False,False,,图文/网页,教程/操作指南,数据工具/分析,True,1,1,1,
https://cloud.tencent.com.cn/developer/article/2576907,https://cloud.tencent.com.cn/developer/article/2576907,tencent.com.cn,低代码开发平台有哪些:20个低代码开发平台多维度对比,其他外部来源,身份权威性未知,所有者未核实,False,False,,图文/网页,推荐/对比/清单,数据工具/分析,False,1,1,1,
https://m.teng-ad.com/zixun/4288.html,https://m.teng-ad.com/zixun/4288.html,teng-ad.com,【腾讯广告客户工作台】直播分析操作手册,其他外部来源,身份权威性未知,所有者未核实,False,False,,图文/网页,教程/操作指南,直播运营,True,1,1,1,
https://tgsem.com/xxlyx/2884.html,https://tgsem.com/xxlyx/2884.html,tgsem.com,巨量千川投放直播间，那些指标比较重要? - 老杨SEM博客,其他外部来源,身份权威性未知,所有者未核实,False,False,,图文/网页,方法论/策略,直播运营,True,1,1,1,
https://m.thepaper.cn/newsDetail_forward_31826062,https://m.thepaper.cn/newsDetail_forward_31826062,thepaper.cn,双11进入AI赛点!抖音电商的进取与隐忧,其他外部来源,身份权威性未知,所有者未核实,False,False,,图文/网页,说明/其他,综合运营/其他,False,1,1,1,
https://m.thepaper.cn/wifiKey_detail.jsp?contid=2585177,https://m.thepaper.cn/wifiKey_detail.jsp?contid=2585177,thepaper.cn,南京公安质疑抖音泄漏用户隐私，抖音回应称失实_中国政库_澎湃新闻-The Paper,其他外部来源,身份权威性未知,所有者未核实,False,False,,图文/网页,说明/其他,综合运营/其他,False,1,1,1,
https://thunderbit.com/blog/analyze-competitors-website-traffic,https://thunderbit.com/blog/analyze-competitors-website-traffic,thunderbit.com,How to Analyze Competitors' Website Traffic for Insights,其他外部来源,身份权威性未知,所有者未核实,False,False,,图文/网页,说明/其他,综合运营/其他,False,1,1,1,
https://thunderbit.com/ja/blog/best-tiktok-scrapers,https://thunderbit.com/ja/blog/best-tiktok-scrapers,thunderbit.com,実測で選ぶTikTokスクレイパーおすすめ10選,其他外部来源,身份权威性未知,所有者未核实,False,False,,图文/网页,说明/其他,综合运营/其他,False,1,1,1,
https://tidenews.com.cn/tmh_news.html?id=69e1dbd95944a20001e2318a,https://tidenews.com.cn/tmh_news.html?id=69e1dbd95944a20001e2318a,tidenews.com.cn,抖音电商:Q1商家投诉平台典型案例:任意仅退款占比超四成_潮新闻官网,其他外部来源,身份权威性未知,所有者未核实,False,False,,图文/网页,推荐/对比/清单,数据工具/分析,False,1,1,1,
https://baike.tielingcn.com/baike/97232.html,https://baike.tielingcn.com/baike/97232.html,tielingcn.com,如何查商品哪些主播在卖，怎么看直播卖了多少单-百科-百科新讯网,其他外部来源,身份权威性未知,所有者未核实,False,False,,图文/网页,教程/操作指南,直播运营,True,1,1,1,
https://tikhub.io/,https://tikhub.io/,tikhub.io,TikHub | Social Media API & Data Infrastructure,其他外部来源,身份权威性未知,所有者未核实,False,False,,图文/网页,说明/其他,综合运营/其他,False,1,1,1,
https://tikhub.io/zh,https://tikhub.io/zh,tikhub.io,TikHub | 社交媒体 API 与数据基础设施,其他外部来源,身份权威性未知,所有者未核实,False,False,,图文/网页,说明/其他,数据工具/分析,False,1,1,1,
https://ads.tiktok.com/help/article/about-ads-metrics-in-seller-center?lang=zh,https://ads.tiktok.com/help/article/about-ads-metrics-in-seller-center?lang=zh,tiktok.com,关于 Seller Center 中的广告指标,其他外部来源,身份权威性未知,所有者未核实,False,False,,图文/网页,方法论/策略,广告投放,True,1,1,1,
https://ads.tiktok.com/help/article/conversion-discrepancies?lang=zh,https://ads.tiktok.com/help/article/conversion-discrepancies?lang=zh,tiktok.com,商务帮助中心,其他外部来源,身份权威性未知,所有者未核实,False,False,,图文/网页,说明/其他,综合运营/其他,False,1,1,1,
https://ads.tiktok.com/help/article/how-to-use-shop-creative-hub?lang=zh,https://ads.tiktok.com/help/article/how-to-use-shop-creative-hub?lang=zh,tiktok.com,TikTok Shop | 如何使用店铺创意中心,其他外部来源,身份权威性未知,所有者未核实,False,False,,图文/网页,教程/操作指南,店铺/商品/商城,True,1,1,1,
https://seller-us.tiktok.com/university/essay?knowledge_id=3567102969005838&lang=en,https://seller-us.tiktok.com/university/essay?knowledge_id=3567102969005838&lang=en,tiktok.com,[Brand Analytics] Market Intelligence Feature Guide,其他外部来源,身份权威性未知,所有者未核实,False,False,,图文/网页,说明/其他,综合运营/其他,False,1,1,1,
https://9th.tma999.com/uploads/soft/221007/1-22100GFR2.pdf,https://9th.tma999.com/uploads/soft/221007/1-22100GFR2.pdf,tma999.com,抖音电商生意放大器 巨量千川,其他外部来源,身份权威性未知,所有者未核实,False,False,,PDF/图文报告,说明/其他,广告投放,False,1,1,1,
https://tools-ai.cn/tag/快手数据,https://tools-ai.cn/tag/%E5%BF%AB%E6%89%8B%E6%95%B0%E6%8D%AE,tools-ai.cn,快手数据-AI工具导航 | AI工具大全，国内外AI工具一站式导航网站,其他外部来源,身份权威性未知,所有者未核实,False,False,,图文/网页,推荐/对比/清单,数据工具/分析,False,1,1,1,
https://tools-ai.cn/tag/抖音直播,https://tools-ai.cn/tag/%E6%8A%96%E9%9F%B3%E7%9B%B4%E6%92%AD,tools-ai.cn,抖音直播-AI工具导航 | AI工具大全，国内外AI工具一站式导航网站,其他外部来源,身份权威性未知,所有者未核实,False,False,,图文/网页,推荐/对比/清单,直播运营,False,1,1,1,
https://tools-ai.cn/tag/数据分析?page=2,https://tools-ai.cn/tag/%E6%95%B0%E6%8D%AE%E5%88%86%E6%9E%90?page=2,tools-ai.cn,数据分析-AI工具导航 | AI工具大全，国内外AI工具一站式导航网站,其他外部来源,身份权威性未知,所有者未核实,False,False,,图文/网页,推荐/对比/清单,数据工具/分析,False,1,1,1,
https://topai.tools/s/tiktok-shop-analysis,https://topai.tools/s/tiktok-shop-analysis,topai.tools,Tiktok Shop Analysis,其他外部来源,身份权威性未知,所有者未核实,False,False,,图文/网页,说明/其他,综合运营/其他,False,1,1,1,
https://m.toutiao.com/group/6748352974331838988,https://m.toutiao.com/group/6748352974331838988,toutiao.com,抖音、快手做号遇见问题的解决思路你会吗?(下)_李院长带你写爆款文案,字节/头条系其他,平台或产品来源,字节跳动/头条系,True,False,,图文/网页,案例/复盘,综合运营/其他,False,1,1,1,
https://m.toutiao.com/group/7068101553437065758,https://m.toutiao.com/group/7068101553437065758,toutiao.com,哪些国潮“神器”能打开抖音电商新世界?_钱皓,字节/头条系其他,平台或产品来源,字节跳动/头条系,True,False,,图文/网页,说明/其他,综合运营/其他,False,1,1,1,
https://m.toutiao.com/group/7072919229120414220,https://m.toutiao.com/group/7072919229120414220,toutiao.com,100个抖音直播必须懂的名词_运营王不二,字节/头条系其他,平台或产品来源,字节跳动/头条系,True,False,,图文/网页,说明/其他,直播运营,False,1,1,1,
https://m.toutiao.com/group/7102992615926137348,https://m.toutiao.com/group/7102992615926137348,toutiao.com,抖音电商是个筐，什么都想往里装_人人都是产品经理,字节/头条系其他,平台或产品来源,字节跳动/头条系,True,False,,图文/网页,说明/其他,综合运营/其他,False,1,1,1,
https://m.toutiao.com/group/7157873934087455240,https://m.toutiao.com/group/7157873934087455240,toutiao.com,彭壮:抖音直播电商罗盘数据透视分析诊断(第10期:自然流起号)_彭壮403813,字节/头条系其他,平台或产品来源,字节跳动/头条系,True,False,,图文/网页,方法论/策略,直播运营,True,1,1,1,
https://m.toutiao.com/group/7171985805966295604,https://m.toutiao.com/group/7171985805966295604,toutiao.com,抖音电商搜索怎么做?看新锐品牌如何通过搜索获得确定性增长_浪潮新消费,字节/头条系其他,平台或产品来源,字节跳动/头条系,True,False,,图文/网页,教程/操作指南,综合运营/其他,True,1,1,1,
https://m.toutiao.com/group/7225557606964822580,https://m.toutiao.com/group/7225557606964822580,toutiao.com,抖音电商:万亿GMV的背后_人人都是产品经理,字节/头条系其他,平台或产品来源,字节跳动/头条系,True,False,,图文/网页,说明/其他,综合运营/其他,False,1,1,1,
https://m.toutiao.com/group/7281651154562548276,https://m.toutiao.com/group/7281651154562548276,toutiao.com,推荐5个抖音官方的免费账号监测工具，超级实用，让数据裸奔!_卡布奇洛,字节/头条系其他,平台或产品来源,字节跳动/头条系,True,False,,图文/网页,推荐/对比/清单,数据工具/分析,False,1,1,1,
https://m.toutiao.com/group/7356457110307373605,https://m.toutiao.com/group/7356457110307373605,toutiao.com,抖音:搜索一响，黄金万两_第一财经,字节/头条系其他,平台或产品来源,字节跳动/头条系,True,False,,图文/网页,说明/其他,综合运营/其他,False,1,1,1,
https://m.toutiao.com/group/7356495212459393587,https://m.toutiao.com/group/7356495212459393587,toutiao.com,一文通俗读懂巨量引擎全部产品_王智远,字节/头条系其他,平台或产品来源,字节跳动/头条系,True,False,,图文/网页,说明/其他,综合运营/其他,False,1,1,1,
https://m.toutiao.com/group/7400354750820139520,https://m.toutiao.com/group/7400354750820139520,toutiao.com,抖音电商，困在流量怪圈里_钛媒体APP,字节/头条系其他,平台或产品来源,字节跳动/头条系,True,False,,图文/网页,说明/其他,综合运营/其他,False,1,1,1,
https://m.toutiao.com/group/7403647077034607156,https://m.toutiao.com/group/7403647077034607156,toutiao.com,「新品破10单扶持」助力商家高效运营，打造爆款新品_抖音电商商家经营指南,字节/头条系其他,平台或产品来源,字节跳动/头条系,True,False,,图文/网页,教程/操作指南,综合运营/其他,True,1,1,1,
https://m.toutiao.com/group/7417798727102677545,https://m.toutiao.com/group/7417798727102677545,toutiao.com,带货主播频翻车:网红在抖音电商尾大不掉_钛媒体APP,字节/头条系其他,平台或产品来源,字节跳动/头条系,True,False,,图文/网页,说明/其他,达人/带货,False,1,1,1,
https://m.toutiao.com/group/7517110665019097612,https://m.toutiao.com/group/7517110665019097612,toutiao.com,抖音电商的“生死时速”:既要规模，又要质量?_人人都是产品经理,字节/头条系其他,平台或产品来源,字节跳动/头条系,True,False,,图文/网页,说明/其他,综合运营/其他,False,1,1,1,
https://m.toutiao.com/group/7525687392817365543,https://m.toutiao.com/group/7525687392817365543,toutiao.com,抖音算法审计的指标体系_再建巴别塔,字节/头条系其他,平台或产品来源,字节跳动/头条系,True,False,,图文/网页,方法论/策略,综合运营/其他,True,1,1,1,
https://m.toutiao.com/group/7577597505148322338,https://m.toutiao.com/group/7577597505148322338,toutiao.com,抖店停流 / 体验分暴跌?别只怪品!4 类 “抖店生态链关联” 正在踩雷_丁卯小课堂,字节/头条系其他,平台或产品来源,字节跳动/头条系,True,False,,图文/网页,说明/其他,店铺/商品/商城,False,1,1,1,
https://m.toutiao.com/group/7578912649598255657,https://m.toutiao.com/group/7578912649598255657,toutiao.com,Gemini3+飞书多维表格，批量扒抖音爆款&自动二创，太爽了!_人人都是产品经理,字节/头条系其他,平台或产品来源,字节跳动/头条系,True,False,,图文/网页,案例/复盘,综合运营/其他,False,1,1,1,
https://m.toutiao.com/group/7586971190209430050,https://m.toutiao.com/group/7586971190209430050,toutiao.com,作品没人看却涨“僵尸粉”?小心你的账号“虚胖”了!_夜思明月,字节/头条系其他,平台或产品来源,字节跳动/头条系,True,False,,图文/网页,说明/其他,综合运营/其他,False,1,1,1,
https://m.toutiao.com/group/7616544458900800010,https://m.toutiao.com/group/7616544458900800010,toutiao.com,数据指标异常归因排查 SOP_人人都是产品经理,字节/头条系其他,平台或产品来源,字节跳动/头条系,True,False,,图文/网页,方法论/策略,数据工具/分析,True,1,1,1,
https://m.toutiao.com/group/7618043358115578411,https://m.toutiao.com/group/7618043358115578411,toutiao.com,一年花掉近6000亿!抖音超越天猫!2026中国七大消费赛道全拆解_三个皮匠报告,字节/头条系其他,平台或产品来源,字节跳动/头条系,True,False,,图文/网页,行业资讯/报告,综合运营/其他,False,1,1,1,
https://m.toutiao.com/group/7621116606064493094,https://m.toutiao.com/group/7621116606064493094,toutiao.com,为什么你的竞品分析总被吐槽“没用”?_人人都是产品经理,字节/头条系其他,平台或产品来源,字节跳动/头条系,True,False,,图文/网页,说明/其他,数据工具/分析,False,1,1,1,
https://m.toutiao.com/group/7628544931296035338,https://m.toutiao.com/group/7628544931296035338,toutiao.com,抖音直播投流精准定向的3步数据侦察法_蝉妈妈电商增长,字节/头条系其他,平台或产品来源,字节跳动/头条系,True,False,,图文/网页,案例/复盘,直播运营,False,1,1,1,蝉妈妈电商增长
https://m.toutiao.com/group/7631491581308142090,https://m.toutiao.com/group/7631491581308142090,toutiao.com,抖音直播间流量联动打法:4步提升自然流量60%_电商数据观察员,字节/头条系其他,平台或产品来源,字节跳动/头条系,True,False,,图文/网页,说明/其他,直播运营,False,1,1,1,
https://m.toutiao.com/group/7644338137900106266,https://m.toutiao.com/group/7644338137900106266,toutiao.com,花钱推流没人下单?直播投流看这几个指标就够了_学习成为习惯123,字节/头条系其他,平台或产品来源,字节跳动/头条系,True,False,,图文/网页,方法论/策略,直播运营,True,1,1,1,
https://m.toutiao.com/group/7646357503663489546,https://m.toutiao.com/group/7646357503663489546,toutiao.com,抖音投流ROI怎么算?3步打通数据提升转化_电商数据观察员,字节/头条系其他,平台或产品来源,字节跳动/头条系,True,False,,图文/网页,教程/操作指南,广告投放,True,1,1,1,
https://m.toutiao.com/group/7650426794764190251,https://m.toutiao.com/group/7650426794764190251,toutiao.com,千川投手如何拆解直播间自然流付费流占比?实操指南_蝉妈妈电商增长,字节/头条系其他,平台或产品来源,字节跳动/头条系,True,False,,图文/网页,教程/操作指南,直播运营,True,1,1,1,
https://m.toutiao.com/group/7654483556848173610,https://m.toutiao.com/group/7654483556848173610,toutiao.com,抖音竞品全域动态怎么自动监控预警?手把手教你快速上手!_电商数据观察员,字节/头条系其他,平台或产品来源,字节跳动/头条系,True,False,,图文/网页,教程/操作指南,数据工具/分析,True,1,1,1,
https://m.toutiao.com/group/7656857036143034922,https://m.toutiao.com/group/7656857036143034922,toutiao.com,千川投手最值钱的能力，不是调计划，而是判断素材什么时候该死_职场心得集,字节/头条系其他,平台或产品来源,字节跳动/头条系,True,False,,图文/网页,说明/其他,广告投放,False,1,1,1,
https://m.toutiao.com/group/7658582790123815464,https://m.toutiao.com/group/7658582790123815464,toutiao.com,抖音本地推优化技巧_阿吉SEM,字节/头条系其他,平台或产品来源,字节跳动/头条系,True,False,,图文/网页,说明/其他,综合运营/其他,False,1,1,1,
https://m.toutiao.com/group/7660828585254519334,https://m.toutiao.com/group/7660828585254519334,toutiao.com,用工具自动核算利润，2026年抖店店群数据复盘完整方法_白糖罂,字节/头条系其他,平台或产品来源,字节跳动/头条系,True,False,,图文/网页,推荐/对比/清单,店铺/商品/商城,False,1,1,1,
https://m.toutiao.com/group/7661840198019465774,https://m.toutiao.com/group/7661840198019465774,toutiao.com,美妆店铺竞品运营逻辑怎么拆解?4个维度还原增长策略_蝉妈妈电商增长,字节/头条系其他,平台或产品来源,字节跳动/头条系,True,False,,图文/网页,教程/操作指南,店铺/商品/商城,True,1,1,1,蝉妈妈电商增长
https://m.toutiao.com/group/7662193062344442395,https://m.toutiao.com/group/7662193062344442395,toutiao.com,中小商家开通蝉妈妈基础会员值不值?选品运营3步判断性价比_蝉妈妈电商增长,字节/头条系其他,平台或产品来源,字节跳动/头条系,True,False,,图文/网页,案例/复盘,店铺/商品/商城,False,1,1,1,
https://m.toutiao.com/group/7662230113576174132,https://m.toutiao.com/group/7662230113576174132,toutiao.com,从降成本到提升结算率，抖音电商公布二季度商家扶持政策进展_南方都市报,字节/头条系其他,平台或产品来源,字节跳动/头条系,True,False,,图文/网页,说明/其他,综合运营/其他,False,1,1,1,
https://m.toutiao.com/group/7662693671950631467,https://m.toutiao.com/group/7662693671950631467,toutiao.com,抖店新手开店答疑:第三方上货工具是否存在账号密码泄露风险_禹州融媒,字节/头条系其他,平台或产品来源,字节跳动/头条系,True,False,,图文/网页,推荐/对比/清单,店铺/商品/商城,False,1,1,1,
https://m.toutiao.com/group/7663035273856516644,https://m.toutiao.com/group/7663035273856516644,toutiao.com,抖店商品诊断优化全攻略:无货源小白开店副业运营必备实操指南_新鲜寿光,字节/头条系其他,平台或产品来源,字节跳动/头条系,True,False,,图文/网页,教程/操作指南,店铺/商品/商城,True,1,1,1,
https://m.toutiao.com/group/7663381100152881664,https://m.toutiao.com/group/7663381100152881664,toutiao.com,千川素材卷到「血海」了，为什么一个视频能跑出5000万GMV?_有米有数,字节/头条系其他,平台或产品来源,字节跳动/头条系,True,False,,图文/网页,说明/其他,广告投放,False,1,1,1,
https://m.toutiao.com/group/7664236044246467087,https://m.toutiao.com/group/7664236044246467087,toutiao.com,2026抖店运营工具怎么分类?流量货源客服数据分析指南_定州融媒,字节/头条系其他,平台或产品来源,字节跳动/头条系,True,False,,图文/网页,教程/操作指南,店铺/商品/商城,True,1,1,1,
https://m.toutiao.com/group/7664782916257333811,https://m.toutiao.com/group/7664782916257333811,toutiao.com,2026深圳10人以上抖店工作室标准化协作管理落地方案_勇敢的船帆pIt8F4c,字节/头条系其他,平台或产品来源,字节跳动/头条系,True,False,,图文/网页,说明/其他,店铺/商品/商城,False,1,1,1,
https://m.toutiao.com/group/7665608865425179155,https://m.toutiao.com/group/7665608865425179155,toutiao.com,详解抖店免费工具和付费工具区别，新店不同阶段抖掌柜搭配方案_南谯综合广播,字节/头条系其他,平台或产品来源,字节跳动/头条系,True,False,,图文/网页,推荐/对比/清单,店铺/商品/商城,False,1,1,1,
https://m.toutiao.com/group/7666837763433546250,https://m.toutiao.com/group/7666837763433546250,toutiao.com,聚链融解析:千川投放花钱却没效果?_聚链融,字节/头条系其他,平台或产品来源,字节跳动/头条系,True,False,,图文/网页,说明/其他,广告投放,False,1,1,1,
https://m.toutiao.com/group/7667144797869621802,https://m.toutiao.com/group/7667144797869621802,toutiao.com,账号突然没流量、播放卡在几百?不是账号废了!3步自查限流_一站式人工智能服务,字节/头条系其他,平台或产品来源,字节跳动/头条系,True,False,,图文/网页,说明/其他,综合运营/其他,False,1,1,1,
https://m.toutiao.com/group/7667404518551863871,https://m.toutiao.com/group/7667404518551863871,toutiao.com,抖掌柜实操:2026抖店一键上货完整流程+新手抖店一键下单工具选择技巧_十堰广播电视台,字节/头条系其他,平台或产品来源,字节跳动/头条系,True,False,,图文/网页,推荐/对比/清单,店铺/商品/商城,False,1,1,1,
https://m.toutiao.com/group/7667462088456929801,https://m.toutiao.com/group/7667462088456929801,toutiao.com,抖店商品合规自检工具怎么选?免费与付费检测_德州市广播电视台,字节/头条系其他,平台或产品来源,字节跳动/头条系,True,False,,图文/网页,教程/操作指南,店铺/商品/商城,True,1,1,1,
https://m.toutiao.com/group/7667492888519754255,https://m.toutiao.com/group/7667492888519754255,toutiao.com,新手抖音小店一键铺货总违规限流，合规铺货正确操作方法_冀时新闻,字节/头条系其他,平台或产品来源,字节跳动/头条系,True,False,,图文/网页,教程/操作指南,综合运营/其他,True,1,1,1,
https://m.toutiao.com/group/7667792726889939496,https://m.toutiao.com/group/7667792726889939496,toutiao.com,品牌商家如何用蝉妈妈选品?4步规划货盘_蝉妈妈电商增长,字节/头条系其他,平台或产品来源,字节跳动/头条系,True,False,,图文/网页,教程/操作指南,店铺/商品/商城,True,1,1,1,
https://m.toutiao.com/group/7668618682783908371,https://m.toutiao.com/group/7668618682783908371,toutiao.com,报表 BI 工具实测:上手难度、数据对接能力盘点_成熟奶茶,字节/头条系其他,平台或产品来源,字节跳动/头条系,True,False,,图文/网页,推荐/对比/清单,数据工具/分析,False,1,1,1,
https://m.toutiao.com/group/7668631072951763475,https://m.toutiao.com/group/7668631072951763475,toutiao.com,上半年公募基金视频号运营数据洞察:差异化IP栏目构筑竞争壁垒_新浪财经,字节/头条系其他,平台或产品来源,字节跳动/头条系,True,False,,图文/网页,行业资讯/报告,短视频内容,False,1,1,1,
https://m.toutiao.com/group/7669245025570325018,https://m.toutiao.com/group/7669245025570325018,toutiao.com,一键下单辅助工具:抖掌柜核心功能、使用方法与选择指南_看郑州,字节/头条系其他,平台或产品来源,字节跳动/头条系,True,False,,图文/网页,教程/操作指南,数据工具/分析,True,1,1,1,
https://m.toutiao.com/group/7669608919257449012,https://m.toutiao.com/group/7669608919257449012,toutiao.com,如何避免抖店商品上架违规?图片标题 抖掌柜AI提前 预检 2026 最新合规指南_云上梯田和美元阳,字节/头条系其他,平台或产品来源,字节跳动/头条系,True,False,,图文/网页,教程/操作指南,店铺/商品/商城,True,1,1,1,
https://m.toutiao.com/group/7669617915062190632,https://m.toutiao.com/group/7669617915062190632,toutiao.com,美丽明天首播登顶 直播电商迎三足新格局_深蓝数据官,字节/头条系其他,平台或产品来源,字节跳动/头条系,True,False,,图文/网页,说明/其他,直播运营,False,1,1,1,
https://m.toutiao.com/group/7669655508694516258,https://m.toutiao.com/group/7669655508694516258,toutiao.com,东方甄选前CEO孙东旭新号完成首播，热度超与辉同行_西安晚报,字节/头条系其他,平台或产品来源,字节跳动/头条系,True,False,,图文/网页,说明/其他,综合运营/其他,False,1,1,1,
https://m.toutiao.com/group/7669713104373678598,https://m.toutiao.com/group/7669713104373678598,toutiao.com,抖音售后违规怎么查?店铺运营用蝉妈妈避坑_电商数据观察员,字节/头条系其他,平台或产品来源,字节跳动/头条系,True,False,,图文/网页,教程/操作指南,店铺/商品/商城,True,1,1,1,
https://m.toutiao.com/group/7669975460155114007,https://m.toutiao.com/group/7669975460155114007,toutiao.com,2026年7月抖音带货总榜货盘数据全面分析_一个网络工作者,字节/头条系其他,平台或产品来源,字节跳动/头条系,True,False,,图文/网页,说明/其他,达人/带货,False,1,1,1,
https://m.toutiao.com/group/7669999846627082779,https://m.toutiao.com/group/7669999846627082779,toutiao.com,抖音集团短剧创作者中心上线AI剧预检工具_中国青年网,字节/头条系其他,平台或产品来源,字节跳动/头条系,True,False,,图文/网页,推荐/对比/清单,数据工具/分析,False,1,1,1,
https://forum.trae.cn/t/topic/7391,https://forum.trae.cn/t/topic/7391,trae.cn,【More Than Coding】用 SOLO 一键生成中小企业短视频平台选择调研报告，从信息搜集到决策树输出全流程提效 - SOLO挑战赛专区 - TRAE 官方中文社区,其他外部来源,身份权威性未知,所有者未核实,False,False,,图文/网页,推荐/对比/清单,短视频内容,False,1,1,1,
https://trendsmcp.ai/blog/best-competitor-analysis-tools-2026,https://trendsmcp.ai/blog/best-competitor-analysis-tools-2026,trendsmcp.ai,Best competitor analysis tools in 2026,其他外部来源,身份权威性未知,所有者未核实,False,False,,图文/网页,说明/其他,综合运营/其他,False,1,1,1,
https://tridigiam.com/__trashed-10,https://tridigiam.com/__trashed-10,tridigiam.com,TikTok Launches AI Ad Agent: What Regulated Brands Need to Know About Automated Campaigns,其他外部来源,身份权威性未知,所有者未核实,False,False,,图文/网页,说明/其他,综合运营/其他,False,1,1,1,
https://tt123.com/feature/ttZzuHYQ,https://tt123.com/feature/ttZzuHYQ,tt123.com,数据罗盘GMV数据口径说明_TikTok Shop功能指南-TT123卖家导航,其他外部来源,身份权威性未知,所有者未核实,False,False,,图文/网页,教程/操作指南,数据工具/分析,True,1,1,1,
https://ttzdm.cn/seo/txsphtgyh/29682.html,https://ttzdm.cn/seo/txsphtgyh/29682.html,ttzdm.cn,如何通过搜索栏找到热门视频号及第三方数据分析工具(推荐)-天天资讯网,其他外部来源,身份权威性未知,所有者未核实,False,False,,图文/网页,教程/操作指南,短视频内容,True,1,1,1,
https://m.tui39.com/jd/5726.html,https://m.tui39.com/jd/5726.html,tui39.com,抖音广告【创意诊断】是什么?有哪些功能?,其他外部来源,身份权威性未知,所有者未核实,False,False,,图文/网页,方法论/策略,广告投放,True,1,1,1,
https://m.tui39.com/jd/5729.html,https://m.tui39.com/jd/5729.html,tui39.com,抖音广告【受众分析】产品手册,其他外部来源,身份权威性未知,所有者未核实,False,False,,图文/网页,教程/操作指南,广告投放,True,1,1,1,
https://tui39.com/d/jd/5342.html,https://tui39.com/d/jd/5342.html,tui39.com,「巨量算数」常见问题 | 巨量引擎广告平台,其他外部来源,身份权威性未知,所有者未核实,False,False,,图文/网页,推荐/对比/清单,广告投放,False,1,1,1,
https://tuokeba.com/jingyan/677.html,https://tuokeba.com/jingyan/677.html,tuokeba.com,抖音号突然被判定“爬虫”永久封禁?最近中招的太多了，我总结了原因和解决办法 - 拓客吧,其他外部来源,身份权威性未知,所有者未核实,False,False,,图文/网页,说明/其他,综合运营/其他,False,1,1,1,
https://tup.com.cn/upload/books/yz/084686-01.pdf,https://tup.com.cn/upload/books/yz/084686-01.pdf,tup.com.cn,工具：新媒体电商数据分析的常用工具集合,其他外部来源,身份权威性未知,所有者未核实,False,False,,PDF/图文报告,推荐/对比/清单,数据工具/分析,False,1,1,1,
https://tup.com.cn/upload/books/yz/096186-02.pdf,https://tup.com.cn/upload/books/yz/096186-02.pdf,tup.com.cn,抖音电商从入门到精通:选品策略+爆款文案+客服话术+用户体验,其他外部来源,身份权威性未知,所有者未核实,False,False,,PDF/图文报告,教程/操作指南,店铺/商品/商城,True,1,1,1,
https://ugcscan.com/,https://ugcscan.com/,ugcscan.com,UGCscan,其他外部来源,身份权威性未知,所有者未核实,False,False,,图文/网页,说明/其他,综合运营/其他,False,1,1,1,
https://qc.uliangtech.com/,https://qc.uliangtech.com/,uliangtech.com,千管家_巨量千川推广投放助手，智能高效广告批量投放工具,其他外部来源,身份权威性未知,所有者未核实,False,False,,图文/网页,推荐/对比/清单,广告投放,False,1,1,1,
https://urbanads.media/2026/01/22/tiktok-turns-to-pixels-to-show-advertisers-what-happens-beyond-its-walled-garden,https://urbanads.media/2026/01/22/tiktok-turns-to-pixels-to-show-advertisers-what-happens-beyond-its-walled-garden,urbanads.media,TikTok Turns to Pixels to Show Advertisers What Happens Beyond Its Walled Garden,其他外部来源,身份权威性未知,所有者未核实,False,False,,图文/网页,说明/其他,综合运营/其他,False,1,1,1,
https://vientianeark.cn/qa/182748.html,https://vientianeark.cn/qa/182748.html,vientianeark.cn,抖音的数据分析怎么没有了 • 万象方舟,其他外部来源,身份权威性未知,所有者未核实,False,False,,图文/网页,教程/操作指南,数据工具/分析,True,1,1,1,
https://vientianeark.cn/qa/198283.html,https://vientianeark.cn/qa/198283.html,vientianeark.cn,抖音怎么做付费数据分析 • 万象方舟,其他外部来源,身份权威性未知,所有者未核实,False,False,,图文/网页,教程/操作指南,数据工具/分析,True,1,1,1,
https://vientianeark.cn/qa/217139.html,https://vientianeark.cn/qa/217139.html,vientianeark.cn,抖音视频怎么没有数据分析 • 万象方舟,其他外部来源,身份权威性未知,所有者未核实,False,False,,图文/网页,教程/操作指南,短视频内容,True,1,1,1,
https://vientianeark.cn/qa/280345.html,https://vientianeark.cn/qa/280345.html,vientianeark.cn,数据分析中为什么没有抖音的数据 • 万象方舟,其他外部来源,身份权威性未知,所有者未核实,False,False,,图文/网页,说明/其他,数据工具/分析,False,1,1,1,
https://vientianeark.cn/qa/283871.html,https://vientianeark.cn/qa/283871.html,vientianeark.cn,抖音里面数据分析公式是什么 • 万象方舟,其他外部来源,身份权威性未知,所有者未核实,False,False,,图文/网页,说明/其他,数据工具/分析,False,1,1,1,
https://vientianeark.cn/qa/306408.html,https://vientianeark.cn/qa/306408.html,vientianeark.cn,用什么看抖音后台数据分析 • 万象方舟,其他外部来源,身份权威性未知,所有者未核实,False,False,,图文/网页,说明/其他,数据工具/分析,False,1,1,1,
https://vientianeark.cn/qa/338806.html,https://vientianeark.cn/qa/338806.html,vientianeark.cn,官方抖音数据分析工具是什么 • 万象方舟,其他外部来源,身份权威性未知,所有者未核实,False,False,,图文/网页,推荐/对比/清单,数据工具/分析,False,1,1,1,
https://vientianeark.cn/qa/339785.html,https://vientianeark.cn/qa/339785.html,vientianeark.cn,抖音数据分析为什么无权限 • 万象方舟,其他外部来源,身份权威性未知,所有者未核实,False,False,,图文/网页,说明/其他,数据工具/分析,False,1,1,1,
https://vientianeark.cn/qa/440415.html,https://vientianeark.cn/qa/440415.html,vientianeark.cn,哪些网站是抖音数据分析的 • 万象方舟,其他外部来源,身份权威性未知,所有者未核实,False,False,,图文/网页,说明/其他,数据工具/分析,False,1,1,1,
https://vientianeark.cn/qa/449575.html,https://vientianeark.cn/qa/449575.html,vientianeark.cn,免费抖音数据分析网站有哪些 • 万象方舟,其他外部来源,身份权威性未知,所有者未核实,False,False,,图文/网页,说明/其他,数据工具/分析,False,1,1,1,
https://vientianeark.cn/qa/449942.html,https://vientianeark.cn/qa/449942.html,vientianeark.cn,抖音官方查看数据分析用哪些网站 • 万象方舟,其他外部来源,身份权威性未知,所有者未核实,False,False,,图文/网页,说明/其他,数据工具/分析,False,1,1,1,
https://vientianeark.cn/qa/456831.html,https://vientianeark.cn/qa/456831.html,vientianeark.cn,抖音免费分析数据网站是什么 • 万象方舟,其他外部来源,身份权威性未知,所有者未核实,False,False,,图文/网页,说明/其他,数据工具/分析,False,1,1,1,
https://vientianeark.cn/qa/531646.html,https://vientianeark.cn/qa/531646.html,vientianeark.cn,抖音信息流怎么查数据来源 • 万象方舟,其他外部来源,身份权威性未知,所有者未核实,False,False,,图文/网页,教程/操作指南,数据工具/分析,True,1,1,1,
https://viibeo.com/blog/tiktok-vs-reels-vs-shorts-2026,https://viibeo.com/blog/tiktok-vs-reels-vs-shorts-2026,viibeo.com,TikTok vs Instagram Reels vs YouTube Shorts: Which Platform to Focus on in 2026?,其他外部来源,身份权威性未知,所有者未核实,False,False,,图文/网页,说明/其他,综合运营/其他,False,1,1,1,
https://viral.new/blog/how-to-check-tiktok-analytics,https://viral.new/blog/how-to-check-tiktok-analytics,viral.new,How to Check TikTok Analytics a Guide to Real Growth,其他外部来源,身份权威性未知,所有者未核实,False,False,,图文/网页,说明/其他,综合运营/其他,False,1,1,1,
https://viral.new/blog/tiktok-competitor-analysis,https://viral.new/blog/tiktok-competitor-analysis,viral.new,A Guide to TikTok Competitor Analysis That Actually Works,其他外部来源,身份权威性未知,所有者未核实,False,False,,图文/网页,说明/其他,综合运营/其他,False,1,1,1,
https://developer.volcengine.com/articles/7538286452334198847,https://developer.volcengine.com/articles/7538286452334198847,volcengine.com,扣子Coze智能体实战:自动化拆解抖音对标账号，输出完整分析报告(喂饭级教程) - 文章 - 开发者社区 - 火山引擎,字节/头条系其他,平台或产品来源,字节跳动/头条系,True,False,,图文/网页,教程/操作指南,数据工具/分析,True,1,1,1,
https://developer.volcengine.com/articles/7538384999754514468,https://developer.volcengine.com/articles/7538384999754514468,volcengine.com,扣子Coze实战:零基础搭建数据分析智能体，1分钟完成复盘，流量翻10倍 - 文章 - 开发者社区 - 火山引擎,字节/头条系其他,平台或产品来源,字节跳动/头条系,True,False,,图文/网页,案例/复盘,数据工具/分析,False,1,1,1,
https://developer.volcengine.com/articles/7574351110803030066,https://developer.volcengine.com/articles/7574351110803030066,volcengine.com,同行用麦擎Ai轻松管理500+账号 我悟了… - 文章 - 开发者社区 - 火山引擎,字节/头条系其他,平台或产品来源,字节跳动/头条系,True,False,,图文/网页,说明/其他,综合运营/其他,False,1,1,1,
https://volcengine.com/article/39135,https://volcengine.com/article/39135,volcengine.com,联网搜索竞品分析最佳工具 | 火山引擎AI智能体解决方案,字节/头条系其他,平台或产品来源,字节跳动/头条系,True,False,,图文/网页,推荐/对比/清单,数据工具/分析,False,1,1,1,
https://volcengine.com/article/41610,https://volcengine.com/article/41610,volcengine.com,Seedance 2.0+抖音电商:生态协同下的商家增长新路径,字节/头条系其他,平台或产品来源,字节跳动/头条系,True,False,,图文/网页,案例/复盘,综合运营/其他,False,1,1,1,
https://volcengine.com/article/43459,https://volcengine.com/article/43459,volcengine.com,Seedance 2.0与抖音创作者中心:创作者工具全对比,字节/头条系其他,平台或产品来源,字节跳动/头条系,True,False,,图文/网页,推荐/对比/清单,数据工具/分析,False,1,1,1,
https://volcengine.com/docs/85637/1588306?lang=zh,https://volcengine.com/docs/85637/1588306?lang=zh,volcengine.com,巨量引擎/巨量千川--数据智能体-火山引擎,字节/头条系其他,平台或产品来源,字节跳动/头条系,True,False,,图文/网页,说明/其他,广告投放,False,1,1,1,
https://volcengine.com/docs/86403/1829773,https://volcengine.com/docs/86403/1829773,volcengine.com,巨量引擎/巨量千川--智能数据洞察 DataWind-火山引擎,字节/头条系其他,平台或产品来源,字节跳动/头条系,True,False,,图文/网页,行业资讯/报告,广告投放,False,1,1,1,
https://m.wandoujia.com/apps/8129245/history_v192,https://m.wandoujia.com/apps/8129245/history_v192,wandoujia.com,2026飞瓜数据v1.9.2老旧历史版本安装包官方免费下载_豌豆荚,其他外部来源,身份权威性未知,所有者未核实,False,False,,图文/网页,说明/其他,数据工具/分析,False,1,1,1,
https://m.wandoujia.com/apps/8129245/history_v193,https://m.wandoujia.com/apps/8129245/history_v193,wandoujia.com,2026飞瓜数据v1.9.3老旧历史版本安装包官方免费下载_豌豆荚,其他外部来源,身份权威性未知,所有者未核实,False,False,,图文/网页,说明/其他,数据工具/分析,False,1,1,1,
https://m.wangdian.cn/special/58564,https://m.wangdian.cn/special/58564,wangdian.cn,抖音电商罗盘入口-慧策旺店通,其他外部来源,身份权威性未知,所有者未核实,False,False,,图文/网页,说明/其他,综合运营/其他,False,1,1,1,
https://assets-global.website-files.com/68387dfc8eafe742b07af7f7/689c486fadcf72777c71f7c6_pexilisotazegoxarar.pdf,https://assets-global.website-files.com/68387dfc8eafe742b07af7f7/689c486fadcf72777c71f7c6_pexilisotazegoxarar.pdf,website-files.com,抖查查、灰豚数据、小红书版和快手版数据监控和营销管理服务对比,其他外部来源,身份权威性未知,所有者未核实,False,False,,PDF/图文报告,推荐/对比/清单,数据工具/分析,False,1,1,1,
https://welegal.net/nd.jsp?id=395,https://welegal.net/nd.jsp?id=395,welegal.net,从抖音诉六界案看数据抓取的合规风险 - WELEGAL法盟,其他外部来源,身份权威性未知,所有者未核实,False,False,,图文/网页,说明/其他,数据工具/分析,False,1,1,1,
https://woshipm.com/ai/6421174.html,https://woshipm.com/ai/6421174.html,woshipm.com,用AI拆解对标账号，从选题到变现5个维度全流程，都整理好在这里了 | 人人都是产品经理,社区/博客/问答,UGC/专业社区,外部平台,False,False,,图文/网页,说明/其他,综合运营/其他,False,1,1,1,
https://woshipm.com/data-analysis/3692078.html,https://woshipm.com/data-analysis/3692078.html,woshipm.com,产品经理如何有效避开数据分析常见的坑? | 人人都是产品经理,社区/博客/问答,UGC/专业社区,外部平台,False,False,,图文/网页,教程/操作指南,数据工具/分析,True,1,1,1,
https://woshipm.com/data-analysis/5328831.html,https://woshipm.com/data-analysis/5328831.html,woshipm.com,干货:常见数据指标的内在联系和应用【入门篇】(配抖音案例解析) | 人人都是产品经理,社区/博客/问答,UGC/专业社区,外部平台,False,False,,图文/网页,教程/操作指南,数据工具/分析,True,1,1,1,
https://woshipm.com/evaluating/6130015.html,https://woshipm.com/evaluating/6130015.html,woshipm.com,抖音 TIKTOK 产品分析 | 人人都是产品经理,社区/博客/问答,UGC/专业社区,外部平台,False,False,,图文/网页,说明/其他,数据工具/分析,False,1,1,1,
https://woshipm.com/it/5696105.html,https://woshipm.com/it/5696105.html,woshipm.com,抖音“点赞”黑产产业链介绍 | 人人都是产品经理,社区/博客/问答,UGC/专业社区,外部平台,False,False,,图文/网页,说明/其他,综合运营/其他,False,1,1,1,
https://woshipm.com/pmd/3296031.html,https://woshipm.com/pmd/3296031.html,woshipm.com,数据扫盲(1):我们常说的DAU、MAU是啥? | 人人都是产品经理,社区/博客/问答,UGC/专业社区,外部平台,False,False,,图文/网页,说明/其他,数据工具/分析,False,1,1,1,
https://woshipm.com/pmd/3296031.html/comment-page-1,https://woshipm.com/pmd/3296031.html/comment-page-1,woshipm.com,数据扫盲(1):我们常说的DAU、MAU是啥? | 人人都是产品经理,社区/博客/问答,UGC/专业社区,外部平台,False,False,,图文/网页,说明/其他,数据工具/分析,False,1,1,1,
https://woshipm.com/share/5929612.html,https://woshipm.com/share/5929612.html,woshipm.com,数据分析平台拆解——MCN数据分析平台(2/4) | 人人都是产品经理,社区/博客/问答,UGC/专业社区,外部平台,False,False,,图文/网页,推荐/对比/清单,数据工具/分析,False,1,1,1,
https://woshipm.com/share/6300649.html,https://woshipm.com/share/6300649.html,woshipm.com,Gemini3+飞书多维表格，批量扒抖音爆款& 自动二创，太爽了!【喂饭级教程】 | 人人都是产品经理,社区/博客/问答,UGC/专业社区,外部平台,False,False,,图文/网页,教程/操作指南,综合运营/其他,True,1,1,1,
https://woshiqian.com/post/191938.html,https://woshiqian.com/post/191938.html,woshiqian.com,流量回放引擎，关于抖音“巨量算术”的这些问题，你都知道哪些? - 我是钱,其他外部来源,身份权威性未知,所有者未核实,False,False,,图文/网页,说明/其他,综合运营/其他,False,1,1,1,
https://woshizmt.cn/category/douyin/3137.html,https://woshizmt.cn/category/douyin/3137.html,woshizmt.cn,抖音2026短视频带货完全指南:普通人如何靠一部手机做出月销10万-人人都是自媒体,其他外部来源,身份权威性未知,所有者未核实,False,False,,图文/网页,教程/操作指南,达人/带货,True,1,1,1,
https://woshizmt.cn/m/view.php?aid=3137,https://woshizmt.cn/m/view.php?aid=3137,woshizmt.cn,抖音2026短视频带货完全指南:普通人如何靠一部手机做出月销10万-人人都是自媒体,其他外部来源,身份权威性未知,所有者未核实,False,False,,图文/网页,教程/操作指南,达人/带货,True,1,1,1,
https://wyouhua.com/case/show/1278.html,https://wyouhua.com/case/show/1278.html,wyouhua.com,千川投放数据怎么分析 ROI 与转化成本-软领Claw龙虾部署大师-有用科技官网,其他外部来源,身份权威性未知,所有者未核实,False,False,,图文/网页,教程/操作指南,广告投放,True,1,1,1,
https://m.xdowns.com/azsoft/909837.html,https://m.xdowns.com/azsoft/909837.html,xdowns.com,灰豚数据app-灰豚数据app官方正版软件最新版本免费下载-绿盟,其他外部来源,身份权威性未知,所有者未核实,False,False,,图文/网页,说明/其他,数据工具/分析,False,1,1,1,
https://insight.xiaoduoai.com/commerce-knowledge/douyin-information/how-does-the-recommendation-algorithm-of-tiktok-work-exactly-what-underlying-rules-are-hidden-in-the-goods-to-people-mechanism-of-interest-based-e-commerce.html,https://insight.xiaoduoai.com/commerce-knowledge/douyin-information/how-does-the-recommendation-algorithm-of-tiktok-work-exactly-what-underlying-rules-are-hidden-in-the-goods-to-people-mechanism-of-interest-based-e-commerce.html,xiaoduoai.com,抖音推荐算法到底怎么算?兴趣电商的”货找人”机制藏着什么底层规则? | 客服服务营销数智化洞察_晓观点,其他外部来源,身份权威性未知,所有者未核实,False,False,,图文/网页,教程/操作指南,综合运营/其他,True,1,1,1,
https://insight.xiaoduoai.com/commerce-knowledge/douyin-information/how-serious-is-the-decline-in-roi-for-qianchuans-ad-spending-why-is-it-increasingly-difficult-to-acquire-organic-traffic.html,https://insight.xiaoduoai.com/commerce-knowledge/douyin-information/how-serious-is-the-decline-in-roi-for-qianchuans-ad-spending-why-is-it-increasingly-difficult-to-acquire-organic-traffic.html,xiaoduoai.com,千川投流ROI下滑有多严重?自然流量为何越来越难获取? | 客服服务营销数智化洞察_晓观点,其他外部来源,身份权威性未知,所有者未核实,False,False,,图文/网页,行业资讯/报告,广告投放,False,1,1,1,
https://xiaoduoai.com/app/detail/app_bazhuayu__dy_Intercept_refund_orders_bazhuayu,https://xiaoduoai.com/app/detail/app_bazhuayu__dy_Intercept_refund_orders_bazhuayu,xiaoduoai.com,抖音小店已发货仅退款拦截登记机器人 | 八爪鱼 | 晓多科技,其他外部来源,身份权威性未知,所有者未核实,False,False,,图文/网页,说明/其他,综合运营/其他,False,1,1,1,
https://xiaohuanxiong.com/post/75778.html,https://xiaohuanxiong.com/post/75778.html,xiaohuanxiong.com,数据对比分析差异根因排查方法 - Raccoon-Raccoon,其他外部来源,身份权威性未知,所有者未核实,False,False,,图文/网页,推荐/对比/清单,数据工具/分析,False,1,1,1,
https://m.xiayx.com/article/835868,https://m.xiayx.com/article/835868,xiayx.com,抖音创作者中心功能详解:数据分析与运营工具_侠游戏网教程-m.xiayx.com,其他外部来源,身份权威性未知,所有者未核实,False,False,,图文/网页,教程/操作指南,数据工具/分析,True,1,1,1,
https://xingtu.cn/help-center/demander/132165,https://xingtu.cn/help-center/demander/132165,xingtu.cn,投放审核-巨量星图侧违规案例参考【千川】-星图营销服务平台,其他外部来源,身份权威性未知,所有者未核实,False,False,,图文/网页,推荐/对比/清单,广告投放,False,1,1,1,
https://xingtu.cn/help-center/demander/142935,https://xingtu.cn/help-center/demander/142935,xingtu.cn,星图流量拆分功能说明-星图营销服务平台,其他外部来源,身份权威性未知,所有者未核实,False,False,,图文/网页,推荐/对比/清单,达人/带货,False,1,1,1,
https://xinhuanet.com/tech/20251113/06430e8531d14b4088a61121cf473888/c.html,https://xinhuanet.com/tech/20251113/06430e8531d14b4088a61121cf473888/c.html,xinhuanet.com,抖音电商双11大促:超10万商家直播销售额同比翻倍-新华网,其他外部来源,身份权威性未知,所有者未核实,False,False,,图文/网页,说明/其他,直播运营,False,1,1,1,
https://xinhuanet.com/tech/20260515/e957985b460446949cf10816b893e78e/c.html,https://xinhuanet.com/tech/20260515/e957985b460446949cf10816b893e78e/c.html,xinhuanet.com,手机数码家电领券低至5折，抖音商城618大促5月15日开启-新华网,其他外部来源,身份权威性未知,所有者未核实,False,False,,图文/网页,说明/其他,店铺/商品/商城,False,1,1,1,
https://xinstall.com/article/11395,https://xinstall.com/article/11395,xinstall.com,投放效果不准怎么排查?从归因丢失到数据校对的诊断路径-Xinstall,其他外部来源,身份权威性未知,所有者未核实,False,False,,图文/网页,教程/操作指南,广告投放,True,1,1,1,
https://xinstall.com/article/11424,https://xinstall.com/article/11424,xinstall.com,多平台投放效果怎么评估?统一报表与跨平台归因实战-Xinstall,其他外部来源,身份权威性未知,所有者未核实,False,False,,图文/网页,教程/操作指南,广告投放,True,1,1,1,
https://smzs.xisence.com/,https://smzs.xisence.com/,xisence.com,社媒助手,其他外部来源,身份权威性未知,所有者未核实,False,False,,图文/网页,说明/其他,综合运营/其他,False,1,1,1,
https://xn--um0aynj27b.com/newsinfo/8261766.html,https://xn--um0aynj27b.com/newsinfo/8261766.html,xn--um0aynj27b.com,网红招商中如何有效规避数据造假风险?-金网红多语种国际商务平台,其他外部来源,身份权威性未知,所有者未核实,False,False,,图文/网页,教程/操作指南,数据工具/分析,True,1,1,1,
https://xunmei365.com/ask/3581106.html,https://xunmei365.com/ask/3581106.html,xunmei365.com,抖音电商罗盘数据授权入口在哪?怎么用?,其他外部来源,身份权威性未知,所有者未核实,False,False,,图文/网页,教程/操作指南,数据工具/分析,True,1,1,1,
https://xunmiwang.cn/593141.html,https://xunmiwang.cn/593141.html,xunmiwang.cn,抖音数据分析平台哪个最好用?_寻觅网,其他外部来源,身份权威性未知,所有者未核实,False,False,,图文/网页,推荐/对比/清单,数据工具/分析,False,1,1,1,
https://xunmiwang.cn/596076.html,https://xunmiwang.cn/596076.html,xunmiwang.cn,抖音数据查询工具哪个好用?_寻觅网,其他外部来源,身份权威性未知,所有者未核实,False,False,,图文/网页,推荐/对比/清单,数据工具/分析,False,1,1,1,
https://xunmiwang.cn/652290.html,https://xunmiwang.cn/652290.html,xunmiwang.cn,抖音流量波动正常吗?区分正常起伏与真实限流的方法_寻觅网,其他外部来源,身份权威性未知,所有者未核实,False,False,,图文/网页,方法论/策略,综合运营/其他,True,1,1,1,
https://ybwzjz.com/article/ssijio.html,https://ybwzjz.com/article/ssijio.html,ybwzjz.com,抖音账号代运营保证销量吗(用数据助力抖音账号电商决策)-宜宾大橙子建站,其他外部来源,身份权威性未知,所有者未核实,False,False,,图文/网页,说明/其他,数据工具/分析,False,1,1,1,
https://yitongweb.cn/data/douyin/beauty/live_roi,https://yitongweb.cn/data/douyin/beauty/live_roi,yitongweb.cn,抖音美妆护肤直播间投产比(千川ROI) - 2026年行业基准数据与优化建议,其他外部来源,身份权威性未知,所有者未核实,False,False,,图文/网页,行业资讯/报告,直播运营,False,1,1,1,
https://xueyuan.yixiaoer.cn/article/27493,https://xueyuan.yixiaoer.cn/article/27493,yixiaoer.cn,抖音巨量算数打开方法是什么?抖音巨量是什么?-蚁小二,其他外部来源,身份权威性未知,所有者未核实,False,False,,图文/网页,方法论/策略,综合运营/其他,True,1,1,1,
https://xueyuan.yixiaoer.cn/article/35142,https://xueyuan.yixiaoer.cn/article/35142,yixiaoer.cn,抖音购物统计数据在哪里看?购物统计数据有哪些?-蚁小二,其他外部来源,身份权威性未知,所有者未核实,False,False,,图文/网页,说明/其他,数据工具/分析,False,1,1,1,
https://xueyuan.yixiaoer.cn/article/38945,https://xueyuan.yixiaoer.cn/article/38945,yixiaoer.cn,抖音达人如何做竞品分析?竞品分析有哪些工具推荐?-蚁小二,其他外部来源,身份权威性未知,所有者未核实,False,False,,图文/网页,教程/操作指南,达人/带货,True,1,1,1,
https://xueyuan.yixiaoer.cn/article/44761,https://xueyuan.yixiaoer.cn/article/44761,yixiaoer.cn,抖音推流量一般几天不推了?不推流量了怎么办?-蚁小二,其他外部来源,身份权威性未知,所有者未核实,False,False,,图文/网页,教程/操作指南,综合运营/其他,True,1,1,1,
https://yjpoo.com/site/3350.html,https://yjpoo.com/site/3350.html,yjpoo.com,SingClaw AI:带长期记忆能力的桌面端AI数据桌面助手_映技派,其他外部来源,身份权威性未知,所有者未核实,False,False,,图文/网页,说明/其他,数据工具/分析,False,1,1,1,
https://yjpoo.com/site/4295.html,https://yjpoo.com/site/4295.html,yjpoo.com,Glodastory:TikTok+Amazon+抖音三合一跨域选品平台,其他外部来源,身份权威性未知,所有者未核实,False,False,,图文/网页,推荐/对比/清单,店铺/商品/商城,False,1,1,1,
https://yjpoo.com/site/4510.html,https://yjpoo.com/site/4510.html,yjpoo.com,热浪数据:短视频与直播电商一站式数据分析平台_扑奔PPT,其他外部来源,身份权威性未知,所有者未核实,False,False,,图文/网页,推荐/对比/清单,直播运营,False,1,1,1,
https://resources.youcloud.com/youshu/blog/3076,https://resources.youcloud.com/youshu/blog/3076,youcloud.com,我花了几十万学费才明白:如何查看其他商家的千川素材才是真正的竞争力?,其他外部来源,身份权威性未知,所有者未核实,False,False,,图文/网页,教程/操作指南,广告投放,True,1,1,1,
https://resources.youcloud.com/youshu/product_update/2736,https://resources.youcloud.com/youshu/product_update/2736,youcloud.com,有米有数网页版功能详解:从市场洞察到投放提效的全链路方案,其他外部来源,身份权威性未知,所有者未核实,False,False,,图文/网页,行业资讯/报告,广告投放,False,1,1,1,
https://res.youwant.cn/index/youwant_data_production_20211026.pdf,https://res.youwant.cn/index/youwant_data_production_20211026.pdf,youwant.cn,友望数据产品介绍,其他外部来源,身份权威性未知,所有者未核实,False,False,,PDF/图文报告,说明/其他,数据工具/分析,False,1,1,1,
https://youwant.cn/help/detail/578.html,https://youwant.cn/help/detail/578.html,youwant.cn,精准定位直播爆品、快速打造爆款上热门，这个视频号工具人手必备!,其他外部来源,身份权威性未知,所有者未核实,False,False,,图文/网页,推荐/对比/清单,直播运营,False,1,1,1,
https://help.youzan.com/displaylist/detail_26_26-2-278585,https://help.youzan.com/displaylist/detail_26_26-2-278585,youzan.com,企微运营贡献看板全新上线，算清私域运营的每一分贡献 - 帮助中心 - 有赞,其他外部来源,身份权威性未知,所有者未核实,False,False,,图文/网页,说明/其他,综合运营/其他,False,1,1,1,
https://yun88.com/news/4930.html,https://yun88.com/news/4930.html,yun88.com,让电商直播流程更顺畅!光圈智播插件使用教程(下)-云巴巴,其他外部来源,身份权威性未知,所有者未核实,False,False,,图文/网页,教程/操作指南,直播运营,True,1,1,1,
https://yun88.com/news/6653.html,https://yun88.com/news/6653.html,yun88.com,抖音新手如何选投流工具?巨量引擎/千管家/小火龙三大工具场景适配分析-云巴巴,其他外部来源,身份权威性未知,所有者未核实,False,False,,图文/网页,教程/操作指南,广告投放,True,1,1,1,
https://yunduoketang.com/study/bot16872.html,https://yunduoketang.com/study/bot16872.html,yunduoketang.com,用抖音批量私信工具犯法吗怎么处理_合规操作指南与风险规避!-AI智能客服系统-云朵课堂,其他外部来源,身份权威性未知,所有者未核实,False,False,,图文/网页,教程/操作指南,数据工具/分析,True,1,1,1,
https://yunduoketang.com/study/sxhf10565.html,https://yunduoketang.com/study/sxhf10565.html,yunduoketang.com,抖音平台客服是人工还是机器人_类型说明+咨询渠道,其他外部来源,身份权威性未知,所有者未核实,False,False,,图文/网页,推荐/对比/清单,数据工具/分析,False,1,1,1,
https://yunduoketang.com/study/sxhf14797.html,https://yunduoketang.com/study/sxhf14797.html,yunduoketang.com,抖音回复私信的软件有哪些名字呢_名称汇总!,其他外部来源,身份权威性未知,所有者未核实,False,False,,图文/网页,说明/其他,综合运营/其他,False,1,1,1,
https://yunyingpai.com/dyyy/1009537.html,https://yunyingpai.com/dyyy/1009537.html,yunyingpai.com,抖音电商运营:直播间关注流量的优化调整 – 运营派,其他外部来源,身份权威性未知,所有者未核实,False,False,,图文/网页,说明/其他,直播运营,False,1,1,1,
https://zboec.cn/index.php?c=show&id=413,https://zboec.cn/index.php?c=show&id=413,zboec.cn,抖音运营获客系统_卓博科技,其他外部来源,身份权威性未知,所有者未核实,False,False,,图文/网页,说明/其他,综合运营/其他,False,1,1,1,
https://zboec.cn/zuixinxiaoxi/420.html,https://zboec.cn/zuixinxiaoxi/420.html,zboec.cn,抖音的流量池机制是如何划分的?_卓博科技,其他外部来源,身份权威性未知,所有者未核实,False,False,,图文/网页,教程/操作指南,综合运营/其他,True,1,1,1,
https://zboec.cn/zuixinxiaoxi/575.html,https://zboec.cn/zuixinxiaoxi/575.html,zboec.cn,如何在抖音上进行AI内容创作?_卓博科技,其他外部来源,身份权威性未知,所有者未核实,False,False,,图文/网页,教程/操作指南,综合运营/其他,True,1,1,1,
https://zhiyitech.com/activity/all/1588,https://zhiyitech.com/activity/all/1588,zhiyitech.com,如何利用抖衣深挖抖音电商服装品类数据，打造爆款红人店,其他外部来源,身份权威性未知,所有者未核实,False,False,,图文/网页,教程/操作指南,数据工具/分析,True,1,1,1,
https://zhiyitech.com/activity/all/1600,https://zhiyitech.com/activity/all/1600,zhiyitech.com,如何获取与分析抖音电商服装品类数据?抖衣解决方案实测,其他外部来源,身份权威性未知,所有者未核实,False,False,,图文/网页,教程/操作指南,数据工具/分析,True,1,1,1,
https://zikanalytics.com/blog/spysales-alternatives,https://zikanalytics.com/blog/spysales-alternatives,zikanalytics.com,16 Best SpySales Alternatives & Competitors in 2026,其他外部来源,身份权威性未知,所有者未核实,False,False,,图文/网页,说明/其他,综合运营/其他,False,1,1,1,
https://weitoutiao.zjurl.cn/rogue/topic_share?concern_id=1779388603092003&prevent_activate=1,https://weitoutiao.zjurl.cn/rogue/topic_share?concern_id=1779388603092003&prevent_activate=1,zjurl.cn,#抖店对账#,其他外部来源,身份权威性未知,所有者未核实,False,False,,图文/网页,说明/其他,店铺/商品/商城,False,1,1,1,
https://weitoutiao.zjurl.cn/rogue/topic_share?concern_id=1797585203923036&prevent_activate=1,https://weitoutiao.zjurl.cn/rogue/topic_share?concern_id=1797585203923036&prevent_activate=1,zjurl.cn,#创作者干货#,其他外部来源,身份权威性未知,所有者未核实,False,False,,图文/网页,说明/其他,综合运营/其他,False,1,1,1,
https://weitoutiao.zjurl.cn/rogue/topic_share?concern_id=1809810784918963&prevent_activate=1,https://weitoutiao.zjurl.cn/rogue/topic_share?concern_id=1809810784918963&prevent_activate=1,zjurl.cn,#如何看待抖音电商流量分发机制重构#,其他外部来源,身份权威性未知,所有者未核实,False,False,,图文/网页,教程/操作指南,综合运营/其他,True,1,1,1,
https://ask.zol.com.cn/x/15958955.html,https://ask.zol.com.cn/x/15958955.html,zol.com.cn,巨量算数怎么使用?-ZOL问答,其他外部来源,身份权威性未知,所有者未核实,False,False,,图文/网页,教程/操作指南,综合运营/其他,True,1,1,1,
https://zonflip.com/the-hook-engineers-handbook-how-to-build-shoppable-videos-that-actually-stop-the-scroll-and-drive-sales,https://zonflip.com/the-hook-engineers-handbook-how-to-build-shoppable-videos-that-actually-stop-the-scroll-and-drive-sales,zonflip.com,The Hook Engineer’s Handbook: How to Build Shoppable Videos That Actually Stop the Scroll and Drive Sales,其他外部来源,身份权威性未知,所有者未核实,False,False,,图文/网页,说明/其他,综合运营/其他,False,1,1,1,
https://zunduo.cn/23798.html,https://zunduo.cn/23798.html,zunduo.cn,"抖音已重点监控会限流吗?抖音限流是什么意思,会限制流量吗-尊多创业网",其他外部来源,身份权威性未知,所有者未核实,False,False,,图文/网页,说明/其他,综合运营/其他,False,1,1,1,
https://zunxiangds.com/sys-nd/156.html,https://zunxiangds.com/sys-nd/156.html,zunxiangds.com,尊响电商:新手商家必看!抖店运营6大核心步骤大公开啦! - 我的网站,其他外部来源,身份权威性未知,所有者未核实,False,False,,图文/网页,教程/操作指南,店铺/商品/商城,True,1,1,1,
